iter,stage,total,orient_gvhmr_weight,orient_gvhmr_raw,orient_gvhmr_scaled,pose_gvhmr_weight,pose_gvhmr_raw,pose_gvhmr_scaled,height_prior_weight,height_prior_raw,height_prior_scaled,scene_intersect_weight,scene_intersect_raw,scene_intersect_scaled,human_scene_depth_weight,human_scene_depth_raw,human_scene_depth_scaled,nocontact_weight,nocontact_raw,nocontact_scaled,self_intersect_weight,self_intersect_raw,self_intersect_scaled,scene_intersect_num_scene_collision_points,scene_intersect_num_sdf_query_points,scene_intersect_num_inside_or_margin_points
1,rigid,49.38623046875,100.0,3.006854201491663e-16,3.006854201491663e-14,250.0,0.0,0.0,1.0,5.50671747784337e-12,5.50671747784337e-12,60.0,0.02626095712184906,1.5756574273109436,0.0,0.0,0.0,800.0,0.059763215482234955,47.810572385787964,0.0,0.0,0.0,700000,700000,1674
2,rigid,49.02004623413086,100.0,3.006854201491663e-16,3.006854201491663e-14,250.0,0.0,0.0,1.0,2.521856572457182e-07,2.521856572457182e-07,60.0,0.026322856545448303,1.5793713927268982,0.0,0.0,0.0,800.0,0.05930083990097046,47.44067192077637,0.0,0.0,0.0,700000,700000,1699
3,rigid,48.64434814453125,100.0,3.006854201491663e-16,3.006854201491663e-14,250.0,0.0,0.0,1.0,1.0040341749117943e-06,1.0040341749117943e-06,60.0,0.02616637386381626,1.5699824318289757,0.0,0.0,0.0,800.0,0.05884295701980591,47.07436561584473,0.0,0.0,0.0,700000,700000,1710
4,rigid,48.35445785522461,100.0,3.006854201491663e-16,3.006854201491663e-14,250.0,0.0,0.0,1.0,2.2555516352440463e-06,2.2555516352440463e-06,60.0,0.027374468743801117,1.642468124628067,0.0,0.0,0.0,800.0,0.05838998407125473,46.711987257003784,0.0,0.0,0.0,700000,700000,1740
5,rigid,47.90043258666992,100.0,3.006854201491663e-16,3.006854201491663e-14,250.0,0.0,0.0,1.0,4.006736617157003e-06,4.006736617157003e-06,60.0,0.025792861357331276,1.5475716814398766,0.0,0.0,0.0,800.0,0.057941071689128876,46.3528573513031,0.0,0.0,0.0,700000,700000,1780
6,rigid,47.55543518066406,100.0,3.006854201491663e-16,3.006854201491663e-14,250.0,0.0,0.0,1.0,6.2575909396400675e-06,6.2575909396400675e-06,60.0,0.02597358077764511,1.5584148466587067,0.0,0.0,0.0,800.0,0.057496268302202225,45.99701464176178,0.0,0.0,0.0,700000,700000,1803
7,rigid,47.17723083496094,100.0,3.006854201491663e-16,3.006854201491663e-14,250.0,0.0,0.0,1.0,9.008113920572214e-06,9.008113920572214e-06,60.0,0.025536611676216125,1.5321967005729675,0.0,0.0,0.0,800.0,0.057056277990341187,45.64502239227295,0.0,0.0,0.0,700000,700000,1835
8,rigid,46.824703216552734,100.0,3.006854201491663e-16,3.006854201491663e-14,250.0,0.0,0.0,1.0,1.222546325152507e-05,1.222546325152507e-05,60.0,0.025462020188570023,1.5277212113142014,0.0,0.0,0.0,800.0,0.056621212512254715,45.29697000980377,0.0,0.0,0.0,700000,700000,1873
9,rigid,46.472557067871094,100.0,3.006854201491663e-16,3.006854201491663e-14,250.0,0.0,0.0,1.0,1.60081654030364e-05,1.60081654030364e-05,60.0,0.025326615199446678,1.5195969119668007,0.0,0.0,0.0,800.0,0.056191179901361465,44.95294392108917,0.0,0.0,0.0,700000,700000,1915
10,rigid,46.1339225769043,100.0,3.006854201491663e-16,3.006854201491663e-14,250.0,0.0,0.0,1.0,2.0215467884554528e-05,2.0215467884554528e-05,60.0,0.025353500619530678,1.5212100371718407,0.0,0.0,0.0,800.0,0.05576586723327637,44.612693786621094,0.0,0.0,0.0,700000,700000,1947
11,rigid,45.7637939453125,100.0,3.006854201491663e-16,3.006854201491663e-14,250.0,0.0,0.0,1.0,2.5006891519296914e-05,2.5006891519296914e-05,60.0,0.024792136624455452,1.4875281974673271,0.0,0.0,0.0,800.0,0.05534530058503151,44.27624046802521,0.0,0.0,0.0,700000,700000,1960
12,rigid,45.437461853027344,100.0,3.006854201491663e-16,3.006854201491663e-14,250.0,0.0,0.0,1.0,3.025575824722182e-05,3.025575824722182e-05,60.0,0.024898754432797432,1.493925265967846,0.0,0.0,0.0,800.0,0.05492938309907913,43.943506479263306,0.0,0.0,0.0,700000,700000,1991
13,rigid,45.079288482666016,100.0,3.006854201491663e-16,3.006854201491663e-14,250.0,0.0,0.0,1.0,3.6004286812385544e-05,3.6004286812385544e-05,60.0,0.02440670318901539,1.4644021913409233,0.0,0.0,0.0,800.0,0.05451856181025505,43.61484944820404,0.0,0.0,0.0,700000,700000,2015
14,rigid,44.78476333618164,100.0,3.006854201491663e-16,3.006854201491663e-14,250.0,0.0,0.0,1.0,4.225248994771391e-05,4.225248994771391e-05,60.0,0.0249094907194376,1.494569443166256,0.0,0.0,0.0,800.0,0.054112691432237625,43.2901531457901,0.0,0.0,0.0,700000,700000,2064
15,rigid,44.42292404174805,100.0,3.006854201491663e-16,3.006854201491663e-14,250.0,0.0,0.0,1.0,4.903321678284556e-05,4.903321678284556e-05,60.0,0.024225592613220215,1.453535556793213,0.0,0.0,0.0,800.0,0.053711675107479095,42.969340085983276,0.0,0.0,0.0,700000,700000,2074
16,rigid,44.09125518798828,100.0,3.006854201491663e-16,3.006854201491663e-14,250.0,0.0,0.0,1.0,5.6283104640897363e-05,5.6283104640897363e-05,60.0,0.02398172952234745,1.438903771340847,0.0,0.0,0.0,800.0,0.05331536754965782,42.65229403972626,0.0,0.0,0.0,700000,700000,2101
17,rigid,43.78810501098633,100.0,3.006854201491663e-16,3.006854201491663e-14,250.0,0.0,0.0,1.0,6.40326616121456e-05,6.40326616121456e-05,60.0,0.024144956842064857,1.4486974105238914,0.0,0.0,0.0,800.0,0.052924178540706635,42.33934283256531,0.0,0.0,0.0,700000,700000,2137
18,rigid,43.437957763671875,100.0,3.006854201491663e-16,3.006854201491663e-14,250.0,0.0,0.0,1.0,7.236170495161787e-05,7.236170495161787e-05,60.0,0.02347668446600437,1.4086010679602623,0.0,0.0,0.0,800.0,0.052536606788635254,42.0292854309082,0.0,0.0,0.0,700000,700000,2176
19,rigid,43.12205123901367,100.0,3.006854201491663e-16,3.006854201491663e-14,250.0,0.0,0.0,1.0,8.119985432131216e-05,8.119985432131216e-05,60.0,0.02331704832613468,1.399022899568081,0.0,0.0,0.0,800.0,0.052153680473566055,41.722944378852844,0.0,0.0,0.0,700000,700000,2197
20,rigid,42.880767822265625,100.0,3.006854201491663e-16,3.006854201491663e-14,250.0,0.0,0.0,1.0,9.045780461747199e-05,9.045780461747199e-05,60.0,0.02435643970966339,1.4613863825798035,0.0,0.0,0.0,800.0,0.05177411437034607,41.419291496276855,0.0,0.0,0.0,700000,700000,2225
21,rigid,42.55891799926758,100.0,3.006854201491663e-16,3.006854201491663e-14,250.0,0.0,0.0,1.0,0.00010021541675087065,0.00010021541675087065,60.0,0.024006858468055725,1.4404115080833435,0.0,0.0,0.0,800.0,0.051398005336523056,41.118404269218445,0.0,0.0,0.0,700000,700000,2258
22,rigid,42.22509002685547,100.0,3.006854201491663e-16,3.006854201491663e-14,250.0,0.0,0.0,1.0,0.00011057136725867167,0.00011057136725867167,60.0,0.02340908907353878,1.4045453444123268,0.0,0.0,0.0,800.0,0.05102554336190224,40.82043468952179,0.0,0.0,0.0,700000,700000,2274
23,rigid,41.94900131225586,100.0,3.006854201491663e-16,3.006854201491663e-14,250.0,0.0,0.0,1.0,0.0001213846990140155,0.0001213846990140155,60.0,0.023728305473923683,1.423698328435421,0.0,0.0,0.0,800.0,0.05065647512674332,40.52518010139465,0.0,0.0,0.0,700000,700000,2310
24,rigid,41.63015365600586,100.0,3.006854201491663e-16,3.006854201491663e-14,250.0,0.0,0.0,1.0,0.00013264836161397398,0.00013264836161397398,60.0,0.02329031005501747,1.3974186033010483,0.0,0.0,0.0,800.0,0.050290752202272415,40.23260176181793,0.0,0.0,0.0,700000,700000,2331
25,rigid,41.35476303100586,100.0,3.006854201491663e-16,3.006854201491663e-14,250.0,0.0,0.0,1.0,0.00014452451432589442,0.00014452451432589442,60.0,0.023535095155239105,1.4121057093143463,0.0,0.0,0.0,800.0,0.04992813989520073,39.94251191616058,0.0,0.0,0.0,700000,700000,2367
26,rigid,41.03981018066406,100.0,3.006854201491663e-16,3.006854201491663e-14,250.0,0.0,0.0,1.0,0.0001567922008689493,0.0001567922008689493,60.0,0.02308724820613861,1.3852348923683167,0.0,0.0,0.0,800.0,0.04956802353262901,39.65441882610321,0.0,0.0,0.0,700000,700000,2406
27,rigid,40.74239730834961,100.0,3.006854201491663e-16,3.006854201491663e-14,250.0,0.0,0.0,1.0,0.0001696817926131189,0.0001696817926131189,60.0,0.022898903116583824,1.3739341869950294,0.0,0.0,0.0,800.0,0.04921036958694458,39.368295669555664,0.0,0.0,0.0,700000,700000,2426
28,rigid,40.49191665649414,100.0,3.006854201491663e-16,3.006854201491663e-14,250.0,0.0,0.0,1.0,0.00018295350309927016,0.00018295350309927016,60.0,0.023452354595065117,1.407141275703907,0.0,0.0,0.0,800.0,0.0488557368516922,39.08458948135376,0.0,0.0,0.0,700000,700000,2443
29,rigid,40.18955993652344,100.0,3.006854201491663e-16,3.006854201491663e-14,250.0,0.0,0.0,1.0,0.00019685656297951937,0.00019685656297951937,60.0,0.023105928674340248,1.3863557204604149,0.0,0.0,0.0,800.0,0.04850376024842262,38.8030081987381,0.0,0.0,0.0,700000,700000,2464
30,rigid,39.909095764160156,100.0,3.006854201491663e-16,3.006854201491663e-14,250.0,0.0,0.0,1.0,0.00021113229740876704,0.00021113229740876704,60.0,0.023093972355127335,1.38563834130764,0.0,0.0,0.0,800.0,0.04815405607223511,38.523244857788086,0.0,0.0,0.0,700000,700000,2492
31,rigid,39.5869255065918,100.0,3.006854201491663e-16,3.006854201491663e-14,250.0,0.0,0.0,1.0,0.0002261193876620382,0.0002261193876620382,60.0,0.0223515834659338,1.341095007956028,0.0,0.0,0.0,800.0,0.047807008028030396,38.245606422424316,0.0,0.0,0.0,700000,700000,2511
32,rigid,39.33207702636719,100.0,3.006854201491663e-16,3.006854201491663e-14,250.0,0.0,0.0,1.0,0.00024140150344464928,0.00024140150344464928,60.0,0.02270258031785488,1.3621548190712929,0.0,0.0,0.0,800.0,0.0474621020257473,37.96968162059784,0.0,0.0,0.0,700000,700000,2529
33,rigid,39.05742263793945,100.0,3.006854201491663e-16,3.006854201491663e-14,250.0,0.0,0.0,1.0,0.0002574844111222774,0.0002574844111222774,60.0,0.022688796743750572,1.3613278046250343,0.0,0.0,0.0,800.0,0.04711979627609253,37.69583702087402,0.0,0.0,0.0,700000,700000,2540
34,rigid,38.76780700683594,100.0,3.006854201491663e-16,3.006854201491663e-14,250.0,0.0,0.0,1.0,0.00027377528022043407,0.00027377528022043407,60.0,0.022403137758374214,1.3441882655024529,0.0,0.0,0.0,800.0,0.04677917808294296,37.42334246635437,0.0,0.0,0.0,700000,700000,2547
35,rigid,38.528079986572266,100.0,3.006854201491663e-16,3.006854201491663e-14,250.0,0.0,0.0,1.0,0.0002908058522734791,0.0002908058522734791,60.0,0.022928306832909584,1.375698409974575,0.0,0.0,0.0,800.0,0.04644011706113815,37.15209364891052,0.0,0.0,0.0,700000,700000,2528
36,rigid,38.24037170410156,100.0,3.006854201491663e-16,3.006854201491663e-14,250.0,0.0,0.0,1.0,0.0003082678304053843,0.0003082678304053843,60.0,0.022631293162703514,1.3578775897622108,0.0,0.0,0.0,800.0,0.04610273241996765,36.88218593597412,0.0,0.0,0.0,700000,700000,2555
37,rigid,38.004852294921875,100.0,3.006854201491663e-16,3.006854201491663e-14,250.0,0.0,0.0,1.0,0.00032640850986354053,0.00032640850986354053,60.0,0.023176953196525574,1.3906171917915344,0.0,0.0,0.0,800.0,0.04576738178730011,36.61390542984009,0.0,0.0,0.0,700000,700000,2562
38,rigid,37.71434783935547,100.0,3.006854201491663e-16,3.006854201491663e-14,250.0,0.0,0.0,1.0,0.0003449805954005569,0.0003449805954005569,60.0,0.022772137075662613,1.3663282245397568,0.0,0.0,0.0,800.0,0.04543459415435791,36.34767532348633,0.0,0.0,0.0,700000,700000,2559
39,rigid,37.473731994628906,100.0,3.006854201491663e-16,3.006854201491663e-14,250.0,0.0,0.0,1.0,0.0003641560033429414,0.0003641560033429414,60.0,0.023176079615950584,1.390564776957035,0.0,0.0,0.0,800.0,0.04510350152850151,36.08280122280121,0.0,0.0,0.0,700000,700000,2558
40,rigid,37.17597961425781,100.0,3.006854201491663e-16,3.006854201491663e-14,250.0,0.0,0.0,1.0,0.00038357434095814824,0.00038357434095814824,60.0,0.022602282464504242,1.3561369478702545,0.0,0.0,0.0,800.0,0.04477432370185852,35.819458961486816,0.0,0.0,0.0,700000,700000,2576
41,rigid,36.905433654785156,100.0,3.006854201491663e-16,3.006854201491663e-14,250.0,0.0,0.0,1.0,0.0004039685009047389,0.0004039685009047389,60.0,0.022460725158452988,1.3476435095071793,0.0,0.0,0.0,800.0,0.04444672912359238,35.5573832988739,0.0,0.0,0.0,700000,700000,2581
42,rigid,36.66075897216797,100.0,3.006854201491663e-16,3.006854201491663e-14,250.0,0.0,0.0,1.0,0.0004246007010806352,0.0004246007010806352,60.0,0.022728625684976578,1.3637175410985947,0.0,0.0,0.0,800.0,0.04412076994776726,35.296615958213806,0.0,0.0,0.0,700000,700000,2586
43,rigid,36.416072845458984,100.0,3.006854201491663e-16,3.006854201491663e-14,250.0,0.0,0.0,1.0,0.000446044112322852,0.000446044112322852,60.0,0.02296503074467182,1.3779018446803093,0.0,0.0,0.0,800.0,0.04379715397953987,35.0377231836319,0.0,0.0,0.0,700000,700000,2565
44,rigid,36.158668518066406,100.0,3.006854201491663e-16,3.006854201491663e-14,250.0,0.0,0.0,1.0,0.0004677111573982984,0.0004677111573982984,60.0,0.022970842197537422,1.3782505318522453,0.0,0.0,0.0,800.0,0.04347493499517441,34.779947996139526,0.0,0.0,0.0,700000,700000,2578
45,rigid,35.89069747924805,100.0,3.006854201491663e-16,3.006854201491663e-14,250.0,0.0,0.0,1.0,0.0004902036744169891,0.0004902036744169891,60.0,0.022785529494285583,1.367131769657135,0.0,0.0,0.0,800.0,0.04315384477376938,34.5230758190155,0.0,0.0,0.0,700000,700000,2574
46,rigid,35.60726547241211,100.0,3.006854201491663e-16,3.006854201491663e-14,250.0,0.0,0.0,1.0,0.000513118167873472,0.000513118167873472,60.0,0.022323356941342354,1.3394014164805412,0.0,0.0,0.0,800.0,0.04283418506383896,34.26734805107117,0.0,0.0,0.0,700000,700000,2582
47,rigid,35.391658782958984,100.0,3.006854201491663e-16,3.006854201491663e-14,250.0,0.0,0.0,1.0,0.0005365560646168888,0.0005365560646168888,60.0,0.022964442148804665,1.3778665289282799,0.0,0.0,0.0,800.0,0.042516570538282394,34.013256430625916,0.0,0.0,0.0,700000,700000,2587
48,rigid,35.130191802978516,100.0,3.006854201491663e-16,3.006854201491663e-14,250.0,0.0,0.0,1.0,0.0005605173064395785,0.0005605173064395785,60.0,0.022811518982052803,1.3686911389231682,0.0,0.0,0.0,800.0,0.04220117628574371,33.76094102859497,0.0,0.0,0.0,700000,700000,2567
49,rigid,34.87856674194336,100.0,3.006854201491663e-16,3.006854201491663e-14,250.0,0.0,0.0,1.0,0.0005853426409885287,0.0005853426409885287,60.0,0.022808244451880455,1.3684946671128273,0.0,0.0,0.0,800.0,0.04188685864210129,33.50948691368103,0.0,0.0,0.0,700000,700000,2565
50,rigid,34.625545501708984,100.0,3.006854201491663e-16,3.006854201491663e-14,250.0,0.0,0.0,1.0,0.0006103578489273787,0.0006103578489273787,60.0,0.022752735763788223,1.3651641458272934,0.0,0.0,0.0,800.0,0.041574712842702866,33.25977027416229,0.0,0.0,0.0,700000,700000,2573
51,rigid,34.37683868408203,100.0,3.006854201491663e-16,3.006854201491663e-14,250.0,0.0,0.0,1.0,0.0006361333071254194,0.0006361333071254194,60.0,0.022735776379704475,1.3641465827822685,0.0,0.0,0.0,800.0,0.04126506671309471,33.01205337047577,0.0,0.0,0.0,700000,700000,2558
52,rigid,34.13663101196289,100.0,3.006854201491663e-16,3.006854201491663e-14,250.0,0.0,0.0,1.0,0.0006624417146667838,0.0006624417146667838,60.0,0.022830845788121223,1.3698507472872734,0.0,0.0,0.0,800.0,0.04095764830708504,32.76611864566803,0.0,0.0,0.0,700000,700000,2542
53,rigid,33.86775207519531,100.0,3.006854201491663e-16,3.006854201491663e-14,250.0,0.0,0.0,1.0,0.0006895296974107623,0.0006895296974107623,60.0,0.022413169965147972,1.3447901979088783,0.0,0.0,0.0,800.0,0.040652841329574585,32.52227306365967,0.0,0.0,0.0,700000,700000,2535
54,rigid,33.61684799194336,100.0,3.006854201491663e-16,3.006854201491663e-14,250.0,0.0,0.0,1.0,0.0007169090094976127,0.0007169090094976127,60.0,0.022266684100031853,1.3360010460019112,0.0,0.0,0.0,800.0,0.040350161492824554,32.280129194259644,0.0,0.0,0.0,700000,700000,2503
55,rigid,33.43707275390625,100.0,3.006854201491663e-16,3.006854201491663e-14,250.0,0.0,0.0,1.0,0.0007450776756741107,0.0007450776756741107,60.0,0.023274431005120277,1.3964658603072166,0.0,0.0,0.0,800.0,0.040049828588962555,32.039862871170044,0.0,0.0,0.0,700000,700000,2496
56,rigid,33.119110107421875,100.0,3.006854201491663e-16,3.006854201491663e-14,250.0,0.0,0.0,1.0,0.0007737891282886267,0.0007737891282886267,60.0,0.021951431408524513,1.3170858845114708,0.0,0.0,0.0,800.0,0.0397515632212162,31.80125057697296,0.0,0.0,0.0,700000,700000,2482
57,rigid,32.926944732666016,100.0,3.006854201491663e-16,3.006854201491663e-14,250.0,0.0,0.0,1.0,0.0008030433091334999,0.0008030433091334999,60.0,0.022705942392349243,1.3623565435409546,0.0,0.0,0.0,800.0,0.039454732090234756,31.563785672187805,0.0,0.0,0.0,700000,700000,2457
58,rigid,32.74286651611328,100.0,3.006854201491663e-16,3.006854201491663e-14,250.0,0.0,0.0,1.0,0.000832840334624052,0.000832840334624052,60.0,0.023573195561766624,1.4143917337059975,0.0,0.0,0.0,800.0,0.03915955126285553,31.327641010284424,0.0,0.0,0.0,700000,700000,2409
59,rigid,32.474273681640625,100.0,3.006854201491663e-16,3.006854201491663e-14,250.0,0.0,0.0,1.0,0.0008633179822936654,0.0008633179822936654,60.0,0.02301061525940895,1.380636915564537,0.0,0.0,0.0,800.0,0.038865964859724045,31.092771887779236,0.0,0.0,0.0,700000,700000,2383
60,rigid,32.27880859375,100.0,3.006854201491663e-16,3.006854201491663e-14,250.0,0.0,0.0,1.0,0.0008944837609305978,0.0008944837609305978,60.0,0.023647576570510864,1.4188545942306519,0.0,0.0,0.0,800.0,0.03857382386922836,30.85905909538269,0.0,0.0,0.0,700000,700000,2345
61,rigid,32.039520263671875,100.0,3.006854201491663e-16,3.006854201491663e-14,250.0,0.0,0.0,1.0,0.0009260592632927,0.0009260592632927,60.0,0.02353602647781372,1.4121615886688232,0.0,0.0,0.0,800.0,0.03828304260969162,30.626434087753296,0.0,0.0,0.0,700000,700000,2315
62,rigid,31.822521209716797,100.0,3.006854201491663e-16,3.006854201491663e-14,250.0,0.0,0.0,1.0,0.0009586183005012572,0.0009586183005012572,60.0,0.02377120964229107,1.4262725785374641,0.0,0.0,0.0,800.0,0.03799411281943321,30.39529025554657,0.0,0.0,0.0,700000,700000,2297
63,rigid,31.569501876831055,100.0,3.006854201491663e-16,3.006854201491663e-14,250.0,0.0,0.0,1.0,0.0009915920672938228,0.0009915920672938228,60.0,0.023384105414152145,1.4030463248491287,0.0,0.0,0.0,800.0,0.037706829607486725,30.16546368598938,0.0,0.0,0.0,700000,700000,2276
64,rigid,31.389184951782227,100.0,3.006854201491663e-16,3.006854201491663e-14,250.0,0.0,0.0,1.0,0.0010252739302814007,0.0010252739302814007,60.0,0.024185171350836754,1.4511102810502052,0.0,0.0,0.0,800.0,0.03742131218314171,29.937049746513367,0.0,0.0,0.0,700000,700000,2260
65,rigid,31.14270782470703,100.0,3.006854201491663e-16,3.006854201491663e-14,250.0,0.0,0.0,1.0,0.001059365225955844,0.001059365225955844,60.0,0.023858031257987022,1.4314818754792213,0.0,0.0,0.0,800.0,0.0371377095580101,29.71016764640808,0.0,0.0,0.0,700000,700000,2262
66,rigid,30.928064346313477,100.0,3.006854201491663e-16,3.006854201491663e-14,250.0,0.0,0.0,1.0,0.0010941693326458335,0.0010941693326458335,60.0,0.024041252210736275,1.4424751326441765,0.0,0.0,0.0,800.0,0.03685561940073967,29.484495520591736,0.0,0.0,0.0,700000,700000,2241
67,rigid,30.69608497619629,100.0,3.006854201491663e-16,3.006854201491663e-14,250.0,0.0,0.0,1.0,0.0011296938173472881,0.0011296938173472881,60.0,0.023920254781842232,1.435215286910534,0.0,0.0,0.0,800.0,0.036574676632881165,29.25974130630493,0.0,0.0,0.0,700000,700000,2231
68,rigid,30.486618041992188,100.0,3.006854201491663e-16,3.006854201491663e-14,250.0,0.0,0.0,1.0,0.0011657857103273273,0.0011657857103273273,60.0,0.024153752252459526,1.4492251351475716,0.0,0.0,0.0,800.0,0.03629528358578682,29.036226868629456,0.0,0.0,0.0,700000,700000,2239
69,rigid,30.25096893310547,100.0,3.006854201491663e-16,3.006854201491663e-14,250.0,0.0,0.0,1.0,0.0012024454772472382,0.0012024454772472382,60.0,0.02393002063035965,1.435801237821579,0.0,0.0,0.0,800.0,0.03601745516061783,28.813964128494263,0.0,0.0,0.0,700000,700000,2239
70,rigid,30.044462203979492,100.0,3.006854201491663e-16,3.006854201491663e-14,250.0,0.0,0.0,1.0,0.0012400029227137566,0.0012400029227137566,60.0,0.024166060611605644,1.4499636366963387,0.0,0.0,0.0,800.0,0.035741571336984634,28.593257069587708,0.0,0.0,0.0,700000,700000,2227
71,rigid,29.80592155456543,100.0,3.006854201491663e-16,3.006854201491663e-14,250.0,0.0,0.0,1.0,0.0012781380210071802,0.0012781380210071802,60.0,0.02384369447827339,1.4306216686964035,0.0,0.0,0.0,800.0,0.03546752780675888,28.374022245407104,0.0,0.0,0.0,700000,700000,2234
72,rigid,29.554929733276367,100.0,3.006854201491663e-16,3.006854201491663e-14,250.0,0.0,0.0,1.0,0.0013168503064662218,0.0013168503064662218,60.0,0.023288020864129066,1.397281251847744,0.0,0.0,0.0,800.0,0.03519541397690773,28.156331181526184,0.0,0.0,0.0,700000,700000,2224
73,rigid,29.32370376586914,100.0,3.006854201491663e-16,3.006854201491663e-14,250.0,0.0,0.0,1.0,0.0013561404775828123,0.0013561404775828123,60.0,0.023037254810333252,1.3822352886199951,0.0,0.0,0.0,800.0,0.03492514044046402,27.940112352371216,0.0,0.0,0.0,700000,700000,2217
74,rigid,29.14150619506836,100.0,3.006854201491663e-16,3.006854201491663e-14,250.0,0.0,0.0,1.0,0.0013963590608909726,0.0013963590608909726,60.0,0.023577874526381493,1.4146724715828896,0.0,0.0,0.0,800.0,0.03465679660439491,27.72543728351593,0.0,0.0,0.0,700000,700000,2204
75,rigid,28.944576263427734,100.0,3.006854201491663e-16,3.006854201491663e-14,250.0,0.0,0.0,1.0,0.001436987309716642,0.001436987309716642,60.0,0.023849936202168465,1.4309961721301079,0.0,0.0,0.0,800.0,0.034390177577733994,27.512142062187195,0.0,0.0,0.0,700000,700000,2214
76,rigid,28.6915340423584,100.0,3.006854201491663e-16,3.006854201491663e-14,250.0,0.0,0.0,1.0,0.0014783786609768867,0.0014783786609768867,60.0,0.023156477138400078,1.3893886283040047,0.0,0.0,0.0,800.0,0.034125834703445435,27.300667762756348,0.0,0.0,0.0,700000,700000,2214
77,rigid,28.504724502563477,100.0,3.006854201491663e-16,3.006854201491663e-14,250.0,0.0,0.0,1.0,0.00151999166700989,0.00151999166700989,60.0,0.02354203164577484,1.4125218987464905,0.0,0.0,0.0,800.0,0.03386335447430611,27.090683579444885,0.0,0.0,0.0,700000,700000,2202
78,rigid,28.26629066467285,100.0,3.006854201491663e-16,3.006854201491663e-14,250.0,0.0,0.0,1.0,0.0015629243571311235,0.0015629243571311235,60.0,0.023043131455779076,1.3825878873467445,0.0,0.0,0.0,800.0,0.033602673560380936,26.88213884830475,0.0,0.0,0.0,700000,700000,2201
79,rigid,28.04987335205078,100.0,3.006854201491663e-16,3.006854201491663e-14,250.0,0.0,0.0,1.0,0.0016058904584497213,0.0016058904584497213,60.0,0.02288571186363697,1.3731427118182182,0.0,0.0,0.0,800.0,0.033343907445669174,26.67512595653534,0.0,0.0,0.0,700000,700000,2207
80,rigid,27.864410400390625,100.0,3.006854201491663e-16,3.006854201491663e-14,250.0,0.0,0.0,1.0,0.0016500112833455205,0.0016500112833455205,60.0,0.023222463205456734,1.393347792327404,0.0,0.0,0.0,800.0,0.03308676555752754,26.469412446022034,0.0,0.0,0.0,700000,700000,2208
81,rigid,27.66139030456543,100.0,3.006854201491663e-16,3.006854201491663e-14,250.0,0.0,0.0,1.0,0.00169453676789999,0.00169453676789999,60.0,0.02323845960199833,1.3943075761198997,0.0,0.0,0.0,800.0,0.03283173590898514,26.26538872718811,0.0,0.0,0.0,700000,700000,2180
82,rigid,27.469350814819336,100.0,3.006854201491663e-16,3.006854201491663e-14,250.0,0.0,0.0,1.0,0.0017398509662598372,0.0017398509662598372,60.0,0.023408878594636917,1.404532715678215,0.0,0.0,0.0,800.0,0.03257884830236435,26.06307864189148,0.0,0.0,0.0,700000,700000,2181
83,rigid,27.208541870117188,100.0,3.006854201491663e-16,3.006854201491663e-14,250.0,0.0,0.0,1.0,0.0017857626080513,0.0017857626080513,60.0,0.022414250299334526,1.3448550179600716,0.0,0.0,0.0,800.0,0.032327376306056976,25.86190104484558,0.0,0.0,0.0,700000,700000,2178
84,rigid,27.055404663085938,100.0,3.006854201491663e-16,3.006854201491663e-14,250.0,0.0,0.0,1.0,0.00183207169175148,0.00183207169175148,60.0,0.023198271170258522,1.3918962702155113,0.0,0.0,0.0,800.0,0.03207709640264511,25.66167712211609,0.0,0.0,0.0,700000,700000,2161
85,rigid,26.85245132446289,100.0,3.006854201491663e-16,3.006854201491663e-14,250.0,0.0,0.0,1.0,0.0018793800845742226,0.0018793800845742226,60.0,0.02312714420258999,1.3876286521553993,0.0,0.0,0.0,800.0,0.03182867914438248,25.46294331550598,0.0,0.0,0.0,700000,700000,2180
86,rigid,26.648305892944336,100.0,3.006854201491663e-16,3.006854201491663e-14,250.0,0.0,0.0,1.0,0.0019274980295449495,0.0019274980295449495,60.0,0.023019997403025627,1.3811998441815376,0.0,0.0,0.0,800.0,0.03158147260546684,25.265178084373474,0.0,0.0,0.0,700000,700000,2154
87,rigid,26.423185348510742,100.0,3.006854201491663e-16,3.006854201491663e-14,250.0,0.0,0.0,1.0,0.0019760155119001865,0.0019760155119001865,60.0,0.022538140416145325,1.3522884249687195,0.0,0.0,0.0,800.0,0.03133615106344223,25.068920850753784,0.0,0.0,0.0,700000,700000,2164
88,rigid,26.21805191040039,100.0,3.006854201491663e-16,3.006854201491663e-14,250.0,0.0,0.0,1.0,0.0020251355599611998,0.0020251355599611998,60.0,0.02236933447420597,1.3421600684523582,0.0,0.0,0.0,800.0,0.031092334538698196,24.873867630958557,0.0,0.0,0.0,700000,700000,2163
89,rigid,26.016735076904297,100.0,3.006854201491663e-16,3.006854201491663e-14,250.0,0.0,0.0,1.0,0.0020746453665196896,0.0020746453665196896,60.0,0.0222422294318676,1.334533765912056,0.0,0.0,0.0,800.0,0.030850157141685486,24.68012571334839,0.0,0.0,0.0,700000,700000,2161
90,rigid,25.8271541595459,100.0,3.006854201491663e-16,3.006854201491663e-14,250.0,0.0,0.0,1.0,0.0021249691490083933,0.0021249691490083933,60.0,0.022292591631412506,1.3375554978847504,0.0,0.0,0.0,800.0,0.030609343200922012,24.48747456073761,0.0,0.0,0.0,700000,700000,2143
91,rigid,25.648773193359375,100.0,3.006854201491663e-16,3.006854201491663e-14,250.0,0.0,0.0,1.0,0.002176334150135517,0.002176334150135517,60.0,0.022500427439808846,1.3500256463885307,0.0,0.0,0.0,800.0,0.030370714142918587,24.29657131433487,0.0,0.0,0.0,700000,700000,2132
92,rigid,25.43720054626465,100.0,3.006854201491663e-16,3.006854201491663e-14,250.0,0.0,0.0,1.0,0.0022283121943473816,0.0022283121943473816,60.0,0.022140303626656532,1.328418217599392,0.0,0.0,0.0,800.0,0.030133191496133804,24.106553196907043,0.0,0.0,0.0,700000,700000,2134
93,rigid,25.279420852661133,100.0,3.006854201491663e-16,3.006854201491663e-14,250.0,0.0,0.0,1.0,0.0022804555483162403,0.0022804555483162403,60.0,0.02266290783882141,1.3597744703292847,0.0,0.0,0.0,800.0,0.029896706342697144,23.917365074157715,0.0,0.0,0.0,700000,700000,2126
94,rigid,25.05379867553711,100.0,3.006854201491663e-16,3.006854201491663e-14,250.0,0.0,0.0,1.0,0.0023336552549153566,0.0023336552549153566,60.0,0.0220277551561594,1.321665309369564,0.0,0.0,0.0,800.0,0.029662249609827995,23.729799687862396,0.0,0.0,0.0,700000,700000,2113
95,rigid,24.857711791992188,100.0,3.006854201491663e-16,3.006854201491663e-14,250.0,0.0,0.0,1.0,0.0023876980412751436,0.0023876980412751436,60.0,0.021873118355870247,1.3123871013522148,0.0,0.0,0.0,800.0,0.029428670182824135,23.542936146259308,0.0,0.0,0.0,700000,700000,2103
96,rigid,24.699289321899414,100.0,3.006854201491663e-16,3.006854201491663e-14,250.0,0.0,0.0,1.0,0.0024421270936727524,0.0024421270936727524,60.0,0.022336335852742195,1.3401801511645317,0.0,0.0,0.0,800.0,0.029195833951234818,23.356667160987854,0.0,0.0,0.0,700000,700000,2076
97,rigid,24.513296127319336,100.0,3.006854201491663e-16,3.006854201491663e-14,250.0,0.0,0.0,1.0,0.002497169654816389,0.002497169654816389,60.0,0.022327786311507225,1.3396671786904335,0.0,0.0,0.0,800.0,0.028963914141058922,23.171131312847137,0.0,0.0,0.0,700000,700000,2073
98,rigid,24.32191276550293,100.0,3.006854201491663e-16,3.006854201491663e-14,250.0,0.0,0.0,1.0,0.0025533002335578203,0.0025533002335578203,60.0,0.022211821749806404,1.3327093049883842,0.0,0.0,0.0,800.0,0.02873331308364868,22.986650466918945,0.0,0.0,0.0,700000,700000,2052
99,rigid,24.14687156677246,100.0,3.006854201491663e-16,3.006854201491663e-14,250.0,0.0,0.0,1.0,0.0026090953033417463,0.0026090953033417463,60.0,0.02234542928636074,1.3407257571816444,0.0,0.0,0.0,800.0,0.028504421934485435,22.80353754758835,0.0,0.0,0.0,700000,700000,2058
100,rigid,23.970327377319336,100.0,3.006854201491663e-16,3.006854201491663e-14,250.0,0.0,0.0,1.0,0.002666462678462267,0.002666462678462267,60.0,0.022431310266256332,1.34587861597538,0.0,0.0,0.0,800.0,0.02827722765505314,22.62178212404251,0.0,0.0,0.0,700000,700000,2029
101,rigid,23.75684928894043,100.0,3.006854201491663e-16,3.006854201491663e-14,250.0,0.0,0.0,1.0,0.0027244542725384235,0.0027244542725384235,60.0,0.021878682076931,1.31272092461586,0.0,0.0,0.0,800.0,0.02805175632238388,22.441405057907104,0.0,0.0,0.0,700000,700000,2037
102,rigid,23.584083557128906,100.0,3.006854201491663e-16,3.006854201491663e-14,250.0,0.0,0.0,1.0,0.0027825741562992334,0.0027825741562992334,60.0,0.021986348554491997,1.3191809132695198,0.0,0.0,0.0,800.0,0.02782765030860901,22.262120246887207,0.0,0.0,0.0,700000,700000,2032
103,rigid,23.39417839050293,100.0,3.006854201491663e-16,3.006854201491663e-14,250.0,0.0,0.0,1.0,0.002841558074578643,0.002841558074578643,60.0,0.02179395593702793,1.3076373562216759,0.0,0.0,0.0,800.0,0.02760462462902069,22.083699703216553,0.0,0.0,0.0,700000,700000,2023
104,rigid,23.241565704345703,100.0,3.006854201491663e-16,3.006854201491663e-14,250.0,0.0,0.0,1.0,0.0029014130122959614,0.0029014130122959614,60.0,0.02220616303384304,1.3323697820305824,0.0,0.0,0.0,800.0,0.027382867410779,21.9062939286232,0.0,0.0,0.0,700000,700000,2013
105,rigid,23.02230453491211,100.0,3.006854201491663e-16,3.006854201491663e-14,250.0,0.0,0.0,1.0,0.002961380872875452,0.002961380872875452,60.0,0.021492179483175278,1.2895307689905167,0.0,0.0,0.0,800.0,0.02716226503252983,21.729812026023865,0.0,0.0,0.0,700000,700000,2004
106,rigid,22.89642333984375,100.0,3.006854201491663e-16,3.006854201491663e-14,250.0,0.0,0.0,1.0,0.0030224781949073076,0.0030224781949073076,60.0,0.022315574809908867,1.338934488594532,0.0,0.0,0.0,800.0,0.026943083852529526,21.55446708202362,0.0,0.0,0.0,700000,700000,1991
107,rigid,22.710556030273438,100.0,3.006854201491663e-16,3.006854201491663e-14,250.0,0.0,0.0,1.0,0.003083678660914302,0.003083678660914302,60.0,0.02211761847138405,1.327057108283043,0.0,0.0,0.0,800.0,0.026725519448518753,21.380415558815002,0.0,0.0,0.0,700000,700000,1988
108,rigid,22.510068893432617,100.0,3.006854201491663e-16,3.006854201491663e-14,250.0,0.0,0.0,1.0,0.0031465450301766396,0.0031465450301766396,60.0,0.02166179195046425,1.299707517027855,0.0,0.0,0.0,800.0,0.02650901861488819,21.207214891910553,0.0,0.0,0.0,700000,700000,1987
109,rigid,22.3405818939209,100.0,3.006854201491663e-16,3.006854201491663e-14,250.0,0.0,0.0,1.0,0.0032089820597320795,0.0032089820597320795,60.0,0.02170560695230961,1.3023364171385765,0.0,0.0,0.0,800.0,0.026293795555830002,21.035036444664,0.0,0.0,0.0,700000,700000,1958
110,rigid,22.196979522705078,100.0,3.006854201491663e-16,3.006854201491663e-14,250.0,0.0,0.0,1.0,0.0032725699711591005,0.0032725699711591005,60.0,0.022162295877933502,1.3297377526760101,0.0,0.0,0.0,800.0,0.02607996203005314,20.86396962404251,0.0,0.0,0.0,700000,700000,1961
111,rigid,21.9776554107666,100.0,3.006854201491663e-16,3.006854201491663e-14,250.0,0.0,0.0,1.0,0.0033367814030498266,0.0033367814030498266,60.0,0.02134333923459053,1.2806003540754318,0.0,0.0,0.0,800.0,0.025867147371172905,20.693717896938324,0.0,0.0,0.0,700000,700000,1958
112,rigid,21.795244216918945,100.0,3.006854201491663e-16,3.006854201491663e-14,250.0,0.0,0.0,1.0,0.003401069203391671,0.003401069203391671,60.0,0.021130168810486794,1.2678101286292076,0.0,0.0,0.0,800.0,0.02565504051744938,20.524032413959503,0.0,0.0,0.0,700000,700000,1945
113,rigid,21.63869857788086,100.0,3.006854201491663e-16,3.006854201491663e-14,250.0,0.0,0.0,1.0,0.003466523252427578,0.003466523252427578,60.0,0.021336494013667107,1.2801896408200264,0.0,0.0,0.0,800.0,0.025443803519010544,20.355042815208435,0.0,0.0,0.0,700000,700000,1937
114,rigid,21.48050880432129,100.0,3.006854201491663e-16,3.006854201491663e-14,250.0,0.0,0.0,1.0,0.003532322123646736,0.003532322123646736,60.0,0.02149481326341629,1.2896887958049774,0.0,0.0,0.0,800.0,0.02523411065340042,20.187288522720337,0.0,0.0,0.0,700000,700000,1924
115,rigid,21.27225685119629,100.0,3.006854201491663e-16,3.006854201491663e-14,250.0,0.0,0.0,1.0,0.0035990208853036165,0.0035990208853036165,60.0,0.02080555446445942,1.2483332678675652,0.0,0.0,0.0,800.0,0.02502540685236454,20.020325481891632,0.0,0.0,0.0,700000,700000,1915
116,rigid,21.15558624267578,100.0,3.006854201491663e-16,3.006854201491663e-14,250.0,0.0,0.0,1.0,0.0036657757591456175,0.0036657757591456175,60.0,0.021626995876431465,1.297619752585888,0.0,0.0,0.0,800.0,0.024817876517772675,19.85430121421814,0.0,0.0,0.0,700000,700000,1890
117,rigid,20.93816375732422,100.0,3.006854201491663e-16,3.006854201491663e-14,250.0,0.0,0.0,1.0,0.003733716905117035,0.003733716905117035,60.0,0.020751383155584335,1.2450829893350601,0.0,0.0,0.0,800.0,0.024611681699752808,19.689345359802246,0.0,0.0,0.0,700000,700000,1874
118,rigid,20.802614212036133,100.0,3.006854201491663e-16,3.006854201491663e-14,250.0,0.0,0.0,1.0,0.003801703220233321,0.003801703220233321,60.0,0.021225932985544205,1.2735559791326523,0.0,0.0,0.0,800.0,0.024406570941209793,19.525256752967834,0.0,0.0,0.0,700000,700000,1890
119,rigid,20.64975929260254,100.0,3.006854201491663e-16,3.006854201491663e-14,250.0,0.0,0.0,1.0,0.0038708874490112066,0.0038708874490112066,60.0,0.021397937089204788,1.2838762253522873,0.0,0.0,0.0,800.0,0.024202516302466393,19.362013041973114,0.0,0.0,0.0,700000,700000,1871
120,rigid,20.48668098449707,100.0,3.006854201491663e-16,3.006854201491663e-14,250.0,0.0,0.0,1.0,0.0039406949654221535,0.0039406949654221535,60.0,0.021385928615927696,1.2831557169556618,0.0,0.0,0.0,800.0,0.02399948053061962,19.199584424495697,0.0,0.0,0.0,700000,700000,1868
121,rigid,20.311676025390625,100.0,3.006854201491663e-16,3.006854201491663e-14,250.0,0.0,0.0,1.0,0.004011127166450024,0.004011127166450024,60.0,0.021157866343855858,1.2694719806313515,0.0,0.0,0.0,800.0,0.023797741159796715,19.038192927837372,0.0,0.0,0.0,700000,700000,1853
122,rigid,20.141889572143555,100.0,3.006854201491663e-16,3.006854201491663e-14,250.0,0.0,0.0,1.0,0.004081582184880972,0.004081582184880972,60.0,0.02100098878145218,1.2600593268871307,0.0,0.0,0.0,800.0,0.02359718456864357,18.877747654914856,0.0,0.0,0.0,700000,700000,1832
123,rigid,19.972959518432617,100.0,3.006854201491663e-16,3.006854201491663e-14,250.0,0.0,0.0,1.0,0.004153256304562092,0.004153256304562092,60.0,0.020836040377616882,1.250162422657013,0.0,0.0,0.0,800.0,0.023398304358124733,18.718643486499786,0.0,0.0,0.0,700000,700000,1831
124,rigid,19.832134246826172,100.0,3.006854201491663e-16,3.006854201491663e-14,250.0,0.0,0.0,1.0,0.0042252494022250175,0.0042252494022250175,60.0,0.021116871386766434,1.267012283205986,0.0,0.0,0.0,800.0,0.023201121017336845,18.560896813869476,0.0,0.0,0.0,700000,700000,1824
125,rigid,19.652591705322266,100.0,3.006854201491663e-16,3.006854201491663e-14,250.0,0.0,0.0,1.0,0.004298168234527111,0.004298168234527111,60.0,0.0207402054220438,1.244412325322628,0.0,0.0,0.0,800.0,0.02300485223531723,18.403881788253784,0.0,0.0,0.0,700000,700000,1821
126,rigid,19.501399993896484,100.0,3.006854201491663e-16,3.006854201491663e-14,250.0,0.0,0.0,1.0,0.004371711518615484,0.004371711518615484,60.0,0.020824221894145012,1.2494533136487007,0.0,0.0,0.0,800.0,0.02280947007238865,18.24757605791092,0.0,0.0,0.0,700000,700000,1816
127,rigid,19.375104904174805,100.0,3.006854201491663e-16,3.006854201491663e-14,250.0,0.0,0.0,1.0,0.004446503706276417,0.004446503706276417,60.0,0.02130882255733013,1.278529353439808,0.0,0.0,0.0,800.0,0.022615160793066025,18.09212863445282,0.0,0.0,0.0,700000,700000,1805
128,rigid,19.16517448425293,100.0,3.006854201491663e-16,3.006854201491663e-14,250.0,0.0,0.0,1.0,0.004520668648183346,0.004520668648183346,60.0,0.02037694677710533,1.2226168066263199,0.0,0.0,0.0,800.0,0.0224225465208292,17.93803721666336,0.0,0.0,0.0,700000,700000,1800
129,rigid,19.012252807617188,100.0,3.006854201491663e-16,3.006854201491663e-14,250.0,0.0,0.0,1.0,0.004596083424985409,0.004596083424985409,60.0,0.020373323932290077,1.2223994359374046,0.0,0.0,0.0,800.0,0.0222315713763237,17.78525710105896,0.0,0.0,0.0,700000,700000,1792
130,rigid,18.853904724121094,100.0,3.006854201491663e-16,3.006854201491663e-14,250.0,0.0,0.0,1.0,0.0046721212565898895,0.0046721212565898895,60.0,0.02025775797665119,1.2154654785990715,0.0,0.0,0.0,800.0,0.022042207419872284,17.633765935897827,0.0,0.0,0.0,700000,700000,1809
131,rigid,18.664085388183594,100.0,3.006854201491663e-16,3.006854201491663e-14,250.0,0.0,0.0,1.0,0.004748459905385971,0.004748459905385971,60.0,0.019605284556746483,1.176317073404789,0.0,0.0,0.0,800.0,0.021853776648640633,17.483021318912506,0.0,0.0,0.0,700000,700000,1800
132,rigid,18.540666580200195,100.0,3.006854201491663e-16,3.006854201491663e-14,250.0,0.0,0.0,1.0,0.004825743846595287,0.004825743846595287,60.0,0.020044151693582535,1.202649101614952,0.0,0.0,0.0,800.0,0.02166648954153061,17.333191633224487,0.0,0.0,0.0,700000,700000,1779
133,rigid,18.37625503540039,100.0,3.006854201491663e-16,3.006854201491663e-14,250.0,0.0,0.0,1.0,0.004903650376945734,0.004903650376945734,60.0,0.019781658425927162,1.1868995055556297,0.0,0.0,0.0,800.0,0.021480565890669823,17.184452712535858,0.0,0.0,0.0,700000,700000,1775
134,rigid,18.20387077331543,100.0,3.006854201491663e-16,3.006854201491663e-14,250.0,0.0,0.0,1.0,0.004982181824743748,0.004982181824743748,60.0,0.019372720271348953,1.1623632162809372,0.0,0.0,0.0,800.0,0.021295657381415367,17.036525905132294,0.0,0.0,0.0,700000,700000,1787
135,rigid,18.07076644897461,100.0,3.006854201491663e-16,3.006854201491663e-14,250.0,0.0,0.0,1.0,0.0050606695003807545,0.0050606695003807545,60.0,0.01960488222539425,1.176292933523655,0.0,0.0,0.0,800.0,0.021111764013767242,16.889411211013794,0.0,0.0,0.0,700000,700000,1790
136,rigid,17.93702507019043,100.0,3.006854201491663e-16,3.006854201491663e-14,250.0,0.0,0.0,1.0,0.005139769054949284,0.005139769054949284,60.0,0.019813597202301025,1.1888158321380615,0.0,0.0,0.0,800.0,0.02092883549630642,16.743068397045135,0.0,0.0,0.0,700000,700000,1771
137,rigid,17.779386520385742,100.0,3.006854201491663e-16,3.006854201491663e-14,250.0,0.0,0.0,1.0,0.005219483282417059,0.005219483282417059,60.0,0.019607271999120712,1.1764363199472427,0.0,0.0,0.0,800.0,0.020747162401676178,16.597729921340942,0.0,0.0,0.0,700000,700000,1774
138,rigid,17.619997024536133,100.0,3.006854201491663e-16,3.006854201491663e-14,250.0,0.0,0.0,1.0,0.005300494376569986,0.005300494376569986,60.0,0.019355304539203644,1.1613182723522186,0.0,0.0,0.0,800.0,0.020566724240779877,16.4533793926239,0.0,0.0,0.0,700000,700000,1763
139,rigid,17.45046043395996,100.0,3.006854201491663e-16,3.006854201491663e-14,250.0,0.0,0.0,1.0,0.005380751099437475,0.005380751099437475,60.0,0.018919218331575394,1.1351530998945236,0.0,0.0,0.0,800.0,0.02038740925490856,16.30992740392685,0.0,0.0,0.0,700000,700000,1756
140,rigid,17.33869171142578,100.0,3.006854201491663e-16,3.006854201491663e-14,250.0,0.0,0.0,1.0,0.005462305620312691,0.005462305620312691,60.0,0.019434290006756783,1.166057400405407,0.0,0.0,0.0,800.0,0.020208964124321938,16.16717129945755,0.0,0.0,0.0,700000,700000,1740
141,rigid,17.194931030273438,100.0,3.006854201491663e-16,3.006854201491663e-14,250.0,0.0,0.0,1.0,0.00554412417113781,0.00554412417113781,60.0,0.01940305158495903,1.1641830950975418,0.0,0.0,0.0,800.0,0.020031504333019257,16.025203466415405,0.0,0.0,0.0,700000,700000,1736
142,rigid,17.03132438659668,100.0,3.006854201491663e-16,3.006854201491663e-14,250.0,0.0,0.0,1.0,0.005626198370009661,0.005626198370009661,60.0,0.019022999331355095,1.1413799598813057,0.0,0.0,0.0,800.0,0.019855396822094917,15.884317457675934,0.0,0.0,0.0,700000,700000,1736
143,rigid,16.84615707397461,100.0,3.006854201491663e-16,3.006854201491663e-14,250.0,0.0,0.0,1.0,0.005708166863769293,0.005708166863769293,60.0,0.0182684026658535,1.09610415995121,0.0,0.0,0.0,800.0,0.019680429250001907,15.744343400001526,0.0,0.0,0.0,700000,700000,1749
144,rigid,16.732784271240234,100.0,3.006854201491663e-16,3.006854201491663e-14,250.0,0.0,0.0,1.0,0.005791798233985901,0.005791798233985901,60.0,0.018693599849939346,1.1216159909963608,0.0,0.0,0.0,800.0,0.019506720826029778,15.605376660823822,0.0,0.0,0.0,700000,700000,1750
145,rigid,16.559974670410156,100.0,3.006854201491663e-16,3.006854201491663e-14,250.0,0.0,0.0,1.0,0.005874959751963615,0.005874959751963615,60.0,0.018117472529411316,1.087048351764679,0.0,0.0,0.0,800.0,0.019333813339471817,15.467050671577454,0.0,0.0,0.0,700000,700000,1767
146,rigid,16.433473587036133,100.0,3.006854201491663e-16,3.006854201491663e-14,250.0,0.0,0.0,1.0,0.0059590768069028854,0.0059590768069028854,60.0,0.018302256241440773,1.0981353744864464,0.0,0.0,0.0,800.0,0.01916172355413437,15.329378843307495,0.0,0.0,0.0,700000,700000,1762
147,rigid,16.247573852539062,100.0,3.006854201491663e-16,3.006854201491663e-14,250.0,0.0,0.0,1.0,0.006042696535587311,0.006042696535587311,60.0,0.01748707890510559,1.0492247343063354,0.0,0.0,0.0,800.0,0.01899038255214691,15.19230604171753,0.0,0.0,0.0,700000,700000,1775
148,rigid,16.093576431274414,100.0,3.006854201491663e-16,3.006854201491663e-14,250.0,0.0,0.0,1.0,0.006128001492470503,0.006128001492470503,60.0,0.017201395705342293,1.0320837423205376,0.0,0.0,0.0,800.0,0.018819207325577736,15.055365860462189,0.0,0.0,0.0,700000,700000,1779
149,rigid,15.976960182189941,100.0,3.006854201491663e-16,3.006854201491663e-14,250.0,0.0,0.0,1.0,0.006212424021214247,0.006212424021214247,60.0,0.017540162429213524,1.0524097457528114,0.0,0.0,0.0,800.0,0.018647922202944756,14.918337762355804,0.0,0.0,0.0,700000,700000,1781
150,rigid,15.824825286865234,100.0,3.006854201491663e-16,3.006854201491663e-14,250.0,0.0,0.0,1.0,0.006298542022705078,0.006298542022705078,60.0,0.017289360985159874,1.0373616591095924,0.0,0.0,0.0,800.0,0.0184764564037323,14.78116512298584,0.0,0.0,0.0,700000,700000,1790
151,rigid,15.661426544189453,100.0,3.006854201491663e-16,3.006854201491663e-14,250.0,0.0,0.0,1.0,0.0063841273076832294,0.0063841273076832294,60.0,0.016847673803567886,1.0108604282140732,0.0,0.0,0.0,800.0,0.018305227160453796,14.644181728363037,0.0,0.0,0.0,700000,700000,1831
152,rigid,15.532140731811523,100.0,3.006854201491663e-16,3.006854201491663e-14,250.0,0.0,0.0,1.0,0.0064710453152656555,0.0064710453152656555,60.0,0.01697130687534809,1.0182784125208855,0.0,0.0,0.0,800.0,0.018134238198399544,14.507390558719635,0.0,0.0,0.0,700000,700000,1850
153,rigid,15.359301567077637,100.0,3.006854201491663e-16,3.006854201491663e-14,250.0,0.0,0.0,1.0,0.006557791028171778,0.006557791028171778,60.0,0.01636318862438202,0.9817913174629211,0.0,0.0,0.0,800.0,0.01796369068324566,14.370952546596527,0.0,0.0,0.0,700000,700000,1862
154,rigid,15.225259780883789,100.0,3.006854201491663e-16,3.006854201491663e-14,250.0,0.0,0.0,1.0,0.0066451127640903,0.0066451127640903,60.0,0.016397440806031227,0.9838464483618736,0.0,0.0,0.0,800.0,0.017793459817767143,14.234767854213715,0.0,0.0,0.0,700000,700000,1875
155,rigid,15.066636085510254,100.0,3.006854201491663e-16,3.006854201491663e-14,250.0,0.0,0.0,1.0,0.0067322445102036,0.0067322445102036,60.0,0.016020389273762703,0.9612233564257622,0.0,0.0,0.0,800.0,0.017623350024223328,14.098680019378662,0.0,0.0,0.0,700000,700000,1898
156,rigid,14.927979469299316,100.0,3.006854201491663e-16,3.006854201491663e-14,250.0,0.0,0.0,1.0,0.006820717826485634,0.006820717826485634,60.0,0.015972046181559563,0.9583227708935738,0.0,0.0,0.0,800.0,0.017453545704483986,13.962836563587189,0.0,0.0,0.0,700000,700000,1944
157,rigid,14.773000717163086,100.0,3.006854201491663e-16,3.006854201491663e-14,250.0,0.0,0.0,1.0,0.006909768562763929,0.006909768562763929,60.0,0.015645595267415047,0.9387357160449028,0.0,0.0,0.0,800.0,0.017284194007515907,13.827355206012726,0.0,0.0,0.0,700000,700000,1950
158,rigid,14.614656448364258,100.0,3.006854201491663e-16,3.006854201491663e-14,250.0,0.0,0.0,1.0,0.0069993967190384865,0.0069993967190384865,60.0,0.015246827155351639,0.9148096293210983,0.0,0.0,0.0,800.0,0.017116058617830276,13.692846894264221,0.0,0.0,0.0,700000,700000,1971
159,rigid,14.497126579284668,100.0,3.006854201491663e-16,3.006854201491663e-14,250.0,0.0,0.0,1.0,0.007088812533766031,0.007088812533766031,60.0,0.015511058270931244,0.9306634962558746,0.0,0.0,0.0,800.0,0.01694921776652336,13.559374213218689,0.0,0.0,0.0,700000,700000,1973
160,rigid,14.346160888671875,100.0,3.006854201491663e-16,3.006854201491663e-14,250.0,0.0,0.0,1.0,0.007179193198680878,0.007179193198680878,60.0,0.01519803423434496,0.9118820540606976,0.0,0.0,0.0,800.0,0.016783874481916428,13.427099585533142,0.0,0.0,0.0,700000,700000,2003
161,rigid,14.213415145874023,100.0,3.006854201491663e-16,3.006854201491663e-14,250.0,0.0,0.0,1.0,0.00727054663002491,0.00727054663002491,60.0,0.015171409584581852,0.9102845750749111,0.0,0.0,0.0,800.0,0.01661982573568821,13.295860588550568,0.0,0.0,0.0,700000,700000,2015
162,rigid,14.078453063964844,100.0,3.006854201491663e-16,3.006854201491663e-14,250.0,0.0,0.0,1.0,0.007362477481365204,0.007362477481365204,60.0,0.015085045248270035,0.9051027148962021,0.0,0.0,0.0,800.0,0.016457485035061836,13.165988028049469,0.0,0.0,0.0,700000,700000,2027
163,rigid,13.937765121459961,100.0,3.006854201491663e-16,3.006854201491663e-14,250.0,0.0,0.0,1.0,0.007454175502061844,0.007454175502061844,60.0,0.014871914871037006,0.8923148922622204,0.0,0.0,0.0,800.0,0.016297494992613792,13.037995994091034,0.0,0.0,0.0,700000,700000,2026
164,rigid,13.81552505493164,100.0,3.006854201491663e-16,3.006854201491663e-14,250.0,0.0,0.0,1.0,0.007547256536781788,0.007547256536781788,60.0,0.014936253428459167,0.89617520570755,0.0,0.0,0.0,800.0,0.01613975316286087,12.911802530288696,0.0,0.0,0.0,700000,700000,2039
165,rigid,13.66727066040039,100.0,3.006854201491663e-16,3.006854201491663e-14,250.0,0.0,0.0,1.0,0.007641325239092112,0.007641325239092112,60.0,0.014535638503730297,0.8721383102238178,0.0,0.0,0.0,800.0,0.015984363853931427,12.787491083145142,0.0,0.0,0.0,700000,700000,2029
166,rigid,13.532975196838379,100.0,3.006854201491663e-16,3.006854201491663e-14,250.0,0.0,0.0,1.0,0.007735563907772303,0.007735563907772303,60.0,0.01433589868247509,0.8601539209485054,0.0,0.0,0.0,800.0,0.01583135686814785,12.66508549451828,0.0,0.0,0.0,700000,700000,2041
167,rigid,13.421006202697754,100.0,3.006854201491663e-16,3.006854201491663e-14,250.0,0.0,0.0,1.0,0.007830380462110043,0.007830380462110043,60.0,0.01448024157434702,0.8688144944608212,0.0,0.0,0.0,800.0,0.015680450946092606,12.544360756874084,0.0,0.0,0.0,700000,700000,2052
168,rigid,13.277896881103516,100.0,3.006854201491663e-16,3.006854201491663e-14,250.0,0.0,0.0,1.0,0.007926608435809612,0.007926608435809612,60.0,0.01408667117357254,0.8452002704143524,0.0,0.0,0.0,800.0,0.015530962496995926,12.42476999759674,0.0,0.0,0.0,700000,700000,2044
169,rigid,13.166680335998535,100.0,3.006854201491663e-16,3.006854201491663e-14,250.0,0.0,0.0,1.0,0.008023425936698914,0.008023425936698914,60.0,0.014210759662091732,0.8526455797255039,0.0,0.0,0.0,800.0,0.015382513403892517,12.306010723114014,0.0,0.0,0.0,700000,700000,2049
170,rigid,13.011012077331543,100.0,3.006854201491663e-16,3.006854201491663e-14,250.0,0.0,0.0,1.0,0.008119984529912472,0.008119984529912472,60.0,0.013582054525613785,0.8149232715368271,0.0,0.0,0.0,800.0,0.015234962105751038,12.18796968460083,0.0,0.0,0.0,700000,700000,2077
171,rigid,12.886100769042969,100.0,3.006854201491663e-16,3.006854201491663e-14,250.0,0.0,0.0,1.0,0.00821797177195549,0.00821797177195549,60.0,0.01344873383641243,0.8069240301847458,0.0,0.0,0.0,800.0,0.015088698826730251,12.070959061384201,0.0,0.0,0.0,700000,700000,2085
172,rigid,12.774393081665039,100.0,3.006854201491663e-16,3.006854201491663e-14,250.0,0.0,0.0,1.0,0.008316119201481342,0.008316119201481342,60.0,0.013521304354071617,0.811278261244297,0.0,0.0,0.0,800.0,0.014943498186767101,11.954798549413681,0.0,0.0,0.0,700000,700000,2082
173,rigid,12.648038864135742,100.0,3.006854201491663e-16,3.006854201491663e-14,250.0,0.0,0.0,1.0,0.008415279909968376,0.008415279909968376,60.0,0.013343499042093754,0.8006099425256252,0.0,0.0,0.0,800.0,0.014798767864704132,11.839014291763306,0.0,0.0,0.0,700000,700000,2101
174,rigid,12.499300003051758,100.0,3.006854201491663e-16,3.006854201491663e-14,250.0,0.0,0.0,1.0,0.008515028282999992,0.008515028282999992,60.0,0.012791737914085388,0.7675042748451233,0.0,0.0,0.0,800.0,0.014654100872576237,11.72328069806099,0.0,0.0,0.0,700000,700000,2109
175,rigid,12.364516258239746,100.0,3.006854201491663e-16,3.006854201491663e-14,250.0,0.0,0.0,1.0,0.008615799248218536,0.008615799248218536,60.0,0.012477896176278591,0.7486737705767155,0.0,0.0,0.0,800.0,0.014509033411741257,11.607226729393005,0.0,0.0,0.0,700000,700000,2126
176,rigid,12.252556800842285,100.0,3.006854201491663e-16,3.006854201491663e-14,250.0,0.0,0.0,1.0,0.008716724812984467,0.008716724812984467,60.0,0.01254251878708601,0.7525511272251606,0.0,0.0,0.0,800.0,0.014364111237227917,11.491288989782333,0.0,0.0,0.0,700000,700000,2125
177,rigid,12.117758750915527,100.0,3.006854201491663e-16,3.006854201491663e-14,250.0,0.0,0.0,1.0,0.008818238973617554,0.008818238973617554,60.0,0.012221506796777248,0.7332904078066349,0.0,0.0,0.0,800.0,0.014219562523066998,11.375650018453598,0.0,0.0,0.0,700000,700000,2171
178,rigid,11.991669654846191,100.0,3.006854201491663e-16,3.006854201491663e-14,250.0,0.0,0.0,1.0,0.008919453248381615,0.008919453248381615,60.0,0.012035954743623734,0.722157284617424,0.0,0.0,0.0,800.0,0.014075740240514278,11.260592192411423,0.0,0.0,0.0,700000,700000,2199
179,rigid,11.863059043884277,100.0,3.006854201491663e-16,3.006854201491663e-14,250.0,0.0,0.0,1.0,0.009022138081490993,0.009022138081490993,60.0,0.011799745261669159,0.7079847157001495,0.0,0.0,0.0,800.0,0.013932565227150917,11.146052181720734,0.0,0.0,0.0,700000,700000,2236
180,rigid,11.728705406188965,100.0,3.006854201491663e-16,3.006854201491663e-14,250.0,0.0,0.0,1.0,0.009124960750341415,0.009124960750341415,60.0,0.011457107961177826,0.6874264776706696,0.0,0.0,0.0,800.0,0.013790193013846874,11.0321544110775,0.0,0.0,0.0,700000,700000,2261
181,rigid,11.610187530517578,100.0,3.006854201491663e-16,3.006854201491663e-14,250.0,0.0,0.0,1.0,0.009227915666997433,0.009227915666997433,60.0,0.011367132887244225,0.6820279732346535,0.0,0.0,0.0,800.0,0.013648665510118008,10.918932408094406,0.0,0.0,0.0,700000,700000,2270
182,rigid,11.490013122558594,100.0,3.006854201491663e-16,3.006854201491663e-14,250.0,0.0,0.0,1.0,0.009332354180514812,0.009332354180514812,60.0,0.011238777078688145,0.6743266247212887,0.0,0.0,0.0,800.0,0.013507942669093609,10.806354135274887,0.0,0.0,0.0,700000,700000,2309
183,rigid,11.384027481079102,100.0,3.006854201491663e-16,3.006854201491663e-14,250.0,0.0,0.0,1.0,0.009436468593776226,0.009436468593776226,60.0,0.011331415735185146,0.6798849441111088,0.0,0.0,0.0,800.0,0.01336838211864233,10.694705694913864,0.0,0.0,0.0,700000,700000,2351
184,rigid,11.243749618530273,100.0,3.006854201491663e-16,3.006854201491663e-14,250.0,0.0,0.0,1.0,0.009542078711092472,0.009542078711092472,60.0,0.010840708389878273,0.6504425033926964,0.0,0.0,0.0,800.0,0.013229706324636936,10.583765059709549,0.0,0.0,0.0,700000,700000,2369
185,rigid,11.125730514526367,100.0,3.006854201491663e-16,3.006854201491663e-14,250.0,0.0,0.0,1.0,0.009647814556956291,0.009647814556956291,60.0,0.010707496665418148,0.6424497999250889,0.0,0.0,0.0,800.0,0.013092041015625,10.4736328125,0.0,0.0,0.0,700000,700000,2392
186,rigid,11.010002136230469,100.0,3.006854201491663e-16,3.006854201491663e-14,250.0,0.0,0.0,1.0,0.009753670543432236,0.009753670543432236,60.0,0.010590624995529652,0.6354374997317791,0.0,0.0,0.0,800.0,0.012956013903021812,10.36481112241745,0.0,0.0,0.0,700000,700000,2407
187,rigid,10.900518417358398,100.0,3.006854201491663e-16,3.006854201491663e-14,250.0,0.0,0.0,1.0,0.009861967526376247,0.009861967526376247,60.0,0.010553281754255295,0.6331969052553177,0.0,0.0,0.0,800.0,0.012821824289858341,10.257459431886673,0.0,0.0,0.0,700000,700000,2413
188,rigid,10.778509140014648,100.0,3.006854201491663e-16,3.006854201491663e-14,250.0,0.0,0.0,1.0,0.00997039396315813,0.00997039396315813,60.0,0.010290167294442654,0.6174100376665592,0.0,0.0,0.0,800.0,0.012688911519944668,10.151129215955734,0.0,0.0,0.0,700000,700000,2427
189,rigid,10.667760848999023,100.0,3.006854201491663e-16,3.006854201491663e-14,250.0,0.0,0.0,1.0,0.0100798849016428,0.0100798849016428,60.0,0.010203205049037933,0.612192302942276,0.0,0.0,0.0,800.0,0.012556860223412514,10.045488178730011,0.0,0.0,0.0,700000,700000,2472
190,rigid,10.56930160522461,100.0,3.006854201491663e-16,3.006854201491663e-14,250.0,0.0,0.0,1.0,0.010189499706029892,0.010189499706029892,60.0,0.010300525464117527,0.6180315278470516,0.0,0.0,0.0,800.0,0.012426351197063923,9.941080957651138,0.0,0.0,0.0,700000,700000,2465
191,rigid,10.439018249511719,100.0,3.006854201491663e-16,3.006854201491663e-14,250.0,0.0,0.0,1.0,0.010300181806087494,0.010300181806087494,60.0,0.009849055670201778,0.5909433402121067,0.0,0.0,0.0,800.0,0.012297218665480614,9.837774932384491,0.0,0.0,0.0,700000,700000,2479
192,rigid,10.33585262298584,100.0,3.006854201491663e-16,3.006854201491663e-14,250.0,0.0,0.0,1.0,0.0104119423776865,0.0104119423776865,60.0,0.009829224087297916,0.589753445237875,0.0,0.0,0.0,800.0,0.0121696088463068,9.73568707704544,0.0,0.0,0.0,700000,700000,2488
193,rigid,10.249165534973145,100.0,3.006854201491663e-16,3.006854201491663e-14,250.0,0.0,0.0,1.0,0.010523824952542782,0.010523824952542782,60.0,0.010067442432045937,0.6040465459227562,0.0,0.0,0.0,800.0,0.012043243274092674,9.63459461927414,0.0,0.0,0.0,700000,700000,2490
194,rigid,10.125000953674316,100.0,3.006854201491663e-16,3.006854201491663e-14,250.0,0.0,0.0,1.0,0.010637757368385792,0.010637757368385792,60.0,0.009662821888923645,0.5797693133354187,0.0,0.0,0.0,800.0,0.01191824208945036,9.534593671560287,0.0,0.0,0.0,700000,700000,2497
195,rigid,10.031383514404297,100.0,3.006854201491663e-16,3.006854201491663e-14,250.0,0.0,0.0,1.0,0.010752301663160324,0.010752301663160324,60.0,0.009747891686856747,0.5848735012114048,0.0,0.0,0.0,800.0,0.011794697493314743,9.435757994651794,0.0,0.0,0.0,700000,700000,2527
196,rigid,9.928008079528809,100.0,3.006854201491663e-16,3.006854201491663e-14,250.0,0.0,0.0,1.0,0.010867461562156677,0.010867461562156677,60.0,0.009652337059378624,0.5791402235627174,0.0,0.0,0.0,800.0,0.011672500520944595,9.338000416755676,0.0,0.0,0.0,700000,700000,2517
197,rigid,9.825514793395996,100.0,3.006854201491663e-16,3.006854201491663e-14,250.0,0.0,0.0,1.0,0.010983234271407127,0.010983234271407127,60.0,0.009555615484714508,0.5733369290828705,0.0,0.0,0.0,800.0,0.011551493778824806,9.241195023059845,0.0,0.0,0.0,700000,700000,2530
198,rigid,9.72362995147705,100.0,3.006854201491663e-16,3.006854201491663e-14,250.0,0.0,0.0,1.0,0.011099619790911674,0.011099619790911674,60.0,0.00945771299302578,0.5674627795815468,0.0,0.0,0.0,800.0,0.011431334540247917,9.145067632198334,0.0,0.0,0.0,700000,700000,2518
199,rigid,9.639424324035645,100.0,3.006854201491663e-16,3.006854201491663e-14,250.0,0.0,0.0,1.0,0.011216618120670319,0.011216618120670319,60.0,0.00963767059147358,0.5782602354884148,0.0,0.0,0.0,800.0,0.011312434449791908,9.049947559833527,0.0,0.0,0.0,700000,700000,2486
200,rigid,9.527896881103516,100.0,3.006854201491663e-16,3.006854201491663e-14,250.0,0.0,0.0,1.0,0.011334231123328209,0.011334231123328209,60.0,0.009344046004116535,0.5606427602469921,0.0,0.0,0.0,800.0,0.01119490060955286,8.955920487642288,0.0,0.0,0.0,700000,700000,2467
201,rigid,9.418924331665039,100.0,3.006854201491663e-16,3.006854201491663e-14,250.0,0.0,0.0,1.0,0.011452456936240196,0.011452456936240196,60.0,0.009076433256268501,0.5445859953761101,0.0,0.0,0.0,800.0,0.011078606359660625,8.8628850877285,0.0,0.0,0.0,700000,700000,2459
202,rigid,9.333256721496582,100.0,3.006854201491663e-16,3.006854201491663e-14,250.0,0.0,0.0,1.0,0.011572305113077164,0.011572305113077164,60.0,0.009185729548335075,0.5511437729001045,0.0,0.0,0.0,800.0,0.01096317544579506,8.770540356636047,0.0,0.0,0.0,700000,700000,2436
203,rigid,9.243206024169922,100.0,3.006854201491663e-16,3.006854201491663e-14,250.0,0.0,0.0,1.0,0.011691763065755367,0.011691763065755367,60.0,0.009209410287439823,0.5525646172463894,0.0,0.0,0.0,800.0,0.01084868609905243,8.678948879241943,0.0,0.0,0.0,700000,700000,2432
204,rigid,9.136094093322754,100.0,3.006854201491663e-16,3.006854201491663e-14,250.0,0.0,0.0,1.0,0.011812855489552021,0.011812855489552021,60.0,0.00894229393452406,0.5365376360714436,0.0,0.0,0.0,800.0,0.01073467917740345,8.58774334192276,0.0,0.0,0.0,700000,700000,2427
205,rigid,9.042160034179688,100.0,3.006854201491663e-16,3.006854201491663e-14,250.0,0.0,0.0,1.0,0.011934570036828518,0.011934570036828518,60.0,0.008889465592801571,0.5333679355680943,0.0,0.0,0.0,800.0,0.01062107179313898,8.496857434511185,0.0,0.0,0.0,700000,700000,2409
206,rigid,8.944554328918457,100.0,3.006854201491663e-16,3.006854201491663e-14,250.0,0.0,0.0,1.0,0.012056909501552582,0.012056909501552582,60.0,0.008778300136327744,0.5266980081796646,0.0,0.0,0.0,800.0,0.01050725020468235,8.40580016374588,0.0,0.0,0.0,700000,700000,2401
207,rigid,8.841519355773926,100.0,3.006854201491663e-16,3.006854201491663e-14,250.0,0.0,0.0,1.0,0.012180390767753124,0.012180390767753124,60.0,0.008564398624002934,0.513863917440176,0.0,0.0,0.0,800.0,0.010394344106316566,8.315475285053253,0.0,0.0,0.0,700000,700000,2368
208,rigid,8.750070571899414,100.0,3.006854201491663e-16,3.006854201491663e-14,250.0,0.0,0.0,1.0,0.012305021286010742,0.012305021286010742,60.0,0.008530497550964355,0.5118298530578613,0.0,0.0,0.0,800.0,0.010282419621944427,8.225935697555542,0.0,0.0,0.0,700000,700000,2376
209,rigid,8.656957626342773,100.0,3.006854201491663e-16,3.006854201491663e-14,250.0,0.0,0.0,1.0,0.01242924015969038,0.01242924015969038,60.0,0.008458125405013561,0.5074875243008137,0.0,0.0,0.0,800.0,0.010171301662921906,8.137041330337524,0.0,0.0,0.0,700000,700000,2315
210,rigid,8.580376625061035,100.0,3.006854201491663e-16,3.006854201491663e-14,250.0,0.0,0.0,1.0,0.012555659748613834,0.012555659748613834,60.0,0.008648687042295933,0.518921222537756,0.0,0.0,0.0,800.0,0.010061124339699745,8.048899471759796,0.0,0.0,0.0,700000,700000,2326
211,rigid,8.484128952026367,100.0,3.006854201491663e-16,3.006854201491663e-14,250.0,0.0,0.0,1.0,0.012682191096246243,0.012682191096246243,60.0,0.00849947426468134,0.5099684558808804,0.0,0.0,0.0,800.0,0.009951848536729813,7.96147882938385,0.0,0.0,0.0,700000,700000,2297
212,rigid,8.385918617248535,100.0,3.006854201491663e-16,3.006854201491663e-14,250.0,0.0,0.0,1.0,0.012808824889361858,0.012808824889361858,60.0,0.008306293748319149,0.49837762489914894,0.0,0.0,0.0,800.0,0.009843415580689907,7.874732464551926,0.0,0.0,0.0,700000,700000,2267
213,rigid,8.297728538513184,100.0,3.006854201491663e-16,3.006854201491663e-14,250.0,0.0,0.0,1.0,0.012937690131366253,0.012937690131366253,60.0,0.008260414004325867,0.495624840259552,0.0,0.0,0.0,800.0,0.009736457839608192,7.789166271686554,0.0,0.0,0.0,700000,700000,2239
214,rigid,8.212904930114746,100.0,3.006854201491663e-16,3.006854201491663e-14,250.0,0.0,0.0,1.0,0.013066662475466728,0.013066662475466728,60.0,0.008255147375166416,0.49530884250998497,0.0,0.0,0.0,800.0,0.009630662389099598,7.704529911279678,0.0,0.0,0.0,700000,700000,2203
215,rigid,8.134286880493164,100.0,3.006854201491663e-16,3.006854201491663e-14,250.0,0.0,0.0,1.0,0.013196815736591816,0.013196815736591816,60.0,0.008336668834090233,0.500200130045414,0.0,0.0,0.0,800.0,0.009526112116873264,7.6208896934986115,0.0,0.0,0.0,700000,700000,2159
216,rigid,8.032991409301758,100.0,3.006854201491663e-16,3.006854201491663e-14,250.0,0.0,0.0,1.0,0.01332815457135439,0.01332815457135439,60.0,0.008015481755137444,0.4809289053082466,0.0,0.0,0.0,800.0,0.00942341797053814,7.5387343764305115,0.0,0.0,0.0,700000,700000,2148
217,rigid,7.939235210418701,100.0,3.006854201491663e-16,3.006854201491663e-14,250.0,0.0,0.0,1.0,0.013459055684506893,0.013459055684506893,60.0,0.007797957397997379,0.46787744387984276,0.0,0.0,0.0,800.0,0.009322373196482658,7.457898557186127,0.0,0.0,0.0,700000,700000,2115
218,rigid,7.864744186401367,100.0,3.006854201491663e-16,3.006854201491663e-14,250.0,0.0,0.0,1.0,0.013591689057648182,0.013591689057648182,60.0,0.00788207445293665,0.47292446717619896,0.0,0.0,0.0,800.0,0.009222785010933876,7.378228008747101,0.0,0.0,0.0,700000,700000,2091
219,rigid,7.773188591003418,100.0,3.006854201491663e-16,3.006854201491663e-14,250.0,0.0,0.0,1.0,0.0137255247682333,0.0137255247682333,60.0,0.007660160306841135,0.4596096184104681,0.0,0.0,0.0,800.0,0.00912481639534235,7.29985311627388,0.0,0.0,0.0,700000,700000,2047
220,rigid,7.6846699714660645,100.0,3.006854201491663e-16,3.006854201491663e-14,250.0,0.0,0.0,1.0,0.013859461061656475,0.013859461061656475,60.0,0.007463847752660513,0.4478308651596308,0.0,0.0,0.0,800.0,0.009028724394738674,7.222979515790939,0.0,0.0,0.0,700000,700000,2011
221,rigid,7.597676753997803,100.0,3.006854201491663e-16,3.006854201491663e-14,250.0,0.0,0.0,1.0,0.013991829939186573,0.013991829939186573,60.0,0.0072853961028158665,0.437123766168952,0.0,0.0,0.0,800.0,0.008933201432228088,7.146561145782471,0.0,0.0,0.0,700000,700000,1967
222,rigid,7.525062561035156,100.0,3.006854201491663e-16,3.006854201491663e-14,250.0,0.0,0.0,1.0,0.014126498252153397,0.014126498252153397,60.0,0.007340018637478352,0.4404011182487011,0.0,0.0,0.0,800.0,0.00883816834539175,7.0705346763134,0.0,0.0,0.0,700000,700000,1904
223,rigid,7.4493088722229,100.0,3.006854201491663e-16,3.006854201491663e-14,250.0,0.0,0.0,1.0,0.014259572140872478,0.014259572140872478,60.0,0.007362234406173229,0.44173406437039375,0.0,0.0,0.0,800.0,0.008741644211113453,6.993315368890762,0.0,0.0,0.0,700000,700000,1869
224,rigid,7.3810296058654785,100.0,3.006854201491663e-16,3.006854201491663e-14,250.0,0.0,0.0,1.0,0.014392141252756119,0.014392141252756119,60.0,0.007539725862443447,0.4523835517466068,0.0,0.0,0.0,800.0,0.008642816916108131,6.914253532886505,0.0,0.0,0.0,700000,700000,1825
225,rigid,7.291567802429199,100.0,3.006854201491663e-16,3.006854201491663e-14,250.0,0.0,0.0,1.0,0.014521932229399681,0.014521932229399681,60.0,0.007384600583463907,0.44307603500783443,0.0,0.0,0.0,800.0,0.00854246225208044,6.833969801664352,0.0,0.0,0.0,700000,700000,1813
226,rigid,7.204589366912842,100.0,3.006854201491663e-16,3.006854201491663e-14,250.0,0.0,0.0,1.0,0.014651737175881863,0.014651737175881863,60.0,0.007271521724760532,0.43629130348563194,0.0,0.0,0.0,800.0,0.008442058227956295,6.753646582365036,0.0,0.0,0.0,700000,700000,1789
227,rigid,7.146252155303955,100.0,3.006854201491663e-16,3.006854201491663e-14,250.0,0.0,0.0,1.0,0.014782119542360306,0.014782119542360306,60.0,0.00763150118291378,0.4578900709748268,0.0,0.0,0.0,800.0,0.008341975510120392,6.6735804080963135,0.0,0.0,0.0,700000,700000,1731
228,rigid,7.051337242126465,100.0,3.006854201491663e-16,3.006854201491663e-14,250.0,0.0,0.0,1.0,0.01491136010736227,0.01491136010736227,60.0,0.007361358962953091,0.44168153777718544,0.0,0.0,0.0,800.0,0.008243430405855179,6.594744324684143,0.0,0.0,0.0,700000,700000,1739
229,rigid,6.971015453338623,100.0,3.006854201491663e-16,3.006854201491663e-14,250.0,0.0,0.0,1.0,0.015041740611195564,0.015041740611195564,60.0,0.007296522613614798,0.43779135681688786,0.0,0.0,0.0,800.0,0.008147727698087692,6.518182158470154,0.0,0.0,0.0,700000,700000,1733
230,rigid,6.896286964416504,100.0,3.006854201491663e-16,3.006854201491663e-14,250.0,0.0,0.0,1.0,0.015173843130469322,0.015173843130469322,60.0,0.00727666774764657,0.4366000648587942,0.0,0.0,0.0,800.0,0.008055641315877438,6.44451305270195,0.0,0.0,0.0,700000,700000,1710
231,rigid,6.817717552185059,100.0,3.006854201491663e-16,3.006854201491663e-14,250.0,0.0,0.0,1.0,0.015306523069739342,0.015306523069739342,60.0,0.00716376444324851,0.4298258665949106,0.0,0.0,0.0,800.0,0.00796573143452406,6.372585147619247,0.0,0.0,0.0,700000,700000,1704
232,rigid,6.749640464782715,100.0,3.006854201491663e-16,3.006854201491663e-14,250.0,0.0,0.0,1.0,0.015440945513546467,0.015440945513546467,60.0,0.007196433842182159,0.43178603053092957,0.0,0.0,0.0,800.0,0.00787801668047905,6.30241334438324,0.0,0.0,0.0,700000,700000,1649
233,rigid,6.682879447937012,100.0,3.006854201491663e-16,3.006854201491663e-14,250.0,0.0,0.0,1.0,0.015574785880744457,0.015574785880744457,60.0,0.007234727963805199,0.4340836778283119,0.0,0.0,0.0,800.0,0.007791526149958372,6.233220919966698,0.0,0.0,0.0,700000,700000,1588
234,rigid,6.621702671051025,100.0,3.006854201491663e-16,3.006854201491663e-14,250.0,0.0,0.0,1.0,0.01570802740752697,0.01570802740752697,60.0,0.0073491050861775875,0.44094630517065525,0.0,0.0,0.0,800.0,0.007706310134381056,6.165048107504845,0.0,0.0,0.0,700000,700000,1544
235,rigid,6.556787014007568,100.0,3.006854201491663e-16,3.006854201491663e-14,250.0,0.0,0.0,1.0,0.01584065519273281,0.01584065519273281,60.0,0.0073829409666359425,0.44297645799815655,0.0,0.0,0.0,800.0,0.00762246223166585,6.09796978533268,0.0,0.0,0.0,700000,700000,1503
236,rigid,6.48783016204834,100.0,3.006854201491663e-16,3.006854201491663e-14,250.0,0.0,0.0,1.0,0.015970874577760696,0.015970874577760696,60.0,0.007342811673879623,0.4405687004327774,0.0,0.0,0.0,800.0,0.00753911305218935,6.03129044175148,0.0,0.0,0.0,700000,700000,1445
237,rigid,6.450734615325928,100.0,3.006854201491663e-16,3.006854201491663e-14,250.0,0.0,0.0,1.0,0.016101030632853508,0.016101030632853508,60.0,0.007831733673810959,0.46990402042865753,0.0,0.0,0.0,800.0,0.007455911953002214,5.9647295624017715,0.0,0.0,0.0,700000,700000,1399
238,rigid,6.386441230773926,100.0,3.006854201491663e-16,3.006854201491663e-14,250.0,0.0,0.0,1.0,0.01622992381453514,0.01622992381453514,60.0,0.007858236320316792,0.4714941792190075,0.0,0.0,0.0,800.0,0.007373396307229996,5.898717045783997,0.0,0.0,0.0,700000,700000,1364
239,rigid,6.315597057342529,100.0,3.006854201491663e-16,3.006854201491663e-14,250.0,0.0,0.0,1.0,0.016357526183128357,0.016357526183128357,60.0,0.007768047973513603,0.4660828784108162,0.0,0.0,0.0,800.0,0.007291445508599281,5.833156406879425,0.0,0.0,0.0,700000,700000,1344
240,rigid,6.262923240661621,100.0,3.006854201491663e-16,3.006854201491663e-14,250.0,0.0,0.0,1.0,0.016485633328557014,0.016485633328557014,60.0,0.007968651130795479,0.47811906784772873,0.0,0.0,0.0,800.0,0.007210398092865944,5.768318474292755,0.0,0.0,0.0,700000,700000,1296
241,rigid,6.211069107055664,100.0,3.006854201491663e-16,3.006854201491663e-14,250.0,0.0,0.0,1.0,0.016613025218248367,0.016613025218248367,60.0,0.008170575834810734,0.490234550088644,0.0,0.0,0.0,800.0,0.007130277343094349,5.704221874475479,0.0,0.0,0.0,700000,700000,1284
242,rigid,6.122779846191406,100.0,3.006854201491663e-16,3.006854201491663e-14,250.0,0.0,0.0,1.0,0.01673908904194832,0.01673908904194832,60.0,0.007746960502117872,0.46481763012707233,0.0,0.0,0.0,800.0,0.0070515284314751625,5.64122274518013,0.0,0.0,0.0,700000,700000,1267
243,rigid,6.090890884399414,100.0,3.006854201491663e-16,3.006854201491663e-14,250.0,0.0,0.0,1.0,0.016865627840161324,0.016865627840161324,60.0,0.008244986645877361,0.4946991987526417,0.0,0.0,0.0,800.0,0.00697415741160512,5.579325929284096,0.0,0.0,0.0,700000,700000,1246
244,rigid,6.003530979156494,100.0,3.006854201491663e-16,3.006854201491663e-14,250.0,0.0,0.0,1.0,0.016991419717669487,0.016991419717669487,60.0,0.007803646847605705,0.4682188108563423,0.0,0.0,0.0,800.0,0.006897900719195604,5.5183205753564835,0.0,0.0,0.0,700000,700000,1217
245,rigid,5.950522422790527,100.0,3.006854201491663e-16,3.006854201491663e-14,250.0,0.0,0.0,1.0,0.017116451635956764,0.017116451635956764,60.0,0.007919229567050934,0.47515377402305603,0.0,0.0,0.0,800.0,0.006822815164923668,5.458252131938934,0.0,0.0,0.0,700000,700000,1212
246,rigid,5.900551795959473,100.0,3.006854201491663e-16,3.006854201491663e-14,250.0,0.0,0.0,1.0,0.017241939902305603,0.017241939902305603,60.0,0.00806368701159954,0.48382122069597244,0.0,0.0,0.0,800.0,0.0067493608221411705,5.399488657712936,0.0,0.0,0.0,700000,700000,1176
247,rigid,5.841674327850342,100.0,3.006854201491663e-16,3.006854201491663e-14,250.0,0.0,0.0,1.0,0.017365414649248123,0.017365414649248123,60.0,0.008058508858084679,0.4835105314850807,0.0,0.0,0.0,800.0,0.006675997748970985,5.340798199176788,0.0,0.0,0.0,700000,700000,1160
248,rigid,5.781720161437988,100.0,3.006854201491663e-16,3.006854201491663e-14,250.0,0.0,0.0,1.0,0.01748870499432087,0.01748870499432087,60.0,0.008043529465794563,0.4826117679476738,0.0,0.0,0.0,800.0,0.00660202419385314,5.281619355082512,0.0,0.0,0.0,700000,700000,1158
249,rigid,5.725999355316162,100.0,3.006854201491663e-16,3.006854201491663e-14,250.0,0.0,0.0,1.0,0.017612436786293983,0.017612436786293983,60.0,0.008086711168289185,0.4852026700973511,0.0,0.0,0.0,800.0,0.006528980098664761,5.2231840789318085,0.0,0.0,0.0,700000,700000,1148
250,rigid,5.662075996398926,100.0,3.006854201491663e-16,3.006854201491663e-14,250.0,0.0,0.0,1.0,0.017735350877046585,0.017735350877046585,60.0,0.00799025222659111,0.4794151335954666,0.0,0.0,0.0,800.0,0.006456156726926565,5.164925381541252,0.0,0.0,0.0,700000,700000,1155
251,rigid,5.606322288513184,100.0,3.006854201491663e-16,3.006854201491663e-14,250.0,0.0,0.0,1.0,0.017856186255812645,0.017856186255812645,60.0,0.00802746880799532,0.48164812847971916,0.0,0.0,0.0,800.0,0.006383522879332304,5.106818303465843,0.0,0.0,0.0,700000,700000,1155
252,rigid,5.546633720397949,100.0,3.006854201491663e-16,3.006854201491663e-14,250.0,0.0,0.0,1.0,0.017976801842451096,0.017976801842451096,60.0,0.007990110665559769,0.4794066399335861,0.0,0.0,0.0,800.0,0.006311562843620777,5.049250274896622,0.0,0.0,0.0,700000,700000,1158
253,rigid,5.483241558074951,100.0,3.006854201491663e-16,3.006854201491663e-14,250.0,0.0,0.0,1.0,0.01809656247496605,0.01809656247496605,60.0,0.007875323295593262,0.4725193977355957,0.0,0.0,0.0,800.0,0.006240782327950001,4.992625862360001,0.0,0.0,0.0,700000,700000,1149
254,rigid,5.430647373199463,100.0,3.006854201491663e-16,3.006854201491663e-14,250.0,0.0,0.0,1.0,0.018215451389551163,0.018215451389551163,60.0,0.00792896281927824,0.4757377691566944,0.0,0.0,0.0,800.0,0.006170867942273617,4.936694353818893,0.0,0.0,0.0,700000,700000,1154
255,rigid,5.36128044128418,100.0,3.006854201491663e-16,3.006854201491663e-14,250.0,0.0,0.0,1.0,0.018334729596972466,0.018334729596972466,60.0,0.007693510968238115,0.4616106580942869,0.0,0.0,0.0,800.0,0.0061016688123345375,4.88133504986763,0.0,0.0,0.0,700000,700000,1166
256,rigid,5.328603744506836,100.0,3.006854201491663e-16,3.006854201491663e-14,250.0,0.0,0.0,1.0,0.018452484160661697,0.018452484160661697,60.0,0.00804807711392641,0.48288462683558464,0.0,0.0,0.0,800.0,0.0060340831987559795,4.827266559004784,0.0,0.0,0.0,700000,700000,1148
257,rigid,5.247829914093018,100.0,3.006854201491663e-16,3.006854201491663e-14,250.0,0.0,0.0,1.0,0.018570618703961372,0.018570618703961372,60.0,0.007582705933600664,0.45496235601603985,0.0,0.0,0.0,800.0,0.005967870820313692,4.774296656250954,0.0,0.0,0.0,700000,700000,1175
258,rigid,5.197567939758301,100.0,3.006854201491663e-16,3.006854201491663e-14,250.0,0.0,0.0,1.0,0.018687201663851738,0.018687201663851738,60.0,0.007605375722050667,0.45632254332304,0.0,0.0,0.0,800.0,0.005903197452425957,4.722557961940765,0.0,0.0,0.0,700000,700000,1157
259,rigid,5.155000686645508,100.0,3.006854201491663e-16,3.006854201491663e-14,250.0,0.0,0.0,1.0,0.018804794177412987,0.018804794177412987,60.0,0.00773266889154911,0.4639601334929466,0.0,0.0,0.0,800.0,0.005840294994413853,4.672235995531082,0.0,0.0,0.0,700000,700000,1147
260,rigid,5.103421688079834,100.0,3.006854201491663e-16,3.006854201491663e-14,250.0,0.0,0.0,1.0,0.01892017386853695,0.01892017386853695,60.0,0.00768456794321537,0.4610740765929222,0.0,0.0,0.0,800.0,0.005779284052550793,4.623427242040634,0.0,0.0,0.0,700000,700000,1148
261,rigid,5.062355995178223,100.0,3.006854201491663e-16,3.006854201491663e-14,250.0,0.0,0.0,1.0,0.019037850201129913,0.019037850201129913,60.0,0.007789830677211285,0.4673898406326771,0.0,0.0,0.0,800.0,0.005719910375773907,4.575928300619125,0.0,0.0,0.0,700000,700000,1141
262,rigid,5.006189346313477,100.0,3.006854201491663e-16,3.006854201491663e-14,250.0,0.0,0.0,1.0,0.019155241549015045,0.019155241549015045,60.0,0.007613442838191986,0.45680657029151917,0.0,0.0,0.0,800.0,0.005662784446030855,4.530227556824684,0.0,0.0,0.0,700000,700000,1129
263,rigid,4.977076053619385,100.0,3.006854201491663e-16,3.006854201491663e-14,250.0,0.0,0.0,1.0,0.01927299238741398,0.01927299238741398,60.0,0.007865427993237972,0.47192567959427834,0.0,0.0,0.0,800.0,0.0056073470041155815,4.485877603292465,0.0,0.0,0.0,700000,700000,1115
264,rigid,4.931815147399902,100.0,3.006854201491663e-16,3.006854201491663e-14,250.0,0.0,0.0,1.0,0.019389797002077103,0.019389797002077103,60.0,0.007821920327842236,0.46931521967053413,0.0,0.0,0.0,800.0,0.005553887691348791,4.443110153079033,0.0,0.0,0.0,700000,700000,1108
265,rigid,4.891621112823486,100.0,3.006854201491663e-16,3.006854201491663e-14,250.0,0.0,0.0,1.0,0.019506951794028282,0.019506951794028282,60.0,0.007845884189009666,0.47075305134058,0.0,0.0,0.0,800.0,0.005501701030880213,4.40136082470417,0.0,0.0,0.0,700000,700000,1086
266,rigid,4.856972694396973,100.0,3.006854201491663e-16,3.006854201491663e-14,250.0,0.0,0.0,1.0,0.019624462351202965,0.019624462351202965,60.0,0.007954326458275318,0.4772595874965191,0.0,0.0,0.0,800.0,0.005450110882520676,4.3600887060165405,0.0,0.0,0.0,700000,700000,1068
267,rigid,4.816966533660889,100.0,3.006854201491663e-16,3.006854201491663e-14,250.0,0.0,0.0,1.0,0.01974298618733883,0.01974298618733883,60.0,0.007972899824380875,0.4783739894628525,0.0,0.0,0.0,800.0,0.005398561712354422,4.318849369883537,0.0,0.0,0.0,700000,700000,1064
268,rigid,4.781700134277344,100.0,3.006854201491663e-16,3.006854201491663e-14,250.0,0.0,0.0,1.0,0.01985855959355831,0.01985855959355831,60.0,0.00807023886591196,0.48421433195471764,0.0,0.0,0.0,800.0,0.005347033962607384,4.277627170085907,0.0,0.0,0.0,700000,700000,1050
269,rigid,4.730195045471191,100.0,3.006854201491663e-16,3.006854201491663e-14,250.0,0.0,0.0,1.0,0.01997380703687668,0.01997380703687668,60.0,0.007909296080470085,0.4745577648282051,0.0,0.0,0.0,800.0,0.005294579081237316,4.235663264989853,0.0,0.0,0.0,700000,700000,1064
270,rigid,4.683556079864502,100.0,3.006854201491663e-16,3.006854201491663e-14,250.0,0.0,0.0,1.0,0.020088722929358482,0.020088722929358482,60.0,0.00784357264637947,0.47061435878276825,0.0,0.0,0.0,800.0,0.005241066217422485,4.192852973937988,0.0,0.0,0.0,700000,700000,1039
271,rigid,4.648745059967041,100.0,3.006854201491663e-16,3.006854201491663e-14,250.0,0.0,0.0,1.0,0.02020196244120598,0.02020196244120598,60.0,0.007990710437297821,0.47944262623786926,0.0,0.0,0.0,800.0,0.005186375230550766,4.149100184440613,0.0,0.0,0.0,700000,700000,1061
272,rigid,4.599461555480957,100.0,3.006854201491663e-16,3.006854201491663e-14,250.0,0.0,0.0,1.0,0.02031552605330944,0.02031552605330944,60.0,0.00787651538848877,0.47259092330932617,0.0,0.0,0.0,800.0,0.005133193917572498,4.106555134057999,0.0,0.0,0.0,700000,700000,1054
273,rigid,4.5688958168029785,100.0,3.006854201491663e-16,3.006854201491663e-14,250.0,0.0,0.0,1.0,0.020427392795681953,0.020427392795681953,60.0,0.008043758571147919,0.4826255142688751,0.0,0.0,0.0,800.0,0.005082304123789072,4.065843299031258,0.0,0.0,0.0,700000,700000,1052
274,rigid,4.532725811004639,100.0,3.006854201491663e-16,3.006854201491663e-14,250.0,0.0,0.0,1.0,0.02054225653409958,0.02054225653409958,60.0,0.00809505395591259,0.4857032373547554,0.0,0.0,0.0,800.0,0.0050331000238657,4.02648001909256,0.0,0.0,0.0,700000,700000,1038
275,rigid,4.494844913482666,100.0,3.006854201491663e-16,3.006854201491663e-14,250.0,0.0,0.0,1.0,0.02065340057015419,0.02065340057015419,60.0,0.008104056119918823,0.4862433671951294,0.0,0.0,0.0,800.0,0.004984934814274311,3.987947851419449,0.0,0.0,0.0,700000,700000,1030
276,rigid,4.450527667999268,100.0,3.006854201491663e-16,3.006854201491663e-14,250.0,0.0,0.0,1.0,0.020766865462064743,0.020766865462064743,60.0,0.007986914366483688,0.4792148619890213,0.0,0.0,0.0,800.0,0.004938182421028614,3.9505459368228912,0.0,0.0,0.0,700000,700000,1019
277,rigid,4.418361663818359,100.0,3.006854201491663e-16,3.006854201491663e-14,250.0,0.0,0.0,1.0,0.020879967138171196,0.020879967138171196,60.0,0.008043934591114521,0.48263607546687126,0.0,0.0,0.0,800.0,0.0048935567028820515,3.914845362305641,0.0,0.0,0.0,700000,700000,1014
278,rigid,4.3619489669799805,100.0,3.006854201491663e-16,3.006854201491663e-14,250.0,0.0,0.0,1.0,0.020992018282413483,0.020992018282413483,60.0,0.007683228701353073,0.4609937220811844,0.0,0.0,0.0,800.0,0.004849954042583704,3.879963234066963,0.0,0.0,0.0,700000,700000,1009
279,rigid,4.3509321212768555,100.0,3.006854201491663e-16,3.006854201491663e-14,250.0,0.0,0.0,1.0,0.021104365587234497,0.021104365587234497,60.0,0.008071616291999817,0.484296977519989,0.0,0.0,0.0,800.0,0.004806913435459137,3.8455307483673096,0.0,0.0,0.0,700000,700000,992
280,rigid,4.310735702514648,100.0,3.006854201491663e-16,3.006854201491663e-14,250.0,0.0,0.0,1.0,0.02121633104979992,0.02121633104979992,60.0,0.007972749881446362,0.4783649928867817,0.0,0.0,0.0,800.0,0.004763942677527666,3.811154142022133,0.0,0.0,0.0,700000,700000,981
281,rigid,4.272883415222168,100.0,3.006854201491663e-16,3.006854201491663e-14,250.0,0.0,0.0,1.0,0.021325163543224335,0.021325163543224335,60.0,0.007916790433228016,0.47500742599368095,0.0,0.0,0.0,800.0,0.004720688331872225,3.77655066549778,0.0,0.0,0.0,700000,700000,969
282,rigid,4.257307052612305,100.0,3.006854201491663e-16,3.006854201491663e-14,250.0,0.0,0.0,1.0,0.021433589980006218,0.021433589980006218,60.0,0.00823274627327919,0.4939647763967514,0.0,0.0,0.0,800.0,0.004677386023104191,3.7419088184833527,0.0,0.0,0.0,700000,700000,954
283,rigid,4.218625068664551,100.0,3.006854201491663e-16,3.006854201491663e-14,250.0,0.0,0.0,1.0,0.021540220826864243,0.021540220826864243,60.0,0.008156739175319672,0.4894043505191803,0.0,0.0,0.0,800.0,0.0046346005983650684,3.7076804786920547,0.0,0.0,0.0,700000,700000,957
284,rigid,4.173831462860107,100.0,3.006854201491663e-16,3.006854201491663e-14,250.0,0.0,0.0,1.0,0.02164781093597412,0.02164781093597412,60.0,0.007959047332406044,0.47754283994436264,0.0,0.0,0.0,800.0,0.004593301098793745,3.674640879034996,0.0,0.0,0.0,700000,700000,962
285,rigid,4.149964809417725,100.0,3.006854201491663e-16,3.006854201491663e-14,250.0,0.0,0.0,1.0,0.021752897650003433,0.021752897650003433,60.0,0.008094028569757938,0.4856417141854763,0.0,0.0,0.0,800.0,0.004553212784230709,3.6425702273845673,0.0,0.0,0.0,700000,700000,959
286,rigid,4.123291015625,100.0,3.006854201491663e-16,3.006854201491663e-14,250.0,0.0,0.0,1.0,0.021857548505067825,0.021857548505067825,60.0,0.008163819089531898,0.4898291453719139,0.0,0.0,0.0,800.0,0.0045145051553845406,3.6116041243076324,0.0,0.0,0.0,700000,700000,945
287,rigid,4.099062919616699,100.0,3.006854201491663e-16,3.006854201491663e-14,250.0,0.0,0.0,1.0,0.0219589713960886,0.0219589713960886,60.0,0.008265942335128784,0.49595654010772705,0.0,0.0,0.0,800.0,0.004476434551179409,3.581147640943527,0.0,0.0,0.0,700000,700000,955
288,rigid,4.067573070526123,100.0,3.006854201491663e-16,3.006854201491663e-14,250.0,0.0,0.0,1.0,0.022056443616747856,0.022056443616747856,60.0,0.008225871250033379,0.4935522750020027,0.0,0.0,0.0,800.0,0.004439955577254295,3.5519644618034363,0.0,0.0,0.0,700000,700000,951
289,rigid,4.043057441711426,100.0,3.006854201491663e-16,3.006854201491663e-14,250.0,0.0,0.0,1.0,0.022150643169879913,0.022150643169879913,60.0,0.008289980702102184,0.49739884212613106,0.0,0.0,0.0,800.0,0.004404385108500719,3.5235080868005753,0.0,0.0,0.0,700000,700000,945
290,rigid,4.012714862823486,100.0,3.006854201491663e-16,3.006854201491663e-14,250.0,0.0,0.0,1.0,0.022237343713641167,0.022237343713641167,60.0,0.008240687660872936,0.4944412596523762,0.0,0.0,0.0,800.0,0.00437004491686821,3.496035933494568,0.0,0.0,0.0,700000,700000,930
291,rigid,4.00241756439209,100.0,3.006854201491663e-16,3.006854201491663e-14,250.0,0.0,0.0,1.0,0.022318599745631218,0.022318599745631218,60.0,0.008506668731570244,0.5104001238942146,0.0,0.0,0.0,800.0,0.004337123595178127,3.469698876142502,0.0,0.0,0.0,700000,700000,914
292,rigid,3.9637835025787354,100.0,3.006854201491663e-16,3.006854201491663e-14,250.0,0.0,0.0,1.0,0.022392984479665756,0.022392984479665756,60.0,0.008285053074359894,0.49710318446159363,0.0,0.0,0.0,800.0,0.004305358976125717,3.4442871809005737,0.0,0.0,0.0,700000,700000,895
293,rigid,3.965574264526367,100.0,3.006854201491663e-16,3.006854201491663e-14,250.0,0.0,0.0,1.0,0.022463975474238396,0.022463975474238396,60.0,0.00872447807341814,0.5234686844050884,0.0,0.0,0.0,800.0,0.004274551756680012,3.4196414053440094,0.0,0.0,0.0,700000,700000,882
294,rigid,3.940068244934082,100.0,3.006854201491663e-16,3.006854201491663e-14,250.0,0.0,0.0,1.0,0.022528035566210747,0.022528035566210747,60.0,0.008702261373400688,0.5221356824040413,0.0,0.0,0.0,800.0,0.00424425583332777,3.395404666662216,0.0,0.0,0.0,700000,700000,870
295,rigid,3.913320541381836,100.0,3.006854201491663e-16,3.006854201491663e-14,250.0,0.0,0.0,1.0,0.022585125640034676,0.022585125640034676,60.0,0.008662519976496696,0.5197511985898018,0.0,0.0,0.0,800.0,0.004213730338960886,3.370984271168709,0.0,0.0,0.0,700000,700000,864
296,rigid,3.8969194889068604,100.0,3.006854201491663e-16,3.006854201491663e-14,250.0,0.0,0.0,1.0,0.022636648267507553,0.022636648267507553,60.0,0.008793432265520096,0.5276059359312057,0.0,0.0,0.0,800.0,0.004183345939964056,3.346676751971245,0.0,0.0,0.0,700000,700000,853
297,rigid,3.870366334915161,100.0,3.006854201491663e-16,3.006854201491663e-14,250.0,0.0,0.0,1.0,0.02267974056303501,0.02267974056303501,60.0,0.008750490844249725,0.5250294506549835,0.0,0.0,0.0,800.0,0.004153321497142315,3.322657197713852,0.0,0.0,0.0,700000,700000,856
298,rigid,3.859877824783325,100.0,3.006854201491663e-16,3.006854201491663e-14,250.0,0.0,0.0,1.0,0.022715799510478973,0.022715799510478973,60.0,0.008961175568401814,0.5376705341041088,0.0,0.0,0.0,800.0,0.004124364349991083,3.2994914799928665,0.0,0.0,0.0,700000,700000,847
299,rigid,3.852588415145874,100.0,3.006854201491663e-16,3.006854201491663e-14,250.0,0.0,0.0,1.0,0.02274622768163681,0.02274622768163681,60.0,0.009203650988638401,0.5522190593183041,0.0,0.0,0.0,800.0,0.004097029101103544,3.2776232808828354,0.0,0.0,0.0,700000,700000,844
300,rigid,3.8053340911865234,100.0,3.006854201491663e-16,3.006854201491663e-14,250.0,0.0,0.0,1.0,0.022771010175347328,0.022771010175347328,60.0,0.008754201233386993,0.5252520740032196,0.0,0.0,0.0,800.0,0.00407163891941309,3.257311135530472,0.0,0.0,0.0,700000,700000,846
301,rigid,3.8089101314544678,100.0,3.006854201491663e-16,3.006854201491663e-14,250.0,0.0,0.0,1.0,0.022792259231209755,0.022792259231209755,60.0,0.009122483432292938,0.5473490059375763,0.0,0.0,0.0,800.0,0.004048461094498634,3.2387688755989075,0.0,0.0,0.0,700000,700000,831
302,rigid,3.7824583053588867,100.0,3.006854201491663e-16,3.006854201491663e-14,250.0,0.0,0.0,1.0,0.022806433960795403,0.022806433960795403,60.0,0.008978291414678097,0.5386974848806858,0.0,0.0,0.0,800.0,0.004026193171739578,3.2209545373916626,0.0,0.0,0.0,700000,700000,814
303,rigid,3.773165225982666,100.0,3.006854201491663e-16,3.006854201491663e-14,250.0,0.0,0.0,1.0,0.02281494066119194,0.02281494066119194,60.0,0.009103496558964252,0.5462097935378551,0.0,0.0,0.0,800.0,0.0040051755495369434,3.2041404396295547,0.0,0.0,0.0,700000,700000,806
304,rigid,3.7693772315979004,100.0,3.006854201491663e-16,3.006854201491663e-14,250.0,0.0,0.0,1.0,0.022821320220828056,0.022821320220828056,60.0,0.009297276847064495,0.5578366108238697,0.0,0.0,0.0,800.0,0.003985899034887552,3.188719227910042,0.0,0.0,0.0,700000,700000,784
305,rigid,3.7612860202789307,100.0,3.006854201491663e-16,3.006854201491663e-14,250.0,0.0,0.0,1.0,0.022826282307505608,0.022826282307505608,60.0,0.009378652088344097,0.5627191253006458,0.0,0.0,0.0,800.0,0.003969675861299038,3.1757406890392303,0.0,0.0,0.0,700000,700000,750
306,rigid,3.7489535808563232,100.0,3.006854201491663e-16,3.006854201491663e-14,250.0,0.0,0.0,1.0,0.022827699780464172,0.022827699780464172,60.0,0.00934955570846796,0.5609733425080776,0.0,0.0,0.0,800.0,0.003956440836191177,3.165152668952942,0.0,0.0,0.0,700000,700000,730
307,rigid,3.759434938430786,100.0,3.006854201491663e-16,3.006854201491663e-14,250.0,0.0,0.0,1.0,0.02282273955643177,0.02282273955643177,60.0,0.009652492590248585,0.5791495554149151,0.0,0.0,0.0,800.0,0.003946828190237284,3.157462552189827,0.0,0.0,0.0,700000,700000,712
308,rigid,3.7373125553131104,100.0,3.006854201491663e-16,3.006854201491663e-14,250.0,0.0,0.0,1.0,0.022814230993390083,0.022814230993390083,60.0,0.009393833577632904,0.5636300146579742,0.0,0.0,0.0,800.0,0.003938585519790649,3.1508684158325195,0.0,0.0,0.0,700000,700000,690
309,rigid,3.7379205226898193,100.0,3.006854201491663e-16,3.006854201491663e-14,250.0,0.0,0.0,1.0,0.022801470011472702,0.022801470011472702,60.0,0.009487802162766457,0.5692681297659874,0.0,0.0,0.0,800.0,0.0039323135279119015,3.145850822329521,0.0,0.0,0.0,700000,700000,676
310,rigid,3.721327781677246,100.0,3.006854201491663e-16,3.006854201491663e-14,250.0,0.0,0.0,1.0,0.022791553288698196,0.022791553288698196,60.0,0.009227796457707882,0.5536677874624729,0.0,0.0,0.0,800.0,0.003931085579097271,3.1448684632778168,0.0,0.0,0.0,700000,700000,656
311,rigid,3.730865716934204,100.0,3.006854201491663e-16,3.006854201491663e-14,250.0,0.0,0.0,1.0,0.02278517372906208,0.02278517372906208,60.0,0.009298304095864296,0.5578982457518578,0.0,0.0,0.0,800.0,0.0039377277716994286,3.150182217359543,0.0,0.0,0.0,700000,700000,612
312,rigid,3.718000888824463,100.0,3.006854201491663e-16,3.006854201491663e-14,250.0,0.0,0.0,1.0,0.022780217230319977,0.022780217230319977,60.0,0.008875380270183086,0.5325228162109852,0.0,0.0,0.0,800.0,0.003953372128307819,3.1626977026462555,0.0,0.0,0.0,700000,700000,568
313,rigid,3.705872058868408,100.0,3.006854201491663e-16,3.006854201491663e-14,250.0,0.0,0.0,1.0,0.022780926898121834,0.022780926898121834,60.0,0.0083144661039114,0.498867966234684,0.0,0.0,0.0,800.0,0.003980278968811035,3.184223175048828,0.0,0.0,0.0,700000,700000,535
314,rigid,3.7229971885681152,100.0,3.006854201491663e-16,3.006854201491663e-14,250.0,0.0,0.0,1.0,0.022791553288698196,0.022791553288698196,60.0,0.008083568885922432,0.4850141331553459,0.0,0.0,0.0,800.0,0.0040189893916249275,3.215191513299942,0.0,0.0,0.0,700000,700000,484
315,rigid,3.7268893718719482,100.0,3.006854201491663e-16,3.006854201491663e-14,250.0,0.0,0.0,1.0,0.02281281165778637,0.02281281165778637,60.0,0.007426197174936533,0.445571830496192,0.0,0.0,0.0,800.0,0.004073130898177624,3.258504718542099,0.0,0.0,0.0,700000,700000,437
316,rigid,3.72887921333313,100.0,3.006854201491663e-16,3.006854201491663e-14,250.0,0.0,0.0,1.0,0.02284756302833557,0.02284756302833557,60.0,0.006536644883453846,0.39219869300723076,0.0,0.0,0.0,800.0,0.0041422913782298565,3.313833102583885,0.0,0.0,0.0,700000,700000,391
317,rigid,3.7607362270355225,100.0,3.006854201491663e-16,3.006854201491663e-14,250.0,0.0,0.0,1.0,0.022892983630299568,0.022892983630299568,60.0,0.006046498194336891,0.36278989166021347,0.0,0.0,0.0,800.0,0.0042188167572021484,3.3750534057617188,0.0,0.0,0.0,700000,700000,326
318,rigid,3.759305238723755,100.0,3.006854201491663e-16,3.006854201491663e-14,250.0,0.0,0.0,1.0,0.022946272045373917,0.022946272045373917,60.0,0.005149621516466141,0.30897729098796844,0.0,0.0,0.0,800.0,0.004284227266907692,3.4273818135261536,0.0,0.0,0.0,700000,700000,299
319,rigid,3.7658298015594482,100.0,3.006854201491663e-16,3.006854201491663e-14,250.0,0.0,0.0,1.0,0.02300318516790867,0.02300318516790867,60.0,0.004903377965092659,0.29420267790555954,0.0,0.0,0.0,800.0,0.0043107797391712666,3.4486237913370132,0.0,0.0,0.0,700000,700000,275
320,rigid,3.7509706020355225,100.0,3.006854201491663e-16,3.006854201491663e-14,250.0,0.0,0.0,1.0,0.02305232733488083,0.02305232733488083,60.0,0.004977499600499868,0.2986499760299921,0.0,0.0,0.0,800.0,0.004286585375666618,3.4292683005332947,0.0,0.0,0.0,700000,700000,276
321,rigid,3.7317562103271484,100.0,3.006854201491663e-16,3.006854201491663e-14,250.0,0.0,0.0,1.0,0.02309795655310154,0.02309795655310154,60.0,0.005346471443772316,0.32078828662633896,0.0,0.0,0.0,800.0,0.004234837368130684,3.387869894504547,0.0,0.0,0.0,700000,700000,293
322,rigid,3.687114953994751,100.0,3.006854201491663e-16,3.006854201491663e-14,250.0,0.0,0.0,1.0,0.023150766268372536,0.023150766268372536,60.0,0.005372419022023678,0.32234514132142067,0.0,0.0,0.0,800.0,0.004177023656666279,3.341618925333023,0.0,0.0,0.0,700000,700000,314
323,rigid,3.6720871925354004,100.0,3.006854201491663e-16,3.006854201491663e-14,250.0,0.0,0.0,1.0,0.023209363222122192,0.023209363222122192,60.0,0.0058721513487398624,0.35232908092439175,0.0,0.0,0.0,800.0,0.004120686091482639,3.2965488731861115,0.0,0.0,0.0,700000,700000,335
324,rigid,3.647078275680542,100.0,3.006854201491663e-16,3.006854201491663e-14,250.0,0.0,0.0,1.0,0.023276621475815773,0.023276621475815773,60.0,0.006091840099543333,0.3655104059726,0.0,0.0,0.0,800.0,0.004072864074259996,3.258291259407997,0.0,0.0,0.0,700000,700000,349
325,rigid,3.628952980041504,100.0,3.006854201491663e-16,3.006854201491663e-14,250.0,0.0,0.0,1.0,0.023343976587057114,0.023343976587057114,60.0,0.006312458775937557,0.37874752655625343,0.0,0.0,0.0,800.0,0.00403357669711113,3.226861357688904,0.0,0.0,0.0,700000,700000,366
326,rigid,3.596036195755005,100.0,3.006854201491663e-16,3.006854201491663e-14,250.0,0.0,0.0,1.0,0.023407841101288795,0.023407841101288795,60.0,0.00622122548520565,0.373273529112339,0.0,0.0,0.0,800.0,0.003999193664640188,3.1993549317121506,0.0,0.0,0.0,700000,700000,387
327,rigid,3.5832314491271973,100.0,3.006854201491663e-16,3.006854201491663e-14,250.0,0.0,0.0,1.0,0.023467477411031723,0.023467477411031723,60.0,0.006318219471722841,0.3790931683033705,0.0,0.0,0.0,800.0,0.0039758384227752686,3.180670738220215,0.0,0.0,0.0,700000,700000,397
328,rigid,3.5712621212005615,100.0,3.006854201491663e-16,3.006854201491663e-14,250.0,0.0,0.0,1.0,0.023526469245553017,0.023526469245553017,60.0,0.0062260497361421585,0.3735629841685295,0.0,0.0,0.0,800.0,0.00396771589294076,3.1741727143526077,0.0,0.0,0.0,700000,700000,395
329,rigid,3.5857460498809814,100.0,3.006854201491663e-16,3.006854201491663e-14,250.0,0.0,0.0,1.0,0.02358913980424404,0.02358913980424404,60.0,0.006330794654786587,0.3798476792871952,0.0,0.0,0.0,800.0,0.003977886401116848,3.1823091208934784,0.0,0.0,0.0,700000,700000,388
330,rigid,3.582242250442505,100.0,3.006854201491663e-16,3.006854201491663e-14,250.0,0.0,0.0,1.0,0.02365189418196678,0.02365189418196678,60.0,0.005944515578448772,0.35667093470692635,0.0,0.0,0.0,800.0,0.004002399276942015,3.2019194215536118,0.0,0.0,0.0,700000,700000,360
331,rigid,3.5877604484558105,100.0,3.006854201491663e-16,3.006854201491663e-14,250.0,0.0,0.0,1.0,0.023696662858128548,0.023696662858128548,60.0,0.005588510073721409,0.33531060442328453,0.0,0.0,0.0,800.0,0.0040359413251280785,3.2287530601024628,0.0,0.0,0.0,700000,700000,335
332,rigid,3.6209449768066406,100.0,3.006854201491663e-16,3.006854201491663e-14,250.0,0.0,0.0,1.0,0.023731354624032974,0.023731354624032974,60.0,0.005585307255387306,0.3351184353232384,0.0,0.0,0.0,800.0,0.004077618941664696,3.2620951533317566,0.0,0.0,0.0,700000,700000,321
333,rigid,3.6196627616882324,100.0,3.006854201491663e-16,3.006854201491663e-14,250.0,0.0,0.0,1.0,0.023763176053762436,0.023763176053762436,60.0,0.004919266793876886,0.2951560076326132,0.0,0.0,0.0,800.0,0.0041259294375777245,3.3007435500621796,0.0,0.0,0.0,700000,700000,298
334,rigid,3.638380289077759,100.0,3.006854201491663e-16,3.006854201491663e-14,250.0,0.0,0.0,1.0,0.023785609751939774,0.023785609751939774,60.0,0.004780218005180359,0.28681308031082153,0.0,0.0,0.0,800.0,0.00415972713381052,3.327781707048416,0.0,0.0,0.0,700000,700000,271
335,rigid,3.6374850273132324,100.0,3.006854201491663e-16,3.006854201491663e-14,250.0,0.0,0.0,1.0,0.02376462332904339,0.02376462332904339,60.0,0.00472037959843874,0.2832227759063244,0.0,0.0,0.0,800.0,0.004163122270256281,3.3304978162050247,0.0,0.0,0.0,700000,700000,280
336,rigid,3.6316721439361572,100.0,3.006854201491663e-16,3.006854201491663e-14,250.0,0.0,0.0,1.0,0.023706059902906418,0.023706059902906418,60.0,0.004886936396360397,0.29321618378162384,0.0,0.0,0.0,800.0,0.004143437370657921,3.3147498965263367,0.0,0.0,0.0,700000,700000,292
337,rigid,3.645139217376709,100.0,3.006854201491663e-16,3.006854201491663e-14,250.0,0.0,0.0,1.0,0.023615818470716476,0.023615818470716476,60.0,0.005510407965630293,0.3306244779378176,0.0,0.0,0.0,800.0,0.004113623406738043,3.2908987253904343,0.0,0.0,0.0,700000,700000,302
338,rigid,3.637042284011841,100.0,3.006854201491663e-16,3.006854201491663e-14,250.0,0.0,0.0,1.0,0.023523589596152306,0.023523589596152306,60.0,0.005615161266177893,0.33690967597067356,0.0,0.0,0.0,800.0,0.004095761105418205,3.276608884334564,0.0,0.0,0.0,700000,700000,307
339,rigid,3.6288747787475586,100.0,3.006854201491663e-16,3.006854201491663e-14,250.0,0.0,0.0,1.0,0.02344232052564621,0.02344232052564621,60.0,0.005449097137898207,0.3269458282738924,0.0,0.0,0.0,800.0,0.004098108038306236,3.278486430644989,0.0,0.0,0.0,700000,700000,311
340,rigid,3.6318697929382324,100.0,3.006854201491663e-16,3.006854201491663e-14,250.0,0.0,0.0,1.0,0.023354018107056618,0.023354018107056618,60.0,0.005401854868978262,0.3241112921386957,0.0,0.0,0.0,800.0,0.004105505533516407,3.2844044268131256,0.0,0.0,0.0,700000,700000,307
341,rigid,3.6397950649261475,100.0,3.006854201491663e-16,3.006854201491663e-14,250.0,0.0,0.0,1.0,0.023252278566360474,0.023252278566360474,60.0,0.005417152773588896,0.32502916641533375,0.0,0.0,0.0,800.0,0.004114392213523388,3.2915137708187103,0.0,0.0,0.0,700000,700000,312
342,rigid,3.649129867553711,100.0,3.006854201491663e-16,3.006854201491663e-14,250.0,0.0,0.0,1.0,0.0231393463909626,0.0231393463909626,60.0,0.005425762850791216,0.32554577104747295,0.0,0.0,0.0,800.0,0.004125555977225304,3.300444781780243,0.0,0.0,0.0,700000,700000,302
343,rigid,3.6470353603363037,100.0,3.006854201491663e-16,3.006854201491663e-14,250.0,0.0,0.0,1.0,0.023026682436466217,0.023026682436466217,60.0,0.005186032969504595,0.3111619781702757,0.0,0.0,0.0,800.0,0.004141058307141066,3.3128466457128525,0.0,0.0,0.0,700000,700000,294
344,rigid,3.6623103618621826,100.0,3.006854201491663e-16,3.006854201491663e-14,250.0,0.0,0.0,1.0,0.02289724536240101,0.02289724536240101,60.0,0.005308444611728191,0.3185066767036915,0.0,0.0,0.0,800.0,0.0041511328890919685,3.320906311273575,0.0,0.0,0.0,700000,700000,297
345,rigid,3.673758029937744,100.0,3.006854201491663e-16,3.006854201491663e-14,250.0,0.0,0.0,1.0,0.022761095315217972,0.022761095315217972,60.0,0.005369027145206928,0.3221416287124157,0.0,0.0,0.0,800.0,0.004161069169640541,3.328855335712433,0.0,0.0,0.0,700000,700000,297
346,rigid,3.6547722816467285,100.0,3.006854201491663e-16,3.006854201491663e-14,250.0,0.0,0.0,1.0,0.022611940279603004,0.022611940279603004,60.0,0.005065187346190214,0.30391124077141285,0.0,0.0,0.0,800.0,0.004160311073064804,3.3282488584518433,0.0,0.0,0.0,700000,700000,297
347,rigid,3.6516153812408447,100.0,3.006854201491663e-16,3.006854201491663e-14,250.0,0.0,0.0,1.0,0.02245412766933441,0.02245412766933441,60.0,0.005105533637106419,0.3063320182263851,0.0,0.0,0.0,800.0,0.004153536632657051,3.322829306125641,0.0,0.0,0.0,700000,700000,295
348,rigid,3.654918670654297,100.0,3.006854201491663e-16,3.006854201491663e-14,250.0,0.0,0.0,1.0,0.022294769063591957,0.022294769063591957,60.0,0.00533964904025197,0.3203789424151182,0.0,0.0,0.0,800.0,0.004140306264162064,3.312245011329651,0.0,0.0,0.0,700000,700000,305
349,rigid,3.630845785140991,100.0,3.006854201491663e-16,3.006854201491663e-14,250.0,0.0,0.0,1.0,0.022139467298984528,0.022139467298984528,60.0,0.0050798761658370495,0.30479256995022297,0.0,0.0,0.0,800.0,0.004129892215132713,3.3039137721061707,0.0,0.0,0.0,700000,700000,308
350,rigid,3.65566349029541,100.0,3.006854201491663e-16,3.006854201491663e-14,250.0,0.0,0.0,1.0,0.021993758156895638,0.021993758156895638,60.0,0.005480230785906315,0.3288138471543789,0.0,0.0,0.0,800.0,0.004131069872528315,3.3048558980226517,0.0,0.0,0.0,700000,700000,310
351,rigid,3.6536917686462402,100.0,3.006854201491663e-16,3.006854201491663e-14,250.0,0.0,0.0,1.0,0.021851306781172752,0.021851306781172752,60.0,0.005369080696254969,0.3221448417752981,0.0,0.0,0.0,800.0,0.004137119743973017,3.3096957951784134,0.0,0.0,0.0,700000,700000,307
352,rigid,3.6459670066833496,100.0,3.006854201491663e-16,3.006854201491663e-14,250.0,0.0,0.0,1.0,0.021717611700296402,0.021717611700296402,60.0,0.005039355251938105,0.3023613151162863,0.0,0.0,0.0,800.0,0.004152360372245312,3.3218882977962494,0.0,0.0,0.0,700000,700000,295
353,rigid,3.641425848007202,100.0,3.006854201491663e-16,3.006854201491663e-14,250.0,0.0,0.0,1.0,0.021565716713666916,0.021565716713666916,60.0,0.004964014980942011,0.29784089885652065,0.0,0.0,0.0,800.0,0.004152524285018444,3.3220194280147552,0.0,0.0,0.0,700000,700000,301
354,rigid,3.6489992141723633,100.0,3.006854201491663e-16,3.006854201491663e-14,250.0,0.0,0.0,1.0,0.021409546956419945,0.021409546956419945,60.0,0.005165461916476488,0.3099277149885893,0.0,0.0,0.0,800.0,0.0041470774449408054,3.3176619559526443,0.0,0.0,0.0,700000,700000,295
355,rigid,3.6410179138183594,100.0,3.006854201491663e-16,3.006854201491663e-14,250.0,0.0,0.0,1.0,0.02124299854040146,0.02124299854040146,60.0,0.00519455736503005,0.311673441901803,0.0,0.0,0.0,800.0,0.00413512671366334,3.3081013709306717,0.0,0.0,0.0,700000,700000,307
356,rigid,3.6440436840057373,100.0,3.006854201491663e-16,3.006854201491663e-14,250.0,0.0,0.0,1.0,0.021077781915664673,0.021077781915664673,60.0,0.005361890885978937,0.32171345315873623,0.0,0.0,0.0,800.0,0.004126565530896187,3.3012524247169495,0.0,0.0,0.0,700000,700000,309
357,rigid,3.653129816055298,100.0,3.006854201491663e-16,3.006854201491663e-14,250.0,0.0,0.0,1.0,0.02091524563729763,0.02091524563729763,60.0,0.005612618755549192,0.33675712533295155,0.0,0.0,0.0,800.0,0.004119321703910828,3.295457363128662,0.0,0.0,0.0,700000,700000,313
358,rigid,3.637739419937134,100.0,3.006854201491663e-16,3.006854201491663e-14,250.0,0.0,0.0,1.0,0.02076483890414238,0.02076483890414238,60.0,0.005340957548469305,0.3204574529081583,0.0,0.0,0.0,800.0,0.004120646510273218,3.2965172082185745,0.0,0.0,0.0,700000,700000,312
359,rigid,3.6379997730255127,100.0,3.006854201491663e-16,3.006854201491663e-14,250.0,0.0,0.0,1.0,0.020618341863155365,0.020618341863155365,60.0,0.00531312869861722,0.3187877219170332,0.0,0.0,0.0,800.0,0.0041232421062886715,3.298593685030937,0.0,0.0,0.0,700000,700000,312
360,rigid,3.644984483718872,100.0,3.006854201491663e-16,3.006854201491663e-14,250.0,0.0,0.0,1.0,0.02047034539282322,0.02047034539282322,60.0,0.0054005892015993595,0.32403535209596157,0.0,0.0,0.0,800.0,0.004125598352402449,3.300478681921959,0.0,0.0,0.0,700000,700000,309
361,rigid,3.628441333770752,100.0,3.006854201491663e-16,3.006854201491663e-14,250.0,0.0,0.0,1.0,0.02032623067498207,0.02032623067498207,60.0,0.005077536683529615,0.3046522010117769,0.0,0.0,0.0,800.0,0.004129328764975071,3.3034630119800568,0.0,0.0,0.0,700000,700000,314
362,rigid,3.638934850692749,100.0,3.006854201491663e-16,3.006854201491663e-14,250.0,0.0,0.0,1.0,0.02018795721232891,0.02018795721232891,60.0,0.005185270216315985,0.3111162129789591,0.0,0.0,0.0,800.0,0.00413453858345747,3.307630866765976,0.0,0.0,0.0,700000,700000,309
363,rigid,3.6395344734191895,100.0,3.006854201491663e-16,3.006854201491663e-14,250.0,0.0,0.0,1.0,0.0200461708009243,0.0200461708009243,60.0,0.0051789735443890095,0.31073841266334057,0.0,0.0,0.0,800.0,0.004135937429964542,3.308749943971634,0.0,0.0,0.0,700000,700000,306
364,rigid,3.653825044631958,100.0,3.006854201491663e-16,3.006854201491663e-14,250.0,0.0,0.0,1.0,0.019905544817447662,0.019905544817447662,60.0,0.0054502529092133045,0.32701517455279827,0.0,0.0,0.0,800.0,0.00413363054394722,3.306904435157776,0.0,0.0,0.0,700000,700000,309
365,rigid,3.642446279525757,100.0,3.006854201491663e-16,3.006854201491663e-14,250.0,0.0,0.0,1.0,0.019776631146669388,0.019776631146669388,60.0,0.005245293956249952,0.31471763737499714,0.0,0.0,0.0,800.0,0.004134939983487129,3.3079519867897034,0.0,0.0,0.0,700000,700000,307
366,rigid,3.6420745849609375,100.0,3.006854201491663e-16,3.006854201491663e-14,250.0,0.0,0.0,1.0,0.019652744755148888,0.019652744755148888,60.0,0.0051774862222373486,0.3106491733342409,0.0,0.0,0.0,800.0,0.004139715805649757,3.311772644519806,0.0,0.0,0.0,700000,700000,302
367,rigid,3.6505236625671387,100.0,3.006854201491663e-16,3.006854201491663e-14,250.0,0.0,0.0,1.0,0.019530558958649635,0.019530558958649635,60.0,0.005276788957417011,0.3166073374450207,0.0,0.0,0.0,800.0,0.004142981953918934,3.314385563135147,0.0,0.0,0.0,700000,700000,298
368,rigid,3.668745756149292,100.0,3.006854201491663e-16,3.006854201491663e-14,250.0,0.0,0.0,1.0,0.019406791776418686,0.019406791776418686,60.0,0.005623362027108669,0.33740172162652016,0.0,0.0,0.0,800.0,0.004139921627938747,3.311937302350998,0.0,0.0,0.0,700000,700000,300
369,rigid,3.633751153945923,100.0,3.006854201491663e-16,3.006854201491663e-14,250.0,0.0,0.0,1.0,0.019284069538116455,0.019284069538116455,60.0,0.0050583104602992535,0.3034986276179552,0.0,0.0,0.0,800.0,0.00413871044293046,3.310968354344368,0.0,0.0,0.0,700000,700000,305
370,rigid,3.6269049644470215,100.0,3.006854201491663e-16,3.006854201491663e-14,250.0,0.0,0.0,1.0,0.01915978640317917,0.01915978640317917,60.0,0.005061535630375147,0.3036921378225088,0.0,0.0,0.0,800.0,0.004130066372454166,3.304053097963333,0.0,0.0,0.0,700000,700000,308
371,rigid,3.638554573059082,100.0,3.006854201491663e-16,3.006854201491663e-14,250.0,0.0,0.0,1.0,0.019037850201129913,0.019037850201129913,60.0,0.005375160835683346,0.32250965014100075,0.0,0.0,0.0,800.0,0.004121258854866028,3.2970070838928223,0.0,0.0,0.0,700000,700000,313
372,rigid,3.62556791305542,100.0,3.006854201491663e-16,3.006854201491663e-14,250.0,0.0,0.0,1.0,0.01891694776713848,0.01891694776713848,60.0,0.005352922715246677,0.32117536291480064,0.0,0.0,0.0,800.0,0.004106844309717417,3.2854754477739334,0.0,0.0,0.0,700000,700000,317
373,rigid,3.612929582595825,100.0,3.006854201491663e-16,3.006854201491663e-14,250.0,0.0,0.0,1.0,0.018798358738422394,0.018798358738422394,60.0,0.005317919421941042,0.3190751653164625,0.0,0.0,0.0,800.0,0.004093820229172707,3.2750561833381653,0.0,0.0,0.0,700000,700000,319
374,rigid,3.6157386302948,100.0,3.006854201491663e-16,3.006854201491663e-14,250.0,0.0,0.0,1.0,0.018692977726459503,0.018692977726459503,60.0,0.005427810829132795,0.3256686497479677,0.0,0.0,0.0,800.0,0.004089221358299255,3.2713770866394043,0.0,0.0,0.0,700000,700000,326
375,rigid,3.6343095302581787,100.0,3.006854201491663e-16,3.006854201491663e-14,250.0,0.0,0.0,1.0,0.01860901340842247,0.01860901340842247,60.0,0.00566142937168479,0.3396857623010874,0.0,0.0,0.0,800.0,0.004095018375664949,3.2760147005319595,0.0,0.0,0.0,700000,700000,319
376,rigid,3.626342296600342,100.0,3.006854201491663e-16,3.006854201491663e-14,250.0,0.0,0.0,1.0,0.01853865385055542,0.01853865385055542,60.0,0.005345797166228294,0.32074782997369766,0.0,0.0,0.0,800.0,0.004108819644898176,3.287055715918541,0.0,0.0,0.0,700000,700000,317
377,rigid,3.631915807723999,100.0,3.006854201491663e-16,3.006854201491663e-14,250.0,0.0,0.0,1.0,0.018474165350198746,0.018474165350198746,60.0,0.005199880804866552,0.31199284829199314,0.0,0.0,0.0,800.0,0.004126810934394598,3.3014487475156784,0.0,0.0,0.0,700000,700000,304
378,rigid,3.647420644760132,100.0,3.006854201491663e-16,3.006854201491663e-14,250.0,0.0,0.0,1.0,0.018409796059131622,0.018409796059131622,60.0,0.00524782482534647,0.3148694895207882,0.0,0.0,0.0,800.0,0.00414267648011446,3.314141184091568,0.0,0.0,0.0,700000,700000,299
379,rigid,3.6393818855285645,100.0,3.006854201491663e-16,3.006854201491663e-14,250.0,0.0,0.0,1.0,0.018330281600356102,0.018330281600356102,60.0,0.00508037768304348,0.3048226609826088,0.0,0.0,0.0,800.0,0.0041452860459685326,3.316228836774826,0.0,0.0,0.0,700000,700000,294
380,rigid,3.6434695720672607,100.0,3.006854201491663e-16,3.006854201491663e-14,250.0,0.0,0.0,1.0,0.018258551135659218,0.018258551135659218,60.0,0.005143165588378906,0.3085899353027344,0.0,0.0,0.0,800.0,0.004145776387304068,3.316621109843254,0.0,0.0,0.0,700000,700000,298
381,rigid,3.646322727203369,100.0,3.006854201491663e-16,3.006854201491663e-14,250.0,0.0,0.0,1.0,0.018193287774920464,0.018193287774920464,60.0,0.0052207945846021175,0.31324767507612705,0.0,0.0,0.0,800.0,0.004143602214753628,3.314881771802902,0.0,0.0,0.0,700000,700000,295
382,rigid,3.636763572692871,100.0,3.006854201491663e-16,3.006854201491663e-14,250.0,0.0,0.0,1.0,0.01812688075006008,0.01812688075006008,60.0,0.005094282329082489,0.30565693974494934,0.0,0.0,0.0,800.0,0.0041412245482206345,3.3129796385765076,0.0,0.0,0.0,700000,700000,301
383,rigid,3.6247546672821045,100.0,3.006854201491663e-16,3.006854201491663e-14,250.0,0.0,0.0,1.0,0.01805870048701763,0.01805870048701763,60.0,0.005010273773223162,0.3006164263933897,0.0,0.0,0.0,800.0,0.0041325995698571205,3.3060796558856964,0.0,0.0,0.0,700000,700000,301
384,rigid,3.642590045928955,100.0,3.006854201491663e-16,3.006854201491663e-14,250.0,0.0,0.0,1.0,0.017995687201619148,0.017995687201619148,60.0,0.005422516725957394,0.3253510035574436,0.0,0.0,0.0,800.0,0.004124054219573736,3.299243375658989,0.0,0.0,0.0,700000,700000,306
385,rigid,3.6286494731903076,100.0,3.006854201491663e-16,3.006854201491663e-14,250.0,0.0,0.0,1.0,0.017926497384905815,0.017926497384905815,60.0,0.005352444015443325,0.3211466409265995,0.0,0.0,0.0,800.0,0.0041119703091681,3.2895762473344803,0.0,0.0,0.0,700000,700000,315
386,rigid,3.623396158218384,100.0,3.006854201491663e-16,3.006854201491663e-14,250.0,0.0,0.0,1.0,0.01786433905363083,0.01786433905363083,60.0,0.005382285453379154,0.32293712720274925,0.0,0.0,0.0,800.0,0.004103243350982666,3.282594680786133,0.0,0.0,0.0,700000,700000,310
387,rigid,3.6405036449432373,100.0,3.006854201491663e-16,3.006854201491663e-14,250.0,0.0,0.0,1.0,0.01780417002737522,0.01780417002737522,60.0,0.005720304325222969,0.34321825951337814,0.0,0.0,0.0,800.0,0.004099351353943348,3.2794810831546783,0.0,0.0,0.0,700000,700000,310
388,rigid,3.6334681510925293,100.0,3.006854201491663e-16,3.006854201491663e-14,250.0,0.0,0.0,1.0,0.017752857878804207,0.017752857878804207,60.0,0.005601213779300451,0.3360728267580271,0.0,0.0,0.0,800.0,0.004099552985280752,3.2796423882246017,0.0,0.0,0.0,700000,700000,316
389,rigid,3.628415584564209,100.0,3.006854201491663e-16,3.006854201491663e-14,250.0,0.0,0.0,1.0,0.01770099252462387,0.01770099252462387,60.0,0.005462044849991798,0.3277226909995079,0.0,0.0,0.0,800.0,0.004103739745914936,3.282991796731949,0.0,0.0,0.0,700000,700000,309
390,rigid,3.6377034187316895,100.0,3.006854201491663e-16,3.006854201491663e-14,250.0,0.0,0.0,1.0,0.0176535714417696,0.0176535714417696,60.0,0.005573358852416277,0.3344015311449766,0.0,0.0,0.0,800.0,0.0041070603765547276,3.285648301243782,0.0,0.0,0.0,700000,700000,316
391,rigid,3.6572320461273193,100.0,3.006854201491663e-16,3.006854201491663e-14,250.0,0.0,0.0,1.0,0.017606833949685097,0.017606833949685097,60.0,0.005829512141644955,0.3497707284986973,0.0,0.0,0.0,800.0,0.004112318158149719,3.2898545265197754,0.0,0.0,0.0,700000,700000,311
392,rigid,3.6473701000213623,100.0,3.006854201491663e-16,3.006854201491663e-14,250.0,0.0,0.0,1.0,0.017565129324793816,0.017565129324793816,60.0,0.005551584996283054,0.33309509977698326,0.0,0.0,0.0,800.0,0.004120887257158756,3.296709805727005,0.0,0.0,0.0,700000,700000,305
393,rigid,3.625244140625,100.0,3.006854201491663e-16,3.006854201491663e-14,250.0,0.0,0.0,1.0,0.017522860318422318,0.017522860318422318,60.0,0.005087538622319698,0.3052523173391819,0.0,0.0,0.0,800.0,0.004128086380660534,3.302469104528427,0.0,0.0,0.0,700000,700000,305
394,rigid,3.6360349655151367,100.0,3.006854201491663e-16,3.006854201491663e-14,250.0,0.0,0.0,1.0,0.017482498660683632,0.017482498660683632,60.0,0.005198236554861069,0.3118941932916641,0.0,0.0,0.0,800.0,0.004133322741836309,3.3066581934690475,0.0,0.0,0.0,700000,700000,302
395,rigid,3.638897180557251,100.0,3.006854201491663e-16,3.006854201491663e-14,250.0,0.0,0.0,1.0,0.01743846759200096,0.01743846759200096,60.0,0.005226735025644302,0.31360410153865814,0.0,0.0,0.0,800.0,0.004134818445891142,3.3078547567129135,0.0,0.0,0.0,700000,700000,300
396,rigid,3.641416549682617,100.0,3.006854201491663e-16,3.006854201491663e-14,250.0,0.0,0.0,1.0,0.017398828640580177,0.017398828640580177,60.0,0.005192436743527651,0.31154620461165905,0.0,0.0,0.0,800.0,0.004140589386224747,3.3124715089797974,0.0,0.0,0.0,700000,700000,304
397,rigid,3.640249013900757,100.0,3.006854201491663e-16,3.006854201491663e-14,250.0,0.0,0.0,1.0,0.01735057309269905,0.01735057309269905,60.0,0.005175414495170116,0.310524869710207,0.0,0.0,0.0,800.0,0.004140466917306185,3.312373533844948,0.0,0.0,0.0,700000,700000,306
398,rigid,3.6461448669433594,100.0,3.006854201491663e-16,3.006854201491663e-14,250.0,0.0,0.0,1.0,0.017298683524131775,0.017298683524131775,60.0,0.0053389533422887325,0.32033720053732395,0.0,0.0,0.0,800.0,0.004135636147111654,3.3085089176893234,0.0,0.0,0.0,700000,700000,306
399,rigid,3.6262409687042236,100.0,3.006854201491663e-16,3.006854201491663e-14,250.0,0.0,0.0,1.0,0.017253031954169273,0.017253031954169273,60.0,0.005045141093432903,0.3027084656059742,0.0,0.0,0.0,800.0,0.0041328491643071175,3.306279331445694,0.0,0.0,0.0,700000,700000,308
400,rigid,3.641580820083618,100.0,3.006854201491663e-16,3.006854201491663e-14,250.0,0.0,0.0,1.0,0.01721237227320671,0.01721237227320671,60.0,0.0053667351603507996,0.322004109621048,0.0,0.0,0.0,800.0,0.0041279555298388,3.3023644238710403,0.0,0.0,0.0,700000,700000,308
401,pose,3.733849048614502,100.0,3.006854201491663e-16,3.006854201491663e-14,250.0,0.0,0.0,1.0,0.017166223376989365,0.017166223376989365,60.0,0.005333223380148411,0.31999340280890465,0.0,0.0,0.0,800.0,0.0041205016896128654,3.2964013516902924,0.001,100.28817749023438,0.10028817749023437,700000,700000,311
402,pose,3.5392420291900635,100.0,1.5013915799499955e-06,0.00015013915799499955,250.0,9.99991698336089e-07,0.00024999792458402226,1.0,0.017037944868206978,0.017037944868206978,60.0,0.00594559870660305,0.356735922396183,0.0,0.0,0.0,800.0,0.0038305441848933697,3.0644353479146957,0.001,100.63290405273438,0.10063290405273438,700000,700000,329
403,pose,3.3515617847442627,100.0,5.9373178373789415e-06,0.0005937317837378941,250.0,3.820640358753735e-06,0.0009551600896884338,1.0,0.017126889899373055,0.017126889899373055,60.0,0.005846118554472923,0.3507671132683754,0.0,0.0,0.0,800.0,0.003600496333092451,2.880397066473961,0.001,101.72177124023438,0.10172177124023438,700000,700000,330
404,pose,3.1482925415039062,100.0,1.3230981494416483e-05,0.0013230981494416483,250.0,8.176548362825997e-06,0.0020441370907064993,1.0,0.017235159873962402,0.017235159873962402,60.0,0.0052550011314451694,0.31530006788671017,0.0,0.0,0.0,800.0,0.0033904544543474913,2.712363563477993,0.001,100.02650451660156,0.10002650451660157,700000,700000,322
405,pose,2.9720089435577393,100.0,2.289712574565783e-05,0.002289712574565783,250.0,1.4044345334696118e-05,0.0035110863336740294,1.0,0.01733512058854103,0.01733512058854103,60.0,0.004724194295704365,0.2834516577422619,0.0,0.0,0.0,800.0,0.0032065859995782375,2.56526879966259,0.001,100.15283203125,0.10015283203125,700000,700000,300
406,pose,2.8339855670928955,100.0,3.417551488382742e-05,0.003417551488382742,250.0,2.1313582692528144e-05,0.005328395673132036,1.0,0.01744280941784382,0.01744280941784382,60.0,0.004581831861287355,0.2749099116772413,0.0,0.0,0.0,800.0,0.003042439930140972,2.4339519441127777,0.001,98.93512725830078,0.09893512725830078,700000,700000,279
407,pose,2.7159299850463867,100.0,4.606594666256569e-05,0.004606594666256569,250.0,2.989926542795729e-05,0.007474816356989322,1.0,0.017557045444846153,0.017557045444846153,60.0,0.004540824797004461,0.2724494878202677,0.0,0.0,0.0,800.0,0.0028932602144777775,2.314608171582222,0.001,99.23396301269531,0.09923396301269531,700000,700000,262
408,pose,2.5725998878479004,100.0,5.939064431004226e-05,0.005939064431004226,250.0,3.982454654760659e-05,0.009956136636901647,1.0,0.01761368289589882,0.01761368289589882,60.0,0.0041939797811210155,0.25163878686726093,0.0,0.0,0.0,800.0,0.0027344003319740295,2.1875202655792236,0.001,99.93205261230469,0.09993205261230469,700000,700000,249
409,pose,2.463731050491333,100.0,7.526273839175701e-05,0.007526273839175701,250.0,5.106557364342734e-05,0.012766393410856836,1.0,0.01761554926633835,0.01761554926633835,60.0,0.0044160280376672745,0.26496168226003647,0.0,0.0,0.0,800.0,0.002575127175077796,2.060101740062237,0.001,100.75920104980469,0.1007592010498047,700000,700000,258
410,pose,2.3407793045043945,100.0,9.404105367138982e-05,0.009404105367138982,250.0,6.358742393786088e-05,0.01589685598446522,1.0,0.01758815348148346,0.01758815348148346,60.0,0.004375244025141001,0.26251464150846004,0.0,0.0,0.0,800.0,0.0024182347115129232,1.9345877692103386,0.001,100.78788757324219,0.1007878875732422,700000,700000,253
411,pose,2.223414421081543,100.0,0.0001156314683612436,0.01156314683612436,250.0,7.711593934800476e-05,0.01927898483700119,1.0,0.017536530271172523,0.017536530271172523,60.0,0.004369948524981737,0.26219691149890423,0.0,0.0,0.0,800.0,0.002262380439788103,1.8099043518304825,0.001,102.93463134765625,0.10293463134765625,700000,700000,271
412,pose,2.104172945022583,100.0,0.00014012712927069515,0.014012712927069515,250.0,9.188039985019714e-05,0.022970099962549284,1.0,0.01746451109647751,0.01746451109647751,60.0,0.004253552760928869,0.25521316565573215,0.0,0.0,0.0,800.0,0.002115574898198247,1.6924599185585976,0.001,102.05250549316406,0.10205250549316407,700000,700000,274
413,pose,1.9914323091506958,100.0,0.0001664155861362815,0.01664155861362815,250.0,0.00010796084097819403,0.026990210244548507,1.0,0.017389539629220963,0.017389539629220963,60.0,0.003994328901171684,0.23965973407030106,0.0,0.0,0.0,800.0,0.001986228860914707,1.5889830887317657,0.001,101.76824951171875,0.10176824951171876,700000,700000,274
414,pose,1.9209425449371338,100.0,0.0001947879500221461,0.01947879500221461,250.0,0.00012547259393613786,0.031368148484034464,1.0,0.01730423793196678,0.01730423793196678,60.0,0.004250659607350826,0.2550395764410496,0.0,0.0,0.0,800.0,0.001870407140813768,1.4963257126510143,0.001,101.42611694335938,0.10142611694335937,700000,700000,281
415,pose,1.853304386138916,100.0,0.00022700364934280515,0.022700364934280515,250.0,0.00014399229257833213,0.03599807314458303,1.0,0.017205597832798958,0.017205597832798958,60.0,0.004620137624442577,0.27720825746655464,0.0,0.0,0.0,800.0,0.0017483397386968136,1.3986717909574509,0.001,101.52034759521484,0.10152034759521485,700000,700000,301
416,pose,1.7672735452651978,100.0,0.0002617936406750232,0.02617936406750232,250.0,0.00016379392764065415,0.04094848191016354,1.0,0.01710846647620201,0.01710846647620201,60.0,0.004479436203837395,0.2687661722302437,0.0,0.0,0.0,800.0,0.0016397450817748904,1.3117960654199123,0.001,102.47502136230469,0.10247502136230469,700000,700000,309
417,pose,1.7012014389038086,100.0,0.00030000094557181,0.030000094557181,250.0,0.00018491820082999766,0.046229550207499415,1.0,0.017006102949380875,0.017006102949380875,60.0,0.004525540862232447,0.2715324517339468,0.0,0.0,0.0,800.0,0.001542536774650216,1.2340294197201729,0.001,102.40385437011719,0.10240385437011719,700000,700000,319
418,pose,1.6304681301116943,100.0,0.0003382675931788981,0.03382675931788981,250.0,0.00020733740529976785,0.05183435132494196,1.0,0.016896724700927734,0.016896724700927734,60.0,0.004295507445931435,0.2577304467558861,0.0,0.0,0.0,800.0,0.0014582703588530421,1.1666162870824337,0.001,103.56349182128906,0.10356349182128906,700000,700000,327
419,pose,1.563143014907837,100.0,0.0003725512360688299,0.03725512360688299,250.0,0.00023078259255271405,0.05769564813817851,1.0,0.016782227903604507,0.016782227903604507,60.0,0.003940696362406015,0.23644178174436092,0.0,0.0,0.0,800.0,0.0013885097578167915,1.1108078062534332,0.001,104.160400390625,0.104160400390625,700000,700000,313
420,pose,1.5076406002044678,100.0,0.0004050136776641011,0.04050136776641011,250.0,0.0002552701625972986,0.06381754064932466,1.0,0.016659637913107872,0.016659637913107872,60.0,0.0036060491111129522,0.21636294666677713,0.0,0.0,0.0,800.0,0.0013298274716362357,1.0638619773089886,0.001,106.4372329711914,0.10643723297119141,700000,700000,306
421,pose,1.4528677463531494,100.0,0.0004340931191109121,0.04340931191109121,250.0,0.00028047681553289294,0.07011920388322324,1.0,0.016538098454475403,0.016538098454475403,60.0,0.003267285181209445,0.1960371108725667,0.0,0.0,0.0,800.0,0.0012769597815349698,1.0215678252279758,0.001,105.19621276855469,0.10519621276855469,700000,700000,289
422,pose,1.4097167253494263,100.0,0.0004632150521501899,0.04632150521501899,250.0,0.0003056832356378436,0.0764208089094609,1.0,0.016422418877482414,0.016422418877482414,60.0,0.003249343717470765,0.1949606230482459,0.0,0.0,0.0,800.0,0.001211474183946848,0.9691793471574783,0.001,106.41203308105469,0.1064120330810547,700000,700000,308
423,pose,1.3928180932998657,100.0,0.0004899699124507606,0.04899699124507606,250.0,0.00033105534384958446,0.08276383596239612,1.0,0.016301151365041733,0.016301151365041733,60.0,0.0036787923891097307,0.22072754334658384,0.0,0.0,0.0,800.0,0.0011474168859422207,0.9179335087537766,0.001,106.09490966796875,0.10609490966796875,700000,700000,346
424,pose,1.3477200269699097,100.0,0.0005098256515339017,0.05098256515339017,250.0,0.0003562796919140965,0.08906992297852412,1.0,0.01617615669965744,0.01617615669965744,60.0,0.0034079235047101974,0.20447541028261185,0.0,0.0,0.0,800.0,0.0011009469162672758,0.8807575330138206,0.001,106.2585220336914,0.1062585220336914,700000,700000,359
425,pose,1.3358076810836792,100.0,0.0005253757699392736,0.05253757699392736,250.0,0.0003816001408267766,0.09540003520669416,1.0,0.01604391261935234,0.01604391261935234,60.0,0.003551348578184843,0.21308091469109058,0.0,0.0,0.0,800.0,0.001064419629983604,0.8515357039868832,0.001,107.20956420898438,0.10720956420898438,700000,700000,370
426,pose,1.3451341390609741,100.0,0.0005387612618505955,0.05387612618505955,250.0,0.00040668013389222324,0.10167003347305581,1.0,0.01590806618332863,0.01590806618332863,60.0,0.0039020574185997248,0.2341234451159835,0.0,0.0,0.0,800.0,0.0010399285238236189,0.8319428190588951,0.001,107.61372375488281,0.10761372375488282,700000,700000,379
427,pose,1.3381661176681519,100.0,0.0005525367450900376,0.05525367450900376,250.0,0.00043157709296792746,0.10789427324198186,1.0,0.01576867513358593,0.01576867513358593,60.0,0.003787620458751917,0.227257227525115,0.0,0.0,0.0,800.0,0.001028918195515871,0.8231345564126968,0.001,108.85777282714844,0.10885777282714844,700000,700000,376
428,pose,1.3298544883728027,100.0,0.0005668735830113292,0.05668735830113292,250.0,0.00045610099914483726,0.11402524978620932,1.0,0.015626370906829834,0.015626370906829834,60.0,0.0035419415216892958,0.21251649130135775,0.0,0.0,0.0,800.0,0.0010263348231092095,0.8210678584873676,0.001,109.93126678466797,0.10993126678466797,700000,700000,338
429,pose,1.3435049057006836,100.0,0.0005843699327670038,0.05843699327670038,250.0,0.0004797392466571182,0.11993481166427955,1.0,0.015482965856790543,0.015482965856790543,60.0,0.0038114385679364204,0.22868631407618523,0.0,0.0,0.0,800.0,0.0010135439224541187,0.810835137963295,0.001,110.12861633300781,0.11012861633300781,700000,700000,328
430,pose,1.327346682548523,100.0,0.0006043186876922846,0.06043186876922846,250.0,0.000502423441503197,0.12560586037579924,1.0,0.01533440686762333,0.01533440686762333,60.0,0.003641660325229168,0.21849961951375008,0.0,0.0,0.0,800.0,0.000994133297353983,0.7953066378831863,0.001,112.16832733154297,0.11216832733154297,700000,700000,391
431,pose,1.3080958127975464,100.0,0.0006206362158991396,0.062063621589913964,250.0,0.0005245035281404853,0.13112588203512132,1.0,0.015193505212664604,0.015193505212664604,60.0,0.0033472049981355667,0.200832299888134,0.0,0.0,0.0,800.0,0.0009857654804363847,0.7886123843491077,0.001,110.26812744140625,0.11026812744140625,700000,700000,427
432,pose,1.316896677017212,100.0,0.0006327055743895471,0.06327055743895471,250.0,0.0005457499646581709,0.13643749116454273,1.0,0.015050951391458511,0.015050951391458511,60.0,0.0034702816046774387,0.20821689628064632,0.0,0.0,0.0,800.0,0.0009828928159549832,0.7863142527639866,0.001,107.60647583007812,0.10760647583007812,700000,700000,462
433,pose,1.3228182792663574,100.0,0.0006438145646825433,0.06438145646825433,250.0,0.0005656309076584876,0.1414077269146219,1.0,0.014905057847499847,0.014905057847499847,60.0,0.003624794539064169,0.21748767234385014,0.0,0.0,0.0,800.0,0.0009702198440209031,0.7761758752167225,0.001,108.46039581298828,0.10846039581298829,700000,700000,477
434,pose,1.319067358970642,100.0,0.0006524492055177689,0.06524492055177689,250.0,0.0005841178935952485,0.14602947339881212,1.0,0.014763866551220417,0.014763866551220417,60.0,0.0035719338338822126,0.21431603003293276,0.0,0.0,0.0,800.0,0.000963143422268331,0.7705147378146648,0.001,108.19825744628906,0.10819825744628907,700000,700000,487
435,pose,1.2996363639831543,100.0,0.0006573969731107354,0.06573969731107354,250.0,0.0006012141238898039,0.15030353097245097,1.0,0.014633565209805965,0.014633565209805965,60.0,0.003222790779545903,0.1933674467727542,0.0,0.0,0.0,800.0,0.0009595277952030301,0.7676222361624241,0.001,107.96989440917969,0.10796989440917969,700000,700000,512
436,pose,1.272921085357666,100.0,0.0006624516099691391,0.06624516099691391,250.0,0.0006168007384985685,0.15420018462464213,1.0,0.0145123191177845,0.0145123191177845,60.0,0.002762692514806986,0.16576155088841915,0.0,0.0,0.0,800.0,0.0009542695479467511,0.7634156383574009,0.001,108.78622436523438,0.10878622436523437,700000,700000,547
437,pose,1.2736040353775024,100.0,0.0006690422305837274,0.06690422305837274,250.0,0.0006304777343757451,0.15761943359393626,1.0,0.014393830671906471,0.014393830671906471,60.0,0.002881438937038183,0.172886336222291,0.0,0.0,0.0,800.0,0.0009388115722686052,0.7510492578148842,0.001,110.75086975097656,0.11075086975097656,700000,700000,561
438,pose,1.2483059167861938,100.0,0.0006771157495677471,0.06771157495677471,250.0,0.0006428183987736702,0.16070459969341755,1.0,0.014272465370595455,0.014272465370595455,60.0,0.00267867767252028,0.1607206603512168,0.0,0.0,0.0,800.0,0.0009147018427029252,0.7317614741623402,0.001,113.13518524169922,0.11313518524169922,700000,700000,581
439,pose,1.2341704368591309,100.0,0.0006823462899774313,0.06823462899774313,250.0,0.0006536781438626349,0.16341953596565872,1.0,0.01414826326072216,0.01414826326072216,60.0,0.002775407861918211,0.16652447171509266,0.0,0.0,0.0,800.0,0.0008881334215402603,0.7105067372322083,0.001,111.33686828613281,0.11133686828613282,700000,700000,607
440,pose,1.230254054069519,100.0,0.0006841099238954484,0.06841099238954484,250.0,0.0006631231517530978,0.16578078793827444,1.0,0.014031273312866688,0.014031273312866688,60.0,0.0029518655501306057,0.17711193300783634,0.0,0.0,0.0,800.0,0.0008668590453453362,0.693487236276269,0.001,111.43181610107422,0.11143181610107422,700000,700000,594
441,pose,1.2128562927246094,100.0,0.0006810181657783687,0.06810181657783687,250.0,0.0006716998177580535,0.16792495443951339,1.0,0.013925288803875446,0.013925288803875446,60.0,0.0028072968125343323,0.16843780875205994,0.0,0.0,0.0,800.0,0.0008527300087735057,0.6821840070188046,0.001,112.282470703125,0.112282470703125,700000,700000,574
442,pose,1.2193799018859863,100.0,0.0006735103670507669,0.0673510367050767,250.0,0.0006791335763409734,0.16978339408524334,1.0,0.013820260763168335,0.013820260763168335,60.0,0.002984645077958703,0.17907870467752218,0.0,0.0,0.0,800.0,0.0008455287897959352,0.6764230318367481,0.001,112.92344665527344,0.11292344665527344,700000,700000,523
443,pose,1.2065093517303467,100.0,0.0006688727298751473,0.06688727298751473,250.0,0.0006860806024633348,0.1715201506158337,1.0,0.01370848435908556,0.01370848435908556,60.0,0.002950038993731141,0.17700233962386847,0.0,0.0,0.0,800.0,0.0008315240265801549,0.6652192212641239,0.001,112.17186737060547,0.11217186737060547,700000,700000,505
444,pose,1.2014185190200806,100.0,0.0006649847491644323,0.06649847491644323,250.0,0.0006927201175130904,0.1731800293782726,1.0,0.013591141439974308,0.013591141439974308,60.0,0.0030689428094774485,0.1841365685686469,0.0,0.0,0.0,800.0,0.0008143502636812627,0.6514802109450102,0.001,112.53215026855469,0.11253215026855469,700000,700000,503
445,pose,1.1717740297317505,100.0,0.0006628588307648897,0.06628588307648897,250.0,0.0006985286017879844,0.1746321504469961,1.0,0.013463955372571945,0.013463955372571945,60.0,0.002835227642208338,0.17011365853250027,0.0,0.0,0.0,800.0,0.0007931350264698267,0.6345080211758614,0.001,112.77043914794922,0.11277043914794922,700000,700000,549
446,pose,1.1702007055282593,100.0,0.0006625833921134472,0.06625833921134472,250.0,0.0007035189773887396,0.1758797443471849,1.0,0.013331947848200798,0.013331947848200798,60.0,0.003141953144222498,0.18851718865334988,0.0,0.0,0.0,800.0,0.0007687540492042899,0.6150032393634319,0.001,111.21023559570312,0.11121023559570313,700000,700000,584
447,pose,1.1632758378982544,100.0,0.0006598512409254909,0.06598512409254909,250.0,0.0007082768715918064,0.1770692178979516,1.0,0.013210298493504524,0.013210298493504524,60.0,0.0032152722124010324,0.19291633274406195,0.0,0.0,0.0,800.0,0.0007536676712334156,0.6029341369867325,0.001,111.16069793701172,0.11116069793701172,700000,700000,609
448,pose,1.1600267887115479,100.0,0.0006547301891259849,0.06547301891259849,250.0,0.0007127223652787507,0.17818059131968766,1.0,0.013101021759212017,0.013101021759212017,60.0,0.003227078355848789,0.19362470135092735,0.0,0.0,0.0,800.0,0.0007457321044057608,0.5965856835246086,0.001,113.06178283691406,0.11306178283691407,700000,700000,598
449,pose,1.159958004951477,100.0,0.0006465880433097482,0.06465880433097482,250.0,0.0007168471929617226,0.17921179824043065,1.0,0.01300504058599472,0.01300504058599472,60.0,0.003250396577641368,0.19502379465848207,0.0,0.0,0.0,800.0,0.0007439990295097232,0.5951992236077785,0.001,112.85934448242188,0.11285934448242188,700000,700000,583
450,pose,1.1520107984542847,100.0,0.0006348488386720419,0.06348488386720419,250.0,0.0007204561843536794,0.18011404608841985,1.0,0.01291794516146183,0.01291794516146183,60.0,0.0030669253319501877,0.18401551991701126,0.0,0.0,0.0,800.0,0.0007484741508960724,0.5987793207168579,0.001,112.69912719726562,0.11269912719726563,700000,700000,553
451,pose,1.1754242181777954,100.0,0.0006304740090854466,0.06304740090854466,250.0,0.0007231278577819467,0.18078196444548666,1.0,0.012817326001822948,0.012817326001822948,60.0,0.0034733873326331377,0.20840323995798826,0.0,0.0,0.0,800.0,0.0007477017352357507,0.5981613881886005,0.001,112.21284484863281,0.11221284484863281,700000,700000,515
452,pose,1.177747368812561,100.0,0.0006295144557952881,0.06295144557952881,250.0,0.0007263945299200714,0.18159863248001784,1.0,0.012703869491815567,0.012703869491815567,60.0,0.0035644075833261013,0.21386445499956608,0.0,0.0,0.0,800.0,0.0007435312727466226,0.594825018197298,0.001,111.8038558959961,0.11180385589599609,700000,700000,471
453,pose,1.1745251417160034,100.0,0.0006310144090093672,0.06310144090093672,250.0,0.0007299173157662153,0.18247932894155383,1.0,0.012583021074533463,0.012583021074533463,60.0,0.0036063373554497957,0.21638024132698774,0.0,0.0,0.0,800.0,0.0007357998401857913,0.588639872148633,0.001,111.34120178222656,0.11134120178222656,700000,700000,466
454,pose,1.1640995740890503,100.0,0.0006321510882116854,0.06321510882116854,250.0,0.0007338246214203537,0.1834561553550884,1.0,0.012456987053155899,0.012456987053155899,60.0,0.003546433988958597,0.21278603933751583,0.0,0.0,0.0,800.0,0.0007262725266627967,0.5810180213302374,0.001,111.16728973388672,0.11116728973388672,700000,700000,497
455,pose,1.1390821933746338,100.0,0.0006329980096779764,0.06329980096779764,250.0,0.0007388500962406397,0.18471252406015992,1.0,0.0123289804905653,0.0123289804905653,60.0,0.0031861779280006886,0.1911706756800413,0.0,0.0,0.0,800.0,0.0007212639902718365,0.5770111922174692,0.001,110.55900573730469,0.11055900573730469,700000,700000,468
456,pose,1.136434555053711,100.0,0.0006349582690745592,0.06349582690745592,250.0,0.0007441628840751946,0.18604072101879865,1.0,0.012196971103549004,0.012196971103549004,60.0,0.003212397452443838,0.1927438471466303,0.0,0.0,0.0,800.0,0.0007147054420784116,0.5717643536627293,0.001,110.19271850585938,0.11019271850585938,700000,700000,485
457,pose,1.1253361701965332,100.0,0.0006325512658804655,0.06325512658804655,250.0,0.0007505579269491136,0.1876394817372784,1.0,0.012070312164723873,0.012070312164723873,60.0,0.002962246537208557,0.17773479223251343,0.0,0.0,0.0,800.0,0.0007146449061110616,0.5717159248888493,0.001,112.92051696777344,0.11292051696777344,700000,700000,505
458,pose,1.1242330074310303,100.0,0.0006299474043771625,0.06299474043771625,250.0,0.000758918235078454,0.1897295587696135,1.0,0.011938159354031086,0.011938159354031086,60.0,0.002903481712564826,0.17420890275388956,0.0,0.0,0.0,800.0,0.0007158414809964597,0.5726731847971678,0.001,112.68839263916016,0.11268839263916015,700000,700000,528
459,pose,1.133162498474121,100.0,0.0006297192303463817,0.06297192303463817,250.0,0.000768314057495445,0.19207851437386125,1.0,0.01181030459702015,0.01181030459702015,60.0,0.0030170860700309277,0.18102516420185566,0.0,0.0,0.0,800.0,0.000713897927198559,0.5711183417588472,0.001,114.1583251953125,0.11415832519531251,700000,700000,509
460,pose,1.142279863357544,100.0,0.0006290474557317793,0.06290474557317793,250.0,0.0007790049421600997,0.19475123554002494,1.0,0.011683138087391853,0.011683138087391853,60.0,0.00315797864459455,0.189478718675673,0.0,0.0,0.0,800.0,0.000709311687387526,0.5674493499100208,0.001,116.01268768310547,0.11601268768310546,700000,700000,511
461,pose,1.1337562799453735,100.0,0.0006244690739549696,0.062446907395496964,250.0,0.0007900509517639875,0.19751273794099689,1.0,0.011565238237380981,0.011565238237380981,60.0,0.002988454420119524,0.17930726520717144,0.0,0.0,0.0,800.0,0.0007087321719154716,0.5669857375323772,0.001,115.93841552734375,0.11593841552734375,700000,700000,481
462,pose,1.13948655128479,100.0,0.0006200369098223746,0.06200369098223746,250.0,0.0008008221047930419,0.2002055261982605,1.0,0.011452456936240196,0.011452456936240196,60.0,0.0030818411614745855,0.18491046968847513,0.0,0.0,0.0,800.0,0.0007070426363497972,0.5656341090798378,0.001,115.28026580810547,0.11528026580810546,700000,700000,432
463,pose,1.1363779306411743,100.0,0.0006128991371951997,0.06128991371951997,250.0,0.0008118510595522821,0.20296276488807052,1.0,0.011334231123328209,0.011334231123328209,60.0,0.003039322793483734,0.18235936760902405,0.0,0.0,0.0,800.0,0.000702032120898366,0.5616256967186928,0.001,116.80592346191406,0.11680592346191407,700000,700000,398
464,pose,1.1605242490768433,100.0,0.0006052875542081892,0.060528755420818925,250.0,0.0008223676704801619,0.20559191762004048,1.0,0.011215126141905785,0.011215126141905785,60.0,0.003462014487013221,0.20772086922079325,0.0,0.0,0.0,800.0,0.0006980628822930157,0.5584503058344126,0.001,117.0172119140625,0.1170172119140625,700000,700000,406
465,pose,1.1665217876434326,100.0,0.0005870891036465764,0.05870891036465764,250.0,0.0008344033849425614,0.20860084623564035,1.0,0.011095169931650162,0.011095169931650162,60.0,0.003436359576880932,0.2061815746128559,0.0,0.0,0.0,800.0,0.0007069821003824472,0.5655856803059578,0.001,116.34970092773438,0.11634970092773438,700000,700000,382
466,pose,1.1849483251571655,100.0,0.0005663809133693576,0.05663809133693576,250.0,0.0008465731516480446,0.21164328791201115,1.0,0.010973891243338585,0.010973891243338585,60.0,0.003623506985604763,0.21741041913628578,0.0,0.0,0.0,800.0,0.0007151687750592828,0.5721350200474262,0.001,116.14767456054688,0.11614767456054688,700000,700000,389
467,pose,1.1847596168518066,100.0,0.0005409123259596527,0.054091232595965266,250.0,0.0008591091609559953,0.21477729023899883,1.0,0.010852787643671036,0.010852787643671036,60.0,0.0035055081825703382,0.2103304909542203,0.0,0.0,0.0,800.0,0.0007234374061226845,0.5787499248981476,0.001,115.9579849243164,0.11595798492431642,700000,700000,390
468,pose,1.1776163578033447,100.0,0.000520484521985054,0.0520484521985054,250.0,0.0008714262512512505,0.21785656281281263,1.0,0.01073089987039566,0.01073089987039566,60.0,0.0033145593479275703,0.19887356087565422,0.0,0.0,0.0,800.0,0.0007279335986822844,0.5823468789458275,0.001,115.76011657714844,0.11576011657714844,700000,700000,385
469,pose,1.1706318855285645,100.0,0.0005048411549068987,0.050484115490689874,250.0,0.0008836721535772085,0.22091803839430213,1.0,0.010604382492601871,0.010604382492601871,60.0,0.0031806102488189936,0.19083661492913961,0.0,0.0,0.0,800.0,0.0007278076373040676,0.5822461098432541,0.001,115.54266357421875,0.11554266357421875,700000,700000,415
470,pose,1.178234338760376,100.0,0.0004935226170346141,0.04935226170346141,250.0,0.0008952170028351247,0.22380425070878118,1.0,0.010490630753338337,0.010490630753338337,60.0,0.003254210576415062,0.19525263458490372,0.0,0.0,0.0,800.0,0.0007296713883988559,0.5837371107190847,0.001,115.59745788574219,0.11559745788574219,700000,700000,441
471,pose,1.181719183921814,100.0,0.00048293345025740564,0.048293345025740564,250.0,0.0009062717435881495,0.2265679358970374,1.0,0.010392317548394203,0.010392317548394203,60.0,0.003194651799276471,0.19167910795658827,0.0,0.0,0.0,800.0,0.0007364907069131732,0.5891925655305386,0.001,115.59388732910156,0.11559388732910157,700000,700000,429
472,pose,1.2022677659988403,100.0,0.0004716117400676012,0.04716117400676012,250.0,0.0009170068660750985,0.22925171651877463,1.0,0.010309712029993534,0.010309712029993534,60.0,0.0033523072488605976,0.20113843493163586,0.0,0.0,0.0,800.0,0.0007485418464057148,0.5988334771245718,0.001,115.57331085205078,0.11557331085205079,700000,700000,433
473,pose,1.2117011547088623,100.0,0.0004616535734385252,0.04616535734385252,250.0,0.0009266223642043769,0.23165559105109423,1.0,0.010235980153083801,0.010235980153083801,60.0,0.003313167952001095,0.1987900771200657,0.0,0.0,0.0,800.0,0.0007618410745635629,0.6094728596508503,0.001,115.3812026977539,0.11538120269775391,700000,700000,416
474,pose,1.2190964221954346,100.0,0.0004544813418760896,0.04544813418760896,250.0,0.0009357373928651214,0.23393434821628034,1.0,0.010161093436181545,0.010161093436181545,60.0,0.003344197990372777,0.20065187942236662,0.0,0.0,0.0,800.0,0.0007666053716093302,0.6132842972874641,0.001,115.6166763305664,0.11561667633056641,700000,700000,405
475,pose,1.2281970977783203,100.0,0.00044951829477213323,0.04495182947721332,250.0,0.0009436762193217874,0.23591905483044684,1.0,0.010085067711770535,0.010085067711770535,60.0,0.003500135615468025,0.2100081369280815,0.0,0.0,0.0,800.0,0.0007644027937203646,0.6115222349762917,0.001,115.71077728271484,0.11571077728271485,700000,700000,406
476,pose,1.217234492301941,100.0,0.00044729126966558397,0.0447291269665584,250.0,0.0009504412882961333,0.23761032207403332,1.0,0.010003224946558475,0.010003224946558475,60.0,0.0033550674561411142,0.20130404736846685,0.0,0.0,0.0,800.0,0.0007560517406091094,0.6048413924872875,0.001,118.74638366699219,0.1187463836669922,700000,700000,434
477,pose,1.2087033987045288,100.0,0.0004452408757060766,0.04452408757060766,250.0,0.0009548499365337193,0.23871248413342983,1.0,0.009919845499098301,0.009919845499098301,60.0,0.003234288888052106,0.19405733328312635,0.0,0.0,0.0,800.0,0.0007425996009260416,0.5940796807408333,0.001,127.40999603271484,0.12740999603271486,700000,700000,462
478,pose,1.2049596309661865,100.0,0.0004394760762806982,0.04394760762806982,250.0,0.000955062685534358,0.2387656713835895,1.0,0.009842867963016033,0.009842867963016033,60.0,0.0033511058427393436,0.20106635056436062,0.0,0.0,0.0,800.0,0.0007300659781321883,0.5840527825057507,0.001,127.28431701660156,0.12728431701660156,700000,700000,479
479,pose,1.2012709379196167,100.0,0.00043121850467287004,0.043121850467287004,250.0,0.0009540842729620636,0.2385210682405159,1.0,0.009776859544217587,0.009776859544217587,60.0,0.0034189929720014334,0.205139578320086,0.0,0.0,0.0,800.0,0.0007222527638077736,0.5778022110462189,0.001,126.90934753417969,0.12690934753417968,700000,700000,490
480,pose,1.1831049919128418,100.0,0.00041919571231119335,0.041919571231119335,250.0,0.0009522534091956913,0.23806335229892284,1.0,0.009722640737891197,0.009722640737891197,60.0,0.0032007887493819,0.192047324962914,0.0,0.0,0.0,800.0,0.0007199370302259922,0.5759496241807938,0.001,125.40245056152344,0.12540245056152344,700000,700000,469
481,pose,1.1770187616348267,100.0,0.0004033352597616613,0.04033352597616613,250.0,0.0009485797490924597,0.23714493727311492,1.0,0.009674109518527985,0.009674109518527985,60.0,0.00310730654746294,0.1864383928477764,0.0,0.0,0.0,800.0,0.0007207253947854042,0.5765803158283234,0.001,126.8475112915039,0.1268475112915039,700000,700000,454
482,pose,1.162681221961975,100.0,0.0003875787078868598,0.03875787078868598,250.0,0.0009435283718630672,0.2358820929657668,1.0,0.009619255550205708,0.009619255550205708,60.0,0.0030889844056218863,0.18533906433731318,0.0,0.0,0.0,800.0,0.0007189071038737893,0.5751256830990314,0.001,117.95724487304688,0.11795724487304687,700000,700000,430
483,pose,1.1718871593475342,100.0,0.00036814133636653423,0.03681413363665342,250.0,0.0009374856599606574,0.23437141499016434,1.0,0.00956317875534296,0.00956317875534296,60.0,0.003339410061016679,0.20036460366100073,0.0,0.0,0.0,800.0,0.0007210533949546516,0.5768427159637213,0.001,113.93121337890625,0.11393121337890626,700000,700000,400
484,pose,1.1693377494812012,100.0,0.00034887794754467905,0.034887794754467905,250.0,0.0009321564575657248,0.2330391143914312,1.0,0.009499032981693745,0.009499032981693745,60.0,0.0033414557110518217,0.2004873426631093,0.0,0.0,0.0,800.0,0.0007213029311969876,0.5770423449575901,0.001,114.38212585449219,0.11438212585449219,700000,700000,398
485,pose,1.165058970451355,100.0,0.0003286708379164338,0.03286708379164338,250.0,0.0009275033371523023,0.23187583428807557,1.0,0.009426897391676903,0.009426897391676903,60.0,0.003267774125561118,0.1960664475336671,0.0,0.0,0.0,800.0,0.0007241767598316073,0.5793414078652859,0.001,115.48124694824219,0.11548124694824219,700000,700000,384
486,pose,1.1513855457305908,100.0,0.0003127861418761313,0.03127861418761313,250.0,0.0009238272905349731,0.2309568226337433,1.0,0.009345960803329945,0.009345960803329945,60.0,0.003106815740466118,0.18640894442796707,0.0,0.0,0.0,800.0,0.0007247416069731116,0.5797932855784893,0.001,113.60192108154297,0.11360192108154298,700000,700000,396
487,pose,1.1471081972122192,100.0,0.00030046384199522436,0.030046384199522436,250.0,0.0009213833254761994,0.23034583136904985,1.0,0.009267180226743221,0.009267180226743221,60.0,0.0030368014704436064,0.18220808822661638,0.0,0.0,0.0,800.0,0.0007270194473676383,0.5816155578941107,0.001,113.62519073486328,0.11362519073486328,700000,700000,393
488,pose,1.1415997743606567,100.0,0.00029450037982314825,0.029450037982314825,250.0,0.0009192622965201735,0.2298155741300434,1.0,0.009185584262013435,0.009185584262013435,60.0,0.002924510044977069,0.17547060269862413,0.0,0.0,0.0,800.0,0.000728230457752943,0.5825843662023544,0.001,115.09361267089844,0.11509361267089845,700000,700000,387
489,pose,1.151468276977539,100.0,0.00029262795578688383,0.029262795578688383,250.0,0.0009179117041639984,0.2294779260409996,1.0,0.009100319817662239,0.009100319817662239,60.0,0.0030904640443623066,0.1854278426617384,0.0,0.0,0.0,800.0,0.000729292631149292,0.5834341049194336,0.001,114.76528930664062,0.11476528930664062,700000,700000,368
490,pose,1.1574777364730835,100.0,0.0002936653618235141,0.02936653618235141,250.0,0.0009168511023744941,0.22921277559362352,1.0,0.009009214118123055,0.009009214118123055,60.0,0.003243659622967243,0.1946195773780346,0.0,0.0,0.0,800.0,0.0007265809690579772,0.5812647752463818,0.001,114.00483703613281,0.11400483703613282,700000,700000,399
491,pose,1.1476237773895264,100.0,0.000293343560770154,0.0293343560770154,250.0,0.0009170292178168893,0.22925730445422232,1.0,0.008917680941522121,0.008917680941522121,60.0,0.003156535793095827,0.18939214758574963,0.0,0.0,0.0,800.0,0.0007210313342511654,0.5768250674009323,0.001,113.89714050292969,0.11389714050292969,700000,700000,434
492,pose,1.14381742477417,100.0,0.00028985546668991446,0.028985546668991446,250.0,0.0009182175272144377,0.22955438180360943,1.0,0.00884028896689415,0.00884028896689415,60.0,0.0031017055734992027,0.18610233440995216,0.0,0.0,0.0,800.0,0.0007204493740573525,0.576359499245882,0.001,113.97526550292969,0.11397526550292969,700000,700000,441
493,pose,1.1471391916275024,100.0,0.00028359092539176345,0.028359092539176345,250.0,0.0009203095105476677,0.23007737763691694,1.0,0.008772902190685272,0.008772902190685272,60.0,0.0031190034933388233,0.1871402096003294,0.0,0.0,0.0,800.0,0.0007236833916977048,0.5789467133581638,0.001,113.84286499023438,0.11384286499023438,700000,700000,415
494,pose,1.1614841222763062,100.0,0.00027228333055973053,0.027228333055973053,250.0,0.0009242089581675828,0.2310522395418957,1.0,0.008708838373422623,0.008708838373422623,60.0,0.0032761201728135347,0.19656721036881208,0.0,0.0,0.0,800.0,0.0007298826240003109,0.5839060992002487,0.001,114.02143859863281,0.11402143859863281,700000,700000,411
495,pose,1.202576756477356,100.0,0.00026480251108296216,0.026480251108296216,250.0,0.0009288449073210359,0.23221122683025897,1.0,0.008639340288937092,0.008639340288937092,60.0,0.0037351129576563835,0.224106777459383,0.0,0.0,0.0,800.0,0.0007412743871100247,0.5930195096880198,0.001,118.11964416503906,0.11811964416503906,700000,700000,378
496,pose,1.2045750617980957,100.0,0.0002616100537125021,0.026161005371250212,250.0,0.0009322579717263579,0.23306449293158948,1.0,0.00856490433216095,0.00856490433216095,60.0,0.0036212168633937836,0.21727301180362701,0.0,0.0,0.0,800.0,0.0007496183388866484,0.5996946711093187,0.001,119.81702423095703,0.11981702423095704,700000,700000,345
497,pose,1.2230117321014404,100.0,0.00026045890990644693,0.026045890990644693,250.0,0.0009349682950414717,0.23374207376036793,1.0,0.008487333543598652,0.008487333543598652,60.0,0.0038927611894905567,0.2335656713694334,0.0,0.0,0.0,800.0,0.000752965803258121,0.6023726426064968,0.001,118.7979736328125,0.1187979736328125,700000,700000,368
498,pose,1.2048826217651367,100.0,0.00026123877614736557,0.026123877614736557,250.0,0.0009368197061121464,0.2342049265280366,1.0,0.008408392779529095,0.008408392779529095,60.0,0.003650068771094084,0.21900412626564503,0.0,0.0,0.0,800.0,0.0007511256844736636,0.6009005475789309,0.001,116.24072265625,0.11624072265625,700000,700000,383
499,pose,1.1657330989837646,100.0,0.00026409601559862494,0.026409601559862494,250.0,0.0009375062072649598,0.23437655181623995,1.0,0.008327679708600044,0.008327679708600044,60.0,0.003140410641208291,0.18842463847249746,0.0,0.0,0.0,800.0,0.0007428500102832913,0.5942800082266331,0.001,113.9146499633789,0.11391464996337891,700000,700000,430
500,pose,1.1653470993041992,100.0,0.00026925408747047186,0.026925408747047186,250.0,0.0009374574874527752,0.2343643718631938,1.0,0.008248633705079556,0.008248633705079556,60.0,0.0033429430332034826,0.20057658199220896,0.0,0.0,0.0,800.0,0.0007269099005497992,0.5815279204398394,0.001,113.70418548583984,0.11370418548583984,700000,700000,461
501,pose,1.1414622068405151,100.0,0.00027286040131002665,0.027286040131002665,250.0,0.0009374948567710817,0.23437371419277042,1.0,0.00818099919706583,0.00818099919706583,60.0,0.0030887394677847624,0.18532436806708574,0.0,0.0,0.0,800.0,0.000716164184268564,0.5729313474148512,0.001,113.36572265625,0.11336572265625,700000,700000,458
502,pose,1.139443278312683,100.0,0.00027473908266983926,0.027473908266983926,250.0,0.000936824013479054,0.2342060033697635,1.0,0.008122099563479424,0.008122099563479424,60.0,0.003152950434014201,0.18917702604085207,0.0,0.0,0.0,800.0,0.0007087070844136178,0.5669656675308943,0.001,113.49853515625,0.11349853515625,700000,700000,450
503,pose,1.141916036605835,100.0,0.0002743327058851719,0.02743327058851719,250.0,0.0009366347803734243,0.23415869509335607,1.0,0.008071844466030598,0.008071844466030598,60.0,0.0032351266127079725,0.19410759676247835,0.0,0.0,0.0,800.0,0.0007058110786601901,0.5646488629281521,0.001,113.49581146240234,0.11349581146240234,700000,700000,435
504,pose,1.135897159576416,100.0,0.00027083646273240447,0.027083646273240447,250.0,0.0009366870508529246,0.23417176271323115,1.0,0.00802552793174982,0.00802552793174982,60.0,0.0031151294242590666,0.186907765455544,0.0,0.0,0.0,800.0,0.0007076902547851205,0.5661522038280964,0.001,113.55631256103516,0.11355631256103516,700000,700000,418
505,pose,1.1438441276550293,100.0,0.0002653616829775274,0.026536168297752738,250.0,0.0009373497450724244,0.2343374362681061,1.0,0.007975153625011444,0.007975153625011444,60.0,0.003136222716420889,0.18817336298525333,0.0,0.0,0.0,800.0,0.000716590671800077,0.5732725374400616,0.001,113.5494384765625,0.1135494384765625,700000,700000,370
506,pose,1.1623722314834595,100.0,0.00025962706422433257,0.025962706422433257,250.0,0.0009379801922477782,0.23449504806194454,1.0,0.007917836308479309,0.007917836308479309,60.0,0.0033625394571572542,0.20175236742943525,0.0,0.0,0.0,800.0,0.0007233856595121324,0.5787085276097059,0.001,113.53572845458984,0.11353572845458984,700000,700000,351
507,pose,1.1767566204071045,100.0,0.00025284281582571566,0.025284281582571566,250.0,0.0009385992889292538,0.23464982223231345,1.0,0.007856565527617931,0.007856565527617931,60.0,0.0035805683583021164,0.21483410149812698,0.0,0.0,0.0,800.0,0.0007257276447489858,0.5805821157991886,0.001,113.54966735839844,0.11354966735839844,700000,700000,332
508,pose,1.1768823862075806,100.0,0.00024481944274157286,0.024481944274157286,250.0,0.0009394821827299893,0.23487054568249732,1.0,0.007791389245539904,0.007791389245539904,60.0,0.0035819613840430975,0.21491768304258585,0.0,0.0,0.0,800.0,0.0007251458009704947,0.5801166407763958,0.001,114.70408630371094,0.11470408630371094,700000,700000,358
509,pose,1.1683725118637085,100.0,0.00023694740957580507,0.023694740957580507,250.0,0.000940302386879921,0.23507559671998024,1.0,0.007722360081970692,0.007722360081970692,60.0,0.0034569117706269026,0.20741470623761415,0.0,0.0,0.0,800.0,0.0007212132913991809,0.5769706331193447,0.001,117.49441528320312,0.11749441528320313,700000,700000,381
510,pose,1.1549726724624634,100.0,0.00023124850122258067,0.023124850122258067,250.0,0.0009406946483068168,0.2351736620767042,1.0,0.007652406580746174,0.007652406580746174,60.0,0.003357767825946212,0.2014660695567727,0.0,0.0,0.0,800.0,0.0007140199886634946,0.5712159909307957,0.001,116.33967590332031,0.11633967590332031,700000,700000,421
511,pose,1.147187352180481,100.0,0.00022719564731232822,0.022719564731232822,250.0,0.0009408625192008913,0.23521562980022281,1.0,0.007590536493808031,0.007590536493808031,60.0,0.0033386400900781155,0.20031840540468693,0.0,0.0,0.0,800.0,0.0007094813045114279,0.5675850436091423,0.001,113.75820922851562,0.11375820922851562,700000,700000,420
512,pose,1.1242291927337646,100.0,0.00022445086506195366,0.022445086506195366,250.0,0.0009413997759111226,0.23534994397778064,1.0,0.007534214295446873,0.007534214295446873,60.0,0.0029609946068376303,0.17765967641025782,0.0,0.0,0.0,800.0,0.0007096725748851895,0.5677380599081516,0.001,113.50228881835938,0.11350228881835937,700000,700000,433
513,pose,1.134154200553894,100.0,0.00022689005709253252,0.02268900570925325,250.0,0.0009416000684723258,0.23540001711808145,1.0,0.007475666701793671,0.007475666701793671,60.0,0.0031818831339478493,0.19091298803687096,0.0,0.0,0.0,800.0,0.0007052780129015446,0.5642224103212357,0.001,113.45405578613281,0.11345405578613281,700000,700000,436
514,pose,1.125423789024353,100.0,0.0002325777313672006,0.02325777313672006,250.0,0.0009424793533980846,0.23561983834952116,1.0,0.007418155204504728,0.007418155204504728,60.0,0.003051420673727989,0.18308524042367935,0.0,0.0,0.0,800.0,0.0007032825378701091,0.5626260302960873,0.001,113.41677856445312,0.11341677856445313,700000,700000,432
515,pose,1.1468677520751953,100.0,0.00023990395129658282,0.023990395129658282,250.0,0.0009440146386623383,0.23600365966558456,1.0,0.007358853239566088,0.007358853239566088,60.0,0.0033791919704526663,0.20275151822715998,0.0,0.0,0.0,800.0,0.0007033763104118407,0.5627010483294725,0.001,114.06236267089844,0.11406236267089843,700000,700000,404
516,pose,1.1425410509109497,100.0,0.00024682621005922556,0.024682621005922556,250.0,0.0009455479448661208,0.2363869862165302,1.0,0.007292571943253279,0.007292571943253279,60.0,0.003342200070619583,0.200532004237175,0.0,0.0,0.0,800.0,0.0006995225558057427,0.5596180446445942,0.001,114.02883911132812,0.11402883911132813,700000,700000,409
517,pose,1.1208686828613281,100.0,0.00025257215020246804,0.025257215020246804,250.0,0.0009466594783589244,0.2366648695897311,1.0,0.0072257942520082,0.0072257942520082,60.0,0.003080927301198244,0.18485563807189465,0.0,0.0,0.0,800.0,0.0006910473457537591,0.5528378766030073,0.001,114.02723693847656,0.11402723693847656,700000,700000,434
518,pose,1.1116997003555298,100.0,0.00025160942459478974,0.025160942459478974,250.0,0.0009479962754994631,0.23699906887486577,1.0,0.007165678311139345,0.007165678311139345,60.0,0.002948257839307189,0.17689547035843134,0.0,0.0,0.0,800.0,0.0006886962801218033,0.5509570240974426,0.001,114.521484375,0.114521484375,700000,700000,429
519,pose,1.1315629482269287,100.0,0.00024367232981603593,0.024367232981603593,250.0,0.000949521956499666,0.2373804891249165,1.0,0.007111352868378162,0.007111352868378162,60.0,0.0032622762955725193,0.19573657773435116,0.0,0.0,0.0,800.0,0.000690347864292562,0.5522782914340496,0.001,114.68915557861328,0.11468915557861328,700000,700000,417
520,pose,1.1283745765686035,100.0,0.00023118642275221646,0.023118642275221646,250.0,0.0009513635304756463,0.23784088261891156,1.0,0.007059600204229355,0.007059600204229355,60.0,0.003162836190313101,0.18977017141878605,0.0,0.0,0.0,800.0,0.0006952497642487288,0.556199811398983,0.001,114.38552856445312,0.11438552856445312,700000,700000,421
521,pose,1.1399577856063843,100.0,0.00022108657867647707,0.022108657867647707,250.0,0.000952666683588177,0.23816667089704424,1.0,0.0069993967190384865,0.0069993967190384865,60.0,0.0033289818093180656,0.19973890855908394,0.0,0.0,0.0,800.0,0.0006985038053244352,0.5588030442595482,0.001,114.14111328125,0.11414111328125,700000,700000,403
522,pose,1.1338627338409424,100.0,0.00021516019478440285,0.021516019478440285,250.0,0.000953765120357275,0.23844128008931875,1.0,0.006932804360985756,0.006932804360985756,60.0,0.0032331710681319237,0.19399026408791542,0.0,0.0,0.0,800.0,0.0006986316293478012,0.558905303478241,0.001,114.07704162597656,0.11407704162597657,700000,700000,417
523,pose,1.1334534883499146,100.0,0.00021526703494600952,0.02152670349460095,250.0,0.0009552341653034091,0.23880854132585227,1.0,0.006857978645712137,0.006857978645712137,60.0,0.003253313945606351,0.19519883673638105,0.0,0.0,0.0,800.0,0.0006963243940845132,0.5570595152676105,0.001,114.00189208984375,0.11400189208984375,700000,700000,433
524,pose,1.119431972503662,100.0,0.00021567242220044136,0.021567242220044136,250.0,0.0009570413385517895,0.23926033463794738,1.0,0.006792063824832439,0.006792063824832439,60.0,0.0029706170316785574,0.17823702190071344,0.0,0.0,0.0,800.0,0.0006993005517870188,0.559440441429615,0.001,114.13487243652344,0.11413487243652344,700000,700000,434
525,pose,1.1421113014221191,100.0,0.0002192387473769486,0.02192387473769486,250.0,0.0009575581061653793,0.23938952654134482,1.0,0.006721466314047575,0.006721466314047575,60.0,0.0033769940491765738,0.20261964295059443,0.0,0.0,0.0,800.0,0.0006964080967009068,0.5571264773607254,0.001,114.33024597167969,0.11433024597167969,700000,700000,443
526,pose,1.1274774074554443,100.0,0.00022591714514419436,0.022591714514419436,250.0,0.0009571714326739311,0.23929285816848278,1.0,0.006657361518591642,0.006657361518591642,60.0,0.0031962054781615734,0.1917723286896944,0.0,0.0,0.0,800.0,0.0006910108495503664,0.5528086796402931,0.001,114.35430908203125,0.11435430908203126,700000,700000,443
527,pose,1.1192374229431152,100.0,0.00023033381148707122,0.02303338114870712,250.0,0.0009572419221512973,0.23931048053782433,1.0,0.006600426509976387,0.006600426509976387,60.0,0.0031039274763315916,0.1862356485798955,0.0,0.0,0.0,800.0,0.0006872938247397542,0.5498350597918034,0.001,114.22234344482422,0.11422234344482422,700000,700000,443
528,pose,1.1264101266860962,100.0,0.00023177871480584145,0.023177871480584145,250.0,0.0009588778484612703,0.23971946211531758,1.0,0.006543735507875681,0.006543735507875681,60.0,0.0032151448540389538,0.19290869124233723,0.0,0.0,0.0,800.0,0.000687122461386025,0.54969796910882,0.001,114.3623046875,0.1143623046875,700000,700000,417
529,pose,1.1313869953155518,100.0,0.00022902128694113344,0.022902128694113344,250.0,0.0009611058630980551,0.24027646577451378,1.0,0.006485021207481623,0.006485021207481623,60.0,0.003238739212974906,0.19432435277849436,0.0,0.0,0.0,800.0,0.0006909075891599059,0.5527260713279247,0.001,114.67290496826172,0.11467290496826173,700000,700000,421
530,pose,1.1377383470535278,100.0,0.0002271737903356552,0.02271737903356552,250.0,0.0009624766535125673,0.24061916337814182,1.0,0.006419049110263586,0.006419049110263586,60.0,0.003287020605057478,0.19722123630344868,0.0,0.0,0.0,800.0,0.0006931255338713527,0.5545004270970821,0.001,116.2610855102539,0.11626108551025391,700000,700000,410
531,pose,1.1247026920318604,100.0,0.0002263728529214859,0.02263728529214859,250.0,0.0009623991209082305,0.24059978022705764,1.0,0.006351543590426445,0.006351543590426445,60.0,0.0031038846354931593,0.18623307812958956,0.0,0.0,0.0,800.0,0.000692266970872879,0.5538135766983032,0.001,115.06743621826172,0.11506743621826172,700000,700000,427
532,pose,1.131118893623352,100.0,0.00022453087149187922,0.022453087149187922,250.0,0.000960934441536665,0.24023361038416624,1.0,0.006284767296165228,0.006284767296165228,60.0,0.0032674523536115885,0.1960471412166953,0.0,0.0,0.0,800.0,0.0006907550268806517,0.5526040215045214,0.001,113.49613952636719,0.1134961395263672,700000,700000,430
533,pose,1.125328540802002,100.0,0.00022208804148249328,0.022208804148249328,250.0,0.0009604872902855277,0.24012182257138193,1.0,0.006226118188351393,0.006226118188351393,60.0,0.0031647509895265102,0.18988505937159061,0.0,0.0,0.0,800.0,0.0006920851301401854,0.5536681041121483,0.001,113.21864318847656,0.11321864318847656,700000,700000,451
534,pose,1.1328495740890503,100.0,0.00022070853447075933,0.022070853447075933,250.0,0.000960634439252317,0.24015860981307924,1.0,0.006172536872327328,0.006172536872327328,60.0,0.003245630068704486,0.19473780412226915,0.0,0.0,0.0,800.0,0.0006959158927202225,0.556732714176178,0.001,112.97708892822266,0.11297708892822265,700000,700000,407
535,pose,1.1319241523742676,100.0,0.00021935385302640498,0.021935385302640498,250.0,0.0009599508484825492,0.2399877121206373,1.0,0.0061147818341851234,0.0061147818341851234,60.0,0.0032077678479254246,0.19246607087552547,0.0,0.0,0.0,800.0,0.0006983418134041131,0.5586734507232904,0.001,112.7466812133789,0.11274668121337891,700000,700000,404
536,pose,1.1403357982635498,100.0,0.0002188996586482972,0.02188996586482972,250.0,0.0009593492140993476,0.2398373035248369,1.0,0.006054377183318138,0.006054377183318138,60.0,0.003375236876308918,0.20251421257853508,0.0,0.0,0.0,800.0,0.0006968554807826877,0.5574843846261501,0.001,112.55555725097656,0.11255555725097656,700000,700000,416
537,pose,1.1393535137176514,100.0,0.00022062919742893428,0.022062919742893428,250.0,0.0009594137081876397,0.23985342704690993,1.0,0.005993907805532217,0.005993907805532217,60.0,0.003404672024771571,0.20428032148629427,0.0,0.0,0.0,800.0,0.0006933717522770166,0.5546974018216133,0.001,112.46566772460938,0.11246566772460938,700000,700000,408
538,pose,1.1233900785446167,100.0,0.00022332591470330954,0.022332591470330954,250.0,0.0009599365876056254,0.23998414690140635,1.0,0.005928682163357735,0.005928682163357735,60.0,0.0031872212421149015,0.1912332745268941,0.0,0.0,0.0,800.0,0.0006889807991683483,0.5511846393346786,0.001,112.72663116455078,0.11272663116455078,700000,700000,439
539,pose,1.1270177364349365,100.0,0.0002258864406030625,0.02258864406030625,250.0,0.0009602704085409641,0.24006760213524103,1.0,0.005870644468814135,0.005870644468814135,60.0,0.0032359466422349215,0.1941567985340953,0.0,0.0,0.0,800.0,0.0006865848554298282,0.5492678843438625,0.001,115.06620788574219,0.11506620788574219,700000,700000,428
540,pose,1.1115384101867676,100.0,0.00022610428277403116,0.022610428277403116,250.0,0.0009601194178685546,0.24002985446713865,1.0,0.005809313151985407,0.005809313151985407,60.0,0.0030465119052678347,0.18279071431607008,0.0,0.0,0.0,800.0,0.0006829111953265965,0.5463289562612772,0.001,113.96910095214844,0.11396910095214843,700000,700000,432
541,pose,1.1048648357391357,100.0,0.00022632710170000792,0.02263271017000079,250.0,0.0009598680189810693,0.23996700474526733,1.0,0.005742969457060099,0.005742969457060099,60.0,0.0030248903203755617,0.1814934192225337,0.0,0.0,0.0,800.0,0.0006768082967028022,0.5414466373622417,0.001,113.58209228515625,0.11358209228515626,700000,700000,454
542,pose,1.1215815544128418,100.0,0.0002244820207124576,0.02244820207124576,250.0,0.0009595695300959051,0.23989238252397627,1.0,0.005677358713001013,0.005677358713001013,60.0,0.003316420130431652,0.19898520782589912,0.0,0.0,0.0,800.0,0.0006751123582944274,0.5400898866355419,0.001,114.48846435546875,0.11448846435546875,700000,700000,435
543,pose,1.1167526245117188,100.0,0.00022150475706439465,0.022150475706439465,250.0,0.0009601977653801441,0.24004944134503603,1.0,0.00561493868008256,0.00561493868008256,60.0,0.003177540609613061,0.19065243657678366,0.0,0.0,0.0,800.0,0.0006795311346650124,0.5436249077320099,0.001,114.6605224609375,0.1146605224609375,700000,700000,451
544,pose,1.1318062543869019,100.0,0.00021576095605269074,0.021576095605269074,250.0,0.0009619745542295277,0.24049363855738193,1.0,0.005560910329222679,0.005560910329222679,60.0,0.0032771206460893154,0.19662723876535892,0.0,0.0,0.0,800.0,0.0006902151508256793,0.5521721206605434,0.001,115.37617492675781,0.11537617492675782,700000,700000,395
545,pose,1.1391690969467163,100.0,0.00021014834055677056,0.021014834055677056,250.0,0.0009629222913645208,0.2407305728411302,1.0,0.005502616986632347,0.005502616986632347,60.0,0.003345143049955368,0.20070858299732208,0.0,0.0,0.0,800.0,0.0006979548488743603,0.5583638790994883,0.001,112.84860229492188,0.11284860229492187,700000,700000,406
546,pose,1.1416691541671753,100.0,0.0002055845397990197,0.02055845397990197,250.0,0.0009634714224375784,0.2408678556093946,1.0,0.005444629583507776,0.005444629583507776,60.0,0.0033773977775126696,0.20264386665076017,0.0,0.0,0.0,800.0,0.0006997265154495835,0.5597812123596668,0.001,112.37324523925781,0.11237324523925782,700000,700000,419
547,pose,1.1238675117492676,100.0,0.00020126473100390285,0.020126473100390285,250.0,0.000964025326538831,0.24100633163470775,1.0,0.005386950448155403,0.005386950448155403,60.0,0.003120073350146413,0.18720440100878477,0.0,0.0,0.0,800.0,0.0006962512852624059,0.5570010282099247,0.001,113.14221954345703,0.11314221954345703,700000,700000,437
548,pose,1.1208125352859497,100.0,0.0002021535619860515,0.02021535619860515,250.0,0.0009649020503275096,0.2412255125818774,1.0,0.005331290885806084,0.005331290885806084,60.0,0.0031751785427331924,0.19051071256399155,0.0,0.0,0.0,800.0,0.0006881471490487456,0.5505177192389965,0.001,113.01193237304688,0.11301193237304688,700000,700000,428
549,pose,1.1225638389587402,100.0,0.0002048433234449476,0.02048433234449476,250.0,0.000966012361459434,0.2415030903648585,1.0,0.005279330536723137,0.005279330536723137,60.0,0.0033306877594441175,0.19984126556664705,0.0,0.0,0.0,800.0,0.0006779888644814491,0.5423910915851593,0.001,113.06480407714844,0.11306480407714845,700000,700000,434
550,pose,1.1088619232177734,100.0,0.00020684201444964856,0.020684201444964856,250.0,0.0009672933374531567,0.24182333436328918,1.0,0.005232715047895908,0.005232715047895908,60.0,0.003127865958958864,0.18767195753753185,0.0,0.0,0.0,800.0,0.0006752416375093162,0.540193310007453,0.001,113.25640869140625,0.11325640869140625,700000,700000,430
551,pose,1.1173814535140991,100.0,0.00020784644584637135,0.020784644584637135,250.0,0.000968699052464217,0.24217476311605424,1.0,0.005192392971366644,0.005192392971366644,60.0,0.003210321767255664,0.19261930603533983,0.0,0.0,0.0,800.0,0.0006789075559936464,0.5431260447949171,0.001,113.48429870605469,0.11348429870605468,700000,700000,421
552,pose,1.1251004934310913,100.0,0.00020884667173959315,0.020884667173959315,250.0,0.0009696637862361968,0.2424159465590492,1.0,0.005153574515134096,0.005153574515134096,60.0,0.003206835361197591,0.19241012167185545,0.0,0.0,0.0,800.0,0.0006879479624330997,0.5503583699464798,0.001,113.8779296875,0.1138779296875,700000,700000,405
553,pose,1.1498665809631348,100.0,0.00021164855570532382,0.02116485557053238,250.0,0.000969852670095861,0.24246316752396524,1.0,0.005106848198920488,0.005106848198920488,60.0,0.0034956331364810467,0.2097379881888628,0.0,0.0,0.0,800.0,0.0006966884830035269,0.5573507864028215,0.001,114.04292297363281,0.11404292297363282,700000,700000,373
554,pose,1.145264983177185,100.0,0.00021459677373059094,0.021459677373059094,250.0,0.000969800865277648,0.242450216319412,1.0,0.005055328365415335,0.005055328365415335,60.0,0.003367763478308916,0.20206580869853497,0.0,0.0,0.0,800.0,0.000700508477166295,0.560406781733036,0.001,113.82706451416016,0.11382706451416016,700000,700000,387
555,pose,1.1446783542633057,100.0,0.000217463806620799,0.0217463806620799,250.0,0.0009694905602373183,0.24237264005932957,1.0,0.005002078600227833,0.005002078600227833,60.0,0.003362716641277075,0.2017629984766245,0.0,0.0,0.0,800.0,0.0007001603953540325,0.560128316283226,0.001,113.6659164428711,0.11366591644287109,700000,700000,402
556,pose,1.1484475135803223,100.0,0.0002199843875132501,0.02199843875132501,250.0,0.0009689172729849815,0.24222931824624538,1.0,0.004946798551827669,0.004946798551827669,60.0,0.0034936924930661917,0.2096215495839715,0.0,0.0,0.0,800.0,0.0006951434188522398,0.5561147350817919,0.001,113.53666687011719,0.1135366668701172,700000,700000,389
557,pose,1.1320397853851318,100.0,0.00022200247622095048,0.02220024762209505,250.0,0.0009679576032795012,0.2419894008198753,1.0,0.0048901853151619434,0.0048901853151619434,60.0,0.0033359306398779154,0.20015583839267492,0.0,0.0,0.0,800.0,0.0006867465563118458,0.5493972450494766,0.001,113.40695190429688,0.11340695190429688,700000,700000,438
558,pose,1.1192600727081299,100.0,0.00022095468011684716,0.022095468011684716,250.0,0.0009676933404989541,0.24192333512473851,1.0,0.004839773289859295,0.004839773289859295,60.0,0.003266674466431141,0.19600046798586845,0.0,0.0,0.0,800.0,0.0006758508970960975,0.540680717676878,0.001,113.72023010253906,0.11372023010253907,700000,700000,469
559,pose,1.1139473915100098,100.0,0.00021667189139407128,0.021667189139407128,250.0,0.000967296538874507,0.24182413471862674,1.0,0.004798721056431532,0.004798721056431532,60.0,0.003254712326452136,0.19528273958712816,0.0,0.0,0.0,800.0,0.0006703157559968531,0.5362526047974825,0.001,114.12197875976562,0.11412197875976562,700000,700000,474
560,pose,1.1179903745651245,100.0,0.00021062337327748537,0.021062337327748537,250.0,0.0009669572464190423,0.2417393116047606,1.0,0.004765292163938284,0.004765292163938284,60.0,0.003322270466014743,0.19933622796088457,0.0,0.0,0.0,800.0,0.0006701829261146486,0.5361463408917189,0.001,114.94091796875,0.11494091796875,700000,700000,483
561,pose,1.1204781532287598,100.0,0.00020431603479664773,0.020431603479664773,250.0,0.0009662217344157398,0.24155543360393494,1.0,0.0047394088469445705,0.0047394088469445705,60.0,0.00333171128295362,0.1999026769772172,0.0,0.0,0.0,800.0,0.0006744189304299653,0.5395351443439722,0.001,114.3138198852539,0.11431381988525391,700000,700000,448
562,pose,1.114914894104004,100.0,0.00019841117318719625,0.019841117318719625,250.0,0.0009654068853706121,0.24135172134265304,1.0,0.004720042459666729,0.004720042459666729,60.0,0.0031628587748855352,0.18977152649313211,0.0,0.0,0.0,800.0,0.0006816562381573021,0.5453249905258417,0.001,113.905517578125,0.113905517578125,700000,700000,427
563,pose,1.131556510925293,100.0,0.0001924611278809607,0.01924611278809607,250.0,0.0009648225968703628,0.2412056492175907,1.0,0.004704577848315239,0.004704577848315239,60.0,0.003305313643068075,0.1983188185840845,0.0,0.0,0.0,800.0,0.0006929335650056601,0.554346852004528,0.001,113.73451232910156,0.11373451232910156,700000,700000,377
564,pose,1.155198335647583,100.0,0.00018923345487564802,0.018923345487564802,250.0,0.0009643943631090224,0.2410985907772556,1.0,0.004681750200688839,0.004681750200688839,60.0,0.0036336667835712433,0.2180200070142746,0.0,0.0,0.0,800.0,0.0007002805359661579,0.5602244287729263,0.001,112.2502212524414,0.11225022125244141,700000,700000,360
565,pose,1.1553938388824463,100.0,0.000188303500181064,0.0188303500181064,250.0,0.0009643265511840582,0.24108163779601455,1.0,0.004653213545680046,0.004653213545680046,60.0,0.0036080314312130213,0.21648188587278128,0.0,0.0,0.0,800.0,0.0007026022067293525,0.562081765383482,0.001,112.26498413085938,0.11226498413085938,700000,700000,347
566,pose,1.1437013149261475,100.0,0.00019018727471120656,0.019018727471120656,250.0,0.0009653734159655869,0.24134335399139673,1.0,0.00461870152503252,0.00461870152503252,60.0,0.0034033500123769045,0.20420100074261427,0.0,0.0,0.0,800.0,0.0007016286253929138,0.561302900314331,0.001,113.21669006347656,0.11321669006347657,700000,700000,370
567,pose,1.1318976879119873,100.0,0.00019663406419567764,0.019663406419567764,250.0,0.0009669914143159986,0.24174785357899964,1.0,0.004577329847961664,0.004577329847961664,60.0,0.003283696249127388,0.19702177494764328,0.0,0.0,0.0,800.0,0.0006946612265892327,0.5557289812713861,0.001,113.15834045410156,0.11315834045410156,700000,700000,398
568,pose,1.1193768978118896,100.0,0.0002057907113339752,0.02057907113339752,250.0,0.0009683038806542754,0.24207597016356885,1.0,0.004531404003500938,0.004531404003500938,60.0,0.003200809471309185,0.1920485682785511,0.0,0.0,0.0,800.0,0.0006839718553237617,0.5471774842590094,0.001,112.96443176269531,0.11296443176269531,700000,700000,428
569,pose,1.1211378574371338,100.0,0.0002165616606362164,0.02165616606362164,250.0,0.0009694661130197346,0.24236652825493366,1.0,0.004482566844671965,0.004482566844671965,60.0,0.0033723735250532627,0.20234241150319576,0.0,0.0,0.0,800.0,0.0006717666983604431,0.5374133586883545,0.001,112.8768310546875,0.1128768310546875,700000,700000,471
570,pose,1.1208299398422241,100.0,0.00022360376897267997,0.022360376897267997,250.0,0.0009707733406685293,0.24269333516713232,1.0,0.0044443137012422085,0.0044443137012422085,60.0,0.003433943958953023,0.20603663753718138,0.0,0.0,0.0,800.0,0.0006654515746049583,0.5323612596839666,0.001,112.93394470214844,0.11293394470214844,700000,700000,485
571,pose,1.1112312078475952,100.0,0.00022730630007572472,0.022730630007572472,250.0,0.0009721178794279695,0.24302946985699236,1.0,0.004413704387843609,0.004413704387843609,60.0,0.00328288902528584,0.1969733415171504,0.0,0.0,0.0,800.0,0.0006640757201239467,0.5312605760991573,0.001,112.82349395751953,0.11282349395751953,700000,700000,485
572,pose,1.110536813735962,100.0,0.0002283865469507873,0.02283865469507873,250.0,0.000973507936578244,0.243376984144561,1.0,0.004390660673379898,0.004390660673379898,60.0,0.0032285440247505903,0.19371264148503542,0.0,0.0,0.0,800.0,0.0006666482659056783,0.5333186127245426,0.001,112.89926147460938,0.11289926147460938,700000,700000,483
573,pose,1.1029562950134277,100.0,0.00022687105229124427,0.022687105229124427,250.0,0.000974658818449825,0.24366470461245626,1.0,0.00437512481585145,0.00437512481585145,60.0,0.003021649783477187,0.18129898700863123,0.0,0.0,0.0,800.0,0.0006724558188579977,0.5379646550863981,0.001,112.96575164794922,0.11296575164794923,700000,700000,462
574,pose,1.1340827941894531,100.0,0.00022005080245435238,0.022005080245435238,250.0,0.0009749174932949245,0.24372937332373112,1.0,0.0043636467307806015,0.0043636467307806015,60.0,0.0034372443333268166,0.206234659999609,0.0,0.0,0.0,800.0,0.0006807688623666763,0.5446150898933411,0.001,113.13494873046875,0.11313494873046875,700000,700000,402
575,pose,1.139501929283142,100.0,0.00021381539409048855,0.021381539409048855,250.0,0.0009748750599101186,0.24371876497752964,1.0,0.00434661190956831,0.00434661190956831,60.0,0.0034854363184422255,0.20912617910653353,0.0,0.0,0.0,800.0,0.0006841803551651537,0.547344284132123,0.001,113.58457946777344,0.11358457946777344,700000,700000,395
576,pose,1.1469297409057617,100.0,0.00020719663007184863,0.020719663007184863,250.0,0.0009748091688379645,0.24370229220949113,1.0,0.004324053414165974,0.004324053414165974,60.0,0.0035888804122805595,0.21533282473683357,0.0,0.0,0.0,800.0,0.0006850204663351178,0.5480163730680943,0.001,114.83453369140625,0.11483453369140625,700000,700000,403
577,pose,1.1196098327636719,100.0,0.00019985185645055026,0.019985185645055026,250.0,0.0009738448425196111,0.24346121062990278,1.0,0.004293861798942089,0.004293861798942089,60.0,0.0031227741856127977,0.18736645113676786,0.0,0.0,0.0,800.0,0.0006855473620817065,0.5484378896653652,0.001,116.06520080566406,0.11606520080566407,700000,700000,412
578,pose,1.1175397634506226,100.0,0.00019375089323148131,0.01937508932314813,250.0,0.0009724577539600432,0.2431144384900108,1.0,0.0042600990273058414,0.0042600990273058414,60.0,0.003150130854919553,0.18900785129517317,0.0,0.0,0.0,800.0,0.000682560377754271,0.5460483022034168,0.001,115.73402404785156,0.11573402404785156,700000,700000,419
579,pose,1.1123709678649902,100.0,0.00019081099890172482,0.01908109989017248,250.0,0.000972003152128309,0.24300078803207725,1.0,0.004218844696879387,0.004218844696879387,60.0,0.0031364704482257366,0.1881882268935442,0.0,0.0,0.0,800.0,0.0006779298419132829,0.5423438735306263,0.001,115.53815460205078,0.11553815460205079,700000,700000,455
580,pose,1.1022474765777588,100.0,0.00019008287927135825,0.019008287927135825,250.0,0.000972500944044441,0.24312523601111025,1.0,0.004181736148893833,0.004181736148893833,60.0,0.002981965197250247,0.17891791183501482,0.0,0.0,0.0,800.0,0.0006768093444406986,0.5414474755525589,0.001,115.56678771972656,0.11556678771972656,700000,700000,458
581,pose,1.1162768602371216,100.0,0.0001906610414152965,0.01906610414152965,250.0,0.000973236165009439,0.24330904125235975,1.0,0.004149324726313353,0.004149324726313353,60.0,0.0031847800128161907,0.19108680076897144,0.0,0.0,0.0,800.0,0.0006788071477785707,0.5430457182228565,0.001,115.6198501586914,0.1156198501586914,700000,700000,453
582,pose,1.1174347400665283,100.0,0.00019531241559889168,0.019531241559889168,250.0,0.0009730263845995069,0.2432565961498767,1.0,0.00411944929510355,0.00411944929510355,60.0,0.003212163457646966,0.19272980745881796,0.0,0.0,0.0,800.0,0.0006777197704650462,0.5421758163720369,0.001,115.62181091308594,0.11562181091308595,700000,700000,453
583,pose,1.1174089908599854,100.0,0.00020022291573695838,0.02002229157369584,250.0,0.0009722996619530022,0.24307491548825055,1.0,0.0040953862480819225,0.0040953862480819225,60.0,0.0031937684398144484,0.1916261063888669,0.0,0.0,0.0,800.0,0.0006788133177906275,0.543050654232502,0.001,115.53962707519531,0.11553962707519531,700000,700000,440
584,pose,1.1185611486434937,100.0,0.00020386015239637345,0.020386015239637345,250.0,0.0009722553659230471,0.24306384148076177,1.0,0.004078284837305546,0.004078284837305546,60.0,0.0031450684182345867,0.1887041050940752,0.0,0.0,0.0,800.0,0.0006838091649115086,0.5470473319292068,0.001,115.28163146972656,0.11528163146972656,700000,700000,418
585,pose,1.1406179666519165,100.0,0.00020774031872861087,0.020774031872861087,250.0,0.0009719597874209285,0.24298994685523212,1.0,0.0040561361238360405,0.0040561361238360405,60.0,0.003512799274176359,0.21076795645058155,0.0,0.0,0.0,800.0,0.0006836195825599134,0.5468956660479307,0.001,115.13420104980469,0.1151342010498047,700000,700000,403
586,pose,1.1338750123977661,100.0,0.0002104674931615591,0.02104674931615591,250.0,0.0009716256754472852,0.2429064188618213,1.0,0.004029576666653156,0.004029576666653156,60.0,0.0034531340934336185,0.2071880456060171,0.0,0.0,0.0,800.0,0.0006796634988859296,0.5437307991087437,0.001,114.97342681884766,0.11497342681884766,700000,700000,395
587,pose,1.1108624935150146,100.0,0.00021047014161013067,0.021047014161013067,250.0,0.0009719674126245081,0.24299185315612704,1.0,0.003999542444944382,0.003999542444944382,60.0,0.0031337933614850044,0.18802760168910027,0.0,0.0,0.0,800.0,0.0006746911094523966,0.5397528875619173,0.001,115.04363250732422,0.11504363250732422,700000,700000,406
588,pose,1.1065150499343872,100.0,0.00020853104069828987,0.020853104069828987,250.0,0.000973386806435883,0.24334670160897076,1.0,0.003964300267398357,0.003964300267398357,60.0,0.003110622288659215,0.1866373373195529,0.0,0.0,0.0,800.0,0.000670562672894448,0.5364501383155584,0.001,115.26341247558594,0.11526341247558594,700000,700000,430
589,pose,1.1052088737487793,100.0,0.00020474797929637134,0.020474797929637134,250.0,0.0009758840897120535,0.24397102242801338,1.0,0.003923919517546892,0.003923919517546892,60.0,0.0030201366171240807,0.18120819702744484,0.0,0.0,0.0,800.0,0.0006735153729096055,0.5388122983276844,0.001,116.81868743896484,0.11681868743896484,700000,700000,447
590,pose,1.101487159729004,100.0,0.00020031046005897224,0.020031046005897224,250.0,0.0009765714639797807,0.24414286599494517,1.0,0.0038890126161277294,0.0038890126161277294,60.0,0.0029166657477617264,0.17499994486570358,0.0,0.0,0.0,800.0,0.000678434909787029,0.5427479278296232,0.001,115.6763916015625,0.1156763916015625,700000,700000,462
591,pose,1.112244725227356,100.0,0.00019644229905679822,0.019644229905679822,250.0,0.0009755273349583149,0.24388183373957872,1.0,0.003858050098642707,0.003858050098642707,60.0,0.0030371183529496193,0.18222710117697716,0.0,0.0,0.0,800.0,0.0006851255311630666,0.5481004249304533,0.001,114.53311157226562,0.11453311157226563,700000,700000,447
592,pose,1.1261286735534668,100.0,0.00019448134116828442,0.01944813411682844,250.0,0.0009747711010277271,0.24369277525693178,1.0,0.003831567708402872,0.003831567708402872,60.0,0.0032336320728063583,0.1940179243683815,0.0,0.0,0.0,800.0,0.0006885306211188436,0.5508244968950748,0.001,114.31373596191406,0.11431373596191406,700000,700000,459
593,pose,1.1193760633468628,100.0,0.00019164457626175135,0.019164457626175135,250.0,0.0009749830351211131,0.24374575878027827,1.0,0.0038103896658867598,0.0038103896658867598,60.0,0.003054342931136489,0.18326057586818933,0.0,0.0,0.0,800.0,0.0006939728045836091,0.5551782436668873,0.001,114.21670532226562,0.11421670532226563,700000,700000,440
594,pose,1.1464978456497192,100.0,0.00019147897546645254,0.019147897546645254,250.0,0.000976661453023553,0.24416536325588822,1.0,0.003791581839323044,0.003791581839323044,60.0,0.0034410234075039625,0.20646140445023775,0.0,0.0,0.0,800.0,0.0006983893690630794,0.5587114952504635,0.001,114.22008514404297,0.11422008514404297,700000,700000,402
595,pose,1.1359704732894897,100.0,0.0001934502797666937,0.01934502797666937,250.0,0.0009787030285224319,0.24467575713060796,1.0,0.0037667693104594946,0.0037667693104594946,60.0,0.0032601195853203535,0.1956071751192212,0.0,0.0,0.0,800.0,0.0006978042656555772,0.5582434125244617,0.001,114.33235931396484,0.11433235931396485,700000,700000,383
596,pose,1.1316843032836914,100.0,0.0001952644088305533,0.01952644088305533,250.0,0.0009811983909457922,0.24529959773644805,1.0,0.0037362982984632254,0.0037362982984632254,60.0,0.0032060863450169563,0.19236518070101738,0.0,0.0,0.0,800.0,0.0006949796224944293,0.5559836979955435,0.001,114.77304077148438,0.11477304077148438,700000,700000,402
597,pose,1.1238254308700562,100.0,0.00019930045527871698,0.019930045527871698,250.0,0.0009831339120864868,0.2457834780216217,1.0,0.0037022382020950317,0.0037022382020950317,60.0,0.0031682804692536592,0.19009682815521955,0.0,0.0,0.0,800.0,0.000685842358507216,0.5486738868057728,0.001,115.6390151977539,0.11563901519775391,700000,700000,413
598,pose,1.1227470636367798,100.0,0.00020274933194741607,0.020274933194741607,250.0,0.0009840113343670964,0.2460028335917741,1.0,0.0036669119726866484,0.0036669119726866484,60.0,0.003290150547400117,0.19740903284400702,0.0,0.0,0.0,800.0,0.0006743104895576835,0.5394483916461468,0.001,115.94501495361328,0.11594501495361328,700000,700000,436
599,pose,1.1122585535049438,100.0,0.00020373889128677547,0.020373889128677547,250.0,0.0009842338040471077,0.24605845101177692,1.0,0.0036292108707129955,0.0036292108707129955,60.0,0.0033022051211446524,0.19813230726867914,0.0,0.0,0.0,800.0,0.0006620597559958696,0.5296478047966957,0.001,114.4168472290039,0.11441684722900392,700000,700000,487
600,pose,1.0999228954315186,100.0,0.00020183302694931626,0.020183302694931626,250.0,0.0009849516209214926,0.24623790523037314,1.0,0.0035990208853036165,0.0035990208853036165,60.0,0.003164873458445072,0.18989240750670433,0.0,0.0,0.0,800.0,0.0006567984819412231,0.5254387855529785,0.001,114.57144165039062,0.11457144165039063,700000,700000,500
601,pose,1.0941251516342163,100.0,0.00019749454804696143,0.019749454804696143,250.0,0.000986051163636148,0.246512790909037,1.0,0.0035762509796768427,0.0035762509796768427,60.0,0.003082898911088705,0.1849739346653223,0.0,0.0,0.0,800.0,0.000657019903883338,0.5256159231066704,0.001,113.69680786132812,0.11369680786132813,700000,700000,513
602,pose,1.098647952079773,100.0,0.0001924957032315433,0.01924957032315433,250.0,0.0009867348708212376,0.2466837177053094,1.0,0.0035591505002230406,0.0035591505002230406,60.0,0.003122501540929079,0.18735009245574474,0.0,0.0,0.0,800.0,0.0006601071218028665,0.5280856974422932,0.001,113.71971130371094,0.11371971130371095,700000,700000,484
603,pose,1.095001459121704,100.0,0.0001879852352431044,0.01879852352431044,250.0,0.0009875703835859895,0.24689259589649737,1.0,0.003547400701791048,0.003547400701791048,60.0,0.0029828441329300404,0.17897064797580242,0.0,0.0,0.0,800.0,0.0006662895902991295,0.5330316722393036,0.001,113.76052856445312,0.11376052856445312,700000,700000,469
604,pose,1.0957207679748535,100.0,0.0001866874226834625,0.01866874226834625,250.0,0.0009885714389383793,0.24714285973459482,1.0,0.003533438080921769,0.003533438080921769,60.0,0.0029171500355005264,0.17502900213003159,0.0,0.0,0.0,800.0,0.0006719424854964018,0.5375539883971214,0.001,113.79271697998047,0.11379271697998047,700000,700000,444
605,pose,1.1146265268325806,100.0,0.00018978421576321125,0.018978421576321125,250.0,0.0009893137030303478,0.24732842575758696,1.0,0.0035144926514476538,0.0035144926514476538,60.0,0.003186787711456418,0.19120726268738508,0.0,0.0,0.0,800.0,0.000674704322591424,0.5397634580731392,0.001,113.83454132080078,0.11383454132080079,700000,700000,412
606,pose,1.1406821012496948,100.0,0.00019487067766021937,0.019487067766021937,250.0,0.0009901312878355384,0.2475328219588846,1.0,0.003489496186375618,0.003489496186375618,60.0,0.0036066242028027773,0.21639745216816664,0.0,0.0,0.0,800.0,0.0006746512372046709,0.5397209897637367,0.001,114.05433654785156,0.11405433654785156,700000,700000,391
607,pose,1.1235382556915283,100.0,0.00019874707504641265,0.019874707504641265,250.0,0.0009921182645484805,0.24802956613712013,1.0,0.0034604466054588556,0.0034604466054588556,60.0,0.0032641475554555655,0.19584885332733393,0.0,0.0,0.0,800.0,0.0006762529956176877,0.5410023964941502,0.001,115.32231140136719,0.11532231140136719,700000,700000,387
608,pose,1.1166305541992188,100.0,0.00020204174506943673,0.020204174506943673,250.0,0.0009943459881469607,0.24858649703674018,1.0,0.003425747388973832,0.003425747388973832,60.0,0.0031247080769389868,0.1874824846163392,0.0,0.0,0.0,800.0,0.0006772430497221649,0.5417944397777319,0.001,115.13717651367188,0.11513717651367188,700000,700000,417
609,pose,1.1074230670928955,100.0,0.00020463798136916012,0.02046379813691601,250.0,0.0009970272658392787,0.24925681645981967,1.0,0.003388763638213277,0.003388763638213277,60.0,0.0029761712066829205,0.17857027240097523,0.0,0.0,0.0,800.0,0.0006766747683286667,0.5413398146629333,0.001,114.40365600585938,0.11440365600585937,700000,700000,438
610,pose,1.116657018661499,100.0,0.0002050006587523967,0.02050006587523967,250.0,0.001000604941509664,0.250151235377416,1.0,0.0033492636866867542,0.0033492636866867542,60.0,0.003113323589786887,0.18679941538721323,0.0,0.0,0.0,800.0,0.0006770591717213392,0.5416473373770714,0.001,114.20965576171875,0.11420965576171875,700000,700000,499
611,pose,1.1076900959014893,100.0,0.00020308919192757457,0.020308919192757457,250.0,0.0010039156768471003,0.25097891921177506,1.0,0.003317020135000348,0.003317020135000348,60.0,0.0028885684441775084,0.1733141066506505,0.0,0.0,0.0,800.0,0.0006819472182542086,0.5455577746033669,0.001,114.21339416503906,0.11421339416503906,700000,700000,488
612,pose,1.1175587177276611,100.0,0.00019824225455522537,0.019824225455522537,250.0,0.001007037004455924,0.251759251113981,1.0,0.0032911214511841536,0.0032911214511841536,60.0,0.0029559603426605463,0.17735762055963278,0.0,0.0,0.0,800.0,0.0006888152565807104,0.5510522052645683,0.001,114.27421569824219,0.11427421569824218,700000,700000,504
613,pose,1.1173484325408936,100.0,0.0001927072589751333,0.01927072589751333,250.0,0.0010095665929839015,0.2523916482459754,1.0,0.003271496156230569,0.003271496156230569,60.0,0.00282443780452013,0.1694662682712078,0.0,0.0,0.0,800.0,0.0006978329038247466,0.5582663230597973,0.001,114.68196105957031,0.11468196105957032,700000,700000,484
614,pose,1.1288710832595825,100.0,0.00019325190805830061,0.01932519080583006,250.0,0.0010110901203006506,0.25277253007516265,1.0,0.003254070645198226,0.003254070645198226,60.0,0.002978940960019827,0.1787364576011896,0.0,0.0,0.0,800.0,0.0006997478194534779,0.5597982555627823,0.001,114.98467254638672,0.11498467254638672,700000,700000,466
615,pose,1.1335535049438477,100.0,0.00019430564134381711,0.01943056413438171,250.0,0.0010125741828233004,0.2531435457058251,1.0,0.0032401636708527803,0.0032401636708527803,60.0,0.0030031546484678984,0.1801892789080739,0.0,0.0,0.0,800.0,0.0007042508223094046,0.5634006578475237,0.001,114.14920043945312,0.11414920043945313,700000,700000,448
616,pose,1.1415948867797852,100.0,0.0001969051081687212,0.01969051081687212,250.0,0.0010127669665962458,0.25319174164906144,1.0,0.003222289029508829,0.003222289029508829,60.0,0.003195761004462838,0.1917456602677703,0.0,0.0,0.0,800.0,0.0006997475866228342,0.5597980692982674,0.001,113.9466552734375,0.1139466552734375,700000,700000,422
617,pose,1.1327996253967285,100.0,0.00020011782180517912,0.020011782180517912,250.0,0.0010131716262549162,0.25329290656372905,1.0,0.003199152648448944,0.003199152648448944,60.0,0.003160787047818303,0.1896472228690982,0.0,0.0,0.0,800.0,0.0006909741787239909,0.5527793429791927,0.001,113.86918640136719,0.11386918640136719,700000,700000,441
618,pose,1.112041711807251,100.0,0.00020446610869839787,0.020446610869839787,250.0,0.0010127461282536387,0.2531865320634097,1.0,0.0031721333507448435,0.0031721333507448435,60.0,0.0029995343647897243,0.17997206188738346,0.0,0.0,0.0,800.0,0.0006767974700778723,0.5414379760622978,0.001,113.82638549804688,0.11382638549804688,700000,700000,465
619,pose,1.099313735961914,100.0,0.00020791348651982844,0.020791348651982844,250.0,0.001010932493954897,0.25273312348872423,1.0,0.0031489147804677486,0.0031489147804677486,60.0,0.0029384540393948555,0.17630724236369133,0.0,0.0,0.0,800.0,0.0006653089076280594,0.5322471261024475,0.001,114.08597564697266,0.11408597564697266,700000,700000,493
620,pose,1.1031299829483032,100.0,0.00020989692711737007,0.020989692711737007,250.0,0.0010089176939800382,0.25222942349500954,1.0,0.003130243858322501,0.003130243858322501,60.0,0.0030534127727150917,0.1832047663629055,0.0,0.0,0.0,800.0,0.0006616709288209677,0.5293367430567741,0.001,114.23905181884766,0.11423905181884766,700000,700000,439
621,pose,1.1067841053009033,100.0,0.00021052162628620863,0.021052162628620863,250.0,0.0010071274591609836,0.2517818647902459,1.0,0.00310927233658731,0.00310927233658731,60.0,0.003197519574314356,0.19185117445886135,0.0,0.0,0.0,800.0,0.0006568846292793751,0.5255077034235001,0.001,113.48202514648438,0.11348202514648438,700000,700000,458
622,pose,1.1105918884277344,100.0,0.0002073046489385888,0.02073046489385888,250.0,0.0010061209322884679,0.25153023307211697,1.0,0.0030920240096747875,0.0030920240096747875,60.0,0.0032778093591332436,0.1966685615479946,0.0,0.0,0.0,800.0,0.0006567428354173899,0.5253942683339119,0.001,113.17634582519531,0.11317634582519531,700000,700000,440
623,pose,1.0977997779846191,100.0,0.00020128273172304034,0.020128273172304034,250.0,0.0010059898486360908,0.2514974621590227,1.0,0.003076906083151698,0.003076906083151698,60.0,0.003017694689333439,0.18106168136000633,0.0,0.0,0.0,800.0,0.0006617094040848315,0.5293675232678652,0.001,112.66793060302734,0.11266793060302735,700000,700000,417
624,pose,1.1074347496032715,100.0,0.00019640444952528924,0.019640444952528924,250.0,0.0010056626051664352,0.2514156512916088,1.0,0.003054558066651225,0.003054558066651225,60.0,0.003129932563751936,0.18779595382511616,0.0,0.0,0.0,800.0,0.0006659745704382658,0.5327796563506126,0.001,112.74850463867188,0.11274850463867188,700000,700000,430
625,pose,1.0964397192001343,100.0,0.00019414359121583402,0.019414359121583402,250.0,0.0010053187143057585,0.2513296785764396,1.0,0.0030271245632320642,0.0030271245632320642,60.0,0.002942632883787155,0.1765579730272293,0.0,0.0,0.0,800.0,0.0006667840643785894,0.5334272515028715,0.001,112.68334197998047,0.11268334197998046,700000,700000,458
626,pose,1.0995995998382568,100.0,0.0001945612602867186,0.01945612602867186,250.0,0.001004753983579576,0.251188495894894,1.0,0.0029964742716401815,0.0029964742716401815,60.0,0.003050507279112935,0.1830304367467761,0.0,0.0,0.0,800.0,0.0006628345581702888,0.530267646536231,0.001,112.66036987304688,0.11266036987304688,700000,700000,470
627,pose,1.0823252201080322,100.0,0.00019566428090911359,0.01956642809091136,250.0,0.0010033886646851897,0.25084716617129743,1.0,0.0029693038668483496,0.0029693038668483496,60.0,0.002817631233483553,0.16905787400901318,0.0,0.0,0.0,800.0,0.0006589991971850395,0.5271993577480316,0.001,112.68505859375,0.11268505859375,700000,700000,489
628,pose,1.087878942489624,100.0,0.00019663461716845632,0.01966346171684563,250.0,0.001001820550300181,0.25045513757504523,1.0,0.0029460766818374395,0.0029460766818374395,60.0,0.0029165707528591156,0.17499424517154694,0.0,0.0,0.0,800.0,0.0006582910427823663,0.526632834225893,0.001,113.18716430664062,0.11318716430664062,700000,700000,483
629,pose,1.0961451530456543,100.0,0.00019725313177332282,0.019725313177332282,250.0,0.0010006600059568882,0.25016500148922205,1.0,0.00292903371155262,0.00292903371155262,60.0,0.0030135968700051308,0.18081581220030785,0.0,0.0,0.0,800.0,0.0006611432181671262,0.5289145745337009,0.001,113.59538269042969,0.1135953826904297,700000,700000,461
630,pose,1.0884809494018555,100.0,0.00019975259783677757,0.019975259783677757,250.0,0.000999931711703539,0.24998292792588472,1.0,0.002907736459746957,0.002907736459746957,60.0,0.0029133192729204893,0.17479915637522936,0.0,0.0,0.0,800.0,0.0006598490290343761,0.5278792232275009,0.001,112.93665313720703,0.11293665313720704,700000,700000,470
631,pose,1.1018980741500854,100.0,0.0002008507144637406,0.02008507144637406,250.0,0.001000577351078391,0.25014433776959777,1.0,0.002890300238505006,0.002890300238505006,60.0,0.0031066378578543663,0.18639827147126198,0.0,0.0,0.0,800.0,0.0006624552770517766,0.5299642216414213,0.001,112.41586303710938,0.11241586303710938,700000,700000,435
632,pose,1.1008386611938477,100.0,0.00019984881510026753,0.019984881510026753,250.0,0.0010026819072663784,0.2506704768165946,1.0,0.002870150376111269,0.002870150376111269,60.0,0.00305428309366107,0.1832569856196642,0.0,0.0,0.0,800.0,0.0006644917302764952,0.5315933842211962,0.001,112.4627685546875,0.11246276855468751,700000,700000,452
633,pose,1.0970139503479004,100.0,0.00020008666615467519,0.02000866661546752,250.0,0.0010051536373794079,0.25128840934485197,1.0,0.002846062881872058,0.002846062881872058,60.0,0.003015017369762063,0.18090104218572378,0.0,0.0,0.0,800.0,0.0006622516666539013,0.5298013333231211,0.001,112.16844177246094,0.11216844177246094,700000,700000,458
634,pose,1.095689058303833,100.0,0.00019910284026991576,0.019910284026991576,250.0,0.0010078561026602983,0.2519640256650746,1.0,0.002824820578098297,0.002824820578098297,60.0,0.0029515947680920362,0.17709568608552217,0.0,0.0,0.0,800.0,0.000664214720018208,0.5313717760145664,0.001,112.52250671386719,0.1125225067138672,700000,700000,484
635,pose,1.0923041105270386,100.0,0.00020031770691275597,0.020031770691275597,250.0,0.001009509083814919,0.25237727095372975,1.0,0.002799683017656207,0.002799683017656207,60.0,0.002909695729613304,0.17458174377679825,0.0,0.0,0.0,800.0,0.0006622938672080636,0.5298350937664509,0.001,112.67847442626953,0.11267847442626953,700000,700000,477
636,pose,1.0996191501617432,100.0,0.00020129355834797025,0.020129355834797025,250.0,0.0010109905852004886,0.25274764630012214,1.0,0.002775399247184396,0.002775399247184396,60.0,0.00298495520837605,0.179097312502563,0.0,0.0,0.0,800.0,0.0006633895682170987,0.530711654573679,0.001,114.1578369140625,0.1141578369140625,700000,700000,475
637,pose,1.10938560962677,100.0,0.0002005028072744608,0.02005028072744608,250.0,0.0010122231906279922,0.25305579765699804,1.0,0.002757132751867175,0.002757132751867175,60.0,0.0030561790335923433,0.1833707420155406,0.0,0.0,0.0,800.0,0.0006690851296298206,0.5352681037038565,0.001,114.88349151611328,0.11488349151611328,700000,700000,445
638,pose,1.114823341369629,100.0,0.0002010198077186942,0.02010198077186942,250.0,0.0010127744171768427,0.2531936042942107,1.0,0.002735734451562166,0.002735734451562166,60.0,0.0031092921271920204,0.18655752763152122,0.0,0.0,0.0,800.0,0.0006712436443194747,0.5369949154555798,0.001,115.23947143554688,0.11523947143554687,700000,700000,462
639,pose,1.1118661165237427,100.0,0.0001982079556910321,0.01982079556910321,250.0,0.0010134084150195122,0.25335210375487804,1.0,0.0027200463227927685,0.0027200463227927685,60.0,0.0030020284466445446,0.18012170679867268,0.0,0.0,0.0,800.0,0.0006762109696865082,0.5409687757492065,0.001,114.88269805908203,0.11488269805908204,700000,700000,438
640,pose,1.1065962314605713,100.0,0.00019699509721249342,0.019699509721249342,250.0,0.0010141124948859215,0.25352812372148037,1.0,0.002701231511309743,0.002701231511309743,60.0,0.0029196827672421932,0.1751809660345316,0.0,0.0,0.0,800.0,0.0006765143480151892,0.5412114784121513,0.001,114.27489471435547,0.11427489471435547,700000,700000,450
641,pose,1.1056509017944336,100.0,0.0001997103390749544,0.01997103390749544,250.0,0.0010149653535336256,0.2537413383834064,1.0,0.0026805377565324306,0.0026805377565324306,60.0,0.0029785067308694124,0.17871040385216475,0.0,0.0,0.0,800.0,0.0006715052295476198,0.5372041836380959,0.001,113.34336853027344,0.11334336853027344,700000,700000,463
642,pose,1.097650408744812,100.0,0.00020142135326750576,0.020142135326750576,250.0,0.0010156900389119983,0.25392250972799957,1.0,0.0026647665072232485,0.0026647665072232485,60.0,0.0028854801785200834,0.173128810711205,0.0,0.0,0.0,800.0,0.0006692144088447094,0.5353715270757675,0.001,112.42061614990234,0.11242061614990234,700000,700000,456
643,pose,1.109358787536621,100.0,0.0002005876594921574,0.02005876594921574,250.0,0.0010175443021580577,0.2543860755395144,1.0,0.0026504918932914734,0.0026504918932914734,60.0,0.003037460846826434,0.18224765080958605,0.0,0.0,0.0,800.0,0.0006721692043356597,0.5377353634685278,0.001,112.28045654296875,0.11228045654296875,700000,700000,448
644,pose,1.124582290649414,100.0,0.00019787273777183145,0.019787273777183145,250.0,0.0010199036914855242,0.25497592287138104,1.0,0.0026422827504575253,0.0026422827504575253,60.0,0.003187817055732012,0.1912690233439207,0.0,0.0,0.0,800.0,0.0006794153014197946,0.5435322411358356,0.001,112.37554931640625,0.11237554931640625,700000,700000,425
645,pose,1.1240488290786743,100.0,0.00020165223395451903,0.020165223395451903,250.0,0.001022083219140768,0.255520804785192,1.0,0.002628308953717351,0.002628308953717351,60.0,0.0031575548928231,0.189453293569386,0.0,0.0,0.0,800.0,0.000679034972563386,0.5432279780507088,0.001,113.05320739746094,0.11305320739746094,700000,700000,421
646,pose,1.1179397106170654,100.0,0.00020760831830557436,0.020760831830557436,250.0,0.0010241615818813443,0.2560403954703361,1.0,0.002611253410577774,0.002611253410577774,60.0,0.003107225988060236,0.18643355928361416,0.0,0.0,0.0,800.0,0.0006736282957717776,0.5389026366174221,0.001,113.1910400390625,0.1131910400390625,700000,700000,426
647,pose,1.117746114730835,100.0,0.0002145576145267114,0.02145576145267114,250.0,0.001026251702569425,0.2565629256423563,1.0,0.0025925803929567337,0.0025925803929567337,60.0,0.0032101504039019346,0.19260902423411608,0.0,0.0,0.0,800.0,0.0006644296809099615,0.5315437447279692,0.001,112.9820556640625,0.1129820556640625,700000,700000,426
648,pose,1.0983388423919678,100.0,0.00021921370353084058,0.021921370353084058,250.0,0.0010272804647684097,0.25682011619210243,1.0,0.002573497826233506,0.002573497826233506,60.0,0.0030199731700122356,0.18119839020073414,0.0,0.0,0.0,800.0,0.0006547050434164703,0.5237640347331762,0.001,112.06149291992188,0.11206149291992187,700000,700000,490
649,pose,1.0981926918029785,100.0,0.00022212520707398653,0.022212520707398653,250.0,0.0010286722099408507,0.2571680524852127,1.0,0.0025566215626895428,0.0025566215626895428,60.0,0.003053049324080348,0.18318295944482088,0.0,0.0,0.0,800.0,0.0006513106054626405,0.5210484843701124,0.001,112.02405548095703,0.11202405548095704,700000,700000,504
650,pose,1.089522361755371,100.0,0.0002249422250315547,0.02249422250315547,250.0,0.0010297747794538736,0.2574436948634684,1.0,0.0025402733590453863,0.0025402733590453863,60.0,0.0029389408882707357,0.17633645329624414,0.0,0.0,0.0,800.0,0.0006481792079284787,0.518543366342783,0.001,112.1644287109375,0.1121644287109375,700000,700000,506
651,pose,1.0982707738876343,100.0,0.00022815135889686644,0.022815135889686644,250.0,0.0010309787467122078,0.25774468667805195,1.0,0.0025251570623368025,0.0025251570623368025,60.0,0.0030413984786719084,0.1824839087203145,0.0,0.0,0.0,800.0,0.0006491320673376322,0.5193056538701057,0.001,113.39620208740234,0.11339620208740235,700000,700000,490
652,pose,1.095159888267517,100.0,0.00022819374862592667,0.022819374862592667,250.0,0.0010327373165637255,0.25818432914093137,1.0,0.0025154966861009598,0.0025154966861009598,60.0,0.0028979212511330843,0.17387527506798506,0.0,0.0,0.0,800.0,0.0006550421239808202,0.5240336991846561,0.001,113.73171997070312,0.11373171997070312,700000,700000,463
653,pose,1.102624535560608,100.0,0.0002302548091392964,0.02302548091392964,250.0,0.0010341049637645483,0.2585262409411371,1.0,0.002499984810128808,0.002499984810128808,60.0,0.002920351689681411,0.17522110138088465,0.0,0.0,0.0,800.0,0.0006619851337745786,0.5295881070196629,0.001,113.76367950439453,0.11376367950439453,700000,700000,412
654,pose,1.118571400642395,100.0,0.00023337057791650295,0.023337057791650295,250.0,0.001034263987094164,0.258565996773541,1.0,0.002479143440723419,0.002479143440723419,60.0,0.003159193554893136,0.18955161329358816,0.0,0.0,0.0,800.0,0.0006647616974078119,0.5318093579262495,0.001,112.82820129394531,0.11282820129394532,700000,700000,425
655,pose,1.1110379695892334,100.0,0.0002358345518587157,0.02358345518587157,250.0,0.0010343373287469149,0.2585843321867287,1.0,0.002455132780596614,0.002455132780596614,60.0,0.0030376024078577757,0.18225614447146654,0.0,0.0,0.0,800.0,0.000665373750962317,0.5322990007698536,0.001,111.85990905761719,0.1118599090576172,700000,700000,431
656,pose,1.1051394939422607,100.0,0.00023876791237853467,0.023876791237853467,250.0,0.0010335365077480674,0.25838412693701684,1.0,0.0024305444676429033,0.0024305444676429033,60.0,0.003003868041560054,0.18023208249360323,0.0,0.0,0.0,800.0,0.0006601708009839058,0.5281366407871246,0.001,112.07925415039062,0.11207925415039063,700000,700000,459
657,pose,1.0964151620864868,100.0,0.00023949285969138145,0.023949285969138145,250.0,0.0010329317301511765,0.2582329325377941,1.0,0.002408843021839857,0.002408843021839857,60.0,0.0028865861240774393,0.17319516744464636,0.0,0.0,0.0,800.0,0.0006574787548743188,0.5259830038994551,0.001,112.64598083496094,0.11264598083496094,700000,700000,461
658,pose,1.107144832611084,100.0,0.00024094889522530138,0.02409488952253014,250.0,0.0010309559293091297,0.25773898232728243,1.0,0.0023899918887764215,0.0023899918887764215,60.0,0.003123854286968708,0.18743125721812248,0.0,0.0,0.0,800.0,0.0006522941403090954,0.5218353122472763,0.001,113.65433502197266,0.11365433502197266,700000,700000,487
659,pose,1.1022273302078247,100.0,0.00024078511341940612,0.02407851134194061,250.0,0.0010292015504091978,0.25730038760229945,1.0,0.0023773889988660812,0.0023773889988660812,60.0,0.0030488958582282066,0.1829337514936924,0.0,0.0,0.0,800.0,0.0006513899425044656,0.5211119540035725,0.001,114.42526245117188,0.11442526245117188,700000,700000,487
660,pose,1.1061720848083496,100.0,0.0002396958152530715,0.02396958152530715,250.0,0.0010277306428179145,0.2569326607044786,1.0,0.002369615016505122,0.002369615016505122,60.0,0.003060057759284973,0.1836034655570984,0.0,0.0,0.0,800.0,0.0006547985831275582,0.5238388665020466,0.001,115.4579086303711,0.1154579086303711,700000,700000,463
661,pose,1.1106305122375488,100.0,0.00023764655634295195,0.023764655634295195,250.0,0.001026414567604661,0.25660364190116525,1.0,0.0023664175532758236,0.0023664175532758236,60.0,0.0030546404886990786,0.1832784293219447,0.0,0.0,0.0,800.0,0.0006621559150516987,0.529724732041359,0.001,114.89262390136719,0.11489262390136719,700000,700000,452
662,pose,1.1094719171524048,100.0,0.0002385551342740655,0.02385551342740655,250.0,0.0010250743944197893,0.25626859860494733,1.0,0.002356382552534342,0.002356382552534342,60.0,0.0029938542284071445,0.17963125370442867,0.0,0.0,0.0,800.0,0.0006681240629404783,0.5344992503523827,0.001,112.8609619140625,0.1128609619140625,700000,700000,435
663,pose,1.1208579540252686,100.0,0.00024261896032840014,0.024261896032840014,250.0,0.001023817458190024,0.255954364547506,1.0,0.002341370563954115,0.002341370563954115,60.0,0.00318029779009521,0.1908178674057126,0.0,0.0,0.0,800.0,0.0006688024150207639,0.5350419320166111,0.001,112.44061279296875,0.11244061279296876,700000,700000,407
664,pose,1.108108639717102,100.0,0.000246799347223714,0.0246799347223714,250.0,0.001023935154080391,0.25598378852009773,1.0,0.002321202540770173,0.002321202540770173,60.0,0.00296891201287508,0.1781347207725048,0.0,0.0,0.0,800.0,0.0006679105572402477,0.5343284457921982,0.001,112.66056060791016,0.11266056060791016,700000,700000,446
665,pose,1.1090993881225586,100.0,0.0002455457579344511,0.02455457579344511,250.0,0.0010247115278616548,0.2561778819654137,1.0,0.002299320651218295,0.002299320651218295,60.0,0.0029362179338932037,0.17617307603359222,0.0,0.0,0.0,800.0,0.000671479559969157,0.5371836479753256,0.001,112.71086120605469,0.1127108612060547,700000,700000,435
666,pose,1.1190341711044312,100.0,0.00023853387392591685,0.023853387392591685,250.0,0.0010269025806337595,0.2567256451584399,1.0,0.002281800378113985,0.002281800378113985,60.0,0.002991051645949483,0.17946309875696898,0.0,0.0,0.0,800.0,0.000678099924698472,0.5424799397587776,0.001,114.2302474975586,0.1142302474975586,700000,700000,432
667,pose,1.1236529350280762,100.0,0.00023372648865915835,0.023372648865915835,250.0,0.0010286024771630764,0.2571506192907691,1.0,0.002260775538161397,0.002260775538161397,60.0,0.0030155207496136427,0.18093124497681856,0.0,0.0,0.0,800.0,0.0006809566402807832,0.5447653122246265,0.001,115.17233276367188,0.11517233276367188,700000,700000,448
668,pose,1.129228115081787,100.0,0.0002291948621859774,0.02291948621859774,250.0,0.0010313233360648155,0.2578308340162039,1.0,0.0022451814729720354,0.0022451814729720354,60.0,0.0029973348136991262,0.17984008882194757,0.0,0.0,0.0,800.0,0.0006882322486490011,0.5505857989192009,0.001,115.80670166015625,0.11580670166015625,700000,700000,471
669,pose,1.1235334873199463,100.0,0.0002281738561578095,0.02281738561578095,250.0,0.001033403561450541,0.25835089036263525,1.0,0.0022318584378808737,0.0022318584378808737,60.0,0.0028792456723749638,0.17275474034249783,0.0,0.0,0.0,800.0,0.0006924921181052923,0.5539936944842339,0.001,113.385009765625,0.113385009765625,700000,700000,467
670,pose,1.118251919746399,100.0,0.00023226304620038718,0.023226304620038718,250.0,0.0010340857552364469,0.2585214388091117,1.0,0.0022154811304062605,0.0022154811304062605,60.0,0.0028589859139174223,0.17153915483504534,0.0,0.0,0.0,800.0,0.0006875126855447888,0.5500101484358311,0.001,112.73941802978516,0.11273941802978515,700000,700000,447
671,pose,1.1100871562957764,100.0,0.0002389305445831269,0.02389305445831269,250.0,0.0010333978570997715,0.2583494642749429,1.0,0.0021974036935716867,0.0021974036935716867,60.0,0.002884827321395278,0.17308963928371668,0.0,0.0,0.0,800.0,0.0006746966391801834,0.5397573113441467,0.001,112.80023193359375,0.11280023193359376,700000,700000,480
672,pose,1.1075007915496826,100.0,0.00024381300318054855,0.024381300318054855,250.0,0.0010320314904674888,0.2580078726168722,1.0,0.0021848813630640507,0.0021848813630640507,60.0,0.0029645219910889864,0.17787131946533918,0.0,0.0,0.0,800.0,0.0006653784075751901,0.532302726060152,0.001,112.75263977050781,0.11275263977050781,700000,700000,469
673,pose,1.0974379777908325,100.0,0.0002448542509227991,0.02448542509227991,250.0,0.001031207269988954,0.2578018174972385,1.0,0.002175896195694804,0.002175896195694804,60.0,0.0028657878283411264,0.1719472697004676,0.0,0.0,0.0,800.0,0.0006596996099688113,0.527759687975049,0.001,113.2679443359375,0.1132679443359375,700000,700000,464
674,pose,1.101953387260437,100.0,0.00024377158842980862,0.02437715884298086,250.0,0.0010292096994817257,0.2573024248704314,1.0,0.002169333165511489,0.002169333165511489,60.0,0.002987090963870287,0.17922545783221722,0.0,0.0,0.0,800.0,0.0006552092963829637,0.5241674371063709,0.001,114.71156311035156,0.11471156311035156,700000,700000,460
675,pose,1.1119905710220337,100.0,0.00023915013298392296,0.023915013298392296,250.0,0.0010275464737787843,0.25688661844469607,1.0,0.002165182027965784,0.002165182027965784,60.0,0.003138636937364936,0.18831821624189615,0.0,0.0,0.0,800.0,0.0006578103639185429,0.5262482911348343,0.001,114.45722961425781,0.11445722961425782,700000,700000,432
676,pose,1.111059308052063,100.0,0.00023539262474514544,0.023539262474514544,250.0,0.0010260221315547824,0.2565055328886956,1.0,0.002156891394406557,0.002156891394406557,60.0,0.0031567104160785675,0.18940262496471405,0.0,0.0,0.0,800.0,0.0006573306163772941,0.5258644931018353,0.001,113.59054565429688,0.11359054565429688,700000,700000,427
677,pose,1.1131020784378052,100.0,0.0002324144879821688,0.02324144879821688,250.0,0.0010243747383356094,0.25609368458390236,1.0,0.002145354636013508,0.002145354636013508,60.0,0.003265413688495755,0.1959248213097453,0.0,0.0,0.0,800.0,0.0006541938055306673,0.5233550444245338,0.001,112.34171295166016,0.11234171295166016,700000,700000,410
678,pose,1.097814679145813,100.0,0.00022965540119912475,0.022965540119912475,250.0,0.0010230295592918992,0.2557573898229748,1.0,0.0021295149344950914,0.0021295149344950914,60.0,0.0030865834560245275,0.18519500736147165,0.0,0.0,0.0,800.0,0.000649614492431283,0.5196915939450264,0.001,112.07562255859375,0.11207562255859375,700000,700000,427
679,pose,1.0832105875015259,100.0,0.00022738336701877415,0.022738336701877415,250.0,0.001022327458485961,0.25558186462149024,1.0,0.0021107143256813288,0.0021107143256813288,60.0,0.0029431500006467104,0.17658900003880262,0.0,0.0,0.0,800.0,0.0006435491377487779,0.5148393101990223,0.001,111.35134887695312,0.11135134887695312,700000,700000,468
680,pose,1.0827964544296265,100.0,0.00022582469682674855,0.022582469682674855,250.0,0.0010223272256553173,0.2555818064138293,1.0,0.0020954327192157507,0.0020954327192157507,60.0,0.002934512682259083,0.17607076093554497,0.0,0.0,0.0,800.0,0.0006436243420466781,0.5148994736373425,0.001,111.5664291381836,0.1115664291381836,700000,700000,487
681,pose,1.080155372619629,100.0,0.00022425447241403162,0.022425447241403162,250.0,0.00102283398155123,0.2557084953878075,1.0,0.002085133222863078,0.002085133222863078,60.0,0.002829768694937229,0.16978612169623375,0.0,0.0,0.0,800.0,0.0006486373022198677,0.5189098417758942,0.001,111.24043273925781,0.11124043273925781,700000,700000,479
682,pose,1.0916836261749268,100.0,0.00022424201597459614,0.022424201597459614,250.0,0.001023690914735198,0.2559227286837995,1.0,0.0020776393357664347,0.0020776393357664347,60.0,0.0029190960340201855,0.17514576204121113,0.0,0.0,0.0,800.0,0.0006560535985045135,0.5248428788036108,0.001,111.2703857421875,0.1112703857421875,700000,700000,483
683,pose,1.1004188060760498,100.0,0.0002250201941933483,0.02250201941933483,250.0,0.0010246169986203313,0.2561542496550828,1.0,0.002074217889457941,0.002074217889457941,60.0,0.0029233540408313274,0.17540124244987965,0.0,0.0,0.0,800.0,0.0006652253214269876,0.5321802571415901,0.001,112.10685729980469,0.11210685729980469,700000,700000,454
684,pose,1.1045620441436768,100.0,0.00022850021196063608,0.022850021196063608,250.0,0.0010254218941554427,0.2563554735388607,1.0,0.002068237168714404,0.002068237168714404,60.0,0.0028919714968651533,0.1735182898119092,0.0,0.0,0.0,800.0,0.0006711521418765187,0.536921713501215,0.001,112.84832000732422,0.11284832000732423,700000,700000,411
685,pose,1.1216700077056885,100.0,0.0002328661794308573,0.02328661794308573,250.0,0.0010260430863127112,0.2565107715781778,1.0,0.002058004727587104,0.002058004727587104,60.0,0.003133632941171527,0.18801797647029161,0.0,0.0,0.0,800.0,0.000673174683470279,0.5385397467762232,0.001,113.2569580078125,0.1132569580078125,700000,700000,423
686,pose,1.1117016077041626,100.0,0.00023796774621587247,0.023796774621587247,250.0,0.0010260154958814383,0.25650387397035956,1.0,0.002043127780780196,0.002043127780780196,60.0,0.0029851552098989487,0.17910931259393692,0.0,0.0,0.0,800.0,0.0006711475434713066,0.5369180347770452,0.001,113.33048248291016,0.11333048248291015,700000,700000,435
687,pose,1.0989625453948975,100.0,0.0002437771763652563,0.02437771763652563,250.0,0.0010247895261272788,0.2561973815318197,1.0,0.0020247132051736116,0.0020247132051736116,60.0,0.002858084626495838,0.1714850775897503,0.0,0.0,0.0,800.0,0.0006650959840044379,0.5320767872035503,0.001,112.80084228515625,0.11280084228515626,700000,700000,438
688,pose,1.0991896390914917,100.0,0.0002483875723555684,0.02483875723555684,250.0,0.0010234677465632558,0.25586693664081395,1.0,0.002006802475079894,0.002006802475079894,60.0,0.0029592288192361593,0.17755372915416956,0.0,0.0,0.0,800.0,0.0006591574056074023,0.5273259244859219,0.001,111.59748840332031,0.11159748840332032,700000,700000,466
689,pose,1.096308946609497,100.0,0.000248090538661927,0.0248090538661927,250.0,0.0010230151237919927,0.25575378094799817,1.0,0.0019948361441493034,0.0019948361441493034,60.0,0.002918742597103119,0.17512455582618713,0.0,0.0,0.0,800.0,0.0006582019850611687,0.5265615880489349,0.001,112.06502532958984,0.11206502532958984,700000,700000,462
690,pose,1.1000112295150757,100.0,0.00024133796978276223,0.024133796978276223,250.0,0.0010237282840535045,0.2559320710133761,1.0,0.001986460527405143,0.001986460527405143,60.0,0.0029303242918103933,0.1758194575086236,0.0,0.0,0.0,800.0,0.0006625151727348566,0.5300121381878853,0.001,112.1273193359375,0.1121273193359375,700000,700000,447
691,pose,1.1013329029083252,100.0,0.00023430705186910927,0.023430705186910927,250.0,0.0010248308535665274,0.25620771339163184,1.0,0.001974972430616617,0.001974972430616617,60.0,0.002946781925857067,0.17680691555142403,0.0,0.0,0.0,800.0,0.0006639888742938638,0.531191099435091,0.001,111.72151184082031,0.11172151184082031,700000,700000,468
692,pose,1.1039766073226929,100.0,0.00022568670101463795,0.022568670101463795,250.0,0.0010264154989272356,0.2566038747318089,1.0,0.0019689281471073627,0.0019689281471073627,60.0,0.002927705179899931,0.17566231079399586,0.0,0.0,0.0,800.0,0.0006687795976176858,0.5350236780941486,0.001,112.14906311035156,0.11214906311035157,700000,700000,425
693,pose,1.092112421989441,100.0,0.00021948799258098006,0.021948799258098006,250.0,0.0010275352979078889,0.2568838244769722,1.0,0.0019585294649004936,0.0019585294649004936,60.0,0.00271758995950222,0.1630553975701332,0.0,0.0,0.0,800.0,0.0006697291391901672,0.5357833113521338,0.001,112.48260498046875,0.11248260498046875,700000,700000,457
694,pose,1.0935343503952026,100.0,0.0002157425624318421,0.02157425624318421,250.0,0.0010287044569849968,0.2571761142462492,1.0,0.0019489869009703398,0.0019489869009703398,60.0,0.002764779608696699,0.16588677652180195,0.0,0.0,0.0,800.0,0.0006677806377410889,0.5342245101928711,0.001,112.72364807128906,0.11272364807128907,700000,700000,458
695,pose,1.0903689861297607,100.0,0.00021578787709586322,0.021578787709586322,250.0,0.0010304346214979887,0.2576086553744972,1.0,0.0019390542292967439,0.0019390542292967439,60.0,0.0027453668881207705,0.16472201328724623,0.0,0.0,0.0,800.0,0.0006624114466831088,0.529929157346487,0.001,114.5912857055664,0.11459128570556641,700000,700000,435
696,pose,1.1013696193695068,100.0,0.00021674529125448316,0.021674529125448316,250.0,0.0010318411514163017,0.25796028785407543,1.0,0.0019274980295449495,0.0019274980295449495,60.0,0.0030229538679122925,0.18137723207473755,0.0,0.0,0.0,800.0,0.0006559071480296552,0.5247257184237242,0.001,113.70429992675781,0.11370429992675782,700000,700000,481
697,pose,1.0987293720245361,100.0,0.00021684855164494365,0.021684855164494365,250.0,0.0010331209050491452,0.2582802262622863,1.0,0.0019209102028980851,0.0019209102028980851,60.0,0.0030139090958982706,0.18083454575389624,0.0,0.0,0.0,800.0,0.0006540396716445684,0.5232317373156548,0.001,112.77705383300781,0.11277705383300782,700000,700000,467
698,pose,1.0932834148406982,100.0,0.00021676771575585008,0.021676771575585008,250.0,0.0010339734144508839,0.25849335361272097,1.0,0.001916798297315836,0.001916798297315836,60.0,0.002905546687543392,0.17433280125260353,0.0,0.0,0.0,800.0,0.0006552385166287422,0.5241908133029938,0.001,112.6729736328125,0.1126729736328125,700000,700000,461
699,pose,1.104652762413025,100.0,0.00021757473587058485,0.021757473587058485,250.0,0.0010338777210563421,0.25846943026408553,1.0,0.0019135118927806616,0.0019135118927806616,60.0,0.0030667546670883894,0.18400528002530336,0.0,0.0,0.0,800.0,0.0006576449377462268,0.5261159501969814,0.001,112.39115905761719,0.1123911590576172,700000,700000,442
700,pose,1.1052452325820923,100.0,0.00022007197549100965,0.022007197549100965,250.0,0.0010338601423427463,0.25846503558568656,1.0,0.0019048992544412613,0.0019048992544412613,60.0,0.0030650398693978786,0.18390239216387272,0.0,0.0,0.0,800.0,0.0006586846429854631,0.5269477143883705,0.001,112.01798248291016,0.11201798248291016,700000,700000,440
701,pose,1.0932594537734985,100.0,0.00022407560027204454,0.022407560027204454,250.0,0.0010350358206778765,0.2587589551694691,1.0,0.0018956924322992563,0.0018956924322992563,60.0,0.0028614432085305452,0.17168659251183271,0.0,0.0,0.0,800.0,0.0006580009358003736,0.5264007486402988,0.001,112.10985565185547,0.11210985565185547,700000,700000,446
702,pose,1.0966928005218506,100.0,0.00022965989774093032,0.022965989774093032,250.0,0.0010361677268519998,0.25904193171299994,1.0,0.0018834517104551196,0.0018834517104551196,60.0,0.0029254520777612925,0.17552712466567755,0.0,0.0,0.0,800.0,0.0006556512089446187,0.524520967155695,0.001,112.75326538085938,0.11275326538085938,700000,700000,464
703,pose,1.1011624336242676,100.0,0.00023246182536240667,0.023246182536240667,250.0,0.0010383424814790487,0.2595856203697622,1.0,0.0018742970423772931,0.0018742970423772931,60.0,0.0029141176491975784,0.1748470589518547,0.0,0.0,0.0,800.0,0.0006609078263863921,0.5287262611091137,0.001,112.88296508789062,0.11288296508789063,700000,700000,456
704,pose,1.0990018844604492,100.0,0.0002378929639235139,0.02378929639235139,250.0,0.0010401814943179488,0.2600453735794872,1.0,0.00186111347284168,0.00186111347284168,60.0,0.0028444244526326656,0.17066546715795994,0.0,0.0,0.0,800.0,0.0006620382191613317,0.5296305753290653,0.001,113.01004028320312,0.11301004028320313,700000,700000,462
705,pose,1.1076053380966187,100.0,0.00023962771228980273,0.023962771228980273,250.0,0.0010419191094115376,0.2604797773528844,1.0,0.0018520131707191467,0.0018520131707191467,60.0,0.002912543248385191,0.17475259490311146,0.0,0.0,0.0,800.0,0.0006674405885860324,0.5339524708688259,0.001,112.60566711425781,0.11260566711425782,700000,700000,466
706,pose,1.1234850883483887,100.0,0.00023729345411993563,0.023729345411993563,250.0,0.0010440065525472164,0.2610016381368041,1.0,0.0018453540978953242,0.0018453540978953242,60.0,0.003029591403901577,0.18177548423409462,0.0,0.0,0.0,800.0,0.0006784460856579244,0.5427568685263395,0.001,112.37638854980469,0.1123763885498047,700000,700000,446
707,pose,1.126766562461853,100.0,0.00023742977646179497,0.023742977646179497,250.0,0.001046500401571393,0.26162510039284825,1.0,0.0018377008382230997,0.0018377008382230997,60.0,0.003013729816302657,0.18082378897815943,0.0,0.0,0.0,800.0,0.0006844394374638796,0.5475515499711037,0.001,111.18539428710938,0.11118539428710937,700000,700000,451
708,pose,1.1319811344146729,100.0,0.0002336963516427204,0.02336963516427204,250.0,0.00105084793176502,0.262711982941255,1.0,0.0018312680767849088,0.0018312680767849088,60.0,0.0030057283584028482,0.1803437015041709,0.0,0.0,0.0,800.0,0.0006905186455696821,0.5524149164557457,0.001,111.30961608886719,0.11130961608886719,700000,700000,444
709,pose,1.129762053489685,100.0,0.00023209778009913862,0.023209778009913862,250.0,0.001055667526088655,0.26391688152216375,1.0,0.0018232432194054127,0.0018232432194054127,60.0,0.002970390021800995,0.1782234013080597,0.0,0.0,0.0,800.0,0.0006879887077957392,0.5503909662365913,0.001,112.1977310180664,0.1121977310180664,700000,700000,438
710,pose,1.1214261054992676,100.0,0.0002323076914763078,0.02323076914763078,250.0,0.0010590316960588098,0.26475792401470244,1.0,0.0018114389386028051,0.0018114389386028051,60.0,0.002932425122708082,0.17594550736248493,0.0,0.0,0.0,800.0,0.0006785854930058122,0.5428683944046497,0.001,112.81204223632812,0.11281204223632812,700000,700000,458
711,pose,1.1166318655014038,100.0,0.00023278570733964443,0.023278570733964443,250.0,0.0010599670931696892,0.2649917732924223,1.0,0.0017994737718254328,0.0017994737718254328,60.0,0.003001082455739379,0.18006494734436274,0.0,0.0,0.0,800.0,0.0006685213884338737,0.5348171107470989,0.001,111.68003845214844,0.11168003845214844,700000,700000,468
712,pose,1.1104508638381958,100.0,0.00023243651958182454,0.023243651958182454,250.0,0.0010604538256302476,0.2651134564075619,1.0,0.0017891359748318791,0.0017891359748318791,60.0,0.0029621985740959644,0.17773191444575787,0.0,0.0,0.0,800.0,0.0006638230988755822,0.5310584791004658,0.001,111.51425170898438,0.11151425170898438,700000,700000,443
713,pose,1.1062073707580566,100.0,0.00023377369507215917,0.023377369507215917,250.0,0.0010600710520520806,0.26501776301302016,1.0,0.0017764534568414092,0.0017764534568414092,60.0,0.0029712398536503315,0.1782743912190199,0.0,0.0,0.0,800.0,0.0006578252650797367,0.5262602120637894,0.001,111.50126647949219,0.11150126647949218,700000,700000,456
714,pose,1.099398136138916,100.0,0.00023262562172021717,0.023262562172021717,250.0,0.0010605865390971303,0.2651466347742826,1.0,0.0017677601426839828,0.0017677601426839828,60.0,0.002875820267945528,0.17254921607673168,0.0,0.0,0.0,800.0,0.0006562125636264682,0.5249700509011745,0.001,111.70193481445312,0.11170193481445313,700000,700000,472
715,pose,1.1044827699661255,100.0,0.000228871576837264,0.0228871576837264,250.0,0.0010616881772875786,0.26542204432189465,1.0,0.0017638159915804863,0.0017638159915804863,60.0,0.0029228809289634228,0.17537285573780537,0.0,0.0,0.0,800.0,0.0006586018716916442,0.5268814973533154,0.001,112.15540313720703,0.11215540313720704,700000,700000,460
716,pose,1.108745813369751,100.0,0.0002250528195872903,0.02250528195872903,250.0,0.0010635735234245658,0.26589338085614145,1.0,0.0017642102902755141,0.0017642102902755141,60.0,0.0029139977414160967,0.1748398644849658,0.0,0.0,0.0,800.0,0.0006632253061980009,0.5305802449584007,0.001,113.162841796875,0.113162841796875,700000,700000,425
717,pose,1.1100150346755981,100.0,0.00022208734299056232,0.022208734299056232,250.0,0.0010650964686647058,0.26627411716617644,1.0,0.001761057530529797,0.001761057530529797,60.0,0.0028988481499254704,0.17393088899552822,0.0,0.0,0.0,800.0,0.0006654371973127127,0.5323497578501701,0.001,113.49040222167969,0.11349040222167969,700000,700000,426
718,pose,1.1048578023910522,100.0,0.00022014559363014996,0.022014559363014996,250.0,0.0010660539846867323,0.2665134961716831,1.0,0.0017551537603139877,0.0017551537603139877,60.0,0.002816899912431836,0.16901399474591017,0.0,0.0,0.0,800.0,0.0006658268976025283,0.5326615180820227,0.001,112.89912414550781,0.11289912414550782,700000,700000,430
719,pose,1.102131962776184,100.0,0.00022060374612919986,0.022060374612919986,250.0,0.0010662259301170707,0.26655648252926767,1.0,0.0017457286594435573,0.0017457286594435573,60.0,0.0028414172120392323,0.17048503272235394,0.0,0.0,0.0,800.0,0.000662338687106967,0.5298709496855736,0.001,111.41343688964844,0.11141343688964844,700000,700000,442
720,pose,1.097623586654663,100.0,0.00022382450697477907,0.022382450697477907,250.0,0.0010652394266799092,0.2663098566699773,1.0,0.001734569319523871,0.001734569319523871,60.0,0.0028719324618577957,0.17231594771146774,0.0,0.0,0.0,800.0,0.0006545617361553013,0.5236493889242411,0.001,111.23133850097656,0.11123133850097656,700000,700000,467
721,pose,1.0951822996139526,100.0,0.00022559930221177638,0.022559930221177638,250.0,0.001063852570950985,0.26596314273774624,1.0,0.0017269544769078493,0.0017269544769078493,60.0,0.0028964877128601074,0.17378926277160645,0.0,0.0,0.0,800.0,0.0006496458663605154,0.5197166930884123,0.001,111.42635345458984,0.11142635345458984,700000,700000,477
722,pose,1.0937846899032593,100.0,0.00023002515081316233,0.023002515081316233,250.0,0.0010615497594699264,0.2653874398674816,1.0,0.0017189671052619815,0.0017189671052619815,60.0,0.0029140047263354063,0.17484028358012438,0.0,0.0,0.0,800.0,0.0006460572476498783,0.5168457981199026,0.001,111.98966979980469,0.1119896697998047,700000,700000,461
723,pose,1.1037436723709106,100.0,0.00023264979245141149,0.02326497924514115,250.0,0.0010600965470075607,0.2650241367518902,1.0,0.001715271850116551,0.001715271850116551,60.0,0.0030364880803972483,0.1821892848238349,0.0,0.0,0.0,800.0,0.0006491985986940563,0.519358878955245,0.001,112.19108581542969,0.11219108581542969,700000,700000,460
724,pose,1.1242127418518066,100.0,0.00023224513279274106,0.023224513279274106,250.0,0.0010596116771921515,0.2649029192980379,1.0,0.001713911653496325,0.001713911653496325,60.0,0.0032557558733969927,0.19534535240381956,0.0,0.0,0.0,800.0,0.0006585869705304503,0.5268695764243603,0.001,112.1563491821289,0.11215634918212891,700000,700000,411
725,pose,1.1288526058197021,100.0,0.00023101943952497095,0.023101943952497095,250.0,0.0010593910701572895,0.2648477675393224,1.0,0.0017090576002374291,0.0017090576002374291,60.0,0.003264528699219227,0.1958717219531536,0.0,0.0,0.0,800.0,0.0006643830565735698,0.5315064452588558,0.001,111.81565856933594,0.11181565856933594,700000,700000,406
726,pose,1.1319427490234375,100.0,0.00023069142480380833,0.023069142480380833,250.0,0.0010591784957796335,0.2647946239449084,1.0,0.0017018862999975681,0.0017018862999975681,60.0,0.0033089302014559507,0.19853581208735704,0.0,0.0,0.0,800.0,0.0006653116433881223,0.5322493147104979,0.001,111.5919189453125,0.11159191894531251,700000,700000,409
727,pose,1.101082682609558,100.0,0.00023090120521374047,0.023090120521374047,250.0,0.0010593546321615577,0.2648386580403894,1.0,0.0016914469888433814,0.0016914469888433814,60.0,0.002837234875187278,0.17023409251123667,0.0,0.0,0.0,800.0,0.0006624310044571757,0.5299448035657406,0.001,111.2835693359375,0.1112835693359375,700000,700000,426
728,pose,1.0975027084350586,100.0,0.00023160720593295991,0.02316072059329599,250.0,0.0010588826844468713,0.2647206711117178,1.0,0.0016793084796518087,0.0016793084796518087,60.0,0.0028653296176344156,0.17191977705806494,0.0,0.0,0.0,800.0,0.000655514420941472,0.5244115367531776,0.001,111.61070251464844,0.11161070251464844,700000,700000,437
729,pose,1.0949407815933228,100.0,0.00023279448214452714,0.023279448214452714,250.0,0.0010592443868517876,0.2648110967129469,1.0,0.0016641488764435053,0.0016641488764435053,60.0,0.0028966472018510103,0.17379883211106062,0.0,0.0,0.0,800.0,0.0006487051723524928,0.5189641378819942,0.001,112.42315673828125,0.11242315673828125,700000,700000,487
730,pose,1.1020429134368896,100.0,0.00023148799664340913,0.023148799664340913,250.0,0.0010594376362860203,0.26485940907150507,1.0,0.0016543988604098558,0.0016543988604098558,60.0,0.003024019068107009,0.18144114408642054,0.0,0.0,0.0,800.0,0.000647965120151639,0.5183720961213112,0.001,112.56700134277344,0.11256700134277343,700000,700000,497
731,pose,1.10438871383667,100.0,0.00022839961457066238,0.022839961457066238,250.0,0.0010597787331789732,0.2649446832947433,1.0,0.001649058423936367,0.001649058423936367,60.0,0.0030156385619193316,0.1809383137151599,0.0,0.0,0.0,800.0,0.0006520720198750496,0.5216576159000397,0.001,112.35913848876953,0.11235913848876954,700000,700000,500
732,pose,1.1126620769500732,100.0,0.0002241102629341185,0.02241102629341185,250.0,0.00105985754635185,0.2649643865879625,1.0,0.0016477244207635522,0.0016477244207635522,60.0,0.003080071648582816,0.18480429891496897,0.0,0.0,0.0,800.0,0.0006590252742171288,0.527220219373703,0.001,111.61441040039062,0.11161441040039062,700000,700000,485
733,pose,1.108209490776062,100.0,0.00021931171067990363,0.021931171067990363,250.0,0.00105937325861305,0.2648433146532625,1.0,0.0016496299067512155,0.0016496299067512155,60.0,0.0029234755784273148,0.17540853470563889,0.0,0.0,0.0,800.0,0.0006653688033111393,0.5322950426489115,0.001,112.08180236816406,0.11208180236816406,700000,700000,464
734,pose,1.0984419584274292,100.0,0.00021593828569166362,0.021593828569166362,250.0,0.0010578228393569589,0.2644557098392397,1.0,0.001652681385166943,0.001652681385166943,60.0,0.0027495441026985645,0.16497264616191387,0.0,0.0,0.0,800.0,0.0006671904120594263,0.533752329647541,0.001,112.01475524902344,0.11201475524902343,700000,700000,468
735,pose,1.1135879755020142,100.0,0.0002170342777390033,0.02170342777390033,250.0,0.001055906992405653,0.26397674810141325,1.0,0.0016536356415599585,0.0016536356415599585,60.0,0.0030599921010434628,0.18359952606260777,0.0,0.0,0.0,800.0,0.0006634283345192671,0.5307426676154137,0.001,111.9119873046875,0.1119119873046875,700000,700000,436
736,pose,1.110547661781311,100.0,0.00022029700630810112,0.022029700630810112,250.0,0.0010538011556491256,0.2634502889122814,1.0,0.0016503926599398255,0.0016503926599398255,60.0,0.0030621231999248266,0.1837273919954896,0.0,0.0,0.0,800.0,0.0006583299837075174,0.5266639869660139,0.001,113.02589416503906,0.11302589416503907,700000,700000,436
737,pose,1.1054768562316895,100.0,0.00022211158648133278,0.022211158648133278,250.0,0.0010536989429965615,0.2634247357491404,1.0,0.0016425845678895712,0.0016425845678895712,60.0,0.002967577427625656,0.17805464565753937,0.0,0.0,0.0,800.0,0.0006591243436560035,0.5272994749248028,0.001,112.8442611694336,0.1128442611694336,700000,700000,413
738,pose,1.1080458164215088,100.0,0.00022424350026994944,0.022424350026994944,250.0,0.0010543218813836575,0.26358047034591436,1.0,0.0016321396687999368,0.0016321396687999368,60.0,0.0030220740009099245,0.18132444005459547,0.0,0.0,0.0,800.0,0.0006581062916666269,0.5264850333333015,0.001,112.59941101074219,0.1125994110107422,700000,700000,438
739,pose,1.0945079326629639,100.0,0.00022578651260118932,0.02257865126011893,250.0,0.0010556522756814957,0.2639130689203739,1.0,0.0016204050043597817,0.0016204050043597817,60.0,0.0028303007129579782,0.1698180427774787,0.0,0.0,0.0,800.0,0.000655191543046385,0.524153234437108,0.001,112.42454528808594,0.11242454528808594,700000,700000,439
740,pose,1.1108626127243042,100.0,0.0002246904477942735,0.02246904477942735,250.0,0.001057688263244927,0.26442206581123173,1.0,0.0016073955921456218,0.0016073955921456218,60.0,0.0031369023490697145,0.18821414094418287,0.0,0.0,0.0,800.0,0.0006527993828058243,0.5222395062446594,0.001,111.91046142578125,0.11191046142578125,700000,700000,491
741,pose,1.1088379621505737,100.0,0.00022195972269400954,0.022195972269400954,250.0,0.0010593475308269262,0.26483688270673156,1.0,0.0015989391831681132,0.0015989391831681132,60.0,0.003063216106966138,0.18379296641796827,0.0,0.0,0.0,800.0,0.0006555798463523388,0.524463877081871,0.001,111.94934844970703,0.11194934844970704,700000,700000,493
742,pose,1.1131540536880493,100.0,0.00021801318507641554,0.021801318507641554,250.0,0.0010612040059641004,0.2653010014910251,1.0,0.001595375593751669,0.001595375593751669,60.0,0.0030445486772805452,0.18267292063683271,0.0,0.0,0.0,800.0,0.0006622326327487826,0.5297861061990261,0.001,111.99732971191406,0.11199732971191406,700000,700000,493
743,pose,1.1222323179244995,100.0,0.00021355156786739826,0.021355156786739826,250.0,0.0010629426687955856,0.2657356671988964,1.0,0.0015959381125867367,0.0015959381125867367,60.0,0.003059557406231761,0.18357344437390566,0.0,0.0,0.0,800.0,0.0006723287515342236,0.5378630012273788,0.001,112.10910034179688,0.11210910034179687,700000,700000,499
744,pose,1.1231985092163086,100.0,0.0002097283722832799,0.02097283722832799,250.0,0.0010643786517903209,0.2660946629475802,1.0,0.0015993145061656833,0.0015993145061656833,60.0,0.002927775029093027,0.17566650174558163,0.0,0.0,0.0,800.0,0.0006832928629592061,0.5466342903673649,0.001,112.23091125488281,0.11223091125488281,700000,700000,467
745,pose,1.1192221641540527,100.0,0.00021112692775204778,0.021112692775204778,250.0,0.0010653481585904956,0.2663370396476239,1.0,0.001601004390977323,0.001601004390977323,60.0,0.0028129105921834707,0.16877463553100824,0.0,0.0,0.0,800.0,0.0006843268638476729,0.5474614910781384,0.001,113.93526458740234,0.11393526458740234,700000,700000,425
746,pose,1.1285523176193237,100.0,0.00021575536811724305,0.021575536811724305,250.0,0.0010656466474756598,0.26641166186891496,1.0,0.0015976259019225836,0.0015976259019225836,60.0,0.00300431321375072,0.1802587928250432,0.0,0.0,0.0,800.0,0.0006803487776778638,0.5442790221422911,0.001,114.42960357666016,0.11442960357666015,700000,700000,409
747,pose,1.1308403015136719,100.0,0.00022160325897857547,0.022160325897857547,250.0,0.0010657737730070949,0.2664434432517737,1.0,0.0015910669462755322,0.0015910669462755322,60.0,0.003117359010502696,0.18704154063016176,0.0,0.0,0.0,800.0,0.0006740979151800275,0.539278332144022,0.001,114.32560729980469,0.11432560729980469,700000,700000,449
748,pose,1.1236464977264404,100.0,0.00022693563369102776,0.022693563369102776,250.0,0.0010667013702914119,0.26667534257285297,1.0,0.001583400648087263,0.001583400648087263,60.0,0.0030858097597956657,0.18514858558773994,0.0,0.0,0.0,800.0,0.0006676967022940516,0.5341573618352413,0.001,113.38833618164062,0.11338833618164063,700000,700000,429
749,pose,1.1094255447387695,100.0,0.0002325887035112828,0.02325887035112828,250.0,0.0010675685480237007,0.2668921370059252,1.0,0.0015731457388028502,0.0015731457388028502,60.0,0.0029633790254592896,0.17780274152755737,0.0,0.0,0.0,800.0,0.0006589494878426194,0.5271595902740955,0.001,112.73907470703125,0.11273907470703125,700000,700000,464
750,pose,1.0962905883789062,100.0,0.00023445027181878686,0.023445027181878686,250.0,0.0010686499299481511,0.2671624824870378,1.0,0.0015675664180889726,0.0015675664180889726,60.0,0.0027920003049075603,0.16752001829445362,0.0,0.0,0.0,800.0,0.0006549531244672835,0.5239624995738268,0.001,112.63301849365234,0.11263301849365234,700000,700000,468
751,pose,1.1040077209472656,100.0,0.0002348006673855707,0.02348006673855707,250.0,0.0010694052325561643,0.26735130813904107,1.0,0.001566451508551836,0.001566451508551836,60.0,0.0029231326188892126,0.17538795713335276,0.0,0.0,0.0,800.0,0.0006544935167767107,0.5235948134213686,0.001,112.62713623046875,0.11262713623046876,700000,700000,466
752,pose,1.1075048446655273,100.0,0.0002313421864528209,0.02313421864528209,250.0,0.0010696676326915622,0.26741690817289054,1.0,0.0015690531581640244,0.0015690531581640244,60.0,0.0029359408654272556,0.17615645192563534,0.0,0.0,0.0,800.0,0.0006581657798960805,0.5265326239168644,0.001,112.69551086425781,0.11269551086425782,700000,700000,448
753,pose,1.1074131727218628,100.0,0.00022859845194034278,0.02285984519403428,250.0,0.0010679750703275204,0.2669937675818801,1.0,0.0015694251051172614,0.0015694251051172614,60.0,0.0029402654618024826,0.17641592770814896,0.0,0.0,0.0,800.0,0.0006580818444490433,0.5264654755592346,0.001,113.10879516601562,0.11310879516601563,700000,700000,436
754,pose,1.1120173931121826,100.0,0.0002268797834403813,0.02268797834403813,250.0,0.0010660161497071385,0.26650403742678463,1.0,0.0015642233192920685,0.0015642233192920685,60.0,0.003049637423828244,0.18297824542969465,0.0,0.0,0.0,800.0,0.0006558079039677978,0.5246463231742382,0.001,113.63648986816406,0.11363648986816406,700000,700000,432
755,pose,1.0997531414031982,100.0,0.00022543856175616384,0.022543856175616384,250.0,0.0010640808613970876,0.2660202153492719,1.0,0.0015544008929282427,0.0015544008929282427,60.0,0.0029094135388731956,0.17456481233239174,0.0,0.0,0.0,800.0,0.0006524719065055251,0.5219775252044201,0.001,113.09234619140625,0.11309234619140625,700000,700000,461
756,pose,1.0906542539596558,100.0,0.00022673950297757983,0.022673950297757983,250.0,0.0010618409141898155,0.2654602285474539,1.0,0.0015409225597977638,0.0015409225597977638,60.0,0.00283553684130311,0.1701322104781866,0.0,0.0,0.0,800.0,0.0006485150079242885,0.5188120063394308,0.001,112.03498840332031,0.11203498840332031,700000,700000,477
757,pose,1.103522777557373,100.0,0.00022678331879433244,0.022678331879433244,250.0,0.0010601774556562304,0.2650443639140576,1.0,0.0015313574112951756,0.0015313574112951756,60.0,0.003029878716915846,0.18179272301495075,0.0,0.0,0.0,800.0,0.0006510642124339938,0.520851369947195,0.001,111.62454223632812,0.11162454223632813,700000,700000,474
758,pose,1.103411078453064,100.0,0.00022455831640399992,0.022455831640399992,250.0,0.0010590993333607912,0.2647748333401978,1.0,0.0015267693670466542,0.0015267693670466542,60.0,0.002959247212857008,0.17755483277142048,0.0,0.0,0.0,800.0,0.0006575086154043674,0.526006892323494,0.001,111.0919189453125,0.1110919189453125,700000,700000,452
759,pose,1.1153912544250488,100.0,0.00022041045303922147,0.022041045303922147,250.0,0.0010588329751044512,0.2647082437761128,1.0,0.0015258524799719453,0.0015258524799719453,60.0,0.0030966000631451607,0.18579600378870964,0.0,0.0,0.0,800.0,0.0006624117959290743,0.5299294367432594,0.001,111.39057159423828,0.11139057159423828,700000,700000,454
760,pose,1.1131043434143066,100.0,0.00021470896899700165,0.021470896899700165,250.0,0.0010592631297186017,0.2648157824296504,1.0,0.0015291542513296008,0.0015291542513296008,60.0,0.00296962633728981,0.1781775802373886,0.0,0.0,0.0,800.0,0.0006693002069368958,0.5354401655495167,0.001,111.67068481445312,0.11167068481445312,700000,700000,417
761,pose,1.1076546907424927,100.0,0.0002128961932612583,0.02128961932612583,250.0,0.0010595538187772036,0.2648884546943009,1.0,0.001527869957499206,0.001527869957499206,60.0,0.0028444924391806126,0.17066954635083675,0.0,0.0,0.0,800.0,0.0006720445235259831,0.5376356188207865,0.001,111.64360046386719,0.11164360046386719,700000,700000,422
762,pose,1.1082216501235962,100.0,0.0002133260713890195,0.02133260713890195,250.0,0.001060032518580556,0.265008129645139,1.0,0.0015225544339045882,0.0015225544339045882,60.0,0.0028702132403850555,0.17221279442310333,0.0,0.0,0.0,800.0,0.0006706397980451584,0.5365118384361267,0.001,111.63382720947266,0.11163382720947265,700000,700000,440
763,pose,1.1207833290100098,100.0,0.00021680060308426619,0.02168006030842662,250.0,0.0010611548786982894,0.26528871967457235,1.0,0.0015165169024839997,0.0015165169024839997,60.0,0.00309795537032187,0.1858773222193122,0.0,0.0,0.0,800.0,0.0006678949575871229,0.5343159660696983,0.001,112.10472106933594,0.11210472106933594,700000,700000,435
764,pose,1.1032105684280396,100.0,0.00022305073798634112,0.022305073798634112,250.0,0.0010630536125972867,0.2657634031493217,1.0,0.0015128639061003923,0.0015128639061003923,60.0,0.0028709282632917166,0.172255695797503,0.0,0.0,0.0,800.0,0.0006621984066441655,0.5297587253153324,0.001,111.61482238769531,0.11161482238769531,700000,700000,445
765,pose,1.096060037612915,100.0,0.00023049900482874364,0.023049900482874364,250.0,0.001063426141627133,0.2658565354067832,1.0,0.001510309288278222,0.001510309288278222,60.0,0.0028516140300780535,0.1710968418046832,0.0,0.0,0.0,800.0,0.00065407226793468,0.523257814347744,0.001,111.2887191772461,0.1112887191772461,700000,700000,461
766,pose,1.0979982614517212,100.0,0.00023617842816747725,0.023617842816747725,250.0,0.0010641744593158364,0.2660436148289591,1.0,0.0015106741338968277,0.0015106741338968277,60.0,0.0029002982191741467,0.1740178931504488,0.0,0.0,0.0,800.0,0.0006516367429867387,0.521309394389391,0.001,111.49884033203125,0.11149884033203125,700000,700000,451
767,pose,1.1222282648086548,100.0,0.0002383712853770703,0.02383712853770703,250.0,0.001064784242771566,0.2661960606928915,1.0,0.00150702812243253,0.00150702812243253,60.0,0.0032676556147634983,0.1960593368858099,0.0,0.0,0.0,800.0,0.000653132563456893,0.5225060507655144,0.001,112.12261962890625,0.11212261962890625,700000,700000,420
768,pose,1.1149450540542603,100.0,0.00023662607418373227,0.023662607418373227,250.0,0.0010666206944733858,0.26665517361834645,1.0,0.00150065787602216,0.00150065787602216,60.0,0.003092335071414709,0.18554010428488255,0.0,0.0,0.0,800.0,0.0006566680385731161,0.5253344308584929,0.001,112.25216674804688,0.11225216674804687,700000,700000,409
769,pose,1.1086012125015259,100.0,0.00023621883883606642,0.023621883883606642,250.0,0.0010680097620934248,0.2670024405233562,1.0,0.0014903127448633313,0.0014903127448633313,60.0,0.0029708310030400753,0.17824986018240452,0.0,0.0,0.0,800.0,0.0006572774145752192,0.5258219316601753,0.001,112.41471862792969,0.11241471862792969,700000,700000,436
770,pose,1.0916798114776611,100.0,0.0002338924678042531,0.02338924678042531,250.0,0.0010692877694964409,0.2673219423741102,1.0,0.0014800031203776598,0.0014800031203776598,60.0,0.0027161838952451944,0.16297103371471167,0.0,0.0,0.0,800.0,0.0006561055779457092,0.5248844623565674,0.001,111.6330795288086,0.11163307952880859,700000,700000,451
771,pose,1.1051346063613892,100.0,0.00022977919434197247,0.022977919434197247,250.0,0.001069232588633895,0.26730814715847373,1.0,0.0014681104803457856,0.0014681104803457856,60.0,0.0030091151129454374,0.18054690677672625,0.0,0.0,0.0,800.0,0.0006508385995402932,0.5206708796322346,0.001,112.16255950927734,0.11216255950927735,700000,700000,491
772,pose,1.0980801582336426,100.0,0.00022416425053961575,0.022416425053961575,250.0,0.0010694259544834495,0.26735648862086236,1.0,0.0014618233544752002,0.0014618233544752002,60.0,0.002900604624301195,0.1740362774580717,0.0,0.0,0.0,800.0,0.0006506863865070045,0.5205491092056036,0.001,112.25999450683594,0.11225999450683594,700000,700000,493
773,pose,1.099147081375122,100.0,0.00021756153728347272,0.02175615372834727,250.0,0.00106841663364321,0.2671041584108025,1.0,0.0014589536003768444,0.0014589536003768444,60.0,0.002893851138651371,0.17363106831908226,0.0,0.0,0.0,800.0,0.0006534608546644449,0.5227686837315559,0.001,112.42802429199219,0.1124280242919922,700000,700000,482
774,pose,1.1047589778900146,100.0,0.000211092468816787,0.0211092468816787,250.0,0.001067512552253902,0.2668781380634755,1.0,0.0014593121595680714,0.0014593121595680714,60.0,0.0029188012704253197,0.17512807622551918,0.0,0.0,0.0,800.0,0.0006591655546799302,0.5273324437439442,0.001,112.85173797607422,0.11285173797607422,700000,700000,479
775,pose,1.110967755317688,100.0,0.00020713637059088796,0.020713637059088796,250.0,0.0010668853064998984,0.2667213266249746,1.0,0.0014618233544752002,0.0014618233544752002,60.0,0.0029325566720217466,0.1759534003213048,0.0,0.0,0.0,800.0,0.0006654769531451166,0.5323815625160933,0.001,113.73605346679688,0.11373605346679688,700000,700000,440
776,pose,1.1096264123916626,100.0,0.00020859965297859162,0.020859965297859162,250.0,0.0010652793571352959,0.26631983928382397,1.0,0.001460567582398653,0.001460567582398653,60.0,0.002917581470683217,0.17505488824099302,0.0,0.0,0.0,800.0,0.0006654268363490701,0.5323414690792561,0.001,113.589599609375,0.11358959960937501,700000,700000,421
777,pose,1.1106629371643066,100.0,0.00021308602299541235,0.021308602299541235,250.0,0.0010639121755957603,0.2659780438989401,1.0,0.0014544753357768059,0.0014544753357768059,60.0,0.0029891852755099535,0.1793511165305972,0.0,0.0,0.0,800.0,0.0006616640603169799,0.5293312482535839,0.001,113.23943328857422,0.11323943328857422,700000,700000,442
778,pose,1.1022623777389526,100.0,0.0002211194805568084,0.02211194805568084,250.0,0.00106349668931216,0.26587417232804,1.0,0.0014446477871388197,0.0014446477871388197,60.0,0.0029182014986872673,0.17509208992123604,0.0,0.0,0.0,800.0,0.000656205927953124,0.5249647423624992,0.001,112.77474212646484,0.11277474212646485,700000,700000,439
779,pose,1.1025750637054443,100.0,0.00022869338863529265,0.022869338863529265,250.0,0.0010629956377670169,0.2657489094417542,1.0,0.0014320100890472531,0.0014320100890472531,60.0,0.0030133514665067196,0.18080108799040318,0.0,0.0,0.0,800.0,0.0006488695507869124,0.51909564062953,0.001,112.62809753417969,0.11262809753417968,700000,700000,489
780,pose,1.1154547929763794,100.0,0.00023276299179997295,0.023276299179997295,250.0,0.001063075615093112,0.265768903773278,1.0,0.0014242063043639064,0.0014242063043639064,60.0,0.003249658504500985,0.1949795102700591,0.0,0.0,0.0,800.0,0.0006468818755820394,0.5175055004656315,0.001,112.50035858154297,0.11250035858154298,700000,700000,506
781,pose,1.0962281227111816,100.0,0.000233569327974692,0.0233569327974692,250.0,0.0010634309146553278,0.26585772866383195,1.0,0.0014206659980118275,0.0014206659980118275,60.0,0.0028913591522723436,0.17348154913634062,0.0,0.0,0.0,800.0,0.0006493362016044557,0.5194689612835646,0.001,112.64222717285156,0.11264222717285156,700000,700000,478
782,pose,1.096500277519226,100.0,0.000231665835599415,0.0231665835599415,250.0,0.0010642161360010505,0.2660540340002626,1.0,0.001420312444679439,0.001420312444679439,60.0,0.0027981516905128956,0.16788910143077374,0.0,0.0,0.0,800.0,0.000656758202239871,0.5254065617918968,0.001,112.56363677978516,0.11256363677978516,700000,700000,450
783,pose,1.1239901781082153,100.0,0.00022699919645674527,0.022699919645674527,250.0,0.0010643558343872428,0.2660889585968107,1.0,0.0014166003093123436,0.0014166003093123436,60.0,0.0031691384501755238,0.19014830701053143,0.0,0.0,0.0,800.0,0.0006637697224505246,0.5310157779604197,0.001,112.62065124511719,0.11262065124511719,700000,700000,447
784,pose,1.109599232673645,100.0,0.00022088142577558756,0.022088142577558756,250.0,0.0010646868031471968,0.2661717007867992,1.0,0.0014169537462294102,0.0014169537462294102,60.0,0.0028253127820789814,0.16951876692473888,0.0,0.0,0.0,800.0,0.0006727349827997386,0.5381879862397909,0.001,112.21563720703125,0.11221563720703125,700000,700000,467
785,pose,1.12558114528656,100.0,0.0002156194968847558,0.02156194968847558,250.0,0.0010648524621501565,0.2662131155375391,1.0,0.0014188976492732763,0.0014188976492732763,60.0,0.0029625133611261845,0.17775080166757107,0.0,0.0,0.0,800.0,0.000684262893628329,0.5474103149026632,0.001,111.22610473632812,0.11122610473632813,700000,700000,402
786,pose,1.1345995664596558,100.0,0.00021246480173431337,0.021246480173431337,250.0,0.0010653758654370904,0.2663439663592726,1.0,0.0014166003093123436,0.0014166003093123436,60.0,0.0030288835987448692,0.18173301592469215,0.0,0.0,0.0,800.0,0.0006910242373123765,0.5528193898499012,0.001,111.0401611328125,0.1110401611328125,700000,700000,412
787,pose,1.1340298652648926,100.0,0.00021157423907425255,0.021157423907425255,250.0,0.001065752818249166,0.2664382045622915,1.0,0.0014106008457019925,0.0014106008457019925,60.0,0.0030071225482970476,0.18042735289782286,0.0,0.0,0.0,800.0,0.0006919091683812439,0.5535273347049952,0.001,111.06897735595703,0.11106897735595703,700000,700000,432
788,pose,1.1161338090896606,100.0,0.0002138170530088246,0.02138170530088246,250.0,0.0010649490868672729,0.2662372717168182,1.0,0.0014021527022123337,0.0014021527022123337,60.0,0.0028209604788571596,0.16925762873142958,0.0,0.0,0.0,800.0,0.0006834692903794348,0.5467754323035479,0.001,111.07955932617188,0.11107955932617188,700000,700000,466
789,pose,1.118780255317688,100.0,0.00021937703422736377,0.021937703422736377,250.0,0.00106274732388556,0.26568683097139,1.0,0.0013923282967880368,0.0013923282967880368,60.0,0.0030832437332719564,0.1849946239963174,0.0,0.0,0.0,800.0,0.0006671448354609311,0.5337158683687449,0.001,111.05282592773438,0.11105282592773438,700000,700000,471
790,pose,1.1095603704452515,100.0,0.00022414936393033713,0.022414936393033713,250.0,0.0010604836279526353,0.2651209069881588,1.0,0.001386380521580577,0.001386380521580577,60.0,0.0030827410519123077,0.18496446311473846,0.0,0.0,0.0,800.0,0.000655615993309766,0.5244927946478128,0.001,111.18084716796875,0.11118084716796875,700000,700000,492
791,pose,1.1009680032730103,100.0,0.00022623123368248343,0.022623123368248343,250.0,0.0010579775553196669,0.2644943888299167,1.0,0.0013841097243130207,0.0013841097243130207,60.0,0.003023864235728979,0.18143185414373875,0.0,0.0,0.0,800.0,0.000649752386379987,0.5198019091039896,0.001,111.23267364501953,0.11123267364501953,700000,700000,496
792,pose,1.0955638885498047,100.0,0.0002259529137518257,0.02259529137518257,250.0,0.0010559340007603168,0.2639835001900792,1.0,0.001385681563988328,0.001385681563988328,60.0,0.002922875341027975,0.1753725204616785,0.0,0.0,0.0,800.0,0.0006498342845588923,0.5198674276471138,0.001,112.35942077636719,0.1123594207763672,700000,700000,485
793,pose,1.1042180061340332,100.0,0.0002221580216428265,0.02221580216428265,250.0,0.001055119908414781,0.2637799771036953,1.0,0.001390052610076964,0.001390052610076964,60.0,0.002984879305586219,0.17909275833517313,0.0,0.0,0.0,800.0,0.0006561219342984259,0.5248975474387407,0.001,112.84182739257812,0.11284182739257813,700000,700000,453
794,pose,1.1143158674240112,100.0,0.00021563420887105167,0.021563420887105167,250.0,0.001054216641932726,0.2635541604831815,1.0,0.0013956577749922872,0.0013956577749922872,60.0,0.003055990906432271,0.18335945438593626,0.0,0.0,0.0,800.0,0.0006665776018053293,0.5332620814442635,0.001,111.18108367919922,0.11118108367919922,700000,700000,409
795,pose,1.1254112720489502,100.0,0.00021080559235997498,0.021080559235997498,250.0,0.001053871470503509,0.26346786762587726,1.0,0.0013972361339256167,0.0013972361339256167,60.0,0.003162538865581155,0.1897523319348693,0.0,0.0,0.0,800.0,0.0006734328344464302,0.5387462675571442,0.001,110.967041015625,0.110967041015625,700000,700000,385
796,pose,1.122873067855835,100.0,0.0002072401694022119,0.02072401694022119,250.0,0.0010535031324252486,0.26337578310631216,1.0,0.001395131810568273,0.001395131810568273,60.0,0.003092600032687187,0.18555600196123123,0.0,0.0,0.0,800.0,0.0006756782531738281,0.5405426025390625,0.001,111.27947998046875,0.11127947998046875,700000,700000,381
797,pose,1.1265501976013184,100.0,0.00020587675680872053,0.020587675680872053,250.0,0.0010537758935242891,0.2634439733810723,1.0,0.0013891777489334345,0.0013891777489334345,60.0,0.0031795434188097715,0.1907726051285863,0.0,0.0,0.0,800.0,0.0006741998950019479,0.5393599160015583,0.001,110.9968032836914,0.11099680328369141,700000,700000,384
798,pose,1.110884189605713,100.0,0.00020594614034052938,0.020594614034052938,250.0,0.0010545174591243267,0.2636293647810817,1.0,0.0013800966553390026,0.0013800966553390026,60.0,0.0029807062819600105,0.17884237691760063,0.0,0.0,0.0,800.0,0.0006692603346891701,0.5354082677513361,0.001,111.02947998046875,0.11102947998046875,700000,700000,437
799,pose,1.1087619066238403,100.0,0.00020979574765078723,0.020979574765078723,250.0,0.0010559230577200651,0.2639807644300163,1.0,0.0013680923730134964,0.0013680923730134964,60.0,0.003044568467885256,0.18267410807311535,0.0,0.0,0.0,800.0,0.0006608528201468289,0.5286822561174631,0.001,111.07701110839844,0.11107701110839845,700000,700000,478
800,pose,1.1157323122024536,100.0,0.00021593793644569814,0.021593793644569814,250.0,0.001057296060025692,0.264324015006423,1.0,0.001358907320536673,0.001358907320536673,60.0,0.003216723445802927,0.19300340674817562,0.0,0.0,0.0,800.0,0.0006548832170665264,0.5239065736532211,0.001,111.54570007324219,0.11154570007324219,700000,700000,485
801,pose,1.0987272262573242,100.0,0.00022036056907381862,0.022036056907381862,250.0,0.0010587505530565977,0.2646876382641494,1.0,0.0013537221821025014,0.0013537221821025014,60.0,0.002917240606620908,0.17503443639725447,0.0,0.0,0.0,800.0,0.0006530258106067777,0.5224206484854221,0.001,113.19476318359375,0.11319476318359376,700000,700000,485
802,pose,1.0974775552749634,100.0,0.0002231620455859229,0.02231620455859229,250.0,0.0010605431161820889,0.2651357790455222,1.0,0.0013525135582312942,0.0013525135582312942,60.0,0.00287280953489244,0.1723685720935464,0.0,0.0,0.0,800.0,0.0006540959002450109,0.5232767201960087,0.001,113.02775573730469,0.11302775573730468,700000,700000,479
803,pose,1.1170861721038818,100.0,0.0002240872709080577,0.02240872709080577,250.0,0.0010626593139022589,0.2656648284755647,1.0,0.0013549310388043523,0.0013549310388043523,60.0,0.0031386935152113438,0.18832161091268063,0.0,0.0,0.0,800.0,0.0006589293479919434,0.5271434783935547,0.001,112.19268798828125,0.11219268798828125,700000,700000,455
804,pose,1.1272380352020264,100.0,0.00022297922987490892,0.022297922987490892,250.0,0.0010653616627678275,0.2663404156919569,1.0,0.001360118854790926,0.001360118854790926,60.0,0.003174111945554614,0.19044671673327684,0.0,0.0,0.0,800.0,0.000667876040097326,0.5343008320778608,0.001,112.49208068847656,0.11249208068847656,700000,700000,418
805,pose,1.1288455724716187,100.0,0.00022241834085434675,0.022241834085434675,250.0,0.001067513832822442,0.2668784582056105,1.0,0.0013613306218758225,0.0013613306218758225,60.0,0.0031380371656268835,0.188282229937613,0.0,0.0,0.0,800.0,0.0006720398087054491,0.5376318469643593,0.001,112.44972229003906,0.11244972229003906,700000,700000,398
806,pose,1.129528522491455,100.0,0.0002220952301286161,0.02220952301286161,250.0,0.0010690259514376521,0.26725648785941303,1.0,0.001358907320536673,0.001358907320536673,60.0,0.0031374467071145773,0.18824680242687464,0.0,0.0,0.0,800.0,0.0006724484264850616,0.5379587411880493,0.001,112.49805450439453,0.11249805450439454,700000,700000,422
807,pose,1.1190630197525024,100.0,0.0002245983632747084,0.02245983632747084,250.0,0.001069889753125608,0.267472438281402,1.0,0.00135458551812917,0.00135458551812917,60.0,0.0030092683155089617,0.1805560989305377,0.0,0.0,0.0,800.0,0.000668196938931942,0.5345575511455536,0.001,112.66242980957031,0.11266242980957031,700000,700000,436
808,pose,1.1079089641571045,100.0,0.00022741087013855577,0.022741087013855577,250.0,0.0010701284045353532,0.2675321011338383,1.0,0.0013475125888362527,0.0013475125888362527,60.0,0.0029082882683724165,0.174497296102345,0.0,0.0,0.0,800.0,0.0006602167850360274,0.528173428028822,0.001,113.61749267578125,0.11361749267578125,700000,700000,453
809,pose,1.1029850244522095,100.0,0.00022764457389712334,0.022764457389712334,250.0,0.0010691148927435279,0.267278723185882,1.0,0.0013457904569804668,0.0013457904569804668,60.0,0.002890803385525942,0.1734482031315565,0.0,0.0,0.0,800.0,0.0006558956811204553,0.5247165448963642,0.001,113.43133544921875,0.11343133544921875,700000,700000,446
810,pose,1.0985102653503418,100.0,0.00022879856987856328,0.02287985698785633,250.0,0.0010683182626962662,0.26707956567406654,1.0,0.0013411457184702158,0.0013411457184702158,60.0,0.0029085229616612196,0.17451137769967318,0.0,0.0,0.0,800.0,0.0006511880783364177,0.5209504626691341,0.001,111.74789428710938,0.11174789428710938,700000,700000,478
811,pose,1.106600284576416,100.0,0.00022878474555909634,0.022878474555909634,250.0,0.0010675679659470916,0.2668919914867729,1.0,0.0013399429153651,0.0013399429153651,60.0,0.0030534390825778246,0.18320634495466948,0.0,0.0,0.0,800.0,0.000651248381473124,0.5209987051784992,0.001,111.28487396240234,0.11128487396240234,700000,700000,489
812,pose,1.0967369079589844,100.0,0.00022789553622715175,0.022789553622715175,250.0,0.0010664601577445865,0.2666150394361466,1.0,0.0013420053292065859,0.0013420053292065859,60.0,0.002861530752852559,0.17169184517115355,0.0,0.0,0.0,800.0,0.0006539304740726948,0.5231443792581558,0.001,111.15410614013672,0.11115410614013672,700000,700000,477
813,pose,1.094705581665039,100.0,0.00022922010975889862,0.02292201097588986,250.0,0.001063642674125731,0.26591066853143275,1.0,0.0013414894929155707,0.0013414894929155707,60.0,0.002878399332985282,0.17270395997911692,0.0,0.0,0.0,800.0,0.000650827307254076,0.5206618458032608,0.001,111.16561126708984,0.11116561126708985,700000,700000,460
814,pose,1.100838541984558,100.0,0.00022963029914535582,0.022963029914535582,250.0,0.001060734735801816,0.265183683950454,1.0,0.001343553070910275,0.001343553070910275,60.0,0.0029731946997344494,0.17839168198406696,0.0,0.0,0.0,800.0,0.0006516655557788908,0.5213324446231127,0.001,111.62419128417969,0.11162419128417969,700000,700000,452
815,pose,1.110129714012146,100.0,0.00023161369608715177,0.023161369608715177,250.0,0.00105818803422153,0.2645470085553825,1.0,0.0013408019440248609,0.0013408019440248609,60.0,0.0031290643382817507,0.18774386029690504,0.0,0.0,0.0,800.0,0.0006515741115435958,0.5212592892348766,0.001,112.07731628417969,0.11207731628417969,700000,700000,447
816,pose,1.098297119140625,100.0,0.0002327445545233786,0.02327445545233786,250.0,0.001056038774549961,0.2640096936374903,1.0,0.0013337654527276754,0.0013337654527276754,60.0,0.002946031978353858,0.17676191870123148,0.0,0.0,0.0,800.0,0.0006515946006402373,0.5212756805121899,0.001,111.64163208007812,0.11164163208007813,700000,700000,433
817,pose,1.1040676832199097,100.0,0.0002316393074579537,0.02316393074579537,250.0,0.0010557743953540921,0.26394359883852303,1.0,0.0013246964663267136,0.0013246964663267136,60.0,0.0030361642129719257,0.18216985277831554,0.0,0.0,0.0,800.0,0.000652941525913775,0.52235322073102,0.001,111.11231994628906,0.11111231994628906,700000,700000,465
818,pose,1.0962088108062744,100.0,0.000227396929403767,0.0227396929403767,250.0,0.0010566009441390634,0.26415023603476584,1.0,0.0013192357728257775,0.0013192357728257775,60.0,0.0028102006763219833,0.168612040579319,0.0,0.0,0.0,800.0,0.0006603848887607455,0.5283079110085964,0.001,111.07974243164062,0.11107974243164062,700000,700000,440
819,pose,1.113720178604126,100.0,0.00022048471146263182,0.022048471146263182,250.0,0.0010592498583719134,0.26481246459297836,1.0,0.0013129361905157566,0.0013129361905157566,60.0,0.002981445984914899,0.17888675909489393,0.0,0.0,0.0,800.0,0.0006697025382891297,0.5357620306313038,0.001,110.89755249023438,0.11089755249023438,700000,700000,438
820,pose,1.1230902671813965,100.0,0.0002171011146856472,0.02171011146856472,250.0,0.0010625572176650167,0.26563930441625416,1.0,0.0013041079510003328,0.0013041079510003328,60.0,0.0030684468802064657,0.18410681281238794,0.0,0.0,0.0,800.0,0.0006743383128196001,0.5394706502556801,0.001,110.85920715332031,0.11085920715332032,700000,700000,465
821,pose,1.1214598417282104,100.0,0.0002136759430868551,0.02136759430868551,250.0,0.0010673042852431536,0.2668260713107884,1.0,0.0013002128107473254,0.0013002128107473254,60.0,0.0029024966061115265,0.1741497963666916,0.0,0.0,0.0,800.0,0.000683124060742557,0.5464992485940456,0.001,111.31694030761719,0.11131694030761718,700000,700000,467
822,pose,1.1287298202514648,100.0,0.00021113954426255077,0.021113954426255077,250.0,0.0010718022240325809,0.2679505560081452,1.0,0.001299366937018931,0.001299366937018931,60.0,0.0028671384789049625,0.17202830873429775,0.0,0.0,0.0,800.0,0.0006931442767381668,0.5545154213905334,0.001,111.82215881347656,0.11182215881347657,700000,700000,468
823,pose,1.1400933265686035,100.0,0.00021135498536750674,0.021135498536750674,250.0,0.0010752594098448753,0.26881485246121883,1.0,0.0013005513465031981,0.0013005513465031981,60.0,0.0030007159803062677,0.18004295881837606,0.0,0.0,0.0,800.0,0.0006957027944736183,0.5565622355788946,0.001,112.23722076416016,0.11223722076416016,700000,700000,427
824,pose,1.1425862312316895,100.0,0.00021414720686152577,0.021414720686152577,250.0,0.0010776928393170238,0.26942320982925594,1.0,0.0012985210632905364,0.0012985210632905364,60.0,0.0030694101005792618,0.1841646060347557,0.0,0.0,0.0,800.0,0.0006905652116984129,0.5524521693587303,0.001,113.83297729492188,0.11383297729492188,700000,700000,438
825,pose,1.1220470666885376,100.0,0.0002184542827308178,0.02184542827308178,250.0,0.001078199245966971,0.26954981149174273,1.0,0.0012931148521602154,0.0012931148521602154,60.0,0.0028751257341355085,0.1725075440481305,0.0,0.0,0.0,800.0,0.0006806462188251317,0.5445169750601053,0.001,112.33407592773438,0.11233407592773438,700000,700000,456
826,pose,1.1110326051712036,100.0,0.00022395321866497397,0.022395321866497397,250.0,0.0010777882998809218,0.26944707497023046,1.0,0.0012841855641454458,0.0012841855641454458,60.0,0.0028697086963802576,0.17218252178281546,0.0,0.0,0.0,800.0,0.0006667664856649935,0.5334131885319948,0.001,112.31031799316406,0.11231031799316407,700000,700000,447
827,pose,1.1094543933868408,100.0,0.00022967565746512264,0.022967565746512264,250.0,0.0010750939836725593,0.2687734959181398,1.0,0.0012766281142830849,0.0012766281142830849,60.0,0.0030215370934456587,0.18129222560673952,0.0,0.0,0.0,800.0,0.0006533884443342686,0.5227107554674149,0.001,112.43368530273438,0.11243368530273437,700000,700000,472
828,pose,1.1119557619094849,100.0,0.000232334976317361,0.0232334976317361,250.0,0.0010720810387283564,0.2680202596820891,1.0,0.0012734441552311182,0.0012734441552311182,60.0,0.0031306464225053787,0.18783878535032272,0.0,0.0,0.0,800.0,0.0006479042349383235,0.5183233879506588,0.001,113.26632690429688,0.11326632690429687,700000,700000,495
829,pose,1.101670265197754,100.0,0.00023137795506045222,0.023137795506045222,250.0,0.001069038175046444,0.267259543761611,1.0,0.001274616690352559,0.001274616690352559,60.0,0.002951975679025054,0.17711854074150324,0.0,0.0,0.0,800.0,0.0006489705992862582,0.5191764794290066,0.001,113.70318603515625,0.11370318603515625,700000,700000,491
830,pose,1.0984631776809692,100.0,0.00022774969693273306,0.022774969693273306,250.0,0.0010660771513357759,0.26651928783394396,1.0,0.001279312651604414,0.001279312651604414,60.0,0.0028698304668068886,0.17218982800841331,0.0,0.0,0.0,800.0,0.0006530078244395554,0.5224062595516443,0.001,113.29357147216797,0.11329357147216797,700000,700000,463
831,pose,1.1108514070510864,100.0,0.0002210972597822547,0.02210972597822547,250.0,0.0010624803835526109,0.2656200958881527,1.0,0.0012828402686864138,0.0012828402686864138,60.0,0.0030885902233421803,0.18531541340053082,0.0,0.0,0.0,800.0,0.0006547823431901634,0.5238258745521307,0.001,112.697509765625,0.11269750976562501,700000,700000,440
832,pose,1.1013017892837524,100.0,0.0002152410743292421,0.02152410743292421,250.0,0.0010593264596536756,0.2648316149134189,1.0,0.001283512800000608,0.001283512800000608,60.0,0.0029860129579901695,0.17916077747941017,0.0,0.0,0.0,800.0,0.0006533377454616129,0.5226701963692904,0.001,111.83155822753906,0.11183155822753907,700000,700000,450
833,pose,1.0946812629699707,100.0,0.00021086492051836103,0.021086492051836103,250.0,0.001056480803526938,0.2641202008817345,1.0,0.001281159813515842,0.001281159813515842,60.0,0.0029499169904738665,0.176995019428432,0.0,0.0,0.0,800.0,0.0006493719993159175,0.519497599452734,0.001,111.70088195800781,0.11170088195800781,700000,700000,435
834,pose,1.086186408996582,100.0,0.0002073396317427978,0.02073396317427978,250.0,0.0010549296857789159,0.26373242144472897,1.0,0.0012761250836774707,0.0012761250836774707,60.0,0.002853318117558956,0.17119908705353737,0.0,0.0,0.0,800.0,0.0006473545217886567,0.5178836174309254,0.001,111.3611831665039,0.11136118316650391,700000,700000,473
835,pose,1.0925709009170532,100.0,0.00020698066509794444,0.020698066509794444,250.0,0.0010540096554905176,0.2635024138726294,1.0,0.001271602581255138,0.001271602581255138,60.0,0.002947569824755192,0.1768541894853115,0.0,0.0,0.0,800.0,0.0006491087842732668,0.5192870274186134,0.001,110.95759582519531,0.11095759582519532,700000,700000,478
836,pose,1.1019595861434937,100.0,0.00020920699171256274,0.020920699171256274,250.0,0.0010525877587497234,0.26314693968743086,1.0,0.0012665865942835808,0.0012665865942835808,60.0,0.0030948780477046967,0.1856926828622818,0.0,0.0,0.0,800.0,0.0006503546610474586,0.5202837288379669,0.001,110.64893341064453,0.11064893341064454,700000,700000,492
837,pose,1.0949363708496094,100.0,0.00021076982375234365,0.021076982375234365,250.0,0.0010516507318243384,0.2629126829560846,1.0,0.0012650839053094387,0.0012650839053094387,60.0,0.002918149810284376,0.17508898861706257,0.0,0.0,0.0,800.0,0.0006549422396346927,0.5239537917077541,0.001,110.63890075683594,0.11063890075683594,700000,700000,475
838,pose,1.1007347106933594,100.0,0.00021250543068163097,0.021250543068163097,250.0,0.0010513982269912958,0.26284955674782395,1.0,0.001266920706257224,0.001266920706257224,60.0,0.0029317070730030537,0.17590242438018322,0.0,0.0,0.0,800.0,0.0006616292521357536,0.5293034017086029,0.001,110.16178894042969,0.11016178894042969,700000,700000,442
839,pose,1.1044896841049194,100.0,0.000219993045902811,0.0219993045902811,250.0,0.0010542573872953653,0.26356434682384133,1.0,0.0012670877622440457,0.0012670877622440457,60.0,0.0029139600228518248,0.17483760137110949,0.0,0.0,0.0,800.0,0.0006651199655607343,0.5320959724485874,0.001,110.72539520263672,0.11072539520263672,700000,700000,443
840,pose,1.104996681213379,100.0,0.00023106612206902355,0.023106612206902355,250.0,0.0010575695196166635,0.26439237990416586,1.0,0.0012689261930063367,0.0012689261930063367,60.0,0.0028600855730473995,0.17160513438284397,0.0,0.0,0.0,800.0,0.0006662409869022667,0.5329927895218134,0.001,111.63079833984375,0.11163079833984375,700000,700000,424
841,pose,1.10772705078125,100.0,0.0002429815212963149,0.02429815212963149,250.0,0.0010601294925436378,0.26503237313590944,1.0,0.001266920706257224,0.001266920706257224,60.0,0.002907373011112213,0.1744423806667328,0.0,0.0,0.0,800.0,0.0006637038313783705,0.5309630651026964,0.001,111.72410583496094,0.11172410583496094,700000,700000,423
842,pose,1.1091110706329346,100.0,0.00025236705550923944,0.025236705550923944,250.0,0.001061721588484943,0.26543039712123573,1.0,0.0012600808404386044,0.0012600808404386044,60.0,0.0029382335487753153,0.17629401292651892,0.0,0.0,0.0,800.0,0.0006617665640078485,0.5294132512062788,0.001,111.47663879394531,0.11147663879394532,700000,700000,443
843,pose,1.133479118347168,100.0,0.00025436776923015714,0.025436776923015714,250.0,0.001063035218976438,0.2657588047441095,1.0,0.0012550876708701253,0.0012550876708701253,60.0,0.0033341122325509787,0.20004673395305872,0.0,0.0,0.0,800.0,0.0006622148212045431,0.5297718569636345,0.001,111.20989990234375,0.11120989990234376,700000,700000,448
844,pose,1.1134345531463623,100.0,0.0002513357612770051,0.025133576127700508,250.0,0.0010644309222698212,0.2661077305674553,1.0,0.0012547554215416312,0.0012547554215416312,60.0,0.0029472012538462877,0.17683207523077726,0.0,0.0,0.0,800.0,0.0006661919178441167,0.5329535342752934,0.001,111.1528549194336,0.1111528549194336,700000,700000,452
845,pose,1.1242903470993042,100.0,0.00024296995252370834,0.024296995252370834,250.0,0.0010660327970981598,0.26650819927453995,1.0,0.0012577495072036982,0.0012577495072036982,60.0,0.003092796541750431,0.18556779250502586,0.0,0.0,0.0,800.0,0.0006698205834254622,0.5358564667403698,0.001,110.80309295654297,0.11080309295654298,700000,700000,409
846,pose,1.129431962966919,100.0,0.0002336156612727791,0.02336156612727791,250.0,0.0010676513193175197,0.2669128298293799,1.0,0.0012582489289343357,0.0012582489289343357,60.0,0.0031831481028348207,0.19098888617008924,0.0,0.0,0.0,800.0,0.000669564469717443,0.5356515757739544,0.001,111.25880432128906,0.11125880432128907,700000,700000,408
847,pose,1.1147875785827637,100.0,0.0002229237579740584,0.02229237579740584,250.0,0.0010697916150093079,0.26744790375232697,1.0,0.0012579159811139107,0.0012579159811139107,60.0,0.002921595936641097,0.17529575619846582,0.0,0.0,0.0,800.0,0.0006716462085023522,0.5373169668018818,0.001,111.17669677734375,0.11117669677734375,700000,700000,418
848,pose,1.1246963739395142,100.0,0.00021359177480917424,0.021359177480917424,250.0,0.001071637263521552,0.267909315880388,1.0,0.0012532593682408333,0.0012532593682408333,60.0,0.0030659206677228212,0.18395524006336927,0.0,0.0,0.0,800.0,0.0006741302786394954,0.5393042229115963,0.001,110.91522216796875,0.11091522216796876,700000,700000,433
849,pose,1.107504963874817,100.0,0.00020861861412413418,0.02086186141241342,250.0,0.001072737737558782,0.2681844343896955,1.0,0.0012459596619009972,0.0012459596619009972,60.0,0.0028326602187007666,0.169959613122046,0.0,0.0,0.0,800.0,0.0006703224498778582,0.5362579599022865,0.001,110.9950942993164,0.11099509429931641,700000,700000,458
850,pose,1.1065210103988647,100.0,0.00020502110419329256,0.020502110419329256,250.0,0.0010733637027442455,0.2683409256860614,1.0,0.0012411599745973945,0.0012411599745973945,60.0,0.00289133726619184,0.1734802359715104,0.0,0.0,0.0,800.0,0.0006648111157119274,0.5318488925695419,0.001,111.10774230957031,0.11110774230957031,700000,700000,462
851,pose,1.100119709968567,100.0,0.00020243655308149755,0.020243655308149755,250.0,0.0010734021198004484,0.2683505299501121,1.0,0.001239176606759429,0.001239176606759429,60.0,0.0028759283013641834,0.172555698081851,0.0,0.0,0.0,800.0,0.0006581339985132217,0.5265071988105774,0.001,111.22343444824219,0.11122343444824219,700000,700000,490
852,pose,1.094717025756836,100.0,0.00020096078515052795,0.020096078515052795,250.0,0.0010728699853643775,0.2682174963410944,1.0,0.001239176606759429,0.001239176606759429,60.0,0.002846809569746256,0.17080857418477535,0.0,0.0,0.0,800.0,0.0006527684745378792,0.5222147796303034,0.001,112.14093017578125,0.11214093017578125,700000,700000,492
853,pose,1.0881292819976807,100.0,0.00019892920681741089,0.01989292068174109,250.0,0.001073286053724587,0.26832151343114674,1.0,0.0012411599745973945,0.0012411599745973945,60.0,0.0027275867760181427,0.16365520656108856,0.0,0.0,0.0,800.0,0.0006544771604239941,0.5235817283391953,0.001,111.43677520751953,0.11143677520751953,700000,700000,463
854,pose,1.1147576570510864,100.0,0.0001939803478308022,0.01939803478308022,250.0,0.0010750218061730266,0.26875545154325664,1.0,0.0012449657078832388,0.0012449657078832388,60.0,0.0030678645707666874,0.18407187424600124,0.0,0.0,0.0,800.0,0.0006623091176152229,0.5298472940921783,0.001,111.44010162353516,0.11144010162353515,700000,700000,402
855,pose,1.1247646808624268,100.0,0.00018879916751757264,0.018879916751757264,250.0,0.0010782575700432062,0.26956439251080155,1.0,0.0012464565224945545,0.0012464565224945545,60.0,0.0031238647643476725,0.18743188586086035,0.0,0.0,0.0,800.0,0.0006700402591377497,0.5360322073101997,0.001,111.60986328125,0.11160986328125,700000,700000,383
856,pose,1.137897253036499,100.0,0.00018343483679927886,0.018343483679927886,250.0,0.0010818593436852098,0.27046483592130244,1.0,0.0012446345062926412,0.0012446345062926412,60.0,0.0032605715095996857,0.19563429057598114,0.0,0.0,0.0,800.0,0.000674815324600786,0.5398522596806288,0.001,112.35772705078125,0.11235772705078126,700000,700000,385
857,pose,1.130566120147705,100.0,0.00017827434930950403,0.017827434930950403,250.0,0.0010854421416297555,0.2713605354074389,1.0,0.00124066392891109,0.00124066392891109,60.0,0.0030916978139430285,0.1855018688365817,0.0,0.0,0.0,800.0,0.0006769450847059488,0.5415560677647591,0.001,113.07948303222656,0.11307948303222656,700000,700000,366
858,pose,1.122693419456482,100.0,0.00017448837752453983,0.017448837752453983,250.0,0.0010890050325542688,0.2722512581385672,1.0,0.0012347198789939284,0.0012347198789939284,60.0,0.0029737174045294523,0.17842304427176714,0.0,0.0,0.0,800.0,0.0006761368713341653,0.5409094970673323,0.001,112.42613983154297,0.11242613983154297,700000,700000,386
859,pose,1.1124900579452515,100.0,0.00017360736092086881,0.01736073609208688,250.0,0.0010929361451417208,0.2732340362854302,1.0,0.0012264879187569022,0.0012264879187569022,60.0,0.0028436072170734406,0.17061643302440643,0.0,0.0,0.0,800.0,0.0006736164214089513,0.538893137127161,0.001,111.15921020507812,0.11115921020507813,700000,700000,401
860,pose,1.1139092445373535,100.0,0.00017763205687515438,0.017763205687515438,250.0,0.0010966204572468996,0.2741551143117249,1.0,0.0012161547783762217,0.0012161547783762217,60.0,0.002948072040453553,0.1768843224272132,0.0,0.0,0.0,800.0,0.0006660306244157255,0.5328244995325804,0.001,111.06597900390625,0.11106597900390625,700000,700000,418
861,pose,1.091050148010254,100.0,0.0001822831982281059,0.01822831982281059,250.0,0.0011004063999280334,0.27510159998200834,1.0,0.0012084745103493333,0.0012084745103493333,60.0,0.0026339234318584204,0.15803540591150522,0.0,0.0,0.0,800.0,0.0006597177125513554,0.5277741700410843,0.001,110.70220947265625,0.11070220947265626,700000,700000,439
862,pose,1.1016381978988647,100.0,0.0001849674736149609,0.01849674736149609,250.0,0.0011028683511540294,0.27571708778850734,1.0,0.0012030963553115726,0.0012030963553115726,60.0,0.00288182171061635,0.172909302636981,0.0,0.0,0.0,800.0,0.0006534483982250094,0.5227587185800076,0.001,110.55320739746094,0.11055320739746094,700000,700000,440
863,pose,1.0989611148834229,100.0,0.00018474413082003593,0.018474413082003593,250.0,0.0011047548614442348,0.2761887153610587,1.0,0.0012009809724986553,0.0012009809724986553,60.0,0.0028286287561059,0.169717725366354,0.0,0.0,0.0,800.0,0.0006528566591441631,0.5222853273153305,0.001,111.09396362304688,0.11109396362304688,700000,700000,451
864,pose,1.114542007446289,100.0,0.00018368556629866362,0.01836855662986636,250.0,0.0011070980690419674,0.27677451726049185,1.0,0.0012030963553115726,0.0012030963553115726,60.0,0.0030310326255857944,0.18186195753514767,0.0,0.0,0.0,800.0,0.0006560519686900079,0.5248415749520063,0.001,111.49241638183594,0.11149241638183593,700000,700000,417
865,pose,1.1120408773422241,100.0,0.0001847872044891119,0.01847872044891119,250.0,0.001109229982830584,0.277307495707646,1.0,0.001207658788189292,0.001207658788189292,60.0,0.002893919125199318,0.17363514751195908,0.0,0.0,0.0,800.0,0.0006625187234021723,0.5300149787217379,0.001,111.39695739746094,0.11139695739746094,700000,700000,419
866,pose,1.1245567798614502,100.0,0.0001924426615005359,0.01924426615005359,250.0,0.0011099633993580937,0.27749084983952343,1.0,0.0012109228409826756,0.0012109228409826756,60.0,0.003103457158431411,0.18620742950588465,0.0,0.0,0.0,800.0,0.0006619731429964304,0.5295785143971443,0.001,110.82481384277344,0.11082481384277344,700000,700000,380
867,pose,1.127644419670105,100.0,0.0002014242927543819,0.02014242927543819,250.0,0.0011117993853986263,0.2779498463496566,1.0,0.0012110861716791987,0.0012110861716791987,60.0,0.0031213415786623955,0.18728049471974373,0.0,0.0,0.0,800.0,0.0006627393886446953,0.5301915109157562,0.001,110.86904907226562,0.11086904907226562,700000,700000,394
868,pose,1.118528127670288,100.0,0.0002109218912664801,0.02109218912664801,250.0,0.0011131813516840339,0.27829533792100847,1.0,0.0012088005896657705,0.0012088005896657705,60.0,0.002961024409160018,0.17766146454960108,0.0,0.0,0.0,800.0,0.0006607999093830585,0.5286399275064468,0.001,111.63046264648438,0.11163046264648438,700000,700000,390
869,pose,1.1084141731262207,100.0,0.00021947885397821665,0.021947885397821665,250.0,0.0011139065027236938,0.27847662568092346,1.0,0.0012021198635920882,0.0012021198635920882,60.0,0.0028067873790860176,0.16840724274516106,0.0,0.0,0.0,800.0,0.0006581352208741009,0.5265081766992807,0.001,111.8721694946289,0.11187216949462891,700000,700000,412
870,pose,1.1087591648101807,100.0,0.00022698768589179963,0.022698768589179963,250.0,0.0011141462018713355,0.2785365504678339,1.0,0.0011923761339858174,0.0011923761339858174,60.0,0.0028702556155622005,0.17221533693373203,0.0,0.0,0.0,800.0,0.0006533763371407986,0.5227010697126389,0.001,111.41508483886719,0.1114150848388672,700000,700000,455
871,pose,1.1087720394134521,100.0,0.00023050115851219743,0.023050115851219743,250.0,0.0011136449174955487,0.2784112293738872,1.0,0.0011857410427182913,0.0011857410427182913,60.0,0.0028961969073861837,0.17377181444317102,0.0,0.0,0.0,800.0,0.0006514642154797912,0.5211713723838329,0.001,111.18177032470703,0.11118177032470704,700000,700000,468
872,pose,1.1037180423736572,100.0,0.0002303424698766321,0.02303424698766321,250.0,0.0011130127822980285,0.2782531955745071,1.0,0.0011831566225737333,0.0011831566225737333,60.0,0.0027960578445345163,0.16776347067207098,0.0,0.0,0.0,800.0,0.0006530605023726821,0.5224484018981457,0.001,111.03562927246094,0.11103562927246094,700000,700000,467
873,pose,1.1114678382873535,100.0,0.00022591334709431976,0.022591334709431976,250.0,0.0011129867052659392,0.2782466763164848,1.0,0.0011841253144666553,0.0011841253144666553,60.0,0.0028419531881809235,0.1705171912908554,0.0,0.0,0.0,800.0,0.0006597890169359744,0.5278312135487795,0.001,111.09735107421875,0.11109735107421875,700000,700000,419
874,pose,1.1198936700820923,100.0,0.00021830902551300824,0.021830902551300824,250.0,0.0011136558605358005,0.2784139651339501,1.0,0.001181220170110464,0.001181220170110464,60.0,0.002876248676329851,0.17257492057979107,0.0,0.0,0.0,800.0,0.0006655901088379323,0.5324720870703459,0.001,113.42054748535156,0.11342054748535156,700000,700000,417
875,pose,1.109504222869873,100.0,0.0002100389392580837,0.02100389392580837,250.0,0.0011125595774501562,0.27813989436253905,1.0,0.0011794465826824307,0.0011794465826824307,60.0,0.0026940477546304464,0.16164286527782679,0.0,0.0,0.0,800.0,0.0006702471291646361,0.5361977033317089,0.001,111.34040832519531,0.11134040832519532,700000,700000,426
876,pose,1.112534761428833,100.0,0.00020866637350991368,0.02086663735099137,250.0,0.001110405195504427,0.27760129887610674,1.0,0.0011763859074562788,0.0011763859074562788,60.0,0.00279048434458673,0.1674290606752038,0.0,0.0,0.0,800.0,0.0006679710932075977,0.5343768745660782,0.001,111.08448791503906,0.11108448791503907,700000,700000,430
877,pose,1.117403507232666,100.0,0.00021380142425186932,0.021380142425186932,250.0,0.0011079200776293874,0.27698001940734684,1.0,0.001175420475192368,0.001175420475192368,60.0,0.0029937727376818657,0.17962636426091194,0.0,0.0,0.0,800.0,0.0006585302762687206,0.5268242210149765,0.001,111.41729736328125,0.11141729736328125,700000,700000,429
878,pose,1.1068469285964966,100.0,0.00021815477521158755,0.021815477521158755,250.0,0.0011070051696151495,0.2767512924037874,1.0,0.001177996164187789,0.001177996164187789,60.0,0.0028335927054286003,0.17001556232571602,0.0,0.0,0.0,800.0,0.0006551117985509336,0.5240894388407469,0.001,112.99713134765625,0.11299713134765625,700000,700000,414
879,pose,1.1031262874603271,100.0,0.0002240524481749162,0.02240524481749162,250.0,0.0011060450924560428,0.2765112731140107,1.0,0.0011800911743193865,0.0011800911743193865,60.0,0.0028545570094138384,0.1712734205648303,0.0,0.0,0.0,800.0,0.0006510433158837259,0.5208346527069807,0.001,110.92158508300781,0.11092158508300781,700000,700000,424
880,pose,1.0902498960494995,100.0,0.00023054875782690942,0.023054875782690942,250.0,0.0011065560393035412,0.2766390098258853,1.0,0.001181220170110464,0.001181220170110464,60.0,0.0026629206258803606,0.15977523755282164,0.0,0.0,0.0,800.0,0.0006495589041151106,0.5196471232920885,0.001,109.95242309570312,0.10995242309570313,700000,700000,419
881,pose,1.0913506746292114,100.0,0.0002376679767621681,0.02376679767621681,250.0,0.0011079114628955722,0.27697786572389305,1.0,0.0011794465826824307,0.0011794465826824307,60.0,0.0027028147596865892,0.16216888558119535,0.0,0.0,0.0,800.0,0.000646208762191236,0.5169670097529888,0.001,110.29069519042969,0.1102906951904297,700000,700000,419
882,pose,1.1036590337753296,100.0,0.00024098633730318397,0.024098633730318397,250.0,0.0011088601313531399,0.27721503283828497,1.0,0.001175420475192368,0.001175420475192368,60.0,0.0029789675027132034,0.1787380501627922,0.0,0.0,0.0,800.0,0.0006406846223399043,0.5125476978719234,0.001,109.88420867919922,0.10988420867919922,700000,700000,437
883,pose,1.0999407768249512,100.0,0.00024044924066402018,0.024044924066402018,250.0,0.0011115273227915168,0.2778818306978792,1.0,0.001171240583062172,0.001171240583062172,60.0,0.0029350954573601484,0.1761057274416089,0.0,0.0,0.0,800.0,0.0006369423354044557,0.5095538683235645,0.001,111.18325805664062,0.11118325805664063,700000,700000,448
884,pose,1.1018531322479248,100.0,0.00023723990307189524,0.023723990307189524,250.0,0.001114462735131383,0.27861568378284574,1.0,0.0011709193931892514,0.0011709193931892514,60.0,0.0029168331529945135,0.1750099891796708,0.0,0.0,0.0,800.0,0.0006374464137479663,0.509957130998373,0.001,113.37541198730469,0.11337541198730469,700000,700000,437
885,pose,1.0984654426574707,100.0,0.0002322150394320488,0.02322150394320488,250.0,0.0011170777725055814,0.27926944312639534,1.0,0.0011731687700375915,0.0011731687700375915,60.0,0.0027930212672799826,0.16758127603679895,0.0,0.0,0.0,800.0,0.0006428255001083016,0.5142604000866413,0.001,112.95967102050781,0.11295967102050782,700000,700000,444
886,pose,1.115018606185913,100.0,0.00022513778822030872,0.022513778822030872,250.0,0.001119398744776845,0.27984968619421124,1.0,0.0011757423635572195,0.0011757423635572195,60.0,0.0029478908982127905,0.17687345389276743,0.0,0.0,0.0,800.0,0.0006552150007337332,0.5241720005869865,0.001,110.43397521972656,0.11043397521972656,700000,700000,390
887,pose,1.1387138366699219,100.0,0.00022275125957094133,0.022275125957094133,250.0,0.0011208771029487252,0.2802192757371813,1.0,0.0011750985868275166,0.0011750985868275166,60.0,0.003250040812417865,0.1950024487450719,0.0,0.0,0.0,800.0,0.0006626466056331992,0.5301172845065594,0.001,109.92449951171875,0.10992449951171875,700000,700000,393
888,pose,1.1226215362548828,100.0,0.0002243376657133922,0.02243376657133922,250.0,0.0011225551133975387,0.28063877834938467,1.0,0.0011723650386556983,0.0011723650386556983,60.0,0.0029386330861598253,0.17631798516958952,0.0,0.0,0.0,800.0,0.000665127532556653,0.5321020260453224,0.001,109.95658874511719,0.10995658874511718,700000,700000,395
889,pose,1.1227903366088867,100.0,0.0002286304661538452,0.02286304661538452,250.0,0.0011245106579735875,0.2811276644933969,1.0,0.0011665872298181057,0.0011665872298181057,60.0,0.0029552760533988476,0.17731656320393085,0.0,0.0,0.0,800.0,0.0006629874114878476,0.530389929190278,0.001,109.9266357421875,0.1099266357421875,700000,700000,408
890,pose,1.1097263097763062,100.0,0.0002342975203646347,0.02342975203646347,250.0,0.0011264446657150984,0.2816111664287746,1.0,0.0011609834618866444,0.0011609834618866444,60.0,0.0028151674196124077,0.16891004517674446,0.0,0.0,0.0,800.0,0.0006555950967594981,0.5244760774075985,0.001,110.13832092285156,0.11013832092285157,700000,700000,424
891,pose,1.1086528301239014,100.0,0.00023797585163265467,0.023797585163265467,250.0,0.0011281303595751524,0.2820325898937881,1.0,0.0011592251248657703,0.0011592251248657703,60.0,0.0028538776095956564,0.17123265657573938,0.0,0.0,0.0,800.0,0.0006483143661171198,0.5186514928936958,0.001,111.77937316894531,0.11177937316894532,700000,700000,454
892,pose,1.1112653017044067,100.0,0.00023690912348683923,0.023690912348683923,250.0,0.0011287237284705043,0.28218093211762607,1.0,0.0011609834618866444,0.0011609834618866444,60.0,0.002856168430298567,0.171370105817914,0.0,0.0,0.0,800.0,0.0006498521543107927,0.5198817234486341,0.001,112.98070526123047,0.11298070526123047,700000,700000,459
893,pose,1.122117042541504,100.0,0.0002336006728000939,0.02336006728000939,250.0,0.0011281154584139585,0.28202886460348964,1.0,0.0011651449603959918,0.0011651449603959918,60.0,0.0029728456865996122,0.17837074119597673,0.0,0.0,0.0,800.0,0.0006571554113179445,0.5257243290543556,0.001,111.46783447265625,0.11146783447265625,700000,700000,448
894,pose,1.123315691947937,100.0,0.00022935247397981584,0.022935247397981584,250.0,0.0011271024122834206,0.28177560307085514,1.0,0.001171401236206293,0.001171401236206293,60.0,0.0029109264723956585,0.1746555883437395,0.0,0.0,0.0,800.0,0.0006652314914390445,0.5321851931512356,0.001,110.59268188476562,0.11059268188476563,700000,700000,399
895,pose,1.1194905042648315,100.0,0.00023016860359348357,0.023016860359348357,250.0,0.0011253712000325322,0.28134280000813305,1.0,0.0011742942733690143,0.0011742942733690143,60.0,0.00288220401853323,0.1729322411119938,0.0,0.0,0.0,800.0,0.0006634703604504466,0.5307762883603573,0.001,110.24797821044922,0.11024797821044922,700000,700000,406
896,pose,1.1197954416275024,100.0,0.00023417721968144178,0.02341772196814418,250.0,0.0011229041265323758,0.28072603163309395,1.0,0.0011728473473340273,0.0011728473473340273,60.0,0.0029971676412969828,0.17983005847781897,0.0,0.0,0.0,800.0,0.0006554543506354094,0.5243634805083275,0.001,110.28535461425781,0.11028535461425781,700000,700000,409
897,pose,1.1159718036651611,100.0,0.00023954750213306397,0.023954750213306397,250.0,0.001119425636716187,0.27985640917904675,1.0,0.0011680303141474724,0.0011680303141474724,60.0,0.003085078438743949,0.18510470632463694,0.0,0.0,0.0,800.0,0.000645043735858053,0.5160349886864424,0.001,109.8529052734375,0.1098529052734375,700000,700000,419
898,pose,1.1038228273391724,100.0,0.00023901721579022706,0.023901721579022706,250.0,0.0011175009422004223,0.27937523555010557,1.0,0.0011654654517769814,0.0011654654517769814,60.0,0.002888147020712495,0.1732888212427497,0.0,0.0,0.0,800.0,0.0006453624228015542,0.5162899382412434,0.001,109.80168151855469,0.10980168151855468,700000,700000,407
899,pose,1.1120861768722534,100.0,0.00023634298122487962,0.023634298122487962,250.0,0.0011163069866597652,0.2790767466649413,1.0,0.0011600240832194686,0.0011600240832194686,60.0,0.0030132171232253313,0.18079302739351988,0.0,0.0,0.0,800.0,0.0006468074861913919,0.5174459889531136,0.001,109.97613525390625,0.10997613525390625,700000,700000,425
900,pose,1.1128687858581543,100.0,0.00022991601144894958,0.022991601144894958,250.0,0.001115696388296783,0.27892409707419574,1.0,0.0011592251248657703,0.0011592251248657703,60.0,0.0030068436171859503,0.18041061703115702,0.0,0.0,0.0,800.0,0.00064691441366449,0.517531530931592,0.001,111.85163116455078,0.11185163116455078,700000,700000,412
901,pose,1.107466220855713,100.0,0.00022467353846877813,0.022467353846877813,250.0,0.0011150643695145845,0.27876609237864614,1.0,0.0011566696921363473,0.0011566696921363473,60.0,0.0029591000638902187,0.17754600383341312,0.0,0.0,0.0,800.0,0.0006441217265091836,0.5152973812073469,0.001,112.23269653320312,0.11223269653320313,700000,700000,428
902,pose,1.1012492179870605,100.0,0.0002186653291573748,0.02186653291573748,250.0,0.0011154345702379942,0.27885864255949855,1.0,0.001158106722868979,0.001158106722868979,60.0,0.0028577991761267185,0.1714679505676031,0.0,0.0,0.0,800.0,0.0006461466546170413,0.5169173236936331,0.001,110.98063659667969,0.11098063659667969,700000,700000,429
903,pose,1.1026487350463867,100.0,0.00021941459272056818,0.021941459272056818,250.0,0.001116215600632131,0.2790539001580328,1.0,0.001155233709141612,0.001155233709141612,60.0,0.0028727634344249964,0.17236580606549978,0.0,0.0,0.0,800.0,0.000647017965093255,0.517614372074604,0.001,110.51802062988281,0.11051802062988282,700000,700000,445
904,pose,1.0920758247375488,100.0,0.00022424175404012203,0.022424175404012203,250.0,0.001116349594667554,0.2790873986668885,1.0,0.001153798308223486,0.001153798308223486,60.0,0.002699439413845539,0.16196636483073235,0.0,0.0,0.0,800.0,0.0006465450278483331,0.5172360222786665,0.001,110.20808410644531,0.11020808410644531,700000,700000,445
905,pose,1.0964006185531616,100.0,0.00023194609093479812,0.023194609093479812,250.0,0.0011155054671689868,0.2788763667922467,1.0,0.0011523640714585781,0.0011523640714585781,60.0,0.0027692681178450584,0.1661560870707035,0.0,0.0,0.0,800.0,0.0006456843111664057,0.5165474489331245,0.001,110.47378540039062,0.11047378540039063,700000,700000,442
906,pose,1.111818552017212,100.0,0.0002345003595110029,0.02345003595110029,250.0,0.0011134628439322114,0.27836571098305285,1.0,0.001153798308223486,0.001153798308223486,60.0,0.0030025069136172533,0.1801504148170352,0.0,0.0,0.0,800.0,0.0006476286798715591,0.5181029438972473,0.001,110.59574890136719,0.11059574890136718,700000,700000,444
907,pose,1.1213493347167969,100.0,0.00023293215781450272,0.02329321578145027,250.0,0.0011122870491817594,0.27807176229543984,1.0,0.001158426166512072,0.001158426166512072,60.0,0.0030662668868899345,0.18397601321339607,0.0,0.0,0.0,800.0,0.00065441126935184,0.523529015481472,0.001,111.32093811035156,0.11132093811035157,700000,700000,394
908,pose,1.1247758865356445,100.0,0.00022818325669504702,0.022818325669504702,250.0,0.0011120788985863328,0.2780197246465832,1.0,0.001161463325843215,0.001161463325843215,60.0,0.003082994604483247,0.1849796762689948,0.0,0.0,0.0,800.0,0.0006592334248125553,0.5273867398500443,0.001,110.4099349975586,0.11040993499755859,700000,700000,392
909,pose,1.1168358325958252,100.0,0.00022364250617101789,0.02236425061710179,250.0,0.0011123197618871927,0.2780799404717982,1.0,0.0011617830023169518,0.0011617830023169518,60.0,0.0029373220168054104,0.17623932100832462,0.0,0.0,0.0,800.0,0.0006608534604310989,0.5286827683448792,0.001,110.30770874023438,0.11030770874023438,700000,700000,393
910,pose,1.1065255403518677,100.0,0.0002202782197855413,0.02202782197855413,250.0,0.001112698344513774,0.2781745861284435,1.0,0.001158745726570487,0.001158745726570487,60.0,0.002785121090710163,0.1671072654426098,0.0,0.0,0.0,800.0,0.000659611658193171,0.5276893265545368,0.001,110.36778259277344,0.11036778259277344,700000,700000,417
911,pose,1.0947198867797852,100.0,0.00022040435578674078,0.022040435578674078,250.0,0.0011132867075502872,0.2783216768875718,1.0,0.0011518860701471567,0.0011518860701471567,60.0,0.0026674827095121145,0.16004896257072687,0.0,0.0,0.0,800.0,0.0006534953718073666,0.5227962974458933,0.001,110.36067199707031,0.11036067199707031,700000,700000,434
912,pose,1.1051603555679321,100.0,0.0002245947252959013,0.02245947252959013,250.0,0.0011130638886243105,0.2782659721560776,1.0,0.001144570647738874,0.001144570647738874,60.0,0.0029735055286437273,0.17841033171862364,0.0,0.0,0.0,800.0,0.0006431249203160405,0.5144999362528324,0.001,110.38008117675781,0.11038008117675782,700000,700000,463
913,pose,1.1049237251281738,100.0,0.00022687771706841886,0.022687771706841886,250.0,0.0011129968333989382,0.27824920834973454,1.0,0.0011409216094762087,0.0011409216094762087,60.0,0.003036793554201722,0.18220761325210333,0.0,0.0,0.0,800.0,0.000637669931165874,0.5101359449326992,0.001,110.50225067138672,0.11050225067138672,700000,700000,472
914,pose,1.0989323854446411,100.0,0.00022651260951533914,0.022651260951533914,250.0,0.0011136409593746066,0.27841023984365165,1.0,0.0011406044941395521,0.0011406044941395521,60.0,0.0029287179931998253,0.17572307959198952,0.0,0.0,0.0,800.0,0.0006380554987117648,0.5104443989694118,0.001,110.56278228759766,0.11056278228759765,700000,700000,461
915,pose,1.1105210781097412,100.0,0.00022353616077452898,0.022353616077452898,250.0,0.0011148977791890502,0.27872444479726255,1.0,0.0011439354857429862,0.0011439354857429862,60.0,0.003050184343010187,0.18301106058061123,0.0,0.0,0.0,800.0,0.0006436342373490334,0.5149073898792267,0.001,110.38070678710938,0.11038070678710937,700000,700000,439
916,pose,1.0973262786865234,100.0,0.0002185826888307929,0.02185826888307929,250.0,0.0011164231691509485,0.27910579228773713,1.0,0.0011510899057611823,0.0011510899057611823,60.0,0.002718226285651326,0.16309357713907957,0.0,0.0,0.0,800.0,0.0006520913448184729,0.5216730758547783,0.001,110.4444351196289,0.11044443511962891,700000,700000,425
917,pose,1.1265976428985596,100.0,0.00021813687635585666,0.021813687635585666,250.0,0.001116716768592596,0.279179192148149,1.0,0.001158106722868979,0.001158106722868979,60.0,0.0031243376433849335,0.187460258603096,0.0,0.0,0.0,800.0,0.0006576328305527568,0.5261062644422054,0.001,110.88018798828125,0.11088018798828125,700000,700000,396
918,pose,1.1231191158294678,100.0,0.00021938912686891854,0.021938912686891854,250.0,0.0011177371488884091,0.2794342872221023,1.0,0.0011606636689975858,0.0011606636689975858,60.0,0.00302937813103199,0.1817626878619194,0.0,0.0,0.0,800.0,0.0006598476320505142,0.5278781056404114,0.001,110.94448852539062,0.11094448852539063,700000,700000,399
919,pose,1.1227134466171265,100.0,0.00022216764045879245,0.022216764045879245,250.0,0.0011185887269675732,0.2796471817418933,1.0,0.0011598642449826002,0.0011598642449826002,60.0,0.0030411179177463055,0.18246707506477833,0.0,0.0,0.0,800.0,0.0006577664753422141,0.5262131802737713,0.001,111.00932312011719,0.11100932312011719,700000,700000,403
920,pose,1.1038252115249634,100.0,0.00022602615354117006,0.022602615354117006,250.0,0.001119154621846974,0.2797886554617435,1.0,0.0011558716651052237,0.0011558716651052237,60.0,0.0028017391450703144,0.16810434870421886,0.0,0.0,0.0,800.0,0.000651606940664351,0.5212855525314808,0.001,110.88813781738281,0.11088813781738281,700000,700000,408
921,pose,1.1109061241149902,100.0,0.00022944195370655507,0.022944195370655507,250.0,0.0011192969977855682,0.27982424944639206,1.0,0.0011487026931717992,0.0011487026931717992,60.0,0.0030337197240442038,0.18202318344265223,0.0,0.0,0.0,800.0,0.0006431004730984569,0.5144803784787655,0.001,110.48548126220703,0.11048548126220703,700000,700000,411
922,pose,1.0896087884902954,100.0,0.00022836108109913766,0.022836108109913766,250.0,0.0011206839699298143,0.2801709924824536,1.0,0.0011450470192357898,0.0011450470192357898,60.0,0.0026999555993825197,0.16199733596295118,0.0,0.0,0.0,800.0,0.0006418793345801532,0.5135034676641226,0.001,109.95573425292969,0.10995573425292969,700000,700000,434
923,pose,1.0986958742141724,100.0,0.0002274803991895169,0.02274803991895169,250.0,0.0011199035216122866,0.27997588040307164,1.0,0.0011398120550438762,0.0011398120550438762,60.0,0.002912016585469246,0.17472099512815475,0.0,0.0,0.0,800.0,0.0006377555546350777,0.5102044437080622,0.001,109.90663146972656,0.10990663146972657,700000,700000,476
924,pose,1.1043270826339722,100.0,0.00022429035743698478,0.022429035743698478,250.0,0.0011190817458555102,0.27977043646387756,1.0,0.0011383865494281054,0.0011383865494281054,60.0,0.0030084990430623293,0.18050994258373976,0.0,0.0,0.0,800.0,0.0006382251158356667,0.5105800926685333,0.001,109.89924621582031,0.10989924621582031,700000,700000,459
925,pose,1.10024094581604,100.0,0.00021893266239203513,0.021893266239203513,250.0,0.0011176983825862408,0.2794245956465602,1.0,0.0011394951725378633,0.0011394951725378633,60.0,0.0028958250768482685,0.1737495046108961,0.0,0.0,0.0,800.0,0.0006426345207728446,0.5141076166182756,0.001,109.92644500732422,0.10992644500732422,700000,700000,455
926,pose,1.1092127561569214,100.0,0.00021170414402149618,0.021170414402149618,250.0,0.0011169550707563758,0.27923876768909395,1.0,0.0011431421153247356,0.0011431421153247356,60.0,0.0029130273032933474,0.17478163819760084,0.0,0.0,0.0,800.0,0.0006530953105539083,0.5224762484431267,0.001,110.40252685546875,0.11040252685546875,700000,700000,434
927,pose,1.1390984058380127,100.0,0.00020570970082189888,0.020570970082189888,250.0,0.001117622829042375,0.27940570726059377,1.0,0.0011504529975354671,0.0011504529975354671,60.0,0.00321678607724607,0.1930071646347642,0.0,0.0,0.0,800.0,0.0006657065823674202,0.5325652658939362,0.001,112.39891052246094,0.11239891052246094,700000,700000,375
928,pose,1.1362676620483398,100.0,0.00020268156367819756,0.020268156367819756,250.0,0.0011197712738066912,0.2799428184516728,1.0,0.0011563504813238978,0.0011563504813238978,60.0,0.0030643034260720015,0.1838582055643201,0.0,0.0,0.0,800.0,0.0006730827735736966,0.5384662188589573,0.001,112.57595825195312,0.11257595825195313,700000,700000,353
929,pose,1.1470415592193604,100.0,0.000201866845600307,0.0201866845600307,250.0,0.0011227737413719296,0.2806934353429824,1.0,0.0011573083465918899,0.0011573083465918899,60.0,0.003189757699146867,0.191385461948812,0.0,0.0,0.0,800.0,0.0006775689544156194,0.5420551635324955,0.001,111.56342315673828,0.11156342315673828,700000,700000,366
930,pose,1.128759503364563,100.0,0.0002048592723440379,0.02048592723440379,250.0,0.001126658171415329,0.28166454285383224,1.0,0.0011547551257535815,0.0011547551257535815,60.0,0.0028702770359814167,0.172216622158885,0.0,0.0,0.0,800.0,0.0006781230331398547,0.5424984265118837,0.001,110.73919677734375,0.11073919677734376,700000,700000,385
931,pose,1.13283109664917,100.0,0.00021086886408738792,0.021086886408738792,250.0,0.0011304146610200405,0.28260366525501013,1.0,0.0011485435534268618,0.0011485435534268618,60.0,0.0029653040692210197,0.17791824415326118,0.0,0.0,0.0,800.0,0.0006742584519088268,0.5394067615270615,0.001,110.66697692871094,0.11066697692871094,700000,700000,396
932,pose,1.11891508102417,100.0,0.00022028769308235496,0.022028769308235496,250.0,0.0011329567059874535,0.28323917649686337,1.0,0.0011399704962968826,0.0011399704962968826,60.0,0.0028442731127142906,0.17065638676285744,0.0,0.0,0.0,800.0,0.000664003542624414,0.5312028340995312,0.001,110.64787292480469,0.11064787292480469,700000,700000,438
933,pose,1.1111894845962524,100.0,0.00023317785235121846,0.023317785235121846,250.0,0.0011339086340740323,0.2834771585185081,1.0,0.0011311140842735767,0.0011311140842735767,60.0,0.002868376672267914,0.17210260033607483,0.0,0.0,0.0,800.0,0.0006492310203611851,0.5193848162889481,0.001,111.77593994140625,0.11177593994140625,700000,700000,461
934,pose,1.1115161180496216,100.0,0.00024085788754746318,0.024085788754746318,250.0,0.0011331923305988312,0.2832980826497078,1.0,0.0011262261541560292,0.0011262261541560292,60.0,0.002949061105027795,0.1769436663016677,0.0,0.0,0.0,800.0,0.0006411084323190153,0.5128867458552122,0.001,113.17561340332031,0.11317561340332032,700000,700000,479
935,pose,1.1112537384033203,100.0,0.00024476819089613855,0.024476819089613855,250.0,0.0011321150232106447,0.2830287558026612,1.0,0.0011251239338889718,0.0011251239338889718,60.0,0.002981828758493066,0.17890972550958395,0.0,0.0,0.0,800.0,0.0006386366439983249,0.5109093151986599,0.001,112.80393981933594,0.11280393981933594,700000,700000,478
936,pose,1.1159106492996216,100.0,0.00024393251806031913,0.024393251806031913,250.0,0.001131276017986238,0.2828190044965595,1.0,0.0011276439763605595,0.0011276439763605595,60.0,0.003051299601793289,0.18307797610759735,0.0,0.0,0.0,800.0,0.0006402408471331,0.51219267770648,0.001,112.30006408691406,0.11230006408691406,700000,700000,461
937,pose,1.111465334892273,100.0,0.00023920764215290546,0.023920764215290546,250.0,0.0011308389948680997,0.2827097487170249,1.0,0.0011337988544255495,0.0011337988544255495,60.0,0.0029377765022218227,0.17626659013330936,0.0,0.0,0.0,800.0,0.0006452917587012053,0.5162334069609642,0.001,111.20101928710938,0.11120101928710938,700000,700000,449
938,pose,1.104304313659668,100.0,0.00023131165653467178,0.02313116565346718,250.0,0.0011313725262880325,0.28284313157200813,1.0,0.0011434592306613922,0.0011434592306613922,60.0,0.0027368885930627584,0.1642133155837655,0.0,0.0,0.0,800.0,0.0006535880966112018,0.5228704772889614,0.001,110.10273742675781,0.11010273742675782,700000,700000,425
939,pose,1.1340161561965942,100.0,0.00022239975805860013,0.022239975805860013,250.0,0.0011310528498142958,0.28276321245357394,1.0,0.0011501346016302705,0.0011501346016302705,60.0,0.003125714370980859,0.18754286225885153,0.0,0.0,0.0,800.0,0.0006626283866353333,0.5301027093082666,0.001,110.2171859741211,0.1102171859741211,700000,700000,398
940,pose,1.1209412813186646,100.0,0.0002156045229639858,0.02156045229639858,250.0,0.0011301861377432942,0.28254653443582356,1.0,0.0011523640714585781,0.0011523640714585781,60.0,0.002855598460882902,0.17133590765297413,0.0,0.0,0.0,800.0,0.0006665125256404281,0.5332100205123425,0.001,111.13592529296875,0.11113592529296876,700000,700000,387
941,pose,1.116485595703125,100.0,0.0002116216201102361,0.02116216201102361,250.0,0.0011295127915218472,0.2823781978804618,1.0,0.0011501346016302705,0.0011501346016302705,60.0,0.002790740691125393,0.16744444146752357,0.0,0.0,0.0,800.0,0.0006659696809947491,0.5327757447957993,0.001,111.57491302490234,0.11157491302490234,700000,700000,386
942,pose,1.1208797693252563,100.0,0.00021061947336420417,0.021061947336420417,250.0,0.0011284962529316545,0.2821240632329136,1.0,0.00114425306674093,0.00114425306674093,60.0,0.0029279980808496475,0.17567988485097885,0.0,0.0,0.0,800.0,0.0006616233149543405,0.5292986519634724,0.001,111.57099914550781,0.11157099914550782,700000,700000,395
943,pose,1.1016045808792114,100.0,0.000212131068110466,0.0212131068110466,250.0,0.001128294738009572,0.282073684502393,1.0,0.0011355378665030003,0.0011355378665030003,60.0,0.0027179038152098656,0.16307422891259193,0.0,0.0,0.0,800.0,0.0006549578392878175,0.523966271430254,0.001,110.14177703857422,0.11014177703857422,700000,700000,417
944,pose,1.1014621257781982,100.0,0.00021813907369505614,0.021813907369505614,250.0,0.0011275009019300342,0.28187522548250854,1.0,0.001127171446569264,0.001127171446569264,60.0,0.0028458868619054556,0.17075321171432734,0.0,0.0,0.0,800.0,0.0006450932705774903,0.5160746164619923,0.001,109.8179931640625,0.1098179931640625,700000,700000,437
945,pose,1.1002368927001953,100.0,0.00022154969337861985,0.022154969337861985,250.0,0.0011269451351836324,0.2817362837959081,1.0,0.001123235677368939,0.001123235677368939,60.0,0.00288193067535758,0.1729158405214548,0.0,0.0,0.0,800.0,0.0006406764732673764,0.5125411786139011,0.001,109.76535034179688,0.10976535034179688,700000,700000,453
946,pose,1.1111048460006714,100.0,0.00022195058409124613,0.022195058409124613,250.0,0.001126627204939723,0.28165680123493075,1.0,0.0011235501151531935,0.0011235501151531935,60.0,0.0030524067115038633,0.1831444026902318,0.0,0.0,0.0,800.0,0.0006411601207219064,0.5129280965775251,0.001,110.05702209472656,0.11005702209472656,700000,700000,456
947,pose,1.1052470207214355,100.0,0.00021966178610455245,0.021966178610455245,250.0,0.0011264357017353177,0.2816089254338294,1.0,0.001127171446569264,0.001127171446569264,60.0,0.0028929177206009626,0.17357506323605776,0.0,0.0,0.0,800.0,0.0006458265706896782,0.5166612565517426,0.001,110.30828857421875,0.11030828857421875,700000,700000,446
948,pose,1.1109647750854492,100.0,0.00021521472081076354,0.021521472081076354,250.0,0.0011267014779150486,0.28167536947876215,1.0,0.0011341150384396315,0.0011341150384396315,60.0,0.002886079717427492,0.17316478304564953,0.0,0.0,0.0,800.0,0.000653811963275075,0.52304957062006,0.001,110.4193344116211,0.11041933441162109,700000,700000,429
949,pose,1.1164944171905518,100.0,0.00021068791102152318,0.021068791102152318,250.0,0.0011271164985373616,0.2817791246343404,1.0,0.001141080167144537,0.001141080167144537,60.0,0.002920337952673435,0.1752202771604061,0.0,0.0,0.0,800.0,0.0006586217787116766,0.5268974229693413,0.001,110.38784790039062,0.11038784790039062,700000,700000,395
950,pose,1.1161247491836548,100.0,0.0002099632692988962,0.02099632692988962,250.0,0.0011273396667093039,0.28183491667732596,1.0,0.001144570647738874,0.001144570647738874,60.0,0.0029201398137956858,0.17520838882774115,0.0,0.0,0.0,800.0,0.0006582146743312478,0.5265717394649982,0.001,110.36888122558594,0.11036888122558594,700000,700000,387
951,pose,1.1149375438690186,100.0,0.00021312512399163097,0.021312512399163097,250.0,0.0011272100964561105,0.2818025241140276,1.0,0.0011434592306613922,0.0011434592306613922,60.0,0.0029621596913784742,0.17772958148270845,0.0,0.0,0.0,800.0,0.0006535525899380445,0.5228420719504356,0.001,110.10736846923828,0.11010736846923828,700000,700000,398
952,pose,1.0922046899795532,100.0,0.00021779954840894789,0.02177995484089479,250.0,0.0011265783105045557,0.2816445776261389,1.0,0.001138861640356481,0.001138861640356481,60.0,0.0027028738986700773,0.16217243392020464,0.0,0.0,0.0,800.0,0.0006445968174375594,0.5156774539500475,0.001,109.79141998291016,0.10979141998291016,700000,700000,428
953,pose,1.0811725854873657,100.0,0.00022561196237802505,0.022561196237802505,250.0,0.0011247028596699238,0.28117571491748095,1.0,0.0011315875453874469,0.0011315875453874469,60.0,0.002675150753930211,0.16050904523581266,0.0,0.0,0.0,800.0,0.0006318914238363504,0.5055131390690804,0.001,110.28196716308594,0.11028196716308594,700000,700000,452
954,pose,1.0844027996063232,100.0,0.00023050277377478778,0.02305027737747878,250.0,0.0011217450955882668,0.2804362738970667,1.0,0.0011257536243647337,0.0011257536243647337,60.0,0.0028465830255299807,0.17079498153179884,0.0,0.0,0.0,800.0,0.0006232166779227555,0.4985733423382044,0.001,110.42218017578125,0.11042218017578125,700000,700000,470
955,pose,1.0901705026626587,100.0,0.00023261411115527153,0.023261411115527153,250.0,0.0011188314529135823,0.2797078632283956,1.0,0.0011237073922529817,0.0011237073922529817,60.0,0.0029756720177829266,0.1785403210669756,0.0,0.0,0.0,800.0,0.0006210914580151439,0.4968731664121151,0.001,110.66403198242188,0.11066403198242188,700000,700000,455
956,pose,1.100058674812317,100.0,0.00023063346452545375,0.023063346452545375,250.0,0.001116687897592783,0.27917197439819574,1.0,0.00112465163692832,0.00112465163692832,60.0,0.0031040438916534185,0.1862426334992051,0.0,0.0,0.0,800.0,0.0006255942862480879,0.5004754289984703,0.001,109.98066711425781,0.10998066711425782,700000,700000,459
957,pose,1.1062287092208862,100.0,0.0002250526158604771,0.02250526158604771,250.0,0.001115503371693194,0.2788758429232985,1.0,0.0011285899672657251,0.0011285899672657251,60.0,0.003093200270086527,0.1855920162051916,0.0,0.0,0.0,800.0,0.0006354819051921368,0.5083855241537094,0.001,109.74140930175781,0.10974140930175781,700000,700000,416
958,pose,1.1167436838150024,100.0,0.0002164835314033553,0.02164835314033553,250.0,0.0011157318949699402,0.27893297374248505,1.0,0.0011341150384396315,0.0011341150384396315,60.0,0.0031528340186923742,0.18917004112154245,0.0,0.0,0.0,800.0,0.0006454634130932391,0.5163707304745913,0.001,109.48738098144531,0.10948738098144531,700000,700000,396
959,pose,1.108782410621643,100.0,0.00020919903181493282,0.020919903181493282,250.0,0.0011162715964019299,0.27906789910048246,1.0,0.0011363289086148143,0.0011363289086148143,60.0,0.002941471990197897,0.17648831941187382,0.0,0.0,0.0,800.0,0.0006520503084175289,0.5216402467340231,0.001,109.52970123291016,0.10952970123291016,700000,700000,379
960,pose,1.1233829259872437,100.0,0.00020386005053296685,0.020386005053296685,250.0,0.0011181513546034694,0.27953783865086734,1.0,0.0011344312224537134,0.0011344312224537134,60.0,0.0030962747987359762,0.18577648792415857,0.0,0.0,0.0,800.0,0.0006585860392078757,0.5268688313663006,0.001,109.6793441772461,0.10967934417724609,700000,700000,380
961,pose,1.1203116178512573,100.0,0.00020146356837358326,0.020146356837358326,250.0,0.0011197776766493917,0.2799444191623479,1.0,0.0011287475936114788,0.0011287475936114788,60.0,0.0029977322556078434,0.1798639353364706,0.0,0.0,0.0,800.0,0.0006617429899051785,0.5293943919241428,0.001,109.83386993408203,0.10983386993408203,700000,700000,377
962,pose,1.1076719760894775,100.0,0.00020184290769975632,0.020184290769975632,250.0,0.0011211736127734184,0.2802934031933546,1.0,0.0011193067766726017,0.0011193067766726017,60.0,0.0027754660695791245,0.16652796417474747,0.0,0.0,0.0,800.0,0.0006614744197577238,0.529179535806179,0.001,110.36750793457031,0.11036750793457031,700000,700000,422
963,pose,1.1118172407150269,100.0,0.00020849687280133367,0.020849687280133367,250.0,0.0011223683832213283,0.28059209580533206,1.0,0.0011106873862445354,0.0011106873862445354,60.0,0.0029002095106989145,0.17401257064193487,0.0,0.0,0.0,800.0,0.0006556746666319668,0.5245397333055735,0.001,110.71255493164062,0.11071255493164063,700000,700000,442
964,pose,1.1083605289459229,100.0,0.00021420919802039862,0.02142091980203986,250.0,0.00112387805711478,0.280969514278695,1.0,0.0011056875810027122,0.0011056875810027122,60.0,0.0028622860554605722,0.17173716332763433,0.0,0.0,0.0,800.0,0.0006538120796903968,0.5230496637523174,0.001,110.07766723632812,0.11007766723632813,700000,700000,456
965,pose,1.1123303174972534,100.0,0.0002177697024308145,0.02177697024308145,250.0,0.0011257267324253917,0.2814316831063479,1.0,0.0011052197078242898,0.0011052197078242898,60.0,0.0028927046805620193,0.17356228083372116,0.0,0.0,0.0,800.0,0.0006557272281497717,0.5245817825198174,0.001,109.87232971191406,0.10987232971191406,700000,700000,455
966,pose,1.108514428138733,100.0,0.00021850349730812013,0.021850349730812013,250.0,0.0011276709847152233,0.28191774617880583,1.0,0.0011078736279159784,0.0011078736279159784,60.0,0.002737458562478423,0.1642475137487054,0.0,0.0,0.0,800.0,0.0006617141189053655,0.5293712951242924,0.001,110.01966094970703,0.11001966094970704,700000,700000,448
967,pose,1.1268858909606934,100.0,0.00021733177709393203,0.021733177709393203,250.0,0.0011294559808447957,0.2823639952111989,1.0,0.001113974372856319,0.001113974372856319,60.0,0.0029240103904157877,0.17544062342494726,0.0,0.0,0.0,800.0,0.0006694497424177825,0.535559793934226,0.001,110.6744384765625,0.1106744384765625,700000,700000,418
968,pose,1.1252803802490234,100.0,0.00021659267076756805,0.021659267076756805,250.0,0.0011306526139378548,0.2826631534844637,1.0,0.00111742306035012,0.00111742306035012,60.0,0.0028351042419672012,0.17010625451803207,0.0,0.0,0.0,800.0,0.0006713928305543959,0.5371142644435167,0.001,112.62003326416016,0.11262003326416016,700000,700000,418
969,pose,1.1228972673416138,100.0,0.00021689882851205766,0.021689882851205766,250.0,0.0011301670456305146,0.28254176140762866,1.0,0.0011186787160113454,0.0011186787160113454,60.0,0.002844960428774357,0.1706976257264614,0.0,0.0,0.0,800.0,0.0006702521932311356,0.5362017545849085,0.001,110.64749908447266,0.11064749908447266,700000,700000,408
970,pose,1.1188620328903198,100.0,0.0002179993171012029,0.02179993171012029,250.0,0.0011293217539787292,0.2823304384946823,1.0,0.0011156980181112885,0.0011156980181112885,60.0,0.0028468663804233074,0.17081198282539845,0.0,0.0,0.0,800.0,0.0006657326593995094,0.5325861275196075,0.001,110.21794128417969,0.1102179412841797,700000,700000,408
971,pose,1.12381911277771,100.0,0.000219074689084664,0.0219074689084664,250.0,0.0011279898462817073,0.2819974615704268,1.0,0.0011106873862445354,0.0011106873862445354,60.0,0.003034560475498438,0.18207362852990627,0.0,0.0,0.0,800.0,0.000657817698083818,0.5262541584670544,0.001,110.47564697265625,0.11047564697265626,700000,700000,414
972,pose,1.1051448583602905,100.0,0.00021685619140043855,0.021685619140043855,250.0,0.0011260057799518108,0.2815014449879527,1.0,0.0011028804583474994,0.0011028804583474994,60.0,0.0028260559774935246,0.16956335864961147,0.0,0.0,0.0,800.0,0.0006499533192254603,0.5199626553803682,0.001,111.32888793945312,0.11132888793945313,700000,700000,430
973,pose,1.0941581726074219,100.0,0.0002110351633746177,0.02110351633746177,250.0,0.0011229151859879494,0.28072879649698734,1.0,0.0010988317662850022,0.0010988317662850022,60.0,0.0027065014000982046,0.16239008400589228,0.0,0.0,0.0,800.0,0.0006482880562543869,0.5186304450035095,0.001,110.20652770996094,0.11020652770996094,700000,700000,447
974,pose,1.1067581176757812,100.0,0.00020403244707267731,0.02040324470726773,250.0,0.0011205076007172465,0.28012690017931163,1.0,0.0010996096534654498,0.0010996096534654498,60.0,0.0029223356395959854,0.17534013837575912,0.0,0.0,0.0,800.0,0.0006500135059468448,0.5200108047574759,0.001,109.77735900878906,0.10977735900878907,700000,700000,451
975,pose,1.095862627029419,100.0,0.00019813617109321058,0.019813617109321058,250.0,0.001118469052016735,0.27961726300418377,1.0,0.001103192218579352,0.001103192218579352,60.0,0.002708198269829154,0.16249189618974924,0.0,0.0,0.0,800.0,0.0006539640016853809,0.5231712013483047,0.001,109.66546630859375,0.10966546630859375,700000,700000,427
976,pose,1.1070693731307983,100.0,0.00020021233649458736,0.020021233649458736,250.0,0.0011173312086611986,0.27933280216529965,1.0,0.0011042836122214794,0.0011042836122214794,60.0,0.002907322021201253,0.17443932127207518,0.0,0.0,0.0,800.0,0.0006530593382194638,0.5224474705755711,0.001,109.72421264648438,0.10972421264648438,700000,700000,432
977,pose,1.1175274848937988,100.0,0.00020706045324914157,0.020706045324914157,250.0,0.0011182137532159686,0.27955343830399215,1.0,0.001105999806895852,0.001105999806895852,60.0,0.0029952942859381437,0.17971765715628862,0.0,0.0,0.0,800.0,0.0006558539462275803,0.5246831569820642,0.001,111.76109313964844,0.11176109313964844,700000,700000,405
978,pose,1.1242847442626953,100.0,0.00021388375898823142,0.021388375898823142,250.0,0.0011197569547221065,0.2799392386805266,1.0,0.0011064681457355618,0.0011064681457355618,60.0,0.0030698811169713736,0.1841928670182824,0.0,0.0,0.0,800.0,0.0006568381795659661,0.5254705436527729,0.001,112.18721008300781,0.11218721008300782,700000,700000,400
979,pose,1.1123182773590088,100.0,0.00021676112373825163,0.021676112373825163,250.0,0.0011222659377381206,0.28056648443453014,1.0,0.0011088112369179726,0.0011088112369179726,60.0,0.0028328902553766966,0.1699734153226018,0.0,0.0,0.0,800.0,0.000661092228256166,0.5288737826049328,0.001,110.11953735351562,0.11011953735351562,700000,700000,369
980,pose,1.1286790370941162,100.0,0.00021838955581188202,0.021838955581188202,250.0,0.001126403221860528,0.281600805465132,1.0,0.0011084986617788672,0.0011084986617788672,60.0,0.003022765042260289,0.18136590253561735,0.0,0.0,0.0,800.0,0.0006666881963610649,0.5333505570888519,0.001,109.4143295288086,0.1094143295288086,700000,700000,383
981,pose,1.1238781213760376,100.0,0.00022055962472222745,0.022055962472222745,250.0,0.0011302323546260595,0.2825580886565149,1.0,0.0011052197078242898,0.0011052197078242898,60.0,0.002874922938644886,0.17249537631869316,0.0,0.0,0.0,800.0,0.0006703739054501057,0.5362991243600845,0.001,109.3644027709961,0.1093644027709961,700000,700000,393
982,pose,1.112776517868042,100.0,0.00022321629512589425,0.022321629512589425,250.0,0.0011322007048875093,0.28305017622187734,1.0,0.0010988317662850022,0.0010988317662850022,60.0,0.0026892249006778,0.161353494040668,0.0,0.0,0.0,800.0,0.0006694163894280791,0.5355331115424633,0.001,109.41926574707031,0.10941926574707031,700000,700000,429
983,pose,1.1236305236816406,100.0,0.00022251936024986207,0.022251936024986207,250.0,0.0011329671833664179,0.28324179584160447,1.0,0.0010943246306851506,0.0010943246306851506,60.0,0.002871254226192832,0.17227525357156992,0.0,0.0,0.0,800.0,0.0006681317463517189,0.5345053970813751,0.001,110.26192474365234,0.11026192474365235,700000,700000,429
984,pose,1.1245149374008179,100.0,0.00022147192794363946,0.022147192794363946,250.0,0.0011317607713863254,0.28294019284658134,1.0,0.0010871945414692163,0.0010871945414692163,60.0,0.002945594023913145,0.1767356414347887,0.0,0.0,0.0,800.0,0.0006612197030335665,0.5289757624268532,0.001,112.62891387939453,0.11262891387939454,700000,700000,445
985,pose,1.1236752271652222,100.0,0.0002185787307098508,0.02185787307098508,250.0,0.001131079625338316,0.282769906334579,1.0,0.0010842562187463045,0.0010842562187463045,60.0,0.002988416701555252,0.17930500209331512,0.0,0.0,0.0,800.0,0.0006581158377230167,0.5264926701784134,0.001,112.16551208496094,0.11216551208496094,700000,700000,449
986,pose,1.126224398612976,100.0,0.00021397959790192544,0.021397959790192544,250.0,0.0011322960490360856,0.2830740122590214,1.0,0.0010850291000679135,0.0010850291000679135,60.0,0.003054831875488162,0.18328991252928972,0.0,0.0,0.0,800.0,0.0006586270756088197,0.5269016604870558,0.001,110.47575378417969,0.11047575378417969,700000,700000,450
987,pose,1.1120648384094238,100.0,0.0002082387072732672,0.02082387072732672,250.0,0.0011342887300997972,0.2835721825249493,1.0,0.0010888974647969007,0.0010888974647969007,60.0,0.0027710048016160727,0.16626028809696436,0.0,0.0,0.0,800.0,0.0006631055730395019,0.5304844584316015,0.001,109.83513641357422,0.10983513641357422,700000,700000,444
988,pose,1.1089941263198853,100.0,0.00020486005814746022,0.020486005814746022,250.0,0.0011347600957378745,0.2836900239344686,1.0,0.0010935486061498523,0.0010935486061498523,60.0,0.002708328189328313,0.16249969135969877,0.0,0.0,0.0,800.0,0.0006635780446231365,0.5308624356985092,0.001,110.36238098144531,0.11036238098144531,700000,700000,422
989,pose,1.1188757419586182,100.0,0.00020757288439199328,0.02075728843919933,250.0,0.0011349348351359367,0.2837337087839842,1.0,0.0010960331419482827,0.0010960331419482827,60.0,0.0028495623264461756,0.17097373958677053,0.0,0.0,0.0,800.0,0.0006627392722293735,0.5301914177834988,0.001,112.12342834472656,0.11212342834472656,700000,700000,418
990,pose,1.1022107601165771,100.0,0.00021189643302932382,0.02118964330293238,250.0,0.00113488279748708,0.28372069937177,1.0,0.0010946352267637849,0.0010946352267637849,60.0,0.002619607839733362,0.15717647038400173,0.0,0.0,0.0,800.0,0.0006579709006473422,0.5263767205178738,0.001,112.65254211425781,0.11265254211425782,700000,700000,426
991,pose,1.1198070049285889,100.0,0.00021851334895472974,0.021851334895472974,250.0,0.0011343269143253565,0.2835817285813391,1.0,0.0010892072459682822,0.0010892072459682822,60.0,0.002966303378343582,0.17797820270061493,0.0,0.0,0.0,800.0,0.0006539177265949547,0.5231341812759638,0.001,112.17240142822266,0.11217240142822266,700000,700000,443
992,pose,1.1206886768341064,100.0,0.00022182756219990551,0.02218275621999055,250.0,0.001134574762545526,0.2836436906363815,1.0,0.0010871945414692163,0.0010871945414692163,60.0,0.0029772031120955944,0.17863218672573566,0.0,0.0,0.0,800.0,0.0006556805456057191,0.5245444364845753,0.001,110.5984115600586,0.11059841156005859,700000,700000,448
993,pose,1.1212621927261353,100.0,0.00022177747450768948,0.022177747450768948,250.0,0.0011345589300617576,0.2836397325154394,1.0,0.0010896718595176935,0.0010896718595176935,60.0,0.0029343320056796074,0.17605992034077644,0.0,0.0,0.0,800.0,0.0006600884953513741,0.5280707962810993,0.001,110.22432708740234,0.11022432708740235,700000,700000,446
994,pose,1.1267071962356567,100.0,0.00021824092254973948,0.021824092254973948,250.0,0.0011344727827236056,0.2836181956809014,1.0,0.0010954118333756924,0.0010954118333756924,60.0,0.002944850130006671,0.17669100780040026,0.0,0.0,0.0,800.0,0.0006666596746072173,0.5333277396857738,0.001,110.15068054199219,0.11015068054199219,700000,700000,401
995,pose,1.1200590133666992,100.0,0.00021517759887501597,0.021517759887501597,250.0,0.0011339791817590594,0.28349479543976486,1.0,0.0010971211595460773,0.0010971211595460773,60.0,0.0027996746357530355,0.16798047814518213,0.0,0.0,0.0,800.0,0.0006689128349535167,0.5351302679628134,0.001,110.83866882324219,0.11083866882324218,700000,700000,408
996,pose,1.1258561611175537,100.0,0.00021350971655920148,0.021350971655920148,250.0,0.0011350547429174185,0.2837636857293546,1.0,0.0010952565353363752,0.0010952565353363752,60.0,0.0028758796397596598,0.17255277838557959,0.0,0.0,0.0,800.0,0.0006691050948575139,0.5352840758860111,0.001,111.8093490600586,0.1118093490600586,700000,700000,400
997,pose,1.1287885904312134,100.0,0.00021536878193728626,0.021536878193728626,250.0,0.001137438346631825,0.28435958665795624,1.0,0.0010899817571043968,0.0010899817571043968,60.0,0.002964878687635064,0.17789272125810385,0.0,0.0,0.0,800.0,0.000667487911414355,0.533990329131484,0.001,109.91912078857422,0.10991912078857421,700000,700000,427
998,pose,1.116729736328125,100.0,0.00022026727674528956,0.022026727674528956,250.0,0.0011399087961763144,0.2849771990440786,1.0,0.0010850291000679135,0.0010850291000679135,60.0,0.00283643277361989,0.1701859664171934,0.0,0.0,0.0,800.0,0.0006607145187444985,0.5285716149955988,0.001,109.88319396972656,0.10988319396972657,700000,700000,446
999,pose,1.1145501136779785,100.0,0.00022441940382122993,0.022441940382122993,250.0,0.0011416329070925713,0.2854082267731428,1.0,0.0010825569042935967,0.0010825569042935967,60.0,0.002844440285116434,0.17066641710698605,0.0,0.0,0.0,800.0,0.0006538557354360819,0.5230845883488655,0.001,111.86628723144531,0.11186628723144532,700000,700000,453
1000,pose,1.1101243495941162,100.0,0.0002263214555568993,0.02263214555568993,250.0,0.001143088098615408,0.285772024653852,1.0,0.0010836382862180471,0.0010836382862180471,60.0,0.0028005202766507864,0.16803121659904718,0.0,0.0,0.0,800.0,0.0006517336005344987,0.521386880427599,0.001,111.21841430664062,0.11121841430664063,700000,700000,432
1001,pose,1.1101467609405518,100.0,0.0002279231557622552,0.02279231557622552,250.0,0.0011438564397394657,0.28596410993486643,1.0,0.0010847199009731412,0.0010847199009731412,60.0,0.0028105436358600855,0.16863261815160513,0.0,0.0,0.0,800.0,0.0006525624776259065,0.5220499821007252,0.001,109.62303161621094,0.10962303161621094,700000,700000,434
1002,pose,1.1210869550704956,100.0,0.000225938914809376,0.0225938914809376,250.0,0.0011446670396253467,0.28616675990633667,1.0,0.0010879683541134,0.0010879683541134,60.0,0.002919584745541215,0.1751750847324729,0.0,0.0,0.0,800.0,0.0006585618248209357,0.5268494598567486,0.001,109.21377563476562,0.10921377563476563,700000,700000,398
1003,pose,1.1243270635604858,100.0,0.00022341703879646957,0.022341703879646957,250.0,0.0011449455050751567,0.28623637626878917,1.0,0.0010879683541134,0.0010879683541134,60.0,0.0029075415804982185,0.1744524948298931,0.0,0.0,0.0,800.0,0.0006639719940721989,0.5311775952577591,0.001,109.03096008300781,0.10903096008300782,700000,700000,398
1004,pose,1.133929967880249,100.0,0.00022215474746190012,0.02221547474619001,250.0,0.0011453578481450677,0.2863394620362669,1.0,0.0010850291000679135,0.0010850291000679135,60.0,0.00303297839127481,0.1819787034764886,0.0,0.0,0.0,800.0,0.0006650296854786575,0.532023748382926,0.001,110.28755187988281,0.11028755187988282,700000,700000,410
1005,pose,1.1158151626586914,100.0,0.00022151408484205604,0.022151408484205604,250.0,0.0011467187432572246,0.28667968581430614,1.0,0.001080858986824751,0.001080858986824751,60.0,0.0027267378754913807,0.16360427252948284,0.0,0.0,0.0,800.0,0.0006626821123063564,0.5301456898450851,0.001,112.15327453613281,0.11215327453613282,700000,700000,423
1006,pose,1.108998417854309,100.0,0.0002227912627859041,0.02227912627859041,250.0,0.001147623173892498,0.2869057934731245,1.0,0.0010743881575763226,0.0010743881575763226,60.0,0.0027023120783269405,0.16213872469961643,0.0,0.0,0.0,800.0,0.0006558109307661653,0.5246487446129322,0.001,111.95172119140625,0.11195172119140626,700000,700000,433
1007,pose,1.1085224151611328,100.0,0.00022373121464625,0.022373121464625,250.0,0.0011477830121293664,0.2869457530323416,1.0,0.0010702385334298015,0.0010702385334298015,60.0,0.0028341489378362894,0.17004893627017736,0.0,0.0,0.0,800.0,0.0006486898637376726,0.518951890990138,0.001,109.13241577148438,0.10913241577148437,700000,700000,435
1008,pose,1.1120750904083252,100.0,0.00022292346693575382,0.022292346693575382,250.0,0.0011479834793135524,0.2869958698283881,1.0,0.0010688572656363249,0.0010688572656363249,60.0,0.002910188166424632,0.17461128998547792,0.0,0.0,0.0,800.0,0.0006473639514297247,0.5178911611437798,0.001,109.21546173095703,0.10921546173095703,700000,700000,430
1009,pose,1.1167598962783813,100.0,0.0002212083199992776,0.02212083199992776,250.0,0.0011482484405860305,0.2870621101465076,1.0,0.0010688572656363249,0.0010688572656363249,60.0,0.002961832331493497,0.1777099398896098,0.0,0.0,0.0,800.0,0.0006494300905615091,0.5195440724492073,0.001,109.25413513183594,0.10925413513183593,700000,700000,422
1010,pose,1.1104834079742432,100.0,0.00021833808568771929,0.02183380856877193,250.0,0.0011486361036077142,0.28715902590192854,1.0,0.0010723891900852323,0.0010723891900852323,60.0,0.0028002788312733173,0.16801672987639904,0.0,0.0,0.0,800.0,0.0006538761081174016,0.5231008864939213,0.001,109.3006591796875,0.1093006591796875,700000,700000,438
1011,pose,1.104156494140625,100.0,0.00021901645231992006,0.021901645231992006,250.0,0.001147970906458795,0.28699272661469877,1.0,0.001075465464964509,0.001075465464964509,60.0,0.0026775612495839596,0.16065367497503757,0.0,0.0,0.0,800.0,0.0006551443948410451,0.5241155158728361,0.001,109.41746520996094,0.10941746520996094,700000,700000,407
1012,pose,1.113541841506958,100.0,0.00022190803429111838,0.02219080342911184,250.0,0.0011471409816294909,0.2867852454073727,1.0,0.0010748497443273664,0.0010748497443273664,60.0,0.0028237588703632355,0.16942553222179413,0.0,0.0,0.0,800.0,0.0006520969909615815,0.5216775927692652,0.001,112.3877944946289,0.1123877944946289,700000,700000,435
1013,pose,1.1158467531204224,100.0,0.00022418357548303902,0.022418357548303902,250.0,0.0011465720599517226,0.28664301498793066,1.0,0.0010757732670754194,0.0010757732670754194,60.0,0.0028163730166852474,0.16898238100111485,0.0,0.0,0.0,800.0,0.0006537304725497961,0.5229843780398369,0.001,113.74285888671875,0.11374285888671876,700000,700000,436
1014,pose,1.1142606735229492,100.0,0.0002231749240309,0.02231749240309,250.0,0.0011467324802652001,0.28668312006630003,1.0,0.0010770050575956702,0.0010770050575956702,60.0,0.002783201402053237,0.16699208412319422,0.0,0.0,0.0,800.0,0.0006571341073140502,0.5257072858512402,0.001,111.48369598388672,0.11148369598388672,700000,700000,415
1015,pose,1.1284767389297485,100.0,0.0002220174064859748,0.02220174064859748,250.0,0.0011467866133898497,0.2866966533474624,1.0,0.0010748497443273664,0.0010748497443273664,60.0,0.0030330868903547525,0.18198521342128515,0.0,0.0,0.0,800.0,0.0006578487809747458,0.5262790247797966,0.001,110.23924255371094,0.11023924255371094,700000,700000,398
1016,pose,1.1168925762176514,100.0,0.00021944448235444725,0.021944448235444725,250.0,0.0011470968602225184,0.2867742150556296,1.0,0.0010697782272472978,0.0010697782272472978,60.0,0.0028468973468989134,0.1708138408139348,0.0,0.0,0.0,800.0,0.0006578234024345875,0.52625872194767,0.001,110.03157806396484,0.11003157806396485,700000,700000,418
1017,pose,1.1128448247909546,100.0,0.0002170523803215474,0.02170523803215474,250.0,0.001147584174759686,0.2868960436899215,1.0,0.0010628814343363047,0.0010628814343363047,60.0,0.002804133342579007,0.16824800055474043,0.0,0.0,0.0,800.0,0.0006562460912391543,0.5249968729913235,0.001,109.93569946289062,0.10993569946289063,700000,700000,425
1018,pose,1.1183359622955322,100.0,0.00021544675109907985,0.021544675109907985,250.0,0.0011486856965348125,0.2871714241337031,1.0,0.0010586014250293374,0.0010586014250293374,60.0,0.0028569737914949656,0.17141842748969793,0.0,0.0,0.0,800.0,0.0006573223508894444,0.5258578807115555,0.001,111.28491973876953,0.11128491973876953,700000,700000,434
1019,pose,1.1296900510787964,100.0,0.00021433828806038946,0.021433828806038946,250.0,0.0011488705640658736,0.2872176410164684,1.0,0.0010547874262556434,0.0010547874262556434,60.0,0.0030284891836345196,0.18170935101807117,0.0,0.0,0.0,800.0,0.0006580001791007817,0.5264001432806253,0.001,111.87422180175781,0.11187422180175781,700000,700000,440
1020,pose,1.1102991104125977,100.0,0.00021343577827792615,0.021343577827792615,250.0,0.0011482537956908345,0.28706344892270863,1.0,0.0010544825345277786,0.0010544825345277786,60.0,0.0027158642187714577,0.16295185312628746,0.0,0.0,0.0,800.0,0.0006589657859876752,0.5271726287901402,0.001,110.71318054199219,0.1107131805419922,700000,700000,436
1021,pose,1.1184386014938354,100.0,0.00021580455359071493,0.021580455359071493,250.0,0.001148273586295545,0.2870683965738863,1.0,0.0010552448220551014,0.0010552448220551014,60.0,0.0028531441930681467,0.1711886515840888,0.0,0.0,0.0,800.0,0.0006600986234843731,0.5280788987874985,0.001,109.46694946289062,0.10946694946289062,700000,700000,413
1022,pose,1.0988258123397827,100.0,0.00022076837194617838,0.022076837194617838,250.0,0.0011484695132821798,0.28711737832054496,1.0,0.001053720829077065,0.001053720829077065,60.0,0.002572394907474518,0.15434369444847107,0.0,0.0,0.0,800.0,0.0006559895700775087,0.524791656062007,0.001,109.44248962402344,0.10944248962402343,700000,700000,418
1023,pose,1.1094775199890137,100.0,0.0002241450420115143,0.02241450420115143,250.0,0.0011475234059616923,0.2868808514904231,1.0,0.0010496113682165742,0.0010496113682165742,60.0,0.002811022102832794,0.16866132616996765,0.0,0.0,0.0,800.0,0.0006509857485070825,0.520788598805666,0.001,109.68262481689453,0.10968262481689453,700000,700000,430
1024,pose,1.111166000366211,100.0,0.00022582203382626176,0.022582203382626176,250.0,0.0011468278244137764,0.2867069561034441,1.0,0.0010468760738149285,0.0010468760738149285,60.0,0.002859692554920912,0.1715815532952547,0.0,0.0,0.0,800.0,0.0006465742480941117,0.5172593984752893,0.001,111.98905181884766,0.11198905181884766,700000,700000,431
1025,pose,1.1137360334396362,100.0,0.00022430409444496036,0.022430409444496036,250.0,0.0011475675273686647,0.2868918818421662,1.0,0.0010477874893695116,0.0010477874893695116,60.0,0.002838355954736471,0.17030135728418827,0.0,0.0,0.0,800.0,0.0006480865413323045,0.5184692330658436,0.001,114.59536743164062,0.11459536743164063,700000,700000,429
1026,pose,1.1143752336502075,100.0,0.00022191018797457218,0.022191018797457218,250.0,0.0011491240002214909,0.2872810000553727,1.0,0.0010496113682165742,0.0010496113682165742,60.0,0.0028456482104957104,0.17073889262974262,0.0,0.0,0.0,800.0,0.0006509661907330155,0.5207729525864124,0.001,112.34174346923828,0.11234174346923828,700000,700000,428
1027,pose,1.1153724193572998,100.0,0.0002173345856135711,0.02173345856135711,250.0,0.0011528588365763426,0.28821470914408565,1.0,0.001054025604389608,0.001054025604389608,60.0,0.002807910554111004,0.16847463324666023,0.0,0.0,0.0,800.0,0.0006576908635906875,0.52615269087255,0.001,109.74293518066406,0.10974293518066407,700000,700000,408
1028,pose,1.111480474472046,100.0,0.000215786843909882,0.0215786843909882,250.0,0.0011561271967366338,0.28903179918415844,1.0,0.001054025604389608,0.001054025604389608,60.0,0.002701153978705406,0.16206923872232437,0.0,0.0,0.0,800.0,0.0006603322690352798,0.5282658152282238,0.001,109.48091125488281,0.10948091125488281,700000,700000,423
1029,pose,1.103161096572876,100.0,0.0002205667260568589,0.02205667260568589,250.0,0.0011575943790376186,0.28939859475940466,1.0,0.0010529591236263514,0.0010529591236263514,60.0,0.0026382221840322018,0.1582933310419321,0.0,0.0,0.0,800.0,0.0006534549174830317,0.5227639339864254,0.001,109.59562683105469,0.10959562683105468,700000,700000,431
1030,pose,1.1091251373291016,100.0,0.0002284722140757367,0.02284722140757367,250.0,0.0011579577112570405,0.2894894278142601,1.0,0.001053111394867301,0.001053111394867301,60.0,0.0028527912218123674,0.17116747330874205,0.0,0.0,0.0,800.0,0.0006436568219214678,0.5149254575371742,0.001,109.64240264892578,0.10964240264892579,700000,700000,433
1031,pose,1.104020595550537,100.0,0.00023347695241682231,0.02334769524168223,250.0,0.0011572877410799265,0.2893219352699816,1.0,0.001056159846484661,0.001056159846484661,60.0,0.002831479301676154,0.16988875810056925,0.0,0.0,0.0,800.0,0.0006379989208653569,0.5103991366922855,0.001,110.00691986083984,0.11000691986083985,700000,700000,423
1032,pose,1.1226277351379395,100.0,0.00023358150792773813,0.023358150792773813,250.0,0.0011568468762561679,0.28921171906404197,1.0,0.001061046146787703,0.001061046146787703,60.0,0.003086019540205598,0.18516117241233587,0.0,0.0,0.0,800.0,0.0006404708838090301,0.512376707047224,0.001,111.45894622802734,0.11145894622802735,700000,700000,404
1033,pose,1.1173909902572632,100.0,0.00022617887589149177,0.022617887589149177,250.0,0.0011559148551896214,0.28897871379740536,1.0,0.0010656375670805573,0.0010656375670805573,60.0,0.002887716284021735,0.1732629770413041,0.0,0.0,0.0,800.0,0.0006490068626590073,0.5192054901272058,0.001,112.26016235351562,0.11226016235351563,700000,700000,389
1034,pose,1.1234627962112427,100.0,0.0002199132868554443,0.02199132868554443,250.0,0.0011554257944226265,0.2888564486056566,1.0,0.001067323493771255,0.001067323493771255,60.0,0.0029390892013907433,0.1763453520834446,0.0,0.0,0.0,800.0,0.0006542254704982042,0.5233803763985634,0.001,111.82200622558594,0.11182200622558594,700000,700000,375
1035,pose,1.1303436756134033,100.0,0.00021513276442419738,0.021513276442419738,250.0,0.0011552015785127878,0.28880039462819695,1.0,0.0010648715542629361,0.0010648715542629361,60.0,0.0030249159317463636,0.18149495590478182,0.0,0.0,0.0,800.0,0.0006573571590706706,0.5258857272565365,0.001,111.58441162109375,0.11158441162109375,700000,700000,388
1036,pose,1.1279122829437256,100.0,0.0002135298418579623,0.02135298418579623,250.0,0.0011548910988494754,0.28872277471236885,1.0,0.0010596708161756396,0.0010596708161756396,60.0,0.00301110977306962,0.1806665863841772,0.0,0.0,0.0,800.0,0.0006567490054294467,0.5253992043435574,0.001,110.71115112304688,0.11071115112304687,700000,700000,392
1037,pose,1.1116795539855957,100.0,0.00021566548093687743,0.021566548093687743,250.0,0.0011566390749067068,0.2891597687266767,1.0,0.0010515889152884483,0.0010515889152884483,60.0,0.002775055356323719,0.16650332137942314,0.0,0.0,0.0,800.0,0.0006545319920405746,0.5236255936324596,0.001,109.77268981933594,0.10977268981933594,700000,700000,428
1038,pose,1.1123676300048828,100.0,0.00022420322056859732,0.02242032205685973,250.0,0.0011587969493120909,0.2896992373280227,1.0,0.0010433864081278443,0.0010433864081278443,60.0,0.002831410150974989,0.16988460905849934,0.0,0.0,0.0,800.0,0.0006495831185020506,0.5196664948016405,0.001,109.65364837646484,0.10965364837646485,700000,700000,454
1039,pose,1.115036964416504,100.0,0.0002314898738404736,0.02314898738404736,250.0,0.0011602903250604868,0.2900725812651217,1.0,0.0010397512232884765,0.0010397512232884765,60.0,0.002886937465518713,0.17321624793112278,0.0,0.0,0.0,800.0,0.0006472727982327342,0.5178182385861874,0.001,109.74120330810547,0.10974120330810547,700000,700000,466
1040,pose,1.1166900396347046,100.0,0.00023630517534911633,0.023630517534911633,250.0,0.0011614107061177492,0.2903526765294373,1.0,0.0010399025632068515,0.0010399025632068515,60.0,0.0028874981217086315,0.1732498873025179,0.0,0.0,0.0,800.0,0.0006478540017269552,0.5182832013815641,0.001,110.13386535644531,0.11013386535644532,700000,700000,473
1041,pose,1.1246435642242432,100.0,0.00023867437266744673,0.023867437266744673,250.0,0.0011619686847552657,0.29049217118881643,1.0,0.0010432348353788257,0.0010432348353788257,60.0,0.0029764568898826838,0.17858741339296103,0.0,0.0,0.0,800.0,0.0006505289929918945,0.5204231943935156,0.001,110.230224609375,0.110230224609375,700000,700000,461
1042,pose,1.1257063150405884,100.0,0.00023740885080769658,0.023740885080769658,250.0,0.0011617029085755348,0.2904257271438837,1.0,0.0010502197546884418,0.0010502197546884418,60.0,0.0029450373258441687,0.17670223955065012,0.0,0.0,0.0,800.0,0.0006541043985635042,0.5232835188508034,0.001,110.50369262695312,0.11050369262695313,700000,700000,426
1043,pose,1.1094001531600952,100.0,0.0002316611644346267,0.02316611644346267,250.0,0.001160409883596003,0.29010247089900076,1.0,0.001057990943081677,0.001057990943081677,60.0,0.0026313953567296267,0.1578837214037776,0.0,0.0,0.0,800.0,0.0006585937226191163,0.526874978095293,0.001,110.31486511230469,0.11031486511230469,700000,700000,406
1044,pose,1.1258753538131714,100.0,0.00022635995992459357,0.022635995992459357,250.0,0.0011590563226491213,0.2897640806622803,1.0,0.0010607404401525855,0.0010607404401525855,60.0,0.0028871281538158655,0.17322768922895193,0.0,0.0,0.0,800.0,0.0006604264490306377,0.5283411592245102,0.001,110.84568786621094,0.11084568786621093,700000,700000,381
1045,pose,1.125596523284912,100.0,0.0002226632641395554,0.02226632641395554,250.0,0.0011574500240385532,0.2893625060096383,1.0,0.0010599764063954353,0.0010599764063954353,60.0,0.0029221458826214075,0.17532875295728445,0.0,0.0,0.0,800.0,0.0006583084468729794,0.5266467574983835,0.001,110.93218231201172,0.11093218231201173,700000,700000,376
1046,pose,1.1236685514450073,100.0,0.00022069741680752486,0.022069741680752486,250.0,0.0011561140418052673,0.28902851045131683,1.0,0.0010547874262556434,0.0010547874262556434,60.0,0.0029405481182038784,0.1764328870922327,0.0,0.0,0.0,800.0,0.0006545063806697726,0.5236051045358181,0.001,111.47747802734375,0.11147747802734376,700000,700000,391
1047,pose,1.1140708923339844,100.0,0.00022016243019606918,0.022016243019606918,250.0,0.0011557188117876649,0.2889297029469162,1.0,0.0010461171623319387,0.0010461171623319387,60.0,0.0028165318071842194,0.16899190843105316,0.0,0.0,0.0,800.0,0.0006534756394103169,0.5227805115282536,0.001,110.30641174316406,0.11030641174316407,700000,700000,415
1048,pose,1.1079986095428467,100.0,0.00022229825844988227,0.022229825844988227,250.0,0.0011550839990377426,0.28877099975943565,1.0,0.0010350652737542987,0.0010350652737542987,60.0,0.002786884782835841,0.16721308697015047,0.0,0.0,0.0,800.0,0.0006486587226390839,0.5189269781112671,0.001,109.82258605957031,0.10982258605957032,700000,700000,442
1049,pose,1.1121747493743896,100.0,0.0002220439346274361,0.02220439346274361,250.0,0.001154686906374991,0.28867172659374774,1.0,0.0010284320451319218,0.0010284320451319218,60.0,0.002861736575141549,0.17170419450849295,0.0,0.0,0.0,800.0,0.0006487760110758245,0.5190208088606596,0.001,109.54519653320312,0.10954519653320313,700000,700000,445
1050,pose,1.1114447116851807,100.0,0.00021996579016558826,0.021996579016558826,250.0,0.0011542955180630088,0.2885738795157522,1.0,0.0010263259755447507,0.0010263259755447507,60.0,0.002807674231007695,0.1684604538604617,0.0,0.0,0.0,800.0,0.0006523175397887826,0.5218540318310261,0.001,109.53337860107422,0.10953337860107422,700000,700000,463
1051,pose,1.119861125946045,100.0,0.00021613486751448363,0.021613486751448363,250.0,0.0011537609389051795,0.2884402347262949,1.0,0.0010278300615027547,0.0010278300615027547,60.0,0.002873071236535907,0.1723842741921544,0.0,0.0,0.0,800.0,0.0006584463408216834,0.5267570726573467,0.001,109.63824462890625,0.10963824462890626,700000,700000,433
1052,pose,1.123457908630371,100.0,0.0002117967524100095,0.02117967524100095,250.0,0.0011535915546119213,0.2883978886529803,1.0,0.001033254200592637,0.001033254200592637,60.0,0.0028283942956477404,0.16970365773886442,0.0,0.0,0.0,800.0,0.0006664678803645074,0.533174304291606,0.001,109.96917724609375,0.10996917724609376,700000,700000,418
1053,pose,1.121749758720398,100.0,0.0002145809557987377,0.02145809557987377,250.0,0.0011541999410837889,0.2885499852709472,1.0,0.0010373311815783381,0.0010373311815783381,60.0,0.0027831101324409246,0.16698660794645548,0.0,0.0,0.0,800.0,0.0006662058876827359,0.5329647101461887,0.001,110.75306701660156,0.11075306701660156,700000,700000,404
1054,pose,1.1273982524871826,100.0,0.00021950049267616123,0.021950049267616123,250.0,0.0011546850437298417,0.2886712609324604,1.0,0.0010374824050813913,0.0010374824050813913,60.0,0.002932051895186305,0.1759231137111783,0.0,0.0,0.0,800.0,0.0006610638811253011,0.5288511049002409,0.001,110.96528625488281,0.11096528625488282,700000,700000,410
1055,pose,1.1180802583694458,100.0,0.00022505447850562632,0.022505447850562632,250.0,0.0011554403463378549,0.2888600865844637,1.0,0.0010350652737542987,0.0010350652737542987,60.0,0.0028829402290284634,0.1729764137417078,0.0,0.0,0.0,800.0,0.0006531535182148218,0.5225228145718575,0.001,110.18051147460938,0.11018051147460937,700000,700000,415
1056,pose,1.1053930521011353,100.0,0.00023093073104973882,0.023093073104973882,250.0,0.0011569650378078222,0.28924125945195556,1.0,0.0010315951658412814,0.0010315951658412814,60.0,0.0027678313199430704,0.16606987919658422,0.0,0.0,0.0,800.0,0.0006450947257690132,0.5160757806152105,0.001,109.8814926147461,0.1098814926147461,700000,700000,446
1057,pose,1.1112079620361328,100.0,0.00023370585404336452,0.023370585404336452,250.0,0.0011579173151403666,0.28947932878509164,1.0,0.0010318966815248132,0.0010318966815248132,60.0,0.0029059730004519224,0.17435838002711535,0.0,0.0,0.0,800.0,0.0006412911461666226,0.5130329169332981,0.001,109.9348373413086,0.1099348373413086,700000,700000,461
1058,pose,1.10294771194458,100.0,0.0002340660139452666,0.02340660139452666,250.0,0.0011584863532334566,0.28962158830836415,1.0,0.0010350652737542987,0.0010350652737542987,60.0,0.00274986051954329,0.1649916311725974,0.0,0.0,0.0,800.0,0.0006423994200304151,0.513919536024332,0.001,109.97335815429688,0.10997335815429687,700000,700000,433
1059,pose,1.1129159927368164,100.0,0.00023058976512402296,0.023058976512402296,250.0,0.0011578886769711971,0.2894721692427993,1.0,0.0010399025632068515,0.0010399025632068515,60.0,0.002847188152372837,0.17083128914237022,0.0,0.0,0.0,800.0,0.0006479596486315131,0.5183677189052105,0.001,110.14598083496094,0.11014598083496094,700000,700000,416
1060,pose,1.1269237995147705,100.0,0.0002261779154650867,0.02261779154650867,250.0,0.0011565892491489649,0.2891473122872412,1.0,0.0010405081557109952,0.0010405081557109952,60.0,0.003040523733943701,0.18243142403662205,0.0,0.0,0.0,800.0,0.0006499698502011597,0.5199758801609278,0.001,111.71083068847656,0.11171083068847656,700000,700000,394
1061,pose,1.111405849456787,100.0,0.00022166725830174983,0.022166725830174983,250.0,0.001155008329078555,0.2887520822696388,1.0,0.0010385409696027637,0.0010385409696027637,60.0,0.002786636119708419,0.16719816718250513,0.0,0.0,0.0,800.0,0.0006528359372168779,0.5222687497735023,0.001,109.98150634765625,0.10998150634765626,700000,700000,405
1062,pose,1.1166653633117676,100.0,0.00021586715593002737,0.021586715593002737,250.0,0.0011532764183357358,0.28831910458393395,1.0,0.00103642453905195,0.00103642453905195,60.0,0.0028312571812421083,0.1698754308745265,0.0,0.0,0.0,800.0,0.0006575249135494232,0.5260199308395386,0.001,109.82771301269531,0.10982771301269531,700000,700000,382
1063,pose,1.126428246498108,100.0,0.0002120136487064883,0.02120136487064883,250.0,0.0011522714048624039,0.28806785121560097,1.0,0.0010305403266102076,0.0010305403266102076,60.0,0.0029736324213445187,0.17841794528067112,0.0,0.0,0.0,800.0,0.0006596613093279302,0.5277290474623442,0.001,109.98149108886719,0.10998149108886719,700000,700000,393
1064,pose,1.1180720329284668,100.0,0.00021091684175189584,0.021091684175189584,250.0,0.0011513230856508017,0.2878307714127004,1.0,0.0010228707687929273,0.0010228707687929273,60.0,0.002871147822588682,0.17226886935532093,0.0,0.0,0.0,800.0,0.0006566236261278391,0.5252989009022713,0.001,110.55904388427734,0.11055904388427734,700000,700000,419
1065,pose,1.1085684299468994,100.0,0.00021481886506080627,0.021481886506080627,250.0,0.0011498358799144626,0.28745896997861564,1.0,0.0010156786302104592,0.0010156786302104592,60.0,0.002818032167851925,0.1690819300711155,0.0,0.0,0.0,800.0,0.0006476185517385602,0.5180948413908482,0.001,111.43513488769531,0.11143513488769531,700000,700000,435
1066,pose,1.1053826808929443,100.0,0.00021787929290439934,0.021787929290439934,250.0,0.0011509498581290245,0.2877374645322561,1.0,0.0010111962910741568,0.0010111962910741568,60.0,0.0028050928376615047,0.16830557025969028,0.0,0.0,0.0,800.0,0.0006453092209994793,0.5162473767995834,0.001,110.29312133789062,0.11029312133789063,700000,700000,453
1067,pose,1.1183037757873535,100.0,0.00021824320720043033,0.021824320720043033,250.0,0.0011523477733135223,0.2880869433283806,1.0,0.0010101519292220473,0.0010101519292220473,60.0,0.0029670940712094307,0.17802564427256584,0.0,0.0,0.0,800.0,0.0006485306657850742,0.5188245326280594,0.001,110.53221893310547,0.11053221893310547,700000,700000,450
1068,pose,1.1138396263122559,100.0,0.00021629971161019057,0.021629971161019057,250.0,0.0011539813131093979,0.28849532827734947,1.0,0.001011942746117711,0.001011942746117711,60.0,0.002776536624878645,0.1665921974927187,0.0,0.0,0.0,800.0,0.0006568316603079438,0.5254653282463551,0.001,110.64482879638672,0.11064482879638672,700000,700000,451
1069,pose,1.1267833709716797,100.0,0.0002127545594703406,0.02127545594703406,250.0,0.001155564095824957,0.2888910239562392,1.0,0.0010170252062380314,0.0010170252062380314,60.0,0.002833281410858035,0.1699968846514821,0.0,0.0,0.0,800.0,0.000668518478050828,0.5348147824406624,0.001,110.78822326660156,0.11078822326660157,700000,700000,426
1070,pose,1.1272437572479248,100.0,0.00021344353444874287,0.021344353444874287,250.0,0.0011560801649466157,0.2890200412366539,1.0,0.0010191217297688127,0.0010191217297688127,60.0,0.002814579987898469,0.16887479927390814,0.0,0.0,0.0,800.0,0.0006697308272123337,0.5357846617698669,0.001,111.20074462890625,0.11120074462890625,700000,700000,423
1071,pose,1.1264755725860596,100.0,0.00021602862398140132,0.021602862398140132,250.0,0.001155457808636129,0.2888644521590322,1.0,0.0010174743365496397,0.0010174743365496397,60.0,0.002851953962817788,0.1711172377690673,0.0,0.0,0.0,800.0,0.0006645732210017741,0.5316585768014193,0.001,112.21488952636719,0.11221488952636718,700000,700000,415
1072,pose,1.1177103519439697,100.0,0.00022005120990797877,0.022005120990797877,250.0,0.0011533787474036217,0.2883446868509054,1.0,0.0010123904794454575,0.0010123904794454575,60.0,0.002809957368299365,0.1685974420979619,0.0,0.0,0.0,800.0,0.0006573239807039499,0.5258591845631599,0.001,111.89151000976562,0.11189151000976563,700000,700000,433
1073,pose,1.10685396194458,100.0,0.00022325312602333724,0.022325312602333724,250.0,0.0011487657902762294,0.28719144756905735,1.0,0.0010040453635156155,0.0010040453635156155,60.0,0.0027825296856462955,0.16695178113877773,0.0,0.0,0.0,800.0,0.0006480019656009972,0.5184015724807978,0.001,110.97982788085938,0.11097982788085937,700000,700000,437
1074,pose,1.11155366897583,100.0,0.0002225198404630646,0.02225198404630646,250.0,0.0011444446863606572,0.2861111715901643,1.0,0.0009955863934010267,0.0009955863934010267,60.0,0.0029250404331833124,0.17550242599099874,0.0,0.0,0.0,800.0,0.0006447264458984137,0.5157811567187309,0.001,110.911376953125,0.110911376953125,700000,700000,464
1075,pose,1.1176024675369263,100.0,0.00021958867728244513,0.021958867728244513,250.0,0.0011406050762161613,0.2851512690540403,1.0,0.0009915920672938228,0.0009915920672938228,60.0,0.0030374268535524607,0.18224561121314764,0.0,0.0,0.0,800.0,0.0006454394315369427,0.5163515452295542,0.001,110.903564453125,0.110903564453125,700000,700000,463
1076,pose,1.1141140460968018,100.0,0.00021474195818882436,0.021474195818882436,250.0,0.0011371131986379623,0.2842782996594906,1.0,0.0009915920672938228,0.0009915920672938228,60.0,0.002938407938927412,0.17630447633564472,0.0,0.0,0.0,800.0,0.0006502110045403242,0.5201688036322594,0.001,110.89674377441406,0.11089674377441407,700000,700000,439
1077,pose,1.1087640523910522,100.0,0.00020911917090415955,0.020911917090415955,250.0,0.0011346081737428904,0.2836520434357226,1.0,0.0009926269995048642,0.0009926269995048642,60.0,0.002733082976192236,0.16398497857153416,0.0,0.0,0.0,800.0,0.0006603121291846037,0.528249703347683,0.001,110.97283935546875,0.11097283935546876,700000,700000,418
1078,pose,1.1210297346115112,100.0,0.0002060267433989793,0.02060267433989793,250.0,0.0011340983910486102,0.28352459776215255,1.0,0.0009935142006725073,0.0009935142006725073,60.0,0.002762136049568653,0.1657281629741192,0.0,0.0,0.0,800.0,0.000673202215693891,0.5385617725551128,0.001,111.61897277832031,0.11161897277832032,700000,700000,382
1079,pose,1.127338171005249,100.0,0.0002044752473011613,0.02044752473011613,250.0,0.0011343355290591717,0.2835838822647929,1.0,0.0009902624879032373,0.0009902624879032373,60.0,0.0027318932116031647,0.16391359269618988,0.0,0.0,0.0,800.0,0.0006821795832365751,0.5457436665892601,0.001,112.65921020507812,0.11265921020507813,700000,700000,375
1080,pose,1.1347408294677734,100.0,0.00020468130242079496,0.020468130242079496,250.0,0.0011347513645887375,0.28368784114718437,1.0,0.0009848055196925998,0.0009848055196925998,60.0,0.002785186283290386,0.16711117699742317,0.0,0.0,0.0,800.0,0.0006864651804789901,0.5491721443831921,0.001,113.31681823730469,0.11331681823730469,700000,700000,383
1081,pose,1.1407476663589478,100.0,0.00020705982751678675,0.020705982751678675,250.0,0.0011338163167238235,0.2834540791809559,1.0,0.000977455172687769,0.000977455172687769,60.0,0.0029327271040529013,0.17596362624317408,0.0,0.0,0.0,800.0,0.0006833525840193033,0.5466820672154427,0.001,112.96451568603516,0.11296451568603516,700000,700000,410
1082,pose,1.1052920818328857,100.0,0.00021138977899681777,0.021138977899681777,250.0,0.0011312649585306644,0.2828162396326661,1.0,0.0009686711127869785,0.0009686711127869785,60.0,0.002498875604942441,0.14993253629654646,0.0,0.0,0.0,800.0,0.0006730352761223912,0.538428220897913,0.001,112.00740051269531,0.11200740051269531,700000,700000,441
1083,pose,1.112473964691162,100.0,0.00021799010573886335,0.021799010573886335,250.0,0.0011263848282396793,0.28159620705991983,1.0,0.0009613812435418367,0.0009613812435418367,60.0,0.002839387394487858,0.17036324366927147,0.0,0.0,0.0,800.0,0.0006581110064871609,0.5264888051897287,0.001,111.26533508300781,0.11126533508300782,700000,700000,458
1084,pose,1.118486762046814,100.0,0.0002219813031842932,0.02219813031842932,250.0,0.0011223496403545141,0.28058741008862853,1.0,0.000957891927100718,0.000957891927100718,60.0,0.003049019258469343,0.1829411555081606,0.0,0.0,0.0,800.0,0.0006505748024210334,0.5204598419368267,0.001,111.34228515625,0.11134228515625,700000,700000,476
1085,pose,1.1076239347457886,100.0,0.00022295350208878517,0.022295350208878517,250.0,0.0011187088675796986,0.27967721689492464,1.0,0.0009583277860656381,0.0009583277860656381,60.0,0.0029077818617224693,0.17446691170334816,0.0,0.0,0.0,800.0,0.0006486875936388969,0.5189500749111176,0.001,111.27601623535156,0.11127601623535156,700000,700000,464
1086,pose,1.1003234386444092,100.0,0.00022169055591803044,0.022169055591803044,250.0,0.0011153934756293893,0.2788483689073473,1.0,0.0009622545330785215,0.0009622545330785215,60.0,0.0027679011691361666,0.16607407014817,0.0,0.0,0.0,800.0,0.0006513122352771461,0.5210497882217169,0.001,111.21990966796875,0.11121990966796876,700000,700000,456
1087,pose,1.108616590499878,100.0,0.00021792911866214126,0.021792911866214126,250.0,0.001112550962716341,0.27813774067908525,1.0,0.0009692554594948888,0.0009692554594948888,60.0,0.002834056271240115,0.1700433762744069,0.0,0.0,0.0,800.0,0.0006581252673640847,0.5265002138912678,0.001,111.17305755615234,0.11117305755615235,700000,700000,420
1088,pose,1.112905502319336,100.0,0.00021199777256697416,0.021199777256697416,250.0,0.001110872603021562,0.2777181507553905,1.0,0.0009739367524161935,0.0009739367524161935,60.0,0.0028454225976020098,0.1707253558561206,0.0,0.0,0.0,800.0,0.0006638991180807352,0.5311192944645882,0.001,111.16900634765625,0.11116900634765625,700000,700000,390
1089,pose,1.1169366836547852,100.0,0.00020846676488872617,0.020846676488872617,250.0,0.0011101961135864258,0.27754902839660645,1.0,0.0009740832610987127,0.0009740832610987127,60.0,0.0028436186257749796,0.17061711754649878,0.0,0.0,0.0,800.0,0.000667068874463439,0.5336550995707512,0.001,113.29457092285156,0.11329457092285157,700000,700000,388
1090,pose,1.1209222078323364,100.0,0.00020684750052168965,0.020684750052168965,250.0,0.0011104797013103962,0.27761992532759905,1.0,0.0009715946507640183,0.0009715946507640183,60.0,0.0029164343141019344,0.17498605884611607,0.0,0.0,0.0,800.0,0.0006686529377475381,0.5349223501980305,0.001,111.73751831054688,0.11173751831054687,700000,700000,403
1091,pose,1.1143420934677124,100.0,0.00020872829190921038,0.02087282919092104,250.0,0.0011132709914818406,0.27831774787046015,1.0,0.0009647311526350677,0.0009647311526350677,60.0,0.0027901832945644855,0.16741099767386913,0.0,0.0,0.0,800.0,0.0006691414164379239,0.5353131331503391,0.001,111.46265411376953,0.11146265411376953,700000,700000,411
1092,pose,1.1059099435806274,100.0,0.0002114534581778571,0.02114534581778571,250.0,0.0011190767399966717,0.2797691849991679,1.0,0.0009603629587218165,0.0009603629587218165,60.0,0.0025416857097297907,0.15250114258378744,0.0,0.0,0.0,800.0,0.0006755037466064095,0.5404029972851276,0.001,111.13096618652344,0.11113096618652343,700000,700000,435
1093,pose,1.1236501932144165,100.0,0.00021402101265266538,0.021402101265266538,250.0,0.0011243195040151477,0.2810798760037869,1.0,0.00095905433408916,0.00095905433408916,60.0,0.002727687358856201,0.16366124153137207,0.0,0.0,0.0,800.0,0.0006815246888436377,0.5452197510749102,0.001,111.32814025878906,0.11132814025878907,700000,700000,432
1094,pose,1.1193150281906128,100.0,0.00021576938161160797,0.021576938161160797,250.0,0.0011276979930698872,0.2819244982674718,1.0,0.0009573110146448016,0.0009573110146448016,60.0,0.0026575622614473104,0.15945373568683863,0.0,0.0,0.0,800.0,0.0006786417798139155,0.5429134238511324,0.001,112.48915100097656,0.11248915100097656,700000,700000,417
1095,pose,1.1173406839370728,100.0,0.00021474645473062992,0.021474645473062992,250.0,0.0011273594573140144,0.2818398643285036,1.0,0.0009596357704140246,0.0009596357704140246,60.0,0.0026827200781553984,0.1609632046893239,0.0,0.0,0.0,800.0,0.000673751113936305,0.539000891149044,0.001,113.10246276855469,0.11310246276855469,700000,700000,412
1096,pose,1.113794207572937,100.0,0.00021327838476281613,0.021327838476281613,250.0,0.0011240149615332484,0.2810037403833121,1.0,0.000962982710916549,0.000962982710916549,60.0,0.0027423512656241655,0.16454107593744993,0.0,0.0,0.0,800.0,0.0006668854039162397,0.5335083231329918,0.001,112.45025634765625,0.11245025634765625,700000,700000,427
1097,pose,1.121548056602478,100.0,0.00021198499598540366,0.021198499598540366,250.0,0.0011200009612366557,0.28000024030916393,1.0,0.0009658977505750954,0.0009658977505750954,60.0,0.002949370536953211,0.17696223221719265,0.0,0.0,0.0,800.0,0.0006630844436585903,0.5304675549268723,0.001,111.95356750488281,0.11195356750488282,700000,700000,433
1098,pose,1.1220815181732178,100.0,0.00020860627410002053,0.020860627410002053,250.0,0.0011179889552295208,0.2794972388073802,1.0,0.0009707171120680869,0.0009707171120680869,60.0,0.002922900952398777,0.17537405714392662,0.0,0.0,0.0,800.0,0.0006668457062914968,0.5334765650331974,0.001,111.90228271484375,0.11190228271484375,700000,700000,413
1099,pose,1.120685338973999,100.0,0.0002061406703433022,0.02061406703433022,250.0,0.001117308740504086,0.2793271851260215,1.0,0.000971009605564177,0.000971009605564177,60.0,0.0028624446131289005,0.17174667678773403,0.0,0.0,0.0,800.0,0.000670103938318789,0.5360831506550312,0.001,111.94329833984375,0.11194329833984375,700000,700000,408
1100,pose,1.120619773864746,100.0,0.00020784306980203837,0.020784306980203837,250.0,0.0011173642706125975,0.27934106765314937,1.0,0.0009669189457781613,0.0009669189457781613,60.0,0.0028557856567204,0.171347139403224,0.0,0.0,0.0,800.0,0.0006696536438539624,0.5357229150831699,0.001,112.4573745727539,0.11245737457275391,700000,700000,414
1101,pose,1.1152704954147339,100.0,0.00021307781571522355,0.021307781571522355,250.0,0.0011179079301655293,0.2794769825413823,1.0,0.0009586183005012572,0.0009586183005012572,60.0,0.0027963914908468723,0.16778348945081234,0.0,0.0,0.0,800.0,0.000666419102344662,0.5331352818757296,0.001,112.60832977294922,0.11260832977294923,700000,700000,422
1102,pose,1.1145131587982178,100.0,0.00021816014486830682,0.02181601448683068,250.0,0.0011203407775610685,0.28008519439026713,1.0,0.0009500642190687358,0.0009500642190687358,60.0,0.002765130251646042,0.1659078150987625,0.0,0.0,0.0,800.0,0.0006667553097940981,0.5334042478352785,0.001,112.34976196289062,0.11234976196289062,700000,700000,422
1103,pose,1.1198606491088867,100.0,0.00021749912411905825,0.021749912411905825,250.0,0.0011225249618291855,0.28063124045729637,1.0,0.0009447193006053567,0.0009447193006053567,60.0,0.0027502598240971565,0.1650155894458294,0.0,0.0,0.0,800.0,0.0006731877219863236,0.5385501775890589,0.001,112.96888732910156,0.11296888732910157,700000,700000,432
1104,pose,1.1181689500808716,100.0,0.00021467509213835,0.021467509213835,250.0,0.001123508089222014,0.2808770223055035,1.0,0.0009431330836378038,0.0009431330836378038,60.0,0.00261660385876894,0.1569962315261364,0.0,0.0,0.0,800.0,0.000684068538248539,0.5472548305988312,0.001,110.6302490234375,0.1106302490234375,700000,700000,446
1105,pose,1.1228269338607788,100.0,0.00021165037469472736,0.021165037469472736,250.0,0.0011234532576054335,0.28086331440135837,1.0,0.0009450077195651829,0.0009450077195651829,60.0,0.002612501848489046,0.15675011090934277,0.0,0.0,0.0,800.0,0.0006901705637574196,0.5521364510059357,0.001,110.96705627441406,0.11096705627441407,700000,700000,432
1106,pose,1.1225451231002808,100.0,0.00021028459013905376,0.021028459013905376,250.0,0.0011217804858461022,0.28044512146152556,1.0,0.0009457292617298663,0.0009457292617298663,60.0,0.002666157903149724,0.15996947418898344,0.0,0.0,0.0,800.0,0.0006864332826808095,0.5491466261446476,0.001,111.00972747802734,0.11100972747802734,700000,700000,442
1107,pose,1.1156749725341797,100.0,0.0002129635977325961,0.02129635977325961,250.0,0.0011179380817338824,0.2794845204334706,1.0,0.000947317632380873,0.000947317632380873,60.0,0.002697670366615057,0.16186022199690342,0.0,0.0,0.0,800.0,0.00067364820279181,0.538918562233448,0.001,113.16795349121094,0.11316795349121093,700000,700000,432
1108,pose,1.1160674095153809,100.0,0.0002141062286682427,0.02141062286682427,250.0,0.0011136175598949194,0.27840438997372985,1.0,0.0009509323863312602,0.0009509323863312602,60.0,0.0028105119708925486,0.1686307182535529,0.0,0.0,0.0,800.0,0.0006674373289570212,0.533949863165617,0.001,112.72090148925781,0.11272090148925781,700000,700000,432
1109,pose,1.1182293891906738,100.0,0.000214099301956594,0.0214099301956594,250.0,0.0011109294136986136,0.2777323534246534,1.0,0.0009546990040689707,0.0009546990040689707,60.0,0.0028691920451819897,0.17215152271091938,0.0,0.0,0.0,800.0,0.0006672304589301348,0.5337843671441078,0.001,112.19639587402344,0.11219639587402344,700000,700000,437
1110,pose,1.1224455833435059,100.0,0.0002151351363863796,0.02151351363863796,250.0,0.0011086961021646857,0.27717402554117143,1.0,0.0009546990040689707,0.0009546990040689707,60.0,0.0029850925784558058,0.17910555470734835,0.0,0.0,0.0,800.0,0.0006640054052695632,0.5312043242156506,0.001,112.49347686767578,0.11249347686767579,700000,700000,430
1111,pose,1.1168886423110962,100.0,0.00021432094217743725,0.021432094217743725,250.0,0.0011093748034909368,0.2773437008727342,1.0,0.0009565851069055498,0.0009565851069055498,60.0,0.0028250229079276323,0.16950137447565794,0.0,0.0,0.0,800.0,0.0006684970576316118,0.5347976461052895,0.001,112.85723114013672,0.11285723114013672,700000,700000,426
1112,pose,1.1218782663345337,100.0,0.00021376708173193038,0.021376708173193038,250.0,0.0011125701712444425,0.2781425428111106,1.0,0.0009557143785059452,0.0009557143785059452,60.0,0.0028067512903362513,0.16840507742017508,0.0,0.0,0.0,800.0,0.0006760440301150084,0.5408352240920067,0.001,112.16304016113281,0.11216304016113282,700000,700000,402
1113,pose,1.1303139925003052,100.0,0.00021657522302120924,0.021657522302120924,250.0,0.0011165182804688811,0.2791295701172203,1.0,0.0009510770905762911,0.0009510770905762911,60.0,0.002881904598325491,0.17291427589952946,0.0,0.0,0.0,800.0,0.0006793215870857239,0.5434572696685791,0.001,112.20423889160156,0.11220423889160157,700000,700000,406
1114,pose,1.114050030708313,100.0,0.00022105692187324166,0.022105692187324166,250.0,0.0011191221419721842,0.27978053549304605,1.0,0.0009439980494789779,0.0009439980494789779,60.0,0.002649018308147788,0.15894109848886728,0.0,0.0,0.0,800.0,0.0006752387853339314,0.5401910282671452,0.001,112.08760070800781,0.11208760070800781,700000,700000,429
1115,pose,1.1185294389724731,100.0,0.0002222540497314185,0.02222540497314185,250.0,0.0011211532400920987,0.2802883100230247,1.0,0.0009373766370117664,0.0009373766370117664,60.0,0.002727716462686658,0.16366298776119947,0.0,0.0,0.0,800.0,0.0006730832392349839,0.5384665913879871,0.001,112.94879150390625,0.11294879150390626,700000,700000,446
1116,pose,1.1144263744354248,100.0,0.00022121866641100496,0.022121866641100496,250.0,0.0011227434733882546,0.28068586834706366,1.0,0.0009352224878966808,0.0009352224878966808,60.0,0.002596693579107523,0.15580161474645138,0.0,0.0,0.0,800.0,0.0006758976960554719,0.5407181568443775,0.001,114.16365051269531,0.11416365051269531,700000,700000,428
1117,pose,1.1243418455123901,100.0,0.00021889092749916017,0.021889092749916017,250.0,0.001122767454944551,0.28069186373613775,1.0,0.0009368018945679069,0.0009368018945679069,60.0,0.002697763964533806,0.16186583787202835,0.0,0.0,0.0,800.0,0.0006809625192545354,0.5447700154036283,0.001,114.18833923339844,0.11418833923339844,700000,700000,413
1118,pose,1.1264450550079346,100.0,0.0002164008328691125,0.02164008328691125,250.0,0.0011219762964174151,0.2804940741043538,1.0,0.0009362274431623518,0.0009362274431623518,60.0,0.002730222884565592,0.1638133730739355,0.0,0.0,0.0,800.0,0.0006836901884526014,0.5469521507620811,0.001,112.60917663574219,0.11260917663574219,700000,700000,417
1119,pose,1.1263607740402222,100.0,0.00021264739916659892,0.02126473991665989,250.0,0.0011200394947081804,0.2800098736770451,1.0,0.0009388140751980245,0.0009388140751980245,60.0,0.0027042608708143234,0.1622556522488594,0.0,0.0,0.0,800.0,0.0006871329969726503,0.5497063975781202,0.001,112.18531036376953,0.11218531036376954,700000,700000,386
1120,pose,1.1263980865478516,100.0,0.00021225071395747364,0.021225071395747364,250.0,0.0011177262058481574,0.27943155146203935,1.0,0.0009385264711454511,0.0009385264711454511,60.0,0.0027669488918036222,0.16601693350821733,0.0,0.0,0.0,800.0,0.0006833027000539005,0.5466421600431204,0.001,112.14373779296875,0.11214373779296875,700000,700000,407
1121,pose,1.1169017553329468,100.0,0.0002145494072465226,0.02145494072465226,250.0,0.001115851104259491,0.27896277606487274,1.0,0.0009360838448628783,0.0009360838448628783,60.0,0.002728442894294858,0.16370657365769148,0.0,0.0,0.0,800.0,0.0006743243429809809,0.5394594743847847,0.001,112.38188171386719,0.11238188171386719,700000,700000,416
1122,pose,1.1211268901824951,100.0,0.00021680709323845804,0.021680709323845804,250.0,0.0011143545852974057,0.27858864632435143,1.0,0.0009324974380433559,0.0009324974380433559,60.0,0.0029213682282716036,0.17528209369629622,0.0,0.0,0.0,800.0,0.0006643120432272553,0.5314496345818043,0.001,113.1932601928711,0.1131932601928711,700000,700000,448
1123,pose,1.105021357536316,100.0,0.00021721317898482084,0.021721317898482084,250.0,0.0011139176785945892,0.2784794196486473,1.0,0.0009324974380433559,0.0009324974380433559,60.0,0.002656285185366869,0.15937711112201214,0.0,0.0,0.0,800.0,0.0006619811756536365,0.5295849405229092,0.001,114.92601013183594,0.11492601013183594,700000,700000,446
1124,pose,1.1106609106063843,100.0,0.00021528724755626172,0.021528724755626172,250.0,0.0011145364260300994,0.27863410650752485,1.0,0.0009329273598268628,0.0009329273598268628,60.0,0.002687435830011964,0.16124614980071783,0.0,0.0,0.0,800.0,0.0006681183585897088,0.534494686871767,0.001,113.82429504394531,0.11382429504394531,700000,700000,449
1125,pose,1.1175510883331299,100.0,0.00021333234326448292,0.02133323432644829,250.0,0.001114854239858687,0.27871355996467173,1.0,0.0009350789478048682,0.0009350789478048682,60.0,0.0027035120874643326,0.16221072524785995,0.0,0.0,0.0,800.0,0.0006770711624994874,0.5416569299995899,0.001,112.70158386230469,0.1127015838623047,700000,700000,441
1126,pose,1.1262508630752563,100.0,0.00021352351177483797,0.021352351177483797,250.0,0.0011145201278850436,0.2786300319712609,1.0,0.0009388140751980245,0.0009388140751980245,60.0,0.002751209307461977,0.16507255844771862,0.0,0.0,0.0,800.0,0.0006847958429716527,0.5478366743773222,0.001,112.42048645019531,0.11242048645019531,700000,700000,388
1127,pose,1.1248708963394165,100.0,0.0002161769662052393,0.02161769662052393,250.0,0.00111385527998209,0.2784638199955225,1.0,0.0009398209513165057,0.0009398209513165057,60.0,0.0027273043524473906,0.16363826114684343,0.0,0.0,0.0,800.0,0.0006847591139376163,0.5478072911500931,0.001,112.40399169921875,0.11240399169921875,700000,700000,388
1128,pose,1.1214520931243896,100.0,0.00021970694069750607,0.021970694069750607,250.0,0.001113165752030909,0.27829143800772727,1.0,0.0009378077229484916,0.0009378077229484916,60.0,0.002717327792197466,0.16303966753184795,0.0,0.0,0.0,800.0,0.0006807657773606479,0.5446126218885183,0.001,112.599853515625,0.112599853515625,700000,700000,396
1129,pose,1.1095339059829712,100.0,0.00022432743571698666,0.022432743571698666,250.0,0.0011119580594822764,0.2779895148705691,1.0,0.0009335009381175041,0.0009335009381175041,60.0,0.002620156155899167,0.15720936935395002,0.0,0.0,0.0,800.0,0.0006717803189530969,0.5374242551624775,0.001,113.54454040527344,0.11354454040527344,700000,700000,399
1130,pose,1.1198171377182007,100.0,0.00022496882593259215,0.022496882593259215,250.0,0.0011130599305033684,0.2782649826258421,1.0,0.0009324974380433559,0.0009324974380433559,60.0,0.0028100418858230114,0.16860251314938068,0.0,0.0,0.0,800.0,0.0006683575338684022,0.5346860270947218,0.001,114.83417510986328,0.11483417510986328,700000,700000,424
1131,pose,1.119349479675293,100.0,0.00022252625785768032,0.022252625785768032,250.0,0.0011149004567414522,0.27872511418536305,1.0,0.0009350789478048682,0.0009350789478048682,60.0,0.0027626946102827787,0.16576167661696672,0.0,0.0,0.0,800.0,0.0006709814770147204,0.5367851816117764,0.001,114.889892578125,0.114889892578125,700000,700000,428
1132,pose,1.1229749917984009,100.0,0.00021746958373114467,0.021746958373114467,250.0,0.0011166459880769253,0.2791614970192313,1.0,0.000940396566875279,0.000940396566875279,60.0,0.0027383386623114347,0.16430031973868608,0.0,0.0,0.0,800.0,0.0006794692599214613,0.5435754079371691,0.001,113.2503662109375,0.11325036621093751,700000,700000,405
1133,pose,1.1331639289855957,100.0,0.0002153193054255098,0.02153193054255098,250.0,0.001117517240345478,0.2793793100863695,1.0,0.0009437097469344735,0.0009437097469344735,60.0,0.002867703791707754,0.17206222750246525,0.0,0.0,0.0,800.0,0.0006836244137957692,0.5468995310366154,0.001,112.34712219238281,0.11234712219238281,700000,700000,407
1134,pose,1.1230370998382568,100.0,0.00021359095990192145,0.021359095990192145,250.0,0.0011216509155929089,0.2804127288982272,1.0,0.0009476064587943256,0.0009476064587943256,60.0,0.0025684540160000324,0.15410724096000195,0.0,0.0,0.0,800.0,0.0006923035252839327,0.5538428202271461,0.001,112.36768341064453,0.11236768341064453,700000,700000,394
1135,pose,1.13361656665802,100.0,0.0002145187754649669,0.02145187754649669,250.0,0.0011255894787609577,0.28139736969023943,1.0,0.0009483290486969054,0.0009483290486969054,60.0,0.0026794730219990015,0.1607683813199401,0.0,0.0,0.0,800.0,0.0006955757853575051,0.5564606282860041,0.001,112.58993530273438,0.11258993530273438,700000,700000,410
1136,pose,1.1299171447753906,100.0,0.00021834310609847307,0.021834310609847307,250.0,0.0011279531754553318,0.28198829386383295,1.0,0.0009457292617298663,0.0009457292617298663,60.0,0.002641709055751562,0.15850254334509373,0.0,0.0,0.0,800.0,0.0006914219120517373,0.5531375296413898,0.001,113.50868225097656,0.11350868225097656,700000,700000,418
1137,pose,1.1280840635299683,100.0,0.0002244841743959114,0.02244841743959114,250.0,0.0011274603893980384,0.2818650973495096,1.0,0.000940396566875279,0.000940396566875279,60.0,0.002739596413448453,0.16437578480690718,0.0,0.0,0.0,800.0,0.0006809710757806897,0.5447768606245518,0.001,113.67755126953125,0.11367755126953125,700000,700000,443
1138,pose,1.119232416152954,100.0,0.00022803628235124052,0.02280362823512405,250.0,0.001125638373196125,0.28140959329903126,1.0,0.0009380952105857432,0.0009380952105857432,60.0,0.0026640063151717186,0.15984037891030312,0.0,0.0,0.0,800.0,0.0006759229581803083,0.5407383665442467,0.001,113.50242614746094,0.11350242614746094,700000,700000,443
1139,pose,1.1195982694625854,100.0,0.00022908777464181185,0.022908777464181185,250.0,0.0011237356811761856,0.2809339202940464,1.0,0.0009396770619787276,0.0009396770619787276,60.0,0.0026791743002831936,0.16075045801699162,0.0,0.0,0.0,800.0,0.0006766529404558241,0.5413223523646593,0.001,112.74305725097656,0.11274305725097657,700000,700000,429
1140,pose,1.1257450580596924,100.0,0.0002255907020298764,0.02255907020298764,250.0,0.001121558016166091,0.28038950404152274,1.0,0.0009444307652302086,0.0009444307652302086,60.0,0.0027175762224942446,0.16305457334965467,0.0,0.0,0.0,800.0,0.0006829043850302696,0.5463235080242157,0.001,112.47395324707031,0.11247395324707031,700000,700000,419
1141,pose,1.129697561264038,100.0,0.00021955615375190973,0.021955615375190973,250.0,0.0011189968790858984,0.2797492197714746,1.0,0.0009520904277451336,0.0009520904277451336,60.0,0.0027141778264194727,0.16285066958516836,0.0,0.0,0.0,800.0,0.0006894095567986369,0.5515276454389095,0.001,112.66236114501953,0.11266236114501953,700000,700000,380
1142,pose,1.129173755645752,100.0,0.0002147496270481497,0.02147496270481497,250.0,0.0011174934916198254,0.27937337290495634,1.0,0.0009565851069055498,0.0009565851069055498,60.0,0.0026813936419785023,0.16088361851871014,0.0,0.0,0.0,800.0,0.0006919820443727076,0.5535856354981661,0.001,112.89959716796875,0.11289959716796875,700000,700000,350
1143,pose,1.13446843624115,100.0,0.00021158013259992003,0.021158013259992003,250.0,0.00111728988122195,0.2793224703054875,1.0,0.0009583277860656381,0.0009583277860656381,60.0,0.0027907092589884996,0.16744255553930998,0.0,0.0,0.0,800.0,0.0006910162046551704,0.5528129637241364,0.001,112.77412414550781,0.11277412414550782,700000,700000,351
1144,pose,1.1336802244186401,100.0,0.00021045564790256321,0.02104556479025632,250.0,0.0011191475205123425,0.2797868801280856,1.0,0.000957891927100718,0.000957891927100718,60.0,0.0027996180579066277,0.16797708347439766,0.0,0.0,0.0,800.0,0.0006892885430715978,0.5514308344572783,0.001,112.4819564819336,0.1124819564819336,700000,700000,388
1145,pose,1.1229244470596313,100.0,0.00021385970467235893,0.021385970467235893,250.0,0.0011208286741748452,0.2802071685437113,1.0,0.0009539739694446325,0.0009539739694446325,60.0,0.002697037998586893,0.16182227991521358,0.0,0.0,0.0,800.0,0.0006826166645623744,0.5460933316498995,0.001,112.46170806884766,0.11246170806884766,700000,700000,422
1146,pose,1.1189392805099487,100.0,0.0002230647805845365,0.02230647805845365,250.0,0.0011210854863747954,0.28027137159369886,1.0,0.0009470286895520985,0.0009470286895520985,60.0,0.002740456024184823,0.16442736145108938,0.0,0.0,0.0,800.0,0.0006732769543305039,0.5386215634644032,0.001,112.36543273925781,0.11236543273925781,700000,700000,451
1147,pose,1.115655541419983,100.0,0.00023014370526652783,0.023014370526652783,250.0,0.001121064298786223,0.28026607469655573,1.0,0.0009431330836378038,0.0009431330836378038,60.0,0.0027346417773514986,0.16407850664108992,0.0,0.0,0.0,800.0,0.0006690715090371668,0.5352572072297335,0.001,112.09617614746094,0.11209617614746094,700000,700000,455
1148,pose,1.1087583303451538,100.0,0.0002343747764825821,0.02343747764825821,250.0,0.0011203279718756676,0.2800819929689169,1.0,0.0009418363915756345,0.0009418363915756345,60.0,0.0026131989434361458,0.15679193660616875,0.0,0.0,0.0,800.0,0.0006693114992231131,0.5354491993784904,0.001,112.05584716796875,0.11205584716796875,700000,700000,453
1149,pose,1.1092753410339355,100.0,0.00023515819339081645,0.023515819339081645,250.0,0.001118347398005426,0.2795868495013565,1.0,0.0009447193006053567,0.0009447193006053567,60.0,0.0025753402151167393,0.15452041290700436,0.0,0.0,0.0,800.0,0.0006733317859470844,0.5386654287576675,0.001,112.04212951660156,0.11204212951660157,700000,700000,423
1150,pose,1.1293644905090332,100.0,0.00022960336355026811,0.02296033635502681,250.0,0.0011167554184794426,0.27918885461986065,1.0,0.0009500642190687358,0.0009500642190687358,60.0,0.002810002537444234,0.16860015224665403,0.0,0.0,0.0,800.0,0.0006812044885009527,0.5449635908007622,0.001,112.70137023925781,0.11270137023925782,700000,700000,397
1151,pose,1.1195133924484253,100.0,0.0002225730277132243,0.02225730277132243,250.0,0.0011141917202621698,0.27854793006554246,1.0,0.0009533942793495953,0.0009533942793495953,60.0,0.0026188469491899014,0.15713081695139408,0.0,0.0,0.0,800.0,0.0006852803053334355,0.5482242442667484,0.001,112.39971923828125,0.11239971923828125,700000,700000,409
1152,pose,1.1197590827941895,100.0,0.0002194905828218907,0.02194905828218907,250.0,0.0011120325652882457,0.2780081413220614,1.0,0.0009557143785059452,0.0009557143785059452,60.0,0.002651427872478962,0.15908567234873772,0.0,0.0,0.0,800.0,0.0006844428717158735,0.5475542973726988,0.001,112.20623779296875,0.11220623779296875,700000,700000,407
1153,pose,1.1157093048095703,100.0,0.00021920933795627207,0.021920933795627207,250.0,0.0011097978567704558,0.27744946419261396,1.0,0.0009542639600113034,0.0009542639600113034,60.0,0.0026679642032831907,0.16007785219699144,0.0,0.0,0.0,800.0,0.0006787911988794804,0.5430329591035843,0.001,112.27379608154297,0.11227379608154298,700000,700000,411
1154,pose,1.1119157075881958,100.0,0.0002223582414444536,0.02223582414444536,250.0,0.0011102730641141534,0.27756826602853835,1.0,0.0009509323863312602,0.0009509323863312602,60.0,0.002627930836752057,0.15767585020512342,0.0,0.0,0.0,800.0,0.0006765839643776417,0.5412671715021133,0.001,112.21766662597656,0.11221766662597657,700000,700000,420
1155,pose,1.1161952018737793,100.0,0.00022823503240942955,0.022823503240942955,250.0,0.0011116607347503304,0.2779151836875826,1.0,0.0009452963713556528,0.0009452963713556528,60.0,0.0027073142118752003,0.16243885271251202,0.0,0.0,0.0,800.0,0.0006751030450686812,0.540082436054945,0.001,111.98991394042969,0.11198991394042969,700000,700000,411
1156,pose,1.123962640762329,100.0,0.00023244482872541994,0.023244482872541994,250.0,0.0011146020842716098,0.27865052106790245,1.0,0.0009380952105857432,0.0009380952105857432,60.0,0.00281645474024117,0.1689872844144702,0.0,0.0,0.0,800.0,0.0006750652682967484,0.5400522146373987,0.001,112.0900650024414,0.11209006500244141,700000,700000,440
1157,pose,1.1203033924102783,100.0,0.00023275977582670748,0.023275977582670748,250.0,0.0011161884758621454,0.27904711896553636,1.0,0.0009357966482639313,0.0009357966482639313,60.0,0.002700231736525893,0.1620139041915536,0.0,0.0,0.0,800.0,0.0006776170339435339,0.5420936271548271,0.001,112.93695068359375,0.11293695068359376,700000,700000,432
1158,pose,1.1209439039230347,100.0,0.00023083650739863515,0.023083650739863515,250.0,0.0011173925595358014,0.27934813988395035,1.0,0.0009373766370117664,0.0009373766370117664,60.0,0.0026121691334992647,0.15673014800995588,0.0,0.0,0.0,800.0,0.0006843844894319773,0.5475075915455818,0.001,113.33702850341797,0.11333702850341797,700000,700000,426
1159,pose,1.134213924407959,100.0,0.00022577813069801778,0.022577813069801778,250.0,0.0011171080404892564,0.2792770101223141,1.0,0.0009418363915756345,0.0009418363915756345,60.0,0.0027346652932465076,0.16407991759479046,0.0,0.0,0.0,800.0,0.0006940173334442079,0.5552138667553663,0.001,112.12350463867188,0.11212350463867188,700000,700000,402
1160,pose,1.1308361291885376,100.0,0.00021999183809384704,0.021999183809384704,250.0,0.001116237137466669,0.27905928436666727,1.0,0.0009486180497333407,0.0009486180497333407,60.0,0.002638826612383127,0.15832959674298763,0.0,0.0,0.0,800.0,0.000697995419614017,0.5583963356912136,0.001,112.1031494140625,0.1121031494140625,700000,700000,386
1161,pose,1.1284583806991577,100.0,0.0002164350007660687,0.02164350007660687,250.0,0.0011157506378367543,0.2789376594591886,1.0,0.0009516561403870583,0.0009516561403870583,60.0,0.0026148157194256783,0.1568889431655407,0.0,0.0,0.0,800.0,0.0006968678208068013,0.557494256645441,0.001,112.5422592163086,0.1125422592163086,700000,700000,413
1162,pose,1.1226812601089478,100.0,0.0002168721694033593,0.02168721694033593,250.0,0.0011146856704726815,0.2786714176181704,1.0,0.0009520904277451336,0.0009520904277451336,60.0,0.002634030068293214,0.15804180409759283,0.0,0.0,0.0,800.0,0.0006884263129904866,0.5507410503923893,0.001,112.58770751953125,0.11258770751953125,700000,700000,420
1163,pose,1.1110960245132446,100.0,0.0002218965964857489,0.02218965964857489,250.0,0.0011128626065328717,0.27821565163321793,1.0,0.0009513665572740138,0.0009513665572740138,60.0,0.002603324828669429,0.15619948972016573,0.0,0.0,0.0,800.0,0.0006736444192938507,0.5389155354350805,0.001,114.6243896484375,0.1146243896484375,700000,700000,444
1164,pose,1.121825933456421,100.0,0.00022775422257836908,0.022775422257836908,250.0,0.001109406934119761,0.27735173352994025,1.0,0.0009476064587943256,0.0009476064587943256,60.0,0.0029535198118537664,0.177211188711226,0.0,0.0,0.0,800.0,0.0006634998717345297,0.5307998973876238,0.001,112.74005126953125,0.11274005126953125,700000,700000,455
1165,pose,1.1133135557174683,100.0,0.00023048130969982594,0.023048130969982594,250.0,0.00110725243575871,0.2768131089396775,1.0,0.0009470286895520985,0.0009470286895520985,60.0,0.0028377086855471134,0.1702625211328268,0.0,0.0,0.0,800.0,0.000662514939904213,0.5300119519233704,0.001,112.23078918457031,0.11223078918457031,700000,700000,436
1166,pose,1.1245983839035034,100.0,0.00022940983762964606,0.022940983762964606,250.0,0.0011056785006076097,0.27641962515190244,1.0,0.0009500642190687358,0.0009500642190687358,60.0,0.002973199123516679,0.17839194741100073,0.0,0.0,0.0,800.0,0.0006673946627415717,0.5339157301932573,0.001,111.97998046875,0.11197998046875,700000,700000,425
1167,pose,1.1250079870224,100.0,0.0002241578185930848,0.02241578185930848,250.0,0.0011049519525840878,0.27623798814602196,1.0,0.0009555692668072879,0.0009555692668072879,60.0,0.002861977322027087,0.17171863932162523,0.0,0.0,0.0,800.0,0.0006773219793103635,0.5418575834482908,0.001,111.82240295410156,0.11182240295410156,700000,700000,410
1168,pose,1.1328628063201904,100.0,0.00021520795417018235,0.021520795417018235,250.0,0.00110465323086828,0.27616330771707,1.0,0.0009603629587218165,0.0009603629587218165,60.0,0.0028995235916227102,0.1739714154973626,0.0,0.0,0.0,800.0,0.0006841635331511497,0.5473308265209198,0.001,112.91607666015625,0.11291607666015625,700000,700000,367
1169,pose,1.1350409984588623,100.0,0.00020792322175111622,0.02079232217511162,250.0,0.0011054436909034848,0.2763609227258712,1.0,0.0009619634365662932,0.0009619634365662932,60.0,0.002883495297282934,0.17300971783697605,0.0,0.0,0.0,800.0,0.0006882711895741522,0.5506169516593218,0.001,113.29914093017578,0.11329914093017579,700000,700000,364
1170,pose,1.133413314819336,100.0,0.0002030944888247177,0.02030944888247177,250.0,0.0011081381235271692,0.2770345308817923,1.0,0.0009613812435418367,0.0009613812435418367,60.0,0.002840237459167838,0.17041424755007029,0.0,0.0,0.0,800.0,0.0006911245873197913,0.552899669855833,0.001,111.79397583007812,0.11179397583007812,700000,700000,361
1171,pose,1.127624750137329,100.0,0.00020335927547421306,0.020335927547421306,250.0,0.0011111519997939467,0.2777879999484867,1.0,0.0009583277860656381,0.0009583277860656381,60.0,0.0027745505794882774,0.16647303476929665,0.0,0.0,0.0,800.0,0.0006881087319925427,0.5504869855940342,0.001,111.5824966430664,0.11158249664306641,700000,700000,415
1172,pose,1.1188005208969116,100.0,0.00020949698227923363,0.020949698227923363,250.0,0.0011133229127153754,0.27833072817884386,1.0,0.0009544089552946389,0.0009544089552946389,60.0,0.002761157928034663,0.1656694756820798,0.0,0.0,0.0,800.0,0.0006765147554688156,0.5412118043750525,0.001,111.6844711303711,0.1116844711303711,700000,700000,444
1173,pose,1.1115776300430298,100.0,0.00021785683929920197,0.021785683929920197,250.0,0.0011156783439218998,0.27891958598047495,1.0,0.0009532493422739208,0.0009532493422739208,60.0,0.0027306992560625076,0.16384195536375046,0.0,0.0,0.0,800.0,0.000667835061904043,0.5342680495232344,0.001,111.8091049194336,0.11180910491943359,700000,700000,461
1174,pose,1.1130069494247437,100.0,0.0002243241760879755,0.02243241760879755,250.0,0.0011177327251061797,0.27943318127654493,1.0,0.0009555692668072879,0.0009555692668072879,60.0,0.0027758032083511353,0.16654819250106812,0.0,0.0,0.0,800.0,0.0006644221721217036,0.5315377376973629,0.001,112.09992980957031,0.11209992980957031,700000,700000,437
1175,pose,1.1058785915374756,100.0,0.00022777452250011265,0.022777452250011265,250.0,0.00111980433575809,0.2799510839395225,1.0,0.0009603629587218165,0.0009603629587218165,60.0,0.0026035301852971315,0.1562118111178279,0.0,0.0,0.0,800.0,0.0006666429690085351,0.5333143752068281,0.001,112.66355895996094,0.11266355895996094,700000,700000,448
1176,pose,1.1162328720092773,100.0,0.00023083086125552654,0.023083086125552654,250.0,0.0011189421638846397,0.27973554097115993,1.0,0.000962400168646127,0.000962400168646127,60.0,0.002767324447631836,0.16603946685791016,0.0,0.0,0.0,800.0,0.0006672651506960392,0.5338121205568314,0.001,112.600341796875,0.112600341796875,700000,700000,451
1177,pose,1.1268432140350342,100.0,0.00022927604732103646,0.022927604732103646,250.0,0.0011177718406543136,0.2794429601635784,1.0,0.0009670649305917323,0.0009670649305917323,60.0,0.0028518238104879856,0.17110942862927914,0.0,0.0,0.0,800.0,0.0006750295870006084,0.5400236696004868,0.001,112.37238311767578,0.11237238311767578,700000,700000,404
1178,pose,1.128085732460022,100.0,0.00022654185886494815,0.022654185886494815,250.0,0.0011166895274072886,0.27917238185182214,1.0,0.0009686711127869785,0.0009686711127869785,60.0,0.002806412987411022,0.16838477924466133,0.0,0.0,0.0,800.0,0.0006806231685914099,0.5444985348731279,0.001,112.4071044921875,0.1124071044921875,700000,700000,397
1179,pose,1.1255079507827759,100.0,0.00022316051763482392,0.022316051763482392,250.0,0.0011154816020280123,0.27887040050700307,1.0,0.0009669189457781613,0.0009669189457781613,60.0,0.0027336073108017445,0.16401643864810467,0.0,0.0,0.0,800.0,0.0006834175437688828,0.5467340350151062,0.001,112.6041259765625,0.1126041259765625,700000,700000,390
1180,pose,1.114439606666565,100.0,0.00022105264361016452,0.022105264361016452,250.0,0.0011148949852213264,0.2787237463053316,1.0,0.0009619634365662932,0.0009619634365662932,60.0,0.002552535617724061,0.15315213706344366,0.0,0.0,0.0,800.0,0.0006830278434790671,0.5464222747832537,0.001,113.07422637939453,0.11307422637939453,700000,700000,407
1181,pose,1.108538031578064,100.0,0.00022071599960327148,0.02207159996032715,250.0,0.0011134282685816288,0.2783570671454072,1.0,0.0009546990040689707,0.0009546990040689707,60.0,0.0025195961352437735,0.1511757681146264,0.0,0.0,0.0,800.0,0.000678240554407239,0.5425924435257912,0.001,113.38645935058594,0.11338645935058594,700000,700000,449
1182,pose,1.121878743171692,100.0,0.00022017139417584985,0.022017139417584985,250.0,0.0011115678353235126,0.27789195883087814,1.0,0.0009509323863312602,0.0009509323863312602,60.0,0.0027862617280334234,0.1671757036820054,0.0,0.0,0.0,800.0,0.0006764110876247287,0.5411288700997829,0.001,112.7142105102539,0.1127142105102539,700000,700000,453
1183,pose,1.1154052019119263,100.0,0.0002184001205023378,0.02184001205023378,250.0,0.0011098268441855907,0.2774567110463977,1.0,0.0009513665572740138,0.0009513665572740138,60.0,0.002657485892996192,0.15944915357977152,0.0,0.0,0.0,800.0,0.0006787680322304368,0.5430144257843494,0.001,112.69355773925781,0.11269355773925782,700000,700000,452
1184,pose,1.1072101593017578,100.0,0.00021748480503447354,0.021748480503447354,250.0,0.001107567804865539,0.27689195121638477,1.0,0.0009552791016176343,0.0009552791016176343,60.0,0.0025254935026168823,0.15152961015701294,0.0,0.0,0.0,800.0,0.0006796055240556598,0.5436844192445278,0.001,112.40034484863281,0.11240034484863282,700000,700000,435
1185,pose,1.1146831512451172,100.0,0.00021960590675007552,0.021960590675007552,250.0,0.0011062079574912786,0.27655198937281966,1.0,0.00095905433408916,0.00095905433408916,60.0,0.002647386398166418,0.15884318388998508,0.0,0.0,0.0,800.0,0.0006793303182348609,0.5434642545878887,0.001,112.90411376953125,0.11290411376953126,700000,700000,421
1186,pose,1.122053861618042,100.0,0.00022177843493409455,0.022177843493409455,250.0,0.0011049575405195355,0.2762393851298839,1.0,0.0009637110051698983,0.0009637110051698983,60.0,0.0027339246589690447,0.16403547953814268,0.0,0.0,0.0,800.0,0.0006826003082096577,0.5460802465677261,0.001,112.55718231201172,0.11255718231201173,700000,700000,406
1187,pose,1.1335983276367188,100.0,0.0002246829099021852,0.02246829099021852,250.0,0.0011047995649278164,0.2761998912319541,1.0,0.0009637110051698983,0.0009637110051698983,60.0,0.002880440792068839,0.17282644752413034,0.0,0.0,0.0,800.0,0.0006855112151242793,0.5484089720994234,0.001,112.73096466064453,0.11273096466064453,700000,700000,364
1188,pose,1.1289165019989014,100.0,0.00022595762857235968,0.022595762857235968,250.0,0.0011056266957893968,0.2764066739473492,1.0,0.000961235782597214,0.000961235782597214,60.0,0.002776866313070059,0.16661197878420353,0.0,0.0,0.0,800.0,0.0006868750206194818,0.5495000164955854,0.001,112.84089660644531,0.11284089660644532,700000,700000,380
1189,pose,1.1154522895812988,100.0,0.00022630105377174914,0.022630105377174914,250.0,0.0011071875924244523,0.2767968981061131,1.0,0.0009560045436955988,0.0009560045436955988,60.0,0.002562670735642314,0.15376024413853884,0.0,0.0,0.0,800.0,0.0006860539433546364,0.5488431546837091,0.001,112.46578979492188,0.11246578979492187,700000,700000,395
1190,pose,1.1224846839904785,100.0,0.00022445332433562726,0.022445332433562726,250.0,0.001110456301830709,0.27761407545767725,1.0,0.0009510770905762911,0.0009510770905762911,60.0,0.0026935285422950983,0.1616117125377059,0.0,0.0,0.0,800.0,0.0006849110359326005,0.5479288287460804,0.001,111.93367004394531,0.11193367004394532,700000,700000,427
1191,pose,1.116721272468567,100.0,0.00022026906663086265,0.022026906663086265,250.0,0.001112909521907568,0.278227380476892,1.0,0.0009500642190687358,0.0009500642190687358,60.0,0.002541381400078535,0.1524828840047121,0.0,0.0,0.0,800.0,0.0006881040753796697,0.5504832603037357,0.001,112.55073547363281,0.11255073547363281,700000,700000,450
1192,pose,1.1214321851730347,100.0,0.00021775663481093943,0.021775663481093943,250.0,0.0011137609835714102,0.27844024589285254,1.0,0.0009523801272735,0.0009523801272735,60.0,0.0025675601791590452,0.1540536107495427,0.0,0.0,0.0,800.0,0.0006923906039446592,0.5539124831557274,0.001,112.29789733886719,0.11229789733886719,700000,700000,446
1193,pose,1.122537612915039,100.0,0.00021883309818804264,0.021883309818804264,250.0,0.0011125130113214254,0.27812825283035636,1.0,0.0009529596427455544,0.0009529596427455544,60.0,0.002622332889586687,0.15733997337520123,0.0,0.0,0.0,800.0,0.0006900516455061734,0.5520413164049387,0.001,112.1917724609375,0.1121917724609375,700000,700000,424
1194,pose,1.1312485933303833,100.0,0.00022203856497071683,0.022203856497071683,250.0,0.0011110258055850863,0.2777564513962716,1.0,0.0009552791016176343,0.0009552791016176343,60.0,0.0027929802890866995,0.16757881734520197,0.0,0.0,0.0,800.0,0.0006871790392324328,0.5497432313859463,0.001,113.01094818115234,0.11301094818115234,700000,700000,414
1195,pose,1.110559105873108,100.0,0.00022630664170719683,0.022630664170719683,250.0,0.0011091630440205336,0.2772907610051334,1.0,0.0009533942793495953,0.0009533942793495953,60.0,0.002517361892387271,0.15104171354323626,0.0,0.0,0.0,800.0,0.000683015154208988,0.5464121233671904,0.001,112.23043060302734,0.11223043060302734,700000,700000,422
1196,pose,1.116368055343628,100.0,0.00022566881671082228,0.02256688167108223,250.0,0.0011064962018281221,0.27662405045703053,1.0,0.0009565851069055498,0.0009565851069055498,60.0,0.0026388829573988914,0.1583329774439335,0.0,0.0,0.0,800.0,0.0006827253382652998,0.5461802706122398,0.001,111.70735168457031,0.11170735168457031,700000,700000,401
1197,pose,1.111366629600525,100.0,0.00022449204698204994,0.022449204698204994,250.0,0.0011042604455724359,0.27606511139310896,1.0,0.000958037213422358,0.000958037213422358,60.0,0.0026294661220163107,0.15776796732097864,0.0,0.0,0.0,800.0,0.0006779058021493256,0.5423246417194605,0.001,111.8016357421875,0.1118016357421875,700000,700000,422
1198,pose,1.1054105758666992,100.0,0.0002206045901402831,0.02206045901402831,250.0,0.0011037805816158652,0.2759451454039663,1.0,0.000962400168646127,0.000962400168646127,60.0,0.002510467078536749,0.15062802471220493,0.0,0.0,0.0,800.0,0.0006791778141632676,0.5433422513306141,0.001,112.47225952148438,0.11247225952148437,700000,700000,414
1199,pose,1.1137781143188477,100.0,0.0002186907804571092,0.02186907804571092,250.0,0.0011061147088184953,0.2765286772046238,1.0,0.0009653143351897597,0.0009653143351897597,60.0,0.0025999152567237616,0.1559949154034257,0.0,0.0,0.0,800.0,0.0006827490287832916,0.5461992230266333,0.001,112.22088623046875,0.11222088623046875,700000,700000,412
1200,pose,1.122791051864624,100.0,0.00022023124620318413,0.022023124620318413,250.0,0.0011085898149758577,0.27714745374396443,1.0,0.0009637110051698983,0.0009637110051698983,60.0,0.0027341328095644712,0.16404796857386827,0.0,0.0,0.0,800.0,0.0006831694045104086,0.5465355236083269,0.001,112.07312774658203,0.11207312774658203,700000,700000,445
1201,pose,1.1162298917770386,100.0,0.0002248806122224778,0.02248806122224778,250.0,0.0011106980964541435,0.2776745241135359,1.0,0.0009583277860656381,0.0009583277860656381,60.0,0.002689041430130601,0.16134248580783606,0.0,0.0,0.0,800.0,0.0006774569628760219,0.5419655703008175,0.001,111.80105590820312,0.11180105590820313,700000,700000,457
1202,pose,1.1169946193695068,100.0,0.00022874280693940818,0.02287428069394082,250.0,0.0011128849582746625,0.2782212395686656,1.0,0.0009552791016176343,0.0009552791016176343,60.0,0.0027175568975508213,0.16305341385304928,0.0,0.0,0.0,800.0,0.0006750806933268905,0.5400645546615124,0.001,111.82584381103516,0.11182584381103516,700000,700000,453
1203,pose,1.1123887300491333,100.0,0.0002300856722285971,0.02300856722285971,250.0,0.0011150779901072383,0.2787694975268096,1.0,0.0009552791016176343,0.0009552791016176343,60.0,0.0026002482045441866,0.1560148922726512,0.0,0.0,0.0,800.0,0.0006771320477128029,0.5417056381702423,0.001,111.93490600585938,0.11193490600585938,700000,700000,443
1204,pose,1.107981562614441,100.0,0.00022919938783161342,0.022919938783161342,250.0,0.0011167500633746386,0.27918751584365964,1.0,0.000958908989559859,0.000958908989559859,60.0,0.002436003414914012,0.14616020489484072,0.0,0.0,0.0,800.0,0.0006823380826972425,0.545870466157794,0.001,112.884521484375,0.112884521484375,700000,700000,406
1205,pose,1.1218668222427368,100.0,0.00022409710800275207,0.022409710800275207,250.0,0.0011156473774462938,0.27891184436157346,1.0,0.000964002450928092,0.000964002450928092,60.0,0.0026192315854132175,0.15715389512479305,0.0,0.0,0.0,800.0,0.0006883477908559144,0.5506782326847315,0.001,111.7490234375,0.1117490234375,700000,700000,410
1206,pose,1.133538842201233,100.0,0.00021971904789097607,0.021971904789097607,250.0,0.0011152223451063037,0.2788055862765759,1.0,0.0009666271507740021,0.0009666271507740021,60.0,0.0027893551159650087,0.16736130695790052,0.0,0.0,0.0,800.0,0.0006910301162861288,0.552824093028903,0.001,111.60939025878906,0.11160939025878906,700000,700000,367
1207,pose,1.1161130666732788,100.0,0.00021712690067943186,0.021712690067943186,250.0,0.0011161871952936053,0.27904679882340133,1.0,0.0009670649305917323,0.0009670649305917323,60.0,0.0025093562435358763,0.15056137461215258,0.0,0.0,0.0,800.0,0.0006902075838297606,0.5521660670638084,0.001,111.6591796875,0.1116591796875,700000,700000,415
1208,pose,1.121734857559204,100.0,0.00021872487559448928,0.021872487559448928,250.0,0.001117244130000472,0.279311032500118,1.0,0.0009653143351897597,0.0009653143351897597,60.0,0.002682761289179325,0.1609656773507595,0.0,0.0,0.0,800.0,0.0006832944927737117,0.5466355942189693,0.001,111.98477172851562,0.11198477172851563,700000,700000,421
1209,pose,1.1177211999893188,100.0,0.0002225586213171482,0.02225586213171482,250.0,0.0011182510061189532,0.2795627515297383,1.0,0.000966335297562182,0.000966335297562182,60.0,0.0026549221947789192,0.15929533168673515,0.0,0.0,0.0,800.0,0.0006777826929464936,0.5422261543571949,0.001,113.41481018066406,0.11341481018066406,700000,700000,440
1210,pose,1.1148451566696167,100.0,0.00022515770979225636,0.022515770979225636,250.0,0.0011185270268470049,0.2796317567117512,1.0,0.0009699861402623355,0.0009699861402623355,60.0,0.0026190029457211494,0.15714017674326897,0.0,0.0,0.0,800.0,0.0006761513650417328,0.5409210920333862,0.001,113.6664047241211,0.1136664047241211,700000,700000,405
1211,pose,1.1126216650009155,100.0,0.00022893224377185106,0.022893224377185106,250.0,0.0011184923350811005,0.2796230837702751,1.0,0.0009696937631815672,0.0009696937631815672,60.0,0.002652897732332349,0.15917386393994093,0.0,0.0,0.0,800.0,0.0006723243277519941,0.5378594622015953,0.001,112.10235595703125,0.11210235595703125,700000,700000,431
1212,pose,1.108451247215271,100.0,0.00023355105076916516,0.023355105076916516,250.0,0.0011188136413693428,0.2797034103423357,1.0,0.000966335297562182,0.000966335297562182,60.0,0.0026086485013365746,0.15651891008019447,0.0,0.0,0.0,800.0,0.0006702077807858586,0.5361662246286869,0.001,111.74125671386719,0.11174125671386718,700000,700000,443
1213,pose,1.1049654483795166,100.0,0.00023409270215779543,0.023409270215779543,250.0,0.0011191030498594046,0.27977576246485114,1.0,0.0009656060137785971,0.0009656060137785971,60.0,0.002499464899301529,0.14996789395809174,0.0,0.0,0.0,800.0,0.0006741241086274385,0.5392992869019508,0.001,111.54753112792969,0.11154753112792969,700000,700000,425
1214,pose,1.109372615814209,100.0,0.00023240670270752162,0.023240670270752162,250.0,0.0011187164345756173,0.27967910864390433,1.0,0.0009622545330785215,0.0009622545330785215,60.0,0.002533726394176483,0.152023583650589,0.0,0.0,0.0,800.0,0.0006772897904738784,0.5418318323791027,0.001,111.63505554199219,0.11163505554199218,700000,700000,440
1215,pose,1.1100974082946777,100.0,0.0002275084116263315,0.02275084116263315,250.0,0.001117024919949472,0.279256229987368,1.0,0.000962982710916549,0.000962982710916549,60.0,0.0024654415901750326,0.14792649541050196,0.0,0.0,0.0,800.0,0.0006828604964539409,0.5462883971631527,0.001,112.91251373291016,0.11291251373291016,700000,700000,414
1216,pose,1.1119428873062134,100.0,0.00022478547180071473,0.022478547180071473,250.0,0.001115327118895948,0.278831779723987,1.0,0.0009622545330785215,0.0009622545330785215,60.0,0.002477798145264387,0.14866788871586323,0.0,0.0,0.0,800.0,0.0006826362223364413,0.546108977869153,0.001,114.8934097290039,0.11489340972900391,700000,700000,420
1217,pose,1.116378903388977,100.0,0.00022254545183386654,0.022254545183386654,250.0,0.0011116715613752604,0.2779178903438151,1.0,0.000962400168646127,0.000962400168646127,60.0,0.002632631454616785,0.1579578872770071,0.0,0.0,0.0,800.0,0.0006802203133702278,0.5441762506961823,0.001,113.10989379882812,0.11310989379882813,700000,700000,418
1218,pose,1.1176855564117432,100.0,0.00022505827655550092,0.022505827655550092,250.0,0.001110454904846847,0.27761372621171176,1.0,0.0009596357704140246,0.0009596357704140246,60.0,0.00277027883566916,0.1662167301401496,0.0,0.0,0.0,800.0,0.0006728902226313949,0.5383121781051159,0.001,112.0774917602539,0.1120774917602539,700000,700000,445
1219,pose,1.1246659755706787,100.0,0.00022606243146583438,0.022606243146583438,250.0,0.0011098393006250262,0.27745982515625656,1.0,0.0009603629587218165,0.0009603629587218165,60.0,0.0029242560267448425,0.17545536160469055,0.0,0.0,0.0,800.0,0.0006700761732645333,0.5360609386116266,0.001,112.12328338623047,0.11212328338623047,700000,700000,454
1220,pose,1.1076390743255615,100.0,0.00022521788196172565,0.022521788196172565,250.0,0.00110976817086339,0.2774420427158475,1.0,0.0009645854006521404,0.0009645854006521404,60.0,0.0026076140347868204,0.15645684208720922,0.0,0.0,0.0,800.0,0.0006725665298290551,0.5380532238632441,0.001,112.2006607055664,0.1122006607055664,700000,700000,429
1221,pose,1.1161421537399292,100.0,0.0002239687310066074,0.02239687310066074,250.0,0.0011111029889434576,0.2777757472358644,1.0,0.000966335297562182,0.000966335297562182,60.0,0.0026931744068861008,0.16159046441316605,0.0,0.0,0.0,800.0,0.0006767589366063476,0.541407149285078,0.001,112.00555419921875,0.11200555419921875,700000,700000,437
1222,pose,1.1234759092330933,100.0,0.00022156744671519846,0.022156744671519846,250.0,0.001111265504732728,0.277816376183182,1.0,0.0009707171120680869,0.0009707171120680869,60.0,0.002751055406406522,0.1650633243843913,0.0,0.0,0.0,800.0,0.0006809207843616605,0.5447366274893284,0.001,112.73199462890625,0.11273199462890625,700000,700000,397
1223,pose,1.137721061706543,100.0,0.00021953723626211286,0.021953723626211286,250.0,0.001114850165322423,0.27871254133060575,1.0,0.0009733510087244213,0.0009733510087244213,60.0,0.002864597598090768,0.17187585588544607,0.0,0.0,0.0,800.0,0.000685386941768229,0.5483095534145832,0.001,115.89593505859375,0.11589593505859375,700000,700000,381
1224,pose,1.1272414922714233,100.0,0.00021811659098602831,0.02181165909860283,250.0,0.0011181175941601396,0.2795293985400349,1.0,0.0009730581659823656,0.0009730581659823656,60.0,0.0026297185104340315,0.1577831106260419,0.0,0.0,0.0,800.0,0.0006874208920635283,0.5499367136508226,0.001,117.20765686035156,0.11720765686035156,700000,700000,391
1225,pose,1.1169599294662476,100.0,0.00021860764536540955,0.021860764536540955,250.0,0.0011197531130164862,0.27993827825412154,1.0,0.0009696937631815672,0.0009696937631815672,60.0,0.002496439265087247,0.1497863559052348,0.0,0.0,0.0,800.0,0.0006860327557660639,0.5488262046128511,0.001,115.5784912109375,0.11557849121093751,700000,700000,405
1226,pose,1.119637131690979,100.0,0.00022176862694323063,0.022176862694323063,250.0,0.0011192784877493978,0.27981962193734944,1.0,0.0009645854006521404,0.0009645854006521404,60.0,0.0026676724664866924,0.16006034798920155,0.0,0.0,0.0,800.0,0.0006803023861721158,0.5442419089376926,0.001,112.37380981445312,0.11237380981445312,700000,700000,414
1227,pose,1.115100622177124,100.0,0.00022692428319714963,0.022692428319714963,250.0,0.0011176157277077436,0.2794039319269359,1.0,0.0009573110146448016,0.0009573110146448016,60.0,0.0027557474095374346,0.16534484457224607,0.0,0.0,0.0,800.0,0.0006689270958304405,0.5351416766643524,0.001,111.56034088134766,0.11156034088134766,700000,700000,455
1228,pose,1.1206393241882324,100.0,0.0002286682720296085,0.02286682720296085,250.0,0.001116147032007575,0.27903675800189376,1.0,0.0009544089552946389,0.0009544089552946389,60.0,0.0029288074001669884,0.1757284440100193,0.0,0.0,0.0,800.0,0.00066332274582237,0.530658196657896,0.001,111.39469146728516,0.11139469146728516,700000,700000,463
1229,pose,1.1275181770324707,100.0,0.00022759077546652406,0.022759077546652406,250.0,0.0011147434124723077,0.2786858531180769,1.0,0.0009555692668072879,0.0009555692668072879,60.0,0.003026207210496068,0.18157243262976408,0.0,0.0,0.0,800.0,0.0006626166868954897,0.5300933495163918,0.001,113.45184326171875,0.11345184326171875,700000,700000,475
1230,pose,1.1146681308746338,100.0,0.0002241635520476848,0.02241635520476848,250.0,0.0011135732056573033,0.27839330141432583,1.0,0.0009602174977771938,0.0009602174977771938,60.0,0.002774278400465846,0.16645670402795076,0.0,0.0,0.0,800.0,0.0006663113599643111,0.5330490879714489,0.001,113.39247131347656,0.11339247131347656,700000,700000,461
1231,pose,1.1122339963912964,100.0,0.000218975794268772,0.0218975794268772,250.0,0.001112813944928348,0.278203486232087,1.0,0.0009679407812654972,0.0009679407812654972,60.0,0.002641719300299883,0.15850315801799297,0.0,0.0,0.0,800.0,0.0006741168908774853,0.5392935127019882,0.001,113.36827087402344,0.11336827087402344,700000,700000,460
1232,pose,1.1228183507919312,100.0,0.0002137584815500304,0.02137584815500304,250.0,0.0011126179015263915,0.2781544753815979,1.0,0.0009780422551557422,0.0009780422551557422,60.0,0.00267962459474802,0.1607774756848812,0.0,0.0,0.0,800.0,0.0006852033548057079,0.5481626838445663,0.001,113.36984252929688,0.11336984252929688,700000,700000,381
1233,pose,1.128499150276184,100.0,0.00021271422156132758,0.021271422156132758,250.0,0.0011124970624223351,0.2781242656055838,1.0,0.000983774894848466,0.000983774894848466,60.0,0.002715599723160267,0.162935983389616,0.0,0.0,0.0,800.0,0.0006889195647090673,0.5511356517672539,0.001,114.04806518554688,0.11404806518554687,700000,700000,365
1234,pose,1.13609778881073,100.0,0.00021480191207956523,0.021480191207956523,250.0,0.0011141190771013498,0.27852976927533746,1.0,0.0009855421958491206,0.0009855421958491206,60.0,0.0028504133224487305,0.17102479934692383,0.0,0.0,0.0,800.0,0.0006881617591716349,0.5505294073373079,0.001,113.54801940917969,0.11354801940917969,700000,700000,385
1235,pose,1.1274771690368652,100.0,0.00021886434115003794,0.021886434115003794,250.0,0.0011165791656821966,0.27914479142054915,1.0,0.0009843636071309447,0.0009843636071309447,60.0,0.0027687777765095234,0.1661266665905714,0.0,0.0,0.0,800.0,0.0006843845476396382,0.5475076381117105,0.001,111.82718658447266,0.11182718658447266,700000,700000,379
1236,pose,1.122162103652954,100.0,0.00022374185209628195,0.022374185209628195,250.0,0.001119748572818935,0.27993714320473373,1.0,0.0009803918655961752,0.0009803918655961752,60.0,0.002739441115409136,0.16436646692454815,0.0,0.0,0.0,800.0,0.0006781818810850382,0.5425455048680305,0.001,111.95855712890625,0.11195855712890625,700000,700000,410
1237,pose,1.1049976348876953,100.0,0.0002284142974531278,0.02284142974531278,250.0,0.0011233034310862422,0.28082585777156055,1.0,0.0009736438514664769,0.0009736438514664769,60.0,0.0025220559909939766,0.1513233594596386,0.0,0.0,0.0,800.0,0.0006708181463181973,0.5366545170545578,0.001,112.37889099121094,0.11237889099121094,700000,700000,441
1238,pose,1.1249816417694092,100.0,0.00023014149337541312,0.023014149337541312,250.0,0.0011257334845140576,0.2814333711285144,1.0,0.0009713021572679281,0.0009713021572679281,60.0,0.002852682489901781,0.17116094939410686,0.0,0.0,0.0,800.0,0.0006682923994958401,0.5346339195966721,0.001,113.7677993774414,0.11376779937744141,700000,700000,448
1239,pose,1.1136667728424072,100.0,0.00022829280351288617,0.022829280351288617,250.0,0.0011269109090790153,0.2817277272697538,1.0,0.0009720335947349668,0.0009720335947349668,60.0,0.0025909936521202326,0.15545961912721395,0.0,0.0,0.0,800.0,0.0006715855561196804,0.5372684448957443,0.001,115.40966796875,0.11540966796875,700000,700000,435
1240,pose,1.113972544670105,100.0,0.0002254920545965433,0.02254920545965433,250.0,0.0011244539637118578,0.28111349092796445,1.0,0.0009713021572679281,0.0009713021572679281,60.0,0.0026214628014713526,0.15728776808828115,0.0,0.0,0.0,800.0,0.0006748534506186843,0.5398827604949474,0.001,112.16793823242188,0.11216793823242188,700000,700000,457
1241,pose,1.123813509941101,100.0,0.00022076821187511086,0.022076821187511086,250.0,0.001121781300753355,0.28044532518833876,1.0,0.0009739367524161935,0.0009739367524161935,60.0,0.0027195182628929615,0.1631710957735777,0.0,0.0,0.0,800.0,0.0006814203807152808,0.5451363045722246,0.001,112.0100326538086,0.1120100326538086,700000,700000,428
1242,pose,1.118640422821045,100.0,0.00021643265790771693,0.021643265790771693,250.0,0.001119463937357068,0.279865984339267,1.0,0.0009798043174669147,0.0009798043174669147,60.0,0.0025561482179909945,0.15336889307945967,0.0,0.0,0.0,800.0,0.0006883509340696037,0.550680747255683,0.001,112.10165405273438,0.11210165405273438,700000,700000,411
1243,pose,1.11970853805542,100.0,0.00021687769913114607,0.021687769913114607,250.0,0.0011185382027179003,0.27963455067947507,1.0,0.000982156372629106,0.000982156372629106,60.0,0.0025788224302232265,0.1547293458133936,0.0,0.0,0.0,800.0,0.0006883314927108586,0.5506651941686869,0.001,112.0094985961914,0.11200949859619141,700000,700000,408
1244,pose,1.1190634965896606,100.0,0.00022140011424198747,0.022140011424198747,250.0,0.0011176207335665822,0.27940518339164555,1.0,0.0009848055196925998,0.0009848055196925998,60.0,0.002637165132910013,0.1582299079746008,0.0,0.0,0.0,800.0,0.0006806522142142057,0.5445217713713646,0.001,113.78175354003906,0.11378175354003907,700000,700000,397
1245,pose,1.1120356321334839,100.0,0.0002261796616949141,0.02261796616949141,250.0,0.0011167357442900538,0.27918393607251346,1.0,0.000983774894848466,0.000983774894848466,60.0,0.0025984582025557756,0.15590749215334654,0.0,0.0,0.0,800.0,0.0006720633246004581,0.5376506596803665,0.001,115.69185638427734,0.11569185638427734,700000,700000,414
1246,pose,1.115511178970337,100.0,0.00023157887335401028,0.02315788733540103,250.0,0.001115583349019289,0.27889583725482225,1.0,0.0009803918655961752,0.0009803918655961752,60.0,0.002769840881228447,0.16619045287370682,0.0,0.0,0.0,800.0,0.0006628092378377914,0.5302473902702332,0.001,116.0393295288086,0.11603932952880859,700000,700000,446
1247,pose,1.1160926818847656,100.0,0.00023324074572883546,0.023324074572883546,250.0,0.0011155533138662577,0.2788883284665644,1.0,0.0009793635690584779,0.0009793635690584779,60.0,0.0028320467099547386,0.16992280259728432,0.0,0.0,0.0,800.0,0.0006619495106860995,0.5295596085488796,0.001,113.4185562133789,0.11341855621337892,700000,700000,448
1248,pose,1.1102826595306396,100.0,0.00023189335479401052,0.023189335479401052,250.0,0.0011166476178914309,0.2791619044728577,1.0,0.0009811269119381905,0.0009811269119381905,60.0,0.0026819196064025164,0.16091517638415098,0.0,0.0,0.0,800.0,0.0006678607314825058,0.5342885851860046,0.001,111.74650573730469,0.11174650573730469,700000,700000,429
1249,pose,1.1245737075805664,100.0,0.00022694410290569067,0.022694410290569067,250.0,0.0011177284177392721,0.27943210443481803,1.0,0.0009864262538030744,0.0009864262538030744,60.0,0.0027758730575442314,0.16655238345265388,0.0,0.0,0.0,800.0,0.0006789352046325803,0.5431481637060642,0.001,111.7601547241211,0.1117601547241211,700000,700000,415
1250,pose,1.1204437017440796,100.0,0.00022300556884147227,0.022300556884147227,250.0,0.0011177798733115196,0.2794449683278799,1.0,0.0009877535048872232,0.0009877535048872232,60.0,0.0026487093418836594,0.15892256051301956,0.0,0.0,0.0,800.0,0.0006838022381998599,0.5470417905598879,0.001,111.74604797363281,0.11174604797363281,700000,700000,395
1251,pose,1.1185450553894043,100.0,0.00022137287305667996,0.022137287305667996,250.0,0.0011177269043400884,0.2794317260850221,1.0,0.0009853948140516877,0.0009853948140516877,60.0,0.0026349895633757114,0.1580993738025427,0.0,0.0,0.0,800.0,0.0006827239994890988,0.546179199591279,0.001,111.71215057373047,0.11171215057373048,700000,700000,427
1252,pose,1.106113314628601,100.0,0.00022433265985455364,0.022433265985455364,250.0,0.0011161169968545437,0.2790292492136359,1.0,0.000982156372629106,0.000982156372629106,60.0,0.0025444712955504656,0.15266827773302794,0.0,0.0,0.0,800.0,0.0006745182909071445,0.5396146327257156,0.001,111.38565063476562,0.11138565063476563,700000,700000,420
1253,pose,1.1125900745391846,100.0,0.00022668804740533233,0.022668804740533233,250.0,0.001114921527914703,0.2787303819786757,1.0,0.0009783358545973897,0.0009783358545973897,60.0,0.0027405950240790844,0.16443570144474506,0.0,0.0,0.0,800.0,0.0006650080322287977,0.5320064257830381,0.001,113.77035522460938,0.11377035522460938,700000,700000,440
1254,pose,1.1227632761001587,100.0,0.00022652337793260813,0.022652337793260813,250.0,0.0011144212912768126,0.27860532281920314,1.0,0.0009780422551557422,0.0009780422551557422,60.0,0.0029216313268989325,0.17529787961393595,0.0,0.0,0.0,800.0,0.000661985541228205,0.529588432982564,0.001,115.64118957519531,0.11564118957519531,700000,700000,443
1255,pose,1.116132140159607,100.0,0.00022409623488783836,0.022409623488783836,250.0,0.0011143756564706564,0.2785939141176641,1.0,0.0009811269119381905,0.0009811269119381905,60.0,0.0027528235223144293,0.16516941133886576,0.0,0.0,0.0,800.0,0.0006650336435995996,0.5320269148796797,0.001,116.951171875,0.116951171875,700000,700000,451
1256,pose,1.1187297105789185,100.0,0.00022017702576704323,0.022017702576704323,250.0,0.0011146350298076868,0.2786587574519217,1.0,0.000986721133813262,0.000986721133813262,60.0,0.0027109163347631693,0.16265498008579016,0.0,0.0,0.0,800.0,0.000673564849421382,0.5388518795371056,0.001,115.55972290039062,0.11555972290039063,700000,700000,411
1257,pose,1.1326361894607544,100.0,0.00021650726557709277,0.021650726557709277,250.0,0.001116258674301207,0.27906466857530177,1.0,0.0009915920672938228,0.0009915920672938228,60.0,0.0028111888095736504,0.16867132857441902,0.0,0.0,0.0,800.0,0.0006877736886963248,0.5502189509570599,0.001,112.03897094726562,0.11203897094726563,700000,700000,374
1258,pose,1.1396760940551758,100.0,0.00021522855968214571,0.02152285596821457,250.0,0.0011196889681741595,0.2799222420435399,1.0,0.0009921833407133818,0.0009921833407133818,60.0,0.002749375067651272,0.1649625040590763,0.0,0.0,0.0,800.0,0.0007003109785728157,0.5602487828582525,0.001,112.02751922607422,0.11202751922607422,700000,700000,396
1259,pose,1.1392043828964233,100.0,0.00021787561126984656,0.021787561126984656,250.0,0.0011229782830923796,0.2807445707730949,1.0,0.0009890813380479813,0.0009890813380479813,60.0,0.002660316415131092,0.15961898490786552,0.0,0.0,0.0,800.0,0.0007049462292343378,0.5639569833874702,0.001,112.10711669921875,0.11210711669921876,700000,700000,401
1260,pose,1.133331537246704,100.0,0.00022290492779575288,0.02229049277957529,250.0,0.001125436625443399,0.28135915636084974,1.0,0.000983038917183876,0.000983038917183876,60.0,0.0025896483566612005,0.15537890139967203,0.0,0.0,0.0,800.0,0.0007015058654360473,0.5612046923488379,0.001,112.115234375,0.112115234375,700000,700000,421
1261,pose,1.1212224960327148,100.0,0.0002290964766871184,0.02290964766871184,250.0,0.0011264807544648647,0.2816201886162162,1.0,0.0009746692376211286,0.0009746692376211286,60.0,0.0025157255586236715,0.1509435335174203,0.0,0.0,0.0,800.0,0.0006908533396199346,0.5526826716959476,0.001,112.09175109863281,0.11209175109863281,700000,700000,432
1262,pose,1.1277120113372803,100.0,0.00023237659479491413,0.023237659479491413,250.0,0.0011269793612882495,0.2817448403220624,1.0,0.0009713021572679281,0.0009713021572679281,60.0,0.002713598310947418,0.1628158986568451,0.0,0.0,0.0,800.0,0.0006839747074991465,0.5471797659993172,0.001,111.76248168945312,0.11176248168945313,700000,700000,435
1263,pose,1.1249477863311768,100.0,0.00023202695592772216,0.023202695592772216,250.0,0.001126889488659799,0.2817223721649498,1.0,0.0009726189891807735,0.0009726189891807735,60.0,0.002712898887693882,0.16277393326163292,0.0,0.0,0.0,800.0,0.0006801460403949022,0.5441168323159218,0.001,112.15922546386719,0.1121592254638672,700000,700000,442
1264,pose,1.1200143098831177,100.0,0.00022902831551618874,0.022902831551618874,250.0,0.0011269190581515431,0.2817297645378858,1.0,0.000977455172687769,0.000977455172687769,60.0,0.002560046501457691,0.15360279008746147,0.0,0.0,0.0,800.0,0.0006812753854319453,0.5450203083455563,0.001,115.7811508178711,0.11578115081787109,700000,700000,424
1265,pose,1.1203899383544922,100.0,0.00022439104213844985,0.022439104213844985,250.0,0.001125896000303328,0.281474000075832,1.0,0.000982450321316719,0.000982450321316719,60.0,0.0025705737061798573,0.15423442237079144,0.0,0.0,0.0,800.0,0.0006829730118624866,0.5463784094899893,0.001,114.88152313232422,0.11488152313232422,700000,700000,428
1266,pose,1.124407410621643,100.0,0.00021899885905440897,0.021899885905440897,250.0,0.0011236892314627767,0.28092230786569417,1.0,0.0009902624879032373,0.0009902624879032373,60.0,0.0026355115696787834,0.158130694180727,0.0,0.0,0.0,800.0,0.0006875467952340841,0.5500374361872673,0.001,112.42682647705078,0.11242682647705078,700000,700000,381
1267,pose,1.1268503665924072,100.0,0.00021602421475108713,0.021602421475108713,250.0,0.0011215291451662779,0.28038228629156947,1.0,0.0009939582087099552,0.0009939582087099552,60.0,0.002707156352698803,0.16242938116192818,0.0,0.0,0.0,800.0,0.0006867942283861339,0.5494353827089071,0.001,112.00688171386719,0.11200688171386719,700000,700000,379
1268,pose,1.1117762327194214,100.0,0.00021753761393483728,0.021753761393483728,250.0,0.0011207305360585451,0.2801826340146363,1.0,0.0009932186221703887,0.0009932186221703887,60.0,0.0025338158011436462,0.15202894806861877,0.0,0.0,0.0,800.0,0.0006811604835093021,0.5449283868074417,0.001,111.88932800292969,0.1118893280029297,700000,700000,400
1269,pose,1.1116740703582764,100.0,0.0002225210191681981,0.02225210191681981,250.0,0.001120764878578484,0.280191219644621,1.0,0.0009890813380479813,0.0009890813380479813,60.0,0.002668659668415785,0.1601195801049471,0.0,0.0,0.0,800.0,0.0006703177932649851,0.5362542346119881,0.001,111.86781311035156,0.11186781311035157,700000,700000,436
1270,pose,1.1048319339752197,100.0,0.0002284014190081507,0.02284014190081507,250.0,0.0011216559214517474,0.28041398036293685,1.0,0.0009855421958491206,0.0009855421958491206,60.0,0.002598871709778905,0.1559323025867343,0.0,0.0,0.0,800.0,0.0006655800389125943,0.5324640311300755,0.001,112.19591522216797,0.11219591522216797,700000,700000,448
1271,pose,1.1218632459640503,100.0,0.00023045483976602554,0.023045483976602554,250.0,0.0011236100690439343,0.2809025172609836,1.0,0.0009855421958491206,0.0009855421958491206,60.0,0.0028278883546590805,0.16967330127954483,0.0,0.0,0.0,800.0,0.000668613996822387,0.5348911974579096,0.001,112.36520385742188,0.11236520385742188,700000,700000,442
1272,pose,1.128720998764038,100.0,0.00022956839529797435,0.022956839529797435,250.0,0.0011261255713179708,0.2815313928294927,1.0,0.0009881958831101656,0.0009881958831101656,60.0,0.0027944501489400864,0.16766700893640518,0.0,0.0,0.0,800.0,0.0006777499802410603,0.5421999841928482,0.001,113.37751770019531,0.11337751770019532,700000,700000,401
1273,pose,1.1235722303390503,100.0,0.00022783885651733726,0.022783885651733726,250.0,0.0011281255865469575,0.2820313966367394,1.0,0.0009884909959509969,0.0009884909959509969,60.0,0.002596605336293578,0.1557963201776147,0.0,0.0,0.0,800.0,0.0006864338647574186,0.5491470918059349,0.001,112.82501220703125,0.11282501220703126,700000,700000,413
1274,pose,1.1269885301589966,100.0,0.00022705597802996635,0.022705597802996635,250.0,0.0011289314134046435,0.2822328533511609,1.0,0.0009864262538030744,0.0009864262538030744,60.0,0.0026034668553620577,0.15620801132172346,0.0,0.0,0.0,800.0,0.0006904940819367766,0.5523952655494213,0.001,112.46038818359375,0.11246038818359375,700000,700000,439
1275,pose,1.1201437711715698,100.0,0.00022795940458308905,0.022795940458308905,250.0,0.0011278672609478235,0.2819668152369559,1.0,0.0009840693091973662,0.0009840693091973662,60.0,0.002533947117626667,0.15203682705760002,0.0,0.0,0.0,800.0,0.0006875632097944617,0.5500505678355694,0.001,112.30961608886719,0.11230961608886719,700000,700000,456
1276,pose,1.1217472553253174,100.0,0.00023015416809357703,0.023015416809357703,250.0,0.0011248844675719738,0.28122111689299345,1.0,0.000983038917183876,0.000983038917183876,60.0,0.00268437247723341,0.1610623486340046,0.0,0.0,0.0,800.0,0.0006789494073018432,0.5431595258414745,0.001,112.30591583251953,0.11230591583251953,700000,700000,438
1277,pose,1.1130356788635254,100.0,0.00023017571948003024,0.023017571948003024,250.0,0.0011222237953916192,0.2805559488479048,1.0,0.0009853948140516877,0.0009853948140516877,60.0,0.0025907978415489197,0.15544787049293518,0.0,0.0,0.0,800.0,0.0006753752240911126,0.5403001792728901,0.001,112.72871398925781,0.11272871398925781,700000,700000,411
1278,pose,1.1155362129211426,100.0,0.00022700474073644727,0.022700474073644727,250.0,0.001119169290177524,0.279792322544381,1.0,0.0009868685156106949,0.0009868685156106949,60.0,0.002687775529921055,0.1612665317952633,0.0,0.0,0.0,800.0,0.0006716339848935604,0.5373071879148483,0.001,113.48281860351562,0.11348281860351563,700000,700000,436
1279,pose,1.1160709857940674,100.0,0.00022220084792934358,0.022220084792934358,250.0,0.0011179357534274459,0.27948393835686147,1.0,0.0009918876457959414,0.0009918876457959414,60.0,0.0026676999405026436,0.16006199643015862,0.0,0.0,0.0,800.0,0.0006744485581293702,0.5395588465034962,0.001,113.75422668457031,0.11375422668457032,700000,700000,407
1280,pose,1.1231889724731445,100.0,0.00021904543973505497,0.021904543973505497,250.0,0.001118339947424829,0.27958498685620725,1.0,0.0009935142006725073,0.0009935142006725073,60.0,0.002790706930682063,0.1674424158409238,0.0,0.0,0.0,800.0,0.0006754596251994371,0.5403677001595497,0.001,112.89569854736328,0.11289569854736328,700000,700000,411
1281,pose,1.1113425493240356,100.0,0.00021787863806821406,0.021787863806821406,250.0,0.0011216511484235525,0.28041278710588813,1.0,0.0009926269995048642,0.0009926269995048642,60.0,0.002552785212174058,0.15316711273044348,0.0,0.0,0.0,800.0,0.0006779127288609743,0.5423301830887794,0.001,112.65196228027344,0.11265196228027344,700000,700000,421
1282,pose,1.114376187324524,100.0,0.0002190758823417127,0.02190758823417127,250.0,0.0011239389423280954,0.28098473558202386,1.0,0.0009881958831101656,0.0009881958831101656,60.0,0.0026244085747748613,0.15746451448649168,0.0,0.0,0.0,800.0,0.0006757024093531072,0.5405619274824858,0.001,112.46928405761719,0.11246928405761719,700000,700000,451
1283,pose,1.1177053451538086,100.0,0.00022187913418747485,0.022187913418747485,250.0,0.001125349779613316,0.281337444903329,1.0,0.0009851001668721437,0.0009851001668721437,60.0,0.0026790809351950884,0.1607448561117053,0.0,0.0,0.0,800.0,0.000675206771120429,0.5401654168963432,0.001,112.28466033935547,0.11228466033935547,700000,700000,450
1284,pose,1.111022710800171,100.0,0.00022782920859754086,0.022782920859754086,250.0,0.001125495182350278,0.2813737955875695,1.0,0.0009827446192502975,0.0009827446192502975,60.0,0.0025687948800623417,0.1541276928037405,0.0,0.0,0.0,800.0,0.0006744306301698089,0.5395445041358471,0.001,112.21106719970703,0.11221106719970704,700000,700000,440
1285,pose,1.1142808198928833,100.0,0.00023115560179576278,0.023115560179576278,250.0,0.0011254021665081382,0.28135054162703454,1.0,0.0009843636071309447,0.0009843636071309447,60.0,0.002563366200774908,0.15380197204649448,0.0,0.0,0.0,800.0,0.0006784808356314898,0.5427846685051918,0.001,112.24360656738281,0.11224360656738282,700000,700000,423
1286,pose,1.1276606321334839,100.0,0.00023171484644990414,0.023171484644990414,250.0,0.0011263331398367882,0.28158328495919704,1.0,0.0009890813380479813,0.0009890813380479813,60.0,0.0026690461672842503,0.16014277003705502,0.0,0.0,0.0,800.0,0.0006856289110146463,0.548503128811717,0.001,113.2708740234375,0.1132708740234375,700000,700000,381
1287,pose,1.124276041984558,100.0,0.0002323287772014737,0.02323287772014737,250.0,0.0011265375651419163,0.28163439128547907,1.0,0.000990114756859839,0.000990114756859839,60.0,0.0025514496956020594,0.15308698173612356,0.0,0.0,0.0,800.0,0.0006885110633447766,0.5508088506758213,0.001,114.52285766601562,0.11452285766601562,700000,700000,414
1288,pose,1.119537591934204,100.0,0.00023328627867158502,0.023328627867158502,250.0,0.0011251328978687525,0.2812832244671881,1.0,0.0009881958831101656,0.0009881958831101656,60.0,0.0025091778952628374,0.15055067371577024,0.0,0.0,0.0,800.0,0.000686739687807858,0.5493917502462864,0.001,113.99501037597656,0.11399501037597656,700000,700000,425
1289,pose,1.124495029449463,100.0,0.00023472693283110857,0.023472693283110857,250.0,0.0011219081934541464,0.2804770483635366,1.0,0.000986721133813262,0.000986721133813262,60.0,0.0027296142652630806,0.16377685591578484,0.0,0.0,0.0,800.0,0.0006790608167648315,0.5432486534118652,0.001,112.53304290771484,0.11253304290771485,700000,700000,438
1290,pose,1.1204997301101685,100.0,0.000233421495067887,0.0233421495067887,250.0,0.001119375927373767,0.2798439818434417,1.0,0.0009881958831101656,0.0009881958831101656,60.0,0.002705696737393737,0.1623418042436242,0.0,0.0,0.0,800.0,0.0006774240173399448,0.5419392138719559,0.001,112.04441833496094,0.11204441833496094,700000,700000,440
1291,pose,1.1131693124771118,100.0,0.00023055498604662716,0.023055498604662716,250.0,0.001116743078455329,0.27918576961383224,1.0,0.0009918876457959414,0.0009918876457959414,60.0,0.002596415812149644,0.15578494872897863,0.0,0.0,0.0,800.0,0.0006778243114240468,0.5422594491392374,0.001,111.8917236328125,0.11189172363281251,700000,700000,445
1292,pose,1.121724247932434,100.0,0.00022814777912572026,0.022814777912572026,250.0,0.0011145821772515774,0.27864554431289434,1.0,0.0009973642881959677,0.0009973642881959677,60.0,0.0027487429324537516,0.1649245759472251,0.0,0.0,0.0,800.0,0.0006779211107641459,0.5423368886113167,0.001,112.00513458251953,0.11200513458251954,700000,700000,395
1293,pose,1.1299256086349487,100.0,0.000229274679441005,0.0229274679441005,250.0,0.0011150201316922903,0.2787550329230726,1.0,0.0009982538176700473,0.0009982538176700473,60.0,0.002901814179494977,0.17410885076969862,0.0,0.0,0.0,800.0,0.0006759397219866514,0.5407517775893211,0.001,112.38423156738281,0.11238423156738281,700000,700000,405
1294,pose,1.1358472108840942,100.0,0.00022815843112766743,0.022815843112766743,250.0,0.0011192645179107785,0.27981612947769463,1.0,0.0009995887521654367,0.0009995887521654367,60.0,0.0029133735224604607,0.17480241134762764,0.0,0.0,0.0,800.0,0.0006817698013037443,0.5454158410429955,0.001,111.99745178222656,0.11199745178222656,700000,700000,387
1295,pose,1.1200271844863892,100.0,0.00022717798128724098,0.022717798128724098,250.0,0.0011245496571063995,0.2811374142765999,1.0,0.000997957307845354,0.000997957307845354,60.0,0.002567211864516139,0.15403271187096834,0.0,0.0,0.0,800.0,0.000686133571434766,0.5489068571478128,0.001,112.23443603515625,0.11223443603515625,700000,700000,405
1296,pose,1.1186314821243286,100.0,0.00022862505284138024,0.022862505284138024,250.0,0.0011275464203208685,0.2818866050802171,1.0,0.000994994305074215,0.000994994305074215,60.0,0.0025828892830759287,0.15497335698455572,0.0,0.0,0.0,800.0,0.0006815128726884723,0.5452102981507778,0.001,112.70368194580078,0.11270368194580078,700000,700000,425
1297,pose,1.118822455406189,100.0,0.0002288922987645492,0.02288922987645492,250.0,0.0011291069677099586,0.28227674192748964,1.0,0.0009969198144972324,0.0009969198144972324,60.0,0.0025887552183121443,0.15532531309872866,0.0,0.0,0.0,800.0,0.0006800142582505941,0.5440114066004753,0.001,113.3228759765625,0.1133228759765625,700000,700000,432
1298,pose,1.1141570806503296,100.0,0.00022965417883824557,0.022965417883824557,250.0,0.0011266529327258468,0.2816632331814617,1.0,0.0009986988734453917,0.0009986988734453917,60.0,0.0026125109288841486,0.15675065573304892,0.0,0.0,0.0,800.0,0.0006750106113031507,0.5400084890425205,0.001,111.77053833007812,0.11177053833007813,700000,700000,434
1299,pose,1.1130937337875366,100.0,0.00022884708596393466,0.022884708596393466,250.0,0.0011253537377342582,0.28133843443356454,1.0,0.0010016672313213348,0.0010016672313213348,60.0,0.0025859717279672623,0.15515830367803574,0.0,0.0,0.0,800.0,0.0006756349466741085,0.5405079573392868,0.001,112.20258331298828,0.11220258331298828,700000,700000,438
1300,pose,1.1190706491470337,100.0,0.00022862116748001426,0.022862116748001426,250.0,0.001124153845012188,0.281038461253047,1.0,0.001004491583444178,0.001004491583444178,60.0,0.002644800813868642,0.1586880488321185,0.0,0.0,0.0,800.0,0.0006789901526644826,0.5431921221315861,0.001,112.28540802001953,0.11228540802001953,700000,700000,417
1301,pose,1.118532419204712,100.0,0.00023068493464961648,0.023068493464961648,250.0,0.0011225222842767835,0.28063057106919587,1.0,0.0010034504812210798,0.0010034504812210798,60.0,0.002645639004185796,0.15873834025114775,0.0,0.0,0.0,800.0,0.0006768726743757725,0.541498139500618,0.001,113.59346008300781,0.11359346008300782,700000,700000,416
1302,pose,1.1199398040771484,100.0,0.00023534352658316493,0.023534352658316493,250.0,0.001119208987802267,0.27980224695056677,1.0,0.0009992920095100999,0.0009992920095100999,60.0,0.002743871184065938,0.16463227104395628,0.0,0.0,0.0,800.0,0.0006731661269441247,0.5385329015552998,0.001,112.43868255615234,0.11243868255615234,700000,700000,435
1303,pose,1.1150535345077515,100.0,0.00023712361871730536,0.023712361871730536,250.0,0.001115473103709519,0.2788682759273797,1.0,0.0009992920095100999,0.0009992920095100999,60.0,0.002691004192456603,0.16146025154739618,0.0,0.0,0.0,800.0,0.0006725796265527606,0.5380637012422085,0.001,111.94955444335938,0.11194955444335938,700000,700000,427
1304,pose,1.1143841743469238,100.0,0.0002337898185942322,0.02337898185942322,250.0,0.0011121887946501374,0.27804719866253436,1.0,0.0010034504812210798,0.0010034504812210798,60.0,0.0026461209636181593,0.15876725781708956,0.0,0.0,0.0,800.0,0.0006766934529878199,0.5413547623902559,0.001,111.83255004882812,0.11183255004882812,700000,700000,419
1305,pose,1.1198447942733765,100.0,0.00023216422414407134,0.023216422414407134,250.0,0.0011103154392912984,0.2775788598228246,1.0,0.0010034504812210798,0.0010034504812210798,60.0,0.0027317001949995756,0.16390201169997454,0.0,0.0,0.0,800.0,0.0006778399692848325,0.542271975427866,0.001,111.87208557128906,0.11187208557128907,700000,700000,422
1306,pose,1.1170973777770996,100.0,0.00023053374025039375,0.023053374025039375,250.0,0.0011109609622508287,0.2777402405627072,1.0,0.0010034504812210798,0.0010034504812210798,60.0,0.002634389791637659,0.15806338749825954,0.0,0.0,0.0,800.0,0.0006811704952269793,0.5449363961815834,0.001,112.30045318603516,0.11230045318603515,700000,700000,417
1307,pose,1.1147395372390747,100.0,0.00022976438049227,0.022976438049227,250.0,0.001111661666072905,0.27791541651822627,1.0,0.000999737181700766,0.000999737181700766,60.0,0.0026129416655749083,0.1567764999344945,0.0,0.0,0.0,800.0,0.0006798867834731936,0.5439094267785549,0.001,112.16194152832031,0.11216194152832032,700000,700000,437
1308,pose,1.1120808124542236,100.0,0.00023103240528143942,0.023103240528143942,250.0,0.0011122396681457758,0.27805991703644395,1.0,0.0009955863934010267,0.0009955863934010267,60.0,0.002639226382598281,0.15835358295589685,0.0,0.0,0.0,800.0,0.0006744745187461376,0.5395796149969101,0.001,111.98876953125,0.11198876953125,700000,700000,454
1309,pose,1.114319920539856,100.0,0.000231030338909477,0.0231030338909477,250.0,0.0011125896126031876,0.2781474031507969,1.0,0.0009942541364580393,0.0009942541364580393,60.0,0.002693796530365944,0.16162779182195663,0.0,0.0,0.0,800.0,0.0006729784072376788,0.538382725790143,0.001,112.06475830078125,0.11206475830078125,700000,700000,438
1310,pose,1.1147818565368652,100.0,0.00022988044656813145,0.022988044656813145,250.0,0.0011131028877571225,0.27827572193928063,1.0,0.0009942541364580393,0.0009942541364580393,60.0,0.0026519757229834795,0.15911854337900877,0.0,0.0,0.0,800.0,0.0006767249433323741,0.5413799546658993,0.001,112.02525329589844,0.11202525329589844,700000,700000,427
1311,pose,1.1230388879776,100.0,0.00022971768339630216,0.022971768339630216,250.0,0.0011132002109661698,0.27830005274154246,1.0,0.0009915920672938228,0.0009915920672938228,60.0,0.0027729389257729053,0.16637633554637432,0.0,0.0,0.0,800.0,0.0006778913084417582,0.5423130467534065,0.001,112.08616638183594,0.11208616638183594,700000,700000,410
1312,pose,1.1118067502975464,100.0,0.00022641971008852124,0.022641971008852124,250.0,0.0011144711170345545,0.2786177792586386,1.0,0.0009921833407133818,0.0009921833407133818,60.0,0.002522323513403535,0.1513394108042121,0.0,0.0,0.0,800.0,0.0006827454781159759,0.5461963824927807,0.001,112.01902770996094,0.11201902770996094,700000,700000,422
1313,pose,1.1122139692306519,100.0,0.00022542060469277203,0.022542060469277203,250.0,0.001113986480049789,0.27849662001244724,1.0,0.0009908534120768309,0.0009908534120768309,60.0,0.0025575165636837482,0.1534509938210249,0.0,0.0,0.0,800.0,0.0006809478509239852,0.5447582807391882,0.001,111.9752197265625,0.1119752197265625,700000,700000,427
1314,pose,1.113946795463562,100.0,0.00022287832689471543,0.022287832689471543,250.0,0.0011123758740723133,0.2780939685180783,1.0,0.0009935142006725073,0.0009935142006725073,60.0,0.00257328012958169,0.1543968077749014,0.0,0.0,0.0,800.0,0.0006826866883784533,0.5461493507027626,0.001,112.02523803710938,0.11202523803710938,700000,700000,433
1315,pose,1.1146067380905151,100.0,0.00022329253260977566,0.022329253260977566,250.0,0.0011107964674010873,0.2776991168502718,1.0,0.000999737181700766,0.000999737181700766,60.0,0.0025490690022706985,0.1529441401362419,0.0,0.0,0.0,800.0,0.0006850284989923239,0.5480227991938591,0.001,112.61166381835938,0.11261166381835938,700000,700000,410
1316,pose,1.119712233543396,100.0,0.00022833290859125555,0.022833290859125555,250.0,0.001109605305828154,0.2774013264570385,1.0,0.0010013701394200325,0.0010013701394200325,60.0,0.0026599366683512926,0.15959620010107756,0.0,0.0,0.0,800.0,0.0006832911167293787,0.546632893383503,0.001,112.24706268310547,0.11224706268310547,700000,700000,410
1317,pose,1.1162350177764893,100.0,0.00023295232676900923,0.023295232676900923,250.0,0.0011095915688201785,0.2773978922050446,1.0,0.0009995887521654367,0.0009995887521654367,60.0,0.002630674745887518,0.15784048475325108,0.0,0.0,0.0,800.0,0.0006803330034017563,0.544266402721405,0.001,112.43536376953125,0.11243536376953125,700000,700000,407
1318,pose,1.1250849962234497,100.0,0.00023542465351056308,0.023542465351056308,250.0,0.0011112367501482368,0.2778091875370592,1.0,0.0009945501806214452,0.0009945501806214452,60.0,0.0027542919851839542,0.16525751911103725,0.0,0.0,0.0,800.0,0.0006800756091251969,0.5440604873001575,0.001,113.42086791992188,0.11342086791992188,700000,700000,416
1319,pose,1.1114609241485596,100.0,0.00023226049961522222,0.02322604996152222,250.0,0.001112789730541408,0.278197432635352,1.0,0.0009929228108376265,0.0009929228108376265,60.0,0.0024552817922085524,0.14731690753251314,0.0,0.0,0.0,800.0,0.0006852704100310802,0.5482163280248642,0.001,113.51123046875,0.11351123046875,700000,700000,437
1320,pose,1.1205986738204956,100.0,0.00022860120225232095,0.022860120225232095,250.0,0.0011138289701193571,0.2784572425298393,1.0,0.0009942541364580393,0.0009942541364580393,60.0,0.0025828126817941666,0.15496876090765,0.0,0.0,0.0,800.0,0.0006884534377604723,0.5507627502083778,0.001,112.55545043945312,0.11255545043945313,700000,700000,432
1321,pose,1.1264183521270752,100.0,0.00022684904979541898,0.022684904979541898,250.0,0.0011148304911330342,0.27870762278325856,1.0,0.0009982538176700473,0.0009982538176700473,60.0,0.0026984135620296,0.161904813721776,0.0,0.0,0.0,800.0,0.0006870501092635095,0.5496400874108076,0.001,112.48263549804688,0.11248263549804688,700000,700000,415
1322,pose,1.11994206905365,100.0,0.00022769818315282464,0.022769818315282464,250.0,0.0011166566982865334,0.27916417457163334,1.0,0.0010018158936873078,0.0010018158936873078,60.0,0.0026383569929748774,0.15830141957849264,0.0,0.0,0.0,800.0,0.0006824961164966226,0.545996893197298,0.001,112.70796203613281,0.11270796203613281,700000,700000,430
1323,pose,1.1161127090454102,100.0,0.00022956114844419062,0.022956114844419062,250.0,0.001117819920182228,0.279454980045557,1.0,0.0010007764212787151,0.0010007764212787151,60.0,0.0026799619663506746,0.16079771798104048,0.0,0.0,0.0,800.0,0.0006743615958839655,0.5394892767071724,0.001,112.41387939453125,0.11241387939453125,700000,700000,461
1324,pose,1.1145528554916382,100.0,0.00022949097910895944,0.022949097910895944,250.0,0.001118903630413115,0.27972590760327876,1.0,0.0010027074022218585,0.0010027074022218585,60.0,0.00268959510140121,0.1613757060840726,0.0,0.0,0.0,800.0,0.0006714108167216182,0.5371286533772945,0.001,112.37080383300781,0.11237080383300782,700000,700000,440
1325,pose,1.1200931072235107,100.0,0.000228841818170622,0.0228841818170622,250.0,0.001118238316848874,0.2795595792122185,1.0,0.0010013701394200325,0.0010013701394200325,60.0,0.002821923466399312,0.16931540798395872,0.0,0.0,0.0,800.0,0.0006694098701700568,0.5355278961360455,0.001,111.8047103881836,0.1118047103881836,700000,700000,447
1326,pose,1.1190917491912842,100.0,0.0002266164228785783,0.02266164228785783,250.0,0.0011178322602063417,0.27945806505158544,1.0,0.0010037479223683476,0.0010037479223683476,60.0,0.0027660056948661804,0.16596034169197083,0.0,0.0,0.0,800.0,0.0006730216555297375,0.53841732442379,0.001,111.59059143066406,0.11159059143066406,700000,700000,425
1327,pose,1.119085431098938,100.0,0.00022547674598172307,0.022547674598172307,250.0,0.0011176790576428175,0.2794197644107044,1.0,0.0010040453635156155,0.0010040453635156155,60.0,0.002742163138464093,0.1645297883078456,0.0,0.0,0.0,800.0,0.0006745230057276785,0.5396184045821428,0.001,111.96578979492188,0.11196578979492187,700000,700000,425
1328,pose,1.1270921230316162,100.0,0.00022283643193077296,0.022283643193077296,250.0,0.0011181406443938613,0.2795351610984653,1.0,0.0010079157073050737,0.0010079157073050737,60.0,0.0027901683934032917,0.1674101036041975,0.0,0.0,0.0,800.0,0.0006799594848416746,0.5439675878733397,0.001,112.88758850097656,0.11288758850097656,700000,700000,389
1329,pose,1.1185044050216675,100.0,0.00022129910939838737,0.022129910939838737,250.0,0.001119113527238369,0.27977838180959225,1.0,0.0010105993133038282,0.0010105993133038282,60.0,0.002614780096337199,0.15688680578023195,0.0,0.0,0.0,800.0,0.0006817778921686113,0.545422313734889,0.001,113.27633666992188,0.11327633666992187,700000,700000,397
1330,pose,1.1156401634216309,100.0,0.00022295195958577096,0.022295195958577096,250.0,0.0011202016612514853,0.28005041531287134,1.0,0.0010095553006976843,0.0010095553006976843,60.0,0.00259316130541265,0.155589678324759,0.0,0.0,0.0,800.0,0.0006796341622248292,0.5437073297798634,0.001,112.98802947998047,0.11298802947998048,700000,700000,419
1331,pose,1.1162080764770508,100.0,0.00022986815019976348,0.022986815019976348,250.0,0.0011211300734430552,0.2802825183607638,1.0,0.00100642628967762,0.00100642628967762,60.0,0.0027153445407748222,0.16292067244648933,0.0,0.0,0.0,800.0,0.0006711212918162346,0.5368970334529877,0.001,112.11466979980469,0.1121146697998047,700000,700000,446
1332,pose,1.1080467700958252,100.0,0.0002353227318963036,0.02353227318963036,250.0,0.0011219399748370051,0.2804849937092513,1.0,0.0010055330349132419,0.0010055330349132419,60.0,0.0026141891721636057,0.15685135032981634,0.0,0.0,0.0,800.0,0.0006677098572254181,0.5341678857803345,0.001,112.0047836303711,0.1120047836303711,700000,700000,449
1333,pose,1.1087656021118164,100.0,0.00023807885008864105,0.023807885008864105,250.0,0.0011214257683604956,0.2803564420901239,1.0,0.0010074686724692583,0.0010074686724692583,60.0,0.0026213463861495256,0.15728078316897154,0.0,0.0,0.0,800.0,0.0006681870436295867,0.5345496349036694,0.001,111.76335906982422,0.11176335906982422,700000,700000,446
1334,pose,1.1263982057571411,100.0,0.00023636312107555568,0.023636312107555568,250.0,0.0011201753513887525,0.2800438378471881,1.0,0.0010111962910741568,0.0010111962910741568,60.0,0.002887674840167165,0.1732604904100299,0.0,0.0,0.0,800.0,0.0006702740211039782,0.5362192168831825,0.001,112.22705078125,0.11222705078125,700000,700000,415
1335,pose,1.1139451265335083,100.0,0.00023320590844377875,0.023320590844377875,250.0,0.0011194318067282438,0.27985795168206096,1.0,0.0010108978021889925,0.0010108978021889925,60.0,0.0026055180933326483,0.1563310855999589,0.0,0.0,0.0,800.0,0.0006739743985235691,0.5391795188188553,0.001,114.24503326416016,0.11424503326416016,700000,700000,417
1336,pose,1.1174018383026123,100.0,0.00022953782172407955,0.022953782172407955,250.0,0.0011163103627040982,0.27907759067602456,1.0,0.0010092570446431637,0.0010092570446431637,60.0,0.0026520229876041412,0.15912137925624847,0.0,0.0,0.0,800.0,0.000678754411637783,0.5430035293102264,0.001,112.23623657226562,0.11223623657226563,700000,700000,409
1337,pose,1.1149765253067017,100.0,0.00022746689501218498,0.022746689501218498,250.0,0.001113781239837408,0.278445309959352,1.0,0.001004788908176124,0.001004788908176124,60.0,0.0026307350490242243,0.15784410294145346,0.0,0.0,0.0,800.0,0.0006789261242374778,0.5431408993899822,0.001,111.79483795166016,0.11179483795166016,700000,700000,411
1338,pose,1.1253570318222046,100.0,0.0002282146451761946,0.02282146451761946,250.0,0.0011130711063742638,0.27826777659356594,1.0,0.001004788908176124,0.001004788908176124,60.0,0.0027971507515758276,0.16782904509454966,0.0,0.0,0.0,800.0,0.0006795041845180094,0.5436033476144075,0.001,111.83053588867188,0.11183053588867188,700000,700000,406
1339,pose,1.1090972423553467,100.0,0.00022904734942130744,0.022904734942130744,250.0,0.0011127160396426916,0.2781790099106729,1.0,0.0010018158936873078,0.0010018158936873078,60.0,0.0025614246260374784,0.1536854775622487,0.0,0.0,0.0,800.0,0.0006765469443053007,0.5412375554442406,0.001,112.08866119384766,0.11208866119384765,700000,700000,424
1340,pose,1.119081735610962,100.0,0.0002313952281838283,0.02313952281838283,250.0,0.001113883568905294,0.2784708922263235,1.0,0.0009995887521654367,0.0009995887521654367,60.0,0.002748717786744237,0.16492306720465422,0.0,0.0,0.0,800.0,0.0006738373776897788,0.539069902151823,0.001,112.478759765625,0.112478759765625,700000,700000,426
1341,pose,1.1145329475402832,100.0,0.00023148451873566955,0.023148451873566955,250.0,0.001116751111112535,0.27918777777813375,1.0,0.0010003308998420835,0.0010003308998420835,60.0,0.0025941277854144573,0.15564766712486744,0.0,0.0,0.0,800.0,0.0006784338620491326,0.5427470896393061,0.001,112.80160522460938,0.11280160522460937,700000,700000,443
1342,pose,1.1230976581573486,100.0,0.00022896617883816361,0.02289661788381636,250.0,0.001118740881793201,0.27968522044830024,1.0,0.0010027074022218585,0.0010027074022218585,60.0,0.0026273175608366728,0.15763905365020037,0.0,0.0,0.0,800.0,0.0006871357327327132,0.5497085861861706,0.001,112.16546630859375,0.11216546630859375,700000,700000,431
1343,pose,1.138717770576477,100.0,0.0002260840847156942,0.02260840847156942,250.0,0.0011202249443158507,0.2800562360789627,1.0,0.001006872858852148,0.001006872858852148,60.0,0.0027659728657454252,0.1659583719447255,0.0,0.0,0.0,800.0,0.0006961588514968753,0.5569270811975002,0.001,112.1607666015625,0.1121607666015625,700000,700000,418
1344,pose,1.1261873245239258,100.0,0.00022612919565290213,0.022612919565290213,250.0,0.0011212050449103117,0.2803012612275779,1.0,0.0010065751848742366,0.0010065751848742366,60.0,0.002532193437218666,0.15193160623311996,0.0,0.0,0.0,800.0,0.0006976446602493525,0.558115728199482,0.001,112.21922302246094,0.11221922302246094,700000,700000,418
1345,pose,1.1237396001815796,100.0,0.00022945574892219156,0.022945574892219156,250.0,0.0011213234392926097,0.2803308598231524,1.0,0.0010034504812210798,0.0010034504812210798,60.0,0.0025696498341858387,0.15417899005115032,0.0,0.0,0.0,800.0,0.000690861081238836,0.5526888649910688,0.001,112.59185791015625,0.11259185791015625,700000,700000,406
1346,pose,1.1246417760849,100.0,0.00023383117513731122,0.023383117513731122,250.0,0.0011216722195968032,0.2804180548992008,1.0,0.0009982538176700473,0.0009982538176700473,60.0,0.0026672726962715387,0.16003636177629232,0.0,0.0,0.0,800.0,0.0006819281843490899,0.5455425474792719,0.001,114.26344299316406,0.11426344299316407,700000,700000,423
1347,pose,1.11614191532135,100.0,0.00023477092327084392,0.023477092327084392,250.0,0.0011214262340217829,0.2803565585054457,1.0,0.000996623421087861,0.000996623421087861,60.0,0.0025992165319621563,0.15595299191772938,0.0,0.0,0.0,800.0,0.0006783388089388609,0.5426710471510887,0.001,112.68757629394531,0.11268757629394531,700000,700000,442
1348,pose,1.0930752754211426,100.0,0.00023241101007442921,0.02324110100744292,250.0,0.0011199875734746456,0.2799968933686614,1.0,0.000994994305074215,0.000994994305074215,60.0,0.002295971382409334,0.13775828294456005,0.0,0.0,0.0,800.0,0.0006744160782545805,0.5395328626036644,0.001,111.55110168457031,0.11155110168457032,700000,700000,436
1349,pose,1.1174702644348145,100.0,0.00022910910774953663,0.022910910774953663,250.0,0.0011184770846739411,0.2796192711684853,1.0,0.0009929228108376265,0.0009929228108376265,60.0,0.0027505008038133383,0.1650300482288003,0.0,0.0,0.0,800.0,0.0006716697243973613,0.537335779517889,0.001,111.58135986328125,0.11158135986328126,700000,700000,464
1350,pose,1.1074309349060059,100.0,0.0002241716138087213,0.02241716138087213,250.0,0.0011171663645654917,0.2792915911413729,1.0,0.0009945501806214452,0.0009945501806214452,60.0,0.0025760282296687365,0.1545616937801242,0.0,0.0,0.0,800.0,0.0006732156034559011,0.5385724827647209,0.001,111.5933837890625,0.1115933837890625,700000,700000,473
1351,pose,1.110862374305725,100.0,0.00021858690888620913,0.021858690888620913,250.0,0.0011163383023813367,0.2790845755953342,1.0,0.0009986988734453917,0.0009986988734453917,60.0,0.0025700160767883062,0.15420096460729837,0.0,0.0,0.0,800.0,0.0006789519684389234,0.5431615747511387,0.001,111.557861328125,0.11155786132812501,700000,700000,452
1352,pose,1.1146522760391235,100.0,0.0002139963035006076,0.02139963035006076,250.0,0.0011161324800923467,0.27903312002308667,1.0,0.0010053841397166252,0.0010053841397166252,60.0,0.0025465437211096287,0.15279262326657772,0.0,0.0,0.0,800.0,0.0006856588879600167,0.5485271103680134,0.001,111.89445495605469,0.11189445495605468,700000,700000,425
1353,pose,1.1157032251358032,100.0,0.00021648468100465834,0.021648468100465834,250.0,0.0011154352687299252,0.2788588171824813,1.0,0.0010092570446431637,0.0010092570446431637,60.0,0.00254085473716259,0.1524512842297554,0.0,0.0,0.0,800.0,0.000683386460877955,0.546709168702364,0.001,115.02626037597656,0.11502626037597656,700000,700000,383
1354,pose,1.123611569404602,100.0,0.00022181122039910406,0.022181122039910406,250.0,0.001114686019718647,0.27867150492966175,1.0,0.0010101519292220473,0.0010101519292220473,60.0,0.002736419904977083,0.164185194298625,0.0,0.0,0.0,800.0,0.0006797932437621057,0.5438345950096846,0.001,113.72898864746094,0.11372898864746094,700000,700000,394
1355,pose,1.118551254272461,100.0,0.0002295785234309733,0.02295785234309733,250.0,0.0011158190900459886,0.27895477251149714,1.0,0.0010077666956931353,0.0010077666956931353,60.0,0.0027271362487226725,0.16362817492336035,0.0,0.0,0.0,800.0,0.0006742498371750116,0.5393998697400093,0.001,112.60285186767578,0.11260285186767578,700000,700000,419
1356,pose,1.1110353469848633,100.0,0.00023486382269766182,0.02348638226976618,250.0,0.0011195519473403692,0.2798879868350923,1.0,0.0010082137305289507,0.0010082137305289507,60.0,0.0025924097280949354,0.15554458368569613,0.0,0.0,0.0,800.0,0.0006745830178260803,0.5396664142608643,0.001,111.44183349609375,0.11144183349609375,700000,700000,428
1357,pose,1.1214089393615723,100.0,0.0002387791610090062,0.02387791610090062,250.0,0.001122947782278061,0.28073694556951523,1.0,0.00100642628967762,0.00100642628967762,60.0,0.002768508391454816,0.16611050348728895,0.0,0.0,0.0,800.0,0.0006726811989210546,0.5381449591368437,0.001,111.5322494506836,0.1115322494506836,700000,700000,431
1358,pose,1.1231614351272583,100.0,0.0002396342169959098,0.02396342169959098,250.0,0.0011248711962252855,0.2812177990563214,1.0,0.0010079157073050737,0.0010079157073050737,60.0,0.0027758667711168528,0.16655200626701117,0.0,0.0,0.0,800.0,0.000673543254379183,0.5388346035033464,0.001,111.58566284179688,0.11158566284179687,700000,700000,445
1359,pose,1.1160211563110352,100.0,0.00023720726312603801,0.0237207263126038,250.0,0.0011263353517279029,0.2815838379319757,1.0,0.0010129880392923951,0.0010129880392923951,60.0,0.0025912548881024122,0.15547529328614473,0.0,0.0,0.0,800.0,0.0006782372947782278,0.5425898358225822,0.001,111.63845825195312,0.11163845825195312,700000,700000,441
1360,pose,1.1144733428955078,100.0,0.0002350789145566523,0.02350789145566523,250.0,0.0011267594527453184,0.2816898631863296,1.0,0.0010137350764125586,0.0010137350764125586,60.0,0.0025806559715420008,0.15483935829252005,0.0,0.0,0.0,800.0,0.0006774520734325051,0.5419616587460041,0.001,111.46095275878906,0.11146095275878906,700000,700000,425
1361,pose,1.1152758598327637,100.0,0.000232853097259067,0.0232853097259067,250.0,0.0011270999675616622,0.28177499189041555,1.0,0.0010105993133038282,0.0010105993133038282,60.0,0.002648098161444068,0.15888588968664408,0.0,0.0,0.0,800.0,0.0006730252061970532,0.5384201649576426,0.001,111.89887237548828,0.11189887237548829,700000,700000,446
1362,pose,1.1100324392318726,100.0,0.00022912908752914518,0.022912908752914518,250.0,0.0011265166103839874,0.28162915259599686,1.0,0.0010105993133038282,0.0010105993133038282,60.0,0.002508317120373249,0.15049902722239494,0.0,0.0,0.0,800.0,0.0006731689791195095,0.5385351832956076,0.001,115.44554901123047,0.11544554901123047,700000,700000,420
1363,pose,1.1178680658340454,100.0,0.0002264652866870165,0.02264652866870165,250.0,0.0011254101991653442,0.28135254979133606,1.0,0.0010085118701681495,0.0010085118701681495,60.0,0.002664888510480523,0.1598933106288314,0.0,0.0,0.0,800.0,0.000674883252941072,0.5399066023528576,0.001,113.060546875,0.113060546875,700000,700000,430
1364,pose,1.120311975479126,100.0,0.00022241553233470768,0.022241553233470768,250.0,0.0011241909814998507,0.2810477453749627,1.0,0.0010101519292220473,0.0010101519292220473,60.0,0.0026495778001844883,0.1589746680110693,0.0,0.0,0.0,800.0,0.0006815568776801229,0.5452455021440983,0.001,111.79226684570312,0.11179226684570313,700000,700000,416
1365,pose,1.1240314245224,100.0,0.0002227634540759027,0.02227634540759027,250.0,0.001123084221035242,0.2807710552588105,1.0,0.001013286761008203,0.001013286761008203,60.0,0.002708722837269306,0.16252337023615837,0.0,0.0,0.0,800.0,0.0006820981507189572,0.5456785205751657,0.001,111.768798828125,0.111768798828125,700000,700000,382
1366,pose,1.1172916889190674,100.0,0.0002246618823846802,0.02246618823846802,250.0,0.00112222321331501,0.2805558033287525,1.0,0.0010140340309590101,0.0010140340309590101,60.0,0.0026668491773307323,0.16001095063984394,0.0,0.0,0.0,800.0,0.0006767360027879477,0.5413888022303581,0.001,111.85596466064453,0.11185596466064453,700000,700000,392
1367,pose,1.1170146465301514,100.0,0.00022679363610222936,0.022679363610222936,250.0,0.0011223885230720043,0.2805971307680011,1.0,0.001011942746117711,0.001011942746117711,60.0,0.002745714969933033,0.16474289819598198,0.0,0.0,0.0,800.0,0.0006688234861940145,0.5350587889552116,0.001,112.9245834350586,0.1129245834350586,700000,700000,412
1368,pose,1.1067742109298706,100.0,0.00022820632148068398,0.022820632148068398,250.0,0.0011243028566241264,0.2810757141560316,1.0,0.001011942746117711,0.001011942746117711,60.0,0.002553636906668544,0.15321821440011263,0.0,0.0,0.0,800.0,0.0006683244719170034,0.5346595775336027,0.001,113.98817443847656,0.11398817443847656,700000,700000,440
1369,pose,1.1139018535614014,100.0,0.00022885498765390366,0.022885498765390366,250.0,0.0011266465298831463,0.28166163247078657,1.0,0.001011644140817225,0.001011644140817225,60.0,0.0025922588538378477,0.15553553123027086,0.0,0.0,0.0,800.0,0.000675565330311656,0.5404522642493248,0.001,112.35519409179688,0.11235519409179688,700000,700000,436
1370,pose,1.1216015815734863,100.0,0.00022749949130229652,0.022749949130229652,250.0,0.0011286985827609897,0.2821746456902474,1.0,0.0010146317072212696,0.0010146317072212696,60.0,0.0025687848683446646,0.15412709210067987,0.0,0.0,0.0,800.0,0.0006869671633467078,0.5495737306773663,0.001,111.9615478515625,0.1119615478515625,700000,700000,409
1371,pose,1.1358121633529663,100.0,0.0002283774665556848,0.02283774665556848,250.0,0.0011304246727377176,0.2826061681844294,1.0,0.0010140340309590101,0.0010140340309590101,60.0,0.002740575699135661,0.16443454194813967,0.0,0.0,0.0,800.0,0.0006916200509294868,0.5532960407435894,0.001,111.62366485595703,0.11162366485595704,700000,700000,390
1372,pose,1.138337254524231,100.0,0.0002272755082231015,0.02272755082231015,250.0,0.0011337505420669913,0.28343763551674783,1.0,0.0010147813009098172,0.0010147813009098172,60.0,0.002727983519434929,0.16367901116609573,0.0,0.0,0.0,800.0,0.0006944396300241351,0.5555517040193081,0.001,111.92657470703125,0.11192657470703125,700000,700000,403
1373,pose,1.1334224939346313,100.0,0.00022859555610921234,0.022859555610921234,250.0,0.0011359405471011996,0.2839851367752999,1.0,0.0010126892011612654,0.0010126892011612654,60.0,0.0026815945748239756,0.16089567448943853,0.0,0.0,0.0,800.0,0.0006897003622725606,0.5517602898180485,0.001,112.90916442871094,0.11290916442871093,700000,700000,413
1374,pose,1.1094906330108643,100.0,0.00023228776990436018,0.023228776990436018,250.0,0.0011359327472746372,0.2839831868186593,1.0,0.0010092570446431637,0.0010092570446431637,60.0,0.0024189120158553123,0.14513472095131874,0.0,0.0,0.0,800.0,0.0006784206489101052,0.5427365191280842,0.001,113.39823150634766,0.11339823150634766,700000,700000,442
1375,pose,1.1209381818771362,100.0,0.00023236020933836699,0.0232360209338367,250.0,0.0011326409876346588,0.2831602469086647,1.0,0.0010079157073050737,0.0010079157073050737,60.0,0.002757068257778883,0.16542409546673298,0.0,0.0,0.0,800.0,0.0006701660458929837,0.5361328367143869,0.001,111.97708129882812,0.11197708129882812,700000,700000,443
1376,pose,1.1126680374145508,100.0,0.00023073753982316703,0.023073753982316703,250.0,0.0011289612157270312,0.2822403039317578,1.0,0.0010105993133038282,0.0010105993133038282,60.0,0.0026885224506258965,0.1613113470375538,0.0,0.0,0.0,800.0,0.0006669311551377177,0.5335449241101742,0.001,111.48712158203125,0.11148712158203125,700000,700000,446
1377,pose,1.1101454496383667,100.0,0.00022577957133762538,0.02257795713376254,250.0,0.0011260503670200706,0.28151259175501764,1.0,0.0010159778175875545,0.0010159778175875545,60.0,0.002618825528770685,0.1571295317262411,0.0,0.0,0.0,800.0,0.0006703439867123961,0.5362751893699169,0.001,111.63417053222656,0.11163417053222656,700000,700000,420
1378,pose,1.1208741664886475,100.0,0.00022412967518903315,0.022412967518903315,250.0,0.0011246391804888844,0.2811597951222211,1.0,0.0010185224236920476,0.0010185224236920476,60.0,0.002766432473435998,0.16598594840615988,0.0,0.0,0.0,800.0,0.0006726555293425918,0.5381244234740734,0.001,112.17243957519531,0.11217243957519532,700000,700000,412
1379,pose,1.116245985031128,100.0,0.0002247781667392701,0.02247781667392701,250.0,0.001123912399634719,0.2809780999086797,1.0,0.001017174799926579,0.001017174799926579,60.0,0.0026716904249042273,0.16030142549425364,0.0,0.0,0.0,800.0,0.0006723337573930621,0.5378670059144497,0.001,113.60438537597656,0.11360438537597657,700000,700000,429
1380,pose,1.1234266757965088,100.0,0.00022914426517672837,0.022914426517672837,250.0,0.0011238924926146865,0.2809731231536716,1.0,0.0010170252062380314,0.0010170252062380314,60.0,0.002797245280817151,0.16783471684902906,0.0,0.0,0.0,800.0,0.0006726259016431868,0.5381007213145494,0.001,112.58665466308594,0.11258665466308594,700000,700000,416
1381,pose,1.1086763143539429,100.0,0.0002343300438951701,0.02343300438951701,250.0,0.0011233730474486947,0.2808432618621737,1.0,0.0010126892011612654,0.0010126892011612654,60.0,0.0025951596908271313,0.15570958144962788,0.0,0.0,0.0,800.0,0.0006695326301269233,0.5356261041015387,0.001,112.05167388916016,0.11205167388916015,700000,700000,423
1382,pose,1.1224316358566284,100.0,0.00023607676848769188,0.023607676848769188,250.0,0.001124122878536582,0.2810307196341455,1.0,0.001011942746117711,0.001011942746117711,60.0,0.002777906833216548,0.16667440999299288,0.0,0.0,0.0,800.0,0.0006725376006215811,0.5380300804972649,0.001,112.07683563232422,0.11207683563232422,700000,700000,427
1383,pose,1.115957498550415,100.0,0.00023490999592468143,0.023490999592468143,250.0,0.0011241277679800987,0.2810319419950247,1.0,0.0010146317072212696,0.0010146317072212696,60.0,0.0026027406565845013,0.15616443939507008,0.0,0.0,0.0,800.0,0.0006778819370083511,0.5423055496066809,0.001,111.94994354248047,0.11194994354248047,700000,700000,428
1384,pose,1.1191279888153076,100.0,0.00023127064923755825,0.023127064923755825,250.0,0.0011244505876675248,0.2811126469168812,1.0,0.0010174743365496397,0.0010174743365496397,60.0,0.002563890302553773,0.15383341815322638,0.0,0.0,0.0,800.0,0.0006847810000181198,0.5478248000144958,0.001,112.2126693725586,0.1122126693725586,700000,700000,436
1385,pose,1.1274166107177734,100.0,0.00022965730750001967,0.022965730750001967,250.0,0.0011234907433390617,0.28087268583476543,1.0,0.0010159778175875545,0.0010159778175875545,60.0,0.0026904100086539984,0.1614246005192399,0.0,0.0,0.0,800.0,0.0006854317034594715,0.5483453627675772,0.001,112.79219818115234,0.11279219818115234,700000,700000,427
1386,pose,1.1198394298553467,100.0,0.00022994073515292257,0.022994073515292257,250.0,0.0011221851455047727,0.28054628637619317,1.0,0.0010105993133038282,0.0010105993133038282,60.0,0.0026071593165397644,0.15642955899238586,0.0,0.0,0.0,800.0,0.0006812317296862602,0.5449853837490082,0.001,113.87347412109375,0.11387347412109375,700000,700000,434
1387,pose,1.123050570487976,100.0,0.0002308300172444433,0.02308300172444433,250.0,0.0011209920048713684,0.2802480012178421,1.0,0.0010065751848742366,0.0010065751848742366,60.0,0.0027276179753243923,0.16365707851946354,0.0,0.0,0.0,800.0,0.0006790382321923971,0.5432305857539177,0.001,111.82539367675781,0.11182539367675781,700000,700000,437
1388,pose,1.1067696809768677,100.0,0.0002299472689628601,0.02299472689628601,250.0,0.0011191761586815119,0.27979403967037797,1.0,0.0010061284992843866,0.0010061284992843866,60.0,0.002459482755511999,0.14756896533071995,0.0,0.0,0.0,800.0,0.000679871765896678,0.5438974127173424,0.001,111.50843048095703,0.11150843048095703,700000,700000,439
1389,pose,1.1263350248336792,100.0,0.00022771471412852407,0.022771471412852407,250.0,0.001116500236093998,0.2791250590234995,1.0,0.0010092570446431637,0.0010092570446431637,60.0,0.0027707561384886503,0.16624536830931902,0.0,0.0,0.0,800.0,0.000681950943544507,0.5455607548356056,0.001,111.62299346923828,0.11162299346923828,700000,700000,401
1390,pose,1.1326848268508911,100.0,0.00022339033603202552,0.02233903360320255,250.0,0.0011164378374814987,0.2791094593703747,1.0,0.0010159778175875545,0.0010159778175875545,60.0,0.0028178205247968435,0.1690692314878106,0.0,0.0,0.0,800.0,0.000685704464558512,0.5485635716468096,0.001,112.58753204345703,0.11258753204345703,700000,700000,384
1391,pose,1.1323299407958984,100.0,0.00021932819799985737,0.021932819799985737,250.0,0.001118996529839933,0.27974913245998323,1.0,0.0010209203464910388,0.0010209203464910388,60.0,0.00275402725674212,0.1652416354045272,0.0,0.0,0.0,800.0,0.000687028921674937,0.5496231373399496,0.001,114.76234436035156,0.11476234436035157,700000,700000,356
1392,pose,1.1273937225341797,100.0,0.0002176682319259271,0.02176682319259271,250.0,0.001122544170357287,0.28063604258932173,1.0,0.0010222704149782658,0.0010222704149782658,60.0,0.002665722742676735,0.1599433645606041,0.0,0.0,0.0,800.0,0.0006861954461783171,0.5489563569426537,0.001,115.0689697265625,0.1150689697265625,700000,700000,398
1393,pose,1.113942265510559,100.0,0.0002227799704996869,0.02227799704996869,250.0,0.001126313116401434,0.2815782791003585,1.0,0.0010207704035565257,0.0010207704035565257,60.0,0.002517236862331629,0.15103421173989773,0.0,0.0,0.0,800.0,0.0006814684020355344,0.5451747216284275,0.001,112.85626220703125,0.11285626220703125,700000,700000,414
1394,pose,1.102793574333191,100.0,0.00023025971313472837,0.023025971313472837,250.0,0.0011290287366136909,0.2822571841534227,1.0,0.0010159778175875545,0.0010159778175875545,60.0,0.0024359484668821096,0.14615690801292658,0.0,0.0,0.0,800.0,0.000673340167850256,0.5386721342802048,0.001,111.6654052734375,0.1116654052734375,700000,700000,435
1395,pose,1.1137564182281494,100.0,0.00023880272055976093,0.023880272055976093,250.0,0.001130883116275072,0.282720779068768,1.0,0.0010079157073050737,0.0010079157073050737,60.0,0.0027363752014935017,0.1641825120896101,0.0,0.0,0.0,800.0,0.0006629176205024123,0.5303340964019299,0.001,111.6307601928711,0.11163076019287109,700000,700000,464
1396,pose,1.1223846673965454,100.0,0.00024425325682386756,0.024425325682386756,250.0,0.0011313579743728042,0.28283949359320104,1.0,0.0010037479223683476,0.0010037479223683476,60.0,0.0029504471458494663,0.17702682875096798,0.0,0.0,0.0,800.0,0.0006567509844899178,0.5254007875919342,0.001,111.68854522705078,0.11168854522705078,700000,700000,513
1397,pose,1.1189143657684326,100.0,0.0002469916653353721,0.02469916653353721,250.0,0.0011308304965496063,0.2827076241374016,1.0,0.0010030044941231608,0.0010030044941231608,60.0,0.0029212445951998234,0.1752746757119894,0.0,0.0,0.0,800.0,0.000654385075904429,0.5235080607235432,0.001,111.72187805175781,0.11172187805175782,700000,700000,503
1398,pose,1.1225019693374634,100.0,0.0002467395970597863,0.024673959705978632,250.0,0.00112954992800951,0.2823874820023775,1.0,0.0010055330349132419,0.0010055330349132419,60.0,0.002970118308439851,0.17820709850639105,0.0,0.0,0.0,800.0,0.0006556235603056848,0.5244988482445478,0.001,111.72898864746094,0.11172898864746093,700000,700000,494
1399,pose,1.1195259094238281,100.0,0.00024388018937315792,0.024388018937315792,250.0,0.001127389376051724,0.281847344012931,1.0,0.0010111962910741568,0.0010111962910741568,60.0,0.0028818240389227867,0.1729094423353672,0.0,0.0,0.0,800.0,0.0006597837200388312,0.527826976031065,0.001,111.54292297363281,0.11154292297363282,700000,700000,460
1400,pose,1.118367314338684,100.0,0.00023856639745645225,0.023856639745645225,250.0,0.001124812290072441,0.2812030725181103,1.0,0.0010198710951954126,0.0010198710951954126,60.0,0.0027700664941221476,0.16620398964732885,0.0,0.0,0.0,800.0,0.0006681556697003543,0.5345245357602835,0.001,111.55927276611328,0.11155927276611328,700000,700000,423
1401,pose,1.108615756034851,100.0,0.00023217311536427587,0.023217311536427587,250.0,0.0011210297234356403,0.2802574308589101,1.0,0.0010257245739921927,0.0010257245739921927,60.0,0.002561685862019658,0.15370115172117949,0.0,0.0,0.0,800.0,0.0006720641977153718,0.5376513581722975,0.001,112.76271057128906,0.11276271057128906,700000,700000,425
1402,pose,1.1288052797317505,100.0,0.0002269859833177179,0.02269859833177179,250.0,0.0011164373718202114,0.27910934295505285,1.0,0.0010291849030181766,0.0010291849030181766,60.0,0.002927885390818119,0.17567312344908714,0.0,0.0,0.0,800.0,0.0006729019223712385,0.5383215378969908,0.001,111.973388671875,0.11197338867187501,700000,700000,413
1403,pose,1.1059815883636475,100.0,0.0002246410440420732,0.02246410440420732,250.0,0.001113097183406353,0.27827429585158825,1.0,0.0010281309951096773,0.0010281309951096773,60.0,0.0025728517211973667,0.154371103271842,0.0,0.0,0.0,800.0,0.0006723458645865321,0.5378766916692257,0.001,111.96726989746094,0.11196726989746093,700000,700000,434
1404,pose,1.1214689016342163,100.0,0.00022711184283252805,0.022711184283252805,250.0,0.0011114705121144652,0.2778676280286163,1.0,0.0010242221178486943,0.0010242221178486943,60.0,0.002867939881980419,0.17207639291882515,0.0,0.0,0.0,800.0,0.0006701592355966568,0.5361273884773254,0.001,111.66201782226562,0.11166201782226563,700000,700000,446
1405,pose,1.1219571828842163,100.0,0.00022908661048859358,0.022908661048859358,250.0,0.0011114878579974174,0.27787196449935436,1.0,0.0010225705336779356,0.0010225705336779356,60.0,0.002833257196471095,0.1699954317882657,0.0,0.0,0.0,800.0,0.0006733601912856102,0.5386881530284882,0.001,111.47029113769531,0.11147029113769531,700000,700000,420
1406,pose,1.1205127239227295,100.0,0.00023271795362234116,0.023271795362234116,250.0,0.0011125676101073623,0.27814190252684057,1.0,0.0010167257860302925,0.0010167257860302925,60.0,0.0028105750679969788,0.16863450407981873,0.0,0.0,0.0,800.0,0.0006722151301801205,0.5377721041440964,0.001,111.67558288574219,0.11167558288574218,700000,700000,438
1407,pose,1.1184505224227905,100.0,0.0002335209137527272,0.02335209137527272,250.0,0.0011141187278553843,0.2785296819638461,1.0,0.0010156786302104592,0.0010156786302104592,60.0,0.0027114669792354107,0.16268801875412464,0.0,0.0,0.0,800.0,0.0006759882089681923,0.5407905671745539,0.001,112.07450866699219,0.11207450866699219,700000,700000,413
1408,pose,1.1186416149139404,100.0,0.00023478663933929056,0.023478663933929056,250.0,0.0011170664802193642,0.27926662005484104,1.0,0.0010123904794454575,0.0010123904794454575,60.0,0.002708102110773325,0.1624861266463995,0.0,0.0,0.0,800.0,0.0006757602095603943,0.5406081676483154,0.001,111.78974914550781,0.11178974914550781,700000,700000,428
1409,pose,1.1158840656280518,100.0,0.0002345582324778661,0.02345582324778661,250.0,0.0011200403096154332,0.2800100774038583,1.0,0.001011942746117711,0.001011942746117711,60.0,0.002658694516867399,0.15952167101204395,0.0,0.0,0.0,800.0,0.0006750993779860437,0.540079502388835,0.001,111.80502319335938,0.11180502319335937,700000,700000,448
1410,pose,1.119150161743164,100.0,0.00023115819203667343,0.023115819203667343,250.0,0.001121588982641697,0.28039724566042423,1.0,0.0010159778175875545,0.0010159778175875545,60.0,0.002672170288860798,0.16033021733164787,0.0,0.0,0.0,800.0,0.0006776837399229407,0.5421469919383526,0.001,112.14392852783203,0.11214392852783203,700000,700000,442
1411,pose,1.1273020505905151,100.0,0.00022820199956186116,0.022820199956186116,250.0,0.001122688059695065,0.28067201492376626,1.0,0.0010212203487753868,0.0010212203487753868,60.0,0.0027451154310256243,0.16470692586153746,0.0,0.0,0.0,800.0,0.0006811516359448433,0.5449213087558746,0.001,113.16050720214844,0.11316050720214844,700000,700000,435
1412,pose,1.1314141750335693,100.0,0.0002270968398079276,0.02270968398079276,250.0,0.0011232527904212475,0.28081319760531187,1.0,0.0010212203487753868,0.0010212203487753868,60.0,0.0028019296005368233,0.1681157760322094,0.0,0.0,0.0,800.0,0.0006807360332459211,0.5445888265967369,0.001,114.16549682617188,0.11416549682617187,700000,700000,426
1413,pose,1.1238789558410645,100.0,0.0002258409804198891,0.02258409804198891,250.0,0.0011238314909860492,0.2809578727465123,1.0,0.0010233211796730757,0.0010233211796730757,60.0,0.0026559270918369293,0.15935562551021576,0.0,0.0,0.0,800.0,0.0006844503805041313,0.547560304403305,0.001,112.39765930175781,0.11239765930175781,700000,700000,412
1414,pose,1.118390679359436,100.0,0.00022726805764250457,0.022726805764250457,250.0,0.001123814843595028,0.280953710898757,1.0,0.0010215203510597348,0.0010215203510597348,60.0,0.0025863475166261196,0.15518085099756718,0.0,0.0,0.0,800.0,0.000683415331877768,0.5467322655022144,0.001,111.77552795410156,0.11177552795410156,700000,700000,384
1415,pose,1.1199215650558472,100.0,0.00022893160348758101,0.0228931603487581,250.0,0.0011245886562392116,0.2811471640598029,1.0,0.0010174743365496397,0.0010174743365496397,60.0,0.002650342881679535,0.1590205729007721,0.0,0.0,0.0,800.0,0.0006798725225962698,0.5438980180770159,0.001,111.94513702392578,0.11194513702392578,700000,700000,403
1416,pose,1.1160731315612793,100.0,0.00022967536642681807,0.022967536642681807,250.0,0.001125973416492343,0.28149335412308574,1.0,0.0010146317072212696,0.0010146317072212696,60.0,0.0025967617984861135,0.1558057079091668,0.0,0.0,0.0,800.0,0.0006769393221475184,0.5415514577180147,0.001,113.24042510986328,0.11324042510986328,700000,700000,421
1417,pose,1.1169034242630005,100.0,0.00023177916591521353,0.023177916591521353,250.0,0.0011249403469264507,0.2812350867316127,1.0,0.0010101519292220473,0.0010101519292220473,60.0,0.002700414974242449,0.16202489845454693,0.0,0.0,0.0,800.0,0.0006706619169563055,0.5365295335650444,0.001,112.92584228515625,0.11292584228515626,700000,700000,428
1418,pose,1.1123228073120117,100.0,0.00023151520872488618,0.023151520872488618,250.0,0.0011242303298786283,0.28105758246965706,1.0,0.0010092570446431637,0.0010092570446431637,60.0,0.0026318649761378765,0.1579118985682726,0.0,0.0,0.0,800.0,0.0006710387533530593,0.5368310026824474,0.001,112.36160278320312,0.11236160278320313,700000,700000,442
1419,pose,1.116589069366455,100.0,0.0002291903947480023,0.02291903947480023,250.0,0.0011231902753934264,0.2807975688483566,1.0,0.0010122413514181972,0.0010122413514181972,60.0,0.002665112027898431,0.15990672167390585,0.0,0.0,0.0,800.0,0.0006747471634298563,0.539797730743885,0.001,112.15573120117188,0.11215573120117188,700000,700000,439
1420,pose,1.1189278364181519,100.0,0.00022693685605190694,0.022693685605190694,250.0,0.0011220601154491305,0.28051502886228263,1.0,0.0010177737567573786,0.0010177737567573786,60.0,0.002657442819327116,0.15944656915962696,0.0,0.0,0.0,800.0,0.0006792671047151089,0.5434136837720871,0.001,111.8410415649414,0.11184104156494142,700000,700000,419
1421,pose,1.113723874092102,100.0,0.00022893640561960638,0.022893640561960638,250.0,0.0011220142478123307,0.2805035619530827,1.0,0.0010201706318184733,0.0010201706318184733,60.0,0.0025849591474980116,0.1550975488498807,0.0,0.0,0.0,800.0,0.0006781076081097126,0.5424860864877701,0.001,111.72277069091797,0.11172277069091797,700000,700000,423
1422,pose,1.1138960123062134,100.0,0.00023331359261646867,0.023331359261646867,250.0,0.001121087116189301,0.28027177904732525,1.0,0.0010198710951954126,0.0010198710951954126,60.0,0.002699662698432803,0.1619797619059682,0.0,0.0,0.0,800.0,0.0006693135946989059,0.5354508757591248,0.001,111.84236145019531,0.11184236145019531,700000,700000,432
1423,pose,1.114783525466919,100.0,0.00023343568318523467,0.023343568318523467,250.0,0.001122372574172914,0.2805931435432285,1.0,0.0010225705336779356,0.0010225705336779356,60.0,0.0027201815973967314,0.16321089584380388,0.0,0.0,0.0,800.0,0.0006682045059278607,0.5345636047422886,0.001,112.04963684082031,0.11204963684082031,700000,700000,432
1424,pose,1.1195188760757446,100.0,0.0002299230982316658,0.02299230982316658,250.0,0.0011247500078752637,0.2811875019688159,1.0,0.001024372293613851,0.001024372293613851,60.0,0.0027113286778330803,0.16267972066998482,0.0,0.0,0.0,800.0,0.0006742965197190642,0.5394372157752514,0.001,112.19771575927734,0.11219771575927735,700000,700000,403
1425,pose,1.1181426048278809,100.0,0.00022922706557437778,0.022922706557437778,250.0,0.0011269375681877136,0.2817343920469284,1.0,0.0010215203510597348,0.0010215203510597348,60.0,0.0026177684776484966,0.1570661086589098,0.0,0.0,0.0,800.0,0.0006778435199521482,0.5422748159617186,0.001,113.123046875,0.11312304687500001,700000,700000,385
1426,pose,1.1342809200286865,100.0,0.00022564966639038175,0.022564966639038175,250.0,0.0011303731007501483,0.2825932751875371,1.0,0.0010212203487753868,0.0010212203487753868,60.0,0.0027396888472139835,0.164381330832839,0.0,0.0,0.0,800.0,0.0006884146714583039,0.5507317371666431,0.001,112.988525390625,0.112988525390625,700000,700000,364
1427,pose,1.1253007650375366,100.0,0.00022335680841933936,0.022335680841933936,250.0,0.0011334795271977782,0.28336988179944456,1.0,0.0010191217297688127,0.0010191217297688127,60.0,0.0025101276114583015,0.1506076566874981,0.0,0.0,0.0,800.0,0.0006942441686987877,0.5553953349590302,0.001,112.57301330566406,0.11257301330566406,700000,700000,396
1428,pose,1.1292946338653564,100.0,0.0002241171896457672,0.02241171896457672,250.0,0.00113491911906749,0.2837297797668725,1.0,0.0010150803718715906,0.0010150803718715906,60.0,0.002609145361930132,0.15654872171580791,0.0,0.0,0.0,800.0,0.0006923062610439956,0.5538450088351965,0.001,111.74441528320312,0.11174441528320313,700000,700000,427
1429,pose,1.1126351356506348,100.0,0.00022804830223321915,0.022804830223321915,250.0,0.0011342850048094988,0.2835712512023747,1.0,0.001011942746117711,0.001011942746117711,60.0,0.0024850538466125727,0.14910323079675436,0.0,0.0,0.0,800.0,0.0006807557074353099,0.5446045659482479,0.001,111.53935241699219,0.11153935241699219,700000,700000,444
1430,pose,1.1223268508911133,100.0,0.0002316598838660866,0.02316598838660866,250.0,0.0011321089696139097,0.28302724240347743,1.0,0.0010135855991393328,0.0010135855991393328,60.0,0.0028064479120075703,0.16838687472045422,0.0,0.0,0.0,800.0,0.0006685585249215364,0.5348468199372292,0.001,111.88630676269531,0.11188630676269531,700000,700000,453
1431,pose,1.1120314598083496,100.0,0.00023248080105986446,0.023248080105986446,250.0,0.0011299962643533945,0.2824990660883486,1.0,0.0010188219603151083,0.0010188219603151083,60.0,0.0027122742030769587,0.16273645218461752,0.0,0.0,0.0,800.0,0.000662384438328445,0.529907550662756,0.001,112.62151336669922,0.11262151336669922,700000,700000,469
1432,pose,1.1203727722167969,100.0,0.0002313507575308904,0.02313507575308904,250.0,0.0011279957834631205,0.2819989458657801,1.0,0.0010257245739921927,0.0010257245739921927,60.0,0.0028500903863459826,0.17100542318075895,0.0,0.0,0.0,800.0,0.0006630996940657496,0.5304797552525997,0.001,112.72782897949219,0.11272782897949218,700000,700000,449
1433,pose,1.124949336051941,100.0,0.00022881090990267694,0.022881090990267694,250.0,0.001126755028963089,0.28168875724077225,1.0,0.001033254200592637,0.001033254200592637,60.0,0.0028337566182017326,0.17002539709210396,0.0,0.0,0.0,800.0,0.00067122932523489,0.536983460187912,0.001,112.33733367919922,0.11233733367919922,700000,700000,435
1434,pose,1.1271615028381348,100.0,0.00022749659547116607,0.022749659547116607,250.0,0.0011261345352977514,0.28153363382443786,1.0,0.0010388435330241919,0.0010388435330241919,60.0,0.0027161797042936087,0.16297078225761652,0.0,0.0,0.0,800.0,0.000683685066178441,0.5469480529427528,0.001,111.92051696777344,0.11192051696777344,700000,700000,367
1435,pose,1.1324504613876343,100.0,0.00022740181884728372,0.022740181884728372,250.0,0.0011255469871684909,0.2813867467921227,1.0,0.0010399025632068515,0.0010399025632068515,60.0,0.002712369430810213,0.16274216584861279,0.0,0.0,0.0,800.0,0.0006910529918968678,0.5528423935174942,0.001,111.69906616210938,0.11169906616210938,700000,700000,360
1436,pose,1.1464192867279053,100.0,0.00022817931312602013,0.022817931312602013,250.0,0.0011253429111093283,0.28133572777733207,1.0,0.0010374824050813913,0.0010374824050813913,60.0,0.002913034288212657,0.17478205729275942,0.0,0.0,0.0,800.0,0.0006934732082299888,0.554778566583991,0.001,111.66755676269531,0.11166755676269531,700000,700000,351
1437,pose,1.1394767761230469,100.0,0.00022882303164806217,0.022882303164806217,250.0,0.0011259287130087614,0.28148217825219035,1.0,0.0010329524520784616,0.0010329524520784616,60.0,0.0028067887760698795,0.16840732656419277,0.0,0.0,0.0,800.0,0.0006924038752913475,0.553923100233078,0.001,111.74893951416016,0.11174893951416016,700000,700000,355
1438,pose,1.1308239698410034,100.0,0.00022962286311667413,0.022962286311667413,250.0,0.0011268085800111294,0.28170214500278234,1.0,0.0010260252747684717,0.0010260252747684717,60.0,0.0027164185885339975,0.16298511531203985,0.0,0.0,0.0,800.0,0.000687703606672585,0.550162885338068,0.001,111.98539733886719,0.11198539733886718,700000,700000,376
1439,pose,1.1175609827041626,100.0,0.00023129780311137438,0.023129780311137438,250.0,0.00112799066118896,0.28199766529724,1.0,0.0010170252062380314,0.0010170252062380314,60.0,0.002580238739028573,0.15481432434171438,0.0,0.0,0.0,800.0,0.0006803318974561989,0.5442655179649591,0.001,112.33670806884766,0.11233670806884766,700000,700000,434
1440,pose,1.109352946281433,100.0,0.00023403522209264338,0.023403522209264338,250.0,0.0011272418778389692,0.2818104694597423,1.0,0.0010108978021889925,0.0010108978021889925,60.0,0.0025478838942945004,0.15287303365767002,0.0,0.0,0.0,800.0,0.0006727203726768494,0.5381762981414795,0.001,112.07872009277344,0.11207872009277343,700000,700000,457
1441,pose,1.1185953617095947,100.0,0.0002351490402361378,0.02351490402361378,250.0,0.0011259107850492,0.2814776962623,1.0,0.0010088097769767046,0.0010088097769767046,60.0,0.002755285007879138,0.16531710047274828,0.0,0.0,0.0,800.0,0.000669195840600878,0.5353566724807024,0.001,111.92008209228516,0.11192008209228516,700000,700000,479
1442,pose,1.1171168088912964,100.0,0.00023447744024451822,0.023447744024451822,250.0,0.001124189468100667,0.28104736702516675,1.0,0.0010095553006976843,0.0010095553006976843,60.0,0.0027536984998732805,0.16522190999239683,0.0,0.0,0.0,800.0,0.0006681433878839016,0.5345147103071213,0.001,111.87541198730469,0.11187541198730469,700000,700000,493
1443,pose,1.1141420602798462,100.0,0.00023244734620675445,0.023244734620675445,250.0,0.0011225303169339895,0.2806325792334974,1.0,0.001013286761008203,0.001013286761008203,60.0,0.0026879096403717995,0.16127457842230797,0.0,0.0,0.0,800.0,0.0006701648817397654,0.5361319053918123,0.001,111.84490203857422,0.11184490203857422,700000,700000,465
1444,pose,1.115725040435791,100.0,0.00022892060223966837,0.022892060223966837,250.0,0.0011209400836378336,0.2802350209094584,1.0,0.0010174743365496397,0.0010174743365496397,60.0,0.0026553752832114697,0.15932251699268818,0.0,0.0,0.0,800.0,0.0006755623035132885,0.5404498428106308,0.001,111.80811309814453,0.11180811309814453,700000,700000,427
1445,pose,1.1175731420516968,100.0,0.0002273164427606389,0.02273164427606389,250.0,0.001119374530389905,0.27984363259747624,1.0,0.001017174799926579,0.001017174799926579,60.0,0.0026670857332646847,0.16002514399588108,0.0,0.0,0.0,800.0,0.0006775473593734205,0.5420378874987364,0.001,111.91755676269531,0.11191755676269531,700000,700000,421
1446,pose,1.1118998527526855,100.0,0.00022891150729265064,0.022891150729265064,250.0,0.0011190238874405622,0.27975597186014056,1.0,0.0010164264822378755,0.0010164264822378755,60.0,0.0025245302822440863,0.15147181693464518,0.0,0.0,0.0,800.0,0.0006796964444220066,0.5437571555376053,0.001,113.00728607177734,0.11300728607177735,700000,700000,423
1447,pose,1.1113340854644775,100.0,0.00023285223869606853,0.023285223869606853,250.0,0.0011181472800672054,0.27953682001680136,1.0,0.0010170252062380314,0.0010170252062380314,60.0,0.002523244358599186,0.15139466151595116,0.0,0.0,0.0,800.0,0.0006803657161071897,0.5442925728857517,0.001,111.80784606933594,0.11180784606933594,700000,700000,403
1448,pose,1.1293156147003174,100.0,0.0002374309697188437,0.02374309697188437,250.0,0.0011169372592121363,0.27923431480303407,1.0,0.0010150803718715906,0.0010150803718715906,60.0,0.002893140073865652,0.17358840443193913,0.0,0.0,0.0,800.0,0.0006749954191036522,0.5399963352829218,0.001,111.73841857910156,0.11173841857910156,700000,700000,414
1449,pose,1.1111390590667725,100.0,0.00023837565095163882,0.023837565095163882,250.0,0.0011170360958203673,0.27925902395509183,1.0,0.0010174743365496397,0.0010174743365496397,60.0,0.0025866813957691193,0.15520088374614716,0.0,0.0,0.0,800.0,0.0006752060726284981,0.5401648581027985,0.001,111.6593017578125,0.1116593017578125,700000,700000,418
1450,pose,1.1104869842529297,100.0,0.00023461849195882678,0.023461849195882678,250.0,0.0011169867357239127,0.2792466839309782,1.0,0.0010201706318184733,0.0010201706318184733,60.0,0.0025712610222399235,0.1542756613343954,0.0,0.0,0.0,800.0,0.0006754358764737844,0.5403487011790276,0.001,112.13385772705078,0.11213385772705078,700000,700000,412
1451,pose,1.1191942691802979,100.0,0.0002302097564097494,0.02302097564097494,250.0,0.0011197731364518404,0.2799432841129601,1.0,0.0010212203487753868,0.0010212203487753868,60.0,0.00264747510664165,0.158848506398499,0.0,0.0,0.0,800.0,0.0006807532627135515,0.5446026101708412,0.001,111.75764465332031,0.11175764465332032,700000,700000,418
1452,pose,1.1121058464050293,100.0,0.00022849351807963103,0.022849351807963103,250.0,0.0011220899177715182,0.28052247944287956,1.0,0.0010180730605497956,0.0010180730605497956,60.0,0.002516956767067313,0.1510174060240388,0.0,0.0,0.0,800.0,0.0006811711937189102,0.5449369549751282,0.001,111.7616195678711,0.11176161956787109,700000,700000,448
1453,pose,1.111437201499939,100.0,0.00022989696299191564,0.022989696299191564,250.0,0.0011238197330385447,0.28095493325963616,1.0,0.0010135855991393328,0.0010135855991393328,60.0,0.00255370419472456,0.1532222516834736,0.0,0.0,0.0,800.0,0.0006767133018001914,0.5413706414401531,0.001,111.88616943359375,0.11188616943359375,700000,700000,446
1454,pose,1.1206293106079102,100.0,0.00023086165310814977,0.023086165310814977,250.0,0.0011253587435930967,0.2813396858982742,1.0,0.0010105993133038282,0.0010105993133038282,60.0,0.0027181722689419985,0.1630903361365199,0.0,0.0,0.0,800.0,0.0006742169498465955,0.5393735598772764,0.001,112.72895050048828,0.11272895050048828,700000,700000,454
1455,pose,1.108127236366272,100.0,0.000230464618653059,0.0230464618653059,250.0,0.0011266375659033656,0.2816593914758414,1.0,0.001011345535516739,0.001011345535516739,60.0,0.002451715525239706,0.14710293151438236,0.0,0.0,0.0,800.0,0.0006777069647796452,0.5421655718237162,0.001,113.14151000976562,0.11314151000976563,700000,700000,430
1456,pose,1.127677083015442,100.0,0.0002290555275976658,0.02290555275976658,250.0,0.001126459683291614,0.2816149208229035,1.0,0.0010164264822378755,0.0010164264822378755,60.0,0.0027182712219655514,0.16309627331793308,0.0,0.0,0.0,800.0,0.0006843559094704688,0.547484727576375,0.001,111.55912780761719,0.11155912780761719,700000,700000,403
1457,pose,1.132036805152893,100.0,0.00022858595184516162,0.02285859518451616,250.0,0.001126313698478043,0.28157842461951077,1.0,0.0010198710951954126,0.0010198710951954126,60.0,0.0027698939666152,0.166193637996912,0.0,0.0,0.0,800.0,0.0006856460822746158,0.5485168658196926,0.001,111.86941528320312,0.11186941528320313,700000,700000,371
1458,pose,1.1210988759994507,100.0,0.00022754169185645878,0.02275416918564588,250.0,0.0011276945006102324,0.2819236251525581,1.0,0.0010212203487753868,0.0010212203487753868,60.0,0.0025748047046363354,0.15448828227818012,0.0,0.0,0.0,800.0,0.0006860689027234912,0.548855122178793,0.001,112.05653381347656,0.11205653381347656,700000,700000,418
1459,pose,1.1224656105041504,100.0,0.0002295705780852586,0.02295705780852586,250.0,0.0011283078929409385,0.2820769732352346,1.0,0.0010233211796730757,0.0010233211796730757,60.0,0.0026484436821192503,0.15890662092715502,0.0,0.0,0.0,800.0,0.000681091973092407,0.5448735784739256,0.001,112.6279296875,0.1126279296875,700000,700000,410
1460,pose,1.1127744913101196,100.0,0.00023365509696304798,0.023365509696304798,250.0,0.0011282546911388636,0.2820636727847159,1.0,0.0010218204697594047,0.0010218204697594047,60.0,0.002590268151834607,0.15541608911007643,0.0,0.0,0.0,800.0,0.000672210706397891,0.5377685651183128,0.001,113.13890075683594,0.11313890075683594,700000,700000,436
1461,pose,1.1225916147232056,100.0,0.000236165476962924,0.0236165476962924,250.0,0.0011290820548310876,0.2822705137077719,1.0,0.001023020944558084,0.001023020944558084,60.0,0.0027981933671981096,0.16789160203188658,0.0,0.0,0.0,800.0,0.0006695680785924196,0.5356544628739357,0.001,112.13545227050781,0.11213545227050782,700000,700000,456
1462,pose,1.1171901226043701,100.0,0.0002373408933635801,0.02373408933635801,250.0,0.0011293110437691212,0.2823277609422803,1.0,0.0010260252747684717,0.0010260252747684717,60.0,0.0027099300641566515,0.1625958038493991,0.0,0.0,0.0,800.0,0.0006697361823171377,0.5357889458537102,0.001,111.71751403808594,0.11171751403808594,700000,700000,456
1463,pose,1.1237612962722778,100.0,0.00023697811411693692,0.023697811411693692,250.0,0.0011296393349766731,0.2824098337441683,1.0,0.0010311431251466274,0.0010311431251466274,60.0,0.002779425820335746,0.16676554922014475,0.0,0.0,0.0,800.0,0.0006727581494487822,0.5382065195590258,0.001,111.65039825439453,0.11165039825439453,700000,700000,430
1464,pose,1.1159709692001343,100.0,0.00023741871700622141,0.02374187170062214,250.0,0.001129346783272922,0.2823366958182305,1.0,0.0010311431251466274,0.0010311431251466274,60.0,0.0026640903670340776,0.15984542202204466,0.0,0.0,0.0,800.0,0.0006718013319186866,0.5374410655349493,0.001,111.57481384277344,0.11157481384277344,700000,700000,401
1465,pose,1.1133867502212524,100.0,0.0002364463871344924,0.02364463871344924,250.0,0.0011298370081931353,0.2824592520482838,1.0,0.0010266267927363515,0.0010266267927363515,60.0,0.0026147225871682167,0.156883355230093,0.0,0.0,0.0,800.0,0.00067224504891783,0.537796039134264,0.001,111.576904296875,0.111576904296875,700000,700000,393
1466,pose,1.114154577255249,100.0,0.0002351165603613481,0.02351165603613481,250.0,0.001129469252191484,0.282367313047871,1.0,0.0010191217297688127,0.0010191217297688127,60.0,0.0026672021485865116,0.1600321289151907,0.0,0.0,0.0,800.0,0.000668800959829241,0.5350407678633928,0.001,112.18360900878906,0.11218360900878907,700000,700000,414
1467,pose,1.1130516529083252,100.0,0.00023048394359648228,0.023048394359648228,250.0,0.0011300776386633515,0.2825194096658379,1.0,0.0010150803718715906,0.0010150803718715906,60.0,0.002600855892524123,0.1560513535514474,0.0,0.0,0.0,800.0,0.0006716737989336252,0.5373390391469002,0.001,113.07842254638672,0.11307842254638673,700000,700000,425
1468,pose,1.1175061464309692,100.0,0.00022577762138098478,0.02257776213809848,250.0,0.0011303131468594074,0.28257828671485186,1.0,0.0010156786302104592,0.0010156786302104592,60.0,0.0026197051629424095,0.15718230977654457,0.0,0.0,0.0,800.0,0.0006778910756111145,0.5423128604888916,0.001,111.83917236328125,0.11183917236328125,700000,700000,407
1469,pose,1.116283655166626,100.0,0.00022538342454936355,0.022538342454936355,250.0,0.0011304900981485844,0.2826225245371461,1.0,0.0010126892011612654,0.0010126892011612654,60.0,0.0026057155337184668,0.156342932023108,0.0,0.0,0.0,800.0,0.000677681528031826,0.5421452224254608,0.001,111.62188720703125,0.11162188720703126,700000,700000,427
1470,pose,1.1073377132415771,100.0,0.00022994207392912358,0.022994207392912358,250.0,0.0011297949822619557,0.28244874556548893,1.0,0.0010088097769767046,0.0010088097769767046,60.0,0.002542754402384162,0.15256526414304972,0.0,0.0,0.0,800.0,0.0006705124978907406,0.5364099983125925,0.001,111.91065216064453,0.11191065216064454,700000,700000,447
1471,pose,1.1210687160491943,100.0,0.00023259318550117314,0.023259318550117314,250.0,0.001128984848037362,0.2822462120093405,1.0,0.0010085118701681495,0.0010085118701681495,60.0,0.0027918305713683367,0.1675098342821002,0.0,0.0,0.0,800.0,0.0006685437983833253,0.5348350387066603,0.001,112.20979309082031,0.11220979309082031,700000,700000,456
1472,pose,1.1155576705932617,100.0,0.00023323360073845834,0.023323360073845834,250.0,0.0011276324512436986,0.28190811281092465,1.0,0.0010108978021889925,0.0010108978021889925,60.0,0.002684237202629447,0.16105423215776682,0.0,0.0,0.0,800.0,0.0006700021913275123,0.5360017530620098,0.001,112.25939178466797,0.11225939178466797,700000,700000,432
1473,pose,1.114708423614502,100.0,0.00023381534265354276,0.023381534265354276,250.0,0.0011251295218244195,0.2812823804561049,1.0,0.0010105993133038282,0.0010105993133038282,60.0,0.0026480352971702814,0.15888211783021688,0.0,0.0,0.0,800.0,0.0006724929553456604,0.5379943642765284,0.001,112.15739440917969,0.11215739440917968,700000,700000,420
1474,pose,1.1337995529174805,100.0,0.00023161197896115482,0.023161197896115482,250.0,0.001122174086049199,0.2805435215122998,1.0,0.0010123904794454575,0.0010123904794454575,60.0,0.0028922073543071747,0.17353244125843048,0.0,0.0,0.0,800.0,0.0006792971398681402,0.5434377118945122,0.001,112.1123046875,0.1121123046875,700000,700000,393
1475,pose,1.129941701889038,100.0,0.0002286301169078797,0.02286301169078797,250.0,0.0011210981756448746,0.28027454391121864,1.0,0.001014332752674818,0.001014332752674818,60.0,0.0027402995619922876,0.16441797371953726,0.0,0.0,0.0,800.0,0.0006859808345325291,0.5487846676260233,0.001,112.58717346191406,0.11258717346191406,700000,700000,380
1476,pose,1.1304919719696045,100.0,0.0002266474039060995,0.02266474039060995,250.0,0.0011198131833225489,0.2799532958306372,1.0,0.001013286761008203,0.001013286761008203,60.0,0.0027297737542539835,0.163786425255239,0.0,0.0,0.0,800.0,0.0006873559905216098,0.5498847924172878,0.001,113.1894760131836,0.11318947601318359,700000,700000,381
1477,pose,1.1281425952911377,100.0,0.00022620975505560637,0.022620975505560637,250.0,0.0011189060751348734,0.27972651878371835,1.0,0.001009853556752205,0.001009853556752205,60.0,0.0027398618403822184,0.1643917104229331,0.0,0.0,0.0,800.0,0.0006847617332823575,0.547809386625886,0.001,112.58407592773438,0.11258407592773438,700000,700000,403
1478,pose,1.1177034378051758,100.0,0.00022706638264935464,0.022706638264935464,250.0,0.0011193701066076756,0.2798425266519189,1.0,0.0010079157073050737,0.0010079157073050737,60.0,0.0026323962956666946,0.15794377774000168,0.0,0.0,0.0,800.0,0.0006800430128350854,0.5440344102680683,0.001,112.16816711425781,0.11216816711425781,700000,700000,437
1479,pose,1.1304035186767578,100.0,0.0002272096462547779,0.02272096462547779,250.0,0.0011200234293937683,0.2800058573484421,1.0,0.0010103011736646295,0.0010103011736646295,60.0,0.002830635290592909,0.16983811743557453,0.0,0.0,0.0,800.0,0.0006808700272813439,0.5446960218250751,0.001,112.13227844238281,0.11213227844238281,700000,700000,424
1480,pose,1.1211071014404297,100.0,0.00022997934138402343,0.022997934138402343,250.0,0.0011207419447600842,0.28018548619002104,1.0,0.001013286761008203,0.001013286761008203,60.0,0.00268243788741529,0.1609462732449174,0.0,0.0,0.0,800.0,0.0006797367241233587,0.543789379298687,0.001,112.17469024658203,0.11217469024658204,700000,700000,443
1481,pose,1.1191109418869019,100.0,0.00023581567802466452,0.023581567802466452,250.0,0.0011221491731703281,0.28053729329258204,1.0,0.0010126892011612654,0.0010126892011612654,60.0,0.0026698552537709475,0.16019131522625685,0.0,0.0,0.0,800.0,0.0006761917611584067,0.5409534089267254,0.001,112.83470153808594,0.11283470153808595,700000,700000,438
1482,pose,1.116671085357666,100.0,0.00024122014292515814,0.024122014292515814,250.0,0.0011240342864766717,0.2810085716191679,1.0,0.001011942746117711,0.001011942746117711,60.0,0.0025802431628108025,0.15481458976864815,0.0,0.0,0.0,800.0,0.0006782634882256389,0.5426107905805111,0.001,113.10313415527344,0.11310313415527344,700000,700000,432
1483,pose,1.1310977935791016,100.0,0.00024172231496777385,0.024172231496777385,250.0,0.0011252510594204068,0.2813127648551017,1.0,0.0010150803718715906,0.0010150803718715906,60.0,0.0027048755437135696,0.16229253262281418,0.0,0.0,0.0,800.0,0.0006868151249364018,0.5494520999491215,0.001,112.85306549072266,0.11285306549072266,700000,700000,375
1484,pose,1.137940526008606,100.0,0.00024023161677177995,0.024023161677177995,250.0,0.0011261075269430876,0.2815268817357719,1.0,0.0010164264822378755,0.0010164264822378755,60.0,0.002763764001429081,0.16582584008574486,0.0,0.0,0.0,800.0,0.0006915859994478524,0.5532687995582819,0.001,112.27943420410156,0.11227943420410157,700000,700000,380
1485,pose,1.1232174634933472,100.0,0.00023759101168252528,0.023759101168252528,250.0,0.0011265292996540666,0.28163232491351664,1.0,0.0010150803718715906,0.0010150803718715906,60.0,0.002520171459764242,0.15121028758585453,0.0,0.0,0.0,800.0,0.0006920653395354748,0.5536522716283798,0.001,111.94841003417969,0.11194841003417969,700000,700000,394
1486,pose,1.1274527311325073,100.0,0.00023441642406396568,0.023441642406396568,250.0,0.0011265060165897012,0.2816265041474253,1.0,0.001011942746117711,0.001011942746117711,60.0,0.0026777784805744886,0.16066670883446932,0.0,0.0,0.0,800.0,0.0006862924201413989,0.5490339361131191,0.001,111.67207336425781,0.11167207336425782,700000,700000,398
1487,pose,1.1060103178024292,100.0,0.00023174901434686035,0.023174901434686035,250.0,0.0011263674823567271,0.2815918705891818,1.0,0.0010053841397166252,0.0010053841397166252,60.0,0.002436998998746276,0.14621993992477655,0.0,0.0,0.0,800.0,0.0006774280918762088,0.541942473500967,0.001,112.07577514648438,0.11207577514648438,700000,700000,422
1488,pose,1.1119369268417358,100.0,0.00022841323516331613,0.022841323516331613,250.0,0.0011248216032981873,0.2812054008245468,1.0,0.0010034504812210798,0.0010034504812210798,60.0,0.0026380629278719425,0.15828377567231655,0.0,0.0,0.0,800.0,0.0006697898497804999,0.5358318798244,0.001,112.7711181640625,0.1127711181640625,700000,700000,440
1489,pose,1.105340600013733,100.0,0.00022377396817319095,0.022377396817319095,250.0,0.0011225884081795812,0.2806471020448953,1.0,0.0010055330349132419,0.0010055330349132419,60.0,0.002596645150333643,0.15579870902001858,0.0,0.0,0.0,800.0,0.000666565727442503,0.5332525819540024,0.001,112.2592544555664,0.1122592544555664,700000,700000,445
1490,pose,1.1040796041488647,100.0,0.00021873244259040803,0.021873244259040803,250.0,0.0011209233198314905,0.28023082995787263,1.0,0.0010105993133038282,0.0010105993133038282,60.0,0.002570523414760828,0.15423140488564968,0.0,0.0,0.0,800.0,0.0006687210407108068,0.5349768325686455,0.001,111.75662994384766,0.11175662994384766,700000,700000,448
1491,pose,1.1093368530273438,100.0,0.00021589748212136328,0.021589748212136328,250.0,0.0011204053880646825,0.2801013470161706,1.0,0.0010170252062380314,0.0010170252062380314,60.0,0.0025907850358635187,0.15544710215181112,0.0,0.0,0.0,800.0,0.0006744349375367165,0.5395479500293732,0.001,111.63359069824219,0.11163359069824219,700000,700000,415
1492,pose,1.1220701932907104,100.0,0.0002198261208832264,0.02198261208832264,250.0,0.0011200924636796117,0.2800231159199029,1.0,0.0010209203464910388,0.0010209203464910388,60.0,0.002740573137998581,0.16443438827991486,0.0,0.0,0.0,800.0,0.0006783632561564445,0.5426906049251556,0.001,111.91859436035156,0.11191859436035156,700000,700000,400
1493,pose,1.1324353218078613,100.0,0.00022838270524516702,0.0228382705245167,250.0,0.0011215673293918371,0.2803918323479593,1.0,0.0010225705336779356,0.0010225705336779356,60.0,0.0028682881966233253,0.17209729179739952,0.0,0.0,0.0,800.0,0.0006797643145546317,0.5438114516437054,0.001,112.27397155761719,0.11227397155761719,700000,700000,385
1494,pose,1.1262061595916748,100.0,0.0002371337468503043,0.02371337468503043,250.0,0.0011246639769524336,0.2811659942381084,1.0,0.0010198710951954126,0.0010198710951954126,60.0,0.0027167287189513445,0.16300372313708067,0.0,0.0,0.0,800.0,0.0006812403444200754,0.5449922755360603,0.001,112.31094360351562,0.11231094360351562,700000,700000,402
1495,pose,1.118206262588501,100.0,0.000245116651058197,0.024511665105819702,250.0,0.0011275620199739933,0.2818905049934983,1.0,0.0010146317072212696,0.0010146317072212696,60.0,0.0025671133771538734,0.1540268026292324,0.0,0.0,0.0,800.0,0.0006802245625294745,0.5441796500235796,0.001,112.58294677734375,0.11258294677734375,700000,700000,408
1496,pose,1.1131443977355957,100.0,0.0002460851101204753,0.02460851101204753,250.0,0.001128642470575869,0.28216061764396727,1.0,0.001009853556752205,0.001009853556752205,60.0,0.00249403971247375,0.149642382748425,0.0,0.0,0.0,800.0,0.0006788668688386679,0.5430934950709343,0.001,112.62957763671875,0.11262957763671876,700000,700000,440
1497,pose,1.1257140636444092,100.0,0.0002421280078124255,0.02421280078124255,250.0,0.0011273552663624287,0.28183881659060717,1.0,0.0010092570446431637,0.0010092570446431637,60.0,0.0026989071629941463,0.16193442977964878,0.0,0.0,0.0,800.0,0.0006809437181800604,0.5447549745440483,0.001,111.9637222290039,0.11196372222900391,700000,700000,439
1498,pose,1.1249213218688965,100.0,0.00023607522598467767,0.023607522598467767,250.0,0.00112535257358104,0.28133814339526,1.0,0.001011942746117711,0.001011942746117711,60.0,0.002656488446518779,0.15938930679112673,0.0,0.0,0.0,800.0,0.0006847846088930964,0.5478276871144772,0.001,111.74673461914062,0.11174673461914063,700000,700000,432
1499,pose,1.120932698249817,100.0,0.00023036226048134267,0.023036226048134267,250.0,0.0011228527873754501,0.28071319684386253,1.0,0.0010156786302104592,0.0010156786302104592,60.0,0.0026301825419068336,0.15781095251441002,0.0,0.0,0.0,800.0,0.0006827858160249889,0.5462286528199911,0.001,112.12785339355469,0.11212785339355469,700000,700000,431
1500,pose,1.110522985458374,100.0,0.00022821436868980527,0.022821436868980527,250.0,0.0011220189044252038,0.28050472610630095,1.0,0.0010159778175875545,0.0010159778175875545,60.0,0.0025499165058135986,0.15299499034881592,0.0,0.0,0.0,800.0,0.0006758838426321745,0.5407070741057396,0.001,112.478759765625,0.112478759765625,700000,700000,424
1501,pose,1.114221215248108,100.0,0.00023112510098144412,0.023112510098144412,250.0,0.0011216673301532865,0.2804168325383216,1.0,0.001013286761008203,0.001013286761008203,60.0,0.0027620340697467327,0.16572204418480396,0.0,0.0,0.0,800.0,0.0006641705986112356,0.5313364788889885,0.001,112.61994934082031,0.11261994934082031,700000,700000,460
1502,pose,1.1061142683029175,100.0,0.00023169664200395346,0.023169664200395346,250.0,0.0011221303138881922,0.28053257847204804,1.0,0.0010140340309590101,0.0010140340309590101,60.0,0.0026740888133645058,0.16044532880187035,0.0,0.0,0.0,800.0,0.0006609807023778558,0.5287845619022846,0.001,112.16812133789062,0.11216812133789063,700000,700000,453
1503,pose,1.1069355010986328,100.0,0.00023079043603502214,0.023079043603502214,250.0,0.0011225572088733315,0.2806393022183329,1.0,0.0010159778175875545,0.0010159778175875545,60.0,0.002672857139259577,0.1603714283555746,0.0,0.0,0.0,800.0,0.0006626051035709679,0.5300840828567743,0.001,111.74568939208984,0.11174568939208984,700000,700000,441
1504,pose,1.1113145351409912,100.0,0.00022876047296449542,0.022876047296449542,250.0,0.0011241401080042124,0.2810350270010531,1.0,0.0010209203464910388,0.0010209203464910388,60.0,0.002638076664879918,0.15828459989279509,0.0,0.0,0.0,800.0,0.000670354813337326,0.5362838506698608,0.001,111.81404113769531,0.11181404113769532,700000,700000,451
1505,pose,1.1390271186828613,100.0,0.0002261869958601892,0.02261869958601892,250.0,0.0011257842415943742,0.28144606039859354,1.0,0.0010278300615027547,0.0010278300615027547,60.0,0.0029232092201709747,0.17539255321025848,0.0,0.0,0.0,800.0,0.0006831410573795438,0.546512845903635,0.001,112.02912902832031,0.11202912902832031,700000,700000,390
1506,pose,1.1317815780639648,100.0,0.0002256070147268474,0.02256070147268474,250.0,0.0011270818067714572,0.2817704516928643,1.0,0.0010294858366250992,0.0010294858366250992,60.0,0.002685509156435728,0.16113054938614368,0.0,0.0,0.0,800.0,0.0006913113174960017,0.5530490539968014,0.001,112.24143981933594,0.11224143981933594,700000,700000,389
1507,pose,1.1362025737762451,100.0,0.00022714483202435076,0.022714483202435076,250.0,0.001127468072809279,0.28186701820231974,1.0,0.0010266267927363515,0.0010266267927363515,60.0,0.002716256305575371,0.16297537833452225,0.0,0.0,0.0,800.0,0.0006917204009369016,0.5533763207495213,0.001,114.24284362792969,0.11424284362792969,700000,700000,385
1508,pose,1.1325267553329468,100.0,0.00023055204655975103,0.023055204655975103,250.0,0.001127001247368753,0.28175031184218824,1.0,0.0010204705176874995,0.0010204705176874995,60.0,0.002684712875634432,0.1610827725380659,0.0,0.0,0.0,800.0,0.0006889794603921473,0.5511835683137178,0.001,114.4343032836914,0.1144343032836914,700000,700000,386
1509,pose,1.1109284162521362,100.0,0.00023456421331502497,0.023456421331502497,250.0,0.0011257233563810587,0.2814308390952647,1.0,0.001011345535516739,0.001011345535516739,60.0,0.0024418786633759737,0.14651271980255842,0.0,0.0,0.0,800.0,0.0006827531615272164,0.5462025292217731,0.001,112.31462097167969,0.11231462097167969,700000,700000,419
1510,pose,1.117334246635437,100.0,0.00023705342027824372,0.023705342027824372,250.0,0.0011236454593017697,0.28091136482544243,1.0,0.0010021129855886102,0.0010021129855886102,60.0,0.002665747655555606,0.15994485933333635,0.0,0.0,0.0,800.0,0.0006753825582563877,0.5403060466051102,0.001,111.46456909179688,0.11146456909179688,700000,700000,457
1511,pose,1.112711787223816,100.0,0.00023702881298959255,0.023702881298959255,250.0,0.0011210496304556727,0.2802624076139182,1.0,0.000997660681605339,0.000997660681605339,60.0,0.0026523300912231207,0.15913980547338724,0.0,0.0,0.0,800.0,0.0006715205381624401,0.537216430529952,0.001,111.39264678955078,0.11139264678955078,700000,700000,464
1512,pose,1.1216977834701538,100.0,0.00023476037313230336,0.023476037313230336,250.0,0.001118362881243229,0.27959072031080723,1.0,0.0009969198144972324,0.0009969198144972324,60.0,0.00282888300716877,0.1697329804301262,0.0,0.0,0.0,800.0,0.0006706799031235278,0.5365439224988222,0.001,111.35716247558594,0.11135716247558594,700000,700000,468
1513,pose,1.1056448221206665,100.0,0.00023075082572177052,0.023075082572177052,250.0,0.001115666818805039,0.27891670470125973,1.0,0.000999737181700766,0.000999737181700766,60.0,0.002543623559176922,0.1526174135506153,0.0,0.0,0.0,800.0,0.0006733853369951248,0.5387082695960999,0.001,111.32759094238281,0.11132759094238281,700000,700000,441
1514,pose,1.11619234085083,100.0,0.00022587852436117828,0.022587852436117828,250.0,0.0011120678391307592,0.2780169597826898,1.0,0.0010055330349132419,0.0010055330349132419,60.0,0.0027058152481913567,0.1623489148914814,0.0,0.0,0.0,800.0,0.0006758471135981381,0.5406776908785105,0.001,111.55531311035156,0.11155531311035156,700000,700000,430
1515,pose,1.1184279918670654,100.0,0.00022169882140588015,0.022169882140588015,250.0,0.0011104921577498317,0.2776230394374579,1.0,0.0010137350764125586,0.0010137350764125586,60.0,0.002620539627969265,0.1572323776781559,0.0,0.0,0.0,800.0,0.0006832554936408997,0.5466043949127197,0.001,113.78457641601562,0.11378457641601562,700000,700000,406
1516,pose,1.1397647857666016,100.0,0.00021884700981900096,0.021884700981900096,250.0,0.0011127145262435079,0.27817863156087697,1.0,0.0010209203464910388,0.0010209203464910388,60.0,0.0028163164388388395,0.16897898633033037,0.0,0.0,0.0,800.0,0.0006940693128854036,0.5552554503083229,0.001,114.44602966308594,0.11444602966308594,700000,700000,367
1517,pose,1.1421136856079102,100.0,0.0002181726013077423,0.02181726013077423,250.0,0.0011148712364956737,0.2787178091239184,1.0,0.001024372293613851,0.001024372293613851,60.0,0.0027714369352906942,0.16628621611744165,0.0,0.0,0.0,800.0,0.0007011236157268286,0.5608988925814629,0.001,113.36907958984375,0.11336907958984375,700000,700000,367
1518,pose,1.1417062282562256,100.0,0.00021956724231131375,0.021956724231131375,250.0,0.0011169513454660773,0.27923783636651933,1.0,0.001023921649903059,0.001023921649903059,60.0,0.0027469906490296125,0.16481943894177675,0.0,0.0,0.0,800.0,0.0007034988957457244,0.5627991165965796,0.001,111.86917877197266,0.11186917877197265,700000,700000,363
1519,pose,1.1359944343566895,100.0,0.00022287055617198348,0.022287055617198348,250.0,0.0011195953702554107,0.27989884256385267,1.0,0.0010191217297688127,0.0010191217297688127,60.0,0.0026568728499114513,0.15941237099468708,0.0,0.0,0.0,800.0,0.0007020527264103293,0.5616421811282635,0.001,111.7348861694336,0.1117348861694336,700000,700000,397
1520,pose,1.1189171075820923,100.0,0.0002283335052197799,0.02283335052197799,250.0,0.001121901092119515,0.28047527302987874,1.0,0.0010111962910741568,0.0010111962910741568,60.0,0.0024543863255530596,0.14726317953318357,0.0,0.0,0.0,800.0,0.0006944256601855159,0.5555405281484127,0.001,111.79359436035156,0.11179359436035156,700000,700000,431
1521,pose,1.1222901344299316,100.0,0.00023677291756030172,0.023677291756030172,250.0,0.0011235502315685153,0.2808875578921288,1.0,0.001001073163934052,0.001001073163934052,60.0,0.002668907167389989,0.16013443004339933,0.0,0.0,0.0,800.0,0.0006800636183470488,0.544050894677639,0.001,112.5389404296875,0.1125389404296875,700000,700000,448
1522,pose,1.1178035736083984,100.0,0.0002427906438242644,0.02427906438242644,250.0,0.0011221675667911768,0.2805418916977942,1.0,0.000992479152046144,0.000992479152046144,60.0,0.00274356990121305,0.164614194072783,0.0,0.0,0.0,800.0,0.0006679091602563858,0.5343273282051086,0.001,113.04853820800781,0.11304853820800781,700000,700000,462
1523,pose,1.1113412380218506,100.0,0.0002461753902025521,0.024617539020255208,250.0,0.001119991415180266,0.2799978537950665,1.0,0.0009881958831101656,0.0009881958831101656,60.0,0.002719317562878132,0.1631590537726879,0.0,0.0,0.0,800.0,0.0006622935179620981,0.5298348143696785,0.001,112.74374389648438,0.11274374389648438,700000,700000,478
1524,pose,1.118714451789856,100.0,0.00024601182667538524,0.024601182667538524,250.0,0.0011172842932865024,0.2793210733216256,1.0,0.0009890813380479813,0.0009890813380479813,60.0,0.0028658744413405657,0.17195246648043394,0.0,0.0,0.0,800.0,0.0006618693005293608,0.5294954404234886,0.001,112.3552474975586,0.1123552474975586,700000,700000,459
1525,pose,1.1187235116958618,100.0,0.00024263683008030057,0.024263683008030057,250.0,0.0011152838123962283,0.2788209530990571,1.0,0.0009935142006725073,0.0009935142006725073,60.0,0.0028281223494559526,0.16968734096735716,0.0,0.0,0.0,800.0,0.0006661349907517433,0.5329079926013947,0.001,112.04999542236328,0.11204999542236328,700000,700000,439
1526,pose,1.1144520044326782,100.0,0.00023602657893206924,0.023602657893206924,250.0,0.0011141998693346977,0.27854996733367443,1.0,0.0010016672313213348,0.0010016672313213348,60.0,0.0026736867148429155,0.16042120289057493,0.0,0.0,0.0,800.0,0.0006740737007930875,0.53925896063447,0.001,111.61753845214844,0.11161753845214845,700000,700000,423
1527,pose,1.1270304918289185,100.0,0.00022531456488650292,0.022531456488650292,250.0,0.0011142611037939787,0.2785652759484947,1.0,0.001011942746117711,0.001011942746117711,60.0,0.002738865790888667,0.16433194745332003,0.0,0.0,0.0,800.0,0.0006864239694550633,0.5491391755640507,0.001,111.45063781738281,0.11145063781738282,700000,700000,395
1528,pose,1.1280937194824219,100.0,0.00021795183420181274,0.021795183420181274,250.0,0.0011141346767544746,0.27853366918861866,1.0,0.0010183725971728563,0.0010183725971728563,60.0,0.002674232702702284,0.16045396216213703,0.0,0.0,0.0,800.0,0.0006930861854925752,0.5544689483940601,0.001,111.82351684570312,0.11182351684570313,700000,700000,380
1529,pose,1.1289321184158325,100.0,0.000214933228562586,0.0214933228562586,250.0,0.001113880192860961,0.27847004821524024,1.0,0.0010212203487753868,0.0010212203487753868,60.0,0.0027111228555440903,0.16266737133264542,0.0,0.0,0.0,800.0,0.0006918989238329232,0.5535191390663385,0.001,111.76103210449219,0.11176103210449219,700000,700000,367
1530,pose,1.1277744770050049,100.0,0.00021645869128406048,0.021645869128406048,250.0,0.0011150097707286477,0.2787524426821619,1.0,0.0010198710951954126,0.0010198710951954126,60.0,0.002750255400314927,0.16501532401889563,0.0,0.0,0.0,800.0,0.0006864046445116401,0.5491237156093121,0.001,112.21713256835938,0.11221713256835937,700000,700000,407
1531,pose,1.1181716918945312,100.0,0.0002224315976491198,0.02224315976491198,250.0,0.001118056708946824,0.279514177236706,1.0,0.0010146317072212696,0.0010146317072212696,60.0,0.0026864814572036266,0.1611888874322176,0.0,0.0,0.0,800.0,0.0006766518345102668,0.5413214676082134,0.001,112.88936614990234,0.11288936614990235,700000,700000,431
1532,pose,1.1082713603973389,100.0,0.0002319444320164621,0.02319444320164621,250.0,0.0011220938758924603,0.2805234689731151,1.0,0.0010079157073050737,0.0010079157073050737,60.0,0.002597303129732609,0.15583818778395653,0.0,0.0,0.0,800.0,0.000669071392621845,0.535257114097476,0.001,112.45027160644531,0.11245027160644532,700000,700000,431
1533,pose,1.1091639995574951,100.0,0.000242026086198166,0.0242026086198166,250.0,0.0011253060074523091,0.2813265018630773,1.0,0.0010007764212787151,0.0010007764212787151,60.0,0.0026612766087055206,0.15967659652233124,0.0,0.0,0.0,800.0,0.0006642760126851499,0.5314208101481199,0.001,111.53669738769531,0.11153669738769531,700000,700000,454
1534,pose,1.114597201347351,100.0,0.000248767901211977,0.0248767901211977,250.0,0.0011279766913503408,0.2819941728375852,1.0,0.000997660681605339,0.000997660681605339,60.0,0.0027151808608323336,0.16291085164994001,0.0,0.0,0.0,800.0,0.0006653950549662113,0.532316043972969,0.001,111.50172424316406,0.11150172424316407,700000,700000,479
1535,pose,1.123299479484558,100.0,0.00025160639779642224,0.025160639779642224,250.0,0.0011286984663456678,0.28217461658641696,1.0,0.0009995887521654367,0.0009995887521654367,60.0,0.00281374785117805,0.168824871070683,0.0,0.0,0.0,800.0,0.0006683421088382602,0.5346736870706081,0.001,111.46601104736328,0.11146601104736328,700000,700000,463
1536,pose,1.1134488582611084,100.0,0.0002501977141946554,0.025019771419465542,250.0,0.0011283190688118339,0.28207976720295846,1.0,0.0010050865821540356,0.0010050865821540356,60.0,0.002577883191406727,0.1546729914844036,0.0,0.0,0.0,800.0,0.0006736940122209489,0.5389552097767591,0.001,111.71607208251953,0.11171607208251953,700000,700000,453
1537,pose,1.1206109523773193,100.0,0.0002455302746966481,0.024553027469664812,250.0,0.0011268069501966238,0.28170173754915595,1.0,0.0010147813009098172,0.0010147813009098172,60.0,0.0026224206667393446,0.15734524000436068,0.0,0.0,0.0,800.0,0.0006803669384680688,0.5442935507744551,0.001,111.70262145996094,0.11170262145996095,700000,700000,400
1538,pose,1.135632872581482,100.0,0.00023385300301015377,0.023385300301015377,250.0,0.0011250904062762856,0.2812726015690714,1.0,0.0010260252747684717,0.0010260252747684717,60.0,0.0027983267791569233,0.1678996067494154,0.0,0.0,0.0,800.0,0.0006873075035400689,0.5498460028320551,0.001,112.20333862304688,0.11220333862304688,700000,700000,391
1539,pose,1.1368167400360107,100.0,0.00022504890512209386,0.022504890512209386,250.0,0.0011240174062550068,0.2810043515637517,1.0,0.001033254200592637,0.001033254200592637,60.0,0.002741668140515685,0.1645000884309411,0.0,0.0,0.0,800.0,0.0006909237126819789,0.5527389701455832,0.001,115.03517150878906,0.11503517150878906,700000,700000,367
1540,pose,1.1477320194244385,100.0,0.00021912239026278257,0.021912239026278257,250.0,0.0011228976072743535,0.2807244018185884,1.0,0.001035367022268474,0.001035367022268474,60.0,0.0029222017619758844,0.17533210571855307,0.0,0.0,0.0,800.0,0.0006917444989085197,0.5533955991268158,0.001,115.33226776123047,0.11533226776123047,700000,700000,362
1541,pose,1.1364585161209106,100.0,0.00021684530656784773,0.021684530656784773,250.0,0.0011223610490560532,0.2805902622640133,1.0,0.0010335557162761688,0.0010335557162761688,60.0,0.002792778890579939,0.16756673343479633,0.0,0.0,0.0,800.0,0.0006883281748741865,0.5506625398993492,0.001,114.92097473144531,0.11492097473144532,700000,700000,368
1542,pose,1.1264827251434326,100.0,0.00021813092462252825,0.021813092462252825,250.0,0.001121903071179986,0.2804757677949965,1.0,0.0010276795364916325,0.0010276795364916325,60.0,0.0027767259161919355,0.16660355497151613,0.0,0.0,0.0,800.0,0.0006804356817156076,0.5443485453724861,0.001,112.21414184570312,0.11221414184570312,700000,700000,412
1543,pose,1.115248441696167,100.0,0.00022321674623526633,0.022321674623526633,250.0,0.0011217198334634304,0.2804299583658576,1.0,0.0010174743365496397,0.0010174743365496397,60.0,0.002754596993327141,0.16527581959962845,0.0,0.0,0.0,800.0,0.0006686593987978995,0.5349275190383196,0.001,111.27589416503906,0.11127589416503907,700000,700000,441
1544,pose,1.1152271032333374,100.0,0.00022902575437910855,0.022902575437910855,250.0,0.001122199697420001,0.28054992435500026,1.0,0.0010092570446431637,0.0010092570446431637,60.0,0.00281564355827868,0.1689386134967208,0.0,0.0,0.0,800.0,0.0006633999291807413,0.530719943344593,0.001,111.10676574707031,0.11110676574707032,700000,700000,456
1545,pose,1.1129601001739502,100.0,0.00023260909074451774,0.023260909074451774,250.0,0.0011234682751819491,0.2808670687954873,1.0,0.0010061284992843866,0.0010061284992843866,60.0,0.002747844671830535,0.1648706803098321,0.0,0.0,0.0,800.0,0.0006649421993643045,0.5319537594914436,0.001,111.00148010253906,0.11100148010253906,700000,700000,433
1546,pose,1.1167877912521362,100.0,0.00023342875647358596,0.023342875647358596,250.0,0.0011248416267335415,0.28121040668338537,1.0,0.0010065751848742366,0.0010065751848742366,60.0,0.0027188702952116728,0.16313221771270037,0.0,0.0,0.0,800.0,0.0006711799651384354,0.5369439721107483,0.001,111.15186309814453,0.11115186309814454,700000,700000,415
1547,pose,1.1238495111465454,100.0,0.00023148118634708226,0.023148118634708226,250.0,0.001125731854699552,0.281432963674888,1.0,0.001011644140817225,0.001011644140817225,60.0,0.002766780788078904,0.16600684728473425,0.0,0.0,0.0,800.0,0.0006766336737200618,0.5413069389760494,0.001,110.94290161132812,0.11094290161132812,700000,700000,428
1548,pose,1.1195961236953735,100.0,0.0002291054552188143,0.02291054552188143,250.0,0.001126084360294044,0.281521090073511,1.0,0.0010195712093263865,0.0010195712093263865,60.0,0.002621337305754423,0.1572802383452654,0.0,0.0,0.0,800.0,0.0006788784521631896,0.5431027617305517,0.001,113.76203918457031,0.11376203918457031,700000,700000,406
1549,pose,1.1288330554962158,100.0,0.00022974683088250458,0.022974683088250458,250.0,0.0011286597000434995,0.28216492501087487,1.0,0.001023921649903059,0.001023921649903059,60.0,0.0027327926363795996,0.16396755818277597,0.0,0.0,0.0,800.0,0.0006798321846872568,0.5438657477498055,0.001,114.83625793457031,0.11483625793457032,700000,700000,385
1550,pose,1.1229594945907593,100.0,0.00023208493075799197,0.023208493075799197,250.0,0.0011324675288051367,0.28311688220128417,1.0,0.0010254242224618793,0.0010254242224618793,60.0,0.002616044832393527,0.15696268994361162,0.0,0.0,0.0,800.0,0.0006800213595852256,0.5440170876681805,0.001,114.62890625,0.11462890625,700000,700000,418
1551,pose,1.1230887174606323,100.0,0.00023569943732582033,0.023569943732582033,250.0,0.0011354690650478005,0.28386726626195014,1.0,0.0010236215312033892,0.0010236215312033892,60.0,0.0026366685051470995,0.15820011030882597,0.0,0.0,0.0,800.0,0.0006792916683480144,0.5434333346784115,0.001,112.99446105957031,0.11299446105957031,700000,700000,458
1552,pose,1.128971815109253,100.0,0.00024150306126102805,0.024150306126102805,250.0,0.001135470811277628,0.283867702819407,1.0,0.0010198710951954126,0.0010198710951954126,60.0,0.0028380004223436117,0.1702800253406167,0.0,0.0,0.0,800.0,0.0006717704236507416,0.5374163389205933,0.001,112.23761749267578,0.11223761749267579,700000,700000,474
1553,pose,1.133910894393921,100.0,0.00024512686650268734,0.024512686650268734,250.0,0.0011349777923896909,0.2837444480974227,1.0,0.0010194213828071952,0.0010194213828071952,60.0,0.00297905714251101,0.1787434285506606,0.0,0.0,0.0,800.0,0.0006671741139143705,0.5337392911314964,0.001,112.15167999267578,0.11215167999267578,700000,700000,479
1554,pose,1.1213746070861816,100.0,0.00024659238988533616,0.024659238988533616,250.0,0.0011339753400534391,0.2834938350133598,1.0,0.0010212203487753868,0.0010212203487753868,60.0,0.0027989305090159178,0.16793583054095507,0.0,0.0,0.0,800.0,0.000665309838950634,0.5322478711605072,0.001,112.01655578613281,0.11201655578613282,700000,700000,454
1555,pose,1.127892255783081,100.0,0.00024501298321411014,0.024501298321411014,250.0,0.00113288639113307,0.2832215977832675,1.0,0.0010236215312033892,0.0010236215312033892,60.0,0.0028796205297112465,0.1727772317826748,0.0,0.0,0.0,800.0,0.0006677169003523886,0.5341735202819109,0.001,112.19499206542969,0.1121949920654297,700000,700000,421
1556,pose,1.1272653341293335,100.0,0.00023920016246847808,0.02392001624684781,250.0,0.0011308150133118033,0.28270375332795084,1.0,0.0010225705336779356,0.0010225705336779356,60.0,0.0028501523192971945,0.17100913915783167,0.0,0.0,0.0,800.0,0.0006707825814373791,0.5366260651499033,0.001,111.98375701904297,0.11198375701904296,700000,700000,401
1557,pose,1.1297879219055176,100.0,0.00023357811733148992,0.023357811733148992,250.0,0.0011288473615422845,0.2822118403855711,1.0,0.0010177737567573786,0.0010177737567573786,60.0,0.002872744807973504,0.17236468847841024,0.0,0.0,0.0,800.0,0.000673734291922301,0.5389874335378408,0.001,111.84834289550781,0.11184834289550781,700000,700000,388
1558,pose,1.1308578252792358,100.0,0.00022712662757840008,0.022712662757840008,250.0,0.00112823152448982,0.282057881122455,1.0,0.0010129880392923951,0.0010129880392923951,60.0,0.0028052774723619223,0.16831664834171534,0.0,0.0,0.0,800.0,0.0006740824319422245,0.5392659455537796,0.001,117.49168395996094,0.11749168395996094,700000,700000,408
1559,pose,1.1314425468444824,100.0,0.00022259331308305264,0.022259331308305264,250.0,0.0011269222013652325,0.2817305503413081,1.0,0.0010085118701681495,0.0010085118701681495,60.0,0.0028763816226273775,0.17258289735764265,0.0,0.0,0.0,800.0,0.0006713816546835005,0.5371053237468004,0.001,116.75594329833984,0.11675594329833984,700000,700000,437
1560,pose,1.1248503923416138,100.0,0.0002196616551373154,0.02196616551373154,250.0,0.0011261289473623037,0.28153223684057593,1.0,0.0010082137305289507,0.0010082137305289507,60.0,0.0027897164691239595,0.16738298814743757,0.0,0.0,0.0,800.0,0.0006720416131429374,0.5376332905143499,0.001,115.32749938964844,0.11532749938964844,700000,700000,434
1561,pose,1.1264839172363281,100.0,0.00021639454644173384,0.021639454644173384,250.0,0.0011264750501140952,0.2816187625285238,1.0,0.001011942746117711,0.001011942746117711,60.0,0.0027221180498600006,0.16332708299160004,0.0,0.0,0.0,800.0,0.0006785104051232338,0.542808324098587,0.001,116.07835388183594,0.11607835388183595,700000,700000,428
1562,pose,1.1210951805114746,100.0,0.00021903622837271541,0.02190362283727154,250.0,0.001129594980739057,0.28239874518476427,1.0,0.001013286761008203,0.001013286761008203,60.0,0.0026491812895983458,0.15895087737590075,0.0,0.0,0.0,800.0,0.0006809475598856807,0.5447580479085445,0.001,112.07049560546875,0.11207049560546875,700000,700000,445
1563,pose,1.1259326934814453,100.0,0.00022468679526355118,0.022468679526355118,250.0,0.0011337085161358118,0.28342712903395295,1.0,0.0010177737567573786,0.0010177737567573786,60.0,0.0026564502622932196,0.15938701573759317,0.0,0.0,0.0,800.0,0.0006850697682239115,0.5480558145791292,0.001,111.57627868652344,0.11157627868652344,700000,700000,403
1564,pose,1.1262967586517334,100.0,0.0002342449442949146,0.02342449442949146,250.0,0.0011368716368451715,0.28421790921129286,1.0,0.0010191217297688127,0.0010191217297688127,60.0,0.002675725147128105,0.1605435088276863,0.0,0.0,0.0,800.0,0.0006817119428887963,0.5453695543110371,0.001,111.7221450805664,0.11172214508056641,700000,700000,409
1565,pose,1.1223211288452148,100.0,0.00024357360962312669,0.02435736096231267,250.0,0.0011394998291507363,0.2848749572876841,1.0,0.0010164264822378755,0.0010164264822378755,60.0,0.0026753784622997046,0.16052270773798227,0.0,0.0,0.0,800.0,0.0006746071157976985,0.5396856926381588,0.001,111.86405181884766,0.11186405181884766,700000,700000,450
1566,pose,1.112816333770752,100.0,0.000247345888055861,0.0247345888055861,250.0,0.0011385882971808314,0.28464707429520786,1.0,0.0010161271784454584,0.0010161271784454584,60.0,0.0026069784071296453,0.15641870442777872,0.0,0.0,0.0,800.0,0.0006676060147583485,0.5340848118066788,0.001,111.91494750976562,0.11191494750976563,700000,700000,426
1567,pose,1.1158157587051392,100.0,0.00024735560873523355,0.024735560873523355,250.0,0.001136230886913836,0.284057721728459,1.0,0.0010188219603151083,0.0010188219603151083,60.0,0.002709737280383706,0.16258423682302237,0.0,0.0,0.0,800.0,0.0006646182155236602,0.5316945724189281,0.001,111.72470092773438,0.11172470092773437,700000,700000,436
1568,pose,1.1217929124832153,100.0,0.0002415827475488186,0.02415827475488186,250.0,0.0011335534509271383,0.2833883627317846,1.0,0.001023921649903059,0.001023921649903059,60.0,0.0027634555008262396,0.16580733004957438,0.0,0.0,0.0,800.0,0.0006692035822197795,0.5353628657758236,0.001,112.05217742919922,0.11205217742919922,700000,700000,395
1569,pose,1.1321226358413696,100.0,0.0002333817828912288,0.02333817828912288,250.0,0.0011313010472804308,0.2828252618201077,1.0,0.0010246727615594864,0.0010246727615594864,60.0,0.0028084542136639357,0.16850725281983614,0.0,0.0,0.0,800.0,0.0006751874461770058,0.5401499569416046,0.001,116.27728271484375,0.11627728271484375,700000,700000,366
1570,pose,1.133652687072754,100.0,0.00022600212832912803,0.022600212832912803,250.0,0.0011291567934677005,0.2822891983669251,1.0,0.0010225705336779356,0.0010225705336779356,60.0,0.0027519704308360815,0.1651182258501649,0.0,0.0,0.0,800.0,0.000680843077134341,0.5446744617074728,0.001,117.94811248779297,0.11794811248779297,700000,700000,386
1571,pose,1.1183300018310547,100.0,0.00022100550995673984,0.022100550995673984,250.0,0.001126074930652976,0.281518732663244,1.0,0.0010177737567573786,0.0010177737567573786,60.0,0.00254981336183846,0.1529888017103076,0.0,0.0,0.0,800.0,0.0006834968226030469,0.5467974580824375,0.001,113.90666961669922,0.11390666961669922,700000,700000,382
1572,pose,1.1143410205841064,100.0,0.00021894385281484574,0.021894385281484574,250.0,0.001123366761021316,0.280841690255329,1.0,0.0010103011736646295,0.0010103011736646295,60.0,0.0025637387298047543,0.15382432378828526,0.0,0.0,0.0,800.0,0.0006814716616645455,0.5451773293316364,0.001,111.593017578125,0.11159301757812501,700000,700000,414
1573,pose,1.1074326038360596,100.0,0.0002206923090852797,0.02206923090852797,250.0,0.0011206300696358085,0.2801575174089521,1.0,0.0010007764212787151,0.0010007764212787151,60.0,0.0025804045144468546,0.15482427086681128,0.0,0.0,0.0,800.0,0.0006725070998072624,0.5380056798458099,0.001,111.37515258789062,0.11137515258789063,700000,700000,438
1574,pose,1.1192017793655396,100.0,0.00022814607655163854,0.022814607655163854,250.0,0.0011182596208527684,0.2795649052131921,1.0,0.0009902624879032373,0.0009902624879032373,60.0,0.00295710819773376,0.1774264918640256,0.0,0.0,0.0,800.0,0.0006586677627637982,0.5269342102110386,0.001,111.47128295898438,0.11147128295898438,700000,700000,473
1575,pose,1.1218127012252808,100.0,0.00023321549815591425,0.023321549815591425,250.0,0.0011164017487317324,0.2791004371829331,1.0,0.0009848055196925998,0.0009848055196925998,60.0,0.0031085743103176355,0.18651445861905813,0.0,0.0,0.0,800.0,0.000650678004603833,0.5205424036830664,0.001,111.34893798828125,0.11134893798828126,700000,700000,501
1576,pose,1.120835304260254,100.0,0.0002358017081860453,0.02358017081860453,250.0,0.001114963088184595,0.2787407720461488,1.0,0.000983774894848466,0.000983774894848466,60.0,0.003130147699266672,0.18780886195600033,0.0,0.0,0.0,800.0,0.000647704117000103,0.5181632936000824,0.001,111.5584487915039,0.11155844879150391,700000,700000,481
1577,pose,1.109764575958252,100.0,0.0002360289654461667,0.02360289654461667,250.0,0.0011138474801555276,0.2784618700388819,1.0,0.0009864262538030744,0.0009864262538030744,60.0,0.002929252339527011,0.17575514037162066,0.0,0.0,0.0,800.0,0.0006492369575425982,0.5193895660340786,0.001,111.5687026977539,0.1115687026977539,700000,700000,465
1578,pose,1.1087651252746582,100.0,0.0002339197089895606,0.02339197089895606,250.0,0.0011132197687402368,0.2783049421850592,1.0,0.0009929228108376265,0.0009929228108376265,60.0,0.002846505492925644,0.17079032957553864,0.0,0.0,0.0,800.0,0.0006547954399138689,0.5238363519310951,0.001,111.44857025146484,0.11144857025146485,700000,700000,463
1579,pose,1.1092077493667603,100.0,0.00022997565974947065,0.022997565974947065,250.0,0.0011132040526717901,0.27830101316794753,1.0,0.0010027074022218585,0.0010027074022218585,60.0,0.0027121936436742544,0.16273161862045527,0.0,0.0,0.0,800.0,0.0006638994673267007,0.5311195738613605,0.001,113.05526733398438,0.11305526733398438,700000,700000,429
1580,pose,1.1303045749664307,100.0,0.0002256791340187192,0.02256791340187192,250.0,0.0011140195420011878,0.27850488550029695,1.0,0.001013286761008203,0.001013286761008203,60.0,0.0029436449985951185,0.1766186999157071,0.0,0.0,0.0,800.0,0.0006752070621587336,0.5401656497269869,0.001,111.43423461914062,0.11143423461914062,700000,700000,395
1581,pose,1.139283299446106,100.0,0.00022347409685608,0.022347409685608,250.0,0.0011160128051415086,0.27900320128537714,1.0,0.0010198710951954126,0.0010198710951954126,60.0,0.002993836300447583,0.179630178026855,0.0,0.0,0.0,800.0,0.000682242214679718,0.5457937717437744,0.001,111.48895263671875,0.11148895263671875,700000,700000,366
1582,pose,1.1367812156677246,100.0,0.0002225658972747624,0.02225658972747624,250.0,0.0011184869799762964,0.2796217449940741,1.0,0.0010218204697594047,0.0010218204697594047,60.0,0.0028677484951913357,0.17206490971148014,0.0,0.0,0.0,800.0,0.0006853631930425763,0.548290554434061,0.001,113.52557373046875,0.11352557373046875,700000,700000,368
1583,pose,1.1309071779251099,100.0,0.00022335232642944902,0.022335232642944902,250.0,0.0011218939907848835,0.2804734976962209,1.0,0.0010201706318184733,0.0010201706318184733,60.0,0.0027655567973852158,0.16593340784311295,0.0,0.0,0.0,800.0,0.0006843575974926353,0.5474860779941082,0.001,113.65873718261719,0.1136587371826172,700000,700000,388
1584,pose,1.1197583675384521,100.0,0.0002270005934406072,0.02270005934406072,250.0,0.0011262668995186687,0.28156672487966716,1.0,0.001014332752674818,0.001014332752674818,60.0,0.002647523069754243,0.15885138418525457,0.0,0.0,0.0,800.0,0.0006795023800805211,0.5436019040644169,0.001,112.02400207519531,0.11202400207519532,700000,700000,414
1585,pose,1.1261868476867676,100.0,0.00023244984913617373,0.023244984913617373,250.0,0.001130254240706563,0.28256356017664075,1.0,0.0010055330349132419,0.0010055330349132419,60.0,0.0028584618121385574,0.17150770872831345,0.0,0.0,0.0,800.0,0.0006698776851408184,0.5359021481126547,0.001,111.96292114257812,0.11196292114257812,700000,700000,455
1586,pose,1.1123461723327637,100.0,0.0002355371689191088,0.02355371689191088,250.0,0.0011339171323925257,0.2834792830981314,1.0,0.001001073163934052,0.001001073163934052,60.0,0.002664382802322507,0.15986296813935041,0.0,0.0,0.0,800.0,0.0006651933654211462,0.5321546923369169,0.001,112.29440307617188,0.11229440307617188,700000,700000,476
1587,pose,1.110193133354187,100.0,0.00023649452487006783,0.023649452487006783,250.0,0.0011366786202415824,0.2841696550603956,1.0,0.000999737181700766,0.000999737181700766,60.0,0.002609324874356389,0.15655949246138334,0.0,0.0,0.0,800.0,0.0006637825863435864,0.5310260690748692,0.001,113.78866577148438,0.11378866577148437,700000,700000,454
1588,pose,1.1218302249908447,100.0,0.00023497408255934715,0.023497408255934715,250.0,0.001138002029620111,0.28450050740502775,1.0,0.0010013701394200325,0.0010013701394200325,60.0,0.0027585949283093214,0.16551569569855928,0.0,0.0,0.0,800.0,0.0006663835374638438,0.5331068299710751,0.001,114.20841979980469,0.11420841979980469,700000,700000,459
1589,pose,1.1118489503860474,100.0,0.00023134253569878638,0.023134253569878638,250.0,0.0011379963252693415,0.28449908131733537,1.0,0.0010053841397166252,0.0010053841397166252,60.0,0.0025249358732253313,0.15149615239351988,0.0,0.0,0.0,800.0,0.000673407397698611,0.5387259181588888,0.001,112.9881591796875,0.1129881591796875,700000,700000,426
1590,pose,1.1278830766677856,100.0,0.00022643960255663842,0.022643960255663842,250.0,0.0011343901278451085,0.2835975319612771,1.0,0.0010122413514181972,0.0010122413514181972,60.0,0.002714546164497733,0.162872769869864,0.0,0.0,0.0,800.0,0.000683826336171478,0.5470610689371824,0.001,110.69547271728516,0.11069547271728516,700000,700000,397
1591,pose,1.130267858505249,100.0,0.0002253139828098938,0.02253139828098938,250.0,0.0011320665944367647,0.2830166486091912,1.0,0.0010147813009098172,0.0010147813009098172,60.0,0.0027233478613197803,0.16340087167918682,0.0,0.0,0.0,800.0,0.0006872181547805667,0.5497745238244534,0.001,110.5296630859375,0.11052966308593751,700000,700000,405
1592,pose,1.1293771266937256,100.0,0.00022747513139620423,0.022747513139620423,250.0,0.0011295785661786795,0.28239464154466987,1.0,0.0010146317072212696,0.0010146317072212696,60.0,0.002773068845272064,0.16638413071632385,0.0,0.0,0.0,800.0,0.0006830801721662283,0.5464641377329826,0.001,110.37211608886719,0.11037211608886718,700000,700000,387
1593,pose,1.1251096725463867,100.0,0.0002311446296516806,0.02311446296516806,250.0,0.0011281301267445087,0.2820325316861272,1.0,0.0010111962910741568,0.0010111962910741568,60.0,0.0027986897621303797,0.16792138572782278,0.0,0.0,0.0,800.0,0.0006756764487363398,0.5405411589890718,0.001,110.48884582519531,0.11048884582519532,700000,700000,401
1594,pose,1.1068390607833862,100.0,0.00023596138635184616,0.023596138635184616,250.0,0.0011280118487775326,0.28200296219438314,1.0,0.00100642628967762,0.00100642628967762,60.0,0.002610035240650177,0.15660211443901062,0.0,0.0,0.0,800.0,0.0006663153180852532,0.5330522544682026,0.001,110.57911682128906,0.11057911682128907,700000,700000,430
1595,pose,1.1146775484085083,100.0,0.00023946177680045366,0.023946177680045366,250.0,0.0011301878839731216,0.2825469709932804,1.0,0.0010021129855886102,0.0010021129855886102,60.0,0.0027763291727751493,0.16657975036650896,0.0,0.0,0.0,800.0,0.0006605461821891367,0.5284369457513094,0.001,112.16555786132812,0.11216555786132813,700000,700000,454
1596,pose,1.1020580530166626,100.0,0.0002408590808045119,0.02408590808045119,250.0,0.001133012236095965,0.2832530590239912,1.0,0.0010013701394200325,0.0010013701394200325,60.0,0.0025327482726424932,0.1519648963585496,0.0,0.0,0.0,800.0,0.0006609066622331738,0.5287253297865391,0.001,113.02739715576172,0.11302739715576172,700000,700000,473
1597,pose,1.118825078010559,100.0,0.00024038524134084582,0.024038524134084582,250.0,0.001135693397372961,0.28392334934324026,1.0,0.0010030044941231608,0.0010030044941231608,60.0,0.00275365449488163,0.1652192696928978,0.0,0.0,0.0,800.0,0.0006644866662099957,0.5315893329679966,0.001,113.05148315429688,0.11305148315429688,700000,700000,476
1598,pose,1.1218407154083252,100.0,0.00023810355924069881,0.02381035592406988,250.0,0.0011383016826584935,0.2845754206646234,1.0,0.0010077666956931353,0.0010077666956931353,60.0,0.0027142202015966177,0.16285321209579706,0.0,0.0,0.0,800.0,0.0006715412018820643,0.5372329615056515,0.001,112.36091613769531,0.11236091613769532,700000,700000,441
1599,pose,1.1259088516235352,100.0,0.0002355906181037426,0.02355906181037426,250.0,0.0011390557046979666,0.28476392617449164,1.0,0.0010123904794454575,0.0010123904794454575,60.0,0.0027256535831838846,0.16353921499103308,0.0,0.0,0.0,800.0,0.0006767878076061606,0.5414302460849285,0.001,111.60397338867188,0.11160397338867188,700000,700000,419
1600,pose,1.119152545928955,100.0,0.00023543053248431534,0.023543053248431534,250.0,0.001138548832386732,0.284637208096683,1.0,0.0010122413514181972,0.0010122413514181972,60.0,0.00261485343798995,0.156891206279397,0.0,0.0,0.0,800.0,0.0006775823421776295,0.5420658737421036,0.001,111.00291442871094,0.11100291442871094,700000,700000,388
1601,pose,1.1270147562026978,100.0,0.00023676564160268754,0.023676564160268754,250.0,0.0011378498747944832,0.2844624686986208,1.0,0.0010088097769767046,0.0010088097769767046,60.0,0.0027806246653199196,0.16683747991919518,0.0,0.0,0.0,800.0,0.000675504095852375,0.5404032766819,0.001,110.62611389160156,0.11062611389160157,700000,700000,389
1602,pose,1.1196399927139282,100.0,0.00023765978403389454,0.023765978403389454,250.0,0.0011367886327207088,0.2841971581801772,1.0,0.0010021129855886102,0.0010021129855886102,60.0,0.0027238319162279367,0.1634299149736762,0.0,0.0,0.0,800.0,0.0006708806613460183,0.5367045290768147,0.001,110.54031372070312,0.11054031372070312,700000,700000,417
1603,pose,1.1105341911315918,100.0,0.000236473570112139,0.0236473570112139,250.0,0.0011353656882420182,0.28384142206050456,1.0,0.0009972159750759602,0.0009972159750759602,60.0,0.0026780990883708,0.160685945302248,0.0,0.0,0.0,800.0,0.0006635282770730555,0.5308226216584444,0.001,110.53956604003906,0.11053956604003906,700000,700000,418
1604,pose,1.1098556518554688,100.0,0.00023398789926432073,0.023398789926432073,250.0,0.0011345093371346593,0.2836273342836648,1.0,0.0009929228108376265,0.0009929228108376265,60.0,0.002750882413238287,0.16505294479429722,0.0,0.0,0.0,800.0,0.0006570127443410456,0.5256101954728365,0.001,111.17350006103516,0.11117350006103516,700000,700000,438
1605,pose,1.1118333339691162,100.0,0.00023000527289696038,0.023000527289696038,250.0,0.0011345569510012865,0.2836392377503216,1.0,0.0009929228108376265,0.0009929228108376265,60.0,0.0027567357756197453,0.16540414653718472,0.0,0.0,0.0,800.0,0.000658817938528955,0.527054350823164,0.001,111.74209594726562,0.11174209594726563,700000,700000,453
1606,pose,1.1095941066741943,100.0,0.00022665188589598984,0.022665188589598984,250.0,0.0011349390260875225,0.2837347565218806,1.0,0.0009958826703950763,0.0009958826703950763,60.0,0.0026209286879748106,0.15725572127848864,0.0,0.0,0.0,800.0,0.00066571612842381,0.532572902739048,0.001,112.36962890625,0.11236962890625,700000,700000,462
1607,pose,1.1037983894348145,100.0,0.00023046942078508437,0.023046942078508437,250.0,0.0011358711635693908,0.2839677908923477,1.0,0.0009982538176700473,0.0009982538176700473,60.0,0.002445044694468379,0.14670268166810274,0.0,0.0,0.0,800.0,0.000671832705847919,0.5374661646783352,0.001,111.61656951904297,0.11161656951904297,700000,700000,457
1608,pose,1.1168104410171509,100.0,0.00023751991102471948,0.023751991102471948,250.0,0.001136547769419849,0.28413694235496223,1.0,0.0010013701394200325,0.0010013701394200325,60.0,0.0026246728375554085,0.1574803702533245,0.0,0.0,0.0,800.0,0.0006743179401382804,0.5394543521106243,0.001,110.98536682128906,0.11098536682128907,700000,700000,421
1609,pose,1.112034559249878,100.0,0.0002474384382367134,0.02474384382367134,250.0,0.0011375019093975425,0.2843754773493856,1.0,0.001000627875328064,0.001000627875328064,60.0,0.0025856008287519217,0.1551360497251153,0.0,0.0,0.0,800.0,0.0006702764076180756,0.5362211260944605,0.001,110.55735778808594,0.11055735778808594,700000,700000,412
1610,pose,1.107303500175476,100.0,0.0002541425346862525,0.025414253468625247,250.0,0.0011369840940460563,0.28424602351151407,1.0,0.000997660681605339,0.000997660681605339,60.0,0.002599936444312334,0.15599618665874004,0.0,0.0,0.0,800.0,0.0006629630806855857,0.5303704645484686,0.001,110.2789306640625,0.1102789306640625,700000,700000,432
1611,pose,1.119841456413269,100.0,0.0002559154527261853,0.025591545272618532,250.0,0.0011364156380295753,0.28410390950739384,1.0,0.0009986988734453917,0.0009986988734453917,60.0,0.002818840555846691,0.16913043335080147,0.0,0.0,0.0,800.0,0.0006621418287977576,0.5297134630382061,0.001,110.30339050292969,0.11030339050292969,700000,700000,389
1612,pose,1.1093460321426392,100.0,0.0002535635430831462,0.02535635430831462,250.0,0.0011359957279637456,0.2839989319909364,1.0,0.000997957307845354,0.000997957307845354,60.0,0.0026773421559482813,0.16064052935689688,0.0,0.0,0.0,800.0,0.0006597901228815317,0.5278320983052254,0.001,110.52012634277344,0.11052012634277344,700000,700000,387
1613,pose,1.1006464958190918,100.0,0.0002441465621814132,0.024414656218141317,250.0,0.0011365177342668176,0.2841294335667044,1.0,0.0009958826703950763,0.0009958826703950763,60.0,0.0025238217785954475,0.15142930671572685,0.0,0.0,0.0,800.0,0.0006608605035580695,0.5286884028464556,0.001,110.9887466430664,0.1109887466430664,700000,700000,405
1614,pose,1.1103706359863281,100.0,0.00023402398801408708,0.023402398801408708,250.0,0.0011359350755810738,0.28398376889526844,1.0,0.0009918876457959414,0.0009918876457959414,60.0,0.002694543683901429,0.16167262103408575,0.0,0.0,0.0,800.0,0.0006615042802877724,0.5292034242302179,0.001,111.11653137207031,0.11111653137207031,700000,700000,445
1615,pose,1.1073886156082153,100.0,0.00022444670321419835,0.022444670321419835,250.0,0.0011361547512933612,0.2840386878233403,1.0,0.0009915920672938228,0.0009915920672938228,60.0,0.002569440519437194,0.15416643116623163,0.0,0.0,0.0,800.0,0.0006681369268335402,0.5345095414668322,0.001,111.23770141601562,0.11123770141601563,700000,700000,419
1616,pose,1.112057089805603,100.0,0.00022308476036414504,0.022308476036414504,250.0,0.0011376681504771113,0.28441703761927783,1.0,0.0009879007702693343,0.0009879007702693343,60.0,0.0026202513836324215,0.1572150830179453,0.0,0.0,0.0,800.0,0.0006700604571960866,0.5360483657568693,0.001,111.08027648925781,0.11108027648925782,700000,700000,427
1617,pose,1.1046861410140991,100.0,0.00022674706997349858,0.02267470699734986,250.0,0.0011391884181648493,0.2847971045412123,1.0,0.000986721133813262,0.000986721133813262,60.0,0.0024827790912240744,0.14896674547344446,0.0,0.0,0.0,800.0,0.0006693053292110562,0.535444263368845,0.001,111.81654357910156,0.11181654357910156,700000,700000,418
1618,pose,1.1059608459472656,100.0,0.00023628861526958644,0.023628861526958644,250.0,0.0011411019368097186,0.28527548420242965,1.0,0.0009820092236623168,0.0009820092236623168,60.0,0.002577967708930373,0.1546780625358224,0.0,0.0,0.0,800.0,0.0006622901419177651,0.5298321135342121,0.001,111.56432342529297,0.11156432342529297,700000,700000,434
1619,pose,1.0985745191574097,100.0,0.0002462992852088064,0.02462992852088064,250.0,0.0011424324475228786,0.28560811188071966,1.0,0.0009787761373445392,0.0009787761373445392,60.0,0.0025092114228755236,0.15055268537253141,0.0,0.0,0.0,800.0,0.0006564962677657604,0.5251970142126083,0.001,111.60804748535156,0.11160804748535157,700000,700000,403
1620,pose,1.1178644895553589,100.0,0.00024907279293984175,0.024907279293984175,250.0,0.0011436821660026908,0.2859205415006727,1.0,0.0009790698532015085,0.0009790698532015085,60.0,0.002820781897753477,0.16924691386520863,0.0,0.0,0.0,800.0,0.0006563723436556756,0.5250978749245405,0.001,111.71284484863281,0.11171284484863281,700000,700000,449
1621,pose,1.1166894435882568,100.0,0.00024774359189905226,0.024774359189905226,250.0,0.0011443371186032891,0.2860842796508223,1.0,0.0009827446192502975,0.0009827446192502975,60.0,0.0027454253286123276,0.16472551971673965,0.0,0.0,0.0,800.0,0.000661418482195586,0.5291347857564688,0.001,110.98761749267578,0.11098761749267579,700000,700000,412
1622,pose,1.1125497817993164,100.0,0.00024100147129502147,0.024100147129502147,250.0,0.0011445083655416965,0.28612709138542414,1.0,0.0009848055196925998,0.0009848055196925998,60.0,0.002602539025247097,0.15615234151482582,0.0,0.0,0.0,800.0,0.0006690591690130532,0.5352473352104425,0.001,109.93795776367188,0.10993795776367188,700000,700000,405
1623,pose,1.1162530183792114,100.0,0.00023527588928118348,0.023527588928118348,250.0,0.001144086942076683,0.28602173551917076,1.0,0.000983774894848466,0.000983774894848466,60.0,0.0026299385353922844,0.15779631212353706,0.0,0.0,0.0,800.0,0.0006726190913468599,0.538095273077488,0.001,109.82831573486328,0.10982831573486328,700000,700000,387
1624,pose,1.1181004047393799,100.0,0.0002323416410945356,0.02323416410945356,250.0,0.0011437725042924285,0.2859431260731071,1.0,0.0009800981497392058,0.0009800981497392058,60.0,0.002669792389497161,0.16018754336982965,0.0,0.0,0.0,800.0,0.0006710785091854632,0.5368628073483706,0.001,110.89261627197266,0.11089261627197265,700000,700000,413
1625,pose,1.1030280590057373,100.0,0.0002339449420105666,0.02339449420105666,250.0,0.001144537702202797,0.28613442555069923,1.0,0.0009726189891807735,0.0009726189891807735,60.0,0.0024998411536216736,0.14999046921730042,0.0,0.0,0.0,800.0,0.0006646716501563787,0.531737320125103,0.001,110.79869842529297,0.11079869842529297,700000,700000,437
1626,pose,1.1030900478363037,100.0,0.00023713853443041444,0.023713853443041444,250.0,0.0011457735672593117,0.2864433918148279,1.0,0.000968232867307961,0.000968232867307961,60.0,0.0025549372658133507,0.15329623594880104,0.0,0.0,0.0,800.0,0.0006598393083550036,0.5278714466840029,0.001,110.79692077636719,0.11079692077636719,700000,700000,438
1627,pose,1.107435703277588,100.0,0.00023866130504757166,0.023866130504757166,250.0,0.001146457507275045,0.28661437681876123,1.0,0.0009676488698460162,0.0009676488698460162,60.0,0.002638796577230096,0.15832779463380575,0.0,0.0,0.0,800.0,0.0006583492504432797,0.5266794003546238,0.001,110.9804458618164,0.1109804458618164,700000,700000,438
1628,pose,1.1091772317886353,100.0,0.00023680574668105692,0.02368057466810569,250.0,0.0011470788158476353,0.2867697039619088,1.0,0.0009713021572679281,0.0009713021572679281,60.0,0.002631677547469735,0.1579006528481841,0.0,0.0,0.0,800.0,0.00066039536613971,0.528316292911768,0.001,111.53871154785156,0.11153871154785157,700000,700000,415
1629,pose,1.113315224647522,100.0,0.00023343470820691437,0.023343470820691437,250.0,0.001147377653978765,0.28684441349469125,1.0,0.0009790698532015085,0.0009790698532015085,60.0,0.002637858735397458,0.15827152412384748,0.0,0.0,0.0,800.0,0.0006651458097621799,0.5321166478097439,0.001,111.76008605957031,0.11176008605957032,700000,700000,398
1630,pose,1.120306372642517,100.0,0.00023207615595310926,0.023207615595310926,250.0,0.0011477625230327249,0.2869406307581812,1.0,0.0009820092236623168,0.0009820092236623168,60.0,0.002730664098635316,0.16383984591811895,0.0,0.0,0.0,800.0,0.0006673145107924938,0.5338516086339951,0.001,111.48463439941406,0.11148463439941407,700000,700000,388
1631,pose,1.1182515621185303,100.0,0.0002358737838221714,0.02358737838221714,250.0,0.0011475894134491682,0.28689735336229205,1.0,0.0009803918655961752,0.0009803918655961752,60.0,0.002734654350206256,0.16407926101237535,0.0,0.0,0.0,800.0,0.0006645153043791652,0.5316122435033321,0.001,111.09493255615234,0.11109493255615234,700000,700000,391
1632,pose,1.1054327487945557,100.0,0.00024060290888883173,0.024060290888883173,250.0,0.001147379050962627,0.28684476274065673,1.0,0.0009746692376211286,0.0009746692376211286,60.0,0.002602288732305169,0.15613732393831015,0.0,0.0,0.0,800.0,0.0006582161877304316,0.5265729501843452,0.001,110.84286499023438,0.11084286499023438,700000,700000,424
1633,pose,1.1019688844680786,100.0,0.00024600481265224516,0.024600481265224516,250.0,0.0011465800926089287,0.28664502315223217,1.0,0.0009660435025580227,0.0009660435025580227,60.0,0.0026604931335896254,0.15962958801537752,0.0,0.0,0.0,800.0,0.0006492582615464926,0.5194066092371941,0.001,110.72114562988281,0.11072114562988282,700000,700000,449
1634,pose,1.1116660833358765,100.0,0.0002480520633980632,0.02480520633980632,250.0,0.0011442938121035695,0.2860734530258924,1.0,0.0009613812435418367,0.0009613812435418367,60.0,0.0028944893274456263,0.17366935964673758,0.0,0.0,0.0,800.0,0.0006444536847993731,0.5155629478394985,0.001,110.59367370605469,0.11059367370605469,700000,700000,453
1635,pose,1.1013790369033813,100.0,0.0002473490603733808,0.024734906037338078,250.0,0.001142227672971785,0.28555691824294627,1.0,0.0009602174977771938,0.0009602174977771938,60.0,0.0027232011780142784,0.1633920706808567,0.0,0.0,0.0,800.0,0.0006451488006860018,0.5161190405488014,0.001,110.61585998535156,0.11061585998535156,700000,700000,460
1636,pose,1.109748125076294,100.0,0.00024425965966656804,0.024425965966656804,250.0,0.0011399633949622512,0.2849908487405628,1.0,0.0009619634365662932,0.0009619634365662932,60.0,0.002803973387926817,0.16823840327560902,0.0,0.0,0.0,800.0,0.0006505958735942841,0.5204766988754272,0.001,110.65424346923828,0.11065424346923829,700000,700000,454
1637,pose,1.1109893321990967,100.0,0.0002391382586210966,0.02391382586210966,250.0,0.001137944869697094,0.2844862174242735,1.0,0.0009676488698460162,0.0009676488698460162,60.0,0.002713654423132539,0.16281926538795233,0.0,0.0,0.0,800.0,0.0006600436754524708,0.5280349403619766,0.001,110.76747131347656,0.11076747131347657,700000,700000,421
1638,pose,1.1322004795074463,100.0,0.00023259545559994876,0.023259545559994876,250.0,0.001137958955951035,0.28448973898775876,1.0,0.0009759883978404105,0.0009759883978404105,60.0,0.0028820394072681665,0.17292236443609,0.0,0.0,0.0,800.0,0.0006744395941495895,0.5395516753196716,0.001,111.00119018554688,0.11100119018554688,700000,700000,367
1639,pose,1.1404814720153809,100.0,0.0002287203533342108,0.02287203533342108,250.0,0.0011382654774934053,0.28456636937335134,1.0,0.0009798043174669147,0.0009798043174669147,60.0,0.002916551660746336,0.17499309964478016,0.0,0.0,0.0,800.0,0.0006820897106081247,0.5456717684864998,0.001,111.39840698242188,0.11139840698242187,700000,700000,346
1640,pose,1.1264569759368896,100.0,0.00022699538385495543,0.022699538385495543,250.0,0.0011392480228096247,0.28481200570240617,1.0,0.0009811269119381905,0.0009811269119381905,60.0,0.0026440743822604418,0.1586444629356265,0.0,0.0,0.0,800.0,0.0006845764582976699,0.5476611666381359,0.001,111.65872192382812,0.11165872192382813,700000,700000,355
1641,pose,1.1249638795852661,100.0,0.00022813740361016244,0.022813740361016244,250.0,0.0011402253294363618,0.28505633235909045,1.0,0.0009798043174669147,0.0009798043174669147,60.0,0.002667111810296774,0.16002670861780643,0.0,0.0,0.0,800.0,0.0006803000578656793,0.5442400462925434,0.001,111.84732055664062,0.11184732055664062,700000,700000,368
1642,pose,1.1240675449371338,100.0,0.0002317561156814918,0.02317561156814918,250.0,0.001141360611654818,0.2853401529137045,1.0,0.0009749623131938279,0.0009749623131938279,60.0,0.002761747920885682,0.16570487525314093,0.0,0.0,0.0,800.0,0.000671432469971478,0.5371459759771824,0.001,111.72590637207031,0.11172590637207032,700000,700000,407
1643,pose,1.1086050271987915,100.0,0.00023656408302485943,0.023656408302485943,250.0,0.001143254223279655,0.28581355581991374,1.0,0.0009666271507740021,0.0009666271507740021,60.0,0.0026301590260118246,0.15780954156070948,0.0,0.0,0.0,800.0,0.0006609766860492527,0.5287813488394022,0.001,111.5774917602539,0.1115774917602539,700000,700000,446
1644,pose,1.1120049953460693,100.0,0.00024066130572464317,0.024066130572464317,250.0,0.0011437848443165421,0.28594621107913554,1.0,0.0009602174977771938,0.0009602174977771938,60.0,0.0028034383431077003,0.16820630058646202,0.0,0.0,0.0,800.0,0.0006518806330859661,0.5215045064687729,0.001,111.32152557373047,0.11132152557373047,700000,700000,455
1645,pose,1.1184077262878418,100.0,0.00024188913812395185,0.024188913812395185,250.0,0.0011441537644714117,0.2860384411178529,1.0,0.000957891927100718,0.000957891927100718,60.0,0.0029468091670423746,0.17680855002254248,0.0,0.0,0.0,800.0,0.0006489712977781892,0.5191770382225513,0.001,111.23690795898438,0.11123690795898437,700000,700000,461
1646,pose,1.111060380935669,100.0,0.00024030008353292942,0.024030008353292942,250.0,0.0011439153458923101,0.28597883647307754,1.0,0.0009593450813554227,0.0009593450813554227,60.0,0.0028039799071848392,0.16823879443109035,0.0,0.0,0.0,800.0,0.0006509957602247596,0.5207966081798077,0.001,111.05682373046875,0.11105682373046875,700000,700000,441
1647,pose,1.1112350225448608,100.0,0.0002359836216783151,0.02359836216783151,250.0,0.0011437502689659595,0.2859375672414899,1.0,0.000964002450928092,0.000964002450928092,60.0,0.0027205694932490587,0.16323416959494352,0.0,0.0,0.0,800.0,0.0006580885965377092,0.5264708772301674,0.001,111.02999877929688,0.11102999877929688,700000,700000,418
1648,pose,1.1269378662109375,100.0,0.00023059232626110315,0.023059232626110315,250.0,0.0011429789010435343,0.28574472526088357,1.0,0.0009715946507640183,0.0009715946507640183,60.0,0.002850628923624754,0.17103773541748524,0.0,0.0,0.0,800.0,0.0006688740686513484,0.5350992549210787,0.001,111.025390625,0.111025390625,700000,700000,376
1649,pose,1.1247297525405884,100.0,0.00022698193788528442,0.022698193788528442,250.0,0.0011412396561354399,0.28530991403385997,1.0,0.0009746692376211286,0.0009746692376211286,60.0,0.0027433952782303095,0.16460371669381857,0.0,0.0,0.0,800.0,0.0006745730643160641,0.5396584514528513,0.001,111.48483276367188,0.11148483276367188,700000,700000,346
1650,pose,1.1238303184509277,100.0,0.00022482986969407648,0.022482986969407648,250.0,0.0011400874936953187,0.2850218734238297,1.0,0.0009739367524161935,0.0009739367524161935,60.0,0.002691789297387004,0.16150735784322023,0.0,0.0,0.0,800.0,0.0006768673192709684,0.5414938554167747,0.001,112.35029602050781,0.11235029602050782,700000,700000,354
1651,pose,1.1283756494522095,100.0,0.000224454837734811,0.0224454837734811,250.0,0.0011399396462365985,0.2849849115591496,1.0,0.0009705708362162113,0.0009705708362162113,60.0,0.002786641474813223,0.16719848848879337,0.0,0.0,0.0,800.0,0.0006751626497134566,0.5401301197707653,0.001,112.64595031738281,0.11264595031738281,700000,700000,346
1652,pose,1.1071052551269531,100.0,0.00022674239880871028,0.022674239880871028,250.0,0.0011409864528104663,0.2852466132026166,1.0,0.0009650226566009223,0.0009650226566009223,60.0,0.002495295600965619,0.14971773605793715,0.0,0.0,0.0,800.0,0.0006705536507070065,0.5364429205656052,0.001,112.0586929321289,0.1120586929321289,700000,700000,400
1653,pose,1.1084935665130615,100.0,0.00023345774388872087,0.023345774388872087,250.0,0.00114261987619102,0.285654969047755,1.0,0.0009562948253005743,0.0009562948253005743,60.0,0.002636801218613982,0.15820807311683893,0.0,0.0,0.0,800.0,0.0006614602170884609,0.5291681736707687,0.001,111.16029357910156,0.11116029357910157,700000,700000,442
1654,pose,1.1050598621368408,100.0,0.00023958545352797955,0.023958545352797955,250.0,0.0011446774005889893,0.2861693501472473,1.0,0.0009520904277451336,0.0009520904277451336,60.0,0.0026369374245405197,0.15821624547243118,0.0,0.0,0.0,800.0,0.0006558390450663865,0.5246712360531092,0.001,111.09234619140625,0.11109234619140625,700000,700000,443
1655,pose,1.106598138809204,100.0,0.00024313668836839497,0.024313668836839497,250.0,0.001146654598414898,0.2866636496037245,1.0,0.0009513665572740138,0.0009513665572740138,60.0,0.0026600949931889772,0.15960569959133863,0.0,0.0,0.0,800.0,0.0006548758829012513,0.523900706321001,0.001,111.16307067871094,0.11116307067871094,700000,700000,459
1656,pose,1.1052122116088867,100.0,0.00024404848227277398,0.024404848227277398,250.0,0.001147584873251617,0.28689621831290424,1.0,0.0009539739694446325,0.0009539739694446325,60.0,0.00260203261859715,0.156121957115829,0.0,0.0,0.0,800.0,0.0006570130935870111,0.5256104748696089,0.001,111.22480010986328,0.11122480010986328,700000,700000,443
1657,pose,1.1064590215682983,100.0,0.00024229612608905882,0.02422961260890588,250.0,0.00114807253703475,0.2870181342586875,1.0,0.0009602174977771938,0.0009602174977771938,60.0,0.0025369059294462204,0.15221435576677322,0.0,0.0,0.0,800.0,0.0006634482415392995,0.5307585932314396,0.001,111.27799987792969,0.11127799987792969,700000,700000,410
1658,pose,1.1146670579910278,100.0,0.00024233743897639215,0.024233743897639215,250.0,0.0011477554216980934,0.28693885542452335,1.0,0.0009635653113946319,0.0009635653113946319,60.0,0.0026373486034572124,0.15824091620743275,0.0,0.0,0.0,800.0,0.0006652572192251682,0.5322057753801346,0.001,112.08423614501953,0.11208423614501953,700000,700000,396
1659,pose,1.1125563383102417,100.0,0.00024390945327468216,0.024390945327468216,250.0,0.0011460739187896252,0.2865184796974063,1.0,0.0009647311526350677,0.0009647311526350677,60.0,0.0026695167180150747,0.16017100308090448,0.0,0.0,0.0,800.0,0.0006608234252780676,0.5286587402224541,0.001,111.85235595703125,0.11185235595703125,700000,700000,392
1660,pose,1.1136845350265503,100.0,0.00024472607765346766,0.024472607765346766,250.0,0.001144528272561729,0.28613206814043224,1.0,0.0009637110051698983,0.0009637110051698983,60.0,0.0027502928860485554,0.16501757316291332,0.0,0.0,0.0,800.0,0.0006559511530213058,0.5247609224170446,0.001,112.33771514892578,0.11233771514892578,700000,700000,410
1661,pose,1.1002893447875977,100.0,0.0002448532613925636,0.024485326139256358,250.0,0.001143158064223826,0.2857895160559565,1.0,0.00095905433408916,0.00095905433408916,60.0,0.002616436453536153,0.15698618721216917,0.0,0.0,0.0,800.0,0.0006509399972856045,0.5207519978284836,0.001,111.31718444824219,0.11131718444824219,700000,700000,431
1662,pose,1.0980174541473389,100.0,0.00024227029643952847,0.024227029643952847,250.0,0.0011412064777687192,0.2853016194421798,1.0,0.0009576015290804207,0.0009576015290804207,60.0,0.002594421384856105,0.1556652830913663,0.0,0.0,0.0,800.0,0.0006509123486466706,0.5207298789173365,0.001,111.13603210449219,0.11113603210449219,700000,700000,446
1663,pose,1.0979259014129639,100.0,0.00023737641458865255,0.023737641458865255,250.0,0.0011399456998333335,0.2849864249583334,1.0,0.0009593450813554227,0.0009593450813554227,60.0,0.0025367888156324625,0.15220732893794775,0.0,0.0,0.0,800.0,0.0006561795016750693,0.5249436013400555,0.001,111.09156799316406,0.11109156799316407,700000,700000,432
1664,pose,1.1107864379882812,100.0,0.00023432273883372545,0.023432273883372545,250.0,0.0011402149684727192,0.2850537421181798,1.0,0.0009599266340956092,0.0009599266340956092,60.0,0.0026610693894326687,0.15966416336596012,0.0,0.0,0.0,800.0,0.0006633230950683355,0.5306584760546684,0.001,111.01783752441406,0.11101783752441406,700000,700000,398
1665,pose,1.1079175472259521,100.0,0.00023492713808082044,0.023492713808082044,250.0,0.0011412320891395211,0.2853080222848803,1.0,0.0009562948253005743,0.0009562948253005743,60.0,0.0025852532126009464,0.15511519275605679,0.0,0.0,0.0,800.0,0.0006650775903835893,0.5320620723068714,0.001,110.9832534790039,0.11098325347900391,700000,700000,399
1666,pose,1.0975006818771362,100.0,0.00023665238404646516,0.023665238404646516,250.0,0.0011421573581174016,0.2855393395293504,1.0,0.000949630222748965,0.000949630222748965,60.0,0.002428526058793068,0.14571156352758408,0.0,0.0,0.0,800.0,0.0006630283896811306,0.5304227117449045,0.001,111.21229553222656,0.11121229553222657,700000,700000,420
1667,pose,1.1071778535842896,100.0,0.0002394382026977837,0.02394382026977837,250.0,0.001143266330473125,0.28581658261828125,1.0,0.0009439980494789779,0.0009439980494789779,60.0,0.00259514176286757,0.1557085057720542,0.0,0.0,0.0,800.0,0.0006602075882256031,0.5281660705804825,0.001,112.59890747070312,0.11259890747070313,700000,700000,427
1668,pose,1.1152315139770508,100.0,0.00024053617380559444,0.024053617380559444,250.0,0.001143753994256258,0.2859384985640645,1.0,0.0009421244030818343,0.0009421244030818343,60.0,0.002727809129282832,0.16366854775696993,0.0,0.0,0.0,800.0,0.0006597836036235094,0.5278268828988075,0.001,112.80183410644531,0.11280183410644531,700000,700000,426
1669,pose,1.1205546855926514,100.0,0.0002394464536337182,0.02394464536337182,250.0,0.0011432362953200936,0.2858090738300234,1.0,0.0009450077195651829,0.0009450077195651829,60.0,0.0027930487412959337,0.16758292447775602,0.0,0.0,0.0,800.0,0.000662029255181551,0.5296234041452408,0.001,112.64973449707031,0.11264973449707032,700000,700000,430
1670,pose,1.1065926551818848,100.0,0.0002364897372899577,0.02364897372899577,250.0,0.001142839202657342,0.2857098006643355,1.0,0.0009510770905762911,0.0009510770905762911,60.0,0.002501491457223892,0.15008948743343353,0.0,0.0,0.0,800.0,0.0006682171951979399,0.5345737561583519,0.001,111.61959838867188,0.11161959838867187,700000,700000,412
1671,pose,1.1178247928619385,100.0,0.0002356697659706697,0.02356697659706697,250.0,0.001141324988566339,0.28533124714158475,1.0,0.0009533942793495953,0.0009533942793495953,60.0,0.0027174074202775955,0.16304444521665573,0.0,0.0,0.0,800.0,0.0006670911097899079,0.5336728878319263,0.001,111.2558822631836,0.1112558822631836,700000,700000,396
1672,pose,1.1000465154647827,100.0,0.000236575462622568,0.0236575462622568,250.0,0.001139965606853366,0.2849914017133415,1.0,0.0009519457235001028,0.0009519457235001028,60.0,0.0024922529701143503,0.14953517820686102,0.0,0.0,0.0,800.0,0.0006621690699830651,0.5297352559864521,0.001,111.17521667480469,0.11117521667480469,700000,700000,406
1673,pose,1.1062434911727905,100.0,0.00023876629711594433,0.023876629711594433,250.0,0.0011388538405299187,0.28471346013247967,1.0,0.0009460179717279971,0.0009460179717279971,60.0,0.0026902637910097837,0.16141582746058702,0.0,0.0,0.0,800.0,0.000655076582916081,0.5240612663328648,0.001,111.23035430908203,0.11123035430908203,700000,700000,412
1674,pose,1.1081230640411377,100.0,0.00023914442863315344,0.023914442863315344,250.0,0.0011406205594539642,0.28515513986349106,1.0,0.000940396566875279,0.000940396566875279,60.0,0.0027024014852941036,0.16214408911764622,0.0,0.0,0.0,800.0,0.0006552470149472356,0.5241976119577885,0.001,111.77132415771484,0.11177132415771485,700000,700000,446
1675,pose,1.108095645904541,100.0,0.00023735291324555874,0.023735291324555874,250.0,0.0011429265141487122,0.28573162853717804,1.0,0.0009380952105857432,0.0009380952105857432,60.0,0.0025980689097195864,0.15588413458317518,0.0,0.0,0.0,800.0,0.0006616847822442651,0.5293478257954121,0.001,112.45865631103516,0.11245865631103516,700000,700000,439
1676,pose,1.1065527200698853,100.0,0.00023488615988753736,0.023488615988753736,250.0,0.0011441907845437527,0.28604769613593817,1.0,0.0009393893415108323,0.0009393893415108323,60.0,0.002505940617993474,0.15035643707960844,0.0,0.0,0.0,800.0,0.0006688031717203557,0.5350425373762846,0.001,110.67803955078125,0.11067803955078125,700000,700000,435
1677,pose,1.1113624572753906,100.0,0.0002316572208655998,0.02316572208655998,250.0,0.0011446535354480147,0.2861633838620037,1.0,0.0009444307652302086,0.0009444307652302086,60.0,0.002511457074433565,0.1506874244660139,0.0,0.0,0.0,800.0,0.0006747778970748186,0.5398223176598549,0.001,110.57913208007812,0.11057913208007812,700000,700000,410
1678,pose,1.1116747856140137,100.0,0.00023165698803495616,0.023165698803495616,250.0,0.001144792535342276,0.286198133835569,1.0,0.0009483290486969054,0.0009483290486969054,60.0,0.00257534789852798,0.1545208739116788,0.0,0.0,0.0,800.0,0.0006701832171529531,0.5361465737223625,0.001,110.695068359375,0.110695068359375,700000,700000,432
1679,pose,1.1114760637283325,100.0,0.00023474292538594455,0.023474292538594455,250.0,0.001145599177107215,0.28639979427680373,1.0,0.0009520904277451336,0.0009520904277451336,60.0,0.002649533562362194,0.15897201374173164,0.0,0.0,0.0,800.0,0.0006631292635574937,0.530503410845995,0.001,111.17448425292969,0.1111744842529297,700000,700000,408
1680,pose,1.1146360635757446,100.0,0.00023784370569046587,0.023784370569046587,250.0,0.0011457502841949463,0.2864375710487366,1.0,0.0009573110146448016,0.0009573110146448016,60.0,0.002738946583122015,0.1643367949873209,0.0,0.0,0.0,800.0,0.0006598298205062747,0.5278638564050198,0.001,111.25616455078125,0.11125616455078126,700000,700000,409
1681,pose,1.1217271089553833,100.0,0.00024151125398930162,0.024151125398930162,250.0,0.0011439662193879485,0.28599155484698713,1.0,0.0009586183005012572,0.0009586183005012572,60.0,0.0029253321699798107,0.17551993019878864,0.0,0.0,0.0,800.0,0.0006552909035235643,0.5242327228188515,0.001,110.87313842773438,0.11087313842773437,700000,700000,385
1682,pose,1.1182280778884888,100.0,0.00024201480846386403,0.024201480846386403,250.0,0.0011426613200455904,0.2856653300113976,1.0,0.0009557143785059452,0.0009557143785059452,60.0,0.002919783815741539,0.17518702894449234,0.0,0.0,0.0,800.0,0.0006519911694340408,0.5215929355472326,0.001,110.62567138671875,0.11062567138671875,700000,700000,380
1683,pose,1.109906792640686,100.0,0.00023961038095876575,0.023961038095876575,250.0,0.001142407301813364,0.285601825453341,1.0,0.000949630222748965,0.000949630222748965,60.0,0.0028068150859326124,0.16840890515595675,0.0,0.0,0.0,800.0,0.0006506045465357602,0.5204836372286081,0.001,110.50173950195312,0.11050173950195313,700000,700000,419
1684,pose,1.104715347290039,100.0,0.00023427999985869974,0.023427999985869974,250.0,0.001142609165981412,0.285652291495353,1.0,0.0009470286895520985,0.0009470286895520985,60.0,0.002656991360709071,0.15941948164254427,0.0,0.0,0.0,800.0,0.0006559849716722965,0.5247879773378372,0.001,110.48059844970703,0.11048059844970703,700000,700000,414
1685,pose,1.1078920364379883,100.0,0.00023169616179075092,0.023169616179075092,250.0,0.0011435003252699971,0.2858750813174993,1.0,0.0009463067399337888,0.0009463067399337888,60.0,0.0026023832615464926,0.15614299569278955,0.0,0.0,0.0,800.0,0.000664234277792275,0.53138742223382,0.001,110.37055969238281,0.11037055969238281,700000,700000,412
1686,pose,1.1113725900650024,100.0,0.00023372424766421318,0.023372424766421318,250.0,0.001145300455391407,0.28632511384785175,1.0,0.0009454406681470573,0.0009454406681470573,60.0,0.0026017692871391773,0.15610615722835064,0.0,0.0,0.0,800.0,0.0006673706811852753,0.5338965449482203,0.001,110.72695922851562,0.11072695922851562,700000,700000,420
1687,pose,1.1143652200698853,100.0,0.0002411700552329421,0.02411700552329421,250.0,0.0011468433076515794,0.28671082691289485,1.0,0.0009450077195651829,0.0009450077195651829,60.0,0.002691787201911211,0.16150723211467266,0.0,0.0,0.0,800.0,0.0006622419459745288,0.529793556779623,0.001,111.29150390625,0.11129150390625,700000,700000,439
1688,pose,1.1108098030090332,100.0,0.00024455442326143384,0.024455442326143384,250.0,0.0011477761436253786,0.28694403590634465,1.0,0.0009463067399337888,0.0009463067399337888,60.0,0.0026546090375632048,0.15927654225379229,0.0,0.0,0.0,800.0,0.0006596630555577576,0.5277304444462061,0.001,111.4569320678711,0.11145693206787109,700000,700000,434
1689,pose,1.1173211336135864,100.0,0.00024392013438045979,0.02439201343804598,250.0,0.0011479558888822794,0.28698897222056985,1.0,0.000949919514823705,0.000949919514823705,60.0,0.0027535364497452974,0.16521218698471785,0.0,0.0,0.0,800.0,0.0006606316310353577,0.5285053048282862,0.001,111.27265930175781,0.11127265930175781,700000,700000,401
1690,pose,1.1141691207885742,100.0,0.00024406499869655818,0.024406499869655818,250.0,0.001147583476267755,0.28689586906693876,1.0,0.0009486180497333407,0.0009486180497333407,60.0,0.00273000611923635,0.163800367154181,0.0,0.0,0.0,800.0,0.0006586553063243628,0.5269242450594902,0.001,111.19358825683594,0.11119358825683594,700000,700000,410
1691,pose,1.1094759702682495,100.0,0.000244275841396302,0.0244275841396302,250.0,0.0011466894065961242,0.28667235164903104,1.0,0.0009431330836378038,0.0009431330836378038,60.0,0.0027100006118416786,0.16260003671050072,0.0,0.0,0.0,800.0,0.0006546892691403627,0.5237514153122902,0.001,111.0813980102539,0.1110813980102539,700000,700000,429
1692,pose,1.0995651483535767,100.0,0.000241446599829942,0.0241446599829942,250.0,0.001142551889643073,0.28563797241076827,1.0,0.0009373766370117664,0.0009373766370117664,60.0,0.0026266060303896666,0.15759636182338,0.0,0.0,0.0,800.0,0.0006502465112134814,0.5201972089707851,0.001,111.05158996582031,0.11105158996582032,700000,700000,429
1693,pose,1.0973243713378906,100.0,0.0002354432363063097,0.02354432363063097,250.0,0.0011387448757886887,0.28468621894717216,1.0,0.0009352224878966808,0.0009352224878966808,60.0,0.002595132915303111,0.15570797491818666,0.0,0.0,0.0,800.0,0.0006519661983475089,0.5215729586780071,0.001,110.87774658203125,0.11087774658203126,700000,700000,411
1694,pose,1.1047042608261108,100.0,0.00023030942247714847,0.023030942247714847,250.0,0.0011363044613972306,0.28407611534930766,1.0,0.000931494461838156,0.000931494461838156,60.0,0.0027326110284775496,0.16395666170865297,0.0,0.0,0.0,800.0,0.0006520529859699309,0.5216423887759447,0.001,111.06658935546875,0.11106658935546876,700000,700000,424
1695,pose,1.1102724075317383,100.0,0.00022929126862436533,0.022929126862436533,250.0,0.0011357266921550035,0.2839316730387509,1.0,0.0009266306296922266,0.0009266306296922266,60.0,0.002835805295035243,0.17014831770211458,0.0,0.0,0.0,800.0,0.0006511042593047023,0.5208834074437618,0.001,111.45332336425781,0.11145332336425781,700000,700000,445
1696,pose,1.096051573753357,100.0,0.00022752599033992738,0.022752599033992738,250.0,0.0011362633667886257,0.28406584169715643,1.0,0.000925630796700716,0.000925630796700716,60.0,0.0025304527953267097,0.15182716771960258,0.0,0.0,0.0,800.0,0.0006559834582731128,0.5247867666184902,0.001,111.69355773925781,0.11169355773925782,700000,700000,437
1697,pose,1.110067367553711,100.0,0.00022660450486000627,0.022660450486000627,250.0,0.001138287247158587,0.28457181178964674,1.0,0.0009279169025830925,0.0009279169025830925,60.0,0.002630633534863591,0.15783801209181547,0.0,0.0,0.0,800.0,0.0006654663011431694,0.5323730409145355,0.001,111.69607543945312,0.11169607543945313,700000,700000,438
1698,pose,1.1151841878890991,100.0,0.00022609652660321444,0.022609652660321444,250.0,0.0011405260302126408,0.2851315075531602,1.0,0.0009337876690551639,0.0009337876690551639,60.0,0.0025672493502497673,0.15403496101498604,0.0,0.0,0.0,800.0,0.0006762840785086155,0.5410272628068924,0.001,111.44694519042969,0.11144694519042969,700000,700000,420
1699,pose,1.1198985576629639,100.0,0.0002300913620274514,0.02300913620274514,250.0,0.0011429706355556846,0.28574265888892114,1.0,0.0009360838448628783,0.0009360838448628783,60.0,0.0026249780785292387,0.15749868471175432,0.0,0.0,0.0,800.0,0.0006769546307623386,0.5415637046098709,0.001,111.14822387695312,0.11114822387695313,700000,700000,392
1700,pose,1.1083118915557861,100.0,0.0002376799820922315,0.02376799820922315,250.0,0.0011457523796707392,0.2864380949176848,1.0,0.000935509568080306,0.000935509568080306,60.0,0.0025064442306756973,0.15038665384054184,0.0,0.0,0.0,800.0,0.0006698706420138478,0.5358965136110783,0.001,110.88706970214844,0.11088706970214844,700000,700000,395
1701,pose,1.1040107011795044,100.0,0.0002463216660544276,0.024632166605442762,250.0,0.0011471339967101812,0.2867834991775453,1.0,0.0009327841107733548,0.0009327841107733548,60.0,0.002571713412180543,0.15430280473083258,0.0,0.0,0.0,800.0,0.0006581809720955789,0.5265447776764631,0.001,110.8146743774414,0.11081467437744141,700000,700000,413
1702,pose,1.1100196838378906,100.0,0.00025005615316331387,0.025005615316331387,250.0,0.0011484452988952398,0.28711132472380996,1.0,0.0009337876690551639,0.0009337876690551639,60.0,0.002710226457566023,0.16261358745396137,0.0,0.0,0.0,800.0,0.0006542557384818792,0.5234045907855034,0.001,110.9507827758789,0.11095078277587891,700000,700000,410
1703,pose,1.1075726747512817,100.0,0.000248957920121029,0.024895792012102902,250.0,0.0011492081684991717,0.28730204212479293,1.0,0.0009378077229484916,0.0009378077229484916,60.0,0.0026369024999439716,0.1582141499966383,0.0,0.0,0.0,800.0,0.0006561652990058064,0.5249322392046452,0.001,111.29057312011719,0.11129057312011718,700000,700000,407
1704,pose,1.1145821809768677,100.0,0.0002463250420987606,0.02463250420987606,250.0,0.0011494267964735627,0.2873566991183907,1.0,0.0009385264711454511,0.0009385264711454511,60.0,0.002739673713222146,0.16438042279332876,0.0,0.0,0.0,800.0,0.0006566408555954695,0.5253126844763756,0.001,111.96135711669922,0.11196135711669922,700000,700000,400
1705,pose,1.1045836210250854,100.0,0.00023977324599400163,0.023977324599400163,250.0,0.0011480149114504457,0.2870037278626114,1.0,0.000935509568080306,0.000935509568080306,60.0,0.0025532618165016174,0.15319570899009705,0.0,0.0,0.0,800.0,0.000659096403978765,0.527277123183012,0.001,112.19430541992188,0.11219430541992188,700000,700000,424
1706,pose,1.1082627773284912,100.0,0.00023287549265660346,0.023287549265660346,250.0,0.0011457708897069097,0.2864427224267274,1.0,0.0009329273598268628,0.0009329273598268628,60.0,0.0025589836295694113,0.15353901777416468,0.0,0.0,0.0,800.0,0.0006657775375060737,0.532622030004859,0.001,111.43856811523438,0.11143856811523438,700000,700000,422
1707,pose,1.1133638620376587,100.0,0.00022759442799724638,0.02275944279972464,250.0,0.0011436304775997996,0.2859076193999499,1.0,0.0009352224878966808,0.0009352224878966808,60.0,0.0025571808218955994,0.15343084931373596,0.0,0.0,0.0,800.0,0.0006739899981766939,0.5391919985413551,0.001,111.13873291015625,0.11113873291015625,700000,700000,412
1708,pose,1.1103272438049316,100.0,0.00022714426449965686,0.022714426449965686,250.0,0.001141037791967392,0.285259447991848,1.0,0.0009357966482639313,0.0009357966482639313,60.0,0.0025412661489099264,0.15247596893459558,0.0,0.0,0.0,800.0,0.0006723117548972368,0.5378494039177895,0.001,111.09212493896484,0.11109212493896485,700000,700000,401
1709,pose,1.101905107498169,100.0,0.00023155535745900124,0.023155535745900124,250.0,0.0011384390527382493,0.2846097631845623,1.0,0.0009337876690551639,0.0009337876690551639,60.0,0.0025425725616514683,0.1525543536990881,0.0,0.0,0.0,800.0,0.0006618883926421404,0.5295107141137123,0.001,111.14088439941406,0.11114088439941407,700000,700000,406
1710,pose,1.1073246002197266,100.0,0.00023928591690491885,0.023928591690491885,250.0,0.001137648243457079,0.28441206086426973,1.0,0.0009286318672820926,0.0009286318672820926,60.0,0.002778103342279792,0.1666862005367875,0.0,0.0,0.0,800.0,0.000650038244202733,0.5200305953621864,0.001,111.33848571777344,0.11133848571777344,700000,700000,444
1711,pose,1.1057106256484985,100.0,0.0002443255507387221,0.02443255507387221,250.0,0.0011365559184923768,0.2841389796230942,1.0,0.0009279169025830925,0.0009279169025830925,60.0,0.0028114686720073223,0.16868812032043934,0.0,0.0,0.0,800.0,0.0006452462403103709,0.5161969922482967,0.001,111.32608795166016,0.11132608795166016,700000,700000,441
1712,pose,1.1000325679779053,100.0,0.0002461227122694254,0.02461227122694254,250.0,0.0011365003883838654,0.28412509709596634,1.0,0.0009302056860178709,0.0009302056860178709,60.0,0.0026949637103825808,0.16169782262295485,0.0,0.0,0.0,800.0,0.00064674555324018,0.517396442592144,0.001,111.27066802978516,0.11127066802978516,700000,700000,453
1713,pose,1.100274682044983,100.0,0.0002449052408337593,0.02449052408337593,250.0,0.001136590028181672,0.284147507045418,1.0,0.0009352224878966808,0.0009352224878966808,60.0,0.0026248693466186523,0.15749216079711914,0.0,0.0,0.0,800.0,0.0006525238277390599,0.5220190621912479,0.001,111.19020080566406,0.11119020080566407,700000,700000,430
1714,pose,1.110658884048462,100.0,0.00024212402058765292,0.024212402058765292,250.0,0.001136034494265914,0.2840086235664785,1.0,0.0009362274431623518,0.0009362274431623518,60.0,0.0027524575125426054,0.16514745075255632,0.0,0.0,0.0,800.0,0.0006565367220900953,0.5252293776720762,0.001,111.12480926513672,0.11112480926513672,700000,700000,400
1715,pose,1.107116937637329,100.0,0.00023816920293029398,0.023816920293029398,250.0,0.0011360193602740765,0.2840048400685191,1.0,0.000935509568080306,0.000935509568080306,60.0,0.0026373532600700855,0.15824119560420513,0.0,0.0,0.0,800.0,0.0006611983990296721,0.5289587192237377,0.001,111.15977478027344,0.11115977478027345,700000,700000,397
1716,pose,1.1063897609710693,100.0,0.0002351740258745849,0.02351740258745849,250.0,0.0011361673241481185,0.2840418310370296,1.0,0.000931494461838156,0.000931494461838156,60.0,0.0025973613373935223,0.15584168024361134,0.0,0.0,0.0,800.0,0.0006633825832977891,0.5307060666382313,0.001,111.35131072998047,0.11135131072998047,700000,700000,398
1717,pose,1.1092385053634644,100.0,0.00023328070528805256,0.023328070528805256,250.0,0.0011367673287168145,0.28419183217920363,1.0,0.000924060819670558,0.000924060819670558,60.0,0.0026428350247442722,0.15857010148465633,0.0,0.0,0.0,800.0,0.0006632476579397917,0.5305981263518333,0.001,111.62628936767578,0.11162628936767578,700000,700000,424
1718,pose,1.1072672605514526,100.0,0.00023049212177284062,0.023049212177284062,250.0,0.0011377534829080105,0.2844383707270026,1.0,0.0009214946185238659,0.0009214946185238659,60.0,0.002557385014370084,0.15344310086220503,0.0,0.0,0.0,800.0,0.0006669831927865744,0.5335865542292595,0.001,111.82861328125,0.11182861328125,700000,700000,414
1719,pose,1.0976307392120361,100.0,0.00023110244364943355,0.023110244364943355,250.0,0.001137859420850873,0.28446485521271825,1.0,0.000918220728635788,0.000918220728635788,60.0,0.002434421330690384,0.14606527984142303,0.0,0.0,0.0,800.0,0.000663882470689714,0.5311059765517712,0.001,111.96615600585938,0.11196615600585938,700000,700000,431
1720,pose,1.1102677583694458,100.0,0.00023258835426531732,0.023258835426531732,250.0,0.0011382196098566055,0.2845549024641514,1.0,0.0009203551453538239,0.0009203551453538239,60.0,0.002654012991115451,0.15924077946692705,0.0,0.0,0.0,800.0,0.0006632015574723482,0.5305612459778786,0.001,111.73159790039062,0.11173159790039063,700000,700000,450
1721,pose,1.106168508529663,100.0,0.0002325536624994129,0.02325536624994129,250.0,0.0011386506957933307,0.28466267394833267,1.0,0.0009253453463315964,0.0009253453463315964,60.0,0.0025327124167233706,0.15196274500340223,0.0,0.0,0.0,800.0,0.0006674358155578375,0.53394865244627,0.001,111.4136962890625,0.1114136962890625,700000,700000,454
1722,pose,1.1173019409179688,100.0,0.0002349582500755787,0.02349582500755787,250.0,0.0011384376557543874,0.28460941393859684,1.0,0.0009299195371568203,0.0009299195371568203,60.0,0.0027156351134181023,0.16293810680508614,0.0,0.0,0.0,800.0,0.0006675048498436809,0.5340038798749447,0.001,111.32484436035156,0.11132484436035156,700000,700000,434
1723,pose,1.1083948612213135,100.0,0.00023968450841493905,0.023968450841493905,250.0,0.001137158484198153,0.28428962104953825,1.0,0.0009309216402471066,0.0009309216402471066,60.0,0.002649658592417836,0.15897951554507017,0.0,0.0,0.0,800.0,0.0006611371645703912,0.5289097316563129,0.001,111.31657409667969,0.1113165740966797,700000,700000,417
1724,pose,1.1110793352127075,100.0,0.0002438666415400803,0.02438666415400803,250.0,0.0011348230764269829,0.2837057691067457,1.0,0.0009279169025830925,0.0009279169025830925,60.0,0.00276863481849432,0.1661180891096592,0.0,0.0,0.0,800.0,0.0006557211745530367,0.5245769396424294,0.001,111.3639144897461,0.1113639144897461,700000,700000,425
1725,pose,1.0966219902038574,100.0,0.0002446227299515158,0.02446227299515158,250.0,0.0011329001281410456,0.2832250320352614,1.0,0.0009283457766287029,0.0009283457766287029,60.0,0.002522463444620371,0.15134780667722225,0.0,0.0,0.0,800.0,0.0006565084913745522,0.5252067930996418,0.001,111.45172882080078,0.11145172882080079,700000,700000,416
1726,pose,1.1057050228118896,100.0,0.00024333514738827944,0.024333514738827944,250.0,0.0011311074486002326,0.28277686215005815,1.0,0.0009253453463315964,0.0009253453463315964,60.0,0.0026994061190634966,0.1619643671438098,0.0,0.0,0.0,800.0,0.0006555913714691997,0.5244730971753597,0.001,111.23190307617188,0.11123190307617188,700000,700000,412
1727,pose,1.110058069229126,100.0,0.00023835960018914193,0.023835960018914193,250.0,0.0011316505260765553,0.2829126315191388,1.0,0.0009214946185238659,0.0009214946185238659,60.0,0.0027458867989480495,0.16475320793688297,0.0,0.0,0.0,800.0,0.0006580146728083491,0.5264117382466793,0.001,111.22300720214844,0.11122300720214844,700000,700000,417
1728,pose,1.1128675937652588,100.0,0.00023125797451939434,0.023125797451939434,250.0,0.0011336513562127948,0.2834128390531987,1.0,0.0009214946185238659,0.0009214946185238659,60.0,0.002683567116037011,0.16101402696222067,0.0,0.0,0.0,800.0,0.0006660402286797762,0.532832182943821,0.001,111.56135559082031,0.11156135559082031,700000,700000,414
1729,pose,1.1037262678146362,100.0,0.00022999905922915787,0.022999905922915787,250.0,0.001138164196163416,0.284541049040854,1.0,0.0009217796032316983,0.0009217796032316983,60.0,0.0024326369166374207,0.14595821499824524,0.0,0.0,0.0,800.0,0.000671526649966836,0.5372213199734688,0.001,112.08407592773438,0.11208407592773438,700000,700000,458
1730,pose,1.1162605285644531,100.0,0.00023317598970606923,0.023317598970606923,250.0,0.0011418572394177318,0.28546430985443294,1.0,0.0009250597795471549,0.0009250597795471549,60.0,0.002604561159387231,0.15627366956323385,0.0,0.0,0.0,800.0,0.0006727467989549041,0.5381974391639233,0.001,112.08250427246094,0.11208250427246094,700000,700000,443
1731,pose,1.117916226387024,100.0,0.0002398468495812267,0.02398468495812267,250.0,0.0011457413202151656,0.2864353300537914,1.0,0.0009253453463315964,0.0009253453463315964,60.0,0.002655209507793188,0.15931257046759129,0.0,0.0,0.0,800.0,0.0006692090537399054,0.5353672429919243,0.001,111.89102935791016,0.11189102935791016,700000,700000,450
1732,pose,1.107674479484558,100.0,0.0002464397985022515,0.02464397985022515,250.0,0.0011484285350888968,0.2871071337722242,1.0,0.0009260592632927,0.0009260592632927,60.0,0.0025401704479008913,0.15241022687405348,0.0,0.0,0.0,800.0,0.0006638619815930724,0.5310895852744579,0.001,111.4974365234375,0.11149743652343751,700000,700000,422
1733,pose,1.1090898513793945,100.0,0.0002472503110766411,0.02472503110766411,250.0,0.0011493177153170109,0.2873294288292527,1.0,0.0009292041067965329,0.0009292041067965329,60.0,0.0025949813425540924,0.15569888055324554,0.0,0.0,0.0,800.0,0.0006609743577428162,0.528779486194253,0.001,111.62786102294922,0.11162786102294922,700000,700000,391
1734,pose,1.1138973236083984,100.0,0.00024470093194395304,0.024470093194395304,250.0,0.0011488115414977074,0.28720288537442684,1.0,0.0009296332718804479,0.0009296332718804479,60.0,0.002717666095122695,0.1630599657073617,0.0,0.0,0.0,800.0,0.0006571206031367183,0.5256964825093746,0.001,112.53837585449219,0.1125383758544922,700000,700000,386
1735,pose,1.1190910339355469,100.0,0.00024119169393088669,0.02411916939308867,250.0,0.0011480692774057388,0.2870173193514347,1.0,0.0009279169025830925,0.0009279169025830925,60.0,0.002862932626157999,0.17177595756947994,0.0,0.0,0.0,800.0,0.0006527553196065128,0.5222042556852102,0.001,113.04637908935547,0.11304637908935547,700000,700000,385
1736,pose,1.0994759798049927,100.0,0.00023682802566327155,0.023682802566327155,250.0,0.0011474890634417534,0.28687226586043835,1.0,0.0009250597795471549,0.0009250597795471549,60.0,0.002593948971480131,0.15563693828880787,0.0,0.0,0.0,800.0,0.0006505226483568549,0.5204181186854839,0.001,111.94078826904297,0.11194078826904297,700000,700000,435
1737,pose,1.100428581237793,100.0,0.00023253430845215917,0.023253430845215917,250.0,0.0011458208318799734,0.28645520796999335,1.0,0.0009260592632927,0.0009260592632927,60.0,0.0025971909053623676,0.15583145432174206,0.0,0.0,0.0,800.0,0.0006532389670610428,0.5225911736488342,0.001,111.37132263183594,0.11137132263183594,700000,700000,435
1738,pose,1.1047252416610718,100.0,0.00023183936718851328,0.023183936718851328,250.0,0.0011460580863058567,0.2865145215764642,1.0,0.0009283457766287029,0.0009283457766287029,60.0,0.0025618860963732004,0.15371316578239202,0.0,0.0,0.0,800.0,0.0006617055623792112,0.529364449903369,0.001,111.02079772949219,0.1110207977294922,700000,700000,440
1739,pose,1.113325834274292,100.0,0.00023574207443743944,0.023574207443743944,250.0,0.0011460321256890893,0.2865080314222723,1.0,0.0009304920677095652,0.0009304920677095652,60.0,0.0026605078019201756,0.15963046811521053,0.0,0.0,0.0,800.0,0.0006645797984674573,0.5316638387739658,0.001,111.01893615722656,0.11101893615722656,700000,700000,424
1740,pose,1.1075013875961304,100.0,0.000243057293118909,0.0243057293118909,250.0,0.001145099988207221,0.28627499705180526,1.0,0.0009292041067965329,0.0009292041067965329,60.0,0.0026375174056738615,0.1582510443404317,0.0,0.0,0.0,800.0,0.0006582806236110628,0.5266244988888502,0.001,111.11588287353516,0.11111588287353516,700000,700000,432
1741,pose,1.110377311706543,100.0,0.00025241871480830014,0.025241871480830014,250.0,0.0011429926380515099,0.28574815951287746,1.0,0.0009253453463315964,0.0009253453463315964,60.0,0.002813426312059164,0.16880557872354984,0.0,0.0,0.0,800.0,0.0006476222770288587,0.5180978216230869,0.001,111.55857849121094,0.11155857849121094,700000,700000,437
1742,pose,1.1127824783325195,100.0,0.00025814349646680057,0.025814349646680057,250.0,0.0011416085762903094,0.28540214407257736,1.0,0.0009253453463315964,0.0009253453463315964,60.0,0.0028692118357867002,0.17215271014720201,0.0,0.0,0.0,800.0,0.0006452689995057881,0.5162151996046305,0.001,112.272705078125,0.112272705078125,700000,700000,418
1743,pose,1.1084693670272827,100.0,0.000258960499195382,0.0258960499195382,250.0,0.0011414190521463752,0.2853547630365938,1.0,0.0009279169025830925,0.0009279169025830925,60.0,0.002731718821451068,0.16390312928706408,0.0,0.0,0.0,800.0,0.0006500809686258435,0.5200647749006748,0.001,112.32273864746094,0.11232273864746094,700000,700000,411
1744,pose,1.1111574172973633,100.0,0.0002507150638848543,0.02507150638848543,250.0,0.001141793210990727,0.28544830274768174,1.0,0.000931494461838156,0.000931494461838156,60.0,0.0026718853041529655,0.16031311824917793,0.0,0.0,0.0,800.0,0.0006601674831472337,0.528133986517787,0.001,111.25894165039062,0.11125894165039063,700000,700000,391
1745,pose,1.1156865358352661,100.0,0.00024166589719243348,0.024166589719243348,250.0,0.0011425631819292903,0.2856407954823226,1.0,0.000931494461838156,0.000931494461838156,60.0,0.0026521726977080107,0.15913036186248064,0.0,0.0,0.0,800.0,0.0006681742379441857,0.5345393903553486,0.001,111.27798461914062,0.11127798461914062,700000,700000,365
1746,pose,1.1119736433029175,100.0,0.00023318768944591284,0.023318768944591284,250.0,0.001143951783888042,0.2859879459720105,1.0,0.0009302056860178709,0.0009302056860178709,60.0,0.00254266825504601,0.1525600953027606,0.0,0.0,0.0,800.0,0.0006726086139678955,0.5380868911743164,0.001,111.08969116210938,0.11108969116210937,700000,700000,398
1747,pose,1.1121585369110107,100.0,0.00022870590328238904,0.022870590328238904,250.0,0.0011454164050519466,0.28635410126298666,1.0,0.0009260592632927,0.0009260592632927,60.0,0.002571576274931431,0.15429457649588585,0.0,0.0,0.0,800.0,0.000670617853756994,0.5364942830055952,0.001,111.21891784667969,0.11121891784667969,700000,700000,400
1748,pose,1.1083648204803467,100.0,0.00022837280994281173,0.022837280994281173,250.0,0.0011469725286588073,0.2867431321647018,1.0,0.000918220728635788,0.000918220728635788,60.0,0.0025931152049452066,0.1555869122967124,0.0,0.0,0.0,800.0,0.0006634902092628181,0.5307921674102545,0.001,111.48712921142578,0.11148712921142578,700000,700000,438
1749,pose,1.1161550283432007,100.0,0.00023288256488740444,0.023288256488740444,250.0,0.0011474865023046732,0.2868716255761683,1.0,0.0009087169310078025,0.0009087169310078025,60.0,0.0028991878498345613,0.17395127099007368,0.0,0.0,0.0,800.0,0.0006491366075351834,0.5193092860281467,0.001,111.82589721679688,0.11182589721679688,700000,700000,488
1750,pose,1.1139317750930786,100.0,0.00023616872204001993,0.023616872204001993,250.0,0.0011480272514745593,0.2870068128686398,1.0,0.0009034897666424513,0.0009034897666424513,60.0,0.0029675629921257496,0.17805377952754498,0.0,0.0,0.0,800.0,0.0006402981816790998,0.5122385453432798,0.001,112.11217498779297,0.11211217498779297,700000,700000,493
1751,pose,1.1160924434661865,100.0,0.0002371392329223454,0.02371392329223454,250.0,0.0011486312141641974,0.28715780354104936,1.0,0.0009019386488944292,0.0009019386488944292,60.0,0.0030374492052942514,0.1822469523176551,0.0,0.0,0.0,800.0,0.0006375869852490723,0.5100695881992579,0.001,112.00228881835938,0.11200228881835937,700000,700000,480
1752,pose,1.1094551086425781,100.0,0.00023555831285193563,0.023555831285193563,250.0,0.0011491168988868594,0.28727922472171485,1.0,0.000903913052752614,0.000903913052752614,60.0,0.002894615288823843,0.17367691732943058,0.0,0.0,0.0,800.0,0.0006403728621080518,0.5122982896864414,0.001,111.74090576171875,0.11174090576171876,700000,700000,479
1753,pose,1.0982333421707153,100.0,0.00023212094674818218,0.023212094674818218,250.0,0.0011495264479890466,0.28738161199726164,1.0,0.0009089999366551638,0.0009089999366551638,60.0,0.0026138934772461653,0.15683360863476992,0.0,0.0,0.0,800.0,0.0006480670999735594,0.5184536799788475,0.001,111.44328308105469,0.1114432830810547,700000,700000,449
1754,pose,1.100610375404358,100.0,0.0002280927583342418,0.02280927583342418,250.0,0.0011491341283544898,0.28728353208862245,1.0,0.0009172254940494895,0.0009172254940494895,60.0,0.002512093400582671,0.15072560403496027,0.0,0.0,0.0,800.0,0.0006591647397726774,0.5273317918181419,0.001,111.54292297363281,0.11154292297363282,700000,700000,414
1755,pose,1.1184048652648926,100.0,0.00022995768813416362,0.022995768813416362,250.0,0.0011486742878332734,0.28716857195831835,1.0,0.0009260592632927,0.0009260592632927,60.0,0.0026659343857318163,0.15995606314390898,0.0,0.0,0.0,800.0,0.0006695507909171283,0.5356406327337027,0.001,111.71774291992188,0.11171774291992188,700000,700000,376
1756,pose,1.1368683576583862,100.0,0.00023341190535575151,0.02334119053557515,250.0,0.0011479059467092156,0.2869764866773039,1.0,0.0009309216402471066,0.0009309216402471066,60.0,0.002885173773393035,0.1731104264035821,0.0,0.0,0.0,800.0,0.0006756316288374364,0.5405053030699492,0.001,112.00405883789062,0.11200405883789062,700000,700000,369
1757,pose,1.1297293901443481,100.0,0.00023808404512237757,0.023808404512237757,250.0,0.0011461108224466443,0.2865277056116611,1.0,0.0009319243254140019,0.0009319243254140019,60.0,0.002750441897660494,0.16502651385962963,0.0,0.0,0.0,800.0,0.0006764619029127061,0.5411695223301649,0.001,112.265380859375,0.112265380859375,700000,700000,369
1758,pose,1.1305546760559082,100.0,0.00024377170484513044,0.024377170484513044,250.0,0.0011432686587795615,0.2858171646948904,1.0,0.0009294901392422616,0.0009294901392422616,60.0,0.00282663619145751,0.1695981714874506,0.0,0.0,0.0,800.0,0.0006720193196088076,0.537615455687046,0.001,112.21719360351562,0.11221719360351563,700000,700000,389
1759,pose,1.1134413480758667,100.0,0.0002496620872989297,0.02496620872989297,250.0,0.0011401184601709247,0.28502961504273117,1.0,0.000924060819670558,0.000924060819670558,60.0,0.0026616710238158703,0.15970026142895222,0.0,0.0,0.0,800.0,0.0006636129692196846,0.5308903753757477,0.001,111.93089294433594,0.11193089294433593,700000,700000,401
1760,pose,1.1171443462371826,100.0,0.0002532499493099749,0.02532499493099749,250.0,0.0011368480045348406,0.28421200113371015,1.0,0.000915520649868995,0.000915520649868995,60.0,0.0028833490796387196,0.17300094477832317,0.0,0.0,0.0,800.0,0.0006525510689243674,0.5220408551394939,0.001,111.65000915527344,0.11165000915527344,700000,700000,436
1761,pose,1.1086196899414062,100.0,0.00025240163085982203,0.025240163085982203,250.0,0.0011344635859131813,0.2836158964782953,1.0,0.0009112652624025941,0.0009112652624025941,60.0,0.0028265356086194515,0.1695921365171671,0.0,0.0,0.0,800.0,0.0006474361289292574,0.5179489031434059,0.001,111.31134033203125,0.11131134033203126,700000,700000,451
1762,pose,1.1146115064620972,100.0,0.0002490291662979871,0.02490291662979871,250.0,0.001132812350988388,0.283203087747097,1.0,0.0009109820239245892,0.0009109820239245892,60.0,0.0029359248001128435,0.1761554880067706,0.0,0.0,0.0,800.0,0.0006478851428255439,0.5183081142604351,0.001,111.13090515136719,0.11113090515136718,700000,700000,447
1763,pose,1.0968257188796997,100.0,0.0002437105285935104,0.02437105285935104,250.0,0.001131989061832428,0.282997265458107,1.0,0.000913675467018038,0.000913675467018038,60.0,0.002579422201961279,0.15476533211767673,0.0,0.0,0.0,800.0,0.0006533402483910322,0.5226721987128258,0.001,111.1062240600586,0.1111062240600586,700000,700000,444
1764,pose,1.1046319007873535,100.0,0.00023689147201366723,0.023689147201366723,250.0,0.0011318637989461422,0.28296594973653555,1.0,0.0009195010643452406,0.0009195010643452406,60.0,0.0025988812558352947,0.15593287535011768,0.0,0.0,0.0,800.0,0.0006624818197451532,0.5299854557961226,0.001,111.13898468017578,0.11113898468017579,700000,700000,418
1765,pose,1.1209015846252441,100.0,0.00023070527822710574,0.023070527822710574,250.0,0.001135402824729681,0.28385070618242025,1.0,0.0009272022289223969,0.0009272022289223969,60.0,0.0027036203537136316,0.1622172212228179,0.0,0.0,0.0,800.0,0.0006742653786204755,0.5394123028963804,0.001,111.42365264892578,0.11142365264892579,700000,700000,387
1766,pose,1.1309049129486084,100.0,0.0002282549103256315,0.02282549103256315,250.0,0.0011393835302442312,0.2848458825610578,1.0,0.000931494461838156,0.000931494461838156,60.0,0.002794817555695772,0.16768905334174633,0.0,0.0,0.0,800.0,0.0006780137773603201,0.5424110218882561,0.001,112.20191955566406,0.11220191955566407,700000,700000,350
1767,pose,1.1262778043746948,100.0,0.00022783961321692914,0.022783961321692914,250.0,0.0011433025356382132,0.2858256339095533,1.0,0.0009322107653133571,0.0009322107653133571,60.0,0.0027051540091633797,0.16230924054980278,0.0,0.0,0.0,800.0,0.0006764468271285295,0.5411574617028236,0.001,113.26918029785156,0.11326918029785156,700000,700000,370
1768,pose,1.1209982633590698,100.0,0.00023009738652035594,0.023009738652035594,250.0,0.0011463502887636423,0.2865875721909106,1.0,0.0009296332718804479,0.0009296332718804479,60.0,0.002681549172848463,0.16089295037090778,0.0,0.0,0.0,800.0,0.0006710983579978347,0.5368786863982677,0.001,112.69965362548828,0.11269965362548828,700000,700000,380
1769,pose,1.103269338607788,100.0,0.00023478022194467485,0.023478022194467485,250.0,0.0011486726580187678,0.28716816450469196,1.0,0.000923775602132082,0.000923775602132082,60.0,0.0025008986704051495,0.15005392022430897,0.0,0.0,0.0,800.0,0.0006623357767239213,0.529868621379137,0.001,111.77687072753906,0.11177687072753907,700000,700000,425
1770,pose,1.1028193235397339,100.0,0.00024322033277712762,0.024322033277712762,250.0,0.0011482905829325318,0.28707264573313296,1.0,0.0009152365964837372,0.0009152365964837372,60.0,0.002662937855347991,0.15977627132087946,0.0,0.0,0.0,800.0,0.0006490839878097177,0.5192671902477741,0.001,111.46595764160156,0.11146595764160157,700000,700000,439
1771,pose,1.1005610227584839,100.0,0.0002478926326148212,0.02478926326148212,250.0,0.0011479021050035954,0.28697552625089884,1.0,0.000910273811314255,0.000910273811314255,60.0,0.00269038463011384,0.1614230778068304,0.0,0.0,0.0,800.0,0.0006437613046728075,0.515009043738246,0.001,111.45387268066406,0.11145387268066406,700000,700000,470
1772,pose,1.09980046749115,100.0,0.00024904211750254035,0.024904211750254035,250.0,0.001146824099123478,0.2867060247808695,1.0,0.0009089999366551638,0.0009089999366551638,60.0,0.0026835687458515167,0.161014124751091,0.0,0.0,0.0,800.0,0.0006435118848457932,0.5148095078766346,0.001,111.45756530761719,0.11145756530761719,700000,700000,465
1773,pose,1.1068440675735474,100.0,0.0002477235102560371,0.02477235102560371,250.0,0.0011454331688582897,0.28635829221457243,1.0,0.0009109820239245892,0.0009109820239245892,60.0,0.0027577774599194527,0.16546664759516716,0.0,0.0,0.0,800.0,0.0006473364774137735,0.5178691819310188,0.001,111.46664428710938,0.11146664428710938,700000,700000,450
1774,pose,1.109423041343689,100.0,0.0002441604738123715,0.02441604738123715,250.0,0.001143989502452314,0.2859973756130785,1.0,0.0009159466717392206,0.0009159466717392206,60.0,0.0027056564576923847,0.16233938746154308,0.0,0.0,0.0,800.0,0.0006552560371346772,0.5242048297077417,0.001,111.54942321777344,0.11154942321777343,700000,700000,438
1775,pose,1.11052668094635,100.0,0.00023885394330136478,0.023885394330136478,250.0,0.0011424116091802716,0.2856029022950679,1.0,0.000924060819670558,0.000924060819670558,60.0,0.0025875712744891644,0.15525427646934986,0.0,0.0,0.0,800.0,0.0006662048981525004,0.5329639185220003,0.001,111.89619445800781,0.11189619445800782,700000,700000,424
1776,pose,1.121755838394165,100.0,0.00023515752400271595,0.023515752400271595,250.0,0.0011399664217606187,0.28499160544015467,1.0,0.0009329273598268628,0.0009329273598268628,60.0,0.0027133768890053034,0.1628026133403182,0.0,0.0,0.0,800.0,0.000671472807880491,0.5371782463043928,0.001,112.334716796875,0.112334716796875,700000,700000,400
1777,pose,1.1250616312026978,100.0,0.00023338422761298716,0.023338422761298716,250.0,0.0011377587215974927,0.2844396803993732,1.0,0.0009380952105857432,0.0009380952105857432,60.0,0.00276782619766891,0.1660695718601346,0.0,0.0,0.0,800.0,0.0006729110609740019,0.5383288487792015,0.001,111.94702911376953,0.11194702911376954,700000,700000,371
1778,pose,1.1234935522079468,100.0,0.00023390054411720484,0.023390054411720484,250.0,0.0011360073694959283,0.28400184237398207,1.0,0.0009383826982229948,0.0009383826982229948,60.0,0.0028042583726346493,0.16825550235807896,0.0,0.0,0.0,800.0,0.0006690883310511708,0.5352706648409367,0.001,111.63702392578125,0.11163702392578126,700000,700000,378
1779,pose,1.114046335220337,100.0,0.00023625149333383888,0.023625149333383888,250.0,0.0011357968905940652,0.2839492226485163,1.0,0.000934218056499958,0.000934218056499958,60.0,0.0027299413923174143,0.16379648353904486,0.0,0.0,0.0,800.0,0.0006626970134675503,0.5301576107740402,0.001,111.58370971679688,0.11158370971679688,700000,700000,392
1780,pose,1.0955272912979126,100.0,0.00023980147670954466,0.023980147670954466,250.0,0.0011363995727151632,0.2840998931787908,1.0,0.0009266306296922266,0.0009266306296922266,60.0,0.0025253226049244404,0.15151935629546642,0.0,0.0,0.0,800.0,0.0006543092895299196,0.5234474316239357,0.001,111.55374908447266,0.11155374908447266,700000,700000,414
1781,pose,1.1083201169967651,100.0,0.0002444883284624666,0.02444883284624666,250.0,0.0011368533596396446,0.28421333990991116,1.0,0.0009158045868389308,0.0009158045868389308,60.0,0.002870891708880663,0.17225350253283978,0.0,0.0,0.0,800.0,0.0006436962867155671,0.5149570293724537,0.001,111.53157043457031,0.11153157043457032,700000,700000,453
1782,pose,1.1020524501800537,100.0,0.00024569511879235506,0.024569511879235506,250.0,0.0011380177456885576,0.2845044364221394,1.0,0.0009089999366551638,0.0009089999366551638,60.0,0.0028031589463353157,0.16818953678011894,0.0,0.0,0.0,800.0,0.0006404967280104756,0.5123973824083805,0.001,111.48250579833984,0.11148250579833985,700000,700000,464
1783,pose,1.1096229553222656,100.0,0.00024444321752525866,0.024444321752525866,250.0,0.001139263971708715,0.28481599292717874,1.0,0.0009064546902664006,0.0009064546902664006,60.0,0.002889166818931699,0.17335000913590193,0.0,0.0,0.0,800.0,0.0006432421505451202,0.5145937204360962,0.001,111.512451171875,0.111512451171875,700000,700000,473
1784,pose,1.1111574172973633,100.0,0.0002408428117632866,0.02408428117632866,250.0,0.0011398842325434089,0.2849710581358522,1.0,0.0009071613312698901,0.0009071613312698901,60.0,0.002830163110047579,0.16980978660285473,0.0,0.0,0.0,800.0,0.0006497605354525149,0.5198084283620119,0.001,111.57673645019531,0.11157673645019532,700000,700000,457
1785,pose,1.1082286834716797,100.0,0.0002356109907850623,0.02356109907850623,250.0,0.0011403067037463188,0.2850766759365797,1.0,0.0009114069980569184,0.0009114069980569184,60.0,0.0026494355406612158,0.15896613243967295,0.0,0.0,0.0,800.0,0.0006600582855753601,0.528046628460288,0.001,111.66679382324219,0.11166679382324218,700000,700000,431
1786,pose,1.117401361465454,100.0,0.00022943763178773224,0.022943763178773224,250.0,0.0011410308070480824,0.2852577017620206,1.0,0.0009190742275677621,0.0009190742275677621,60.0,0.002630285220220685,0.1578171132132411,0.0,0.0,0.0,800.0,0.000673295755404979,0.5386366043239832,0.001,111.82708740234375,0.11182708740234375,700000,700000,418
1787,pose,1.1314263343811035,100.0,0.0002284125075675547,0.02284125075675547,250.0,0.0011395405745133758,0.28488514362834394,1.0,0.0009266306296922266,0.0009266306296922266,60.0,0.0028412439860403538,0.17047463916242123,0.0,0.0,0.0,800.0,0.0006750923348590732,0.5400738678872585,0.001,112.22481536865234,0.11222481536865235,700000,700000,361
1788,pose,1.1194078922271729,100.0,0.00022949563572183251,0.02294956357218325,250.0,0.0011378919007256627,0.2844729751814157,1.0,0.0009309216402471066,0.0009309216402471066,60.0,0.002686829539015889,0.16120977234095335,0.0,0.0,0.0,800.0,0.0006720206001773477,0.5376164801418781,0.001,112.22820281982422,0.11222820281982422,700000,700000,383
1789,pose,1.1101505756378174,100.0,0.00023275682178791612,0.023275682178791612,250.0,0.0011364007368683815,0.2841001842170954,1.0,0.0009312079637311399,0.0009312079637311399,60.0,0.0026205533649772406,0.15723320189863443,0.0,0.0,0.0,800.0,0.0006654944736510515,0.5323955789208412,0.001,112.21472930908203,0.11221472930908204,700000,700000,372
1790,pose,1.1155390739440918,100.0,0.00023717022850178182,0.023717022850178182,250.0,0.0011357299517840147,0.2839324879460037,1.0,0.0009269164293073118,0.0009269164293073118,60.0,0.0027995093259960413,0.16797055955976248,0.0,0.0,0.0,800.0,0.0006588296964764595,0.5270637571811676,0.001,111.92840576171875,0.11192840576171875,700000,700000,404
1791,pose,1.1150883436203003,100.0,0.00024249451234936714,0.024249451234936714,250.0,0.0011348181869834661,0.28370454674586654,1.0,0.0009195010643452406,0.0009195010643452406,60.0,0.0029134140349924564,0.1748048420995474,0.0,0.0,0.0,800.0,0.0006496363785117865,0.5197091028094292,0.001,111.70089721679688,0.11170089721679688,700000,700000,445
1792,pose,1.095380425453186,100.0,0.0002443766570650041,0.02443766570650041,250.0,0.0011348689440637827,0.2837172360159457,1.0,0.0009158045868389308,0.0009158045868389308,60.0,0.0026066733989864588,0.15640040393918753,0.0,0.0,0.0,800.0,0.0006479169824160635,0.5183335859328508,0.001,111.57575225830078,0.11157575225830078,700000,700000,440
1793,pose,1.1034256219863892,100.0,0.0002420858363620937,0.02420858363620937,250.0,0.0011341831414029002,0.28354578535072505,1.0,0.0009149526013061404,0.0009149526013061404,60.0,0.0027023900765925646,0.16214340459555387,0.0,0.0,0.0,800.0,0.0006513819680549204,0.5211055744439363,0.001,111.50726318359375,0.11150726318359375,700000,700000,426
1794,pose,1.1047700643539429,100.0,0.00023649580543860793,0.023649580543860793,250.0,0.0011339469347149134,0.28348673367872834,1.0,0.0009172254940494895,0.0009172254940494895,60.0,0.0026199736166745424,0.15719841700047255,0.0,0.0,0.0,800.0,0.0006599989137612283,0.5279991310089827,0.001,111.51898956298828,0.11151898956298828,700000,700000,426
1795,pose,1.1140743494033813,100.0,0.00023175732349045575,0.023175732349045575,250.0,0.001134030637331307,0.28350765933282673,1.0,0.0009197857580147684,0.0009197857580147684,60.0,0.002660450991243124,0.15962705947458744,0.0,0.0,0.0,800.0,0.0006690224981866777,0.5352179985493422,0.001,111.62603759765625,0.11162603759765626,700000,700000,395
1796,pose,1.1164944171905518,100.0,0.00023006752599030733,0.023006752599030733,250.0,0.001134455786086619,0.2836139465216547,1.0,0.0009213521261699498,0.0009213521261699498,60.0,0.00267432420514524,0.1604594523087144,0.0,0.0,0.0,800.0,0.0006702966056764126,0.5362372845411301,0.001,112.25550842285156,0.11225550842285156,700000,700000,388
1797,pose,1.1040277481079102,100.0,0.00023072415206115693,0.023072415206115693,250.0,0.0011348517145961523,0.2837129286490381,1.0,0.0009190742275677621,0.0009190742275677621,60.0,0.0025104291271418333,0.15062574762851,0.0,0.0,0.0,800.0,0.0006658902857452631,0.5327122285962105,0.001,112.98533630371094,0.11298533630371094,700000,700000,416
1798,pose,1.1010390520095825,100.0,0.0002349384594708681,0.02349384594708681,250.0,0.001134697813540697,0.2836744533851743,1.0,0.0009193587466143072,0.0009193587466143072,60.0,0.0025919992476701736,0.15551995486021042,0.0,0.0,0.0,800.0,0.0006561845657415688,0.524947652593255,0.001,112.48368835449219,0.11248368835449218,700000,700000,422
1799,pose,1.0967872142791748,100.0,0.0002414759946987033,0.02414759946987033,250.0,0.00113546138163656,0.28386534540914,1.0,0.0009195010643452406,0.0009195010643452406,60.0,0.0026311189867556095,0.15786713920533657,0.0,0.0,0.0,800.0,0.0006480703596025705,0.5184562876820564,0.001,111.5313949584961,0.1115313949584961,700000,700000,440
1800,pose,1.1097164154052734,100.0,0.0002464313292875886,0.02464313292875886,250.0,0.0011372137814760208,0.2843034453690052,1.0,0.0009220645297318697,0.0009220645297318697,60.0,0.0028358898125588894,0.17015338875353336,0.0,0.0,0.0,800.0,0.0006478198920376599,0.5182559136301279,0.001,111.4384536743164,0.11143845367431642,700000,700000,443
1801,pose,1.1053403615951538,100.0,0.0002477714151609689,0.02477714151609689,250.0,0.001139087718911469,0.28477192972786725,1.0,0.0009269164293073118,0.0009269164293073118,60.0,0.002674589864909649,0.16047539189457893,0.0,0.0,0.0,800.0,0.000653563067317009,0.5228504538536072,0.001,111.53850555419922,0.11153850555419922,700000,700000,411
1802,pose,1.1157643795013428,100.0,0.00024427956668660045,0.024427956668660045,250.0,0.0011397276539355516,0.2849319134838879,1.0,0.0009273451869376004,0.0009273451869376004,60.0,0.0027749051805585623,0.16649431083351374,0.0,0.0,0.0,800.0,0.0006592784775421023,0.5274227820336819,0.001,111.56004333496094,0.11156004333496095,700000,700000,400
1803,pose,1.1074992418289185,100.0,0.00024157384177669883,0.024157384177669883,250.0,0.0011393849272280931,0.2848462318070233,1.0,0.0009249170543625951,0.0009249170543625951,60.0,0.0026265913620591164,0.15759548172354698,0.0,0.0,0.0,800.0,0.0006601670174859464,0.5281336139887571,0.001,111.84152221679688,0.11184152221679687,700000,700000,402
1804,pose,1.1131795644760132,100.0,0.0002357510820729658,0.02357510820729658,250.0,0.00113942741882056,0.28485685470514,1.0,0.0009246316622011364,0.0009246316622011364,60.0,0.002628140151500702,0.15768840909004211,0.0,0.0,0.0,800.0,0.0006669639842584729,0.5335711874067783,0.001,112.56340789794922,0.11256340789794922,700000,700000,404
1805,pose,1.117681622505188,100.0,0.00023233814863488078,0.023233814863488078,250.0,0.0011388843413442373,0.28472108533605933,1.0,0.0009207824477925897,0.0009207824477925897,60.0,0.0026771649718284607,0.16062989830970764,0.0,0.0,0.0,800.0,0.0006690042791888118,0.5352034233510494,0.001,112.97264099121094,0.11297264099121095,700000,700000,421
1806,pose,1.1044052839279175,100.0,0.00023219964350573719,0.02321996435057372,250.0,0.0011360717471688986,0.28401793679222465,1.0,0.0009185051312670112,0.0009185051312670112,60.0,0.0025529719423502684,0.1531783165410161,0.0,0.0,0.0,800.0,0.0006638644263148308,0.5310915410518646,0.001,111.97894287109375,0.11197894287109375,700000,700000,414
1807,pose,1.1042187213897705,100.0,0.00023491714091505855,0.023491714091505855,250.0,0.0011350840795785189,0.2837710198946297,1.0,0.0009165149531327188,0.0009165149531327188,60.0,0.0026700671296566725,0.16020402777940035,0.0,0.0,0.0,800.0,0.0006555169820785522,0.5244135856628418,0.001,111.42188262939453,0.11142188262939454,700000,700000,436
1808,pose,1.1002225875854492,100.0,0.000236557301832363,0.0236557301832363,250.0,0.0011344756931066513,0.2836189232766628,1.0,0.000918220728635788,0.000918220728635788,60.0,0.002674979390576482,0.1604987634345889,0.0,0.0,0.0,800.0,0.000650213158223778,0.5201705265790224,0.001,111.36038208007812,0.11136038208007813,700000,700000,462
1809,pose,1.09991455078125,100.0,0.00023626346956007183,0.023626346956007183,250.0,0.0011339698685333133,0.2834924671333283,1.0,0.0009233476594090462,0.0009233476594090462,60.0,0.0026868763379752636,0.16121258027851582,0.0,0.0,0.0,800.0,0.0006490972591564059,0.5192778073251247,0.001,111.38194274902344,0.11138194274902344,700000,700000,450
1810,pose,1.1067447662353516,100.0,0.0002342509978916496,0.02342509978916496,250.0,0.0011340503115206957,0.2835125778801739,1.0,0.0009296332718804479,0.0009296332718804479,60.0,0.0027382264379411936,0.16429358627647161,0.0,0.0,0.0,800.0,0.0006538594025187194,0.5230875220149755,0.001,111.49635314941406,0.11149635314941407,700000,700000,418
1811,pose,1.1267483234405518,100.0,0.00023148296168074012,0.023148296168074012,250.0,0.001135780825279653,0.28394520631991327,1.0,0.0009373766370117664,0.0009373766370117664,60.0,0.002912028692662716,0.17472172155976295,0.0,0.0,0.0,800.0,0.0006650754367001355,0.5320603493601084,0.001,111.93537139892578,0.11193537139892579,700000,700000,369
1812,pose,1.128092885017395,100.0,0.00023106759181246161,0.02310675918124616,250.0,0.001138712977990508,0.284678244497627,1.0,0.0009393893415108323,0.0009393893415108323,60.0,0.0028178347274661064,0.16907008364796638,0.0,0.0,0.0,800.0,0.0006739906966686249,0.5391925573348999,0.001,111.10575866699219,0.1111057586669922,700000,700000,378
1813,pose,1.1211342811584473,100.0,0.00023219459399115294,0.023219459399115294,250.0,0.0011408183490857482,0.28520458727143705,1.0,0.0009368018945679069,0.0009368018945679069,60.0,0.0026290121022611856,0.15774072613567114,0.0,0.0,0.0,800.0,0.0006781657575629652,0.5425326060503721,0.001,111.50004577636719,0.11150004577636718,700000,700000,364
1814,pose,1.1213103532791138,100.0,0.00023414430324919522,0.023414430324919522,250.0,0.0011415955377742648,0.2853988844435662,1.0,0.0009316377690993249,0.0009316377690993249,60.0,0.0026394547894597054,0.15836728736758232,0.0,0.0,0.0,800.0,0.0006772695342078805,0.5418156273663044,0.001,111.38250732421875,0.11138250732421875,700000,700000,382
1815,pose,1.109840989112854,100.0,0.0002369549183640629,0.02369549183640629,250.0,0.0011411920422688127,0.28529801056720316,1.0,0.000924060819670558,0.000924060819670558,60.0,0.002540866145864129,0.15245196875184774,0.0,0.0,0.0,800.0,0.0006706853746436536,0.5365482997149229,0.001,110.92315673828125,0.11092315673828125,700000,700000,413
1816,pose,1.1080341339111328,100.0,0.00023798627080395818,0.023798627080395818,250.0,0.0011375222820788622,0.28438057051971555,1.0,0.0009172254940494895,0.0009172254940494895,60.0,0.002676371019333601,0.16058226116001606,0.0,0.0,0.0,800.0,0.0006586600793525577,0.5269280634820461,0.001,111.42736053466797,0.11142736053466797,700000,700000,421
1817,pose,1.1030513048171997,100.0,0.00023618098930455744,0.023618098930455744,250.0,0.0011344862869009376,0.2836215717252344,1.0,0.0009148106328211725,0.0009148106328211725,60.0,0.002686569234356284,0.16119415406137705,0.0,0.0,0.0,800.0,0.0006530488608404994,0.5224390886723995,0.001,111.26358795166016,0.11126358795166016,700000,700000,420
1818,pose,1.0983314514160156,100.0,0.00023274523846339434,0.023274523846339434,250.0,0.0011327590327709913,0.28318975819274783,1.0,0.0009152365964837372,0.0009152365964837372,60.0,0.0026151977945119143,0.15691186767071486,0.0,0.0,0.0,800.0,0.0006531127728521824,0.5224902182817459,0.001,111.5499038696289,0.1115499038696289,700000,700000,441
1819,pose,1.1003156900405884,100.0,0.00022824745974503458,0.022824745974503458,250.0,0.0011319367913529277,0.2829841978382319,1.0,0.0009190742275677621,0.0009190742275677621,60.0,0.0025915117003023624,0.15549070201814175,0.0,0.0,0.0,800.0,0.0006582234054803848,0.5265787243843079,0.001,111.51825714111328,0.11151825714111328,700000,700000,425
1820,pose,1.1126041412353516,100.0,0.00022901289048604667,0.022901289048604667,250.0,0.0011322068748995662,0.28305171872489154,1.0,0.0009203551453538239,0.0009203551453538239,60.0,0.0027560919988900423,0.16536551993340254,0.0,0.0,0.0,800.0,0.0006609343108721077,0.5287474486976862,0.001,111.61782836914062,0.11161782836914062,700000,700000,428
1821,pose,1.104202151298523,100.0,0.00023488342412747443,0.023488342412747443,250.0,0.0011348173720762134,0.28370434301905334,1.0,0.0009195010643452406,0.0009195010643452406,60.0,0.002582474146038294,0.15494844876229763,0.0,0.0,0.0,800.0,0.0006618174957111478,0.5294539965689182,0.001,111.68751525878906,0.11168751525878906,700000,700000,432
1822,pose,1.0988117456436157,100.0,0.00024284987011924386,0.024284987011924386,250.0,0.0011371875880286098,0.28429689700715244,1.0,0.0009177941246889532,0.0009177941246889532,60.0,0.0024763464462012053,0.14858078677207232,0.0,0.0,0.0,800.0,0.0006608298281207681,0.5286638624966145,0.001,112.06741333007812,0.11206741333007812,700000,700000,408
1823,pose,1.1114779710769653,100.0,0.0002448798040859401,0.024487980408594012,250.0,0.0011394544271752238,0.28486360679380596,1.0,0.0009172254940494895,0.0009172254940494895,60.0,0.002655560616403818,0.1593336369842291,0.0,0.0,0.0,800.0,0.0006621665088459849,0.529733207076788,0.001,112.142333984375,0.11214233398437501,700000,700000,420
1824,pose,1.1044013500213623,100.0,0.00024360684619750828,0.024360684619750828,250.0,0.0011404460528865457,0.2851115132216364,1.0,0.0009203551453538239,0.0009203551453538239,60.0,0.002488408936187625,0.1493045361712575,0.0,0.0,0.0,800.0,0.0006666696863248944,0.5333357490599155,0.001,111.36853790283203,0.11136853790283203,700000,700000,409
1825,pose,1.1094961166381836,100.0,0.0002399050135863945,0.02399050135863945,250.0,0.001140462001785636,0.285115500446409,1.0,0.0009246316622011364,0.0009246316622011364,60.0,0.0025026926305145025,0.15016155783087015,0.0,0.0,0.0,800.0,0.0006718395161442459,0.5374716129153967,0.001,111.83230590820312,0.11183230590820313,700000,700000,407
1826,pose,1.1165505647659302,100.0,0.0002386798441875726,0.02386798441875726,250.0,0.0011399476788938046,0.28498691972345114,1.0,0.0009259164216928184,0.0009259164216928184,60.0,0.002649482572451234,0.15896895434707403,0.0,0.0,0.0,800.0,0.0006699867080897093,0.5359893664717674,0.001,111.81143188476562,0.11181143188476562,700000,700000,422
1827,pose,1.1112606525421143,100.0,0.00024059711722657084,0.024059711722657084,250.0,0.0011390239233151078,0.28475598082877696,1.0,0.0009236329351551831,0.0009236329351551831,60.0,0.0026822048239409924,0.16093228943645954,0.0,0.0,0.0,800.0,0.0006610184791497886,0.5288147833198309,0.001,111.77423095703125,0.11177423095703125,700000,700000,429
1828,pose,1.1116853952407837,100.0,0.0002422633406240493,0.02422633406240493,250.0,0.0011401849333196878,0.28504623332992196,1.0,0.0009214946185238659,0.0009214946185238659,60.0,0.002733908360823989,0.16403450164943933,0.0,0.0,0.0,800.0,0.000657136901281774,0.5257095210254192,0.001,111.74732971191406,0.11174732971191406,700000,700000,454
1829,pose,1.1040370464324951,100.0,0.00024128632503561676,0.024128632503561676,250.0,0.0011415734188631177,0.2853933547157794,1.0,0.0009233476594090462,0.0009233476594090462,60.0,0.00258325575850904,0.1549953455105424,0.0,0.0,0.0,800.0,0.0006583911599591374,0.52671292796731,0.001,111.88340759277344,0.11188340759277345,700000,700000,442
1830,pose,1.1200740337371826,100.0,0.00024077444686554372,0.024077444686554372,250.0,0.0011412977473810315,0.2853244368452579,1.0,0.0009233476594090462,0.0009233476594090462,60.0,0.002836650935932994,0.17019905615597963,0.0,0.0,0.0,800.0,0.0006581574562005699,0.5265259649604559,0.001,113.02369689941406,0.11302369689941406,700000,700000,400
1831,pose,1.1094419956207275,100.0,0.00024172283883672208,0.024172283883672208,250.0,0.001139930565841496,0.284982641460374,1.0,0.0009197857580147684,0.0009197857580147684,60.0,0.002691391622647643,0.16148349735885859,0.0,0.0,0.0,800.0,0.000656267860904336,0.5250142887234688,0.001,112.86953735351562,0.11286953735351563,700000,700000,420
1832,pose,1.107564091682434,100.0,0.0002412202738923952,0.02412202738923952,250.0,0.0011395541951060295,0.2848885487765074,1.0,0.0009177941246889532,0.0009177941246889532,60.0,0.002665020292624831,0.15990121755748987,0.0,0.0,0.0,800.0,0.0006572692072950304,0.5258153658360243,0.001,111.91914367675781,0.11191914367675782,700000,700000,410
1833,pose,1.108929991722107,100.0,0.00023904212866909802,0.023904212866909802,250.0,0.001140391337685287,0.28509783442132175,1.0,0.0009203551453538239,0.0009203551453538239,60.0,0.0026361974887549877,0.15817184932529926,0.0,0.0,0.0,800.0,0.0006616638274863362,0.529331061989069,0.001,111.5046157836914,0.1115046157836914,700000,700000,421
1834,pose,1.1070311069488525,100.0,0.00023683311883360147,0.023683311883360147,250.0,0.0011402213713154197,0.2850553428288549,1.0,0.0009263450047001243,0.0009263450047001243,60.0,0.0025802962481975555,0.15481777489185333,0.0,0.0,0.0,800.0,0.0006637207698076963,0.5309766158461571,0.001,111.57176971435547,0.11157176971435546,700000,700000,400
1835,pose,1.1109105348587036,100.0,0.00023889057047199458,0.023889057047199458,250.0,0.0011402784148231149,0.2850696037057787,1.0,0.0009283457766287029,0.0009283457766287029,60.0,0.0027020538691431284,0.1621232321485877,0.0,0.0,0.0,800.0,0.0006588846445083618,0.5271077156066895,0.001,111.79255676269531,0.11179255676269531,700000,700000,407
1836,pose,1.1137287616729736,100.0,0.0002414643531665206,0.02414643531665206,250.0,0.0011415623594075441,0.28539058985188603,1.0,0.0009279169025830925,0.0009279169025830925,60.0,0.002767271362245083,0.16603628173470497,0.0,0.0,0.0,800.0,0.0006565096555277705,0.5252077244222164,0.001,112.01980590820312,0.11201980590820312,700000,700000,408
1837,pose,1.111844539642334,100.0,0.00024417927488684654,0.024417927488684654,250.0,0.0011441996321082115,0.2860499080270529,1.0,0.0009253453463315964,0.0009253453463315964,60.0,0.002737979404628277,0.1642787642776966,0.0,0.0,0.0,800.0,0.0006552644772455096,0.5242115817964077,0.001,111.96095275878906,0.11196095275878906,700000,700000,401
1838,pose,1.1006181240081787,100.0,0.0002441961842123419,0.02441961842123419,250.0,0.0011466176947578788,0.2866544236894697,1.0,0.0009197857580147684,0.0009197857580147684,60.0,0.0025305591989308596,0.15183355193585157,0.0,0.0,0.0,800.0,0.0006558228633366525,0.524658290669322,0.001,112.13246154785156,0.11213246154785156,700000,700000,429
1839,pose,1.1071161031723022,100.0,0.00024122718605212867,0.024122718605212867,250.0,0.0011474794009700418,0.28686985024251044,1.0,0.0009165149531327188,0.0009165149531327188,60.0,0.0025695415679365396,0.15417249407619238,0.0,0.0,0.0,800.0,0.0006606989772990346,0.5285591818392277,0.001,112.47529602050781,0.11247529602050782,700000,700000,433
1840,pose,1.114799976348877,100.0,0.00023972554481588304,0.023972554481588304,250.0,0.0011460005771368742,0.28650014428421855,1.0,0.0009139591129496694,0.0009139591129496694,60.0,0.0026887438725680113,0.16132463235408068,0.0,0.0,0.0,800.0,0.0006617248291149735,0.5293798632919788,0.001,112.70877838134766,0.11270877838134766,700000,700000,440
1841,pose,1.116512656211853,100.0,0.0002376130287302658,0.02376130287302658,250.0,0.0011441803071647882,0.28604507679119706,1.0,0.0009149526013061404,0.0009149526013061404,60.0,0.002680553589016199,0.16083321534097195,0.0,0.0,0.0,800.0,0.0006657691556029022,0.5326153244823217,0.001,112.34282684326172,0.11234282684326172,700000,700000,446
1842,pose,1.1049225330352783,100.0,0.00023888771829660982,0.023888771829660982,250.0,0.0011415921617299318,0.28539804043248296,1.0,0.000915520649868995,0.000915520649868995,60.0,0.0025602225214242935,0.1536133512854576,0.0,0.0,0.0,800.0,0.0006615966558456421,0.5292773246765137,0.001,111.82955932617188,0.11182955932617188,700000,700000,435
1843,pose,1.1042808294296265,100.0,0.0002401448873570189,0.02401448873570189,250.0,0.0011396777117624879,0.28491942794062197,1.0,0.0009185051312670112,0.0009185051312670112,60.0,0.0025810664519667625,0.15486398711800575,0.0,0.0,0.0,800.0,0.0006598962936550379,0.5279170349240303,0.001,111.64736938476562,0.11164736938476563,700000,700000,418
1844,pose,1.1057182550430298,100.0,0.00024328057770617306,0.024328057770617306,250.0,0.0011385927209630609,0.2846481802407652,1.0,0.0009172254940494895,0.0009172254940494895,60.0,0.0026511012110859156,0.15906607266515493,0.0,0.0,0.0,800.0,0.000656411109957844,0.5251288879662752,0.001,111.62985229492188,0.11162985229492188,700000,700000,425
1845,pose,1.1142611503601074,100.0,0.00024448102340102196,0.024448102340102196,250.0,0.0011375390458852053,0.2843847614713013,1.0,0.0009172254940494895,0.0009172254940494895,60.0,0.002808569697663188,0.16851418185979128,0.0,0.0,0.0,800.0,0.0006549886893481016,0.5239909514784813,0.001,112.00589752197266,0.11200589752197265,700000,700000,412
1846,pose,1.1052916049957275,100.0,0.00024350843159481883,0.024350843159481883,250.0,0.001137509592808783,0.28437739820219576,1.0,0.0009149526013061404,0.0009149526013061404,60.0,0.00265799299813807,0.1594795798882842,0.0,0.0,0.0,800.0,0.0006547844968736172,0.5238275974988937,0.001,112.3411865234375,0.1123411865234375,700000,700000,418
1847,pose,1.1062153577804565,100.0,0.0002404314000159502,0.02404314000159502,250.0,0.0011380219366401434,0.28450548416003585,1.0,0.0009165149531327188,0.0009165149531327188,60.0,0.002609651768580079,0.15657910611480474,0.0,0.0,0.0,800.0,0.0006596501916646957,0.5277201533317566,0.001,112.45094299316406,0.11245094299316406,700000,700000,411
1848,pose,1.1067969799041748,100.0,0.00023960263933986425,0.023960263933986425,250.0,0.0011395971523597836,0.2848992880899459,1.0,0.0009152365964837372,0.0009152365964837372,60.0,0.002578835003077984,0.15473010018467903,0.0,0.0,0.0,800.0,0.0006627966649830341,0.5302373319864273,0.001,112.05477905273438,0.11205477905273438,700000,700000,426
1849,pose,1.1148555278778076,100.0,0.00024105198099277914,0.024105198099277914,250.0,0.0011402994859963655,0.2850748714990914,1.0,0.0009109820239245892,0.0009109820239245892,60.0,0.0027452425565570593,0.16471455339342356,0.0,0.0,0.0,800.0,0.0006602595094591379,0.5282076075673103,0.001,111.84234619140625,0.11184234619140625,700000,700000,442
1850,pose,1.1214489936828613,100.0,0.00024007288448046893,0.024007288448046893,250.0,0.0011407879646867514,0.28519699117168784,1.0,0.0009099906892515719,0.0009099906892515719,60.0,0.0028453872073441744,0.17072323244065046,0.0,0.0,0.0,800.0,0.0006610387354157865,0.5288309883326292,0.001,111.78057098388672,0.11178057098388672,700000,700000,454
1851,pose,1.11118483543396,100.0,0.00023758120369166136,0.023758120369166136,250.0,0.0011414537439122796,0.2853634359780699,1.0,0.0009119738824665546,0.0009119738824665546,60.0,0.0026241533923894167,0.157449203543365,0.0,0.0,0.0,800.0,0.0006649113493040204,0.5319290794432163,0.001,111.77298736572266,0.11177298736572266,700000,700000,438
1852,pose,1.1140167713165283,100.0,0.0002377512864768505,0.02377512864768505,250.0,0.0011412518797442317,0.2853129699360579,1.0,0.000915520649868995,0.000915520649868995,60.0,0.002676561940461397,0.16059371642768383,0.0,0.0,0.0,800.0,0.0006643503438681364,0.5314802750945091,0.001,111.93923950195312,0.11193923950195313,700000,700000,400
1853,pose,1.099162220954895,100.0,0.00023884524125605822,0.02388452412560582,250.0,0.0011420727241784334,0.28551818104460835,1.0,0.0009165149531327188,0.0009165149531327188,60.0,0.002457137918099761,0.14742827508598566,0.0,0.0,0.0,800.0,0.0006613970617763698,0.5291176494210958,0.001,112.29706573486328,0.11229706573486328,700000,700000,404
1854,pose,1.10355806350708,100.0,0.0002419186057522893,0.02419186057522893,250.0,0.001142764464020729,0.28569111600518227,1.0,0.000915520649868995,0.000915520649868995,60.0,0.002581094391644001,0.15486566349864006,0.0,0.0,0.0,800.0,0.0006569544202648103,0.5255635362118483,0.001,112.3304214477539,0.1123304214477539,700000,700000,437
1855,pose,1.1024967432022095,100.0,0.0002423188998363912,0.02423188998363912,250.0,0.0011435525957494974,0.28588814893737435,1.0,0.0009185051312670112,0.0009185051312670112,60.0,0.002540515037253499,0.15243090223520994,0.0,0.0,0.0,800.0,0.0006582282949239016,0.5265826359391212,0.001,112.44468688964844,0.11244468688964844,700000,700000,426
1856,pose,1.103538990020752,100.0,0.00024306138220708817,0.024306138220708817,250.0,0.0011421428062021732,0.2855357015505433,1.0,0.00091750972205773,0.00091750972205773,60.0,0.0025896653532981873,0.15537992119789124,0.0,0.0,0.0,800.0,0.0006564641371369362,0.525171309709549,0.001,112.22833251953125,0.11222833251953125,700000,700000,423
1857,pose,1.1068580150604248,100.0,0.0002448264276608825,0.024482642766088247,250.0,0.001139280153438449,0.2848200383596122,1.0,0.0009126826771534979,0.0009126826771534979,60.0,0.002741750795394182,0.16450504772365093,0.0,0.0,0.0,800.0,0.0006503180484287441,0.5202544387429953,0.001,111.88316345214844,0.11188316345214844,700000,700000,455
1858,pose,1.1142011880874634,100.0,0.00024388631572946906,0.024388631572946906,250.0,0.001136327744461596,0.284081936115399,1.0,0.0009122572955675423,0.0009122572955675423,60.0,0.0028879332821816206,0.17327599693089724,0.0,0.0,0.0,800.0,0.0006496552377939224,0.5197241902351379,0.001,111.81822204589844,0.11181822204589845,700000,700000,447
1859,pose,1.1048632860183716,100.0,0.00024075500550679862,0.024075500550679862,250.0,0.001133885234594345,0.2834713086485863,1.0,0.0009145268122665584,0.0009145268122665584,60.0,0.0026877305936068296,0.16126383561640978,0.0,0.0,0.0,800.0,0.0006542332703247666,0.5233866162598133,0.001,111.75152587890625,0.11175152587890626,700000,700000,427
1860,pose,1.1116290092468262,100.0,0.00023831159342080355,0.023831159342080355,250.0,0.0011324943043291569,0.2831235760822892,1.0,0.0009185051312670112,0.0009185051312670112,60.0,0.0027073193341493607,0.16243916004896164,0.0,0.0,0.0,800.0,0.0006620108033530414,0.5296086426824331,0.001,111.7078857421875,0.1117078857421875,700000,700000,403
1861,pose,1.1078195571899414,100.0,0.00023748520470689982,0.023748520470689982,250.0,0.0011315243318676949,0.2828810829669237,1.0,0.0009185051312670112,0.0009185051312670112,60.0,0.002593087265267968,0.1555852359160781,0.0,0.0,0.0,800.0,0.0006655442994087934,0.5324354395270348,0.001,112.25074768066406,0.11225074768066406,700000,700000,397
1862,pose,1.1206246614456177,100.0,0.0002388657012488693,0.02388657012488693,250.0,0.0011297916062176228,0.2824479015544057,1.0,0.0009148106328211725,0.0009148106328211725,60.0,0.0028362255543470383,0.1701735332608223,0.0,0.0,0.0,800.0,0.0006635799072682858,0.5308639258146286,0.001,112.33790588378906,0.11233790588378907,700000,700000,374
1863,pose,1.1160807609558105,100.0,0.00024073178065009415,0.024073178065009415,250.0,0.0011294444557279348,0.2823611139319837,1.0,0.0009087169310078025,0.0009087169310078025,60.0,0.0028216352220624685,0.1692981133237481,0.0,0.0,0.0,800.0,0.0006584662478417158,0.5267729982733727,0.001,112.66655731201172,0.11266655731201172,700000,700000,410
1864,pose,1.1072957515716553,100.0,0.00023990518820937723,0.023990518820937723,250.0,0.00113095052074641,0.2827376301866025,1.0,0.0009070199448615313,0.0009070199448615313,60.0,0.002661998150870204,0.15971988905221224,0.0,0.0,0.0,800.0,0.0006591678829863667,0.5273343063890934,0.001,112.60638427734375,0.11260638427734375,700000,700000,419
1865,pose,1.108807921409607,100.0,0.00023732337285764515,0.023732337285764515,250.0,0.0011345486855134368,0.2836371713783592,1.0,0.0009089999366551638,0.0009089999366551638,60.0,0.0026243801694363356,0.15746281016618013,0.0,0.0,0.0,800.0,0.0006640799692831933,0.5312639754265547,0.001,111.80264282226562,0.11180264282226562,700000,700000,420
1866,pose,1.113356113433838,100.0,0.000233415441471152,0.0233415441471152,250.0,0.0011386447586119175,0.2846611896529794,1.0,0.0009152365964837372,0.0009152365964837372,60.0,0.0025529239792376757,0.15317543875426054,0.0,0.0,0.0,800.0,0.0006741872057318687,0.539349764585495,0.001,111.91291046142578,0.11191291046142578,700000,700000,422
1867,pose,1.1235085725784302,100.0,0.00023339781910181046,0.023339781910181046,250.0,0.0011415670160204172,0.2853917540051043,1.0,0.0009180785273201764,0.0009180785273201764,60.0,0.0026794516015797853,0.16076709609478712,0.0,0.0,0.0,800.0,0.0006763818673789501,0.5411054939031601,0.001,111.98626708984375,0.11198626708984376,700000,700000,428
1868,pose,1.1145321130752563,100.0,0.00023714387498330325,0.023714387498330325,250.0,0.0011436259374022484,0.2859064843505621,1.0,0.0009180785273201764,0.0009180785273201764,60.0,0.0025999732315540314,0.15599839389324188,0.0,0.0,0.0,800.0,0.0006698204088024795,0.5358563270419836,0.001,112.13836669921875,0.11213836669921876,700000,700000,435
1869,pose,1.1127978563308716,100.0,0.00024232626310549676,0.024232626310549676,250.0,0.0011447662254795432,0.2861915563698858,1.0,0.0009142429917119443,0.0009142429917119443,60.0,0.0027282184455543756,0.16369310673326254,0.0,0.0,0.0,800.0,0.0006584360962733626,0.5267488770186901,0.001,111.01747131347656,0.11101747131347657,700000,700000,453
1870,pose,1.1049989461898804,100.0,0.0002462587144691497,0.02462587144691497,250.0,0.0011452663457021117,0.28631658642552793,1.0,0.0009119738824665546,0.0009119738824665546,60.0,0.0026859429199248552,0.16115657519549131,0.0,0.0,0.0,800.0,0.0006516225403174758,0.5212980322539806,0.001,110.68988037109375,0.11068988037109376,700000,700000,459
1871,pose,1.1053907871246338,100.0,0.00024662085343152285,0.024662085343152285,250.0,0.0011441705282777548,0.2860426320694387,1.0,0.0009114069980569184,0.0009114069980569184,60.0,0.0027067242190241814,0.16240345314145088,0.0,0.0,0.0,800.0,0.0006504840566776693,0.5203872453421354,0.001,110.98396301269531,0.11098396301269531,700000,700000,455
1872,pose,1.1115317344665527,100.0,0.00024403678253293037,0.024403678253293037,250.0,0.0011430266313254833,0.28575665783137083,1.0,0.0009145268122665584,0.0009145268122665584,60.0,0.0027411484625190496,0.16446890775114298,0.0,0.0,0.0,800.0,0.0006562149501405656,0.5249719601124525,0.001,111.01608276367188,0.11101608276367188,700000,700000,420
1873,pose,1.1080710887908936,100.0,0.00023807591060176492,0.023807591060176492,250.0,0.0011421452509239316,0.2855363127309829,1.0,0.000920070509891957,0.000920070509891957,60.0,0.0026031441520899534,0.1561886491253972,0.0,0.0,0.0,800.0,0.0006628596456721425,0.530287716537714,0.001,111.33073425292969,0.11133073425292969,700000,700000,399
1874,pose,1.1133002042770386,100.0,0.00023336287995334715,0.023336287995334715,250.0,0.0011420812224969268,0.2855203056242317,1.0,0.000924060819670558,0.000924060819670558,60.0,0.0026414196472615004,0.15848517883569002,0.0,0.0,0.0,800.0,0.0006672266172245145,0.5337812937796116,0.001,111.25310516357422,0.11125310516357421,700000,700000,384
1875,pose,1.1101821660995483,100.0,0.00023165145830716938,0.023165145830716938,250.0,0.0011429132428020239,0.28572831070050597,1.0,0.000924060819670558,0.000924060819670558,60.0,0.0025697892997413874,0.15418735798448324,0.0,0.0,0.0,800.0,0.0006689431029371917,0.5351544823497534,0.001,111.0228042602539,0.1110228042602539,700000,700000,396
1876,pose,1.1041983366012573,100.0,0.00023352119023911655,0.023352119023911655,250.0,0.0011440133675932884,0.2860033418983221,1.0,0.0009207824477925897,0.0009207824477925897,60.0,0.0024797182995826006,0.14878309797495604,0.0,0.0,0.0,800.0,0.0006661586230620742,0.5329268984496593,0.001,112.21205139160156,0.11221205139160156,700000,700000,436
1877,pose,1.103194236755371,100.0,0.00023932562908157706,0.023932562908157706,250.0,0.0011448540026322007,0.2862135006580502,1.0,0.0009139591129496694,0.0009139591129496694,60.0,0.002570109209045768,0.15420655254274607,0.0,0.0,0.0,800.0,0.0006575593142770231,0.5260474514216185,0.001,111.88021850585938,0.11188021850585937,700000,700000,473
1878,pose,1.1089634895324707,100.0,0.0002440952230244875,0.02440952230244875,250.0,0.0011453781044110656,0.2863445261027664,1.0,0.000910273811314255,0.000910273811314255,60.0,0.0027312124148011208,0.16387274488806725,0.0,0.0,0.0,800.0,0.0006519997259601951,0.521599780768156,0.001,111.82670593261719,0.11182670593261719,700000,700000,471
1879,pose,1.1068516969680786,100.0,0.0002474076463840902,0.02474076463840902,250.0,0.0011455971980467439,0.28639929951168597,1.0,0.0009097075671888888,0.0009097075671888888,60.0,0.002716555492952466,0.16299332957714796,0.0,0.0,0.0,800.0,0.0006500416784547269,0.5200333427637815,0.001,111.77516174316406,0.11177516174316407,700000,700000,458
1880,pose,1.1078094244003296,100.0,0.0002476994413882494,0.02476994413882494,250.0,0.001145432936027646,0.2863582340069115,1.0,0.0009125408832915127,0.0009125408832915127,60.0,0.002699637785553932,0.16197826713323593,0.0,0.0,0.0,800.0,0.0006525511271320283,0.5220409017056227,0.001,111.74957275390625,0.11174957275390625,700000,700000,445
1881,pose,1.1087210178375244,100.0,0.00024560035672038794,0.024560035672038794,250.0,0.0011448534205555916,0.2862133551388979,1.0,0.000918220728635788,0.000918220728635788,60.0,0.0026393814478069544,0.15836288686841726,0.0,0.0,0.0,800.0,0.0006586175877600908,0.5268940702080727,0.001,111.77240753173828,0.11177240753173828,700000,700000,404
1882,pose,1.1202706098556519,100.0,0.0002444555575493723,0.02444555575493723,250.0,0.001143641653470695,0.28591041336767375,1.0,0.0009195010643452406,0.0009195010643452406,60.0,0.0028054809663444757,0.16832885798066854,0.0,0.0,0.0,800.0,0.0006604408845305443,0.5283527076244354,0.001,112.31351470947266,0.11231351470947266,700000,700000,380
1883,pose,1.1130003929138184,100.0,0.00024271912116091698,0.0242719121160917,250.0,0.0011426272103562951,0.2856568025890738,1.0,0.0009187896503135562,0.0009187896503135562,60.0,0.0027054864913225174,0.16232918947935104,0.0,0.0,0.0,800.0,0.0006596546736545861,0.5277237389236689,0.001,112.10005950927734,0.11210005950927734,700000,700000,392
1884,pose,1.1054203510284424,100.0,0.0002419452357571572,0.02419452357571572,250.0,0.0011415955377742648,0.2853988844435662,1.0,0.0009159466717392206,0.0009159466717392206,60.0,0.0026422692462801933,0.1585361547768116,0.0,0.0,0.0,800.0,0.0006554279825650156,0.5243423860520124,0.001,112.032470703125,0.112032470703125,700000,700000,418
1885,pose,1.1070252656936646,100.0,0.00024110934464260936,0.024110934464260936,250.0,0.0011402375530451536,0.2850593882612884,1.0,0.0009112652624025941,0.0009112652624025941,60.0,0.002750685205683112,0.16504111234098673,0.0,0.0,0.0,800.0,0.0006503888871520758,0.5203111097216606,0.001,111.59143829345703,0.11159143829345704,700000,700000,443
1886,pose,1.1028950214385986,100.0,0.00023853078891988844,0.023853078891988844,250.0,0.0011397990165278316,0.2849497541319579,1.0,0.0009104154305532575,0.0009104154305532575,60.0,0.0026693418622016907,0.16016051173210144,0.0,0.0,0.0,800.0,0.0006519504822790623,0.5215603858232498,0.001,111.46095275878906,0.11146095275878906,700000,700000,454
1887,pose,1.1043455600738525,100.0,0.00023749805404804647,0.023749805404804647,250.0,0.0011374653549864888,0.2843663387466222,1.0,0.0009122572955675423,0.0009122572955675423,60.0,0.0027155342977494,0.162932057864964,0.0,0.0,0.0,800.0,0.0006510671228170395,0.5208536982536316,0.001,111.53143310546875,0.11153143310546876,700000,700000,449
1888,pose,1.1118886470794678,100.0,0.0002377673372393474,0.02377673372393474,250.0,0.0011355365859344602,0.28388414648361504,1.0,0.0009158045868389308,0.0009158045868389308,60.0,0.002817132044583559,0.16902792267501354,0.0,0.0,0.0,800.0,0.000652699323836714,0.5221594590693712,0.001,112.1245346069336,0.1121245346069336,700000,700000,447
1889,pose,1.1122667789459229,100.0,0.00024158676387742162,0.024158676387742162,250.0,0.0011342018842697144,0.2835504710674286,1.0,0.0009172254940494895,0.0009172254940494895,60.0,0.002827329095453024,0.16963974572718143,0.0,0.0,0.0,800.0,0.0006519352318719029,0.5215481854975224,0.001,112.45246887207031,0.11245246887207032,700000,700000,412
1890,pose,1.1115837097167969,100.0,0.0002448222367092967,0.02448222367092967,250.0,0.001136687584221363,0.28417189605534077,1.0,0.0009162307833321393,0.0009162307833321393,60.0,0.002723794197663665,0.1634276518598199,0.0,0.0,0.0,800.0,0.0006581717752851546,0.5265374202281237,0.001,112.04828643798828,0.11204828643798828,700000,700000,407
1891,pose,1.1066349744796753,100.0,0.0002452921762596816,0.024529217625968158,250.0,0.0011394696775823832,0.2848674193955958,1.0,0.0009145268122665584,0.0009145268122665584,60.0,0.0025559128262102604,0.15335476957261562,0.0,0.0,0.0,800.0,0.0006651402218267322,0.5321121774613857,0.001,110.85685729980469,0.11085685729980468,700000,700000,410
1892,pose,1.1208680868148804,100.0,0.000244359252974391,0.0244359252974391,250.0,0.0011416097404435277,0.2854024351108819,1.0,0.0009109820239245892,0.0009109820239245892,60.0,0.0027478868141770363,0.16487320885062218,0.0,0.0,0.0,800.0,0.0006680451333522797,0.5344361066818237,0.001,110.80938720703125,0.11080938720703125,700000,700000,403
1893,pose,1.1068828105926514,100.0,0.00024086982011795044,0.024086982011795044,250.0,0.001143055153079331,0.28576378826983273,1.0,0.0009089999366551638,0.0009089999366551638,60.0,0.0024965819902718067,0.1497949194163084,0.0,0.0,0.0,800.0,0.0006686227861791849,0.5348982289433479,0.001,111.4298324584961,0.1114298324584961,700000,700000,420
1894,pose,1.1160262823104858,100.0,0.00023719138698652387,0.023719138698652387,250.0,0.001142730237916112,0.285682559479028,1.0,0.0009074441040866077,0.0009074441040866077,60.0,0.002690200926735997,0.16141205560415983,0.0,0.0,0.0,800.0,0.0006666318513453007,0.5333054810762405,0.001,110.99954223632812,0.11099954223632813,700000,700000,456
1895,pose,1.1199092864990234,100.0,0.00023260421585291624,0.023260421585291624,250.0,0.0011426619021221995,0.2856654755305499,1.0,0.0009087169310078025,0.0009087169310078025,60.0,0.002704107202589512,0.1622464321553707,0.0,0.0,0.0,800.0,0.0006695320480503142,0.5356256384402514,0.001,112.20269775390625,0.11220269775390625,700000,700000,474
1896,pose,1.1244840621948242,100.0,0.0002301537897437811,0.02301537897437811,250.0,0.0011430054437369108,0.2857513609342277,1.0,0.0009114069980569184,0.0009114069980569184,60.0,0.0027485915925353765,0.1649154955521226,0.0,0.0,0.0,800.0,0.0006721497629769146,0.5377198103815317,0.001,112.17057800292969,0.11217057800292969,700000,700000,473
1897,pose,1.1134344339370728,100.0,0.00023012531164567918,0.023012531164567918,250.0,0.0011426297714933753,0.2856574428733438,1.0,0.0009152365964837372,0.0009152365964837372,60.0,0.002613828983157873,0.1568297389894724,0.0,0.0,0.0,800.0,0.0006705406121909618,0.5364324897527695,0.001,110.58702087402344,0.11058702087402345,700000,700000,450
1898,pose,1.1102702617645264,100.0,0.00023330241674557328,0.023330241674557328,250.0,0.0011408975115045905,0.28522437787614763,1.0,0.0009167990647256374,0.0009167990647256374,60.0,0.002657164353877306,0.15942986123263836,0.0,0.0,0.0,800.0,0.0006633102311752737,0.5306481849402189,0.001,110.72074890136719,0.11072074890136718,700000,700000,433
1899,pose,1.111266851425171,100.0,0.000239413624512963,0.0239413624512963,250.0,0.0011392023880034685,0.28480059700086713,1.0,0.0009139591129496694,0.0009139591129496694,60.0,0.002750476822257042,0.16502860933542252,0.0,0.0,0.0,800.0,0.0006571022677235305,0.5256818141788244,0.001,110.90048217773438,0.11090048217773438,700000,700000,425
1900,pose,1.1008477210998535,100.0,0.00024355403729714453,0.024355403729714453,250.0,0.0011385841062292457,0.2846460265573114,1.0,0.0009094244451262057,0.0009094244451262057,60.0,0.0025665205903351307,0.15399123542010784,0.0,0.0,0.0,800.0,0.0006570271216332912,0.525621697306633,0.001,111.32391357421875,0.11132391357421875,700000,700000,412
1901,pose,1.1089084148406982,100.0,0.00024477727129124105,0.024477727129124105,250.0,0.001136647304520011,0.28416182613000274,1.0,0.0009058895520865917,0.0009058895520865917,60.0,0.0027387472800910473,0.16432483680546284,0.0,0.0,0.0,800.0,0.0006549923564307392,0.5239938851445913,0.001,111.04419708251953,0.11104419708251953,700000,700000,429
1902,pose,1.1162433624267578,100.0,0.00024251214927062392,0.024251214927062392,250.0,0.001134019112214446,0.2835047780536115,1.0,0.0009067372884601355,0.0009067372884601355,60.0,0.002858681371435523,0.17152088228613138,0.0,0.0,0.0,800.0,0.000656479736790061,0.5251837894320488,0.001,110.87593841552734,0.11087593841552734,700000,700000,406
1903,pose,1.1078213453292847,100.0,0.00023515077191404998,0.023515077191405,250.0,0.0011331082787364721,0.28327706968411803,1.0,0.000910273811314255,0.000910273811314255,60.0,0.0026289450470358133,0.1577367028221488,0.0,0.0,0.0,800.0,0.0006630311254411936,0.5304249003529549,0.001,111.95729064941406,0.11195729064941407,700000,700000,400
1904,pose,1.1088072061538696,100.0,0.00022892879496794194,0.022892879496794194,250.0,0.0011349833803251386,0.28374584508128464,1.0,0.0009139591129496694,0.0009139591129496694,60.0,0.0025383727625012398,0.1523023657500744,0.0,0.0,0.0,800.0,0.0006717803771607578,0.5374243017286062,0.001,111.52776336669922,0.11152776336669921,700000,700000,413
1905,pose,1.115254282951355,100.0,0.0002285364898853004,0.02285364898853004,250.0,0.0011374789755791426,0.28436974389478564,1.0,0.0009148106328211725,0.0009148106328211725,60.0,0.0026203368324786425,0.15722020994871855,0.0,0.0,0.0,800.0,0.0006730196182616055,0.5384156946092844,0.001,111.48028564453125,0.11148028564453125,700000,700000,428
1906,pose,1.1130861043930054,100.0,0.00023358022735919803,0.023358022735919803,250.0,0.0011399126378819346,0.28497815947048366,1.0,0.0009132498526014388,0.0009132498526014388,60.0,0.0026639853604137897,0.15983912162482738,0.0,0.0,0.0,800.0,0.0006655729375779629,0.5324583500623703,0.001,111.53921508789062,0.11153921508789062,700000,700000,409
1907,pose,1.097122073173523,100.0,0.0002414435730315745,0.02414435730315745,250.0,0.0011426715645939112,0.2856678911484778,1.0,0.0009112652624025941,0.0009112652624025941,60.0,0.0025516015011817217,0.1530960900709033,0.0,0.0,0.0,800.0,0.0006521638133563101,0.5217310506850481,0.001,111.57133483886719,0.11157133483886719,700000,700000,452
1908,pose,1.1014047861099243,100.0,0.00024641831987537444,0.024641831987537444,250.0,0.001145272282883525,0.2863180707208812,1.0,0.0009126826771534979,0.0009126826771534979,60.0,0.0026859084609895945,0.16115450765937567,0.0,0.0,0.0,800.0,0.0006473613320849836,0.5178890656679869,0.001,110.4885482788086,0.1104885482788086,700000,700000,446
1909,pose,1.1003601551055908,100.0,0.000247835589107126,0.0247835589107126,250.0,0.0011474438942968845,0.28686097357422113,1.0,0.00091750972205773,0.00091750972205773,60.0,0.002634546020999551,0.15807276125997305,0.0,0.0,0.0,800.0,0.0006485951598733664,0.5188761278986931,0.001,110.8492202758789,0.11084922027587892,700000,700000,437
1910,pose,1.1071152687072754,100.0,0.0002435227215755731,0.02435227215755731,250.0,0.0011473081540316343,0.2868270385079086,1.0,0.0009253453463315964,0.0009253453463315964,60.0,0.0026810867711901665,0.16086520627141,0.0,0.0,0.0,800.0,0.0006538400193676353,0.5230720154941082,0.001,111.07345581054688,0.11107345581054688,700000,700000,424
1911,pose,1.1120874881744385,100.0,0.00023777238675393164,0.023777238675393164,250.0,0.0011469405144453049,0.2867351286113262,1.0,0.0009299195371568203,0.0009299195371568203,60.0,0.0026897822972387075,0.16138693783432245,0.0,0.0,0.0,800.0,0.0006601160275749862,0.528092822059989,0.001,111.16557312011719,0.11116557312011718,700000,700000,403
1912,pose,1.1115243434906006,100.0,0.000232523656450212,0.0232523656450212,250.0,0.0011462940601632,0.2865735150408,1.0,0.0009304920677095652,0.0009304920677095652,60.0,0.002613317919895053,0.15679907519370317,0.0,0.0,0.0,800.0,0.0006668179994449019,0.5334543995559216,0.001,110.51434326171875,0.11051434326171876,700000,700000,400
1913,pose,1.118403434753418,100.0,0.00023167487233877182,0.023167487233877182,250.0,0.0011460495879873633,0.28651239699684083,1.0,0.0009272022289223969,0.0009272022289223969,60.0,0.002699004951864481,0.16194029711186886,0.0,0.0,0.0,800.0,0.0006676880875602365,0.5341504700481892,0.001,111.70555114746094,0.11170555114746095,700000,700000,417
1914,pose,1.1132302284240723,100.0,0.00023504236014559865,0.023504236014559865,250.0,0.001145905815064907,0.28647645376622677,1.0,0.0009203551453538239,0.0009203551453538239,60.0,0.0026739740278571844,0.16043844167143106,0.0,0.0,0.0,800.0,0.0006626120884902775,0.530089670792222,0.001,111.80101013183594,0.11180101013183594,700000,700000,435
1915,pose,1.0989046096801758,100.0,0.00024238966580014676,0.024238966580014676,250.0,0.0011436005588620901,0.2859001397155225,1.0,0.0009126826771534979,0.0009126826771534979,60.0,0.002592983655631542,0.15557901933789253,0.0,0.0,0.0,800.0,0.0006505294004455209,0.5204235203564167,0.001,111.8501968383789,0.1118501968383789,700000,700000,448
1916,pose,1.0965197086334229,100.0,0.00024662859505042434,0.024662859505042434,250.0,0.001140671782195568,0.285167945548892,1.0,0.0009094244451262057,0.0009094244451262057,60.0,0.0026289585512131453,0.15773751307278872,0.0,0.0,0.0,800.0,0.0006449630600400269,0.5159704480320215,0.001,112.07156372070312,0.11207156372070312,700000,700000,447
1917,pose,1.1022298336029053,100.0,0.0002477187372278422,0.02477187372278422,250.0,0.0011377230985090137,0.2844307746272534,1.0,0.000910273811314255,0.000910273811314255,60.0,0.002723769750446081,0.16342618502676487,0.0,0.0,0.0,800.0,0.0006449470529332757,0.5159576423466206,0.001,112.7330551147461,0.1127330551147461,700000,700000,445
1918,pose,1.1048229932785034,100.0,0.0002453333290759474,0.02453333290759474,250.0,0.0011354595189914107,0.2838648797478527,1.0,0.0009139591129496694,0.0009139591129496694,60.0,0.0027042636647820473,0.16225581988692284,0.0,0.0,0.0,800.0,0.0006503649055957794,0.5202919244766235,0.001,112.96311950683594,0.11296311950683594,700000,700000,419
1919,pose,1.1075905561447144,100.0,0.00024047963961493224,0.024047963961493224,250.0,0.0011346746468916535,0.2836686617229134,1.0,0.0009165149531327188,0.0009165149531327188,60.0,0.0026968547608703375,0.16181128565222025,0.0,0.0,0.0,800.0,0.000655865587759763,0.5246924702078104,0.001,112.45358276367188,0.11245358276367187,700000,700000,418
1920,pose,1.1022703647613525,100.0,0.00023583072470501065,0.023583072470501065,250.0,0.001135907368734479,0.28397684218361974,1.0,0.0009197857580147684,0.0009197857580147684,60.0,0.0025444624479860067,0.1526677468791604,0.0,0.0,0.0,800.0,0.0006616808823309839,0.5293447058647871,0.001,111.77823638916016,0.11177823638916017,700000,700000,434
1921,pose,1.117449164390564,100.0,0.00023227848578244448,0.023227848578244448,250.0,0.001137793529778719,0.28444838244467974,1.0,0.0009266306296922266,0.0009266306296922266,60.0,0.002712828107178211,0.16276968643069267,0.0,0.0,0.0,800.0,0.0006678049685433507,0.5342439748346806,0.001,111.83258819580078,0.11183258819580079,700000,700000,426
1922,pose,1.1076934337615967,100.0,0.00023237003188114613,0.023237003188114613,250.0,0.0011387260165065527,0.2846815041266382,1.0,0.0009292041067965329,0.0009292041067965329,60.0,0.0025742577854543924,0.15445546712726355,0.0,0.0,0.0,800.0,0.0006655974430032074,0.532477954402566,0.001,111.91224670410156,0.11191224670410156,700000,700000,433
1923,pose,1.1152845621109009,100.0,0.00023778737522661686,0.023778737522661686,250.0,0.0011392049491405487,0.2848012372851372,1.0,0.0009296332718804479,0.0009296332718804479,60.0,0.002805214375257492,0.16831286251544952,0.0,0.0,0.0,800.0,0.0006579053588211536,0.5263242870569229,0.001,111.1377182006836,0.11113771820068359,700000,700000,400
1924,pose,1.1111818552017212,100.0,0.00024298953940160573,0.024298953940160573,250.0,0.0011399504728615284,0.2849876182153821,1.0,0.0009253453463315964,0.0009253453463315964,60.0,0.0028159816283732653,0.16895889770239592,0.0,0.0,0.0,800.0,0.0006510785315185785,0.5208628252148628,0.001,111.14818572998047,0.11114818572998048,700000,700000,412
1925,pose,1.1071833372116089,100.0,0.0002450167667120695,0.02450167667120695,250.0,0.0011386581463739276,0.2846645365934819,1.0,0.00091750972205773,0.00091750972205773,60.0,0.002820627298206091,0.16923763789236546,0.0,0.0,0.0,800.0,0.0006466055056080222,0.5172844044864178,0.001,110.57756042480469,0.1105775604248047,700000,700000,436
1926,pose,1.1062166690826416,100.0,0.00024367219884879887,0.024367219884879887,250.0,0.0011377239134162664,0.2844309783540666,1.0,0.0009139591129496694,0.0009139591129496694,60.0,0.002755221910774708,0.16531331464648247,0.0,0.0,0.0,800.0,0.0006496842252090573,0.5197473801672459,0.001,111.44380950927734,0.11144380950927735,700000,700000,432
1927,pose,1.1067001819610596,100.0,0.000239803601289168,0.0239803601289168,250.0,0.001137504237703979,0.28437605942599475,1.0,0.000913675467018038,0.000913675467018038,60.0,0.0026547503657639027,0.15928502194583416,0.0,0.0,0.0,800.0,0.0006586193339899182,0.5268954671919346,0.001,111.24964904785156,0.11124964904785156,700000,700000,422
1928,pose,1.116744875907898,100.0,0.00023381155915558338,0.023381155915558338,250.0,0.001136906212195754,0.2842265530489385,1.0,0.000918220728635788,0.000918220728635788,60.0,0.0027173482812941074,0.16304089687764645,0.0,0.0,0.0,800.0,0.0006672163726761937,0.533773098140955,0.001,111.40504455566406,0.11140504455566407,700000,700000,401
1929,pose,1.1254581212997437,100.0,0.00022982797236181796,0.022982797236181796,250.0,0.0011362523073330522,0.28406307683326304,1.0,0.0009203551453538239,0.0009203551453538239,60.0,0.0028233665507286787,0.16940199304372072,0.0,0.0,0.0,800.0,0.0006698548095300794,0.5358838476240635,0.001,112.20606994628906,0.11220606994628907,700000,700000,384
1930,pose,1.1107943058013916,100.0,0.00022857006115373224,0.022857006115373224,250.0,0.0011367081897333264,0.2841770474333316,1.0,0.0009207824477925897,0.0009207824477925897,60.0,0.0026077989023178816,0.1564679341390729,0.0,0.0,0.0,800.0,0.0006683465908281505,0.5346772726625204,0.001,111.6942138671875,0.1116942138671875,700000,700000,395
1931,pose,1.1110081672668457,100.0,0.00023016598424874246,0.023016598424874246,250.0,0.0011390146100893617,0.2847536525223404,1.0,0.0009195010643452406,0.0009195010643452406,60.0,0.0026074734050780535,0.1564484043046832,0.0,0.0,0.0,800.0,0.0006658820202574134,0.5327056162059307,0.001,113.16436767578125,0.11316436767578125,700000,700000,415
1932,pose,1.107222318649292,100.0,0.00023701156897004694,0.023701156897004694,250.0,0.001141634420491755,0.28540860512293875,1.0,0.0009148106328211725,0.0009148106328211725,60.0,0.0025938437320291996,0.15563062392175198,0.0,0.0,0.0,800.0,0.0006610652199015021,0.5288521759212017,0.001,112.71495819091797,0.11271495819091797,700000,700000,442
1933,pose,1.1175593137741089,100.0,0.00024580510216765106,0.024580510216765106,250.0,0.0011423142859712243,0.2855785714928061,1.0,0.0009089999366551638,0.0009089999366551638,60.0,0.002889641560614109,0.17337849363684654,0.0,0.0,0.0,800.0,0.0006533252308145165,0.5226601846516132,0.001,110.45247650146484,0.11045247650146485,700000,700000,468
1934,pose,1.1071829795837402,100.0,0.0002517958346288651,0.025179583462886512,250.0,0.001142118009738624,0.285529502434656,1.0,0.0009061720920726657,0.0009061720920726657,60.0,0.0027560985181480646,0.16536591108888388,0.0,0.0,0.0,800.0,0.0006497460417449474,0.519796833395958,0.001,110.40502166748047,0.11040502166748047,700000,700000,463
1935,pose,1.1064105033874512,100.0,0.00025456096045672894,0.025456096045672894,250.0,0.0011414993787184358,0.28537484467960894,1.0,0.0009071613312698901,0.0009071613312698901,60.0,0.0027242128271609545,0.16345276962965727,0.0,0.0,0.0,800.0,0.0006510058301500976,0.5208046641200781,0.001,110.41496276855469,0.11041496276855468,700000,700000,474
1936,pose,1.1019494533538818,100.0,0.00025383412139490247,0.025383412139490247,250.0,0.0011398902861401439,0.28497257153503597,1.0,0.0009114069980569184,0.0009114069980569184,60.0,0.0025831253733485937,0.15498752240091562,0.0,0.0,0.0,800.0,0.0006561027839779854,0.5248822271823883,0.001,110.81230163574219,0.11081230163574218,700000,700000,427
1937,pose,1.1130906343460083,100.0,0.00024888216285035014,0.024888216285035014,250.0,0.001137775368988514,0.2844438422471285,1.0,0.0009197857580147684,0.0009197857580147684,60.0,0.002702749567106366,0.16216497402638197,0.0,0.0,0.0,800.0,0.0006625295500271022,0.5300236400216818,0.001,110.65016174316406,0.11065016174316407,700000,700000,403
1938,pose,1.1146687269210815,100.0,0.0002392415626673028,0.02392415626673028,250.0,0.001137148472480476,0.284287118120119,1.0,0.0009273451869376004,0.0009273451869376004,60.0,0.0026232185773551464,0.15739311464130878,0.0,0.0,0.0,800.0,0.0006714996416121721,0.5371997132897377,0.001,110.93719482421875,0.11093719482421875,700000,700000,375
1939,pose,1.1304621696472168,100.0,0.00023078358208294958,0.023078358208294958,250.0,0.0011366852559149265,0.28417131397873163,1.0,0.0009309216402471066,0.0009309216402471066,60.0,0.0027696131728589535,0.1661767903715372,0.0,0.0,0.0,800.0,0.000677269883453846,0.5418159067630768,0.001,114.28897094726562,0.11428897094726563,700000,700000,355
1940,pose,1.126481294631958,100.0,0.00022508173424284905,0.022508173424284905,250.0,0.0011352935107424855,0.2838233776856214,1.0,0.0009309216402471066,0.0009309216402471066,60.0,0.002684243954718113,0.16105463728308678,0.0,0.0,0.0,800.0,0.0006800619303248823,0.5440495442599058,0.001,114.11460876464844,0.11411460876464843,700000,700000,363
1941,pose,1.1282771825790405,100.0,0.00022219264064915478,0.022219264064915478,250.0,0.001133204554207623,0.28330113855190575,1.0,0.0009279169025830925,0.0009279169025830925,60.0,0.0027993624098598957,0.16796174459159374,0.0,0.0,0.0,800.0,0.0006787409074604511,0.5429927259683609,0.001,110.8744125366211,0.1108744125366211,700000,700000,380
1942,pose,1.1053797006607056,100.0,0.000224544302909635,0.0224544302909635,250.0,0.001132118166424334,0.2830295416060835,1.0,0.0009214946185238659,0.0009214946185238659,60.0,0.0025246236473321915,0.1514774188399315,0.0,0.0,0.0,800.0,0.0006702520186081529,0.5362016148865223,0.001,111.29523468017578,0.11129523468017578,700000,700000,401
1943,pose,1.1012306213378906,100.0,0.00023316143779084086,0.023316143779084086,250.0,0.0011312846327200532,0.2828211581800133,1.0,0.0009135336149483919,0.0009135336149483919,60.0,0.002651386661455035,0.1590831996873021,0.0,0.0,0.0,800.0,0.0006549960817210376,0.5239968653768301,0.001,111.09968566894531,0.11109968566894532,700000,700000,413
1944,pose,1.1076847314834595,100.0,0.00024006834428291768,0.024006834428291768,250.0,0.001133024925366044,0.283256231341511,1.0,0.0009077268186956644,0.0009077268186956644,60.0,0.002824303461238742,0.1694582076743245,0.0,0.0,0.0,800.0,0.0006487027858383954,0.5189622286707163,0.001,111.09353637695312,0.11109353637695313,700000,700000,449
1945,pose,1.0975109338760376,100.0,0.0002443818957544863,0.024438189575448632,250.0,0.001134525053203106,0.2836312633007765,1.0,0.0009064546902664006,0.0009064546902664006,60.0,0.002663214225322008,0.1597928535193205,0.0,0.0,0.0,800.0,0.0006470090011134744,0.5176072008907795,0.001,111.13491821289062,0.11113491821289062,700000,700000,455
1946,pose,1.1109765768051147,100.0,0.00024558097356930375,0.024558097356930375,250.0,0.0011362269287928939,0.28405673219822347,1.0,0.0009089999366551638,0.0009089999366551638,60.0,0.002833425533026457,0.1700055319815874,0.0,0.0,0.0,800.0,0.0006500105373561382,0.5200084298849106,0.001,111.43875122070312,0.11143875122070312,700000,700000,445
1947,pose,1.108574628829956,100.0,0.00024395085347350687,0.024395085347350687,250.0,0.0011382002849131823,0.28455007122829556,1.0,0.0009148106328211725,0.0009148106328211725,60.0,0.0026766706723719835,0.160600240342319,0.0,0.0,0.0,800.0,0.0006578279426321387,0.526262354105711,0.001,111.85202026367188,0.11185202026367187,700000,700000,430
1948,pose,1.11745285987854,100.0,0.00024001345445867628,0.024001345445867628,250.0,0.0011404739925637841,0.28511849814094603,1.0,0.000924060819670558,0.000924060819670558,60.0,0.002673725364729762,0.16042352188378572,0.0,0.0,0.0,800.0,0.0006684274412691593,0.5347419530153275,0.001,112.24351501464844,0.11224351501464844,700000,700000,393
1949,pose,1.1352711915969849,100.0,0.00023785715166013688,0.023785715166013688,250.0,0.0011435345513746142,0.28588363784365356,1.0,0.0009316377690993249,0.0009316377690993249,60.0,0.002901115920394659,0.17406695522367954,0.0,0.0,0.0,800.0,0.0006747909355908632,0.5398327484726906,0.001,110.77043151855469,0.11077043151855469,700000,700000,382
1950,pose,1.1335899829864502,100.0,0.00023712270194664598,0.023712270194664598,250.0,0.001145369722507894,0.2863424306269735,1.0,0.000935509568080306,0.000935509568080306,60.0,0.0028605260886251926,0.17163156531751156,0.0,0.0,0.0,800.0,0.0006751226610504091,0.5400981288403273,0.001,110.87008666992188,0.11087008666992187,700000,700000,399
1951,pose,1.1307456493377686,100.0,0.00023816077737137675,0.023816077737137675,250.0,0.0011464015115052462,0.28660037787631154,1.0,0.0009350789478048682,0.0009350789478048682,60.0,0.0028714309446513653,0.17228585667908192,0.0,0.0,0.0,800.0,0.000670173205435276,0.5361385643482208,0.001,110.96980285644531,0.11096980285644531,700000,700000,392
1952,pose,1.113615870475769,100.0,0.00024141525500454009,0.02414152550045401,250.0,0.0011469959281384945,0.2867489820346236,1.0,0.0009302056860178709,0.0009302056860178709,60.0,0.0027077028062194586,0.16246216837316751,0.0,0.0,0.0,800.0,0.0006605333182960749,0.5284266546368599,0.001,110.90634155273438,0.11090634155273438,700000,700000,423
1953,pose,1.0977568626403809,100.0,0.0002464786230120808,0.02464786230120808,250.0,0.0011463246773928404,0.2865811693482101,1.0,0.0009210673160851002,0.0009210673160851002,60.0,0.002604586537927389,0.15627519227564335,0.0,0.0,0.0,800.0,0.0006480802549049258,0.5184642039239407,0.001,110.86734008789062,0.11086734008789063,700000,700000,451
1954,pose,1.0985256433486938,100.0,0.0002487068122718483,0.024870681227184832,250.0,0.0011453002225607634,0.28632505564019084,1.0,0.0009159466717392206,0.0009159466717392206,60.0,0.0026890733279287815,0.1613443996757269,0.0,0.0,0.0,800.0,0.0006431128131225705,0.5144902504980564,0.001,110.57928466796875,0.11057928466796875,700000,700000,466
1955,pose,1.1192480325698853,100.0,0.00024876536917872727,0.024876536917872727,250.0,0.0011439764639362693,0.2859941159840673,1.0,0.0009148106328211725,0.0009148106328211725,60.0,0.0030282323714345694,0.18169394228607416,0.0,0.0,0.0,800.0,0.0006437934935092926,0.5150347948074341,0.001,110.73385620117188,0.11073385620117188,700000,700000,463
1956,pose,1.0937029123306274,100.0,0.00024591508554294705,0.024591508554294705,250.0,0.0011429199948906898,0.28572999872267246,1.0,0.0009170833509415388,0.0009170833509415388,60.0,0.0025325363967567682,0.1519521838054061,0.0,0.0,0.0,800.0,0.0006493789842352271,0.5195031873881817,0.001,111.00901794433594,0.11100901794433594,700000,700000,427
1957,pose,1.1040159463882446,100.0,0.00024025233869906515,0.024025233869906515,250.0,0.00114381720777601,0.2859543019440025,1.0,0.0009207824477925897,0.0009207824477925897,60.0,0.002580166095867753,0.15480996575206518,0.0,0.0,0.0,800.0,0.0006594837177544832,0.5275869742035866,0.001,110.71864318847656,0.11071864318847656,700000,700000,432
1958,pose,1.113008737564087,100.0,0.00023659637372475117,0.023659637372475117,250.0,0.0011441759997978806,0.28604399994947016,1.0,0.0009243462118320167,0.0009243462118320167,60.0,0.002616965677589178,0.15701794065535069,0.0,0.0,0.0,800.0,0.0006672849413007498,0.5338279530405998,0.001,111.5348892211914,0.11153488922119141,700000,700000,398
1959,pose,1.114186406135559,100.0,0.00023711842368356884,0.023711842368356884,250.0,0.001145511749200523,0.2863779373001307,1.0,0.0009246316622011364,0.0009246316622011364,60.0,0.002591430675238371,0.15548584051430225,0.0,0.0,0.0,800.0,0.0006704460829496384,0.5363568663597107,0.001,111.32926940917969,0.11132926940917968,700000,700000,415
1960,pose,1.1180757284164429,100.0,0.0002402552345301956,0.02402552345301956,250.0,0.0011461912654340267,0.2865478163585067,1.0,0.0009214946185238659,0.0009214946185238659,60.0,0.0026875343173742294,0.16125205904245377,0.0,0.0,0.0,800.0,0.0006679989746771753,0.5343991797417402,0.001,110.92974090576172,0.11092974090576171,700000,700000,431
1961,pose,1.1066333055496216,100.0,0.00024562663747929037,0.024562663747929037,250.0,0.0011463407427072525,0.2865851856768131,1.0,0.0009172254940494895,0.0009172254940494895,60.0,0.0025867288932204247,0.15520373359322548,0.0,0.0,0.0,800.0,0.0006607036339119077,0.5285629071295261,0.001,110.80155944824219,0.11080155944824219,700000,700000,440
1962,pose,1.1101855039596558,100.0,0.00024833163479343057,0.024833163479343057,250.0,0.001146398950368166,0.2865997375920415,1.0,0.0009165149531327188,0.0009165149531327188,60.0,0.002666015876457095,0.1599609525874257,0.0,0.0,0.0,800.0,0.0006573603022843599,0.525888241827488,0.001,111.98682403564453,0.11198682403564453,700000,700000,445
1963,pose,1.1017043590545654,100.0,0.00024884281447157264,0.024884281447157264,250.0,0.0011462678667157888,0.2865669666789472,1.0,0.000918220728635788,0.000918220728635788,60.0,0.0025224159471690655,0.15134495683014393,0.0,0.0,0.0,800.0,0.0006575639126822352,0.5260511301457882,0.001,111.93885803222656,0.11193885803222657,700000,700000,430
1964,pose,1.1068286895751953,100.0,0.00024976496933959424,0.024976496933959424,250.0,0.0011455956846475601,0.28639892116189003,1.0,0.0009195010643452406,0.0009195010643452406,60.0,0.002614131895825267,0.156847913749516,0.0,0.0,0.0,800.0,0.0006570123950950801,0.5256099160760641,0.001,112.07595825195312,0.11207595825195313,700000,700000,421
1965,pose,1.1091388463974,100.0,0.0002458184608258307,0.02458184608258307,250.0,0.0011433899635449052,0.2858474908862263,1.0,0.0009195010643452406,0.0009195010643452406,60.0,0.0026451810263097286,0.15871086157858372,0.0,0.0,0.0,800.0,0.0006584202637895942,0.5267362110316753,0.001,112.34300231933594,0.11234300231933594,700000,700000,403
1966,pose,1.1108356714248657,100.0,0.00024215182929765433,0.024215182929765433,250.0,0.0011411427985876799,0.28528569964691997,1.0,0.0009185051312670112,0.0009185051312670112,60.0,0.0026889799628406763,0.16133879777044058,0.0,0.0,0.0,800.0,0.0006579053588211536,0.5263242870569229,0.001,112.75321960449219,0.1127532196044922,700000,700000,421
1967,pose,1.1096597909927368,100.0,0.0002397584030404687,0.02397584030404687,250.0,0.0011391304433345795,0.28478261083364487,1.0,0.0009149526013061404,0.0009149526013061404,60.0,0.002723339246585965,0.1634003547951579,0.0,0.0,0.0,800.0,0.0006547942757606506,0.5238354206085205,0.001,112.75060272216797,0.11275060272216797,700000,700000,419
1968,pose,1.1097157001495361,100.0,0.0002372593735344708,0.02372593735344708,250.0,0.00113661028444767,0.2841525711119175,1.0,0.0009122572955675423,0.0009122572955675423,60.0,0.0027669663541018963,0.16601798124611378,0.0,0.0,0.0,800.0,0.0006535900756716728,0.5228720605373383,0.001,112.03488159179688,0.11203488159179688,700000,700000,431
1969,pose,1.1095126867294312,100.0,0.00023490848252549767,0.023490848252549767,250.0,0.0011364542879164219,0.2841135719791055,1.0,0.0009129662066698074,0.0009129662066698074,60.0,0.002719193696975708,0.16315162181854248,0.0,0.0,0.0,800.0,0.0006575974402949214,0.5260779522359371,0.001,111.76568603515625,0.11176568603515626,700000,700000,408
1970,pose,1.100049614906311,100.0,0.00023542628332506865,0.023542628332506865,250.0,0.0011377364862710238,0.28443412156775594,1.0,0.000910273811314255,0.000910273811314255,60.0,0.0025358109269291162,0.15214865561574697,0.0,0.0,0.0,800.0,0.000659012293908745,0.527209835126996,0.001,111.80415344238281,0.11180415344238281,700000,700000,439
1971,pose,1.1036438941955566,100.0,0.00023721024626865983,0.023721024626865983,250.0,0.0011391234584152699,0.28478086460381746,1.0,0.0009106987272389233,0.0009106987272389233,60.0,0.002546431729570031,0.15278590377420187,0.0,0.0,0.0,800.0,0.0006618851330131292,0.5295081064105034,0.001,111.93733215332031,0.11193733215332032,700000,700000,415
1972,pose,1.1032142639160156,100.0,0.00024261907674372196,0.024261907674372196,250.0,0.0011407177662476897,0.28517944156192243,1.0,0.0009094244451262057,0.0009094244451262057,60.0,0.0025332008954137564,0.15199205372482538,0.0,0.0,0.0,800.0,0.000660675868857652,0.5285406950861216,0.001,112.33081817626953,0.11233081817626954,700000,700000,414
1973,pose,1.1104897260665894,100.0,0.0002480880939401686,0.024808809394016862,250.0,0.0011409424478188157,0.2852356119547039,1.0,0.0009049009531736374,0.0009049009531736374,60.0,0.0026995909865945578,0.16197545919567347,0.0,0.0,0.0,800.0,0.0006559955654665828,0.5247964523732662,0.001,112.76849365234375,0.11276849365234375,700000,700000,415
1974,pose,1.1013096570968628,100.0,0.0002486651064828038,0.024866510648280382,250.0,0.00114051578566432,0.28512894641608,1.0,0.0009047599160112441,0.0009047599160112441,60.0,0.0025394135154783726,0.15236481092870235,0.0,0.0,0.0,800.0,0.0006566224619746208,0.5252979695796967,0.001,112.74663543701172,0.11274663543701172,700000,700000,417
1975,pose,1.1085001230239868,100.0,0.0002450027968734503,0.024500279687345028,250.0,0.0011399374343454838,0.28498435858637094,1.0,0.000908434041775763,0.000908434041775763,60.0,0.002623546402901411,0.15741278417408466,0.0,0.0,0.0,800.0,0.0006618064944632351,0.5294451955705881,0.001,111.24907684326172,0.11124907684326173,700000,700000,409
1976,pose,1.0969343185424805,100.0,0.0002420867094770074,0.02420867094770074,250.0,0.0011382224038243294,0.28455560095608234,1.0,0.000908434041775763,0.000908434041775763,60.0,0.002441718243062496,0.14650309458374977,0.0,0.0,0.0,800.0,0.00066251156385988,0.530009251087904,0.001,110.74928283691406,0.11074928283691407,700000,700000,425
1977,pose,1.1078598499298096,100.0,0.00024011614732444286,0.024011614732444286,250.0,0.001135552767664194,0.2838881919160485,1.0,0.0009081511525437236,0.0009081511525437236,60.0,0.002634034724906087,0.15804208349436522,0.0,0.0,0.0,800.0,0.0006614728481508791,0.5291782785207033,0.001,111.83148193359375,0.11183148193359375,700000,700000,438
1978,pose,1.10477876663208,100.0,0.0002368273417232558,0.02368273417232558,250.0,0.0011329972185194492,0.2832493046298623,1.0,0.0009109820239245892,0.0009109820239245892,60.0,0.002572775585576892,0.15436653513461351,0.0,0.0,0.0,800.0,0.0006635856698267162,0.530868535861373,0.001,111.70066833496094,0.11170066833496094,700000,700000,408
1979,pose,1.1042510271072388,100.0,0.00023386655084323138,0.023386655084323138,250.0,0.001132821198552847,0.2832052996382117,1.0,0.000913675467018038,0.000913675467018038,60.0,0.0024977512657642365,0.1498650759458542,0.0,0.0,0.0,800.0,0.0006687964778393507,0.5350371822714806,0.001,111.84317016601562,0.11184317016601562,700000,700000,401
1980,pose,1.1054081916809082,100.0,0.00023499809321947396,0.023499809321947396,250.0,0.0011332019930705428,0.2833004982676357,1.0,0.000913675467018038,0.000913675467018038,60.0,0.0025311268400400877,0.15186761040240526,0.0,0.0,0.0,800.0,0.0006669944850727916,0.5335955880582333,0.001,112.23094940185547,0.11223094940185548,700000,700000,401
1981,pose,1.1109676361083984,100.0,0.0002375820477027446,0.02375820477027446,250.0,0.00113518419675529,0.2837960491888225,1.0,0.0009152365964837372,0.0009152365964837372,60.0,0.002663823077455163,0.15982938464730978,0.0,0.0,0.0,800.0,0.0006628647679463029,0.5302918143570423,0.001,112.37704467773438,0.11237704467773438,700000,700000,390
1982,pose,1.1079871654510498,100.0,0.00024168231175281107,0.024168231175281107,250.0,0.0011362717486917973,0.2840679371729493,1.0,0.0009126826771534979,0.0009126826771534979,60.0,0.0027083971071988344,0.16250382643193007,0.0,0.0,0.0,800.0,0.0006550009129568934,0.5240007303655148,0.001,112.33378601074219,0.11233378601074219,700000,700000,431
1983,pose,1.1085152626037598,100.0,0.00024306122213602066,0.024306122213602066,250.0,0.0011381680378690362,0.28454200946725905,1.0,0.0009139591129496694,0.0009139591129496694,60.0,0.0027262514922767878,0.16357508953660727,0.0,0.0,0.0,800.0,0.0006540586473420262,0.523246917873621,0.001,111.93118286132812,0.11193118286132812,700000,700000,427
1984,pose,1.1015628576278687,100.0,0.00024011172354221344,0.024011172354221344,250.0,0.0011404353426769376,0.2851088356692344,1.0,0.0009170833509415388,0.0009170833509415388,60.0,0.002542327856644988,0.15253967139869928,0.0,0.0,0.0,800.0,0.0006593960570171475,0.527516845613718,0.001,111.46929931640625,0.11146929931640626,700000,700000,423
1985,pose,1.099675178527832,100.0,0.0002403424005024135,0.02403424005024135,250.0,0.0011414833134040236,0.2853708283510059,1.0,0.0009167990647256374,0.0009167990647256374,60.0,0.002483411692082882,0.14900470152497292,0.0,0.0,0.0,800.0,0.0006612089928239584,0.5289671942591667,0.001,111.38145446777344,0.11138145446777344,700000,700000,418
1986,pose,1.111817717552185,100.0,0.0002389913861406967,0.02389913861406967,250.0,0.0011409007711336017,0.2852251927834004,1.0,0.0009172254940494895,0.0009172254940494895,60.0,0.002697115996852517,0.16182695981115103,0.0,0.0,0.0,800.0,0.0006605749949812889,0.5284599959850311,0.001,111.48915100097656,0.11148915100097656,700000,700000,406
1987,pose,1.1129485368728638,100.0,0.00023835760657675564,0.023835760657675564,250.0,0.0011401331285014749,0.2850332821253687,1.0,0.0009152365964837372,0.0009152365964837372,60.0,0.0027610540855675936,0.16566324513405561,0.0,0.0,0.0,800.0,0.0006568804383277893,0.5255043506622314,0.001,111.9966049194336,0.1119966049194336,700000,700000,414
1988,pose,1.0955077409744263,100.0,0.00023627257905900478,0.02362725790590048,250.0,0.0011393732856959105,0.2848433214239776,1.0,0.0009159466717392206,0.0009159466717392206,60.0,0.0024364290293306112,0.14618574175983667,0.0,0.0,0.0,800.0,0.0006587386596947908,0.5269909277558327,0.001,112.94458770751953,0.11294458770751953,700000,700000,413
1989,pose,1.1170977354049683,100.0,0.00023726371000520885,0.023726371000520885,250.0,0.0011375256581231952,0.2843814145307988,1.0,0.0009152365964837372,0.0009152365964837372,60.0,0.002800663700327277,0.16803982201963663,0.0,0.0,0.0,800.0,0.0006599958287551999,0.5279966630041599,0.001,112.03822326660156,0.11203822326660157,700000,700000,422
1990,pose,1.1172075271606445,100.0,0.00023638420680072159,0.02363842068007216,250.0,0.0011361403157934546,0.28403507894836366,1.0,0.0009190742275677621,0.0009190742275677621,60.0,0.002754679648205638,0.16528077889233828,0.0,0.0,0.0,800.0,0.0006645076209679246,0.5316060967743397,0.001,111.72806549072266,0.11172806549072266,700000,700000,398
1991,pose,1.1173356771469116,100.0,0.0002375130425207317,0.02375130425207317,250.0,0.001135178841650486,0.2837947104126215,1.0,0.0009197857580147684,0.0009197857580147684,60.0,0.002761373994871974,0.16568243969231844,0.0,0.0,0.0,800.0,0.0006643476663157344,0.5314781330525875,0.001,111.70936584472656,0.11170936584472657,700000,700000,387
1992,pose,1.1246594190597534,100.0,0.0002393581671640277,0.02393581671640277,250.0,0.0011369967833161354,0.28424919582903385,1.0,0.0009204975795000792,0.0009204975795000792,60.0,0.002862609690055251,0.17175658140331507,0.0,0.0,0.0,800.0,0.0006646366091445088,0.5317092873156071,0.001,112.08811950683594,0.11208811950683593,700000,700000,410
1993,pose,1.1171669960021973,100.0,0.00024366501020267606,0.024366501020267606,250.0,0.0011388234561309218,0.28470586403273046,1.0,0.0009172254940494895,0.0009172254940494895,60.0,0.00275680935010314,0.1654085610061884,0.0,0.0,0.0,800.0,0.0006619999185204506,0.5295999348163605,0.001,112.16887664794922,0.11216887664794922,700000,700000,442
1994,pose,1.1168749332427979,100.0,0.00024608243256807327,0.024608243256807327,250.0,0.001139269326813519,0.28481733170337975,1.0,0.0009158045868389308,0.0009158045868389308,60.0,0.002800405491143465,0.1680243294686079,0.0,0.0,0.0,800.0,0.0006579872570000589,0.5263898056000471,0.001,112.11946105957031,0.11211946105957031,700000,700000,452
1995,pose,1.11481511592865,100.0,0.0002463077544234693,0.02463077544234693,250.0,0.0011393351014703512,0.2848337753675878,1.0,0.0009165149531327188,0.0009165149531327188,60.0,0.0027813385240733624,0.16688031144440174,0.0,0.0,0.0,800.0,0.0006568284006789327,0.5254627205431461,0.001,112.09095764160156,0.11209095764160157,700000,700000,436
1996,pose,1.1142758131027222,100.0,0.00024371650943066925,0.024371650943066925,250.0,0.001138735213316977,0.28468380332924426,1.0,0.0009187896503135562,0.0009187896503135562,60.0,0.0027381281834095716,0.1642876910045743,0.0,0.0,0.0,800.0,0.0006600075284950435,0.5280060227960348,0.001,112.00786590576172,0.11200786590576173,700000,700000,417
1997,pose,1.1097277402877808,100.0,0.00023755243455525488,0.023755243455525488,250.0,0.0011368689592927694,0.28421723982319236,1.0,0.0009185051312670112,0.0009185051312670112,60.0,0.00261634960770607,0.1569809764623642,0.0,0.0,0.0,800.0,0.0006647240370512009,0.5317792296409607,0.001,112.07647705078125,0.11207647705078125,700000,700000,405
1998,pose,1.1229946613311768,100.0,0.00023438651987817138,0.02343865198781714,250.0,0.001133995596319437,0.28349889907985926,1.0,0.000915520649868995,0.000915520649868995,60.0,0.0028327815234661102,0.1699668914079666,0.0,0.0,0.0,800.0,0.0006664076936431229,0.5331261549144983,0.001,112.04853820800781,0.11204853820800781,700000,700000,379
1999,pose,1.0996248722076416,100.0,0.00023240881273522973,0.023240881273522973,250.0,0.0011327038519084454,0.28317596297711134,1.0,0.0009122572955675423,0.0009122572955675423,60.0,0.002456436865031719,0.14738621190190315,0.0,0.0,0.0,800.0,0.0006659337668679655,0.5327470134943724,0.001,112.1624984741211,0.1121624984741211,700000,700000,393
2000,pose,1.1092331409454346,100.0,0.00023303308989852667,0.023303308989852667,250.0,0.0011319968616589904,0.2829992154147476,1.0,0.0009080096497200429,0.0009080096497200429,60.0,0.002690538763999939,0.16143232583999634,0.0,0.0,0.0,800.0,0.0006601576460525393,0.5281261168420315,0.001,112.46412658691406,0.11246412658691407,700000,700000,413
