iter,total,cd3d,cd3d_raw,cd2d,scale_reg,t_reg,scale,tx,ty,tz
0,39.94633865,0.03994627,5.45314360,0.72256881,0.00000000,0.00000000,1.00000000,0.00000000,0.00000000,0.00000000
1,39.94502258,0.03994496,5.38791037,0.66166824,0.00002500,0.00007500,1.00501263,0.00499977,-0.00500000,0.00500000
2,39.94362640,0.03994356,5.32086849,0.62320060,0.00010008,0.00020191,1.01005411,0.00136124,-0.00999999,0.01000302
3,39.94219208,0.03994212,5.25406599,0.71853006,0.00022542,0.00045486,1.01512730,-0.00207656,-0.01500621,0.01501210
4,39.94072342,0.03994064,5.18781853,0.86672264,0.00040134,0.00081550,1.02023542,-0.00367611,-0.02001930,0.02003021
5,39.93918991,0.03993911,5.12214422,0.84408987,0.00062822,0.00126472,1.02538121,-0.00313119,-0.02503814,0.02506017
6,39.93760300,0.03993752,5.05675936,0.81070060,0.00090659,0.00181261,1.03056753,-0.00163330,-0.03006151,0.03010390
7,39.93599701,0.03993588,4.99138069,1.15722966,0.00123705,0.00246677,1.03579760,-0.00048882,-0.03507151,0.03516424
8,39.93436050,0.03993417,4.92585802,1.88843572,0.00162036,0.00321637,1.04107475,-0.00097148,-0.03994372,0.04024825
9,39.93269348,0.03993239,4.86070395,2.93777990,0.00205737,0.00403137,1.04640269,-0.00263488,-0.04434523,0.04536441
10,39.93098831,0.03993058,4.79668236,4.00883722,0.00254908,0.00486257,1.05178475,-0.00427463,-0.04787675,0.05051842
11,39.92918396,0.03992874,4.73433876,4.33861160,0.00309655,0.00565445,1.05722404,-0.00463235,-0.05028969,0.05571297
12,39.92727280,0.03992688,4.67346954,3.85624599,0.00370092,0.00639832,1.06272376,-0.00403921,-0.05164748,0.06094706
13,39.92528152,0.03992496,4.61344671,3.04054713,0.00436333,0.00712820,1.06828594,-0.00336953,-0.05227108,0.06621619
14,39.92321777,0.03992298,4.55345392,2.30618215,0.00508498,0.00789807,1.07391310,-0.00337466,-0.05265670,0.07151193
15,39.92108917,0.03992090,4.49304914,1.79238641,0.00586718,0.00874386,1.07960749,-0.00400285,-0.05315118,0.07682959
16,39.91887283,0.03991871,4.43198442,1.50339890,0.00671137,0.00969062,1.08537221,-0.00491667,-0.05398986,0.08216774
17,39.91655350,0.03991640,4.37015676,1.38103807,0.00761911,0.01075169,1.09121037,-0.00593085,-0.05527587,0.08752769
18,39.91410828,0.03991395,4.30746078,1.40918911,0.00859210,0.01194100,1.09712553,-0.00693258,-0.05710185,0.09291029
19,39.91153717,0.03991136,4.24398327,1.51883399,0.00963219,0.01325750,1.10312140,-0.00762531,-0.05943512,0.09832000
20,39.90882492,0.03990863,4.17983818,1.70749366,0.01074136,0.01469640,1.10920167,-0.00797023,-0.06217834,0.10376287
21,39.90596008,0.03990573,4.11512184,1.98664427,0.01192175,0.01625363,1.11537063,-0.00806520,-0.06522298,0.10924534
22,39.90295410,0.03990268,4.04989433,2.38779593,0.01317561,0.01792860,1.12163234,-0.00793851,-0.06850502,0.11477212
23,39.89978790,0.03989946,3.98424387,2.92262483,0.01450534,0.01971573,1.12799096,-0.00769778,-0.07192057,0.12034909
24,39.89645386,0.03989605,3.91821671,3.60612607,0.01591345,0.02160998,1.13445055,-0.00779598,-0.07535127,0.12598170
25,39.89293289,0.03989246,3.85195637,4.34221029,0.01740258,0.02359390,1.14101565,-0.00821624,-0.07866389,0.13167530
26,39.88920975,0.03988866,3.78555608,5.02775097,0.01897548,0.02565386,1.14769030,-0.00903080,-0.08175786,0.13743345
27,39.88526154,0.03988466,3.71913934,5.55766153,0.02063498,0.02777248,1.15447855,-0.00990566,-0.08456498,0.14325893
28,39.88107681,0.03988044,3.65279388,5.80166340,0.02238398,0.02993395,1.16138434,-0.01055602,-0.08703851,0.14915366
29,39.87662125,0.03987599,3.58644104,5.77843094,0.02422544,0.03214557,1.16841161,-0.01087281,-0.08925252,0.15511720
30,39.87190247,0.03987128,3.51988983,5.62687922,0.02616241,0.03443406,1.17556393,-0.01104383,-0.09134202,0.16114816
31,39.86686325,0.03986625,3.45293689,5.48380518,0.02819801,0.03683239,1.18284512,-0.01122814,-0.09346289,0.16724536
32,39.86149979,0.03986089,3.38544035,5.44861650,0.03033551,0.03936794,1.19025898,-0.01150260,-0.09573403,0.17340885
33,39.85576248,0.03985513,3.31725359,5.62096119,0.03257830,0.04207205,1.19780970,-0.01208586,-0.09826388,0.17963906
34,39.84962082,0.03984894,3.24834561,6.02515221,0.03492997,0.04496095,1.20550144,-0.01293152,-0.10109797,0.18593797
35,39.84303284,0.03984228,3.17875624,6.68917942,0.03739426,0.04803951,1.21333885,-0.01393112,-0.10422471,0.19230872
36,39.83595276,0.03983511,3.10857153,7.59932804,0.03997505,0.05130296,1.22132659,-0.01481610,-0.10761025,0.19875482
37,39.82833862,0.03982737,3.03786659,8.69761658,0.04267637,0.05474640,1.22946930,-0.01535215,-0.11122528,0.20527944
38,39.82013321,0.03981904,2.96673632,9.95065594,0.04550235,0.05835924,1.23777175,-0.01541609,-0.11500352,0.21188621
39,39.81127548,0.03981003,2.89521170,11.37524033,0.04845725,0.06214485,1.24623871,-0.01534919,-0.11888164,0.21857814
40,39.80168915,0.03980028,2.82333279,12.96105289,0.05154539,0.06610328,1.25487518,-0.01555383,-0.12278054,0.22535816
41,39.79130554,0.03978972,2.75113964,14.66130829,0.05477116,0.07023463,1.26368546,-0.01610514,-0.12666976,0.23222838
42,39.78002548,0.03977826,2.67874217,16.32933426,0.05813900,0.07452052,1.27267420,-0.01687426,-0.13047333,0.23919132
43,39.76774216,0.03976580,2.60611320,18.01599503,0.06165338,0.07897758,1.28184581,-0.01782837,-0.13424526,0.24624772
44,39.75434875,0.03975223,2.53329492,19.68825912,0.06531878,0.08360521,1.29120445,-0.01863125,-0.13801141,0.25339878
45,39.73969650,0.03973739,2.46022868,21.46241188,0.06913970,0.08843164,1.30075431,-0.01921940,-0.14186795,0.26064485
46,39.72363663,0.03972112,2.38688207,23.48424530,0.07312065,0.09348405,1.31049943,-0.01953453,-0.14589593,0.26798663
47,39.70597839,0.03970321,2.31322145,25.95353508,0.07726619,0.09879554,1.32044387,-0.01982673,-0.15014510,0.27542493
48,39.68651581,0.03968342,2.23921704,29.11408424,0.08158083,0.10440463,1.33059144,-0.02023544,-0.15468857,0.28296041
49,39.66501999,0.03966151,2.16490889,33.13395691,0.08606913,0.11033185,1.34094608,-0.02086185,-0.15953584,0.29059413
50,39.64118576,0.03963716,2.09037304,38.13255692,0.09073555,0.11658636,1.35151136,-0.02163598,-0.16467905,0.29832709
51,39.61468124,0.03961004,2.01569915,44.19469833,0.09558451,0.12317370,1.36229050,-0.02250778,-0.17009731,0.30616009
52,39.58513641,0.03957977,1.94099355,51.35392761,0.10062025,0.13009313,1.37328672,-0.02336979,-0.17576167,0.31409365
53,39.55208969,0.03954589,1.86637366,59.58489227,0.10584685,0.13733444,1.38450289,-0.02396089,-0.18164229,0.32212791
54,39.51499176,0.03950784,1.79192102,68.96273041,0.11126817,0.14490420,1.39594102,-0.02420900,-0.18773621,0.33026236
55,39.47321701,0.03946497,1.71769476,79.75659943,0.11688778,0.15282717,1.40760338,-0.02434380,-0.19404876,0.33849612
56,39.42597961,0.03941645,1.64372838,92.45985413,0.12270895,0.16114928,1.41949105,-0.02480415,-0.20061038,0.34682778
57,39.37237930,0.03936132,1.57009351,107.52043152,0.12873468,0.16990119,1.43160498,-0.02574669,-0.20744105,0.35525557
58,39.31130600,0.03929847,1.49691474,125.17966461,0.13496755,0.17908609,1.44394553,-0.02678065,-0.21455736,0.36377743
59,39.24143982,0.03922656,1.42431772,145.51531982,0.14140978,0.18870114,1.45651257,-0.02750303,-0.22196800,0.37239084
60,39.16117477,0.03914395,1.35242128,168.80386353,0.14806318,0.19875073,1.46930552,-0.02772299,-0.22967452,0.38109288
61,39.06855774,0.03904863,1.28131819,195.67070007,0.15492912,0.20927356,1.48232281,-0.02805969,-0.23765442,0.38988024
62,38.96120834,0.03893817,1.21112967,226.56173706,0.16200846,0.22029136,1.49556303,-0.02894977,-0.24587049,0.39874926
63,38.83624268,0.03880972,1.14202619,261.21096802,0.16930169,0.23177296,1.50902367,-0.03001656,-0.25427541,0.40769595
64,38.69010925,0.03865980,1.07417572,298.85427856,0.17680883,0.24366277,1.52270210,-0.03060336,-0.26281923,0.41671604
65,38.51844788,0.03848410,1.00771129,339.05001831,0.18452953,0.25593787,1.53659511,-0.03064560,-0.27145678,0.42580503
66,38.31588364,0.03827721,0.94272351,382.13735962,0.19246310,0.26862788,1.55069959,-0.03087739,-0.28015307,0.43495831
67,38.07576752,0.03803246,0.87931895,428.18850708,0.20060854,0.28174311,1.56501186,-0.03161791,-0.28888640,0.44417119
68,37.78982162,0.03774173,0.81762338,475.84719849,0.20896469,0.29520667,1.57952881,-0.03167126,-0.29765213,0.45343888
69,37.44779587,0.03739474,0.75772238,525.23614502,0.21753024,0.30903119,1.59424675,-0.03119433,-0.30645454,0.46275666
70,37.03689194,0.03697859,0.69968253,577.47052002,0.22630383,0.32329130,1.60916269,-0.03126097,-0.31530437,0.47211990
71,36.54124069,0.03647752,0.64360380,631.44158936,0.23528425,0.33792049,1.62427425,-0.03065198,-0.32421511,0.48152414
72,35.94122314,0.03587185,0.58956140,687.74090576,0.24447058,0.35295290,1.63957930,-0.02971176,-0.33320129,0.49096537
73,35.21284866,0.03513744,0.53762919,747.77972412,0.25386247,0.36848307,1.65507722,-0.02980230,-0.34227854,0.50044012
74,34.32712936,0.03424558,0.48790091,808.99981689,0.26346073,0.38428333,1.67076945,-0.02669180,-0.35146272,0.50994593
75,33.25004196,0.03316176,0.44042954,876.10430908,0.27326745,0.40082693,1.68665934,-0.02848225,-0.36076906,0.51948184
76,31.94262695,0.03184744,0.39529398,944.86724854,0.28328744,0.41760722,1.70275509,-0.02567682,-0.37020996,0.52904868
77,30.36433792,0.03026173,0.35256249,1018.75958252,0.29352802,0.43485114,1.71906805,-0.02166180,-0.37978694,0.53864998
78,28.47635269,0.02836612,0.31229687,1094.79589844,0.30400023,0.45277783,1.73561549,-0.02170222,-0.38946393,0.54829252
79,26.25101662,0.02613312,0.27455932,1171.15222168,0.31472018,0.47102639,1.75242281,-0.02042126,-0.39907438,0.55798656
80,23.68040085,0.02355582,0.23937184,1237.64208984,0.32570848,0.48909557,1.76952076,-0.01667789,-0.40802205,0.56774592
81,20.78136826,0.02065436,0.20665422,1261.67895508,0.33698827,0.50584799,1.78694403,-0.01379607,-0.41479078,0.57758659
82,17.60114670,0.01747901,0.17619546,1212.67480469,0.34858206,0.51988065,1.80472529,-0.01310768,-0.41776162,0.58752370
83,14.25117970,0.01413974,0.14788844,1105.49853516,0.36050546,0.53112268,1.82288611,-0.00970317,-0.41706547,0.59756583
84,10.92181683,0.01082411,0.12181874,967.91046143,0.37275702,0.54054236,1.84142232,-0.00548851,-0.41376925,0.60770655
85,7.84496546,0.00776265,0.09814213,813.77239990,0.38530150,0.54890937,1.86027920,-0.00642944,-0.40872201,0.61791128
86,5.24705887,0.00517990,0.07713933,662.00799561,0.39804935,0.55657810,1.87932289,-0.00837928,-0.40248382,0.62810403
87,3.26462746,0.00321076,0.05908452,528.90277100,0.41084152,0.56366181,1.89831984,-0.00733883,-0.39542252,0.63816065
88,1.89928567,0.00185646,0.04412272,418.31832886,0.42346334,0.57023942,1.91696012,-0.00421426,-0.38783640,0.64792329
89,1.04144943,0.00100724,0.03214442,331.92382812,0.43569177,0.57638961,1.93492687,0.00066196,-0.38003790,0.65723693
90,0.54813510,0.00052041,0.02296230,266.98016357,0.44733936,0.58220160,1.95196068,0.00673279,-0.37232372,0.66598147
91,0.28657481,0.00026360,0.01628950,219.29550171,0.45827830,0.58774006,1.96789122,0.01350907,-0.36491781,0.67408645
92,0.15706818,0.00013755,0.01174833,184.58045959,0.46844345,0.59302914,1.98263991,0.02032760,-0.35795867,0.68152881
93,0.09649547,0.00007952,0.00892602,159.04170227,0.47782075,0.59805292,1.99620092,0.02658099,-0.35151157,0.68832111
94,0.06598695,0.00005094,0.00714150,139.61631775,0.48642892,0.60277492,2.00861335,0.03192129,-0.34558654,0.69449687
95,0.04487663,0.00003152,0.00561630,122.57205963,0.49431637,0.60709286,2.01995730,0.03517844,-0.34015620,0.70010650
96,0.03026630,0.00001849,0.00430112,106.62683868,0.50153202,0.61096662,2.03031158,0.03634317,-0.33517283,0.70519853
97,0.02109713,0.00001080,0.00328718,91.71984863,0.50812209,0.61442113,2.03974915,0.03591372,-0.33059165,0.70981723
98,0.01546920,0.00000655,0.00255872,77.91574860,0.51413065,0.61750031,2.04833865,0.03431370,-0.32637849,0.71400279
99,0.01169410,0.00000402,0.00200503,65.34484863,0.51960248,0.62025601,2.05614853,0.03187430,-0.32250896,0.71779388
100,0.00914332,0.00000259,0.00161035,54.02939224,0.52458066,0.62273425,2.06324387,0.02884462,-0.31895897,0.72122633
101,0.00733339,0.00000179,0.00133762,43.90167236,0.52910602,0.62497318,2.06968546,0.02538486,-0.31570610,0.72433311
102,0.00594743,0.00000129,0.00113651,34.95601273,0.53321707,0.62700772,2.07553124,0.02164050,-0.31273034,0.72714454
103,0.00483853,0.00000095,0.00097225,27.27455139,0.53694987,0.62886673,2.08083391,0.01772450,-0.31001207,0.72968835
104,0.00392922,0.00000066,0.00081380,20.96049309,0.54033786,0.63057357,2.08564210,0.01373101,-0.30753189,0.73198986
105,0.00322523,0.00000046,0.00067485,15.94245815,0.54341173,0.63214731,2.09000134,0.00975138,-0.30527106,0.73407209
106,0.00270479,0.00000032,0.00056562,12.05062389,0.54619962,0.63360262,2.09395194,0.00586197,-0.30321166,0.73595577
107,0.00233163,0.00000024,0.00049041,9.07457638,0.54872727,0.63495016,2.09753180,0.00211483,-0.30133680,0.73765969
108,0.00207338,0.00000020,0.00045144,6.82373619,0.55101830,0.63619870,2.10077429,-0.00145212,-0.29963088,0.73920089
109,0.00189888,0.00000020,0.00044346,5.11776257,0.55309409,0.63735497,2.10371113,-0.00481655,-0.29807922,0.74059474
110,0.00178619,0.00000021,0.00045525,3.85536623,0.55497438,0.63842475,2.10636997,-0.00796808,-0.29666820,0.74185526
111,0.00171602,0.00000023,0.00047599,2.93362117,0.55667704,0.63941312,2.10877657,-0.01090682,-0.29538530,0.74299508
112,0.00168304,0.00000026,0.00050829,2.26139641,0.55821842,0.64032459,2.11095452,-0.01363710,-0.29421848,0.74402559
113,0.00168218,0.00000031,0.00055235,1.76319575,0.55961335,0.64116323,2.11292458,-0.01616220,-0.29315677,0.74495715
114,0.00171044,0.00000037,0.00060571,1.40750957,0.56087530,0.64193320,2.11470652,-0.01849033,-0.29218993,0.74579912
115,0.00176144,0.00000044,0.00066534,1.14111483,0.56201631,0.64263791,2.11631751,-0.02063091,-0.29130843,0.74655986
116,0.00183474,0.00000053,0.00072940,0.96389157,0.56304747,0.64328080,2.11777258,-0.02259129,-0.29050347,0.74724704
117,0.00192318,0.00000063,0.00079540,0.82689542,0.56397885,0.64386529,2.11908698,-0.02438293,-0.28976697,0.74786752
118,0.00202564,0.00000074,0.00086225,0.72960651,0.56481946,0.64439416,2.12027264,-0.02601039,-0.28909150,0.74842751
119,0.00213855,0.00000086,0.00092838,0.66242802,0.56557745,0.64487028,2.12134194,-0.02748028,-0.28847027,0.74893260
120,0.00225734,0.00000099,0.00099258,0.60600609,0.56626028,0.64529675,2.12230492,-0.02880423,-0.28789720,0.74938792
121,0.00238107,0.00000111,0.00105393,0.57769513,0.56687474,0.64567584,2.12317133,-0.02998433,-0.28736690,0.74979800
122,0.00250466,0.00000124,0.00111192,0.54902434,0.56742686,0.64601004,2.12394977,-0.03102739,-0.28687432,0.75016695
123,0.00262640,0.00000136,0.00116602,0.52627158,0.56792223,0.64630198,2.12464809,-0.03194220,-0.28641498,0.75049859
124,0.00274392,0.00000148,0.00121590,0.50635797,0.56836593,0.64655411,2.12527347,-0.03273514,-0.28598493,0.75079632
125,0.00285736,0.00000159,0.00126192,0.49448177,0.56876242,0.64676839,2.12583232,-0.03341184,-0.28558046,0.75106317
126,0.00296348,0.00000170,0.00130321,0.49116284,0.56911594,0.64694703,2.12633061,-0.03397531,-0.28519839,0.75130194
127,0.00306177,0.00000180,0.00134038,0.48712412,0.56943029,0.64709216,2.12677360,-0.03443049,-0.28483611,0.75151521
128,0.00315029,0.00000189,0.00137309,0.48076615,0.56970894,0.64720589,2.12716627,-0.03478410,-0.28449112,0.75170523
129,0.00322839,0.00000196,0.00140138,0.47376838,0.56995499,0.64729023,2.12751293,-0.03504460,-0.28416088,0.75187415
130,0.00329739,0.00000203,0.00142588,0.46833014,0.57017136,0.64734745,2.12781787,-0.03521892,-0.28384358,0.75202388
131,0.00335549,0.00000209,0.00144622,0.46297184,0.57036060,0.64737940,2.12808442,-0.03531288,-0.28353754,0.75215614
132,0.00340436,0.00000214,0.00146302,0.46121243,0.57052517,0.64738792,2.12831640,-0.03533234,-0.28324133,0.75227249
133,0.00344351,0.00000218,0.00147653,0.45441458,0.57066727,0.64737487,2.12851644,-0.03528325,-0.28295347,0.75237441
134,0.00347358,0.00000221,0.00148661,0.45565420,0.57078892,0.64734185,2.12868786,-0.03517063,-0.28267294,0.75246322
135,0.00349468,0.00000223,0.00149379,0.45209533,0.57089204,0.64729077,2.12883306,-0.03500006,-0.28239894,0.75254011
136,0.00350900,0.00000225,0.00149855,0.45277512,0.57097822,0.64722329,2.12895465,-0.03477629,-0.28213096,0.75260615
137,0.00351524,0.00000225,0.00150068,0.45137557,0.57104903,0.64714104,2.12905431,-0.03450586,-0.28186834,0.75266236
138,0.00351444,0.00000225,0.00150042,0.45161548,0.57110590,0.64704549,2.12913442,-0.03419428,-0.28161049,0.75270963
139,0.00350990,0.00000225,0.00149877,0.45625401,0.57115012,0.64693820,2.12919664,-0.03384902,-0.28135696,0.75274879
140,0.00349862,0.00000224,0.00149505,0.45569417,0.57118291,0.64682055,2.12924290,-0.03347424,-0.28110746,0.75278062
141,0.00348343,0.00000222,0.00148993,0.45773351,0.57120538,0.64669406,2.12927461,-0.03307849,-0.28086165,0.75280583
142,0.00346429,0.00000220,0.00148350,0.45861325,0.57121831,0.64655972,2.12929273,-0.03266513,-0.28061923,0.75282502
143,0.00344218,0.00000218,0.00147608,0.45857325,0.57122284,0.64641845,2.12929916,-0.03223807,-0.28037989,0.75283879
144,0.00341712,0.00000215,0.00146747,0.46265194,0.57121980,0.64627129,2.12929487,-0.03180232,-0.28014338,0.75284767
145,0.00338993,0.00000213,0.00145813,0.46561101,0.57120985,0.64611936,2.12928081,-0.03136423,-0.27990949,0.75285214
146,0.00336198,0.00000210,0.00144827,0.47452816,0.57119375,0.64596355,2.12925816,-0.03092945,-0.27967814,0.75285262
147,0.00333168,0.00000207,0.00143774,0.47708732,0.57117212,0.64580458,2.12922764,-0.03050040,-0.27944928,0.75284952
148,0.00329970,0.00000204,0.00142658,0.47872680,0.57114553,0.64564317,2.12919021,-0.03008089,-0.27922288,0.75284320
149,0.00326710,0.00000200,0.00141516,0.47924665,0.57111454,0.64547962,2.12914658,-0.02967033,-0.27899861,0.75283402
150,0.00323344,0.00000197,0.00140316,0.48280549,0.57107967,0.64531446,2.12909746,-0.02927016,-0.27877647,0.75282228
151,0.00319941,0.00000193,0.00139104,0.48320538,0.57104129,0.64514822,2.12904358,-0.02888099,-0.27855667,0.75280827
152,0.00316556,0.00000190,0.00137871,0.48820376,0.57099980,0.64498127,2.12898493,-0.02850397,-0.27833924,0.75279218
153,0.00313182,0.00000187,0.00136614,0.49816060,0.57095557,0.64481431,2.12892270,-0.02814277,-0.27812430,0.75277430
154,0.00309761,0.00000183,0.00135344,0.50335890,0.57090896,0.64464760,2.12885714,-0.02779874,-0.27791202,0.75275475
155,0.00306421,0.00000180,0.00134080,0.51203614,0.57086027,0.64448148,2.12878847,-0.02747282,-0.27770236,0.75273377
156,0.00303029,0.00000176,0.00132805,0.51531512,0.57080972,0.64431620,2.12871718,-0.02716591,-0.27749524,0.75271153
157,0.00299728,0.00000173,0.00131541,0.52127320,0.57075769,0.64415205,2.12864375,-0.02687670,-0.27729067,0.75268823
158,0.00296468,0.00000170,0.00130279,0.52787107,0.57070428,0.64398909,2.12856865,-0.02660699,-0.27708876,0.75266391
159,0.00293179,0.00000166,0.00129007,0.53107005,0.57064968,0.64382744,2.12849164,-0.02635493,-0.27688947,0.75263876
160,0.00290024,0.00000163,0.00127761,0.53746802,0.57059425,0.64366734,2.12841368,-0.02612057,-0.27669281,0.75261289
161,0.00286807,0.00000160,0.00126495,0.54002720,0.57053792,0.64350885,2.12833428,-0.02590349,-0.27649868,0.75258642
162,0.00283680,0.00000157,0.00125243,0.54430580,0.57048106,0.64335197,2.12825418,-0.02570356,-0.27630714,0.75255942
163,0.00280661,0.00000154,0.00124024,0.54846448,0.57042360,0.64319688,2.12817311,-0.02552068,-0.27611798,0.75253201
164,0.00277657,0.00000151,0.00122806,0.55094367,0.57036579,0.64304358,2.12809181,-0.02535435,-0.27593139,0.75250423
165,0.00274737,0.00000148,0.00121608,0.55362284,0.57030773,0.64289218,2.12801003,-0.02520415,-0.27574736,0.75247616
166,0.00271818,0.00000145,0.00120408,0.55426264,0.57024950,0.64274269,2.12792802,-0.02506802,-0.27556580,0.75244784
167,0.00268974,0.00000142,0.00119217,0.55726171,0.57019114,0.64259505,2.12784553,-0.02494482,-0.27538663,0.75241941
168,0.00266236,0.00000139,0.00118064,0.55926102,0.57013291,0.64244920,2.12776375,-0.02483474,-0.27520981,0.75239086
169,0.00263485,0.00000137,0.00116898,0.55998081,0.57007468,0.64230525,2.12768149,-0.02473546,-0.27503538,0.75236225
170,0.00260885,0.00000134,0.00115778,0.56253999,0.57001662,0.64216316,2.12759995,-0.02464756,-0.27486333,0.75233358
171,0.00258269,0.00000131,0.00114651,0.56273991,0.56995875,0.64202315,2.12751818,-0.02457053,-0.27469370,0.75230497
172,0.00255767,0.00000129,0.00113554,0.56489921,0.56990117,0.64188492,2.12743711,-0.02450344,-0.27452651,0.75227636
173,0.00253264,0.00000126,0.00112465,0.56246001,0.56984383,0.64174879,2.12735629,-0.02444638,-0.27436170,0.75224787
174,0.00250887,0.00000124,0.00111405,0.56409949,0.56978685,0.64161468,2.12727594,-0.02439953,-0.27419928,0.75221944
175,0.00248560,0.00000122,0.00110354,0.56609887,0.56973028,0.64148247,2.12719631,-0.02436167,-0.27403927,0.75219113
176,0.00246270,0.00000120,0.00109329,0.56425941,0.56967413,0.64135242,2.12711716,-0.02433243,-0.27388173,0.75216299
177,0.00244062,0.00000117,0.00108323,0.56433940,0.56961834,0.64122438,2.12703848,-0.02431323,-0.27372655,0.75213498
178,0.00241902,0.00000115,0.00107327,0.56485927,0.56956303,0.64109826,2.12696052,-0.02430212,-0.27357364,0.75210714
179,0.00239765,0.00000113,0.00106337,0.56437939,0.56950819,0.64097416,2.12688327,-0.02429999,-0.27342290,0.75207949
180,0.00237767,0.00000111,0.00105396,0.56557900,0.56945390,0.64085197,2.12680674,-0.02430565,-0.27327436,0.75205207
181,0.00235763,0.00000109,0.00104458,0.56377959,0.56940007,0.64073163,2.12673092,-0.02431833,-0.27312803,0.75202483
182,0.00233796,0.00000107,0.00103530,0.56194019,0.56934673,0.64061320,2.12665582,-0.02433689,-0.27298382,0.75199783
183,0.00231905,0.00000105,0.00102624,0.56118041,0.56929398,0.64049649,2.12658143,-0.02435938,-0.27284169,0.75197107
184,0.00230039,0.00000103,0.00101723,0.56030071,0.56924170,0.64038128,2.12650776,-0.02438444,-0.27270165,0.75194448
185,0.00228234,0.00000102,0.00100853,0.55782151,0.56918991,0.64026773,2.12643480,-0.02441025,-0.27256373,0.75191814
186,0.00226491,0.00000100,0.00099996,0.55710173,0.56913865,0.64015579,2.12636256,-0.02443506,-0.27242804,0.75189203
187,0.00224826,0.00000098,0.00099152,0.56046063,0.56908792,0.64004534,2.12629104,-0.02445975,-0.27229461,0.75186616
188,0.00223131,0.00000097,0.00098319,0.55690181,0.56903774,0.63993633,2.12622046,-0.02448309,-0.27216312,0.75184053
189,0.00221535,0.00000095,0.00097506,0.55814141,0.56898808,0.63982868,2.12615061,-0.02450332,-0.27203357,0.75181514
190,0.00219986,0.00000094,0.00096722,0.55702174,0.56893897,0.63972235,2.12608123,-0.02452159,-0.27190596,0.75178999
191,0.00218440,0.00000092,0.00095919,0.55874121,0.56889033,0.63961738,2.12601280,-0.02453841,-0.27178013,0.75176513
192,0.00216927,0.00000091,0.00095147,0.55642194,0.56884223,0.63951373,2.12594485,-0.02455478,-0.27165604,0.75174052
193,0.00215491,0.00000089,0.00094393,0.55726171,0.56879467,0.63941133,2.12587786,-0.02456956,-0.27153370,0.75171614
194,0.00214076,0.00000088,0.00093655,0.55594212,0.56874764,0.63931024,2.12581158,-0.02458264,-0.27141306,0.75169200
195,0.00212706,0.00000086,0.00092933,0.55518234,0.56870109,0.63921022,2.12574601,-0.02459316,-0.27129403,0.75166810
196,0.00211355,0.00000085,0.00092210,0.55542225,0.56865507,0.63911122,2.12568116,-0.02460007,-0.27117655,0.75164443
197,0.00210012,0.00000084,0.00091494,0.55402273,0.56860948,0.63901323,2.12561679,-0.02460334,-0.27106044,0.75162101
198,0.00208759,0.00000082,0.00090816,0.55378282,0.56856447,0.63891613,2.12555337,-0.02460236,-0.27094576,0.75159782
199,0.00207499,0.00000081,0.00090134,0.55246323,0.56851989,0.63882005,2.12549067,-0.02459800,-0.27083242,0.75157487
200,0.00206236,0.00000080,0.00089459,0.54874438,0.56847572,0.63872492,2.12542844,-0.02458997,-0.27072045,0.75155216
201,0.00205041,0.00000079,0.00088784,0.55102366,0.56843209,0.63863075,2.12536669,-0.02457993,-0.27060986,0.75152969
202,0.00203880,0.00000078,0.00088127,0.55250323,0.56838882,0.63853759,2.12530589,-0.02456689,-0.27050057,0.75150746
203,0.00202744,0.00000077,0.00087493,0.55166346,0.56834608,0.63844538,2.12524557,-0.02455170,-0.27039266,0.75148547
204,0.00201631,0.00000075,0.00086869,0.55038387,0.56830370,0.63835412,2.12518597,-0.02453565,-0.27028599,0.75146365
205,0.00200523,0.00000074,0.00086235,0.55074376,0.56826186,0.63826394,2.12512684,-0.02451843,-0.27018064,0.75144207
206,0.00199475,0.00000073,0.00085631,0.55102366,0.56822044,0.63817465,2.12506843,-0.02449962,-0.27007666,0.75142068
207,0.00198409,0.00000072,0.00085014,0.55098367,0.56817943,0.63808656,2.12501073,-0.02448008,-0.26997411,0.75139952
208,0.00197414,0.00000071,0.00084434,0.55098367,0.56813884,0.63799942,2.12495327,-0.02446096,-0.26987281,0.75137854
209,0.00196403,0.00000070,0.00083849,0.54954416,0.56809866,0.63791323,2.12489676,-0.02444282,-0.26977277,0.75135773
210,0.00195446,0.00000069,0.00083272,0.55162346,0.56805885,0.63782823,2.12484074,-0.02442630,-0.26967391,0.75133717
211,0.00194484,0.00000068,0.00082707,0.55054384,0.56801951,0.63774407,2.12478518,-0.02440945,-0.26957622,0.75131679
212,0.00193618,0.00000068,0.00082162,0.55486244,0.56798053,0.63766098,2.12473011,-0.02439475,-0.26947972,0.75129658
213,0.00192684,0.00000067,0.00081611,0.55290306,0.56794190,0.63757885,2.12467575,-0.02438157,-0.26938429,0.75127655
214,0.00191756,0.00000066,0.00081065,0.55018395,0.56790364,0.63749760,2.12462187,-0.02436952,-0.26929003,0.75125670
215,0.00190932,0.00000065,0.00080550,0.55214334,0.56786573,0.63741744,2.12456846,-0.02435869,-0.26919690,0.75123703
216,0.00190060,0.00000064,0.00080016,0.55194336,0.56782818,0.63733798,2.12451553,-0.02434832,-0.26910472,0.75121754
217,0.00189235,0.00000063,0.00079505,0.55210334,0.56779099,0.63725948,2.12446308,-0.02433868,-0.26901355,0.75119823
218,0.00188400,0.00000062,0.00078997,0.55026394,0.56775415,0.63718176,2.12441134,-0.02433087,-0.26892331,0.75117910
219,0.00187640,0.00000062,0.00078498,0.55382276,0.56771767,0.63710505,2.12435985,-0.02432439,-0.26883408,0.75116014
220,0.00186833,0.00000061,0.00078012,0.55050385,0.56768155,0.63702917,2.12430882,-0.02432039,-0.26874587,0.75114137
221,0.00186099,0.00000060,0.00077539,0.55170345,0.56764585,0.63695425,2.12425852,-0.02431796,-0.26865861,0.75112277
222,0.00185347,0.00000059,0.00077060,0.55162346,0.56761032,0.63688004,2.12420845,-0.02431605,-0.26857236,0.75110430
223,0.00184620,0.00000059,0.00076590,0.55226326,0.56757522,0.63680679,2.12415910,-0.02431537,-0.26848713,0.75108600
224,0.00183919,0.00000058,0.00076130,0.55342293,0.56754041,0.63673437,2.12410975,-0.02431638,-0.26840290,0.75106788
225,0.00183205,0.00000057,0.00075673,0.55246323,0.56750590,0.63666266,2.12406135,-0.02431686,-0.26831967,0.75104988
226,0.00182502,0.00000057,0.00075222,0.55126357,0.56747168,0.63659173,2.12401295,-0.02431777,-0.26823732,0.75103205
227,0.00181842,0.00000056,0.00074782,0.55234325,0.56743783,0.63652158,2.12396526,-0.02431883,-0.26815593,0.75101435
228,0.00181214,0.00000055,0.00074350,0.55498242,0.56740427,0.63645220,2.12391782,-0.02431899,-0.26807559,0.75099683
229,0.00180564,0.00000055,0.00073922,0.55446255,0.56737095,0.63638347,2.12387109,-0.02431838,-0.26799628,0.75097942
230,0.00179925,0.00000054,0.00073499,0.55390275,0.56733787,0.63631546,2.12382436,-0.02431657,-0.26791787,0.75096214
231,0.00179290,0.00000053,0.00073080,0.55282313,0.56730509,0.63624799,2.12377810,-0.02431420,-0.26784039,0.75094497
232,0.00178723,0.00000053,0.00072681,0.55522233,0.56727272,0.63618124,2.12373233,-0.02430940,-0.26776373,0.75092798
233,0.00178122,0.00000052,0.00072267,0.55614203,0.56724054,0.63611495,2.12368703,-0.02430289,-0.26768786,0.75091112
234,0.00177520,0.00000052,0.00071857,0.55610204,0.56720859,0.63604909,2.12364197,-0.02429331,-0.26761276,0.75089437
235,0.00176955,0.00000051,0.00071462,0.55722171,0.56717688,0.63598388,2.12359738,-0.02428229,-0.26753852,0.75087774
236,0.00176352,0.00000051,0.00071064,0.55454254,0.56714547,0.63591915,2.12355304,-0.02426995,-0.26746503,0.75086123
237,0.00175804,0.00000050,0.00070683,0.55462253,0.56711435,0.63585496,2.12350917,-0.02425546,-0.26739219,0.75084490
238,0.00175282,0.00000049,0.00070308,0.55626202,0.56708348,0.63579130,2.12346554,-0.02424012,-0.26732007,0.75082868
239,0.00174742,0.00000049,0.00069935,0.55562222,0.56705284,0.63572806,2.12342238,-0.02422349,-0.26724845,0.75081259
240,0.00174220,0.00000048,0.00069560,0.55658191,0.56702238,0.63566518,2.12337947,-0.02420506,-0.26717740,0.75079662
241,0.00173680,0.00000048,0.00069178,0.55654192,0.56699222,0.63560277,2.12333703,-0.02418547,-0.26710689,0.75078076
242,0.00173200,0.00000047,0.00068825,0.55818141,0.56696236,0.63554078,2.12329483,-0.02416377,-0.26703703,0.75076503
243,0.00172690,0.00000047,0.00068468,0.55698174,0.56693262,0.63547921,2.12325311,-0.02414047,-0.26696774,0.75074941
244,0.00172214,0.00000046,0.00068112,0.55902112,0.56690323,0.63541812,2.12321138,-0.02411642,-0.26689899,0.75073391
245,0.00171725,0.00000046,0.00067762,0.55866122,0.56687397,0.63535738,2.12317014,-0.02409181,-0.26683071,0.75071853
246,0.00171246,0.00000045,0.00067411,0.55898112,0.56684494,0.63529712,2.12312937,-0.02406791,-0.26676288,0.75070328
247,0.00170772,0.00000045,0.00067067,0.55866122,0.56681615,0.63523728,2.12308884,-0.02404360,-0.26669559,0.75068814
248,0.00170316,0.00000045,0.00066738,0.55802143,0.56678760,0.63517797,2.12304854,-0.02402054,-0.26662868,0.75067312
249,0.00169867,0.00000044,0.00066392,0.56010079,0.56675923,0.63511914,2.12300849,-0.02399796,-0.26656228,0.75065821
250,0.00169388,0.00000044,0.00066054,0.55778152,0.56673104,0.63506061,2.12296867,-0.02397674,-0.26649624,0.75064337
251,0.00168949,0.00000043,0.00065721,0.55862123,0.56670308,0.63500249,2.12292933,-0.02395607,-0.26643059,0.75062865
252,0.00168514,0.00000043,0.00065388,0.55966091,0.56667525,0.63494486,2.12289000,-0.02393603,-0.26636532,0.75061405
253,0.00168101,0.00000042,0.00065083,0.55898112,0.56664771,0.63488770,2.12285137,-0.02391698,-0.26630044,0.75059956
254,0.00167704,0.00000042,0.00064764,0.56158030,0.56662035,0.63483083,2.12281275,-0.02389929,-0.26623601,0.75058514
255,0.00167271,0.00000042,0.00064457,0.55874121,0.56659311,0.63477457,2.12277436,-0.02388265,-0.26617211,0.75057083
256,0.00166882,0.00000041,0.00064145,0.56074059,0.56656611,0.63471866,2.12273622,-0.02386700,-0.26610875,0.75055659
257,0.00166456,0.00000041,0.00063840,0.55806142,0.56653929,0.63466334,2.12269831,-0.02385346,-0.26604584,0.75054246
258,0.00166081,0.00000040,0.00063540,0.55958092,0.56651264,0.63460845,2.12266088,-0.02384143,-0.26598340,0.75052840
259,0.00165698,0.00000040,0.00063232,0.56110042,0.56648618,0.63455403,2.12262344,-0.02382978,-0.26592150,0.75051445
260,0.00165329,0.00000040,0.00062946,0.56110042,0.56645989,0.63450003,2.12258649,-0.02381991,-0.26586002,0.75050056
261,0.00164924,0.00000039,0.00062648,0.55878121,0.56643379,0.63444656,2.12254953,-0.02381201,-0.26579905,0.75048679
262,0.00164567,0.00000039,0.00062347,0.56150031,0.56640786,0.63439351,2.12251282,-0.02380501,-0.26573858,0.75047308
263,0.00164173,0.00000039,0.00062064,0.55814141,0.56638211,0.63434088,2.12247658,-0.02379916,-0.26567855,0.75045943
264,0.00163836,0.00000038,0.00061790,0.55918103,0.56635648,0.63428873,2.12244058,-0.02379499,-0.26561901,0.75044590
265,0.00163477,0.00000038,0.00061508,0.55874121,0.56633097,0.63423699,2.12240458,-0.02379173,-0.26555997,0.75043243
266,0.00163131,0.00000037,0.00061223,0.55998081,0.56630570,0.63418573,2.12236881,-0.02379042,-0.26550150,0.75041902
267,0.00162777,0.00000037,0.00060961,0.55738163,0.56628054,0.63413495,2.12233353,-0.02379013,-0.26544347,0.75040573
268,0.00162452,0.00000037,0.00060692,0.55834132,0.56625563,0.63408458,2.12229824,-0.02378951,-0.26538599,0.75039250
269,0.00162114,0.00000037,0.00060417,0.55854130,0.56623077,0.63403445,2.12226343,-0.02378847,-0.26532891,0.75037932
270,0.00161777,0.00000036,0.00060151,0.55762154,0.56620610,0.63398474,2.12222838,-0.02378810,-0.26527211,0.75036627
271,0.00161436,0.00000036,0.00059893,0.55526233,0.56618160,0.63393533,2.12219381,-0.02378912,-0.26521561,0.75035328
272,0.00161146,0.00000036,0.00059633,0.55810142,0.56615722,0.63388622,2.12215948,-0.02379118,-0.26515946,0.75034034
273,0.00160829,0.00000035,0.00059384,0.55674183,0.56613302,0.63383752,2.12212539,-0.02379478,-0.26510361,0.75032753
274,0.00160538,0.00000035,0.00059134,0.55794144,0.56610894,0.63378918,2.12209153,-0.02379843,-0.26504821,0.75031477
275,0.00160212,0.00000035,0.00058884,0.55558223,0.56608504,0.63374126,2.12205768,-0.02380398,-0.26499322,0.75030208
276,0.00159881,0.00000034,0.00058624,0.55378282,0.56606126,0.63369364,2.12202406,-0.02381058,-0.26493859,0.75028944
277,0.00159598,0.00000034,0.00058391,0.55350286,0.56603765,0.63364643,2.12199092,-0.02381809,-0.26488441,0.75027686
278,0.00159326,0.00000034,0.00058152,0.55486244,0.56601417,0.63359970,2.12195778,-0.02382799,-0.26483062,0.75026441
279,0.00159017,0.00000034,0.00057903,0.55354285,0.56599087,0.63355339,2.12192488,-0.02383893,-0.26477730,0.75025201
280,0.00158745,0.00000033,0.00057675,0.55330294,0.56596762,0.63350749,2.12189221,-0.02385236,-0.26472437,0.75023967
281,0.00158477,0.00000033,0.00057448,0.55338293,0.56594455,0.63346195,2.12185979,-0.02386644,-0.26467198,0.75022739
282,0.00158197,0.00000033,0.00057208,0.55354285,0.56592160,0.63341689,2.12182736,-0.02388172,-0.26462001,0.75021517
283,0.00157903,0.00000032,0.00056979,0.55098367,0.56589884,0.63337213,2.12179518,-0.02389743,-0.26456842,0.75020301
284,0.00157628,0.00000032,0.00056751,0.55002397,0.56587613,0.63332766,2.12176299,-0.02391465,-0.26451725,0.75019091
285,0.00157391,0.00000032,0.00056548,0.55014396,0.56585366,0.63328356,2.12173128,-0.02393122,-0.26446649,0.75017887
286,0.00157117,0.00000032,0.00056325,0.54850447,0.56583124,0.63323992,2.12169981,-0.02395016,-0.26441628,0.75016689
287,0.00156843,0.00000031,0.00056102,0.54686499,0.56580895,0.63319665,2.12166834,-0.02396947,-0.26436654,0.75015497
288,0.00156627,0.00000031,0.00055899,0.54854447,0.56578684,0.63315380,2.12163734,-0.02398812,-0.26431736,0.75014311
289,0.00156360,0.00000031,0.00055681,0.54694498,0.56576484,0.63311130,2.12160611,-0.02400716,-0.26426873,0.75013131
290,0.00156113,0.00000031,0.00055471,0.54618520,0.56574297,0.63306904,2.12157536,-0.02402523,-0.26422051,0.75011957
291,0.00155882,0.00000031,0.00055266,0.54642516,0.56572121,0.63302708,2.12154460,-0.02404229,-0.26417270,0.75010788
292,0.00155608,0.00000030,0.00055045,0.54402590,0.56569958,0.63298535,2.12151408,-0.02405742,-0.26412529,0.75009626
293,0.00155387,0.00000030,0.00054840,0.54510558,0.56567806,0.63294369,2.12148380,-0.02407022,-0.26407811,0.75008470
294,0.00155186,0.00000030,0.00054657,0.54562539,0.56565666,0.63290226,2.12145352,-0.02408070,-0.26403138,0.75007319
295,0.00154922,0.00000030,0.00054445,0.54298627,0.56563538,0.63286096,2.12142348,-0.02408968,-0.26398492,0.75006175
296,0.00154678,0.00000029,0.00054239,0.54158670,0.56561422,0.63281989,2.12139368,-0.02409680,-0.26393878,0.75005037
297,0.00154497,0.00000029,0.00054047,0.54490560,0.56559318,0.63277906,2.12136412,-0.02410305,-0.26389298,0.75003904
298,0.00154264,0.00000029,0.00053841,0.54446578,0.56557220,0.63273835,2.12133455,-0.02410788,-0.26384747,0.75002778
299,0.00154047,0.00000029,0.00053654,0.54346609,0.56555140,0.63269794,2.12130523,-0.02411231,-0.26380229,0.75001657
300,0.00153839,0.00000029,0.00053445,0.54566538,0.56553066,0.63265765,2.12127590,-0.02411404,-0.26375750,0.75000542
301,0.00153635,0.00000028,0.00053263,0.54534549,0.56551003,0.63261771,2.12124681,-0.02411506,-0.26371318,0.74999434
302,0.00153412,0.00000028,0.00053077,0.54338610,0.56548953,0.63257790,2.12121797,-0.02411434,-0.26366931,0.74998325
303,0.00153212,0.00000028,0.00052879,0.54494560,0.56546909,0.63253826,2.12118912,-0.02411173,-0.26362574,0.74997222
304,0.00153008,0.00000028,0.00052693,0.54482567,0.56544876,0.63249886,2.12116051,-0.02410775,-0.26358262,0.74996126
305,0.00152814,0.00000028,0.00052498,0.54650509,0.56542856,0.63245970,2.12113190,-0.02410181,-0.26353982,0.74995035
306,0.00152597,0.00000027,0.00052319,0.54410589,0.56540847,0.63242078,2.12110376,-0.02409534,-0.26349744,0.74993950
307,0.00152395,0.00000027,0.00052139,0.54326618,0.56538850,0.63238204,2.12107539,-0.02408696,-0.26345545,0.74992871
308,0.00152238,0.00000027,0.00051957,0.54714489,0.56536859,0.63234341,2.12104750,-0.02407699,-0.26341373,0.74991792
309,0.00152031,0.00000027,0.00051768,0.54670507,0.56534880,0.63230491,2.12101936,-0.02406352,-0.26337242,0.74990720
310,0.00151834,0.00000027,0.00051582,0.54674506,0.56532907,0.63226658,2.12099171,-0.02404803,-0.26333150,0.74989653
311,0.00151630,0.00000026,0.00051400,0.54574537,0.56530946,0.63222849,2.12096405,-0.02403110,-0.26329094,0.74988592
312,0.00151457,0.00000026,0.00051218,0.54758477,0.56528991,0.63219059,2.12093616,-0.02401246,-0.26325068,0.74987537
313,0.00151300,0.00000026,0.00051041,0.55054384,0.56527054,0.63215268,2.12090921,-0.02399298,-0.26321059,0.74986482
314,0.00151104,0.00000026,0.00050863,0.54970407,0.56525129,0.63211501,2.12088203,-0.02397323,-0.26317072,0.74985433
315,0.00150929,0.00000026,0.00050695,0.54986405,0.56523210,0.63207752,2.12085485,-0.02395277,-0.26313096,0.74984390
316,0.00150746,0.00000026,0.00050523,0.54950416,0.56521302,0.63204014,2.12082791,-0.02393129,-0.26309144,0.74983352
317,0.00150603,0.00000025,0.00050346,0.55366284,0.56519401,0.63200301,2.12080121,-0.02390995,-0.26305217,0.74982321
318,0.00150408,0.00000025,0.00050174,0.55190337,0.56517512,0.63196611,2.12077427,-0.02388929,-0.26301312,0.74981296
319,0.00150233,0.00000025,0.00050003,0.55218333,0.56515628,0.63192940,2.12074780,-0.02386915,-0.26297435,0.74980271
320,0.00150057,0.00000025,0.00049825,0.55282313,0.56513757,0.63189292,2.12072134,-0.02384965,-0.26293591,0.74979252
321,0.00149907,0.00000025,0.00049661,0.55474246,0.56511891,0.63185662,2.12069511,-0.02382893,-0.26289773,0.74978238
322,0.00149729,0.00000025,0.00049504,0.55306304,0.56510037,0.63182068,2.12066913,-0.02380982,-0.26285973,0.74977231
323,0.00149571,0.00000024,0.00049347,0.55334294,0.56508189,0.63178486,2.12064290,-0.02379193,-0.26282200,0.74976224
324,0.00149407,0.00000024,0.00049180,0.55394274,0.56506354,0.63174933,2.12061691,-0.02377420,-0.26278454,0.74975222
325,0.00149245,0.00000024,0.00049028,0.55318296,0.56504524,0.63171387,2.12059116,-0.02375550,-0.26274717,0.74974227
326,0.00149105,0.00000024,0.00048851,0.55698174,0.56502706,0.63167852,2.12056565,-0.02373688,-0.26270998,0.74973232
327,0.00148950,0.00000024,0.00048692,0.55750161,0.56500894,0.63164330,2.12054014,-0.02371778,-0.26267293,0.74972242
328,0.00148770,0.00000024,0.00048536,0.55526233,0.56499094,0.63160825,2.12051463,-0.02369838,-0.26263607,0.74971259
329,0.00148649,0.00000023,0.00048390,0.55790150,0.56497294,0.63157332,2.12048936,-0.02367843,-0.26259926,0.74970281
330,0.00148489,0.00000023,0.00048234,0.55750161,0.56495500,0.63153851,2.12046409,-0.02365936,-0.26256257,0.74969304
331,0.00148345,0.00000023,0.00048069,0.55946100,0.56493717,0.63150382,2.12043881,-0.02364031,-0.26252598,0.74968332
332,0.00148182,0.00000023,0.00047925,0.55754161,0.56491947,0.63146937,2.12041378,-0.02362298,-0.26248953,0.74967366
333,0.00148045,0.00000023,0.00047768,0.55934101,0.56490177,0.63143510,2.12038875,-0.02360738,-0.26245323,0.74966401
334,0.00147871,0.00000023,0.00047599,0.55866122,0.56488425,0.63140112,2.12036419,-0.02359330,-0.26241711,0.74965441
335,0.00147749,0.00000023,0.00047474,0.55882120,0.56486678,0.63136727,2.12033939,-0.02358006,-0.26238108,0.74964488
336,0.00147599,0.00000022,0.00047314,0.55950093,0.56484938,0.63133365,2.12031484,-0.02356766,-0.26234514,0.74963540
337,0.00147473,0.00000022,0.00047175,0.56046063,0.56483197,0.63130009,2.12029028,-0.02355638,-0.26230931,0.74962592
338,0.00147309,0.00000022,0.00047025,0.55870122,0.56481469,0.63126683,2.12026596,-0.02354646,-0.26227373,0.74961650
339,0.00147174,0.00000022,0.00046879,0.55950093,0.56479752,0.63123387,2.12024188,-0.02353929,-0.26223835,0.74960709
340,0.00147076,0.00000022,0.00046744,0.56281990,0.56478041,0.63120109,2.12021780,-0.02353483,-0.26220313,0.74959773
341,0.00146927,0.00000022,0.00046599,0.56186020,0.56476337,0.63116872,2.12019372,-0.02353290,-0.26216808,0.74958843
342,0.00146768,0.00000022,0.00046462,0.55926102,0.56474644,0.63113648,2.12016964,-0.02353312,-0.26213324,0.74957913
343,0.00146654,0.00000021,0.00046333,0.56030071,0.56472951,0.63110465,2.12014580,-0.02353574,-0.26209864,0.74956989
344,0.00146495,0.00000021,0.00046189,0.55822140,0.56471264,0.63107300,2.12012219,-0.02354066,-0.26206422,0.74956065
345,0.00146410,0.00000021,0.00046065,0.56166029,0.56469589,0.63104165,2.12009859,-0.02354791,-0.26202998,0.74955148
346,0.00146261,0.00000021,0.00045940,0.55870122,0.56467927,0.63101047,2.12007499,-0.02355630,-0.26199579,0.74954236
347,0.00146154,0.00000021,0.00045798,0.56154031,0.56466269,0.63097942,2.12005162,-0.02356665,-0.26196179,0.74953324
348,0.00146018,0.00000021,0.00045682,0.55902112,0.56464618,0.63094866,2.12002826,-0.02357802,-0.26192799,0.74952418
349,0.00145866,0.00000021,0.00045546,0.55666184,0.56462973,0.63091809,2.12000513,-0.02359139,-0.26189432,0.74951512
350,0.00145744,0.00000021,0.00045432,0.55534232,0.56461334,0.63088769,2.11998200,-0.02360575,-0.26186073,0.74950612
351,0.00145635,0.00000021,0.00045299,0.55694181,0.56459701,0.63085741,2.11995888,-0.02362022,-0.26182720,0.74949718
352,0.00145525,0.00000020,0.00045178,0.55738163,0.56458080,0.63082719,2.11993623,-0.02363619,-0.26179370,0.74948823
353,0.00145399,0.00000020,0.00045061,0.55578214,0.56456459,0.63079727,2.11991334,-0.02365397,-0.26176032,0.74947935
354,0.00145271,0.00000020,0.00044938,0.55454254,0.56454849,0.63076752,2.11989045,-0.02367271,-0.26172709,0.74947053
355,0.00145158,0.00000020,0.00044820,0.55426264,0.56453246,0.63073796,2.11986780,-0.02369331,-0.26169398,0.74946171
356,0.00145024,0.00000020,0.00044699,0.55218333,0.56451648,0.63070840,2.11984539,-0.02371224,-0.26166087,0.74945295
357,0.00144931,0.00000020,0.00044579,0.55402273,0.56450057,0.63067895,2.11982274,-0.02373220,-0.26162779,0.74944419
358,0.00144811,0.00000020,0.00044466,0.55254316,0.56448472,0.63064957,2.11980057,-0.02375196,-0.26159489,0.74943548
359,0.00144696,0.00000020,0.00044352,0.55158347,0.56446892,0.63062048,2.11977839,-0.02377074,-0.26156220,0.74942684
360,0.00144587,0.00000020,0.00044247,0.55046386,0.56445324,0.63059133,2.11975598,-0.02378990,-0.26152965,0.74941820
361,0.00144463,0.00000019,0.00044121,0.54966408,0.56443757,0.63056248,2.11973405,-0.02380828,-0.26149738,0.74940962
362,0.00144367,0.00000019,0.00044016,0.54978406,0.56442201,0.63053370,2.11971211,-0.02382620,-0.26146525,0.74940103
363,0.00144247,0.00000019,0.00043895,0.54882437,0.56440651,0.63050491,2.11969018,-0.02384250,-0.26143321,0.74939251
364,0.00144160,0.00000019,0.00043795,0.54930425,0.56439102,0.63047618,2.11966825,-0.02385750,-0.26140133,0.74938399
365,0.00144025,0.00000019,0.00043674,0.54694498,0.56437564,0.63044763,2.11964655,-0.02387146,-0.26136962,0.74937552
366,0.00143932,0.00000019,0.00043563,0.54762477,0.56436032,0.63041884,2.11962509,-0.02388330,-0.26133779,0.74936706
367,0.00143829,0.00000019,0.00043450,0.54766476,0.56434500,0.63039017,2.11960340,-0.02389384,-0.26130605,0.74935865
368,0.00143718,0.00000019,0.00043344,0.54622519,0.56432974,0.63036156,2.11958194,-0.02390479,-0.26127443,0.74935025
369,0.00143650,0.00000019,0.00043237,0.54906428,0.56431466,0.63033307,2.11956072,-0.02391439,-0.26124296,0.74934191
370,0.00143528,0.00000019,0.00043121,0.54730487,0.56429952,0.63030457,2.11953926,-0.02392207,-0.26121169,0.74933356
371,0.00143433,0.00000019,0.00043023,0.54670507,0.56428444,0.63027632,2.11951804,-0.02392896,-0.26118067,0.74932528
372,0.00143289,0.00000018,0.00042906,0.54282629,0.56426948,0.63024807,2.11949682,-0.02393522,-0.26114985,0.74931699
373,0.00143233,0.00000018,0.00042793,0.54730487,0.56425452,0.63022006,2.11947584,-0.02394084,-0.26111919,0.74930876
374,0.00143128,0.00000018,0.00042691,0.54594529,0.56423968,0.63019204,2.11945486,-0.02394659,-0.26108867,0.74930054
375,0.00143026,0.00000018,0.00042585,0.54522550,0.56422484,0.63016427,2.11943388,-0.02395256,-0.26105842,0.74929237
376,0.00142918,0.00000018,0.00042479,0.54386598,0.56421006,0.63013661,2.11941290,-0.02395821,-0.26102835,0.74928421
377,0.00142844,0.00000018,0.00042383,0.54506558,0.56419533,0.63010913,2.11939240,-0.02396386,-0.26099846,0.74927610
378,0.00142710,0.00000018,0.00042272,0.54146671,0.56418067,0.63008177,2.11937165,-0.02397089,-0.26096866,0.74926800
379,0.00142650,0.00000018,0.00042173,0.54422587,0.56416607,0.63005453,2.11935091,-0.02397926,-0.26093891,0.74925989
380,0.00142562,0.00000018,0.00042063,0.54506558,0.56415147,0.63002753,2.11933041,-0.02398876,-0.26090947,0.74925184
381,0.00142456,0.00000018,0.00041961,0.54354608,0.56413698,0.63000065,2.11931014,-0.02399948,-0.26088008,0.74924380
382,0.00142369,0.00000018,0.00041873,0.54262638,0.56412256,0.62997401,2.11928964,-0.02401300,-0.26085076,0.74923581
383,0.00142263,0.00000017,0.00041776,0.54054701,0.56410813,0.62994748,2.11926913,-0.02402684,-0.26082146,0.74922782
384,0.00142184,0.00000017,0.00041670,0.54190660,0.56409383,0.62992096,2.11924911,-0.02404194,-0.26079214,0.74921989
385,0.00142104,0.00000017,0.00041579,0.54186660,0.56407952,0.62989450,2.11922884,-0.02405587,-0.26076281,0.74921197
386,0.00141988,0.00000017,0.00041483,0.53866762,0.56406528,0.62986815,2.11920881,-0.02407107,-0.26073352,0.74920410
387,0.00141893,0.00000017,0.00041380,0.53814781,0.56405103,0.62984186,2.11918879,-0.02408793,-0.26070419,0.74919623
388,0.00141808,0.00000017,0.00041288,0.53754801,0.56403691,0.62981564,2.11916876,-0.02410463,-0.26067477,0.74918842
389,0.00141733,0.00000017,0.00041199,0.53778791,0.56402284,0.62978941,2.11914897,-0.02412108,-0.26064533,0.74918061
390,0.00141641,0.00000017,0.00041105,0.53674823,0.56400877,0.62976313,2.11912918,-0.02413531,-0.26061586,0.74917287
391,0.00141574,0.00000017,0.00041011,0.53814781,0.56399482,0.62973684,2.11910939,-0.02414844,-0.26058647,0.74916512
392,0.00141464,0.00000017,0.00040920,0.53510875,0.56398082,0.62971067,2.11908984,-0.02416204,-0.26055717,0.74915743
393,0.00141398,0.00000017,0.00040828,0.53630841,0.56396699,0.62968463,2.11907005,-0.02417551,-0.26052797,0.74914974
394,0.00141309,0.00000017,0.00040729,0.53590852,0.56395310,0.62965852,2.11905050,-0.02418878,-0.26049882,0.74914205
395,0.00141197,0.00000017,0.00040628,0.53338933,0.56393927,0.62963247,2.11903119,-0.02419911,-0.26046976,0.74913442
396,0.00141140,0.00000016,0.00040540,0.53514874,0.56392550,0.62960637,2.11901164,-0.02420740,-0.26044086,0.74912679
397,0.00141055,0.00000016,0.00040457,0.53382915,0.56391180,0.62958038,2.11899233,-0.02421544,-0.26041195,0.74911922
398,0.00140975,0.00000016,0.00040372,0.53310943,0.56389815,0.62955433,2.11897302,-0.02422218,-0.26038316,0.74911165
399,0.00140897,0.00000016,0.00040274,0.53358924,0.56388450,0.62952840,2.11895370,-0.02422746,-0.26035458,0.74910408
400,0.00140818,0.00000016,0.00040184,0.53330934,0.56387091,0.62950242,2.11893463,-0.02423076,-0.26032597,0.74909657
401,0.00140729,0.00000016,0.00040083,0.53286946,0.56385738,0.62947637,2.11891556,-0.02423370,-0.26029736,0.74908906
402,0.00140631,0.00000016,0.00040001,0.53007036,0.56384385,0.62945050,2.11889648,-0.02423606,-0.26026881,0.74908161
403,0.00140569,0.00000016,0.00039903,0.53210974,0.56383044,0.62942463,2.11887741,-0.02423781,-0.26024035,0.74907416
404,0.00140501,0.00000016,0.00039825,0.53198975,0.56381702,0.62939888,2.11885858,-0.02424055,-0.26021203,0.74906671
405,0.00140409,0.00000016,0.00039722,0.53126997,0.56380367,0.62937325,2.11883974,-0.02424369,-0.26018378,0.74905932
406,0.00140343,0.00000016,0.00039635,0.53198975,0.56379032,0.62934768,2.11882091,-0.02424606,-0.26015571,0.74905193
407,0.00140282,0.00000016,0.00039546,0.53330934,0.56377703,0.62932211,2.11880207,-0.02424759,-0.26012775,0.74904454
408,0.00140197,0.00000016,0.00039460,0.53198975,0.56376374,0.62929678,2.11878324,-0.02424855,-0.26010007,0.74903721
409,0.00140117,0.00000015,0.00039367,0.53170985,0.56375051,0.62927151,2.11876488,-0.02424986,-0.26007247,0.74902987
410,0.00140030,0.00000015,0.00039291,0.52939057,0.56373733,0.62924641,2.11874628,-0.02425187,-0.26004511,0.74902254
411,0.00139974,0.00000015,0.00039206,0.53083014,0.56372422,0.62922144,2.11872768,-0.02425444,-0.26001778,0.74901527
412,0.00139916,0.00000015,0.00039114,0.53262955,0.56371111,0.62919647,2.11870909,-0.02425636,-0.25999057,0.74900800
413,0.00139849,0.00000015,0.00039029,0.53294945,0.56369805,0.62917161,2.11869073,-0.02425940,-0.25996345,0.74900073
414,0.00139754,0.00000015,0.00038941,0.53067017,0.56368506,0.62914699,2.11867237,-0.02426193,-0.25993666,0.74899352
415,0.00139688,0.00000015,0.00038857,0.53099006,0.56367213,0.62912256,2.11865425,-0.02426439,-0.25991014,0.74898630
416,0.00139628,0.00000015,0.00038783,0.53103006,0.56365925,0.62909812,2.11863589,-0.02426636,-0.25988379,0.74897909
417,0.00139525,0.00000015,0.00038693,0.52815098,0.56364632,0.62907398,2.11861777,-0.02426908,-0.25985768,0.74897194
418,0.00139494,0.00000015,0.00038605,0.53214973,0.56363356,0.62904996,2.11859965,-0.02427209,-0.25983179,0.74896479
419,0.00139411,0.00000015,0.00038534,0.52971047,0.56362075,0.62902594,2.11858177,-0.02427473,-0.25980601,0.74895763
420,0.00139366,0.00000015,0.00038455,0.53170985,0.56360805,0.62900221,2.11856365,-0.02427823,-0.25978047,0.74895054
421,0.00139296,0.00000015,0.00038375,0.53123003,0.56359529,0.62897861,2.11854577,-0.02428134,-0.25975513,0.74894345
422,0.00139231,0.00000015,0.00038304,0.53047025,0.56358272,0.62895513,2.11852789,-0.02428542,-0.25973001,0.74893636
423,0.00139149,0.00000015,0.00038218,0.52923065,0.56357008,0.62893170,2.11851001,-0.02428864,-0.25970513,0.74892926
424,0.00139088,0.00000015,0.00038143,0.52923065,0.56355745,0.62890851,2.11849236,-0.02429229,-0.25968048,0.74892223
425,0.00139028,0.00000014,0.00038057,0.53015035,0.56354493,0.62888563,2.11847472,-0.02429683,-0.25965616,0.74891520
426,0.00138960,0.00000014,0.00037975,0.52995044,0.56353241,0.62886280,2.11845708,-0.02430160,-0.25963202,0.74890816
427,0.00138886,0.00000014,0.00037904,0.52831095,0.56351995,0.62883997,2.11843944,-0.02430560,-0.25960797,0.74890113
428,0.00138827,0.00000014,0.00037823,0.52879077,0.56350756,0.62881732,2.11842179,-0.02430945,-0.25958407,0.74889416
429,0.00138768,0.00000014,0.00037751,0.52871084,0.56349516,0.62879461,2.11840439,-0.02431176,-0.25956029,0.74888718
430,0.00138706,0.00000014,0.00037678,0.52843088,0.56348282,0.62877202,2.11838698,-0.02431342,-0.25953668,0.74888021
431,0.00138665,0.00000014,0.00037601,0.53047025,0.56347048,0.62874955,2.11836958,-0.02431467,-0.25951320,0.74887329
432,0.00138611,0.00000014,0.00037536,0.53023034,0.56345820,0.62872708,2.11835241,-0.02431643,-0.25948974,0.74886638
433,0.00138522,0.00000014,0.00037449,0.52831095,0.56344599,0.62870461,2.11833501,-0.02431760,-0.25946635,0.74885947
434,0.00138478,0.00000014,0.00037378,0.52955055,0.56343377,0.62868232,2.11831784,-0.02431866,-0.25944313,0.74885255
435,0.00138410,0.00000014,0.00037301,0.52879077,0.56342161,0.62866008,2.11830068,-0.02431889,-0.25942010,0.74884570
436,0.00138353,0.00000014,0.00037230,0.52879077,0.56340957,0.62863803,2.11828351,-0.02431963,-0.25939733,0.74883884
437,0.00138308,0.00000014,0.00037164,0.52955055,0.56339747,0.62861609,2.11826658,-0.02431958,-0.25937480,0.74883199
438,0.00138250,0.00000014,0.00037086,0.52983046,0.56338537,0.62859422,2.11824965,-0.02431856,-0.25935248,0.74882513
439,0.00138202,0.00000014,0.00037013,0.53075016,0.56337339,0.62857252,2.11823273,-0.02431762,-0.25933042,0.74881834
440,0.00138142,0.00000014,0.00036937,0.53071016,0.56336141,0.62855089,2.11821556,-0.02431586,-0.25930858,0.74881154
441,0.00138086,0.00000014,0.00036874,0.53015035,0.56334943,0.62852937,2.11819887,-0.02431374,-0.25928691,0.74880475
442,0.00138018,0.00000014,0.00036794,0.52955055,0.56333750,0.62850809,2.11818194,-0.02431285,-0.25926545,0.74879795
443,0.00137973,0.00000013,0.00036728,0.53027034,0.56332564,0.62848693,2.11816525,-0.02431205,-0.25924435,0.74879116
444,0.00137932,0.00000013,0.00036654,0.53194976,0.56331378,0.62846601,2.11814833,-0.02431109,-0.25922352,0.74878442
445,0.00137864,0.00000013,0.00036583,0.53059024,0.56330198,0.62844509,2.11813188,-0.02430858,-0.25920293,0.74877769
446,0.00137812,0.00000013,0.00036504,0.53154993,0.56329018,0.62842435,2.11811519,-0.02430602,-0.25918269,0.74877095
447,0.00137751,0.00000013,0.00036444,0.53011036,0.56327850,0.62840378,2.11809874,-0.02430406,-0.25916263,0.74876422
448,0.00137706,0.00000013,0.00036377,0.53083014,0.56326675,0.62838334,2.11808205,-0.02430428,-0.25914261,0.74875748
449,0.00137657,0.00000013,0.00036309,0.53115004,0.56325501,0.62836301,2.11806560,-0.02430329,-0.25912285,0.74875075
450,0.00137603,0.00000013,0.00036243,0.53091013,0.56324339,0.62834275,2.11804914,-0.02430235,-0.25910321,0.74874407
451,0.00137550,0.00000013,0.00036170,0.53119004,0.56323177,0.62832254,2.11803269,-0.02430076,-0.25908366,0.74873739
452,0.00137497,0.00000013,0.00036096,0.53150994,0.56322014,0.62830234,2.11801624,-0.02429832,-0.25906417,0.74873072
453,0.00137434,0.00000013,0.00036026,0.53067017,0.56320858,0.62828213,2.11800003,-0.02429372,-0.25904477,0.74872410
454,0.00137403,0.00000013,0.00035969,0.53194976,0.56319708,0.62826204,2.11798382,-0.02428915,-0.25902554,0.74871749
455,0.00137360,0.00000013,0.00035893,0.53338933,0.56318551,0.62824214,2.11796737,-0.02428497,-0.25900656,0.74871087
456,0.00137307,0.00000013,0.00035841,0.53218973,0.56317407,0.62822223,2.11795139,-0.02428018,-0.25898767,0.74870425
457,0.00137251,0.00000013,0.00035765,0.53238964,0.56316262,0.62820238,2.11793518,-0.02427457,-0.25896907,0.74869764
458,0.00137207,0.00000013,0.00035700,0.53282952,0.56315124,0.62818253,2.11791921,-0.02426638,-0.25895068,0.74869102
459,0.00137144,0.00000013,0.00035624,0.53226966,0.56313992,0.62816292,2.11790299,-0.02425719,-0.25893253,0.74868447
460,0.00137105,0.00000013,0.00035559,0.53334934,0.56312853,0.62814319,2.11788702,-0.02424544,-0.25891456,0.74867791
461,0.00137069,0.00000013,0.00035494,0.53462893,0.56311727,0.62812364,2.11787128,-0.02423257,-0.25889692,0.74867135
462,0.00137041,0.00000013,0.00035432,0.53654832,0.56310600,0.62810409,2.11785531,-0.02421943,-0.25887942,0.74866480
463,0.00136993,0.00000013,0.00035366,0.53678823,0.56309474,0.62808466,2.11783934,-0.02420607,-0.25886205,0.74865824
464,0.00136917,0.00000012,0.00035290,0.53478885,0.56308353,0.62806529,2.11782360,-0.02419198,-0.25884479,0.74865174
465,0.00136875,0.00000012,0.00035223,0.53562862,0.56307232,0.62804610,2.11780787,-0.02417889,-0.25882772,0.74864525
466,0.00136846,0.00000012,0.00035161,0.53742802,0.56306118,0.62802696,2.11779189,-0.02416614,-0.25881079,0.74863875
467,0.00136780,0.00000012,0.00035094,0.53590852,0.56305009,0.62800789,2.11777639,-0.02415174,-0.25879398,0.74863225
468,0.00136742,0.00000012,0.00035037,0.53634834,0.56303900,0.62798887,2.11776066,-0.02413765,-0.25877723,0.74862581
469,0.00136687,0.00000012,0.00034963,0.53626841,0.56302792,0.62796998,2.11774516,-0.02412362,-0.25876063,0.74861938
470,0.00136609,0.00000012,0.00034887,0.53410912,0.56301689,0.62795109,2.11772943,-0.02410880,-0.25874409,0.74861294
471,0.00136603,0.00000012,0.00034833,0.53758800,0.56300586,0.62793213,2.11771417,-0.02409253,-0.25872767,0.74860650
472,0.00136561,0.00000012,0.00034766,0.53830773,0.56299490,0.62791336,2.11769843,-0.02407735,-0.25871140,0.74860007
473,0.00136502,0.00000012,0.00034691,0.53790790,0.56298387,0.62789464,2.11768293,-0.02406051,-0.25869530,0.74859369
474,0.00136490,0.00000012,0.00034629,0.54134679,0.56297296,0.62787598,2.11766744,-0.02404404,-0.25867921,0.74858731
475,0.00136452,0.00000012,0.00034568,0.54202658,0.56296206,0.62785745,2.11765218,-0.02402854,-0.25866324,0.74858093
476,0.00136404,0.00000012,0.00034513,0.54134679,0.56295115,0.62783885,2.11763668,-0.02401249,-0.25864711,0.74857461
477,0.00136339,0.00000012,0.00034443,0.53994721,0.56294030,0.62782025,2.11762142,-0.02399595,-0.25863093,0.74856830
478,0.00136332,0.00000012,0.00034388,0.54338610,0.56292951,0.62780166,2.11760616,-0.02397914,-0.25861478,0.74856198
479,0.00136284,0.00000012,0.00034327,0.54302621,0.56291878,0.62778318,2.11759114,-0.02396470,-0.25859866,0.74855566
480,0.00136216,0.00000012,0.00034253,0.54158670,0.56290805,0.62776470,2.11757588,-0.02395063,-0.25858241,0.74854940
481,0.00136190,0.00000012,0.00034199,0.54298627,0.56289732,0.62774616,2.11756086,-0.02393584,-0.25856602,0.74854314
482,0.00136143,0.00000012,0.00034140,0.54258639,0.56288666,0.62772769,2.11754584,-0.02392163,-0.25854960,0.74853694
483,0.00136113,0.00000012,0.00034067,0.54486567,0.56287605,0.62770939,2.11753058,-0.02391084,-0.25853312,0.74853075
484,0.00136052,0.00000012,0.00034021,0.54218650,0.56286538,0.62769109,2.11751556,-0.02390041,-0.25851661,0.74852455
485,0.00136032,0.00000012,0.00033962,0.54450577,0.56285483,0.62767285,2.11750078,-0.02389126,-0.25850013,0.74851835
486,0.00135998,0.00000011,0.00033909,0.54502559,0.56284428,0.62765473,2.11748600,-0.02388271,-0.25848362,0.74851221
487,0.00135950,0.00000011,0.00033846,0.54478568,0.56283373,0.62763655,2.11747098,-0.02387464,-0.25846705,0.74850607
488,0.00135902,0.00000011,0.00033784,0.54434580,0.56282324,0.62761849,2.11745644,-0.02386924,-0.25845045,0.74849993
489,0.00135869,0.00000011,0.00033731,0.54494560,0.56281281,0.62760067,2.11744142,-0.02386587,-0.25843373,0.74849385
490,0.00135840,0.00000011,0.00033689,0.54518557,0.56280231,0.62758285,2.11742687,-0.02386397,-0.25841710,0.74848777
491,0.00135797,0.00000011,0.00033616,0.54610527,0.56279194,0.62756515,2.11741209,-0.02386313,-0.25840056,0.74848169
492,0.00135750,0.00000011,0.00033567,0.54494560,0.56278157,0.62754738,2.11739731,-0.02386175,-0.25838402,0.74847561
493,0.00135713,0.00000011,0.00033518,0.54486567,0.56277120,0.62752986,2.11738276,-0.02386178,-0.25836748,0.74846959
494,0.00135672,0.00000011,0.00033449,0.54558539,0.56276095,0.62751245,2.11736822,-0.02386378,-0.25835106,0.74846357
495,0.00135647,0.00000011,0.00033406,0.54626518,0.56275064,0.62749511,2.11735368,-0.02386571,-0.25833476,0.74845755
496,0.00135625,0.00000011,0.00033358,0.54758477,0.56274033,0.62747788,2.11733937,-0.02386736,-0.25831860,0.74845153
497,0.00135558,0.00000011,0.00033302,0.54490560,0.56273013,0.62746066,2.11732483,-0.02386730,-0.25830272,0.74844551
498,0.00135538,0.00000011,0.00033253,0.54638517,0.56271994,0.62744355,2.11731052,-0.02386757,-0.25828692,0.74843955
499,0.00135479,0.00000011,0.00033198,0.54446578,0.56270975,0.62742645,2.11729598,-0.02386747,-0.25827107,0.74843359
500,0.00135459,0.00000011,0.00033154,0.54566538,0.56269968,0.62740934,2.11728191,-0.02386731,-0.25825527,0.74842763
501,0.00135420,0.00000011,0.00033102,0.54546547,0.56268954,0.62739229,2.11726761,-0.02386612,-0.25823966,0.74842167
502,0.00135371,0.00000011,0.00033048,0.54438579,0.56267947,0.62737536,2.11725330,-0.02386438,-0.25822425,0.74841571
503,0.00135339,0.00000011,0.00032995,0.54494560,0.56266934,0.62735844,2.11723900,-0.02386256,-0.25820878,0.74840981
504,0.00135323,0.00000011,0.00032950,0.54658508,0.56265932,0.62734151,2.11722493,-0.02386017,-0.25819325,0.74840391
505,0.00135281,0.00000011,0.00032904,0.54574537,0.56264931,0.62732458,2.11721087,-0.02385801,-0.25817785,0.74839801
506,0.00135245,0.00000011,0.00032844,0.54626518,0.56263930,0.62730765,2.11719680,-0.02385544,-0.25816241,0.74839211
507,0.00135236,0.00000011,0.00032792,0.54910427,0.56262940,0.62729084,2.11718273,-0.02385164,-0.25814712,0.74838626
508,0.00135188,0.00000011,0.00032751,0.54726487,0.56261945,0.62727392,2.11716866,-0.02384626,-0.25813177,0.74838042
509,0.00135146,0.00000011,0.00032695,0.54698497,0.56260955,0.62725711,2.11715460,-0.02384263,-0.25811648,0.74837458
510,0.00135099,0.00000011,0.00032640,0.54614526,0.56259960,0.62724030,2.11714053,-0.02383911,-0.25810114,0.74836874
511,0.00135076,0.00000011,0.00032593,0.54714489,0.56258976,0.62722337,2.11712670,-0.02383374,-0.25808576,0.74836296
512,0.00135037,0.00000011,0.00032539,0.54706496,0.56257993,0.62720650,2.11711287,-0.02382769,-0.25807032,0.74835718
513,0.00135001,0.00000011,0.00032493,0.54670507,0.56257010,0.62718946,2.11709881,-0.02382248,-0.25805455,0.74835140
514,0.00134973,0.00000011,0.00032436,0.54782468,0.56256026,0.62717241,2.11708498,-0.02381841,-0.25803861,0.74834561
515,0.00134946,0.00000010,0.00032396,0.54806465,0.56255054,0.62715536,2.11707115,-0.02381483,-0.25802252,0.74833989
516,0.00134900,0.00000010,0.00032339,0.54742485,0.56254077,0.62713832,2.11705756,-0.02381171,-0.25800636,0.74833417
517,0.00134889,0.00000010,0.00032302,0.54898435,0.56253105,0.62712133,2.11704373,-0.02381176,-0.25799009,0.74832845
518,0.00134844,0.00000010,0.00032249,0.54814458,0.56252140,0.62710440,2.11703014,-0.02381360,-0.25797349,0.74832278
519,0.00134787,0.00000010,0.00032196,0.54610527,0.56251174,0.62708730,2.11701655,-0.02381501,-0.25795662,0.74831712
520,0.00134752,0.00000010,0.00032161,0.54518557,0.56250209,0.62707007,2.11700296,-0.02381574,-0.25793958,0.74831146
521,0.00134737,0.00000010,0.00032099,0.54790467,0.56249243,0.62705278,2.11698937,-0.02381460,-0.25792241,0.74830586
522,0.00134715,0.00000010,0.00032067,0.54802465,0.56248283,0.62703544,2.11697578,-0.02381496,-0.25790507,0.74830025
523,0.00134663,0.00000010,0.00032015,0.54646516,0.56247330,0.62701803,2.11696219,-0.02381644,-0.25788742,0.74829465
524,0.00134662,0.00000010,0.00031969,0.54950416,0.56246370,0.62700057,2.11694884,-0.02381691,-0.25786969,0.74828911
525,0.00134582,0.00000010,0.00031914,0.54534549,0.56245416,0.62698323,2.11693525,-0.02381814,-0.25785196,0.74828357
526,0.00134585,0.00000010,0.00031874,0.54842448,0.56244469,0.62696594,2.11692190,-0.02382045,-0.25783423,0.74827802
527,0.00134532,0.00000010,0.00031827,0.54646516,0.56243521,0.62694854,2.11690855,-0.02382224,-0.25781646,0.74827248
528,0.00134498,0.00000010,0.00031783,0.54610527,0.56242573,0.62693125,2.11689520,-0.02382389,-0.25779873,0.74826699
529,0.00134468,0.00000010,0.00031739,0.54618520,0.56241626,0.62691402,2.11688185,-0.02382663,-0.25778097,0.74826151
530,0.00134434,0.00000010,0.00031697,0.54558539,0.56240684,0.62689692,2.11686850,-0.02383084,-0.25776324,0.74825603
531,0.00134380,0.00000010,0.00031645,0.54378599,0.56239748,0.62687975,2.11685538,-0.02383474,-0.25774556,0.74825054
532,0.00134382,0.00000010,0.00031602,0.54698497,0.56238806,0.62686259,2.11684203,-0.02383856,-0.25772789,0.74824506
533,0.00134333,0.00000010,0.00031554,0.54534549,0.56237870,0.62684566,2.11682892,-0.02384411,-0.25771022,0.74823964
534,0.00134305,0.00000010,0.00031518,0.54514557,0.56236941,0.62682873,2.11681581,-0.02384933,-0.25769264,0.74823421
535,0.00134285,0.00000010,0.00031477,0.54602528,0.56236011,0.62681198,2.11680269,-0.02385691,-0.25767514,0.74822879
536,0.00134267,0.00000010,0.00031435,0.54706496,0.56235081,0.62679517,2.11678934,-0.02386399,-0.25765771,0.74822336
537,0.00134213,0.00000010,0.00031389,0.54482567,0.56234151,0.62677848,2.11677623,-0.02387198,-0.25764036,0.74821794
538,0.00134204,0.00000010,0.00031351,0.54658508,0.56233227,0.62676191,2.11676335,-0.02387941,-0.25762317,0.74821252
539,0.00134180,0.00000010,0.00031310,0.54698497,0.56232309,0.62674534,2.11675024,-0.02388638,-0.25760597,0.74820715
540,0.00134131,0.00000010,0.00031262,0.54538548,0.56231385,0.62672883,2.11673737,-0.02389365,-0.25758880,0.74820179
541,0.00134085,0.00000010,0.00031223,0.54346609,0.56230468,0.62671238,2.11672449,-0.02390048,-0.25757185,0.74819642
542,0.00134073,0.00000010,0.00031178,0.54534549,0.56229556,0.62669587,2.11671138,-0.02390731,-0.25755483,0.74819106
543,0.00134049,0.00000010,0.00031149,0.54498559,0.56228644,0.62667954,2.11669874,-0.02391368,-0.25753799,0.74818569
544,0.00134012,0.00000010,0.00031101,0.54450577,0.56227732,0.62666315,2.11668563,-0.02391999,-0.25752118,0.74818033
545,0.00133977,0.00000010,0.00031057,0.54398590,0.56226820,0.62664670,2.11667275,-0.02392489,-0.25750446,0.74817497
546,0.00133972,0.00000010,0.00031024,0.54578537,0.56225908,0.62663037,2.11666012,-0.02393010,-0.25748765,0.74816966
547,0.00133931,0.00000010,0.00030984,0.54446578,0.56225002,0.62661409,2.11664724,-0.02393641,-0.25747088,0.74816436
548,0.00133899,0.00000010,0.00030945,0.54386598,0.56224102,0.62659776,2.11663461,-0.02394286,-0.25745392,0.74815905
549,0.00133863,0.00000010,0.00030895,0.54362607,0.56223202,0.62658137,2.11662173,-0.02394975,-0.25743690,0.74815375
550,0.00133827,0.00000010,0.00030863,0.54230648,0.56222296,0.62656516,2.11660886,-0.02395705,-0.25742006,0.74814844
551,0.00133803,0.00000009,0.00030820,0.54282629,0.56221402,0.62654889,2.11659646,-0.02396469,-0.25740311,0.74814320
552,0.00133804,0.00000009,0.00030791,0.54494560,0.56220508,0.62653273,2.11658382,-0.02397246,-0.25738627,0.74813795
553,0.00133761,0.00000009,0.00030752,0.54330617,0.56219614,0.62651652,2.11657119,-0.02397968,-0.25736937,0.74813271
554,0.00133732,0.00000009,0.00030711,0.54318619,0.56218719,0.62650031,2.11655855,-0.02398675,-0.25735235,0.74812746
555,0.00133713,0.00000009,0.00030679,0.54350609,0.56217825,0.62648410,2.11654592,-0.02399341,-0.25733525,0.74812227
556,0.00133672,0.00000009,0.00030639,0.54214650,0.56216943,0.62646776,2.11653352,-0.02400170,-0.25731796,0.74811709
557,0.00133628,0.00000009,0.00030605,0.53994721,0.56216055,0.62645149,2.11652088,-0.02401205,-0.25730050,0.74811190
558,0.00133607,0.00000009,0.00030567,0.54046702,0.56215173,0.62643528,2.11650848,-0.02402303,-0.25728300,0.74810672
559,0.00133594,0.00000009,0.00030526,0.54190660,0.56214285,0.62641913,2.11649609,-0.02403377,-0.25726563,0.74810153
560,0.00133562,0.00000009,0.00030503,0.54038709,0.56213403,0.62640297,2.11648345,-0.02404523,-0.25724816,0.74809641
561,0.00133528,0.00000009,0.00030458,0.54002720,0.56212527,0.62638682,2.11647105,-0.02405543,-0.25723055,0.74809128
562,0.00133499,0.00000009,0.00030414,0.53998721,0.56211650,0.62637055,2.11645865,-0.02406548,-0.25721297,0.74808615
563,0.00133480,0.00000009,0.00030388,0.53994721,0.56210774,0.62635428,2.11644650,-0.02407496,-0.25719535,0.74808103
564,0.00133459,0.00000009,0.00030349,0.54042709,0.56209898,0.62633795,2.11643410,-0.02408384,-0.25717765,0.74807590
565,0.00133408,0.00000009,0.00030311,0.53794783,0.56209022,0.62632155,2.11642170,-0.02409235,-0.25715995,0.74807078
566,0.00133407,0.00000009,0.00030277,0.54014713,0.56208158,0.62630534,2.11640930,-0.02410061,-0.25714228,0.74806571
567,0.00133358,0.00000009,0.00030237,0.53790790,0.56207287,0.62628907,2.11639714,-0.02410828,-0.25712469,0.74806064
568,0.00133330,0.00000009,0.00030194,0.53798783,0.56206423,0.62627274,2.11638498,-0.02411418,-0.25710723,0.74805558
569,0.00133313,0.00000009,0.00030158,0.53870761,0.56205553,0.62625653,2.11637259,-0.02411818,-0.25709000,0.74805051
570,0.00133303,0.00000009,0.00030123,0.54006720,0.56204689,0.62624025,2.11636043,-0.02412211,-0.25707278,0.74804544
571,0.00133254,0.00000009,0.00030087,0.53754801,0.56203824,0.62622410,2.11634827,-0.02412569,-0.25705573,0.74804038
572,0.00133230,0.00000009,0.00030048,0.53774792,0.56202966,0.62620789,2.11633611,-0.02412646,-0.25703883,0.74803531
573,0.00133215,0.00000009,0.00030016,0.53834772,0.56202108,0.62619174,2.11632419,-0.02412732,-0.25702202,0.74803025
574,0.00133184,0.00000009,0.00029983,0.53758800,0.56201249,0.62617552,2.11631203,-0.02412830,-0.25700527,0.74802518
575,0.00133151,0.00000009,0.00029939,0.53710812,0.56200391,0.62615955,2.11629987,-0.02412894,-0.25698861,0.74802017
576,0.00133132,0.00000009,0.00029904,0.53754801,0.56199533,0.62614363,2.11628771,-0.02413142,-0.25697207,0.74801517
577,0.00133097,0.00000009,0.00029858,0.53706813,0.56198680,0.62612784,2.11627579,-0.02413365,-0.25695565,0.74801016
578,0.00133081,0.00000009,0.00029837,0.53694820,0.56197834,0.62611216,2.11626363,-0.02413754,-0.25693932,0.74800515
579,0.00133065,0.00000009,0.00029793,0.53818780,0.56196988,0.62609649,2.11625195,-0.02414196,-0.25692302,0.74800014
580,0.00133029,0.00000009,0.00029756,0.53702813,0.56196135,0.62608087,2.11623979,-0.02414653,-0.25690684,0.74799514
581,0.00132998,0.00000009,0.00029728,0.53590852,0.56195289,0.62606537,2.11622787,-0.02415208,-0.25689062,0.74799013
582,0.00132971,0.00000009,0.00029679,0.53626841,0.56194448,0.62604976,2.11621594,-0.02415655,-0.25687450,0.74798512
583,0.00132939,0.00000009,0.00029655,0.53478885,0.56193608,0.62603420,2.11620402,-0.02416179,-0.25685829,0.74798012
584,0.00132938,0.00000009,0.00029614,0.53730804,0.56192768,0.62601888,2.11619234,-0.02416930,-0.25684211,0.74797517
585,0.00132909,0.00000009,0.00029583,0.53654832,0.56191927,0.62600356,2.11618042,-0.02417701,-0.25682598,0.74797022
586,0.00132887,0.00000009,0.00029566,0.53558862,0.56191087,0.62598830,2.11616874,-0.02418521,-0.25680995,0.74796528
587,0.00132860,0.00000009,0.00029521,0.53578854,0.56190246,0.62597311,2.11615682,-0.02419296,-0.25679398,0.74796033
588,0.00132830,0.00000009,0.00029482,0.53526872,0.56189418,0.62595797,2.11614490,-0.02420166,-0.25677812,0.74795538
589,0.00132817,0.00000009,0.00029454,0.53594851,0.56188583,0.62594277,2.11613321,-0.02420951,-0.25676227,0.74795043
590,0.00132812,0.00000009,0.00029427,0.53722811,0.56187755,0.62592769,2.11612129,-0.02421671,-0.25674653,0.74794549
591,0.00132771,0.00000009,0.00029396,0.53518873,0.56186920,0.62591255,2.11610961,-0.02422402,-0.25673077,0.74794054
592,0.00132738,0.00000009,0.00029361,0.53414905,0.56186092,0.62589753,2.11609793,-0.02423119,-0.25671518,0.74793565
593,0.00132732,0.00000009,0.00029333,0.53546864,0.56185269,0.62588269,2.11608648,-0.02423786,-0.25669977,0.74793077
594,0.00132708,0.00000009,0.00029298,0.53534871,0.56184447,0.62586772,2.11607480,-0.02424341,-0.25668442,0.74792588
595,0.00132658,0.00000009,0.00029254,0.53310943,0.56183624,0.62585288,2.11606312,-0.02424908,-0.25666913,0.74792099
596,0.00132659,0.00000009,0.00029233,0.53466892,0.56182802,0.62583804,2.11605167,-0.02425489,-0.25665393,0.74791610
597,0.00132619,0.00000009,0.00029202,0.53270954,0.56181979,0.62582314,2.11603999,-0.02425961,-0.25663868,0.74791121
598,0.00132616,0.00000009,0.00029164,0.53486884,0.56181163,0.62580830,2.11602831,-0.02426423,-0.25662351,0.74790633
599,0.00132601,0.00000008,0.00029127,0.53570855,0.56180346,0.62579340,2.11601686,-0.02426832,-0.25660843,0.74790144
600,0.00132569,0.00000008,0.00029097,0.53454894,0.56179535,0.62577868,2.11600542,-0.02427282,-0.25659335,0.74789661
601,0.00132523,0.00000008,0.00029067,0.53186983,0.56178719,0.62576395,2.11599398,-0.02427621,-0.25657839,0.74789178
602,0.00132531,0.00000008,0.00029037,0.53470892,0.56177908,0.62574917,2.11598253,-0.02427934,-0.25656343,0.74788696
603,0.00132493,0.00000008,0.00029001,0.53314942,0.56177092,0.62573445,2.11597109,-0.02428369,-0.25654846,0.74788213
604,0.00132474,0.00000008,0.00028972,0.53322935,0.56176293,0.62571990,2.11595964,-0.02428872,-0.25653359,0.74787730
605,0.00132463,0.00000008,0.00028939,0.53426903,0.56175488,0.62570536,2.11594820,-0.02429629,-0.25651860,0.74787247
606,0.00132414,0.00000008,0.00028908,0.53134996,0.56174684,0.62569070,2.11593699,-0.02430231,-0.25650355,0.74786764
607,0.00132402,0.00000008,0.00028883,0.53186983,0.56173879,0.62567610,2.11592555,-0.02430819,-0.25648850,0.74786288
608,0.00132404,0.00000008,0.00028847,0.53430903,0.56173074,0.62566155,2.11591411,-0.02431389,-0.25647348,0.74785811
609,0.00132342,0.00000008,0.00028822,0.52979046,0.56172270,0.62564695,2.11590290,-0.02432001,-0.25645831,0.74785334
610,0.00132321,0.00000008,0.00028790,0.52975047,0.56171477,0.62563223,2.11589170,-0.02432415,-0.25644314,0.74784857
611,0.00132332,0.00000008,0.00028753,0.53318936,0.56170678,0.62561756,2.11588049,-0.02432730,-0.25642809,0.74784380
612,0.00132294,0.00000008,0.00028730,0.53091013,0.56169885,0.62560284,2.11586928,-0.02432953,-0.25641295,0.74783909
613,0.00132268,0.00000008,0.00028697,0.53051025,0.56169087,0.62558800,2.11585808,-0.02433155,-0.25639758,0.74783438
614,0.00132257,0.00000008,0.00028666,0.53142995,0.56168294,0.62557310,2.11584663,-0.02433311,-0.25638214,0.74782968
615,0.00132239,0.00000008,0.00028640,0.53126997,0.56167507,0.62555814,2.11583567,-0.02433496,-0.25636652,0.74782497
616,0.00132208,0.00000008,0.00028596,0.53095007,0.56166720,0.62554336,2.11582446,-0.02433847,-0.25635096,0.74782026
617,0.00132195,0.00000008,0.00028579,0.53083014,0.56165934,0.62552845,2.11581349,-0.02434108,-0.25633535,0.74781561
618,0.00132162,0.00000008,0.00028539,0.53007036,0.56165147,0.62551349,2.11580229,-0.02434235,-0.25631961,0.74781096
619,0.00132159,0.00000008,0.00028510,0.53158987,0.56164360,0.62549847,2.11579132,-0.02434302,-0.25630376,0.74780631
620,0.00132142,0.00000008,0.00028483,0.53170985,0.56163579,0.62548345,2.11578012,-0.02434375,-0.25628793,0.74780166
621,0.00132099,0.00000008,0.00028454,0.52935064,0.56162798,0.62546825,2.11576939,-0.02434395,-0.25627193,0.74779701
622,0.00132075,0.00000008,0.00028419,0.52915066,0.56162024,0.62545311,2.11575818,-0.02434308,-0.25625584,0.74779242
623,0.00132089,0.00000008,0.00028380,0.53298944,0.56161243,0.62543792,2.11574721,-0.02434097,-0.25623974,0.74778783
624,0.00132036,0.00000008,0.00028348,0.52971047,0.56160468,0.62542284,2.11573625,-0.02433996,-0.25622383,0.74778324
625,0.00132014,0.00000008,0.00028321,0.52923065,0.56159693,0.62540770,2.11572528,-0.02433809,-0.25620782,0.74777865
626,0.00132011,0.00000008,0.00028292,0.53079015,0.56158912,0.62539262,2.11571431,-0.02433709,-0.25619185,0.74777406
627,0.00131999,0.00000008,0.00028262,0.53150994,0.56158143,0.62537748,2.11570358,-0.02433616,-0.25617588,0.74776947
628,0.00131964,0.00000008,0.00028227,0.53027034,0.56157374,0.62536252,2.11569262,-0.02433524,-0.25616011,0.74776489
629,0.00131947,0.00000008,0.00028195,0.53067017,0.56156611,0.62534767,2.11568189,-0.02433590,-0.25614443,0.74776030
630,0.00131950,0.00000008,0.00028179,0.53202975,0.56155843,0.62533289,2.11567092,-0.02433817,-0.25612879,0.74775571
631,0.00131900,0.00000008,0.00028137,0.52959055,0.56155074,0.62531811,2.11566019,-0.02433926,-0.25611323,0.74775112
632,0.00131875,0.00000008,0.00028104,0.52923065,0.56154305,0.62530339,2.11564946,-0.02434114,-0.25609758,0.74774659
633,0.00131875,0.00000008,0.00028079,0.53079015,0.56153536,0.62528878,2.11563849,-0.02434164,-0.25608218,0.74774206
634,0.00131828,0.00000008,0.00028048,0.52811098,0.56152779,0.62527418,2.11562777,-0.02434214,-0.25606680,0.74773753
635,0.00131830,0.00000008,0.00028026,0.52975047,0.56152016,0.62525952,2.11561704,-0.02434325,-0.25605130,0.74773300
636,0.00131820,0.00000008,0.00027999,0.53047025,0.56151259,0.62524486,2.11560631,-0.02434386,-0.25603577,0.74772847
637,0.00131794,0.00000008,0.00027957,0.53043026,0.56150496,0.62523013,2.11559558,-0.02434511,-0.25602019,0.74772394
638,0.00131776,0.00000008,0.00027940,0.52979046,0.56149739,0.62521553,2.11558485,-0.02434863,-0.25600466,0.74771941
639,0.00131767,0.00000008,0.00027911,0.53083014,0.56148982,0.62520111,2.11557412,-0.02435300,-0.25598916,0.74771488
640,0.00131711,0.00000008,0.00027881,0.52711135,0.56148231,0.62518656,2.11556363,-0.02435699,-0.25597370,0.74771035
641,0.00131702,0.00000008,0.00027856,0.52775115,0.56147480,0.62517214,2.11555314,-0.02435966,-0.25595829,0.74770588
642,0.00131704,0.00000008,0.00027834,0.52943057,0.56146729,0.62515771,2.11554241,-0.02436312,-0.25594291,0.74770141
643,0.00131678,0.00000008,0.00027804,0.52867085,0.56145978,0.62514329,2.11553168,-0.02436696,-0.25592738,0.74769694
644,0.00131641,0.00000008,0.00027765,0.52743125,0.56145227,0.62512875,2.11552119,-0.02437035,-0.25591174,0.74769247
645,0.00131651,0.00000008,0.00027757,0.52911067,0.56144476,0.62511420,2.11551046,-0.02437351,-0.25589612,0.74768800
646,0.00131629,0.00000008,0.00027720,0.52915066,0.56143725,0.62509960,2.11549997,-0.02437474,-0.25588050,0.74768353
647,0.00131599,0.00000008,0.00027696,0.52771115,0.56142986,0.62508500,2.11548948,-0.02437511,-0.25586480,0.74767911
648,0.00131603,0.00000008,0.00027670,0.52967054,0.56142247,0.62507045,2.11547899,-0.02437582,-0.25584918,0.74767470
649,0.00131565,0.00000008,0.00027631,0.52835095,0.56141502,0.62505579,2.11546850,-0.02437423,-0.25583354,0.74767029
650,0.00131535,0.00000008,0.00027612,0.52663147,0.56140763,0.62504095,2.11545801,-0.02437088,-0.25581780,0.74766588
651,0.00131527,0.00000008,0.00027569,0.52835095,0.56140023,0.62502611,2.11544752,-0.02436678,-0.25580204,0.74766147
652,0.00131518,0.00000008,0.00027553,0.52859086,0.56139278,0.62501115,2.11543703,-0.02436376,-0.25578603,0.74765706
653,0.00131505,0.00000008,0.00027515,0.52955055,0.56138545,0.62499619,2.11542678,-0.02435789,-0.25577003,0.74765271
654,0.00131491,0.00000008,0.00027494,0.52963054,0.56137812,0.62498111,2.11541653,-0.02435134,-0.25575387,0.74764836
655,0.00131443,0.00000008,0.00027454,0.52723128,0.56137085,0.62496591,2.11540627,-0.02434367,-0.25573754,0.74764401
656,0.00131454,0.00000008,0.00027434,0.52967054,0.56136352,0.62495059,2.11539578,-0.02433674,-0.25572109,0.74763966
657,0.00131445,0.00000008,0.00027391,0.53134996,0.56135619,0.62493539,2.11538553,-0.02433120,-0.25570461,0.74763530
658,0.00131393,0.00000007,0.00027374,0.52731127,0.56134886,0.62492031,2.11537528,-0.02432612,-0.25568810,0.74763101
659,0.00131396,0.00000007,0.00027338,0.52979046,0.56134164,0.62490541,2.11536503,-0.02432277,-0.25567183,0.74762672
660,0.00131386,0.00000007,0.00027306,0.53079015,0.56133437,0.62489051,2.11535478,-0.02431987,-0.25565562,0.74762243
661,0.00131356,0.00000007,0.00027279,0.52947056,0.56132716,0.62487566,2.11534452,-0.02431514,-0.25563946,0.74761814
662,0.00131319,0.00000007,0.00027256,0.52723128,0.56131989,0.62486076,2.11533427,-0.02431180,-0.25562325,0.74761385
663,0.00131327,0.00000007,0.00027233,0.52943057,0.56131268,0.62484586,2.11532402,-0.02430795,-0.25560701,0.74760956
664,0.00131305,0.00000007,0.00027200,0.52927065,0.56130546,0.62483102,2.11531401,-0.02430396,-0.25559086,0.74760526
665,0.00131287,0.00000007,0.00027170,0.52935064,0.56129831,0.62481630,2.11530375,-0.02430225,-0.25557488,0.74760097
666,0.00131284,0.00000007,0.00027154,0.53015035,0.56129116,0.62480175,2.11529374,-0.02430139,-0.25555909,0.74759668
667,0.00131231,0.00000007,0.00027117,0.52707136,0.56128401,0.62478739,2.11528373,-0.02430096,-0.25554341,0.74759239
668,0.00131212,0.00000007,0.00027095,0.52655149,0.56127685,0.62477309,2.11527348,-0.02430279,-0.25552794,0.74758810
669,0.00131196,0.00000007,0.00027067,0.52667147,0.56126970,0.62475896,2.11526346,-0.02430341,-0.25551257,0.74758387
670,0.00131207,0.00000007,0.00027046,0.52915066,0.56126267,0.62474495,2.11525345,-0.02430440,-0.25549746,0.74757963
671,0.00131179,0.00000007,0.00027018,0.52807105,0.56125563,0.62473112,2.11524343,-0.02430635,-0.25548252,0.74757540
672,0.00131162,0.00000007,0.00027000,0.52751118,0.56124854,0.62471730,2.11523342,-0.02430894,-0.25546771,0.74757117
673,0.00131147,0.00000007,0.00026974,0.52767116,0.56124151,0.62470371,2.11522365,-0.02431456,-0.25545296,0.74756694
674,0.00131154,0.00000007,0.00026952,0.52979046,0.56123441,0.62469018,2.11521363,-0.02432054,-0.25543824,0.74756271
675,0.00131093,0.00000007,0.00026930,0.52503198,0.56122738,0.62467664,2.11520362,-0.02432624,-0.25542361,0.74755847
676,0.00131090,0.00000007,0.00026913,0.52583176,0.56122041,0.62466317,2.11519384,-0.02433250,-0.25540903,0.74755424
677,0.00131085,0.00000007,0.00026883,0.52723128,0.56121343,0.62464994,2.11518407,-0.02434041,-0.25539473,0.74755001
678,0.00131049,0.00000007,0.00026867,0.52467209,0.56120646,0.62463689,2.11517429,-0.02434807,-0.25538081,0.74754578
679,0.00131055,0.00000007,0.00026851,0.52631158,0.56119955,0.62462389,2.11516428,-0.02435550,-0.25536707,0.74754155
680,0.00131016,0.00000007,0.00026829,0.52375239,0.56119257,0.62461090,2.11515450,-0.02436248,-0.25535333,0.74753731
681,0.00131017,0.00000007,0.00026804,0.52543187,0.56118560,0.62459791,2.11514473,-0.02437007,-0.25533962,0.74753308
682,0.00131002,0.00000007,0.00026778,0.52555180,0.56117862,0.62458503,2.11513495,-0.02437715,-0.25532606,0.74752885
683,0.00130975,0.00000007,0.00026762,0.52391237,0.56117177,0.62457210,2.11512518,-0.02438361,-0.25531244,0.74752462
684,0.00131003,0.00000007,0.00026740,0.52799106,0.56116486,0.62455916,2.11511564,-0.02438957,-0.25529897,0.74752039
685,0.00130949,0.00000007,0.00026715,0.52419227,0.56115800,0.62454635,2.11510563,-0.02439619,-0.25528559,0.74751616
686,0.00130928,0.00000007,0.00026691,0.52351248,0.56115115,0.62453353,2.11509585,-0.02440235,-0.25527248,0.74751192
687,0.00130937,0.00000007,0.00026680,0.52527189,0.56114423,0.62452090,2.11508632,-0.02440748,-0.25525948,0.74750769
688,0.00130913,0.00000007,0.00026658,0.52419227,0.56113738,0.62450832,2.11507654,-0.02441325,-0.25524673,0.74750346
689,0.00130890,0.00000007,0.00026626,0.52379239,0.56113052,0.62449574,2.11506701,-0.02441706,-0.25523415,0.74749923
690,0.00130874,0.00000007,0.00026612,0.52311260,0.56112361,0.62448323,2.11505723,-0.02442080,-0.25522166,0.74749500
691,0.00130877,0.00000007,0.00026582,0.52523190,0.56111681,0.62447089,2.11504745,-0.02442513,-0.25520942,0.74749076
692,0.00130866,0.00000007,0.00026567,0.52515197,0.56111002,0.62445849,2.11503816,-0.02442880,-0.25519729,0.74748653
693,0.00130858,0.00000007,0.00026552,0.52531189,0.56110328,0.62444627,2.11502838,-0.02443032,-0.25518528,0.74748236
694,0.00130830,0.00000007,0.00026528,0.52403229,0.56109649,0.62443405,2.11501884,-0.02443253,-0.25517341,0.74747819
695,0.00130836,0.00000007,0.00026501,0.52611166,0.56108969,0.62442195,2.11500931,-0.02443434,-0.25516170,0.74747401
696,0.00130790,0.00000007,0.00026478,0.52299267,0.56108290,0.62440985,2.11499977,-0.02443580,-0.25515014,0.74746984
697,0.00130804,0.00000007,0.00026463,0.52539188,0.56107610,0.62439775,2.11499023,-0.02443728,-0.25513846,0.74746567
698,0.00130777,0.00000007,0.00026436,0.52427226,0.56106931,0.62438571,2.11498070,-0.02443879,-0.25512689,0.74746150
699,0.00130772,0.00000007,0.00026415,0.52507198,0.56106251,0.62437361,2.11497092,-0.02444007,-0.25511539,0.74745733
700,0.00130728,0.00000007,0.00026393,0.52199298,0.56105584,0.62436163,2.11496162,-0.02444209,-0.25510401,0.74745315
701,0.00130752,0.00000007,0.00026374,0.52567178,0.56104916,0.62434989,2.11495209,-0.02444510,-0.25509283,0.74744898
702,0.00130725,0.00000007,0.00026352,0.52423227,0.56104243,0.62433815,2.11494279,-0.02444787,-0.25508177,0.74744481
703,0.00130726,0.00000007,0.00026332,0.52559179,0.56103575,0.62432647,2.11493301,-0.02445016,-0.25507092,0.74744064
704,0.00130700,0.00000007,0.00026310,0.52427226,0.56102908,0.62431484,2.11492372,-0.02445143,-0.25506014,0.74743646
705,0.00130685,0.00000007,0.00026290,0.52415228,0.56102234,0.62430322,2.11491418,-0.02445320,-0.25504944,0.74743229
706,0.00130683,0.00000007,0.00026271,0.52507198,0.56101567,0.62429166,2.11490488,-0.02445427,-0.25503901,0.74742812
707,0.00130653,0.00000007,0.00026256,0.52307260,0.56100899,0.62428039,2.11489534,-0.02445823,-0.25502867,0.74742395
708,0.00130631,0.00000007,0.00026226,0.52259278,0.56100237,0.62426913,2.11488605,-0.02446199,-0.25501853,0.74741977
709,0.00130631,0.00000007,0.00026208,0.52375239,0.56099576,0.62425798,2.11487675,-0.02446694,-0.25500834,0.74741560
710,0.00130636,0.00000007,0.00026195,0.52503198,0.56098914,0.62424695,2.11486745,-0.02447386,-0.25499830,0.74741143
711,0.00130602,0.00000007,0.00026176,0.52287269,0.56098253,0.62423581,2.11485815,-0.02447796,-0.25498837,0.74740726
712,0.00130585,0.00000007,0.00026156,0.52231288,0.56097591,0.62422466,2.11484861,-0.02448056,-0.25497833,0.74740309
713,0.00130589,0.00000007,0.00026138,0.52387238,0.56096929,0.62421334,2.11483932,-0.02448191,-0.25496832,0.74739891
714,0.00130597,0.00000007,0.00026113,0.52615166,0.56096274,0.62420213,2.11483002,-0.02448257,-0.25495833,0.74739480
715,0.00130569,0.00000007,0.00026097,0.52443218,0.56095618,0.62419093,2.11482096,-0.02448218,-0.25494847,0.74739069
716,0.00130521,0.00000007,0.00026071,0.52107328,0.56094968,0.62417984,2.11481166,-0.02448094,-0.25493878,0.74738657
717,0.00130523,0.00000007,0.00026059,0.52207291,0.56094319,0.62416863,2.11480236,-0.02448014,-0.25492913,0.74738246
718,0.00130514,0.00000007,0.00026041,0.52235287,0.56093663,0.62415761,2.11479330,-0.02447970,-0.25491950,0.74737835
719,0.00130521,0.00000007,0.00026013,0.52467209,0.56093013,0.62414646,2.11478400,-0.02447712,-0.25490996,0.74737424
720,0.00130517,0.00000007,0.00025994,0.52539188,0.56092364,0.62413543,2.11477470,-0.02447475,-0.25490063,0.74737012
721,0.00130504,0.00000007,0.00025976,0.52519196,0.56091708,0.62412447,2.11476564,-0.02447226,-0.25489140,0.74736601
722,0.00130474,0.00000007,0.00025954,0.52351248,0.56091058,0.62411344,2.11475635,-0.02446835,-0.25488213,0.74736190
723,0.00130474,0.00000007,0.00025931,0.52491206,0.56090415,0.62410235,2.11474729,-0.02446397,-0.25487283,0.74735779
724,0.00130467,0.00000007,0.00025909,0.52555180,0.56089771,0.62409121,2.11473823,-0.02445906,-0.25486368,0.74735367
725,0.00130431,0.00000007,0.00025876,0.52383238,0.56089127,0.62408024,2.11472917,-0.02445407,-0.25485468,0.74734956
726,0.00130434,0.00000007,0.00025866,0.52475208,0.56088483,0.62406927,2.11472011,-0.02444708,-0.25484583,0.74734545
727,0.00130400,0.00000007,0.00025838,0.52307260,0.56087846,0.62405819,2.11471105,-0.02443828,-0.25483701,0.74734133
728,0.00130395,0.00000007,0.00025814,0.52399230,0.56087202,0.62404710,2.11470199,-0.02442915,-0.25482813,0.74733722
729,0.00130417,0.00000007,0.00025805,0.52675146,0.56086558,0.62403607,2.11469293,-0.02442093,-0.25481939,0.74733311
730,0.00130397,0.00000007,0.00025768,0.52691138,0.56085914,0.62402511,2.11468387,-0.02441221,-0.25481075,0.74732900
731,0.00130356,0.00000007,0.00025746,0.52407229,0.56085271,0.62401426,2.11467481,-0.02440404,-0.25480211,0.74732494
732,0.00130362,0.00000007,0.00025723,0.52599168,0.56084639,0.62400341,2.11466575,-0.02439660,-0.25479347,0.74732089
733,0.00130357,0.00000007,0.00025701,0.52687138,0.56084007,0.62399274,2.11465669,-0.02439120,-0.25478485,0.74731684
734,0.00130325,0.00000007,0.00025681,0.52479208,0.56083369,0.62398189,2.11464787,-0.02438466,-0.25477618,0.74731278
735,0.00130335,0.00000007,0.00025658,0.52723128,0.56082737,0.62397122,2.11463904,-0.02437823,-0.25476766,0.74730873
736,0.00130307,0.00000007,0.00025638,0.52559179,0.56082106,0.62396049,2.11462998,-0.02437201,-0.25475907,0.74730468
737,0.00130309,0.00000007,0.00025622,0.52679145,0.56081468,0.62394983,2.11462092,-0.02436738,-0.25475055,0.74730062
738,0.00130319,0.00000007,0.00025607,0.52867085,0.56080836,0.62393951,2.11461210,-0.02436589,-0.25474223,0.74729657
739,0.00130272,0.00000007,0.00025576,0.52575177,0.56080204,0.62392926,2.11460304,-0.02436665,-0.25473401,0.74729252
740,0.00130278,0.00000007,0.00025564,0.52715129,0.56079578,0.62391907,2.11459422,-0.02436541,-0.25472602,0.74728847
741,0.00130299,0.00000007,0.00025549,0.53015035,0.56078953,0.62390900,2.11458540,-0.02436515,-0.25471812,0.74728441
742,0.00130226,0.00000007,0.00025536,0.52375239,0.56078327,0.62389910,2.11457658,-0.02436872,-0.25471032,0.74728036
743,0.00130238,0.00000007,0.00025509,0.52639157,0.56077701,0.62388927,2.11456776,-0.02437257,-0.25470260,0.74727631
744,0.00130231,0.00000007,0.00025504,0.52607167,0.56077075,0.62387961,2.11455917,-0.02437679,-0.25469506,0.74727225
745,0.00130224,0.00000006,0.00025487,0.52643156,0.56076449,0.62387002,2.11455011,-0.02438238,-0.25468758,0.74726820
746,0.00130209,0.00000006,0.00025470,0.52595168,0.56075829,0.62386054,2.11454153,-0.02438919,-0.25468013,0.74726415
747,0.00130218,0.00000006,0.00025455,0.52783108,0.56075209,0.62385100,2.11453271,-0.02439508,-0.25467274,0.74726009
748,0.00130186,0.00000006,0.00025435,0.52575177,0.56074595,0.62384146,2.11452413,-0.02440033,-0.25466552,0.74725604
749,0.00130195,0.00000006,0.00025426,0.52727127,0.56073982,0.62383211,2.11451530,-0.02440505,-0.25465846,0.74725199
750,0.00130167,0.00000006,0.00025407,0.52563179,0.56073362,0.62382269,2.11450648,-0.02440853,-0.25465161,0.74724793
751,0.00130161,0.00000006,0.00025385,0.52631158,0.56072748,0.62381339,2.11449790,-0.02441140,-0.25464496,0.74724388
752,0.00130154,0.00000006,0.00025373,0.52631158,0.56072134,0.62380421,2.11448932,-0.02441475,-0.25463834,0.74723989
753,0.00130150,0.00000006,0.00025359,0.52679145,0.56071514,0.62379509,2.11448050,-0.02441835,-0.25463182,0.74723589
754,0.00130127,0.00000006,0.00025336,0.52579176,0.56070900,0.62378597,2.11447167,-0.02442156,-0.25462529,0.74723190
755,0.00130138,0.00000006,0.00025326,0.52763116,0.56070286,0.62377697,2.11446309,-0.02442540,-0.25461897,0.74722791
756,0.00130130,0.00000006,0.00025305,0.52803105,0.56069678,0.62376815,2.11445475,-0.02443011,-0.25461292,0.74722391
757,0.00130100,0.00000006,0.00025290,0.52591169,0.56069070,0.62375921,2.11444592,-0.02443211,-0.25460690,0.74721992
758,0.00130084,0.00000006,0.00025273,0.52539188,0.56068462,0.62375033,2.11443734,-0.02443304,-0.25460103,0.74721593
759,0.00130073,0.00000006,0.00025253,0.52543187,0.56067854,0.62374139,2.11442876,-0.02443360,-0.25459531,0.74721193
760,0.00130055,0.00000006,0.00025249,0.52395236,0.56067246,0.62373251,2.11442018,-0.02443324,-0.25458953,0.74720794
761,0.00130074,0.00000006,0.00025229,0.52703136,0.56066644,0.62372351,2.11441159,-0.02443049,-0.25458378,0.74720395
762,0.00130061,0.00000006,0.00025210,0.52679145,0.56066036,0.62371451,2.11440301,-0.02442790,-0.25457808,0.74719995
763,0.00130026,0.00000006,0.00025182,0.52487206,0.56065428,0.62370557,2.11439443,-0.02442418,-0.25457260,0.74719596
764,0.00130041,0.00000006,0.00025176,0.52683139,0.56064820,0.62369680,2.11438608,-0.02442137,-0.25456744,0.74719197
765,0.00130016,0.00000006,0.00025152,0.52567178,0.56064212,0.62368816,2.11437750,-0.02441878,-0.25456238,0.74718797
766,0.00130012,0.00000006,0.00025133,0.52635157,0.56063616,0.62367964,2.11436892,-0.02441639,-0.25455755,0.74718398
767,0.00130020,0.00000006,0.00025120,0.52795106,0.56063020,0.62367105,2.11436057,-0.02441528,-0.25455266,0.74717999
768,0.00129985,0.00000006,0.00025104,0.52543187,0.56062418,0.62366259,2.11435199,-0.02441394,-0.25454789,0.74717599
769,0.00129994,0.00000006,0.00025083,0.52755117,0.56061822,0.62365419,2.11434364,-0.02441251,-0.25454319,0.74717200
770,0.00129981,0.00000006,0.00025071,0.52699137,0.56061226,0.62364590,2.11433506,-0.02441196,-0.25453866,0.74716800
771,0.00129973,0.00000006,0.00025052,0.52723128,0.56060624,0.62363744,2.11432672,-0.02440933,-0.25453398,0.74716401
772,0.00129963,0.00000006,0.00025033,0.52735126,0.56060028,0.62362903,2.11431837,-0.02440661,-0.25452945,0.74716002
773,0.00129949,0.00000006,0.00025020,0.52671146,0.56059432,0.62362063,2.11430979,-0.02440468,-0.25452489,0.74715602
774,0.00129952,0.00000006,0.00025002,0.52811098,0.56058830,0.62361228,2.11430144,-0.02440235,-0.25452039,0.74715203
775,0.00129948,0.00000006,0.00024986,0.52867085,0.56058234,0.62360382,2.11429310,-0.02440037,-0.25451580,0.74714804
776,0.00129940,0.00000006,0.00024977,0.52843088,0.56057638,0.62359560,2.11428452,-0.02439999,-0.25451133,0.74714404
777,0.00129905,0.00000006,0.00024953,0.52627158,0.56057036,0.62358731,2.11427617,-0.02439927,-0.25450686,0.74714005
778,0.00129918,0.00000006,0.00024931,0.52879077,0.56056440,0.62357908,2.11426759,-0.02439915,-0.25450242,0.74713606
779,0.00129902,0.00000006,0.00024923,0.52771115,0.56055850,0.62357092,2.11425924,-0.02440119,-0.25449795,0.74713206
780,0.00129875,0.00000006,0.00024905,0.52607167,0.56055260,0.62356293,2.11425114,-0.02440380,-0.25449365,0.74712807
781,0.00129879,0.00000006,0.00024897,0.52703136,0.56054670,0.62355483,2.11424279,-0.02440630,-0.25448918,0.74712408
782,0.00129868,0.00000006,0.00024884,0.52671146,0.56054085,0.62354672,2.11423445,-0.02440774,-0.25448483,0.74712008
783,0.00129879,0.00000006,0.00024871,0.52863085,0.56053495,0.62353855,2.11422610,-0.02440857,-0.25448042,0.74711609
784,0.00129851,0.00000006,0.00024846,0.52715129,0.56052905,0.62353021,2.11421776,-0.02440811,-0.25447595,0.74711210
785,0.00129856,0.00000006,0.00024832,0.52851087,0.56052315,0.62352204,2.11420941,-0.02440884,-0.25447154,0.74710810
786,0.00129811,0.00000006,0.00024809,0.52527189,0.56051725,0.62351394,2.11420107,-0.02440761,-0.25446737,0.74710411
787,0.00129833,0.00000006,0.00024801,0.52803105,0.56051141,0.62350589,2.11419272,-0.02440751,-0.25446337,0.74710011
788,0.00129831,0.00000006,0.00024784,0.52879077,0.56050551,0.62349796,2.11418462,-0.02440740,-0.25445950,0.74709612
789,0.00129812,0.00000006,0.00024769,0.52783108,0.56049961,0.62349010,2.11417627,-0.02440685,-0.25445575,0.74709213
790,0.00129803,0.00000006,0.00024752,0.52791107,0.56049371,0.62348229,2.11416769,-0.02440808,-0.25445199,0.74708813
791,0.00129785,0.00000006,0.00024735,0.52703136,0.56048781,0.62347454,2.11415958,-0.02440834,-0.25444847,0.74708414
792,0.00129771,0.00000006,0.00024726,0.52623159,0.56048191,0.62346685,2.11415124,-0.02440984,-0.25444502,0.74708015
793,0.00129789,0.00000006,0.00024706,0.52915066,0.56047606,0.62345916,2.11414289,-0.02441216,-0.25444144,0.74707615
794,0.00129751,0.00000006,0.00024697,0.52591169,0.56047016,0.62345147,2.11413455,-0.02441445,-0.25443783,0.74707216
795,0.00129750,0.00000006,0.00024683,0.52667147,0.56046432,0.62344390,2.11412644,-0.02441836,-0.25443432,0.74706817
796,0.00129741,0.00000006,0.00024678,0.52615166,0.56045854,0.62343639,2.11411810,-0.02442168,-0.25443089,0.74706417
797,0.00129743,0.00000006,0.00024653,0.52771115,0.56045276,0.62342876,2.11410999,-0.02442431,-0.25442725,0.74706024
798,0.00129723,0.00000006,0.00024645,0.52627158,0.56044692,0.62342113,2.11410165,-0.02442783,-0.25442341,0.74705631
799,0.00129722,0.00000006,0.00024630,0.52695137,0.56044114,0.62341350,2.11409378,-0.02443201,-0.25441965,0.74705237
800,0.00129723,0.00000006,0.00024622,0.52763116,0.56043535,0.62340587,2.11408544,-0.02443627,-0.25441575,0.74704844
801,0.00129710,0.00000006,0.00024601,0.52755117,0.56042957,0.62339824,2.11407733,-0.02444254,-0.25441167,0.74704450
802,0.00129697,0.00000006,0.00024590,0.52695137,0.56042373,0.62339044,2.11406898,-0.02444767,-0.25440753,0.74704057
803,0.00129675,0.00000006,0.00024571,0.52583176,0.56041795,0.62338287,2.11406088,-0.02445537,-0.25440338,0.74703664
804,0.00129660,0.00000006,0.00024572,0.52435219,0.56041217,0.62337530,2.11405253,-0.02446407,-0.25439921,0.74703270
805,0.00129665,0.00000006,0.00024555,0.52583176,0.56040633,0.62336767,2.11404443,-0.02447133,-0.25439495,0.74702877
806,0.00129658,0.00000006,0.00024544,0.52575177,0.56040055,0.62335992,2.11403632,-0.02447848,-0.25439066,0.74702483
807,0.00129651,0.00000006,0.00024529,0.52599168,0.56039476,0.62335217,2.11402798,-0.02448704,-0.25438625,0.74702090
808,0.00129647,0.00000006,0.00024520,0.52615166,0.56038892,0.62334454,2.11402011,-0.02449520,-0.25438187,0.74701697
809,0.00129642,0.00000006,0.00024514,0.52607167,0.56038314,0.62333697,2.11401176,-0.02450508,-0.25437748,0.74701309
810,0.00129620,0.00000006,0.00024502,0.52463210,0.56037736,0.62332940,2.11400366,-0.02451502,-0.25437304,0.74700922
811,0.00129619,0.00000006,0.00024491,0.52519196,0.56037164,0.62332183,2.11399555,-0.02452550,-0.25436860,0.74700534
812,0.00129604,0.00000006,0.00024478,0.52443218,0.56036592,0.62331438,2.11398721,-0.02453483,-0.25436437,0.74700147
813,0.00129621,0.00000006,0.00024472,0.52659148,0.56036019,0.62330699,2.11397934,-0.02454653,-0.25436005,0.74699759
814,0.00129587,0.00000006,0.00024452,0.52431220,0.56035447,0.62329948,2.11397123,-0.02455677,-0.25435570,0.74699372
815,0.00129594,0.00000006,0.00024453,0.52499199,0.56034881,0.62329191,2.11396313,-0.02456616,-0.25435135,0.74698985
816,0.00129578,0.00000006,0.00024437,0.52435219,0.56034309,0.62328434,2.11395526,-0.02457272,-0.25434718,0.74698597
817,0.00129546,0.00000006,0.00024419,0.52219290,0.56033736,0.62327683,2.11394715,-0.02458037,-0.25434303,0.74698210
818,0.00129558,0.00000006,0.00024412,0.52387238,0.56033164,0.62326926,2.11393905,-0.02458670,-0.25433892,0.74697822
819,0.00129562,0.00000006,0.00024407,0.52463210,0.56032592,0.62326163,2.11393094,-0.02459069,-0.25433484,0.74697435
820,0.00129527,0.00000006,0.00024391,0.52207291,0.56032020,0.62325382,2.11392283,-0.02459355,-0.25433072,0.74697047
821,0.00129525,0.00000006,0.00024377,0.52271271,0.56031454,0.62324601,2.11391473,-0.02459532,-0.25432661,0.74696660
822,0.00129527,0.00000006,0.00024364,0.52359247,0.56030881,0.62323827,2.11390686,-0.02459788,-0.25432241,0.74696273
823,0.00129523,0.00000006,0.00024359,0.52359247,0.56030309,0.62323028,2.11389875,-0.02459778,-0.25431809,0.74695885
824,0.00129493,0.00000006,0.00024328,0.52223289,0.56029737,0.62322223,2.11389065,-0.02459638,-0.25431377,0.74695498
825,0.00129509,0.00000006,0.00024315,0.52463210,0.56029177,0.62321419,2.11388278,-0.02459580,-0.25430945,0.74695110
826,0.00129487,0.00000006,0.00024304,0.52307260,0.56028616,0.62320614,2.11387491,-0.02459441,-0.25430512,0.74694723
827,0.00129497,0.00000006,0.00024290,0.52487206,0.56028050,0.62319827,2.11386681,-0.02459492,-0.25430077,0.74694341
828,0.00129489,0.00000006,0.00024279,0.52475208,0.56027490,0.62319046,2.11385894,-0.02459542,-0.25429654,0.74693960
829,0.00129483,0.00000006,0.00024259,0.52523190,0.56026930,0.62318265,2.11385083,-0.02459656,-0.25429249,0.74693573
830,0.00129449,0.00000006,0.00024248,0.52251279,0.56026363,0.62317479,2.11384296,-0.02459461,-0.25428861,0.74693185
831,0.00129473,0.00000006,0.00024237,0.52563179,0.56025803,0.62316704,2.11383510,-0.02459335,-0.25428474,0.74692804
832,0.00129452,0.00000006,0.00024217,0.52463210,0.56025243,0.62315923,2.11382723,-0.02459123,-0.25428081,0.74692422
833,0.00129436,0.00000006,0.00024210,0.52347249,0.56024677,0.62315160,2.11381912,-0.02459148,-0.25427693,0.74692041
834,0.00129430,0.00000006,0.00024201,0.52347249,0.56024116,0.62314397,2.11381125,-0.02459162,-0.25427309,0.74691659
835,0.00129430,0.00000006,0.00024183,0.52443218,0.56023556,0.62313622,2.11380339,-0.02459113,-0.25426924,0.74691278
836,0.00129424,0.00000006,0.00024159,0.52519196,0.56022996,0.62312853,2.11379528,-0.02458765,-0.25426558,0.74690896
837,0.00129427,0.00000006,0.00024146,0.52627158,0.56022429,0.62312078,2.11378741,-0.02458427,-0.25426188,0.74690515
838,0.00129430,0.00000006,0.00024139,0.52695137,0.56021875,0.62311316,2.11377954,-0.02458110,-0.25425830,0.74690133
839,0.00129393,0.00000006,0.00024118,0.52447218,0.56021327,0.62310541,2.11377168,-0.02457734,-0.25425473,0.74689752
840,0.00129383,0.00000006,0.00024101,0.52435219,0.56020772,0.62309766,2.11376405,-0.02457337,-0.25425106,0.74689370
841,0.00129401,0.00000006,0.00024089,0.52691138,0.56020218,0.62309009,2.11375618,-0.02457148,-0.25424752,0.74688989
842,0.00129388,0.00000006,0.00024078,0.52631158,0.56019664,0.62308264,2.11374831,-0.02457056,-0.25424418,0.74688607
843,0.00129348,0.00000006,0.00024054,0.52351248,0.56019109,0.62307525,2.11374044,-0.02456882,-0.25424099,0.74688226
844,0.00129374,0.00000006,0.00024047,0.52663147,0.56018561,0.62306780,2.11373281,-0.02456698,-0.25423777,0.74687845
845,0.00129365,0.00000006,0.00024047,0.52587169,0.56018007,0.62306029,2.11372495,-0.02456488,-0.25423449,0.74687463
846,0.00129339,0.00000006,0.00024028,0.52423227,0.56017452,0.62305301,2.11371708,-0.02456478,-0.25423133,0.74687082
847,0.00129359,0.00000006,0.00024004,0.52755117,0.56016898,0.62304568,2.11370921,-0.02456381,-0.25422823,0.74686700
848,0.00129327,0.00000006,0.00023996,0.52487206,0.56016344,0.62303841,2.11370158,-0.02456252,-0.25422516,0.74686319
849,0.00129312,0.00000006,0.00023978,0.52435219,0.56015790,0.62303114,2.11369371,-0.02456153,-0.25422218,0.74685937
850,0.00129310,0.00000006,0.00023969,0.52471209,0.56015247,0.62302393,2.11368608,-0.02456277,-0.25421920,0.74685556
851,0.00129319,0.00000006,0.00023958,0.52627158,0.56014705,0.62301689,2.11367846,-0.02456397,-0.25421637,0.74685174
852,0.00129291,0.00000006,0.00023944,0.52431220,0.56014162,0.62300986,2.11367059,-0.02456673,-0.25421348,0.74684793
853,0.00129271,0.00000006,0.00023930,0.52303261,0.56013614,0.62300295,2.11366296,-0.02457054,-0.25421074,0.74684411
854,0.00129279,0.00000006,0.00023921,0.52439219,0.56013072,0.62299597,2.11365533,-0.02457331,-0.25420797,0.74684030
855,0.00129278,0.00000006,0.00023918,0.52455217,0.56012529,0.62298906,2.11364770,-0.02457763,-0.25420520,0.74683648
856,0.00129270,0.00000006,0.00023906,0.52451217,0.56011981,0.62298232,2.11363983,-0.02458244,-0.25420260,0.74683267
857,0.00129267,0.00000006,0.00023884,0.52531189,0.56011438,0.62297547,2.11363220,-0.02458566,-0.25420007,0.74682885
858,0.00129240,0.00000006,0.00023888,0.52259278,0.56010896,0.62296849,2.11362457,-0.02458673,-0.25419742,0.74682504
859,0.00129256,0.00000006,0.00023869,0.52519196,0.56010348,0.62296134,2.11361694,-0.02458400,-0.25419462,0.74682128
860,0.00129249,0.00000006,0.00023861,0.52507198,0.56009805,0.62295425,2.11360908,-0.02458282,-0.25419196,0.74681753
861,0.00129243,0.00000006,0.00023846,0.52531189,0.56009263,0.62294734,2.11360145,-0.02458232,-0.25418940,0.74681377
862,0.00129229,0.00000006,0.00023828,0.52491206,0.56008720,0.62294048,2.11359382,-0.02458261,-0.25418693,0.74681002
863,0.00129218,0.00000006,0.00023814,0.52455217,0.56008172,0.62293369,2.11358619,-0.02458447,-0.25418440,0.74680626
864,0.00129214,0.00000006,0.00023802,0.52479208,0.56007636,0.62292695,2.11357856,-0.02458645,-0.25418192,0.74680251
865,0.00129226,0.00000006,0.00023790,0.52671146,0.56007105,0.62292022,2.11357093,-0.02458968,-0.25417945,0.74679875
866,0.00129203,0.00000006,0.00023789,0.52459216,0.56006569,0.62291360,2.11356330,-0.02459473,-0.25417700,0.74679500
867,0.00129198,0.00000006,0.00023774,0.52495199,0.56006032,0.62290704,2.11355591,-0.02459956,-0.25417456,0.74679124
868,0.00129187,0.00000006,0.00023778,0.52375239,0.56005496,0.62290049,2.11354852,-0.02460545,-0.25417221,0.74678749
869,0.00129201,0.00000006,0.00023761,0.52611166,0.56004959,0.62289405,2.11354065,-0.02461223,-0.25416991,0.74678373
870,0.00129183,0.00000006,0.00023758,0.52459216,0.56004429,0.62288755,2.11353326,-0.02461840,-0.25416762,0.74677998
871,0.00129179,0.00000006,0.00023743,0.52495199,0.56003892,0.62288105,2.11352563,-0.02462374,-0.25416532,0.74677622
872,0.00129161,0.00000006,0.00023720,0.52439219,0.56003356,0.62287450,2.11351800,-0.02462900,-0.25416300,0.74677247
873,0.00129152,0.00000006,0.00023722,0.52355248,0.56002820,0.62286788,2.11351061,-0.02463330,-0.25416058,0.74676871
874,0.00129141,0.00000006,0.00023711,0.52307260,0.56002283,0.62286127,2.11350298,-0.02463759,-0.25415817,0.74676496
875,0.00129155,0.00000006,0.00023700,0.52511197,0.56001753,0.62285483,2.11349559,-0.02464467,-0.25415584,0.74676120
876,0.00129128,0.00000006,0.00023692,0.52291268,0.56001216,0.62284833,2.11348772,-0.02465139,-0.25415343,0.74675745
877,0.00129128,0.00000006,0.00023683,0.52339250,0.56000680,0.62284184,2.11348033,-0.02465731,-0.25415108,0.74675369
878,0.00129114,0.00000006,0.00023672,0.52263278,0.56000143,0.62283522,2.11347270,-0.02466129,-0.25414869,0.74674994
879,0.00129114,0.00000006,0.00023661,0.52331257,0.55999607,0.62282860,2.11346507,-0.02466394,-0.25414643,0.74674618
880,0.00129111,0.00000006,0.00023653,0.52347249,0.55999076,0.62282193,2.11345768,-0.02466552,-0.25414416,0.74674243
881,0.00129126,0.00000006,0.00023651,0.52519196,0.55998546,0.62281519,2.11345029,-0.02466814,-0.25414184,0.74673867
882,0.00129098,0.00000006,0.00023633,0.52335250,0.55998021,0.62280869,2.11344266,-0.02467063,-0.25413975,0.74673492
883,0.00129086,0.00000006,0.00023623,0.52275270,0.55997497,0.62280202,2.11343551,-0.02466964,-0.25413775,0.74673116
884,0.00129071,0.00000006,0.00023611,0.52195299,0.55996966,0.62279540,2.11342788,-0.02466975,-0.25413579,0.74672741
885,0.00129081,0.00000006,0.00023591,0.52407229,0.55996442,0.62278885,2.11342049,-0.02466980,-0.25413394,0.74672365
886,0.00129069,0.00000006,0.00023583,0.52335250,0.55995917,0.62278235,2.11341310,-0.02466873,-0.25413221,0.74671990
887,0.00129046,0.00000006,0.00023573,0.52167308,0.55995387,0.62277573,2.11340547,-0.02466675,-0.25413045,0.74671614
888,0.00129065,0.00000006,0.00023560,0.52427226,0.55994862,0.62276906,2.11339831,-0.02466285,-0.25412872,0.74671239
889,0.00129043,0.00000006,0.00023546,0.52283269,0.55994338,0.62276244,2.11339068,-0.02465988,-0.25412697,0.74670863
890,0.00129049,0.00000006,0.00023529,0.52435219,0.55993813,0.62275571,2.11338329,-0.02465407,-0.25412533,0.74670488
891,0.00129034,0.00000006,0.00023516,0.52355248,0.55993283,0.62274897,2.11337590,-0.02464778,-0.25412366,0.74670118
892,0.00129024,0.00000006,0.00023498,0.52355248,0.55992758,0.62274224,2.11336827,-0.02464037,-0.25412199,0.74669749
893,0.00129034,0.00000006,0.00023492,0.52491206,0.55992234,0.62273562,2.11336112,-0.02463429,-0.25412032,0.74669379
894,0.00129019,0.00000006,0.00023472,0.52447218,0.55991703,0.62272894,2.11335349,-0.02462777,-0.25411874,0.74669009
895,0.00129025,0.00000006,0.00023465,0.52551186,0.55991191,0.62272239,2.11334634,-0.02462195,-0.25411716,0.74668640
896,0.00129000,0.00000005,0.00023449,0.52391237,0.55990672,0.62271571,2.11333895,-0.02461638,-0.25411555,0.74668270
897,0.00128996,0.00000005,0.00023434,0.52431220,0.55990154,0.62270916,2.11333179,-0.02461103,-0.25411394,0.74667901
898,0.00128993,0.00000005,0.00023416,0.52495199,0.55989635,0.62270254,2.11332440,-0.02460419,-0.25411245,0.74667531
899,0.00128974,0.00000005,0.00023410,0.52351248,0.55989116,0.62269604,2.11331701,-0.02460015,-0.25411105,0.74667162
900,0.00128981,0.00000005,0.00023396,0.52491206,0.55988604,0.62268972,2.11330962,-0.02459726,-0.25410962,0.74666792
901,0.00128965,0.00000005,0.00023383,0.52407229,0.55988085,0.62268341,2.11330247,-0.02459521,-0.25410825,0.74666423
902,0.00128992,0.00000005,0.00023382,0.52691138,0.55987567,0.62267709,2.11329508,-0.02459376,-0.25410682,0.74666053
903,0.00128970,0.00000005,0.00023363,0.52571177,0.55987048,0.62267065,2.11328793,-0.02459219,-0.25410521,0.74665684
904,0.00128957,0.00000005,0.00023340,0.52567178,0.55986530,0.62266415,2.11328053,-0.02458862,-0.25410366,0.74665314
905,0.00128956,0.00000005,0.00023338,0.52579176,0.55986017,0.62265784,2.11327314,-0.02458625,-0.25410226,0.74664944
906,0.00128962,0.00000005,0.00023327,0.52695137,0.55985498,0.62265140,2.11326575,-0.02458340,-0.25410077,0.74664575
907,0.00128949,0.00000005,0.00023320,0.52607167,0.55984986,0.62264520,2.11325860,-0.02458367,-0.25409937,0.74664205
908,0.00128942,0.00000005,0.00023299,0.52647156,0.55984479,0.62263900,2.11325145,-0.02458440,-0.25409794,0.74663836
909,0.00128925,0.00000005,0.00023291,0.52527189,0.55983973,0.62263286,2.11324430,-0.02458557,-0.25409642,0.74663472
910,0.00128930,0.00000005,0.00023280,0.52639157,0.55983466,0.62262678,2.11323714,-0.02458794,-0.25409490,0.74663109
911,0.00128906,0.00000005,0.00023273,0.52443218,0.55982953,0.62262076,2.11322999,-0.02459158,-0.25409341,0.74662745
912,0.00128922,0.00000005,0.00023272,0.52619159,0.55982447,0.62261486,2.11322284,-0.02459714,-0.25409192,0.74662381
913,0.00128885,0.00000005,0.00023255,0.52335250,0.55981940,0.62260902,2.11321545,-0.02460255,-0.25409052,0.74662018
914,0.00128891,0.00000005,0.00023246,0.52459216,0.55981427,0.62260312,2.11320829,-0.02460854,-0.25408909,0.74661654
915,0.00128868,0.00000005,0.00023238,0.52275270,0.55980921,0.62259728,2.11320114,-0.02461550,-0.25408769,0.74661291
916,0.00128875,0.00000005,0.00023243,0.52331257,0.55980414,0.62259161,2.11319399,-0.02462453,-0.25408632,0.74660927
917,0.00128877,0.00000005,0.00023232,0.52411228,0.55979908,0.62258601,2.11318684,-0.02463394,-0.25408503,0.74660563
918,0.00128862,0.00000005,0.00023219,0.52335250,0.55979395,0.62258035,2.11317968,-0.02464073,-0.25408396,0.74660200
919,0.00128864,0.00000005,0.00023219,0.52363247,0.55978888,0.62257469,2.11317253,-0.02464624,-0.25408295,0.74659836
920,0.00128847,0.00000005,0.00023210,0.52243280,0.55978382,0.62256902,2.11316538,-0.02465297,-0.25408185,0.74659473
921,0.00128858,0.00000005,0.00023200,0.52411228,0.55977881,0.62256342,2.11315823,-0.02466048,-0.25408074,0.74659109
922,0.00128837,0.00000005,0.00023196,0.52231288,0.55977380,0.62255776,2.11315131,-0.02466707,-0.25407958,0.74658746
923,0.00128845,0.00000005,0.00023189,0.52355248,0.55976880,0.62255216,2.11314416,-0.02467577,-0.25407839,0.74658382
924,0.00128829,0.00000005,0.00023179,0.52251279,0.55976379,0.62254655,2.11313725,-0.02468423,-0.25407726,0.74658018
925,0.00128833,0.00000005,0.00023182,0.52287269,0.55975884,0.62254083,2.11313009,-0.02469032,-0.25407612,0.74657655
926,0.00128821,0.00000005,0.00023166,0.52251279,0.55975384,0.62253511,2.11312294,-0.02469542,-0.25407502,0.74657291
927,0.00128807,0.00000005,0.00023161,0.52143312,0.55974883,0.62252927,2.11311603,-0.02469908,-0.25407389,0.74656928
928,0.00128804,0.00000005,0.00023148,0.52195299,0.55974382,0.62252343,2.11310911,-0.02470237,-0.25407282,0.74656564
929,0.00128787,0.00000005,0.00023139,0.52075338,0.55973881,0.62251747,2.11310196,-0.02470396,-0.25407162,0.74656200
930,0.00128769,0.00000005,0.00023129,0.51947379,0.55973387,0.62251163,2.11309481,-0.02470523,-0.25407058,0.74655837
931,0.00128798,0.00000005,0.00023122,0.52283269,0.55972886,0.62250572,2.11308765,-0.02470585,-0.25406960,0.74655473
932,0.00128784,0.00000005,0.00023104,0.52239281,0.55972385,0.62249964,2.11308074,-0.02470282,-0.25406864,0.74655110
933,0.00128787,0.00000005,0.00023102,0.52287269,0.55971885,0.62249362,2.11307383,-0.02469999,-0.25406769,0.74654746
934,0.00128792,0.00000005,0.00023089,0.52411228,0.55971390,0.62248755,2.11306667,-0.02469564,-0.25406682,0.74654382
935,0.00128755,0.00000005,0.00023075,0.52111322,0.55970889,0.62248152,2.11305952,-0.02469200,-0.25406605,0.74654019
936,0.00128752,0.00000005,0.00023064,0.52147311,0.55970389,0.62247556,2.11305237,-0.02468756,-0.25406542,0.74653655
937,0.00128770,0.00000005,0.00023051,0.52399230,0.55969888,0.62246972,2.11304545,-0.02468521,-0.25406480,0.74653292
938,0.00128776,0.00000005,0.00023050,0.52471209,0.55969387,0.62246394,2.11303854,-0.02468352,-0.25406435,0.74652928
939,0.00128742,0.00000005,0.00023037,0.52207291,0.55968893,0.62245810,2.11303139,-0.02468104,-0.25406370,0.74652565
940,0.00128737,0.00000005,0.00023016,0.52259278,0.55968392,0.62245190,2.11302447,-0.02467681,-0.25406277,0.74652201
941,0.00128741,0.00000005,0.00023007,0.52355248,0.55967891,0.62244576,2.11301732,-0.02467255,-0.25406173,0.74651837
942,0.00128730,0.00000005,0.00022997,0.52299267,0.55967391,0.62243950,2.11301017,-0.02466854,-0.25406054,0.74651474
943,0.00128720,0.00000005,0.00022982,0.52283269,0.55966890,0.62243325,2.11300325,-0.02466471,-0.25405926,0.74651110
944,0.00128698,0.00000005,0.00022978,0.52091330,0.55966395,0.62242717,2.11299610,-0.02466362,-0.25405803,0.74650747
945,0.00128693,0.00000005,0.00022968,0.52099329,0.55965894,0.62242091,2.11298919,-0.02466060,-0.25405666,0.74650383
946,0.00128686,0.00000005,0.00022947,0.52131319,0.55965394,0.62241447,2.11298203,-0.02465627,-0.25405505,0.74650025
947,0.00128717,0.00000005,0.00022949,0.52447218,0.55964893,0.62240833,2.11297488,-0.02465436,-0.25405353,0.74649668
948,0.00128715,0.00000005,0.00022923,0.52555180,0.55964392,0.62240219,2.11296797,-0.02465421,-0.25405198,0.74649310
949,0.00128697,0.00000005,0.00022911,0.52447218,0.55963898,0.62239611,2.11296082,-0.02465493,-0.25405043,0.74648952
950,0.00128695,0.00000005,0.00022916,0.52407229,0.55963397,0.62238991,2.11295390,-0.02465504,-0.25404876,0.74648595
951,0.00128685,0.00000005,0.00022904,0.52375239,0.55962896,0.62238371,2.11294675,-0.02465457,-0.25404713,0.74648237
952,0.00128666,0.00000005,0.00022888,0.52271271,0.55962396,0.62237757,2.11293960,-0.02465291,-0.25404572,0.74647880
953,0.00128682,0.00000005,0.00022876,0.52499199,0.55961901,0.62237149,2.11293268,-0.02465308,-0.25404429,0.74647522
954,0.00128663,0.00000005,0.00022876,0.52319258,0.55961400,0.62236559,2.11292553,-0.02465414,-0.25404298,0.74647164
955,0.00128652,0.00000005,0.00022868,0.52255279,0.55960900,0.62235963,2.11291862,-0.02465492,-0.25404179,0.74646807
956,0.00128649,0.00000005,0.00022849,0.52327257,0.55960411,0.62235391,2.11291146,-0.02465818,-0.25404060,0.74646449
957,0.00128641,0.00000005,0.00022846,0.52263278,0.55959916,0.62234807,2.11290455,-0.02465902,-0.25403959,0.74646091
958,0.00128646,0.00000005,0.00022844,0.52335250,0.55959427,0.62234247,2.11289787,-0.02466253,-0.25403866,0.74645734
959,0.00128634,0.00000005,0.00022827,0.52307260,0.55958939,0.62233680,2.11289072,-0.02466538,-0.25403783,0.74645376
960,0.00128634,0.00000005,0.00022816,0.52367240,0.55958450,0.62233114,2.11288381,-0.02466586,-0.25403714,0.74645019
961,0.00128626,0.00000005,0.00022810,0.52323258,0.55957955,0.62232554,2.11287689,-0.02466551,-0.25403658,0.74644661
962,0.00128616,0.00000005,0.00022800,0.52283269,0.55957466,0.62231982,2.11286998,-0.02466637,-0.25403589,0.74644303
963,0.00128618,0.00000005,0.00022787,0.52367240,0.55956978,0.62231416,2.11286306,-0.02466630,-0.25403509,0.74643946
964,0.00128619,0.00000005,0.00022792,0.52375239,0.55956483,0.62230837,2.11285615,-0.02466605,-0.25403431,0.74643588
965,0.00128580,0.00000005,0.00022776,0.52067339,0.55955994,0.62230265,2.11284924,-0.02466784,-0.25403336,0.74643230
966,0.00128624,0.00000005,0.00022778,0.52507198,0.55955505,0.62229687,2.11284232,-0.02466966,-0.25403237,0.74642873
967,0.00128601,0.00000005,0.00022750,0.52415228,0.55955017,0.62229109,2.11283541,-0.02467096,-0.25403139,0.74642515
968,0.00128578,0.00000005,0.00022742,0.52227288,0.55954522,0.62228537,2.11282849,-0.02467199,-0.25403044,0.74642158
969,0.00128576,0.00000005,0.00022742,0.52223289,0.55954033,0.62227941,2.11282158,-0.02467243,-0.25402924,0.74641800
970,0.00128572,0.00000005,0.00022729,0.52251279,0.55953550,0.62227345,2.11281466,-0.02467255,-0.25402793,0.74641442
971,0.00128581,0.00000005,0.00022727,0.52359247,0.55953068,0.62226748,2.11280799,-0.02467266,-0.25402671,0.74641085
972,0.00128571,0.00000005,0.00022714,0.52327257,0.55952591,0.62226158,2.11280131,-0.02467384,-0.25402552,0.74640727
973,0.00128576,0.00000005,0.00022709,0.52415228,0.55952108,0.62225580,2.11279440,-0.02467628,-0.25402439,0.74640369
974,0.00128548,0.00000005,0.00022702,0.52175301,0.55951625,0.62224996,2.11278772,-0.02467783,-0.25402328,0.74640012
975,0.00128540,0.00000005,0.00022685,0.52187300,0.55951142,0.62224412,2.11278081,-0.02467814,-0.25402209,0.74639660
976,0.00128549,0.00000005,0.00022664,0.52383238,0.55950660,0.62223834,2.11277390,-0.02467943,-0.25402099,0.74639308
977,0.00128548,0.00000005,0.00022677,0.52315259,0.55950183,0.62223262,2.11276722,-0.02468067,-0.25401992,0.74638957
978,0.00128539,0.00000005,0.00022659,0.52323258,0.55949700,0.62222695,2.11276031,-0.02468274,-0.25401890,0.74638605
979,0.00128529,0.00000005,0.00022656,0.52251279,0.55949217,0.62222117,2.11275363,-0.02468325,-0.25401774,0.74638253
980,0.00128538,0.00000005,0.00022646,0.52391237,0.55948734,0.62221539,2.11274672,-0.02468327,-0.25401673,0.74637902
981,0.00128527,0.00000005,0.00022631,0.52363247,0.55948257,0.62220955,2.11274004,-0.02468473,-0.25401542,0.74637550
982,0.00128516,0.00000005,0.00022639,0.52227288,0.55947775,0.62220359,2.11273313,-0.02468533,-0.25401393,0.74637198
983,0.00128514,0.00000005,0.00022613,0.52331257,0.55947292,0.62219751,2.11272645,-0.02468415,-0.25401244,0.74636847
984,0.00128491,0.00000005,0.00022615,0.52103329,0.55946809,0.62219149,2.11271954,-0.02468291,-0.25401095,0.74636495
985,0.00128498,0.00000005,0.00022592,0.52287269,0.55946326,0.62218547,2.11271262,-0.02468197,-0.25400954,0.74636143
986,0.00128502,0.00000005,0.00022593,0.52343249,0.55945849,0.62217957,2.11270595,-0.02468278,-0.25400820,0.74635792
987,0.00128501,0.00000005,0.00022577,0.52407229,0.55945367,0.62217361,2.11269903,-0.02468143,-0.25400698,0.74635440
988,0.00128462,0.00000005,0.00022567,0.52079332,0.55944884,0.62216765,2.11269236,-0.02467940,-0.25400579,0.74635088
989,0.00128486,0.00000005,0.00022564,0.52339250,0.55944401,0.62216181,2.11268544,-0.02467747,-0.25400481,0.74634737
990,0.00128494,0.00000005,0.00022541,0.52531189,0.55943924,0.62215596,2.11267877,-0.02467519,-0.25400391,0.74634385
991,0.00128488,0.00000005,0.00022544,0.52471209,0.55943441,0.62215024,2.11267185,-0.02467393,-0.25400305,0.74634033
992,0.00128437,0.00000005,0.00022524,0.52063340,0.55942959,0.62214452,2.11266518,-0.02467182,-0.25400230,0.74633682
993,0.00128449,0.00000005,0.00022521,0.52211291,0.55942488,0.62213856,2.11265850,-0.02466760,-0.25400138,0.74633330
994,0.00128433,0.00000005,0.00022504,0.52135319,0.55942011,0.62213266,2.11265182,-0.02466301,-0.25400054,0.74632978
995,0.00128446,0.00000005,0.00022504,0.52271271,0.55941540,0.62212676,2.11264515,-0.02465744,-0.25399971,0.74632627
996,0.00128438,0.00000005,0.00022489,0.52271271,0.55941069,0.62212086,2.11263847,-0.02465279,-0.25399888,0.74632275
997,0.00128427,0.00000005,0.00022483,0.52199298,0.55940598,0.62211508,2.11263180,-0.02465025,-0.25399807,0.74631923
998,0.00128422,0.00000005,0.00022469,0.52227288,0.55940121,0.62210935,2.11262512,-0.02464706,-0.25399747,0.74631572
999,0.00128434,0.00000005,0.00022462,0.52383238,0.55939651,0.62210363,2.11261845,-0.02464414,-0.25399685,0.74631220
1000,0.00128414,0.00000005,0.00022457,0.52215290,0.55939180,0.62209803,2.11261177,-0.02464247,-0.25399625,0.74630868
1001,0.00128434,0.00000005,0.00022450,0.52459216,0.55938703,0.62209249,2.11260509,-0.02464090,-0.25399587,0.74630517
1002,0.00128428,0.00000005,0.00022434,0.52479208,0.55938232,0.62208694,2.11259842,-0.02464147,-0.25399527,0.74630165
1003,0.00128403,0.00000005,0.00022421,0.52299267,0.55937761,0.62208140,2.11259174,-0.02464247,-0.25399455,0.74629813
1004,0.00128383,0.00000005,0.00022419,0.52123320,0.55937290,0.62207562,2.11258507,-0.02463991,-0.25399378,0.74629462
1005,0.00128392,0.00000005,0.00022398,0.52315259,0.55936813,0.62206990,2.11257839,-0.02463791,-0.25399303,0.74629110
1006,0.00128412,0.00000005,0.00022394,0.52543187,0.55936342,0.62206435,2.11257172,-0.02463874,-0.25399241,0.74628758
1007,0.00128399,0.00000005,0.00022390,0.52435219,0.55935872,0.62205869,2.11256504,-0.02463681,-0.25399175,0.74628407
1008,0.00128396,0.00000005,0.00022377,0.52483207,0.55935401,0.62205291,2.11255836,-0.02463434,-0.25399098,0.74628055
1009,0.00128397,0.00000005,0.00022377,0.52495199,0.55934924,0.62204719,2.11255169,-0.02463096,-0.25399032,0.74627703
1010,0.00128382,0.00000005,0.00022359,0.52443218,0.55934453,0.62204146,2.11254501,-0.02462888,-0.25398964,0.74627352
1011,0.00128363,0.00000005,0.00022348,0.52315259,0.55933982,0.62203586,2.11253834,-0.02462821,-0.25398889,0.74627000
1012,0.00128361,0.00000005,0.00022344,0.52315259,0.55933505,0.62203008,2.11253166,-0.02462779,-0.25398791,0.74626648
1013,0.00128338,0.00000005,0.00022328,0.52175301,0.55933034,0.62202430,2.11252499,-0.02462631,-0.25398704,0.74626297
1014,0.00128358,0.00000005,0.00022327,0.52387238,0.55932570,0.62201869,2.11251831,-0.02462552,-0.25398639,0.74625945
1015,0.00128359,0.00000005,0.00022313,0.52467209,0.55932111,0.62201309,2.11251187,-0.02462489,-0.25398570,0.74625593
1016,0.00128333,0.00000005,0.00022305,0.52251279,0.55931646,0.62200761,2.11250544,-0.02462609,-0.25398502,0.74625248
1017,0.00128334,0.00000005,0.00022299,0.52303261,0.55931181,0.62200224,2.11249900,-0.02462818,-0.25398433,0.74624902
1018,0.00128341,0.00000005,0.00022294,0.52403229,0.55930716,0.62199676,2.11249232,-0.02462928,-0.25398391,0.74624550
1019,0.00128319,0.00000005,0.00022286,0.52231288,0.55930251,0.62199146,2.11248589,-0.02463012,-0.25398347,0.74624205
1020,0.00128345,0.00000005,0.00022277,0.52543187,0.55929792,0.62198609,2.11247921,-0.02463212,-0.25398293,0.74623859
1021,0.00128323,0.00000005,0.00022266,0.52379239,0.55929327,0.62198067,2.11247277,-0.02463495,-0.25398213,0.74623513
1022,0.00128317,0.00000005,0.00022264,0.52339250,0.55928862,0.62197524,2.11246610,-0.02463576,-0.25398150,0.74623168
1023,0.00128308,0.00000005,0.00022256,0.52291268,0.55928397,0.62196982,2.11245966,-0.02463774,-0.25398079,0.74622822
1024,0.00128295,0.00000005,0.00022251,0.52199298,0.55927938,0.62196434,2.11245298,-0.02463752,-0.25398016,0.74622476
1025,0.00128293,0.00000005,0.00022245,0.52211291,0.55927473,0.62195879,2.11244655,-0.02463542,-0.25397962,0.74622130
1026,0.00128297,0.00000005,0.00022234,0.52307260,0.55927008,0.62195319,2.11243987,-0.02463227,-0.25397912,0.74621785
1027,0.00128299,0.00000005,0.00022225,0.52375239,0.55926555,0.62194771,2.11243343,-0.02463008,-0.25397867,0.74621439
1028,0.00128295,0.00000005,0.00022211,0.52419227,0.55926096,0.62194222,2.11242700,-0.02462767,-0.25397825,0.74621093
1029,0.00128287,0.00000005,0.00022207,0.52359247,0.55925643,0.62193674,2.11242080,-0.02462632,-0.25397778,0.74620748
1030,0.00128280,0.00000005,0.00022199,0.52335250,0.55925190,0.62193137,2.11241412,-0.02462751,-0.25397721,0.74620402
1031,0.00128282,0.00000005,0.00022198,0.52371240,0.55924737,0.62192595,2.11240768,-0.02462915,-0.25397655,0.74620056
1032,0.00128287,0.00000005,0.00022185,0.52487206,0.55924278,0.62192070,2.11240125,-0.02463279,-0.25397578,0.74619716
1033,0.00128279,0.00000005,0.00022175,0.52463210,0.55923826,0.62191534,2.11239481,-0.02463381,-0.25397512,0.74619377
1034,0.00128260,0.00000005,0.00022171,0.52299267,0.55923373,0.62190986,2.11238861,-0.02463348,-0.25397441,0.74619037
1035,0.00128272,0.00000005,0.00022174,0.52415228,0.55922920,0.62190455,2.11238217,-0.02463466,-0.25397378,0.74618697
1036,0.00128265,0.00000005,0.00022155,0.52443218,0.55922461,0.62189919,2.11237574,-0.02463652,-0.25397301,0.74618357
1037,0.00128243,0.00000005,0.00022151,0.52251279,0.55922008,0.62189364,2.11236930,-0.02463659,-0.25397205,0.74618018
1038,0.00128246,0.00000005,0.00022142,0.52331257,0.55921561,0.62188804,2.11236286,-0.02463687,-0.25397104,0.74617678
1039,0.00128244,0.00000005,0.00022133,0.52363247,0.55921113,0.62188250,2.11235666,-0.02463780,-0.25396994,0.74617338
1040,0.00128239,0.00000005,0.00022131,0.52327257,0.55920672,0.62187690,2.11235023,-0.02463847,-0.25396883,0.74616998
1041,0.00128232,0.00000005,0.00022119,0.52319258,0.55920225,0.62187123,2.11234403,-0.02463833,-0.25396770,0.74616659
1042,0.00128227,0.00000005,0.00022120,0.52279270,0.55919778,0.62186551,2.11233783,-0.02463798,-0.25396648,0.74616319
1043,0.00128236,0.00000005,0.00022107,0.52439219,0.55919331,0.62185985,2.11233139,-0.02463683,-0.25396544,0.74615979
1044,0.00128225,0.00000005,0.00022098,0.52375239,0.55918884,0.62185419,2.11232519,-0.02463533,-0.25396425,0.74615645
1045,0.00128217,0.00000005,0.00022090,0.52335250,0.55918443,0.62184840,2.11231899,-0.02463219,-0.25396296,0.74615312
1046,0.00128191,0.00000005,0.00022081,0.52131319,0.55917996,0.62184274,2.11231256,-0.02462969,-0.25396183,0.74614978
1047,0.00128226,0.00000005,0.00022070,0.52543187,0.55917549,0.62183714,2.11230636,-0.02462698,-0.25396088,0.74614644
1048,0.00128214,0.00000005,0.00022063,0.52455217,0.55917102,0.62183148,2.11230016,-0.02462151,-0.25396001,0.74614310
1049,0.00128196,0.00000005,0.00022049,0.52347249,0.55916661,0.62182564,2.11229372,-0.02461360,-0.25395912,0.74613976
1050,0.00128208,0.00000005,0.00022045,0.52495199,0.55916214,0.62181979,2.11228728,-0.02460703,-0.25395817,0.74613643
1051,0.00128191,0.00000005,0.00022035,0.52383238,0.55915767,0.62181419,2.11228108,-0.02460310,-0.25395721,0.74613309
1052,0.00128174,0.00000005,0.00022028,0.52259278,0.55915332,0.62180865,2.11227489,-0.02460061,-0.25395644,0.74612975
1053,0.00128182,0.00000005,0.00022021,0.52371240,0.55914891,0.62180322,2.11226892,-0.02459900,-0.25395566,0.74612641
1054,0.00128164,0.00000005,0.00022007,0.52271271,0.55914456,0.62179768,2.11226249,-0.02459632,-0.25395492,0.74612308
1055,0.00128185,0.00000005,0.00022000,0.52519196,0.55914021,0.62179244,2.11225653,-0.02459528,-0.25395438,0.74611974
1056,0.00128163,0.00000005,0.00021988,0.52363247,0.55913585,0.62178707,2.11225033,-0.02459610,-0.25395355,0.74611640
1057,0.00128191,0.00000005,0.00021991,0.52639157,0.55913144,0.62178177,2.11224413,-0.02459903,-0.25395274,0.74611306
1058,0.00128152,0.00000005,0.00021986,0.52275270,0.55912709,0.62177658,2.11223793,-0.02460143,-0.25395200,0.74610972
1059,0.00128182,0.00000005,0.00021979,0.52619159,0.55912274,0.62177122,2.11223173,-0.02460326,-0.25395113,0.74610639
1060,0.00128158,0.00000005,0.00021971,0.52423227,0.55911839,0.62176597,2.11222553,-0.02460574,-0.25395030,0.74610305
1061,0.00128124,0.00000005,0.00021969,0.52099329,0.55911398,0.62176096,2.11221933,-0.02461282,-0.25394955,0.74609971
1062,0.00128145,0.00000005,0.00021967,0.52327257,0.55910963,0.62175596,2.11221337,-0.02462049,-0.25394872,0.74609637
1063,0.00128153,0.00000005,0.00021958,0.52463210,0.55910528,0.62175095,2.11220694,-0.02462929,-0.25394788,0.74609303
1064,0.00128142,0.00000005,0.00021965,0.52327257,0.55910087,0.62174606,2.11220098,-0.02464003,-0.25394699,0.74608970
1065,0.00128135,0.00000005,0.00021960,0.52287269,0.55909652,0.62174094,2.11219478,-0.02464724,-0.25394604,0.74608636
1066,0.00128118,0.00000005,0.00021948,0.52179301,0.55909216,0.62173569,2.11218858,-0.02465230,-0.25394502,0.74608302
1067,0.00128111,0.00000005,0.00021944,0.52139318,0.55908781,0.62173045,2.11218238,-0.02465722,-0.25394404,0.74607968
1068,0.00128119,0.00000005,0.00021940,0.52247280,0.55908340,0.62172508,2.11217618,-0.02466081,-0.25394300,0.74607635
1069,0.00128118,0.00000005,0.00021938,0.52251279,0.55907905,0.62171972,2.11216998,-0.02466508,-0.25394180,0.74607301
1070,0.00128090,0.00000005,0.00021925,0.52039349,0.55907470,0.62171447,2.11216402,-0.02466930,-0.25394085,0.74606967
1071,0.00128086,0.00000005,0.00021926,0.52011359,0.55907029,0.62170923,2.11215758,-0.02467283,-0.25393990,0.74606633
1072,0.00128121,0.00000005,0.00021918,0.52399230,0.55906594,0.62170374,2.11215162,-0.02467478,-0.25393885,0.74606299
1073,0.00128104,0.00000005,0.00021914,0.52259278,0.55906159,0.62169832,2.11214542,-0.02467637,-0.25393787,0.74605966
1074,0.00128113,0.00000005,0.00021906,0.52395236,0.55905730,0.62169307,2.11213923,-0.02467872,-0.25393701,0.74605632
1075,0.00128094,0.00000005,0.00021903,0.52223289,0.55905300,0.62168777,2.11213350,-0.02467927,-0.25393629,0.74605298
1076,0.00128075,0.00000005,0.00021896,0.52075338,0.55904877,0.62168241,2.11212730,-0.02467905,-0.25393552,0.74604964
1077,0.00128093,0.00000005,0.00021896,0.52263278,0.55904448,0.62167692,2.11212111,-0.02467689,-0.25393456,0.74604636
1078,0.00128081,0.00000005,0.00021879,0.52231288,0.55904019,0.62167132,2.11211514,-0.02467386,-0.25393346,0.74604309
1079,0.00128084,0.00000005,0.00021870,0.52311260,0.55903590,0.62166560,2.11210918,-0.02466989,-0.25393221,0.74603981
1080,0.00128046,0.00000005,0.00021867,0.51955372,0.55903161,0.62165987,2.11210299,-0.02466748,-0.25393078,0.74603653
1081,0.00128070,0.00000005,0.00021865,0.52211291,0.55902737,0.62165415,2.11209702,-0.02466816,-0.25392929,0.74603325
1082,0.00128059,0.00000005,0.00021848,0.52191299,0.55902308,0.62164867,2.11209106,-0.02466998,-0.25392792,0.74602997
1083,0.00128083,0.00000005,0.00021847,0.52439219,0.55901879,0.62164330,2.11208510,-0.02467308,-0.25392658,0.74602669
1084,0.00128074,0.00000005,0.00021835,0.52411228,0.55901450,0.62163794,2.11207891,-0.02467625,-0.25392538,0.74602342
1085,0.00128066,0.00000005,0.00021841,0.52311260,0.55901027,0.62163264,2.11207294,-0.02467811,-0.25392443,0.74602014
1086,0.00128073,0.00000005,0.00021828,0.52451217,0.55900598,0.62162733,2.11206698,-0.02468032,-0.25392339,0.74601686
1087,0.00128045,0.00000005,0.00021828,0.52183300,0.55900168,0.62162209,2.11206079,-0.02468315,-0.25392240,0.74601358
1088,0.00128021,0.00000005,0.00021819,0.51983368,0.55899739,0.62161684,2.11205459,-0.02468425,-0.25392154,0.74601030
1089,0.00128028,0.00000005,0.00021814,0.52091330,0.55899310,0.62161160,2.11204886,-0.02468698,-0.25392058,0.74600703
1090,0.00128037,0.00000005,0.00021809,0.52215290,0.55898887,0.62160635,2.11204267,-0.02468958,-0.25391966,0.74600375
1091,0.00128022,0.00000005,0.00021807,0.52083331,0.55898458,0.62160110,2.11203671,-0.02469169,-0.25391877,0.74600047
1092,0.00128027,0.00000005,0.00021789,0.52215290,0.55898029,0.62159586,2.11203051,-0.02469260,-0.25391787,0.74599719
1093,0.00128032,0.00000005,0.00021791,0.52271271,0.55897599,0.62159050,2.11202455,-0.02469353,-0.25391692,0.74599391
1094,0.00128026,0.00000005,0.00021790,0.52223289,0.55897176,0.62158501,2.11201859,-0.02469308,-0.25391579,0.74599063
1095,0.00128011,0.00000005,0.00021775,0.52147311,0.55896747,0.62157953,2.11201239,-0.02469488,-0.25391448,0.74598736
1096,0.00128015,0.00000005,0.00021770,0.52215290,0.55896318,0.62157416,2.11200643,-0.02469679,-0.25391328,0.74598408
1097,0.00127982,0.00000005,0.00021765,0.51915389,0.55895901,0.62156862,2.11200047,-0.02469693,-0.25391203,0.74598080
1098,0.00128009,0.00000005,0.00021757,0.52231288,0.55895483,0.62156302,2.11199474,-0.02469801,-0.25391063,0.74597752
1099,0.00127988,0.00000005,0.00021755,0.52039349,0.55895060,0.62155747,2.11198878,-0.02469676,-0.25390923,0.74597430
1100,0.00128009,0.00000005,0.00021749,0.52295268,0.55894643,0.62155193,2.11198282,-0.02469490,-0.25390792,0.74597108
1101,0.00128001,0.00000005,0.00021734,0.52283269,0.55894226,0.62154639,2.11197686,-0.02469228,-0.25390691,0.74596781
1102,0.00127979,0.00000005,0.00021733,0.52075338,0.55893803,0.62154102,2.11197090,-0.02469076,-0.25390619,0.74596453
1103,0.00127982,0.00000005,0.00021734,0.52111322,0.55893385,0.62153572,2.11196494,-0.02468855,-0.25390556,0.74596125
1104,0.00127952,0.00000005,0.00021709,0.51935381,0.55892968,0.62153047,2.11195898,-0.02468721,-0.25390497,0.74595797
1105,0.00127973,0.00000005,0.00021715,0.52119321,0.55892551,0.62152529,2.11195302,-0.02468549,-0.25390428,0.74595475
1106,0.00127956,0.00000005,0.00021707,0.51995361,0.55892128,0.62151992,2.11194730,-0.02468356,-0.25390348,0.74595153
1107,0.00127970,0.00000005,0.00021694,0.52203298,0.55891711,0.62151450,2.11194134,-0.02468118,-0.25390252,0.74594831
1108,0.00127981,0.00000005,0.00021688,0.52351248,0.55891293,0.62150913,2.11193538,-0.02467952,-0.25390145,0.74594510
1109,0.00127998,0.00000005,0.00021688,0.52527189,0.55890870,0.62150365,2.11192966,-0.02467814,-0.25390029,0.74594188
1110,0.00127950,0.00000005,0.00021669,0.52147311,0.55890453,0.62149817,2.11192369,-0.02467727,-0.25389901,0.74593866
1111,0.00127955,0.00000005,0.00021665,0.52219290,0.55890036,0.62149268,2.11191773,-0.02467651,-0.25389779,0.74593544
1112,0.00127974,0.00000005,0.00021663,0.52427226,0.55889618,0.62148714,2.11191177,-0.02467518,-0.25389645,0.74593222
1113,0.00127935,0.00000005,0.00021656,0.52079332,0.55889207,0.62148154,2.11190605,-0.02467242,-0.25389513,0.74592900
1114,0.00127967,0.00000005,0.00021652,0.52427226,0.55888796,0.62147588,2.11190033,-0.02466885,-0.25389382,0.74592578
1115,0.00127933,0.00000005,0.00021640,0.52147311,0.55888385,0.62147045,2.11189437,-0.02466762,-0.25389263,0.74592257
1116,0.00127928,0.00000005,0.00021639,0.52107328,0.55887979,0.62146509,2.11188865,-0.02466779,-0.25389159,0.74591935
1117,0.00127940,0.00000005,0.00021629,0.52287269,0.55887568,0.62145984,2.11188269,-0.02466822,-0.25389066,0.74591613
1118,0.00127924,0.00000005,0.00021626,0.52143312,0.55887157,0.62145448,2.11187696,-0.02466717,-0.25388965,0.74591291
1119,0.00127920,0.00000005,0.00021620,0.52143312,0.55886745,0.62144923,2.11187124,-0.02466706,-0.25388870,0.74590969
1120,0.00127911,0.00000005,0.00021615,0.52075338,0.55886334,0.62144387,2.11186528,-0.02466703,-0.25388762,0.74590647
1121,0.00127911,0.00000005,0.00021602,0.52143312,0.55885929,0.62143850,2.11185956,-0.02466773,-0.25388640,0.74590325
1122,0.00127899,0.00000005,0.00021600,0.52043349,0.55885518,0.62143302,2.11185384,-0.02466690,-0.25388521,0.74590003
1123,0.00127929,0.00000005,0.00021591,0.52399230,0.55885106,0.62142754,2.11184812,-0.02466510,-0.25388411,0.74589682
1124,0.00127895,0.00000005,0.00021587,0.52079332,0.55884695,0.62142211,2.11184239,-0.02466464,-0.25388283,0.74589360
1125,0.00127902,0.00000005,0.00021583,0.52175301,0.55884290,0.62141669,2.11183667,-0.02466403,-0.25388175,0.74589038
1126,0.00127881,0.00000005,0.00021574,0.52011359,0.55883878,0.62141156,2.11183071,-0.02466652,-0.25388077,0.74588716
1127,0.00127875,0.00000005,0.00021574,0.51971370,0.55883467,0.62140638,2.11182475,-0.02466891,-0.25387982,0.74588394
1128,0.00127894,0.00000005,0.00021566,0.52199298,0.55883056,0.62140119,2.11181903,-0.02467211,-0.25387877,0.74588072
1129,0.00127888,0.00000005,0.00021566,0.52147311,0.55882645,0.62139601,2.11181331,-0.02467441,-0.25387782,0.74587750
1130,0.00127866,0.00000005,0.00021558,0.51971370,0.55882239,0.62139064,2.11180758,-0.02467301,-0.25387681,0.74587429
1131,0.00127874,0.00000005,0.00021552,0.52087331,0.55881828,0.62138522,2.11180162,-0.02466979,-0.25387585,0.74587107
1132,0.00127882,0.00000005,0.00021542,0.52219290,0.55881417,0.62137967,2.11179590,-0.02466494,-0.25387493,0.74586785
1133,0.00127882,0.00000005,0.00021537,0.52251279,0.55881006,0.62137425,2.11179018,-0.02466031,-0.25387406,0.74586463
1134,0.00127894,0.00000005,0.00021530,0.52411228,0.55880600,0.62136883,2.11178446,-0.02465787,-0.25387314,0.74586141
1135,0.00127885,0.00000005,0.00021518,0.52383238,0.55880189,0.62136352,2.11177850,-0.02465546,-0.25387233,0.74585819
1136,0.00127882,0.00000005,0.00021518,0.52359247,0.55879790,0.62135834,2.11177278,-0.02465527,-0.25387147,0.74585503
1137,0.00127858,0.00000005,0.00021507,0.52175301,0.55879384,0.62135327,2.11176729,-0.02465848,-0.25387043,0.74585187
1138,0.00127867,0.00000005,0.00021512,0.52255279,0.55878985,0.62134832,2.11176157,-0.02466330,-0.25386944,0.74584872
1139,0.00127864,0.00000005,0.00021502,0.52279270,0.55878586,0.62134331,2.11175585,-0.02466686,-0.25386852,0.74584556
1140,0.00127858,0.00000005,0.00021498,0.52239281,0.55878180,0.62133825,2.11175013,-0.02466941,-0.25386754,0.74584240
1141,0.00127841,0.00000005,0.00021497,0.52091330,0.55877781,0.62133318,2.11174464,-0.02467422,-0.25386652,0.74583924
1142,0.00127838,0.00000005,0.00021489,0.52103329,0.55877382,0.62132818,2.11173892,-0.02467774,-0.25386557,0.74583608
1143,0.00127851,0.00000005,0.00021484,0.52263278,0.55876982,0.62132323,2.11173320,-0.02468259,-0.25386471,0.74583292
1144,0.00127838,0.00000005,0.00021478,0.52163309,0.55876577,0.62131828,2.11172771,-0.02468678,-0.25386381,0.74582976
1145,0.00127850,0.00000005,0.00021471,0.52327257,0.55876178,0.62131327,2.11172199,-0.02468857,-0.25386304,0.74582660
1146,0.00127863,0.00000005,0.00021473,0.52459216,0.55875778,0.62130827,2.11171627,-0.02468890,-0.25386238,0.74582344
1147,0.00127839,0.00000005,0.00021460,0.52279270,0.55875373,0.62130314,2.11171055,-0.02468896,-0.25386158,0.74582028
1148,0.00127829,0.00000005,0.00021461,0.52187300,0.55874974,0.62129802,2.11170506,-0.02468956,-0.25386074,0.74581712
1149,0.00127835,0.00000005,0.00021461,0.52259278,0.55874574,0.62129295,2.11169934,-0.02468822,-0.25386009,0.74581397
1150,0.00127824,0.00000005,0.00021450,0.52199298,0.55874175,0.62128782,2.11169362,-0.02468737,-0.25385946,0.74581081
1151,0.00127816,0.00000005,0.00021442,0.52159309,0.55873770,0.62128282,2.11168790,-0.02468649,-0.25385892,0.74580765
1152,0.00127819,0.00000005,0.00021439,0.52211291,0.55873370,0.62127787,2.11168242,-0.02468573,-0.25385848,0.74580449
1153,0.00127816,0.00000005,0.00021443,0.52179301,0.55872971,0.62127298,2.11167645,-0.02468828,-0.25385794,0.74580133
1154,0.00127809,0.00000005,0.00021427,0.52187300,0.55872571,0.62126821,2.11167097,-0.02469091,-0.25385749,0.74579817
1155,0.00127820,0.00000005,0.00021432,0.52283269,0.55872166,0.62126338,2.11166549,-0.02469489,-0.25385693,0.74579501
1156,0.00127798,0.00000005,0.00021429,0.52079332,0.55871779,0.62125850,2.11165977,-0.02469743,-0.25385633,0.74579185
1157,0.00127791,0.00000005,0.00021424,0.52039349,0.55871385,0.62125361,2.11165428,-0.02469935,-0.25385574,0.74578869
1158,0.00127797,0.00000005,0.00021423,0.52115321,0.55870992,0.62124866,2.11164856,-0.02470050,-0.25385526,0.74578553
1159,0.00127787,0.00000005,0.00021408,0.52091330,0.55870599,0.62124366,2.11164331,-0.02470083,-0.25385472,0.74578238
1160,0.00127779,0.00000005,0.00021403,0.52043349,0.55870205,0.62123871,2.11163759,-0.02470087,-0.25385424,0.74577922
1161,0.00127781,0.00000005,0.00021403,0.52067339,0.55869818,0.62123364,2.11163211,-0.02469955,-0.25385368,0.74577606
1162,0.00127778,0.00000005,0.00021393,0.52095330,0.55869424,0.62122881,2.11162639,-0.02469879,-0.25385341,0.74577290
1163,0.00127788,0.00000005,0.00021389,0.52215290,0.55869031,0.62122405,2.11162114,-0.02469845,-0.25385335,0.74576974
1164,0.00127775,0.00000005,0.00021383,0.52119321,0.55868638,0.62121922,2.11161542,-0.02469785,-0.25385317,0.74576658
1165,0.00127796,0.00000005,0.00021374,0.52379239,0.55868250,0.62121427,2.11160994,-0.02469685,-0.25385290,0.74576342
1166,0.00127773,0.00000005,0.00021368,0.52187300,0.55867857,0.62120944,2.11160421,-0.02469562,-0.25385275,0.74576026
1167,0.00127758,0.00000005,0.00021368,0.52043349,0.55867463,0.62120444,2.11159897,-0.02469198,-0.25385252,0.74575710
1168,0.00127781,0.00000005,0.00021363,0.52299267,0.55867070,0.62119955,2.11159325,-0.02469081,-0.25385213,0.74575400
1169,0.00127759,0.00000005,0.00021353,0.52135319,0.55866677,0.62119466,2.11158776,-0.02469047,-0.25385153,0.74575090
1170,0.00127762,0.00000005,0.00021349,0.52195299,0.55866289,0.62118953,2.11158204,-0.02468872,-0.25385079,0.74574780
1171,0.00127733,0.00000005,0.00021343,0.51939380,0.55865896,0.62118453,2.11157680,-0.02468782,-0.25385004,0.74574471
1172,0.00127754,0.00000005,0.00021338,0.52171308,0.55865502,0.62117952,2.11157107,-0.02468784,-0.25384936,0.74574161
1173,0.00127771,0.00000005,0.00021339,0.52347249,0.55865121,0.62117445,2.11156583,-0.02468540,-0.25384861,0.74573851
1174,0.00127749,0.00000005,0.00021329,0.52175301,0.55864739,0.62116933,2.11156034,-0.02468219,-0.25384805,0.74573541
1175,0.00127737,0.00000005,0.00021323,0.52099329,0.55864352,0.62116450,2.11155486,-0.02468183,-0.25384760,0.74573231
1176,0.00127728,0.00000005,0.00021319,0.52035350,0.55863971,0.62115955,2.11154962,-0.02468318,-0.25384685,0.74572921
1177,0.00127738,0.00000005,0.00021307,0.52191299,0.55863589,0.62115461,2.11154413,-0.02468471,-0.25384611,0.74572611
1178,0.00127758,0.00000005,0.00021317,0.52359247,0.55863202,0.62114984,2.11153865,-0.02468863,-0.25384536,0.74572301
1179,0.00127739,0.00000005,0.00021313,0.52195299,0.55862820,0.62114495,2.11153340,-0.02469056,-0.25384477,0.74571991
1180,0.00127716,0.00000005,0.00021298,0.52031350,0.55862439,0.62114036,2.11152792,-0.02469435,-0.25384438,0.74571681
1181,0.00127710,0.00000005,0.00021296,0.51995361,0.55862057,0.62113553,2.11152244,-0.02469599,-0.25384387,0.74571371
1182,0.00127726,0.00000005,0.00021293,0.52175301,0.55861670,0.62113070,2.11151695,-0.02469522,-0.25384346,0.74571061
1183,0.00127737,0.00000005,0.00021296,0.52283269,0.55861288,0.62112582,2.11151171,-0.02469558,-0.25384298,0.74570751
1184,0.00127702,0.00000005,0.00021284,0.51991361,0.55860907,0.62112087,2.11150622,-0.02469412,-0.25384244,0.74570441
1185,0.00127713,0.00000005,0.00021274,0.52147311,0.55860525,0.62111580,2.11150074,-0.02469121,-0.25384185,0.74570131
1186,0.00127693,0.00000005,0.00021268,0.51979369,0.55860138,0.62111080,2.11149549,-0.02468926,-0.25384113,0.74569827
1187,0.00127710,0.00000005,0.00021268,0.52159309,0.55859756,0.62110597,2.11149001,-0.02468882,-0.25384057,0.74569523
1188,0.00127718,0.00000005,0.00021263,0.52267277,0.55859381,0.62110114,2.11148453,-0.02468845,-0.25384006,0.74569219
1189,0.00127720,0.00000005,0.00021261,0.52307260,0.55859005,0.62109625,2.11147928,-0.02468765,-0.25383943,0.74568915
1190,0.00127702,0.00000005,0.00021245,0.52207291,0.55858636,0.62109137,2.11147404,-0.02468810,-0.25383866,0.74568611
1191,0.00127682,0.00000005,0.00021243,0.52019352,0.55858260,0.62108636,2.11146879,-0.02468566,-0.25383794,0.74568307
1192,0.00127709,0.00000005,0.00021244,0.52295268,0.55857885,0.62108123,2.11146355,-0.02468172,-0.25383711,0.74568003
1193,0.00127681,0.00000005,0.00021233,0.52079332,0.55857509,0.62107611,2.11145830,-0.02467909,-0.25383627,0.74567699
1194,0.00127695,0.00000005,0.00021227,0.52247280,0.55857134,0.62107110,2.11145306,-0.02467757,-0.25383553,0.74567395
1195,0.00127696,0.00000005,0.00021226,0.52275270,0.55856764,0.62106621,2.11144757,-0.02467796,-0.25383484,0.74567091
1196,0.00127684,0.00000005,0.00021223,0.52171308,0.55856389,0.62106133,2.11144233,-0.02467943,-0.25383404,0.74566787
1197,0.00127689,0.00000004,0.00021213,0.52275270,0.55856013,0.62105644,2.11143708,-0.02468081,-0.25383312,0.74566483
1198,0.00127695,0.00000004,0.00021213,0.52347249,0.55855638,0.62105137,2.11143184,-0.02468134,-0.25383207,0.74566180
1199,0.00127682,0.00000004,0.00021207,0.52251279,0.55855268,0.62104642,2.11142659,-0.02468050,-0.25383127,0.74565876
1200,0.00127677,0.00000004,0.00021202,0.52231288,0.55854893,0.62104130,2.11142135,-0.02467779,-0.25383034,0.74565572
1201,0.00127659,0.00000004,0.00021195,0.52087331,0.55854517,0.62103635,2.11141610,-0.02467726,-0.25382966,0.74565268
1202,0.00127654,0.00000004,0.00021193,0.52055341,0.55854142,0.62103146,2.11141062,-0.02467855,-0.25382879,0.74564964
1203,0.00127649,0.00000004,0.00021196,0.52003360,0.55853766,0.62102652,2.11140537,-0.02468002,-0.25382781,0.74564660
1204,0.00127650,0.00000004,0.00021182,0.52079332,0.55853403,0.62102145,2.11140013,-0.02467976,-0.25382671,0.74564362
1205,0.00127649,0.00000004,0.00021177,0.52095330,0.55853039,0.62101644,2.11139512,-0.02468068,-0.25382543,0.74564064
1206,0.00127660,0.00000004,0.00021182,0.52199298,0.55852675,0.62101138,2.11138988,-0.02468049,-0.25382420,0.74563766
1207,0.00127644,0.00000004,0.00021172,0.52083331,0.55852306,0.62100637,2.11138487,-0.02468061,-0.25382301,0.74563468
1208,0.00127663,0.00000004,0.00021165,0.52315259,0.55851942,0.62100118,2.11137962,-0.02467984,-0.25382170,0.74563169
1209,0.00127640,0.00000004,0.00021163,0.52103329,0.55851579,0.62099624,2.11137462,-0.02467991,-0.25382072,0.74562871
1210,0.00127626,0.00000004,0.00021162,0.51975369,0.55851215,0.62099123,2.11136937,-0.02467841,-0.25381976,0.74562573
1211,0.00127649,0.00000004,0.00021151,0.52259278,0.55850846,0.62098652,2.11136413,-0.02468074,-0.25381902,0.74562275
1212,0.00127640,0.00000004,0.00021152,0.52171308,0.55850482,0.62098175,2.11135912,-0.02468345,-0.25381836,0.74561971
1213,0.00127626,0.00000004,0.00021149,0.52055341,0.55850118,0.62097716,2.11135387,-0.02468568,-0.25381777,0.74561673
1214,0.00127616,0.00000004,0.00021147,0.51967371,0.55849749,0.62097257,2.11134863,-0.02468966,-0.25381711,0.74561375
1215,0.00127652,0.00000004,0.00021143,0.52351248,0.55849385,0.62096804,2.11134338,-0.02469203,-0.25381666,0.74561077
1216,0.00127639,0.00000004,0.00021139,0.52247280,0.55849022,0.62096351,2.11133814,-0.02469507,-0.25381628,0.74560779
1217,0.00127612,0.00000004,0.00021135,0.52007359,0.55848658,0.62095898,2.11133313,-0.02469636,-0.25381586,0.74560481
1218,0.00127623,0.00000004,0.00021137,0.52115321,0.55848289,0.62095439,2.11132789,-0.02470025,-0.25381532,0.74560183
1219,0.00127607,0.00000004,0.00021132,0.51983368,0.55847925,0.62094986,2.11132288,-0.02470190,-0.25381500,0.74559885
1220,0.00127627,0.00000004,0.00021128,0.52211291,0.55847561,0.62094539,2.11131763,-0.02470439,-0.25381467,0.74559587
1221,0.00127595,0.00000004,0.00021125,0.51911390,0.55847192,0.62094086,2.11131263,-0.02470492,-0.25381446,0.74559289
1222,0.00127625,0.00000004,0.00021129,0.52203298,0.55846828,0.62093645,2.11130738,-0.02470682,-0.25381431,0.74558991
1223,0.00127602,0.00000004,0.00021127,0.51987362,0.55846465,0.62093216,2.11130214,-0.02471116,-0.25381419,0.74558693
1224,0.00127600,0.00000004,0.00021118,0.52015358,0.55846101,0.62092793,2.11129713,-0.02471632,-0.25381404,0.74558395
1225,0.00127603,0.00000004,0.00021105,0.52107328,0.55845731,0.62092346,2.11129189,-0.02472049,-0.25381365,0.74558097
1226,0.00127621,0.00000004,0.00021113,0.52267277,0.55845368,0.62091887,2.11128688,-0.02472093,-0.25381324,0.74557799
1227,0.00127607,0.00000004,0.00021110,0.52143312,0.55845004,0.62091422,2.11128163,-0.02472310,-0.25381270,0.74557501
1228,0.00127588,0.00000004,0.00021102,0.51991361,0.55844635,0.62090969,2.11127663,-0.02472689,-0.25381228,0.74557203
1229,0.00127598,0.00000004,0.00021106,0.52087331,0.55844271,0.62090516,2.11127138,-0.02472972,-0.25381178,0.74556905
1230,0.00127571,0.00000004,0.00021098,0.51859403,0.55843908,0.62090051,2.11126614,-0.02473041,-0.25381130,0.74556607
1231,0.00127586,0.00000004,0.00021095,0.52023351,0.55843550,0.62089604,2.11126113,-0.02473180,-0.25381103,0.74556309
1232,0.00127597,0.00000004,0.00021093,0.52151310,0.55843192,0.62089145,2.11125612,-0.02473142,-0.25381082,0.74556011
1233,0.00127571,0.00000004,0.00021087,0.51931381,0.55842841,0.62088680,2.11125112,-0.02472860,-0.25381067,0.74555713
1234,0.00127585,0.00000004,0.00021082,0.52095330,0.55842483,0.62088215,2.11124611,-0.02472454,-0.25381070,0.74555415
1235,0.00127604,0.00000004,0.00021077,0.52319258,0.55842125,0.62087750,2.11124086,-0.02471872,-0.25381082,0.74555117
1236,0.00127585,0.00000004,0.00021068,0.52171308,0.55841768,0.62087297,2.11123586,-0.02471689,-0.25381091,0.74554819
1237,0.00127567,0.00000004,0.00021062,0.52031350,0.55841410,0.62086821,2.11123085,-0.02470996,-0.25381088,0.74554521
1238,0.00127555,0.00000004,0.00021050,0.51963371,0.55841058,0.62086332,2.11122584,-0.02470138,-0.25381079,0.74554223
1239,0.00127564,0.00000004,0.00021045,0.52087331,0.55840701,0.62085837,2.11122084,-0.02469449,-0.25381058,0.74553925
1240,0.00127568,0.00000004,0.00021041,0.52147311,0.55840343,0.62085354,2.11121583,-0.02468797,-0.25381032,0.74553627
1241,0.00127549,0.00000004,0.00021037,0.51983368,0.55839986,0.62084842,2.11121082,-0.02467994,-0.25380990,0.74553329
1242,0.00127565,0.00000004,0.00021035,0.52159309,0.55839634,0.62084347,2.11120582,-0.02467431,-0.25380930,0.74553031
1243,0.00127542,0.00000004,0.00021021,0.51999360,0.55839276,0.62083840,2.11120057,-0.02467071,-0.25380856,0.74552733
1244,0.00127550,0.00000004,0.00021018,0.52099329,0.55838919,0.62083364,2.11119556,-0.02467209,-0.25380766,0.74552435
1245,0.00127549,0.00000004,0.00021011,0.52123320,0.55838561,0.62082887,2.11119080,-0.02467521,-0.25380677,0.74552137
1246,0.00127550,0.00000004,0.00021012,0.52143312,0.55838203,0.62082398,2.11118555,-0.02467734,-0.25380582,0.74551839
1247,0.00127538,0.00000004,0.00021007,0.52055341,0.55837852,0.62081939,2.11118054,-0.02468208,-0.25380495,0.74551541
1248,0.00127548,0.00000004,0.00021008,0.52155310,0.55837494,0.62081462,2.11117554,-0.02468484,-0.25380412,0.74551243
1249,0.00127548,0.00000004,0.00021007,0.52171308,0.55837137,0.62080991,2.11117053,-0.02468803,-0.25380322,0.74550945
1250,0.00127532,0.00000004,0.00020996,0.52059340,0.55836779,0.62080514,2.11116552,-0.02468854,-0.25380251,0.74550647
1251,0.00127525,0.00000004,0.00021000,0.51987362,0.55836427,0.62080038,2.11116028,-0.02468735,-0.25380197,0.74550349
1252,0.00127533,0.00000004,0.00020989,0.52119321,0.55836070,0.62079543,2.11115551,-0.02468495,-0.25380132,0.74550050
1253,0.00127549,0.00000004,0.00020993,0.52271271,0.55835712,0.62079072,2.11115050,-0.02468558,-0.25380057,0.74549752
1254,0.00127541,0.00000004,0.00020981,0.52251279,0.55835354,0.62078601,2.11114526,-0.02468798,-0.25379997,0.74549454
1255,0.00127521,0.00000004,0.00020980,0.52059340,0.55834997,0.62078136,2.11114025,-0.02468870,-0.25379941,0.74549156
1256,0.00127524,0.00000004,0.00020981,0.52099329,0.55834645,0.62077677,2.11113524,-0.02468751,-0.25379923,0.74548858
1257,0.00127529,0.00000004,0.00020972,0.52191299,0.55834287,0.62077218,2.11113024,-0.02468604,-0.25379920,0.74548560
1258,0.00127517,0.00000004,0.00020960,0.52131319,0.55833930,0.62076765,2.11112523,-0.02468408,-0.25379914,0.74548262
1259,0.00127528,0.00000004,0.00020971,0.52203298,0.55833572,0.62076324,2.11112022,-0.02468384,-0.25379923,0.74547964
1260,0.00127514,0.00000004,0.00020966,0.52091330,0.55833226,0.62075865,2.11111546,-0.02468226,-0.25379908,0.74547666
1261,0.00127511,0.00000004,0.00020961,0.52087331,0.55832881,0.62075394,2.11111021,-0.02467946,-0.25379884,0.74547368
1262,0.00127509,0.00000004,0.00020946,0.52139318,0.55832529,0.62074935,2.11110544,-0.02467926,-0.25379848,0.74547070
1263,0.00127497,0.00000004,0.00020955,0.51991361,0.55832183,0.62074453,2.11110044,-0.02467639,-0.25379789,0.74546778
1264,0.00127525,0.00000004,0.00020940,0.52343249,0.55831838,0.62073970,2.11109567,-0.02467256,-0.25379756,0.74546480
1265,0.00127493,0.00000004,0.00020928,0.52083331,0.55831492,0.62073487,2.11109066,-0.02466558,-0.25379732,0.74546188
1266,0.00127492,0.00000004,0.00020933,0.52063340,0.55831140,0.62073010,2.11108589,-0.02466128,-0.25379691,0.74545896
1267,0.00127476,0.00000004,0.00020920,0.51959372,0.55830795,0.62072539,2.11108088,-0.02465738,-0.25379652,0.74545604
1268,0.00127490,0.00000004,0.00020920,0.52111322,0.55830449,0.62072074,2.11107588,-0.02465562,-0.25379613,0.74545312
1269,0.00127500,0.00000004,0.00020916,0.52239281,0.55830097,0.62071604,2.11107111,-0.02465218,-0.25379577,0.74545020
1270,0.00127492,0.00000004,0.00020909,0.52195299,0.55829751,0.62071133,2.11106610,-0.02464847,-0.25379544,0.74544728
1271,0.00127484,0.00000004,0.00020895,0.52183300,0.55829406,0.62070656,2.11106133,-0.02464673,-0.25379482,0.74544436
1272,0.00127464,0.00000004,0.00020903,0.51955372,0.55829060,0.62070173,2.11105633,-0.02464424,-0.25379407,0.74544144
1273,0.00127458,0.00000004,0.00020898,0.51927382,0.55828708,0.62069684,2.11105156,-0.02464241,-0.25379321,0.74543852
1274,0.00127493,0.00000004,0.00020897,0.52283269,0.55828363,0.62069190,2.11104655,-0.02463860,-0.25379235,0.74543560
1275,0.00127483,0.00000004,0.00020886,0.52239281,0.55828017,0.62068695,2.11104178,-0.02463627,-0.25379154,0.74543267
1276,0.00127478,0.00000004,0.00020879,0.52231288,0.55827665,0.62068194,2.11103678,-0.02463286,-0.25379062,0.74542975
1277,0.00127482,0.00000004,0.00020875,0.52295268,0.55827320,0.62067723,2.11103177,-0.02463215,-0.25378990,0.74542683
1278,0.00127465,0.00000004,0.00020870,0.52151310,0.55826974,0.62067264,2.11102700,-0.02463190,-0.25378951,0.74542391
1279,0.00127454,0.00000004,0.00020864,0.52079332,0.55826628,0.62066829,2.11102200,-0.02463343,-0.25378940,0.74542099
1280,0.00127471,0.00000004,0.00020878,0.52199298,0.55826277,0.62066394,2.11101723,-0.02463469,-0.25378928,0.74541807
1281,0.00127455,0.00000004,0.00020862,0.52103329,0.55825931,0.62065971,2.11101222,-0.02463846,-0.25378910,0.74541515
1282,0.00127458,0.00000004,0.00020866,0.52131319,0.55825585,0.62065542,2.11100745,-0.02464169,-0.25378895,0.74541223
1283,0.00127475,0.00000004,0.00020858,0.52343249,0.55825239,0.62065107,2.11100221,-0.02464348,-0.25378874,0.74540931
1284,0.00127485,0.00000004,0.00020856,0.52455217,0.55824900,0.62064677,2.11099768,-0.02464726,-0.25378850,0.74540639
1285,0.00127458,0.00000004,0.00020853,0.52203298,0.55824560,0.62064224,2.11099291,-0.02465005,-0.25378788,0.74540347
1286,0.00127469,0.00000004,0.00020858,0.52299267,0.55824220,0.62063777,2.11098790,-0.02465446,-0.25378716,0.74540055
1287,0.00127436,0.00000004,0.00020853,0.52003360,0.55823880,0.62063342,2.11098337,-0.02465951,-0.25378671,0.74539763
1288,0.00127471,0.00000004,0.00020851,0.52371240,0.55823547,0.62062883,2.11097836,-0.02466092,-0.25378618,0.74539471
1289,0.00127464,0.00000004,0.00020853,0.52303261,0.55823207,0.62062454,2.11097360,-0.02466542,-0.25378573,0.74539179
1290,0.00127446,0.00000004,0.00020846,0.52155310,0.55822867,0.62062001,2.11096907,-0.02466569,-0.25378540,0.74538887
1291,0.00127453,0.00000004,0.00020843,0.52247280,0.55822527,0.62061542,2.11096406,-0.02466573,-0.25378498,0.74538594
1292,0.00127447,0.00000004,0.00020843,0.52191299,0.55822188,0.62061107,2.11095929,-0.02466960,-0.25378454,0.74538302
1293,0.00127461,0.00000004,0.00020845,0.52331257,0.55821854,0.62060666,2.11095452,-0.02467367,-0.25378409,0.74538010
1294,0.00127412,0.00000004,0.00020835,0.51899391,0.55821514,0.62060219,2.11094975,-0.02467603,-0.25378364,0.74537718
1295,0.00127435,0.00000004,0.00020838,0.52119321,0.55821174,0.62059772,2.11094499,-0.02467697,-0.25378343,0.74537426
1296,0.00127439,0.00000004,0.00020822,0.52231288,0.55820835,0.62059325,2.11094022,-0.02467716,-0.25378311,0.74537134
1297,0.00127426,0.00000004,0.00020830,0.52075338,0.55820501,0.62058902,2.11093545,-0.02468196,-0.25378293,0.74536842
1298,0.00127432,0.00000004,0.00020825,0.52167308,0.55820161,0.62058479,2.11093068,-0.02468645,-0.25378266,0.74536550
1299,0.00127427,0.00000004,0.00020834,0.52083331,0.55819821,0.62058049,2.11092591,-0.02469083,-0.25378218,0.74536264
1300,0.00127415,0.00000004,0.00020835,0.51967371,0.55819482,0.62057608,2.11092091,-0.02469370,-0.25378162,0.74535978
1301,0.00127417,0.00000004,0.00020829,0.52027351,0.55819142,0.62057137,2.11091638,-0.02469194,-0.25378084,0.74535692
1302,0.00127410,0.00000004,0.00020817,0.52015358,0.55818808,0.62056625,2.11091161,-0.02468608,-0.25377977,0.74535406
1303,0.00127394,0.00000004,0.00020809,0.51891392,0.55818474,0.62056094,2.11090684,-0.02467719,-0.25377858,0.74535120
1304,0.00127417,0.00000004,0.00020797,0.52183300,0.55818146,0.62055564,2.11090207,-0.02466870,-0.25377741,0.74534833
1305,0.00127397,0.00000004,0.00020798,0.51979369,0.55817819,0.62055051,2.11089754,-0.02466318,-0.25377628,0.74534547
1306,0.00127426,0.00000004,0.00020794,0.52295268,0.55817491,0.62054551,2.11089301,-0.02465960,-0.25377512,0.74534261
1307,0.00127414,0.00000004,0.00020785,0.52231288,0.55817157,0.62054050,2.11088824,-0.02465596,-0.25377405,0.74533975
1308,0.00127421,0.00000004,0.00020778,0.52335250,0.55816829,0.62053573,2.11088371,-0.02465598,-0.25377303,0.74533689
1309,0.00127415,0.00000004,0.00020782,0.52267277,0.55816501,0.62053102,2.11087894,-0.02465701,-0.25377202,0.74533403
1310,0.00127420,0.00000004,0.00020777,0.52339250,0.55816168,0.62052631,2.11087418,-0.02465709,-0.25377110,0.74533117
1311,0.00127420,0.00000004,0.00020773,0.52367240,0.55815840,0.62052155,2.11086965,-0.02465693,-0.25377014,0.74532831
1312,0.00127418,0.00000004,0.00020777,0.52339250,0.55815512,0.62051672,2.11086512,-0.02465595,-0.25376910,0.74532545
1313,0.00127404,0.00000004,0.00020767,0.52251279,0.55815184,0.62051183,2.11086035,-0.02465505,-0.25376803,0.74532259
1314,0.00127386,0.00000004,0.00020758,0.52111322,0.55814850,0.62050700,2.11085558,-0.02465407,-0.25376678,0.74531978
1315,0.00127386,0.00000004,0.00020757,0.52123320,0.55814523,0.62050217,2.11085105,-0.02465154,-0.25376582,0.74531698
1316,0.00127408,0.00000004,0.00020758,0.52347249,0.55814195,0.62049752,2.11084628,-0.02465219,-0.25376481,0.74531418
1317,0.00127411,0.00000004,0.00020755,0.52403229,0.55813861,0.62049288,2.11084175,-0.02465261,-0.25376379,0.74531138
1318,0.00127379,0.00000004,0.00020751,0.52107328,0.55813533,0.62048858,2.11083722,-0.02465818,-0.25376296,0.74530858
1319,0.00127395,0.00000004,0.00020749,0.52283269,0.55813205,0.62048429,2.11083245,-0.02466477,-0.25376219,0.74530578
1320,0.00127389,0.00000004,0.00020757,0.52195299,0.55812883,0.62048018,2.11082792,-0.02467431,-0.25376138,0.74530298
1321,0.00127369,0.00000004,0.00020754,0.52015358,0.55812562,0.62047607,2.11082339,-0.02468523,-0.25376040,0.74530017
1322,0.00127374,0.00000004,0.00020756,0.52059340,0.55812240,0.62047189,2.11081886,-0.02469516,-0.25375944,0.74529737
1323,0.00127377,0.00000004,0.00020758,0.52095330,0.55811924,0.62046766,2.11081433,-0.02470328,-0.25375864,0.74529457
1324,0.00127365,0.00000004,0.00020751,0.52015358,0.55811602,0.62046343,2.11080980,-0.02471210,-0.25375763,0.74529177
1325,0.00127358,0.00000004,0.00020759,0.51915389,0.55811280,0.62045920,2.11080527,-0.02472036,-0.25375673,0.74528897
1326,0.00127375,0.00000004,0.00020760,0.52087331,0.55810958,0.62045497,2.11080074,-0.02472685,-0.25375596,0.74528617
1327,0.00127370,0.00000004,0.00020764,0.52023351,0.55810642,0.62045091,2.11079621,-0.02473580,-0.25375539,0.74528337
1328,0.00127373,0.00000004,0.00020768,0.52051342,0.55810320,0.62044686,2.11079168,-0.02474436,-0.25375473,0.74528056
1329,0.00127358,0.00000004,0.00020768,0.51907390,0.55809999,0.62044287,2.11078715,-0.02475370,-0.25375414,0.74527776
1330,0.00127360,0.00000004,0.00020764,0.51951379,0.55809677,0.62043887,2.11078262,-0.02476239,-0.25375369,0.74527496
1331,0.00127359,0.00000004,0.00020767,0.51931381,0.55809355,0.62043506,2.11077809,-0.02477135,-0.25375351,0.74527216
1332,0.00127349,0.00000004,0.00020771,0.51823419,0.55809039,0.62043130,2.11077356,-0.02477926,-0.25375357,0.74526936
1333,0.00127351,0.00000004,0.00020765,0.51871401,0.55808717,0.62042737,2.11076903,-0.02478479,-0.25375375,0.74526650
1334,0.00127347,0.00000004,0.00020771,0.51815420,0.55808395,0.62042344,2.11076450,-0.02478935,-0.25375372,0.74526370
1335,0.00127355,0.00000004,0.00020770,0.51911390,0.55808073,0.62041950,2.11075997,-0.02479309,-0.25375384,0.74526089
1336,0.00127347,0.00000004,0.00020758,0.51883399,0.55807751,0.62041533,2.11075544,-0.02479315,-0.25375390,0.74525809
1337,0.00127337,0.00000004,0.00020757,0.51795423,0.55807436,0.62041116,2.11075091,-0.02479280,-0.25375396,0.74525529
1338,0.00127339,0.00000004,0.00020754,0.51835412,0.55807114,0.62040675,2.11074638,-0.02478717,-0.25375393,0.74525249
1339,0.00127349,0.00000004,0.00020746,0.51983368,0.55806792,0.62040246,2.11074185,-0.02478671,-0.25375372,0.74524969
1340,0.00127350,0.00000004,0.00020741,0.52019352,0.55806470,0.62039810,2.11073732,-0.02478626,-0.25375348,0.74524689
1341,0.00127332,0.00000004,0.00020745,0.51823419,0.55806148,0.62039363,2.11073279,-0.02478422,-0.25375307,0.74524409
1342,0.00127316,0.00000004,0.00020736,0.51711452,0.55805832,0.62038922,2.11072826,-0.02478330,-0.25375274,0.74524128
1343,0.00127317,0.00000004,0.00020736,0.51735443,0.55805510,0.62038481,2.11072373,-0.02478126,-0.25375244,0.74523848
1344,0.00127335,0.00000004,0.00020743,0.51887399,0.55805188,0.62038046,2.11071920,-0.02477978,-0.25375223,0.74523568
1345,0.00127346,0.00000004,0.00020733,0.52051342,0.55804867,0.62037611,2.11071467,-0.02477933,-0.25375193,0.74523288
1346,0.00127337,0.00000004,0.00020726,0.51995361,0.55804551,0.62037152,2.11071014,-0.02477453,-0.25375161,0.74523008
1347,0.00127348,0.00000004,0.00020722,0.52131319,0.55804229,0.62036705,2.11070561,-0.02477025,-0.25375140,0.74522728
1348,0.00127292,0.00000004,0.00020715,0.51607484,0.55803907,0.62036252,2.11070108,-0.02476392,-0.25375131,0.74522448
1349,0.00127322,0.00000004,0.00020710,0.51931381,0.55803585,0.62035799,2.11069655,-0.02475542,-0.25375146,0.74522167
1350,0.00127317,0.00000004,0.00020701,0.51931381,0.55803263,0.62035346,2.11069202,-0.02474547,-0.25375175,0.74521887
1351,0.00127322,0.00000004,0.00020688,0.52039349,0.55802947,0.62034869,2.11068749,-0.02473253,-0.25375193,0.74521607
1352,0.00127307,0.00000004,0.00020687,0.51899391,0.55802625,0.62034428,2.11068296,-0.02472306,-0.25375232,0.74521327
1353,0.00127324,0.00000004,0.00020687,0.52079332,0.55802304,0.62033957,2.11067843,-0.02471082,-0.25375250,0.74521047
1354,0.00127311,0.00000004,0.00020669,0.52031350,0.55801982,0.62033516,2.11067390,-0.02470187,-0.25375295,0.74520767
1355,0.00127301,0.00000004,0.00020664,0.51959372,0.55801672,0.62033087,2.11066961,-0.02469452,-0.25375336,0.74520487
1356,0.00127298,0.00000004,0.00020656,0.51971370,0.55801362,0.62032664,2.11066508,-0.02468878,-0.25375375,0.74520206
1357,0.00127306,0.00000004,0.00020660,0.52039349,0.55801046,0.62032223,2.11066055,-0.02468282,-0.25375393,0.74519926
1358,0.00127313,0.00000004,0.00020654,0.52147311,0.55800736,0.62031776,2.11065626,-0.02467827,-0.25375381,0.74519646
1359,0.00127305,0.00000004,0.00020646,0.52111322,0.55800426,0.62031317,2.11065197,-0.02466888,-0.25375393,0.74519366
1360,0.00127308,0.00000004,0.00020637,0.52183300,0.55800116,0.62030864,2.11064744,-0.02466029,-0.25375399,0.74519086
1361,0.00127291,0.00000004,0.00020634,0.52031350,0.55799800,0.62030411,2.11064291,-0.02465512,-0.25375378,0.74518806
1362,0.00127315,0.00000004,0.00020627,0.52307260,0.55799490,0.62029970,2.11063862,-0.02465383,-0.25375351,0.74518526
1363,0.00127295,0.00000004,0.00020625,0.52127320,0.55799180,0.62029546,2.11063433,-0.02465328,-0.25375339,0.74518245
1364,0.00127293,0.00000004,0.00020627,0.52099329,0.55798864,0.62029129,2.11063004,-0.02465382,-0.25375330,0.74517965
1365,0.00127305,0.00000004,0.00020620,0.52259278,0.55798554,0.62028694,2.11062551,-0.02465390,-0.25375301,0.74517685
1366,0.00127290,0.00000004,0.00020615,0.52135319,0.55798244,0.62028259,2.11062098,-0.02465428,-0.25375247,0.74517411
1367,0.00127292,0.00000004,0.00020616,0.52159309,0.55797935,0.62027824,2.11061668,-0.02465531,-0.25375181,0.74517137
1368,0.00127296,0.00000004,0.00020621,0.52191299,0.55797619,0.62027383,2.11061239,-0.02465532,-0.25375119,0.74516863
1369,0.00127289,0.00000004,0.00020611,0.52167308,0.55797309,0.62026936,2.11060786,-0.02465493,-0.25375044,0.74516588
1370,0.00127299,0.00000004,0.00020611,0.52271271,0.55796999,0.62026477,2.11060333,-0.02465017,-0.25374994,0.74516314
1371,0.00127290,0.00000004,0.00020599,0.52239281,0.55796683,0.62026012,2.11059904,-0.02464621,-0.25374922,0.74516040
1372,0.00127273,0.00000004,0.00020596,0.52091330,0.55796373,0.62025547,2.11059475,-0.02464160,-0.25374848,0.74515766
1373,0.00127263,0.00000004,0.00020591,0.52019352,0.55796063,0.62025034,2.11059022,-0.02463352,-0.25374734,0.74515492
1374,0.00127274,0.00000004,0.00020588,0.52151310,0.55795747,0.62024546,2.11058569,-0.02462923,-0.25374615,0.74515218
1375,0.00127294,0.00000004,0.00020585,0.52367240,0.55795449,0.62024045,2.11058164,-0.02462140,-0.25374508,0.74514943
1376,0.00127282,0.00000004,0.00020579,0.52283269,0.55795145,0.62023562,2.11057734,-0.02461456,-0.25374418,0.74514669
1377,0.00127282,0.00000004,0.00020577,0.52303261,0.55794841,0.62023079,2.11057305,-0.02460796,-0.25374344,0.74514395
1378,0.00127268,0.00000004,0.00020570,0.52195299,0.55794537,0.62022603,2.11056876,-0.02460183,-0.25374264,0.74514121
1379,0.00127250,0.00000004,0.00020565,0.52047342,0.55794239,0.62022120,2.11056423,-0.02459621,-0.25374183,0.74513847
1380,0.00127267,0.00000004,0.00020559,0.52243280,0.55793935,0.62021661,2.11056018,-0.02459577,-0.25374091,0.74513572
1381,0.00127263,0.00000004,0.00020551,0.52247280,0.55793631,0.62021214,2.11055589,-0.02459561,-0.25374007,0.74513298
1382,0.00127257,0.00000004,0.00020555,0.52175301,0.55793327,0.62020785,2.11055160,-0.02460073,-0.25373924,0.74513024
1383,0.00127235,0.00000004,0.00020554,0.51975369,0.55793023,0.62020361,2.11054730,-0.02460806,-0.25373822,0.74512750
1384,0.00127253,0.00000004,0.00020559,0.52139318,0.55792725,0.62019932,2.11054301,-0.02461626,-0.25373700,0.74512476
1385,0.00127239,0.00000004,0.00020557,0.52007359,0.55792421,0.62019509,2.11053872,-0.02462518,-0.25373584,0.74512202
1386,0.00127257,0.00000004,0.00020559,0.52191299,0.55792117,0.62019068,2.11053443,-0.02462991,-0.25373480,0.74511927
1387,0.00127262,0.00000004,0.00020554,0.52267277,0.55791813,0.62018633,2.11053014,-0.02463512,-0.25373355,0.74511659
1388,0.00127252,0.00000004,0.00020561,0.52147311,0.55791509,0.62018192,2.11052608,-0.02463782,-0.25373247,0.74511391
1389,0.00127247,0.00000004,0.00020560,0.52111322,0.55791211,0.62017763,2.11052155,-0.02464225,-0.25373146,0.74511123
1390,0.00127237,0.00000004,0.00020557,0.52031350,0.55790907,0.62017345,2.11051750,-0.02464865,-0.25373051,0.74510854
1391,0.00127241,0.00000004,0.00020556,0.52075338,0.55790603,0.62016928,2.11051297,-0.02465464,-0.25372955,0.74510586
1392,0.00127228,0.00000004,0.00020557,0.51955372,0.55790299,0.62016505,2.11050892,-0.02466113,-0.25372848,0.74510318
1393,0.00127251,0.00000004,0.00020558,0.52187300,0.55789995,0.62016088,2.11050463,-0.02466737,-0.25372747,0.74510050
1394,0.00127237,0.00000004,0.00020553,0.52079332,0.55789697,0.62015647,2.11050034,-0.02466901,-0.25372651,0.74509782
1395,0.00127229,0.00000004,0.00020564,0.51959372,0.55789393,0.62015218,2.11049604,-0.02467052,-0.25372580,0.74509513
1396,0.00127240,0.00000004,0.00020556,0.52107328,0.55789101,0.62014806,2.11049175,-0.02467474,-0.25372514,0.74509245
1397,0.00127237,0.00000004,0.00020559,0.52075338,0.55788803,0.62014401,2.11048770,-0.02468162,-0.25372452,0.74508971
1398,0.00127234,0.00000004,0.00020552,0.52075338,0.55788511,0.62013990,2.11048365,-0.02468775,-0.25372371,0.74508703
1399,0.00127220,0.00000004,0.00020557,0.51923382,0.55788219,0.62013578,2.11047935,-0.02469263,-0.25372306,0.74508435
1400,0.00127223,0.00000004,0.00020561,0.51939380,0.55787921,0.62013161,2.11047530,-0.02469650,-0.25372225,0.74508166
1401,0.00127220,0.00000004,0.00020558,0.51935381,0.55787629,0.62012738,2.11047101,-0.02470193,-0.25372124,0.74507898
1402,0.00127235,0.00000004,0.00020564,0.52067339,0.55787337,0.62012309,2.11046696,-0.02470913,-0.25372005,0.74507630
1403,0.00127211,0.00000004,0.00020557,0.51863402,0.55787039,0.62011880,2.11046290,-0.02471542,-0.25371876,0.74507362
1404,0.00127214,0.00000004,0.00020560,0.51883399,0.55786747,0.62011451,2.11045861,-0.02472011,-0.25371778,0.74507093
1405,0.00127213,0.00000004,0.00020557,0.51891392,0.55786455,0.62011021,2.11045456,-0.02472265,-0.25371689,0.74506825
1406,0.00127217,0.00000004,0.00020560,0.51927382,0.55786163,0.62010592,2.11045027,-0.02472483,-0.25371608,0.74506557
1407,0.00127221,0.00000004,0.00020553,0.52003360,0.55785865,0.62010133,2.11044621,-0.02472239,-0.25371528,0.74506289
1408,0.00127200,0.00000004,0.00020552,0.51807421,0.55785573,0.62009674,2.11044216,-0.02471726,-0.25371459,0.74506021
1409,0.00127206,0.00000004,0.00020544,0.51911390,0.55785280,0.62009203,2.11043787,-0.02471091,-0.25371388,0.74505752
1410,0.00127211,0.00000004,0.00020541,0.51979369,0.55784982,0.62008733,2.11043382,-0.02470499,-0.25371304,0.74505484
1411,0.00127187,0.00000004,0.00020522,0.51823419,0.55784690,0.62008262,2.11042953,-0.02470122,-0.25371203,0.74505216
1412,0.00127207,0.00000004,0.00020523,0.52031350,0.55784398,0.62007791,2.11042547,-0.02469844,-0.25371087,0.74504948
1413,0.00127196,0.00000004,0.00020534,0.51879400,0.55784106,0.62007344,2.11042142,-0.02469936,-0.25370979,0.74504679
1414,0.00127190,0.00000004,0.00020525,0.51867402,0.55783808,0.62006885,2.11041713,-0.02470186,-0.25370839,0.74504411
1415,0.00127183,0.00000004,0.00020523,0.51815420,0.55783516,0.62006414,2.11041307,-0.02470212,-0.25370681,0.74504149
1416,0.00127204,0.00000004,0.00020517,0.52051342,0.55783224,0.62005961,2.11040878,-0.02470355,-0.25370538,0.74503887
1417,0.00127200,0.00000004,0.00020524,0.51991361,0.55782926,0.62005508,2.11040473,-0.02470453,-0.25370410,0.74503624
1418,0.00127199,0.00000004,0.00020527,0.51979369,0.55782634,0.62005055,2.11040068,-0.02470429,-0.25370291,0.74503362
1419,0.00127198,0.00000004,0.00020523,0.51995361,0.55782348,0.62004596,2.11039639,-0.02470483,-0.25370151,0.74503100
1420,0.00127177,0.00000004,0.00020514,0.51823419,0.55782062,0.62004149,2.11039233,-0.02470694,-0.25370008,0.74502838
1421,0.00127211,0.00000004,0.00020519,0.52151310,0.55781782,0.62003708,2.11038828,-0.02471145,-0.25369874,0.74502575
1422,0.00127182,0.00000004,0.00020520,0.51867402,0.55781496,0.62003267,2.11038446,-0.02471472,-0.25369757,0.74502307
1423,0.00127185,0.00000004,0.00020516,0.51915389,0.55781209,0.62002826,2.11038041,-0.02471762,-0.25369656,0.74502039
1424,0.00127188,0.00000004,0.00020512,0.51975369,0.55780923,0.62002409,2.11037636,-0.02472228,-0.25369567,0.74501771
1425,0.00127197,0.00000004,0.00020512,0.52067339,0.55780637,0.62001991,2.11037230,-0.02472677,-0.25369498,0.74501503
1426,0.00127188,0.00000004,0.00020513,0.51987362,0.55780357,0.62001580,2.11036825,-0.02473066,-0.25369433,0.74501234
1427,0.00127194,0.00000004,0.00020516,0.52031350,0.55780071,0.62001169,2.11036444,-0.02473476,-0.25369361,0.74500966
1428,0.00127217,0.00000004,0.00020517,0.52271271,0.55779785,0.62000751,2.11036038,-0.02474027,-0.25369281,0.74500698
1429,0.00127190,0.00000004,0.00020513,0.52023351,0.55779499,0.62000346,2.11035633,-0.02474745,-0.25369194,0.74500430
1430,0.00127170,0.00000004,0.00020517,0.51815420,0.55779213,0.61999941,2.11035228,-0.02475504,-0.25369114,0.74500161
1431,0.00127189,0.00000004,0.00020520,0.51999360,0.55778933,0.61999542,2.11034822,-0.02476364,-0.25369024,0.74499893
1432,0.00127172,0.00000004,0.00020524,0.51823419,0.55778646,0.61999142,2.11034417,-0.02477182,-0.25368950,0.74499625
1433,0.00127165,0.00000004,0.00020525,0.51755440,0.55778360,0.61998725,2.11034012,-0.02477640,-0.25368872,0.74499357
1434,0.00127153,0.00000004,0.00020519,0.51659471,0.55778074,0.61998296,2.11033607,-0.02477816,-0.25368798,0.74499089
1435,0.00127185,0.00000004,0.00020519,0.51987362,0.55777788,0.61997885,2.11033201,-0.02478166,-0.25368744,0.74498820
1436,0.00127172,0.00000004,0.00020529,0.51831412,0.55777508,0.61997467,2.11032796,-0.02478364,-0.25368688,0.74498552
1437,0.00127169,0.00000004,0.00020520,0.51839411,0.55777222,0.61997086,2.11032414,-0.02479063,-0.25368652,0.74498284
1438,0.00127159,0.00000004,0.00020523,0.51727450,0.55776936,0.61996698,2.11032009,-0.02479521,-0.25368640,0.74498016
1439,0.00127160,0.00000004,0.00020520,0.51759440,0.55776650,0.61996335,2.11031604,-0.02480312,-0.25368625,0.74497747
1440,0.00127177,0.00000004,0.00020523,0.51923382,0.55776364,0.61995959,2.11031199,-0.02480946,-0.25368613,0.74497479
1441,0.00127170,0.00000004,0.00020529,0.51839411,0.55776083,0.61995572,2.11030793,-0.02481436,-0.25368589,0.74497211
1442,0.00127177,0.00000004,0.00020521,0.51947379,0.55775797,0.61995208,2.11030412,-0.02482270,-0.25368574,0.74496943
1443,0.00127162,0.00000004,0.00020527,0.51775432,0.55775511,0.61994874,2.11029983,-0.02483511,-0.25368586,0.74496675
1444,0.00127170,0.00000004,0.00020529,0.51859403,0.55775225,0.61994511,2.11029577,-0.02484417,-0.25368571,0.74496406
1445,0.00127152,0.00000004,0.00020533,0.51671463,0.55774939,0.61994177,2.11029172,-0.02485795,-0.25368565,0.74496138
1446,0.00127147,0.00000004,0.00020537,0.51611483,0.55774659,0.61993843,2.11028767,-0.02487038,-0.25368565,0.74495870
1447,0.00127143,0.00000004,0.00020538,0.51575494,0.55774373,0.61993515,2.11028385,-0.02488113,-0.25368604,0.74495602
1448,0.00127159,0.00000004,0.00020548,0.51695460,0.55774087,0.61993194,2.11027980,-0.02489045,-0.25368664,0.74495333
1449,0.00127138,0.00000004,0.00020541,0.51519513,0.55773801,0.61992866,2.11027575,-0.02490054,-0.25368702,0.74495065
1450,0.00127160,0.00000004,0.00020548,0.51715451,0.55773520,0.61992526,2.11027169,-0.02491068,-0.25368726,0.74494797
1451,0.00127149,0.00000004,0.00020551,0.51599491,0.55773234,0.61992216,2.11026764,-0.02492595,-0.25368747,0.74494529
1452,0.00127148,0.00000004,0.00020554,0.51587492,0.55772948,0.61991906,2.11026382,-0.02494018,-0.25368786,0.74494261
1453,0.00127137,0.00000004,0.00020561,0.51455534,0.55772662,0.61991602,2.11025977,-0.02495637,-0.25368813,0.74493992
1454,0.00127146,0.00000004,0.00020574,0.51495522,0.55772376,0.61991304,2.11025572,-0.02497258,-0.25368857,0.74493724
1455,0.00127131,0.00000004,0.00020568,0.51375562,0.55772096,0.61990982,2.11025143,-0.02498676,-0.25368884,0.74493456
1456,0.00127143,0.00000004,0.00020584,0.51435542,0.55771810,0.61990702,2.11024761,-0.02500402,-0.25368944,0.74493188
1457,0.00127135,0.00000004,0.00020582,0.51375562,0.55771524,0.61990404,2.11024356,-0.02501943,-0.25368991,0.74492919
1458,0.00127130,0.00000004,0.00020588,0.51303583,0.55771238,0.61990094,2.11023951,-0.02503156,-0.25369048,0.74492651
1459,0.00127132,0.00000004,0.00020593,0.51311582,0.55770952,0.61989766,2.11023545,-0.02504156,-0.25369096,0.74492383
1460,0.00127119,0.00000004,0.00020592,0.51183623,0.55770671,0.61989427,2.11023140,-0.02504892,-0.25369141,0.74492115
1461,0.00127117,0.00000004,0.00020593,0.51167625,0.55770385,0.61989063,2.11022735,-0.02505006,-0.25369194,0.74491847
1462,0.00127141,0.00000004,0.00020597,0.51399553,0.55770099,0.61988682,2.11022353,-0.02505050,-0.25369230,0.74491578
1463,0.00127124,0.00000004,0.00020594,0.51247603,0.55769813,0.61988324,2.11021948,-0.02505370,-0.25369278,0.74491310
1464,0.00127110,0.00000004,0.00020589,0.51131636,0.55769539,0.61987984,2.11021543,-0.02505763,-0.25369355,0.74491042
1465,0.00127129,0.00000004,0.00020595,0.51307583,0.55769265,0.61987644,2.11021161,-0.02506369,-0.25369418,0.74490774
1466,0.00127129,0.00000004,0.00020591,0.51323575,0.55768985,0.61987323,2.11020780,-0.02507058,-0.25369498,0.74490505
1467,0.00127140,0.00000004,0.00020588,0.51459533,0.55768710,0.61986995,2.11020374,-0.02507561,-0.25369596,0.74490237
1468,0.00127122,0.00000004,0.00020597,0.51247603,0.55768436,0.61986661,2.11019993,-0.02507524,-0.25369719,0.74489969
1469,0.00127109,0.00000004,0.00020595,0.51131636,0.55768156,0.61986309,2.11019611,-0.02507326,-0.25369838,0.74489701
1470,0.00127122,0.00000004,0.00020586,0.51299584,0.55767882,0.61985952,2.11019206,-0.02507011,-0.25369954,0.74489433
1471,0.00127123,0.00000004,0.00020586,0.51319575,0.55767608,0.61985606,2.11018825,-0.02506676,-0.25370094,0.74489164
1472,0.00127094,0.00000004,0.00020580,0.51055664,0.55767328,0.61985278,2.11018443,-0.02506422,-0.25370252,0.74488896
1473,0.00127121,0.00000004,0.00020575,0.51359564,0.55767053,0.61984962,2.11018038,-0.02506341,-0.25370428,0.74488628
1474,0.00127128,0.00000004,0.00020578,0.51415545,0.55766779,0.61984646,2.11017656,-0.02506204,-0.25370604,0.74488360
1475,0.00127112,0.00000004,0.00020573,0.51287585,0.55766505,0.61984336,2.11017251,-0.02506207,-0.25370783,0.74488091
1476,0.00127100,0.00000004,0.00020572,0.51175624,0.55766225,0.61984044,2.11016870,-0.02506297,-0.25370985,0.74487823
1477,0.00127104,0.00000004,0.00020572,0.51227605,0.55765951,0.61983758,2.11016488,-0.02506390,-0.25371200,0.74487555
1478,0.00127103,0.00000004,0.00020570,0.51227605,0.55765676,0.61983460,2.11016083,-0.02506264,-0.25371411,0.74487287
1479,0.00127102,0.00000004,0.00020564,0.51243603,0.55765396,0.61983156,2.11015701,-0.02506159,-0.25371626,0.74487019
1480,0.00127098,0.00000004,0.00020570,0.51187623,0.55765122,0.61982864,2.11015320,-0.02506001,-0.25371853,0.74486750
1481,0.00127104,0.00000004,0.00020563,0.51283592,0.55764848,0.61982566,2.11014915,-0.02505733,-0.25372076,0.74486482
1482,0.00127106,0.00000004,0.00020562,0.51307583,0.55764568,0.61982262,2.11014533,-0.02505366,-0.25372297,0.74486214
1483,0.00127089,0.00000004,0.00020553,0.51183623,0.55764294,0.61981940,2.11014152,-0.02504654,-0.25372526,0.74485946
1484,0.00127084,0.00000004,0.00020550,0.51147634,0.55764019,0.61981630,2.11013746,-0.02504355,-0.25372720,0.74485677
1485,0.00127078,0.00000004,0.00020544,0.51123643,0.55763745,0.61981326,2.11013365,-0.02504138,-0.25372931,0.74485409
1486,0.00127111,0.00000004,0.00020542,0.51463532,0.55763477,0.61981028,2.11012983,-0.02503587,-0.25373191,0.74485141
1487,0.00127079,0.00000004,0.00020535,0.51179624,0.55763209,0.61980736,2.11012626,-0.02503133,-0.25373450,0.74484873
1488,0.00127102,0.00000004,0.00020536,0.51415545,0.55762941,0.61980438,2.11012220,-0.02502830,-0.25373676,0.74484605
1489,0.00127085,0.00000004,0.00020538,0.51247603,0.55762672,0.61980122,2.11011839,-0.02502391,-0.25373888,0.74484336
1490,0.00127075,0.00000004,0.00020528,0.51187623,0.55762410,0.61979812,2.11011481,-0.02502211,-0.25374082,0.74484068
1491,0.00127086,0.00000004,0.00020530,0.51299584,0.55762142,0.61979514,2.11011100,-0.02502251,-0.25374252,0.74483806
1492,0.00127067,0.00000004,0.00020526,0.51131636,0.55761874,0.61979192,2.11010718,-0.02501885,-0.25374433,0.74483538
1493,0.00127072,0.00000004,0.00020523,0.51191616,0.55761606,0.61978865,2.11010337,-0.02501403,-0.25374615,0.74483275
1494,0.00127066,0.00000004,0.00020522,0.51143634,0.55761337,0.61978561,2.11009955,-0.02501153,-0.25374824,0.74483007
1495,0.00127083,0.00000004,0.00020512,0.51359564,0.55761075,0.61978251,2.11009574,-0.02500769,-0.25375041,0.74482739
1496,0.00127089,0.00000004,0.00020517,0.51407552,0.55760807,0.61977941,2.11009216,-0.02500363,-0.25375262,0.74482471
1497,0.00127069,0.00000004,0.00020514,0.51223606,0.55760539,0.61977631,2.11008835,-0.02499780,-0.25375494,0.74482203
1498,0.00127073,0.00000004,0.00020522,0.51243603,0.55760270,0.61977345,2.11008453,-0.02499572,-0.25375739,0.74481934
1499,0.00127057,0.00000004,0.00020502,0.51163626,0.55760002,0.61977065,2.11008072,-0.02499424,-0.25375992,0.74481666
1500,0.00127072,0.00000004,0.00020508,0.51299584,0.55759740,0.61976802,2.11007690,-0.02499565,-0.25376236,0.74481398
1501,0.00127055,0.00000004,0.00020503,0.51147634,0.55759472,0.61976528,2.11007333,-0.02499805,-0.25376463,0.74481130
1502,0.00127057,0.00000004,0.00020508,0.51159626,0.55759203,0.61976278,2.11006951,-0.02500153,-0.25376728,0.74480861
1503,0.00127068,0.00000004,0.00020511,0.51255596,0.55758935,0.61976045,2.11006570,-0.02500747,-0.25376990,0.74480593
1504,0.00127069,0.00000004,0.00020504,0.51299584,0.55758667,0.61975807,2.11006188,-0.02501409,-0.25377247,0.74480325
1505,0.00127055,0.00000004,0.00020506,0.51155633,0.55758399,0.61975580,2.11005807,-0.02502434,-0.25377485,0.74480057
1506,0.00127059,0.00000004,0.00020511,0.51179624,0.55758137,0.61975336,2.11005425,-0.02503281,-0.25377712,0.74479789
1507,0.00127068,0.00000004,0.00020518,0.51255596,0.55757868,0.61975104,2.11005068,-0.02504212,-0.25377959,0.74479520
1508,0.00127057,0.00000004,0.00020517,0.51147634,0.55757600,0.61974859,2.11004686,-0.02504672,-0.25378218,0.74479252
1509,0.00127045,0.00000004,0.00020520,0.51023674,0.55757332,0.61974639,2.11004305,-0.02505325,-0.25378501,0.74478984
1510,0.00127054,0.00000004,0.00020523,0.51107645,0.55757064,0.61974430,2.11003923,-0.02505895,-0.25378829,0.74478716
1511,0.00127064,0.00000004,0.00020520,0.51223606,0.55756801,0.61974239,2.11003542,-0.02506495,-0.25379172,0.74478447
1512,0.00127048,0.00000004,0.00020525,0.51051664,0.55756533,0.61974043,2.11003184,-0.02507073,-0.25379518,0.74478179
1513,0.00127063,0.00000004,0.00020534,0.51167625,0.55756265,0.61973840,2.11002803,-0.02507589,-0.25379848,0.74477911
1514,0.00127053,0.00000004,0.00020524,0.51111645,0.55755997,0.61973631,2.11002421,-0.02508121,-0.25380176,0.74477643
1515,0.00127027,0.00000004,0.00020519,0.50879717,0.55755728,0.61973417,2.11002040,-0.02508507,-0.25380507,0.74477375
1516,0.00127056,0.00000004,0.00020524,0.51151633,0.55755466,0.61973172,2.11001658,-0.02508570,-0.25380802,0.74477106
1517,0.00127029,0.00000004,0.00020528,0.50863725,0.55755198,0.61972922,2.11001277,-0.02508321,-0.25381118,0.74476838
1518,0.00127040,0.00000004,0.00020520,0.51023674,0.55754930,0.61972648,2.11000919,-0.02507561,-0.25381446,0.74476570
1519,0.00127065,0.00000004,0.00020506,0.51331574,0.55754662,0.61972350,2.11000538,-0.02506338,-0.25381765,0.74476302
1520,0.00127048,0.00000004,0.00020505,0.51171625,0.55754393,0.61972064,2.11000156,-0.02505369,-0.25382084,0.74476033
1521,0.00127044,0.00000004,0.00020497,0.51163626,0.55754131,0.61971796,2.10999775,-0.02504509,-0.25382420,0.74475765
1522,0.00127042,0.00000004,0.00020495,0.51159626,0.55753863,0.61971521,2.10999393,-0.02503659,-0.25382751,0.74475497
1523,0.00127037,0.00000004,0.00020501,0.51095647,0.55753595,0.61971259,2.10999036,-0.02503174,-0.25383073,0.74475229
1524,0.00127042,0.00000004,0.00020482,0.51227605,0.55753326,0.61971015,2.10998654,-0.02503067,-0.25383383,0.74474961
1525,0.00127063,0.00000004,0.00020488,0.51411551,0.55753058,0.61970770,2.10998273,-0.02503035,-0.25383696,0.74474692
1526,0.00127034,0.00000004,0.00020491,0.51115644,0.55752802,0.61970526,2.10997891,-0.02502937,-0.25384012,0.74474424
1527,0.00127050,0.00000004,0.00020496,0.51263595,0.55752546,0.61970282,2.10997534,-0.02502953,-0.25384316,0.74474156
1528,0.00127027,0.00000004,0.00020479,0.51107645,0.55752277,0.61970031,2.10997176,-0.02503191,-0.25384584,0.74473888
1529,0.00127029,0.00000004,0.00020482,0.51119643,0.55752009,0.61969793,2.10996795,-0.02503651,-0.25384855,0.74473619
1530,0.00127029,0.00000004,0.00020491,0.51083654,0.55751741,0.61969554,2.10996389,-0.02504324,-0.25385112,0.74473351
1531,0.00127024,0.00000004,0.00020494,0.51035666,0.55751479,0.61969304,2.10996032,-0.02504968,-0.25385341,0.74473083
1532,0.00127014,0.00000004,0.00020492,0.50947696,0.55751210,0.61969060,2.10995650,-0.02505525,-0.25385585,0.74472815
1533,0.00127031,0.00000004,0.00020492,0.51119643,0.55750942,0.61968780,2.10995293,-0.02505682,-0.25385806,0.74472547
1534,0.00127006,0.00000004,0.00020484,0.50907707,0.55750674,0.61968499,2.10994911,-0.02505762,-0.25386029,0.74472278
1535,0.00127014,0.00000004,0.00020486,0.50983685,0.55750406,0.61968201,2.10994506,-0.02505784,-0.25386229,0.74472010
1536,0.00127039,0.00000004,0.00020492,0.51219612,0.55750144,0.61967909,2.10994148,-0.02506063,-0.25386411,0.74471742
1537,0.00127018,0.00000004,0.00020488,0.51031673,0.55749875,0.61967623,2.10993767,-0.02506554,-0.25386587,0.74471474
1538,0.00127004,0.00000004,0.00020495,0.50867724,0.55749607,0.61967331,2.10993385,-0.02507016,-0.25386745,0.74471211
1539,0.00126974,0.00000004,0.00020485,0.50615805,0.55749339,0.61967009,2.10993028,-0.02506861,-0.25386885,0.74470949
1540,0.00126999,0.00000004,0.00020482,0.50883716,0.55749071,0.61966658,2.10992622,-0.02506411,-0.25387010,0.74470687
1541,0.00127035,0.00000004,0.00020483,0.51239604,0.55748808,0.61966318,2.10992241,-0.02506380,-0.25387108,0.74470425
1542,0.00127014,0.00000004,0.00020484,0.51031673,0.55748546,0.61965978,2.10991907,-0.02506390,-0.25387213,0.74470162
1543,0.00127012,0.00000004,0.00020475,0.51059663,0.55748290,0.61965609,2.10991526,-0.02506355,-0.25387269,0.74469900
1544,0.00127007,0.00000004,0.00020484,0.50975686,0.55748034,0.61965257,2.10991168,-0.02506492,-0.25387326,0.74469638
1545,0.00127012,0.00000004,0.00020478,0.51059663,0.55747771,0.61964893,2.10990810,-0.02506693,-0.25387365,0.74469376
1546,0.00126981,0.00000004,0.00020470,0.50787747,0.55747515,0.61964530,2.10990429,-0.02506714,-0.25387403,0.74469113
1547,0.00127004,0.00000004,0.00020477,0.50999683,0.55747259,0.61964154,2.10990071,-0.02506526,-0.25387454,0.74468851
1548,0.00126981,0.00000004,0.00020476,0.50779748,0.55747002,0.61963779,2.10989714,-0.02506413,-0.25387499,0.74468589
1549,0.00126996,0.00000004,0.00020473,0.50943696,0.55746740,0.61963391,2.10989332,-0.02506331,-0.25387517,0.74468327
1550,0.00126997,0.00000004,0.00020463,0.50999683,0.55746484,0.61963028,2.10988975,-0.02506261,-0.25387573,0.74468064
1551,0.00126993,0.00000004,0.00020465,0.50959694,0.55746228,0.61962670,2.10988617,-0.02506250,-0.25387636,0.74467802
1552,0.00126991,0.00000004,0.00020468,0.50935704,0.55745965,0.61962318,2.10988235,-0.02506330,-0.25387707,0.74467540
1553,0.00126965,0.00000004,0.00020462,0.50699776,0.55745709,0.61961979,2.10987878,-0.02506648,-0.25387773,0.74467278
1554,0.00127014,0.00000004,0.00020462,0.51195616,0.55745453,0.61961627,2.10987520,-0.02506729,-0.25387841,0.74467015
1555,0.00126998,0.00000004,0.00020467,0.51031673,0.55745190,0.61961281,2.10987163,-0.02506666,-0.25387937,0.74466753
1556,0.00126978,0.00000004,0.00020470,0.50823736,0.55744934,0.61960942,2.10986805,-0.02506812,-0.25388014,0.74466491
1557,0.00126985,0.00000004,0.00020466,0.50915706,0.55744678,0.61960596,2.10986423,-0.02507109,-0.25388080,0.74466228
1558,0.00127001,0.00000004,0.00020463,0.51091653,0.55744416,0.61960238,2.10986066,-0.02507380,-0.25388128,0.74465966
1559,0.00127002,0.00000004,0.00020465,0.51095647,0.55744159,0.61959881,2.10985684,-0.02507617,-0.25388163,0.74465704
1560,0.00126986,0.00000004,0.00020471,0.50915706,0.55743903,0.61959517,2.10985327,-0.02507975,-0.25388190,0.74465442
1561,0.00126982,0.00000004,0.00020468,0.50895715,0.55743647,0.61959189,2.10984969,-0.02508560,-0.25388244,0.74465179
1562,0.00126985,0.00000004,0.00020468,0.50935704,0.55743384,0.61958832,2.10984588,-0.02508864,-0.25388286,0.74464917
1563,0.00126984,0.00000004,0.00020462,0.50951695,0.55743128,0.61958468,2.10984230,-0.02508963,-0.25388321,0.74464655
1564,0.00126975,0.00000004,0.00020469,0.50843728,0.55742872,0.61958098,2.10983872,-0.02509128,-0.25388348,0.74464393
1565,0.00126996,0.00000004,0.00020464,0.51079655,0.55742610,0.61957729,2.10983491,-0.02509339,-0.25388363,0.74464130
1566,0.00126977,0.00000004,0.00020464,0.50891715,0.55742353,0.61957371,2.10983133,-0.02509931,-0.25388384,0.74463868
1567,0.00126970,0.00000004,0.00020460,0.50843728,0.55742097,0.61957008,2.10982776,-0.02510183,-0.25388405,0.74463606
1568,0.00126951,0.00000004,0.00020454,0.50687778,0.55741835,0.61956638,2.10982418,-0.02510186,-0.25388446,0.74463344
1569,0.00126972,0.00000004,0.00020460,0.50879717,0.55741578,0.61956257,2.10982060,-0.02510143,-0.25388461,0.74463081
1570,0.00126976,0.00000004,0.00020468,0.50895715,0.55741322,0.61955887,2.10981679,-0.02510423,-0.25388485,0.74462819
1571,0.00126967,0.00000004,0.00020456,0.50859725,0.55741066,0.61955512,2.10981321,-0.02510372,-0.25388509,0.74462557
1572,0.00126967,0.00000004,0.00020460,0.50847727,0.55740803,0.61955124,2.10980964,-0.02510457,-0.25388515,0.74462295
1573,0.00126964,0.00000004,0.00020453,0.50859725,0.55740547,0.61954749,2.10980582,-0.02510401,-0.25388542,0.74462032
1574,0.00126968,0.00000004,0.00020457,0.50883716,0.55740291,0.61954361,2.10980225,-0.02510454,-0.25388557,0.74461770
1575,0.00126958,0.00000004,0.00020450,0.50819737,0.55740029,0.61953986,2.10979843,-0.02510515,-0.25388581,0.74461508
1576,0.00126960,0.00000004,0.00020455,0.50827736,0.55739772,0.61953610,2.10979486,-0.02510651,-0.25388592,0.74461246
1577,0.00126978,0.00000004,0.00020450,0.51035666,0.55739516,0.61953211,2.10979128,-0.02510408,-0.25388607,0.74460983
1578,0.00126949,0.00000004,0.00020450,0.50751758,0.55739254,0.61952794,2.10978746,-0.02509655,-0.25388613,0.74460721
1579,0.00126983,0.00000004,0.00020449,0.51103646,0.55738997,0.61952376,2.10978413,-0.02509105,-0.25388625,0.74460459
1580,0.00126979,0.00000004,0.00020444,0.51087654,0.55738741,0.61951965,2.10978031,-0.02508417,-0.25388649,0.74460196
1581,0.00126964,0.00000004,0.00020434,0.50987685,0.55738479,0.61951542,2.10977674,-0.02507718,-0.25388658,0.74459934
1582,0.00126959,0.00000004,0.00020430,0.50959694,0.55738223,0.61951125,2.10977316,-0.02506975,-0.25388670,0.74459672
1583,0.00126961,0.00000004,0.00020427,0.50999683,0.55737966,0.61950696,2.10976934,-0.02506248,-0.25388670,0.74459410
1584,0.00126953,0.00000004,0.00020422,0.50939697,0.55737710,0.61950266,2.10976577,-0.02505674,-0.25388652,0.74459147
1585,0.00126958,0.00000004,0.00020422,0.51003677,0.55737448,0.61949843,2.10976219,-0.02505236,-0.25388634,0.74458885
1586,0.00126939,0.00000004,0.00020417,0.50835735,0.55737191,0.61949408,2.10975838,-0.02504701,-0.25388584,0.74458629
1587,0.00126961,0.00000004,0.00020411,0.51091653,0.55736935,0.61948979,2.10975480,-0.02504359,-0.25388524,0.74458373
1588,0.00126954,0.00000004,0.00020410,0.51027673,0.55736673,0.61948591,2.10975122,-0.02504563,-0.25388485,0.74458116
1589,0.00126958,0.00000004,0.00020406,0.51095647,0.55736417,0.61948216,2.10974741,-0.02505384,-0.25388423,0.74457860
1590,0.00126949,0.00000004,0.00020413,0.50983685,0.55736160,0.61947846,2.10974383,-0.02506167,-0.25388369,0.74457604
1591,0.00126937,0.00000004,0.00020416,0.50855726,0.55735898,0.61947453,2.10974026,-0.02506770,-0.25388283,0.74457347
1592,0.00126953,0.00000004,0.00020422,0.50999683,0.55735642,0.61947060,2.10973668,-0.02507314,-0.25388202,0.74457091
1593,0.00126950,0.00000004,0.00020416,0.50999683,0.55735385,0.61946660,2.10973310,-0.02507725,-0.25388131,0.74456835
1594,0.00126946,0.00000004,0.00020423,0.50935704,0.55735129,0.61946279,2.10972929,-0.02508469,-0.25388053,0.74456578
1595,0.00126949,0.00000004,0.00020427,0.50951695,0.55734867,0.61945879,2.10972571,-0.02509082,-0.25387958,0.74456322
1596,0.00126956,0.00000004,0.00020423,0.51043665,0.55734611,0.61945450,2.10972190,-0.02509392,-0.25387830,0.74456066
1597,0.00126968,0.00000004,0.00020435,0.51127636,0.55734354,0.61945021,2.10971832,-0.02509890,-0.25387686,0.74455810
1598,0.00126941,0.00000004,0.00020420,0.50927705,0.55734092,0.61944574,2.10971475,-0.02510043,-0.25387552,0.74455553
1599,0.00126943,0.00000004,0.00020427,0.50923705,0.55733836,0.61944151,2.10971093,-0.02510107,-0.25387457,0.74455297
1600,0.00126936,0.00000004,0.00020426,0.50867724,0.55733579,0.61943722,2.10970736,-0.02510069,-0.25387368,0.74455041
1601,0.00126943,0.00000004,0.00020423,0.50947696,0.55733317,0.61943281,2.10970378,-0.02509700,-0.25387284,0.74454784
1602,0.00126934,0.00000004,0.00020414,0.50907707,0.55733061,0.61942816,2.10969996,-0.02509000,-0.25387198,0.74454528
1603,0.00126949,0.00000004,0.00020411,0.51079655,0.55732805,0.61942369,2.10969639,-0.02508524,-0.25387108,0.74454272
1604,0.00126932,0.00000004,0.00020408,0.50923705,0.55732548,0.61941928,2.10969281,-0.02508317,-0.25387019,0.74454015
1605,0.00126931,0.00000004,0.00020403,0.50943696,0.55732286,0.61941481,2.10968924,-0.02507930,-0.25386921,0.74453759
1606,0.00126930,0.00000004,0.00020401,0.50943696,0.55732030,0.61941028,2.10968566,-0.02507412,-0.25386834,0.74453503
1607,0.00126941,0.00000004,0.00020399,0.51075655,0.55731779,0.61940569,2.10968208,-0.02506645,-0.25386757,0.74453247
1608,0.00126932,0.00000004,0.00020388,0.51031673,0.55731529,0.61940110,2.10967851,-0.02505613,-0.25386703,0.74452990
1609,0.00126948,0.00000004,0.00020395,0.51175624,0.55731285,0.61939669,2.10967493,-0.02504810,-0.25386676,0.74452734
1610,0.00126949,0.00000004,0.00020378,0.51267594,0.55731034,0.61939251,2.10967135,-0.02504165,-0.25386667,0.74452478
1611,0.00126940,0.00000004,0.00020376,0.51183623,0.55730784,0.61938822,2.10966802,-0.02503492,-0.25386646,0.74452221
1612,0.00126933,0.00000004,0.00020371,0.51139635,0.55730534,0.61938411,2.10966444,-0.02503030,-0.25386631,0.74451965
1613,0.00126915,0.00000004,0.00020377,0.50939697,0.55730283,0.61938030,2.10966086,-0.02502956,-0.25386640,0.74451709
1614,0.00126903,0.00000004,0.00020370,0.50859725,0.55730039,0.61937648,2.10965729,-0.02502906,-0.25386640,0.74451452
1615,0.00126931,0.00000004,0.00020371,0.51143634,0.55729789,0.61937273,2.10965395,-0.02503000,-0.25386640,0.74451196
1616,0.00126919,0.00000004,0.00020374,0.51011676,0.55729538,0.61936891,2.10965037,-0.02503130,-0.25386631,0.74450940
1617,0.00126932,0.00000004,0.00020383,0.51115644,0.55729288,0.61936498,2.10964680,-0.02503305,-0.25386599,0.74450684
1618,0.00126929,0.00000004,0.00020375,0.51123643,0.55729038,0.61936146,2.10964322,-0.02503840,-0.25386596,0.74450427
1619,0.00126939,0.00000004,0.00020373,0.51239604,0.55728793,0.61935771,2.10963964,-0.02504156,-0.25386581,0.74450171
1620,0.00126937,0.00000004,0.00020372,0.51227605,0.55728543,0.61935407,2.10963631,-0.02504584,-0.25386575,0.74449915
1621,0.00126906,0.00000004,0.00020371,0.50927705,0.55728292,0.61935061,2.10963273,-0.02505110,-0.25386590,0.74449658
1622,0.00126908,0.00000004,0.00020373,0.50947696,0.55728042,0.61934727,2.10962939,-0.02505847,-0.25386614,0.74449402
1623,0.00126932,0.00000004,0.00020383,0.51151633,0.55727792,0.61934423,2.10962558,-0.02507005,-0.25386655,0.74449146
1624,0.00126914,0.00000004,0.00020383,0.50975686,0.55727541,0.61934114,2.10962224,-0.02508012,-0.25386694,0.74448889
1625,0.00126910,0.00000004,0.00020378,0.50959694,0.55727297,0.61933786,2.10961866,-0.02508825,-0.25386715,0.74448633
1626,0.00126901,0.00000004,0.00020389,0.50831735,0.55727047,0.61933458,2.10961509,-0.02509810,-0.25386727,0.74448377
1627,0.00126922,0.00000004,0.00020397,0.51015675,0.55726796,0.61933112,2.10961175,-0.02510560,-0.25386724,0.74448121
1628,0.00126899,0.00000004,0.00020395,0.50799745,0.55726546,0.61932743,2.10960793,-0.02510859,-0.25386718,0.74447864
1629,0.00126906,0.00000004,0.00020393,0.50887716,0.55726296,0.61932355,2.10960460,-0.02510881,-0.25386703,0.74447608
1630,0.00126903,0.00000004,0.00020387,0.50883716,0.55726051,0.61931926,2.10960102,-0.02510493,-0.25386649,0.74447352
1631,0.00126907,0.00000004,0.00020386,0.50935704,0.55725801,0.61931485,2.10959744,-0.02509915,-0.25386587,0.74447095
1632,0.00126899,0.00000004,0.00020386,0.50863725,0.55725551,0.61931044,2.10959411,-0.02509171,-0.25386545,0.74446839
1633,0.00126896,0.00000004,0.00020378,0.50875717,0.55725300,0.61930591,2.10959029,-0.02508391,-0.25386474,0.74446583
1634,0.00126880,0.00000004,0.00020373,0.50743765,0.55725050,0.61930114,2.10958695,-0.02507131,-0.25386405,0.74446332
1635,0.00126877,0.00000004,0.00020365,0.50751758,0.55724806,0.61929649,2.10958338,-0.02505846,-0.25386342,0.74446082
1636,0.00126877,0.00000004,0.00020357,0.50791746,0.55724555,0.61929184,2.10958004,-0.02504906,-0.25386259,0.74445832
1637,0.00126858,0.00000004,0.00020345,0.50655788,0.55724305,0.61928743,2.10957646,-0.02504222,-0.25386187,0.74445581
1638,0.00126878,0.00000004,0.00020350,0.50847727,0.55724055,0.61928314,2.10957289,-0.02503966,-0.25386107,0.74445331
1639,0.00126884,0.00000004,0.00020356,0.50887716,0.55723804,0.61927897,2.10956931,-0.02503915,-0.25386021,0.74445081
1640,0.00126864,0.00000004,0.00020340,0.50759757,0.55723560,0.61927468,2.10956573,-0.02503585,-0.25385946,0.74444830
1641,0.00126909,0.00000004,0.00020343,0.51207614,0.55723315,0.61927062,2.10956240,-0.02503679,-0.25385866,0.74444580
1642,0.00126901,0.00000004,0.00020354,0.51087654,0.55723071,0.61926675,2.10955882,-0.02504229,-0.25385797,0.74444324
1643,0.00126882,0.00000004,0.00020348,0.50923705,0.55722821,0.61926275,2.10955548,-0.02504779,-0.25385693,0.74444073
1644,0.00126878,0.00000004,0.00020348,0.50895715,0.55722570,0.61925888,2.10955191,-0.02505668,-0.25385579,0.74443823
1645,0.00126894,0.00000004,0.00020358,0.51015675,0.55722332,0.61925495,2.10954833,-0.02506601,-0.25385451,0.74443573
1646,0.00126878,0.00000004,0.00020355,0.50871724,0.55722088,0.61925066,2.10954499,-0.02506878,-0.25385311,0.74443322
1647,0.00126890,0.00000004,0.00020356,0.50995684,0.55721849,0.61924642,2.10954165,-0.02506956,-0.25385201,0.74443072
1648,0.00126900,0.00000004,0.00020355,0.51111645,0.55721611,0.61924219,2.10953832,-0.02506920,-0.25385112,0.74442822
1649,0.00126876,0.00000004,0.00020346,0.50915706,0.55721366,0.61923790,2.10953498,-0.02506715,-0.25385016,0.74442571
1650,0.00126891,0.00000004,0.00020346,0.51063657,0.55721128,0.61923349,2.10953140,-0.02506236,-0.25384924,0.74442321
1651,0.00126872,0.00000004,0.00020341,0.50911707,0.55720890,0.61922896,2.10952806,-0.02505541,-0.25384837,0.74442071
1652,0.00126881,0.00000004,0.00020344,0.50991684,0.55720645,0.61922467,2.10952473,-0.02505122,-0.25384766,0.74441820
1653,0.00126867,0.00000004,0.00020339,0.50879717,0.55720407,0.61922061,2.10952139,-0.02504973,-0.25384709,0.74441570
1654,0.00126858,0.00000004,0.00020333,0.50815737,0.55720168,0.61921656,2.10951781,-0.02504980,-0.25384665,0.74441314
1655,0.00126886,0.00000004,0.00020335,0.51095647,0.55719930,0.61921251,2.10951447,-0.02505015,-0.25384602,0.74441063
1656,0.00126873,0.00000004,0.00020339,0.50955695,0.55719686,0.61920851,2.10951114,-0.02505092,-0.25384536,0.74440813
1657,0.00126867,0.00000004,0.00020336,0.50919706,0.55719447,0.61920428,2.10950780,-0.02505068,-0.25384453,0.74440563
1658,0.00126873,0.00000004,0.00020335,0.50983685,0.55719209,0.61920017,2.10950422,-0.02505122,-0.25384361,0.74440312
1659,0.00126851,0.00000004,0.00020336,0.50771755,0.55718964,0.61919600,2.10950089,-0.02505183,-0.25384274,0.74440062
1660,0.00126851,0.00000004,0.00020333,0.50787747,0.55718726,0.61919188,2.10949755,-0.02505453,-0.25384173,0.74439812
1661,0.00126873,0.00000004,0.00020332,0.51015675,0.55718488,0.61918783,2.10949421,-0.02505904,-0.25384054,0.74439561
1662,0.00126846,0.00000004,0.00020336,0.50743765,0.55718243,0.61918354,2.10949063,-0.02506178,-0.25383931,0.74439311
1663,0.00126859,0.00000004,0.00020332,0.50895715,0.55718005,0.61917955,2.10948730,-0.02506617,-0.25383824,0.74439061
1664,0.00126854,0.00000004,0.00020335,0.50831735,0.55717766,0.61917537,2.10948396,-0.02506670,-0.25383735,0.74438810
1665,0.00126850,0.00000004,0.00020334,0.50807744,0.55717522,0.61917126,2.10948062,-0.02506658,-0.25383660,0.74438560
1666,0.00126869,0.00000004,0.00020336,0.50991684,0.55717283,0.61916721,2.10947704,-0.02506652,-0.25383595,0.74438310
1667,0.00126863,0.00000004,0.00020330,0.50967693,0.55717045,0.61916327,2.10947371,-0.02506757,-0.25383544,0.74438059
1668,0.00126863,0.00000004,0.00020330,0.50967693,0.55716801,0.61915934,2.10947037,-0.02506820,-0.25383493,0.74437809
1669,0.00126862,0.00000004,0.00020335,0.50943696,0.55716562,0.61915535,2.10946703,-0.02506985,-0.25383428,0.74437559
1670,0.00126871,0.00000004,0.00020333,0.51055664,0.55716324,0.61915147,2.10946369,-0.02507523,-0.25383347,0.74437308
1671,0.00126867,0.00000004,0.00020338,0.50999683,0.55716085,0.61914742,2.10946012,-0.02507945,-0.25383234,0.74437058
1672,0.00126871,0.00000004,0.00020330,0.51075655,0.55715841,0.61914331,2.10945678,-0.02508193,-0.25383136,0.74436808
1673,0.00126848,0.00000004,0.00020328,0.50859725,0.55715603,0.61913937,2.10945344,-0.02508597,-0.25383055,0.74436557
1674,0.00126846,0.00000004,0.00020334,0.50819737,0.55715364,0.61913526,2.10945010,-0.02509153,-0.25382933,0.74436307
1675,0.00126855,0.00000004,0.00020339,0.50899714,0.55715120,0.61913103,2.10944653,-0.02509318,-0.25382808,0.74436057
1676,0.00126847,0.00000004,0.00020337,0.50835735,0.55714881,0.61912656,2.10944319,-0.02509162,-0.25382686,0.74435806
1677,0.00126852,0.00000004,0.00020331,0.50915706,0.55714643,0.61912203,2.10943985,-0.02508773,-0.25382555,0.74435556
1678,0.00126843,0.00000004,0.00020334,0.50815737,0.55714399,0.61911744,2.10943651,-0.02508551,-0.25382411,0.74435306
1679,0.00126860,0.00000004,0.00020337,0.50987685,0.55714160,0.61911291,2.10943294,-0.02508496,-0.25382262,0.74435055
1680,0.00126851,0.00000004,0.00020325,0.50947696,0.55713922,0.61910838,2.10942960,-0.02508275,-0.25382119,0.74434805
1681,0.00126849,0.00000004,0.00020331,0.50915706,0.55713683,0.61910355,2.10942626,-0.02507740,-0.25381970,0.74434555
1682,0.00126838,0.00000004,0.00020324,0.50839734,0.55713451,0.61909902,2.10942316,-0.02507454,-0.25381827,0.74434304
1683,0.00126820,0.00000004,0.00020326,0.50659788,0.55713218,0.61909455,2.10941982,-0.02507497,-0.25381687,0.74434054
1684,0.00126836,0.00000004,0.00020326,0.50827736,0.55712986,0.61909008,2.10941648,-0.02507155,-0.25381562,0.74433804
1685,0.00126862,0.00000004,0.00020311,0.51147634,0.55712754,0.61908567,2.10941315,-0.02506649,-0.25381479,0.74433553
1686,0.00126835,0.00000004,0.00020308,0.50895715,0.55712521,0.61908126,2.10941005,-0.02505835,-0.25381428,0.74433303
1687,0.00126826,0.00000004,0.00020304,0.50835735,0.55712295,0.61907691,2.10940671,-0.02505228,-0.25381362,0.74433053
1688,0.00126824,0.00000004,0.00020299,0.50835735,0.55712062,0.61907256,2.10940337,-0.02504549,-0.25381303,0.74432802
1689,0.00126845,0.00000004,0.00020300,0.51051664,0.55711830,0.61906838,2.10940003,-0.02504317,-0.25381249,0.74432552
1690,0.00126824,0.00000004,0.00020295,0.50871724,0.55711597,0.61906427,2.10939670,-0.02504156,-0.25381181,0.74432302
1691,0.00126854,0.00000004,0.00020301,0.51155633,0.55711365,0.61906034,2.10939360,-0.02504423,-0.25381115,0.74432051
1692,0.00126848,0.00000004,0.00020306,0.51075655,0.55711138,0.61905664,2.10939026,-0.02504784,-0.25381085,0.74431801
1693,0.00126840,0.00000004,0.00020303,0.51015675,0.55710906,0.61905283,2.10938692,-0.02504975,-0.25381055,0.74431551
1694,0.00126836,0.00000004,0.00020300,0.50995684,0.55710673,0.61904913,2.10938358,-0.02505434,-0.25381008,0.74431300
1695,0.00126831,0.00000004,0.00020312,0.50899714,0.55710441,0.61904520,2.10938048,-0.02505507,-0.25380966,0.74431050
1696,0.00126842,0.00000004,0.00020294,0.51095647,0.55710208,0.61904120,2.10937715,-0.02505343,-0.25380921,0.74430799
1697,0.00126834,0.00000004,0.00020302,0.50987685,0.55709976,0.61903715,2.10937381,-0.02505343,-0.25380856,0.74430549
1698,0.00126844,0.00000004,0.00020297,0.51107645,0.55709749,0.61903310,2.10937071,-0.02505212,-0.25380799,0.74430299
1699,0.00126815,0.00000004,0.00020302,0.50811738,0.55709517,0.61902910,2.10936737,-0.02505216,-0.25380751,0.74430048
1700,0.00126830,0.00000004,0.00020301,0.50967693,0.55709285,0.61902523,2.10936427,-0.02505440,-0.25380710,0.74429798
1701,0.00126837,0.00000004,0.00020300,0.51043665,0.55709052,0.61902142,2.10936093,-0.02505581,-0.25380677,0.74429548
1702,0.00126842,0.00000004,0.00020301,0.51103646,0.55708820,0.61901766,2.10935760,-0.02505831,-0.25380644,0.74429297
1703,0.00126818,0.00000004,0.00020299,0.50871724,0.55708593,0.61901385,2.10935450,-0.02506033,-0.25380602,0.74429047
1704,0.00126820,0.00000004,0.00020297,0.50915706,0.55708361,0.61900973,2.10935116,-0.02505713,-0.25380573,0.74428797
1705,0.00126825,0.00000004,0.00020291,0.50987685,0.55708128,0.61900598,2.10934782,-0.02505534,-0.25380573,0.74428546
1706,0.00126826,0.00000004,0.00020298,0.50975686,0.55707896,0.61900204,2.10934448,-0.02505579,-0.25380531,0.74428296
1707,0.00126822,0.00000004,0.00020296,0.50955695,0.55707663,0.61899823,2.10934138,-0.02505926,-0.25380474,0.74428046
1708,0.00126819,0.00000004,0.00020303,0.50899714,0.55707437,0.61899436,2.10933805,-0.02506325,-0.25380412,0.74427795
1709,0.00126815,0.00000004,0.00020287,0.50927705,0.55707204,0.61899072,2.10933471,-0.02506997,-0.25380355,0.74427545
1710,0.00126796,0.00000004,0.00020302,0.50683779,0.55706972,0.61898679,2.10933137,-0.02507497,-0.25380272,0.74427295
1711,0.00126830,0.00000004,0.00020305,0.51023674,0.55706739,0.61898285,2.10932827,-0.02508101,-0.25380158,0.74427050
1712,0.00126821,0.00000004,0.00020301,0.50955695,0.55706507,0.61897880,2.10932493,-0.02508293,-0.25380051,0.74426806
1713,0.00126823,0.00000004,0.00020299,0.50991684,0.55706280,0.61897445,2.10932159,-0.02508045,-0.25379932,0.74426562
1714,0.00126804,0.00000004,0.00020295,0.50819737,0.55706054,0.61896992,2.10931849,-0.02507610,-0.25379798,0.74426317
1715,0.00126798,0.00000004,0.00020291,0.50783747,0.55705833,0.61896527,2.10931540,-0.02506867,-0.25379682,0.74426073
1716,0.00126820,0.00000004,0.00020293,0.51003677,0.55705613,0.61896068,2.10931230,-0.02506302,-0.25379547,0.74425828
1717,0.00126813,0.00000004,0.00020276,0.51007676,0.55705380,0.61895603,2.10930896,-0.02505429,-0.25379428,0.74425584
1718,0.00126813,0.00000004,0.00020286,0.50975686,0.55705154,0.61895138,2.10930586,-0.02504416,-0.25379333,0.74425340
1719,0.00126807,0.00000004,0.00020272,0.50979686,0.55704933,0.61894691,2.10930252,-0.02503702,-0.25379241,0.74425095
1720,0.00126815,0.00000004,0.00020270,0.51075655,0.55704713,0.61894262,2.10929942,-0.02503203,-0.25379157,0.74424851
1721,0.00126817,0.00000004,0.00020276,0.51075655,0.55704486,0.61893833,2.10929632,-0.02502896,-0.25379065,0.74424607
1722,0.00126810,0.00000004,0.00020272,0.51027673,0.55704266,0.61893427,2.10929322,-0.02502829,-0.25378978,0.74424362
1723,0.00126812,0.00000004,0.00020269,0.51067656,0.55704045,0.61893010,2.10929012,-0.02502724,-0.25378892,0.74424118
1724,0.00126793,0.00000004,0.00020266,0.50891715,0.55703825,0.61892611,2.10928702,-0.02503029,-0.25378790,0.74423873
1725,0.00126813,0.00000004,0.00020272,0.51071656,0.55703598,0.61892241,2.10928392,-0.02504102,-0.25378674,0.74423629
1726,0.00126804,0.00000004,0.00020269,0.50999683,0.55703378,0.61891872,2.10928059,-0.02505057,-0.25378561,0.74423385
1727,0.00126813,0.00000004,0.00020283,0.51039666,0.55703157,0.61891496,2.10927749,-0.02505843,-0.25378463,0.74423140
1728,0.00126800,0.00000004,0.00020280,0.50931704,0.55702931,0.61891097,2.10927439,-0.02506189,-0.25378358,0.74422896
1729,0.00126813,0.00000004,0.00020282,0.51059663,0.55702710,0.61890686,2.10927129,-0.02506121,-0.25378269,0.74422652
1730,0.00126796,0.00000004,0.00020279,0.50907707,0.55702490,0.61890256,2.10926819,-0.02506046,-0.25378153,0.74422407
1731,0.00126784,0.00000004,0.00020280,0.50791746,0.55702263,0.61889833,2.10926509,-0.02505982,-0.25378036,0.74422163
1732,0.00126797,0.00000004,0.00020267,0.50983685,0.55702043,0.61889410,2.10926175,-0.02505933,-0.25377926,0.74421918
1733,0.00126796,0.00000004,0.00020274,0.50947696,0.55701822,0.61889005,2.10925865,-0.02506263,-0.25377810,0.74421674
1734,0.00126785,0.00000004,0.00020274,0.50843728,0.55701596,0.61888582,2.10925555,-0.02506657,-0.25377661,0.74421430
1735,0.00126792,0.00000004,0.00020280,0.50899714,0.55701375,0.61888170,2.10925245,-0.02507012,-0.25377533,0.74421185
1736,0.00126801,0.00000004,0.00020279,0.51003677,0.55701154,0.61887717,2.10924935,-0.02506541,-0.25377396,0.74420941
1737,0.00126795,0.00000004,0.00020274,0.50963694,0.55700928,0.61887240,2.10924625,-0.02505844,-0.25377247,0.74420696
1738,0.00126776,0.00000004,0.00020267,0.50807744,0.55700707,0.61886775,2.10924292,-0.02505350,-0.25377095,0.74420452
1739,0.00126799,0.00000004,0.00020265,0.51051664,0.55700487,0.61886346,2.10923982,-0.02505273,-0.25376981,0.74420208
1740,0.00126793,0.00000004,0.00020259,0.51023674,0.55700260,0.61885935,2.10923648,-0.02505339,-0.25376880,0.74419963
1741,0.00126785,0.00000004,0.00020271,0.50899714,0.55700040,0.61885536,2.10923338,-0.02505530,-0.25376794,0.74419719
1742,0.00126784,0.00000004,0.00020269,0.50903714,0.55699819,0.61885142,2.10923028,-0.02505690,-0.25376713,0.74419475
1743,0.00126781,0.00000004,0.00020265,0.50899714,0.55699599,0.61884713,2.10922718,-0.02505328,-0.25376627,0.74419230
1744,0.00126764,0.00000004,0.00020264,0.50739765,0.55699372,0.61884272,2.10922408,-0.02504405,-0.25376561,0.74418986
1745,0.00126776,0.00000004,0.00020257,0.50895715,0.55699152,0.61883831,2.10922098,-0.02503695,-0.25376487,0.74418741
1746,0.00126765,0.00000004,0.00020246,0.50835735,0.55698931,0.61883420,2.10921764,-0.02503454,-0.25376409,0.74418497
1747,0.00126774,0.00000004,0.00020256,0.50887716,0.55698705,0.61883020,2.10921454,-0.02503527,-0.25376332,0.74418253
1748,0.00126792,0.00000004,0.00020254,0.51087654,0.55698484,0.61882621,2.10921144,-0.02503682,-0.25376245,0.74418008
1749,0.00126762,0.00000004,0.00020256,0.50787747,0.55698264,0.61882228,2.10920835,-0.02504160,-0.25376138,0.74417764
1750,0.00126796,0.00000004,0.00020257,0.51127636,0.55698037,0.61881828,2.10920525,-0.02504485,-0.25376034,0.74417520
1751,0.00126776,0.00000004,0.00020254,0.50947696,0.55697817,0.61881423,2.10920215,-0.02504392,-0.25375959,0.74417275
1752,0.00126760,0.00000004,0.00020260,0.50763756,0.55697596,0.61881036,2.10919905,-0.02504632,-0.25375897,0.74417031
1753,0.00126781,0.00000004,0.00020249,0.51027673,0.55697370,0.61880660,2.10919571,-0.02504889,-0.25375849,0.74416786
1754,0.00126771,0.00000004,0.00020254,0.50911707,0.55697149,0.61880291,2.10919261,-0.02505091,-0.25375810,0.74416542
1755,0.00126772,0.00000004,0.00020268,0.50875717,0.55696929,0.61879927,2.10918951,-0.02505740,-0.25375748,0.74416298
1756,0.00126776,0.00000004,0.00020270,0.50907707,0.55696702,0.61879557,2.10918641,-0.02506403,-0.25375673,0.74416053
1757,0.00126789,0.00000004,0.00020261,0.51087654,0.55696481,0.61879182,2.10918331,-0.02506664,-0.25375617,0.74415809
1758,0.00126761,0.00000004,0.00020259,0.50815737,0.55696261,0.61878783,2.10918021,-0.02506566,-0.25375566,0.74415565
1759,0.00126786,0.00000004,0.00020267,0.51043665,0.55696046,0.61878365,2.10917711,-0.02506126,-0.25375497,0.74415320
1760,0.00126776,0.00000004,0.00020251,0.51011676,0.55695832,0.61877918,2.10917401,-0.02505344,-0.25375411,0.74415076
1761,0.00126779,0.00000004,0.00020249,0.51055664,0.55695617,0.61877483,2.10917115,-0.02504827,-0.25375327,0.74414831
1762,0.00126766,0.00000004,0.00020251,0.50923705,0.55695403,0.61877054,2.10916805,-0.02504528,-0.25375226,0.74414587
1763,0.00126780,0.00000004,0.00020246,0.51087654,0.55695194,0.61876607,2.10916495,-0.02503861,-0.25375122,0.74414343
1764,0.00126766,0.00000004,0.00020236,0.50995684,0.55694979,0.61876154,2.10916209,-0.02503247,-0.25375009,0.74414098
1765,0.00126780,0.00000004,0.00020240,0.51131636,0.55694765,0.61875719,2.10915899,-0.02502766,-0.25374913,0.74413854
1766,0.00126795,0.00000004,0.00020239,0.51287585,0.55694550,0.61875302,2.10915589,-0.02502572,-0.25374827,0.74413610
1767,0.00126775,0.00000004,0.00020231,0.51131636,0.55694336,0.61874902,2.10915303,-0.02502619,-0.25374752,0.74413365
1768,0.00126783,0.00000004,0.00020242,0.51171625,0.55694127,0.61874521,2.10914993,-0.02502755,-0.25374705,0.74413121
1769,0.00126772,0.00000004,0.00020241,0.51063657,0.55693913,0.61874145,2.10914683,-0.02502959,-0.25374657,0.74412876
1770,0.00126770,0.00000004,0.00020237,0.51071656,0.55693698,0.61873776,2.10914373,-0.02503172,-0.25374624,0.74412632
1771,0.00126765,0.00000004,0.00020241,0.51007676,0.55693483,0.61873406,2.10914087,-0.02503485,-0.25374591,0.74412388
1772,0.00126757,0.00000004,0.00020236,0.50955695,0.55693269,0.61873049,2.10913801,-0.02503835,-0.25374562,0.74412143
1773,0.00126784,0.00000004,0.00020251,0.51167625,0.55693054,0.61872697,2.10913467,-0.02504374,-0.25374535,0.74411899
1774,0.00126762,0.00000004,0.00020244,0.50983685,0.55692846,0.61872345,2.10913181,-0.02504896,-0.25374505,0.74411654
1775,0.00126766,0.00000004,0.00020247,0.51019675,0.55692631,0.61871976,2.10912895,-0.02505079,-0.25374478,0.74411410
1776,0.00126754,0.00000004,0.00020253,0.50879717,0.55692416,0.61871612,2.10912561,-0.02505275,-0.25374460,0.74411166
1777,0.00126747,0.00000004,0.00020241,0.50867724,0.55692202,0.61871266,2.10912275,-0.02505665,-0.25374454,0.74410921
1778,0.00126759,0.00000004,0.00020248,0.50959694,0.55691987,0.61870897,2.10911989,-0.02505954,-0.25374418,0.74410677
1779,0.00126741,0.00000004,0.00020239,0.50831735,0.55691779,0.61870509,2.10911655,-0.02506036,-0.25374353,0.74410433
1780,0.00126775,0.00000004,0.00020241,0.51163626,0.55691564,0.61870086,2.10911369,-0.02505806,-0.25374261,0.74410188
1781,0.00126736,0.00000004,0.00020243,0.50767756,0.55691350,0.61869669,2.10911083,-0.02505515,-0.25374180,0.74409944
1782,0.00126759,0.00000004,0.00020232,0.51051664,0.55691135,0.61869228,2.10910749,-0.02504759,-0.25374112,0.74409699
1783,0.00126741,0.00000004,0.00020229,0.50891715,0.55690920,0.61868799,2.10910463,-0.02503856,-0.25374067,0.74409455
1784,0.00126767,0.00000004,0.00020237,0.51119643,0.55690706,0.61868405,2.10910177,-0.02503432,-0.25374046,0.74409211
1785,0.00126759,0.00000004,0.00020230,0.51079655,0.55690497,0.61868012,2.10909843,-0.02503210,-0.25374010,0.74408966
1786,0.00126762,0.00000004,0.00020227,0.51127636,0.55690283,0.61867625,2.10909557,-0.02503151,-0.25373974,0.74408722
1787,0.00126755,0.00000004,0.00020232,0.51047665,0.55690068,0.61867243,2.10909271,-0.02503201,-0.25373930,0.74408478
1788,0.00126745,0.00000004,0.00020231,0.50955695,0.55689853,0.61866862,2.10908961,-0.02503324,-0.25373891,0.74408233
1789,0.00126747,0.00000004,0.00020230,0.50983685,0.55689639,0.61866468,2.10908651,-0.02503235,-0.25373840,0.74407989
1790,0.00126778,0.00000004,0.00020222,0.51331574,0.55689424,0.61866057,2.10908365,-0.02503145,-0.25373769,0.74407744
1791,0.00126741,0.00000004,0.00020227,0.50947696,0.55689216,0.61865669,2.10908055,-0.02503283,-0.25373700,0.74407500
1792,0.00126717,0.00000004,0.00020226,0.50715768,0.55689001,0.61865270,2.10907745,-0.02503281,-0.25373635,0.74407256
1793,0.00126753,0.00000004,0.00020228,0.51079655,0.55688787,0.61864853,2.10907459,-0.02503316,-0.25373518,0.74407011
1794,0.00126748,0.00000004,0.00020230,0.51019675,0.55688572,0.61864448,2.10907149,-0.02503631,-0.25373414,0.74406767
1795,0.00126718,0.00000004,0.00020228,0.50735766,0.55688357,0.61864060,2.10906839,-0.02504235,-0.25373304,0.74406523
1796,0.00126740,0.00000004,0.00020232,0.50943696,0.55688149,0.61863685,2.10906553,-0.02505086,-0.25373194,0.74406278
1797,0.00126717,0.00000004,0.00020235,0.50715768,0.55687934,0.61863303,2.10906243,-0.02505966,-0.25373077,0.74406034
1798,0.00126724,0.00000004,0.00020236,0.50787747,0.55687720,0.61862898,2.10905933,-0.02506376,-0.25372955,0.74405789
1799,0.00126737,0.00000004,0.00020238,0.50907707,0.55687505,0.61862481,2.10905647,-0.02506435,-0.25372833,0.74405545
1800,0.00126743,0.00000004,0.00020235,0.50987685,0.55687290,0.61862063,2.10905337,-0.02506553,-0.25372723,0.74405301
1801,0.00126744,0.00000004,0.00020232,0.51019675,0.55687076,0.61861640,2.10905027,-0.02506417,-0.25372618,0.74405056
1802,0.00126744,0.00000004,0.00020231,0.51027673,0.55686867,0.61861223,2.10904741,-0.02506479,-0.25372511,0.74404812
1803,0.00126714,0.00000004,0.00020233,0.50731766,0.55686653,0.61860794,2.10904431,-0.02506076,-0.25372416,0.74404567
1804,0.00126727,0.00000004,0.00020225,0.50895715,0.55686438,0.61860371,2.10904145,-0.02505550,-0.25372350,0.74404323
1805,0.00126744,0.00000004,0.00020226,0.51063657,0.55686224,0.61859924,2.10903835,-0.02504655,-0.25372279,0.74404079
1806,0.00126713,0.00000004,0.00020224,0.50771755,0.55686009,0.61859500,2.10903525,-0.02503932,-0.25372222,0.74403834
1807,0.00126749,0.00000004,0.00020214,0.51179624,0.55685800,0.61859071,2.10903239,-0.02503172,-0.25372168,0.74403590
1808,0.00126741,0.00000004,0.00020215,0.51103646,0.55685586,0.61858648,2.10902929,-0.02502580,-0.25372115,0.74403346
1809,0.00126731,0.00000004,0.00020223,0.50971687,0.55685371,0.61858231,2.10902619,-0.02501990,-0.25372064,0.74403101
1810,0.00126739,0.00000004,0.00020202,0.51151633,0.55685157,0.61857796,2.10902333,-0.02501297,-0.25371996,0.74402857
1811,0.00126738,0.00000004,0.00020207,0.51127636,0.55684942,0.61857378,2.10902023,-0.02500815,-0.25371930,0.74402612
1812,0.00126707,0.00000004,0.00020206,0.50819737,0.55684727,0.61856961,2.10901713,-0.02500724,-0.25371838,0.74402368
1813,0.00126715,0.00000004,0.00020206,0.50907707,0.55684519,0.61856532,2.10901427,-0.02500661,-0.25371721,0.74402124
1814,0.00126731,0.00000004,0.00020205,0.51083654,0.55684310,0.61856109,2.10901117,-0.02500686,-0.25371599,0.74401879
1815,0.00126717,0.00000004,0.00020198,0.50975686,0.55684108,0.61855686,2.10900855,-0.02500918,-0.25371462,0.74401635
1816,0.00126731,0.00000004,0.00020206,0.51091653,0.55683905,0.61855310,2.10900545,-0.02501866,-0.25371340,0.74401391
1817,0.00126716,0.00000004,0.00020209,0.50935704,0.55683696,0.61854917,2.10900259,-0.02502588,-0.25371182,0.74401152
1818,0.00126748,0.00000004,0.00020209,0.51259595,0.55683494,0.61854506,2.10899973,-0.02503172,-0.25371036,0.74400908
1819,0.00126724,0.00000004,0.00020216,0.50999683,0.55683291,0.61854106,2.10899687,-0.02503872,-0.25370893,0.74400663
1820,0.00126700,0.00000004,0.00020214,0.50771755,0.55683082,0.61853707,2.10899401,-0.02504669,-0.25370750,0.74400419
1821,0.00126707,0.00000004,0.00020218,0.50831735,0.55682880,0.61853325,2.10899091,-0.02505476,-0.25370625,0.74400175
1822,0.00126729,0.00000004,0.00020214,0.51075655,0.55682677,0.61852926,2.10898805,-0.02506086,-0.25370502,0.74399930
1823,0.00126731,0.00000004,0.00020222,0.51063657,0.55682468,0.61852527,2.10898519,-0.02506698,-0.25370374,0.74399686
1824,0.00126717,0.00000004,0.00020217,0.50959694,0.55682266,0.61852115,2.10898232,-0.02507026,-0.25370231,0.74399447
1825,0.00126715,0.00000004,0.00020229,0.50891715,0.55682063,0.61851686,2.10897946,-0.02506900,-0.25370091,0.74399209
1826,0.00126710,0.00000004,0.00020226,0.50859725,0.55681854,0.61851227,2.10897660,-0.02506381,-0.25369945,0.74398971
1827,0.00126684,0.00000004,0.00020221,0.50627798,0.55681652,0.61850786,2.10897350,-0.02505860,-0.25369835,0.74398726
1828,0.00126714,0.00000004,0.00020222,0.50923705,0.55681449,0.61850321,2.10897088,-0.02504829,-0.25369740,0.74398482
1829,0.00126704,0.00000004,0.00020210,0.50887716,0.55681241,0.61849850,2.10896778,-0.02503794,-0.25369638,0.74398237
1830,0.00126705,0.00000004,0.00020206,0.50915706,0.55681038,0.61849380,2.10896516,-0.02502710,-0.25369525,0.74397993
1831,0.00126711,0.00000004,0.00020199,0.51015675,0.55680835,0.61848903,2.10896206,-0.02501634,-0.25369409,0.74397749
1832,0.00126720,0.00000004,0.00020201,0.51099646,0.55680627,0.61848456,2.10895920,-0.02501096,-0.25369278,0.74397510
1833,0.00126713,0.00000004,0.00020201,0.51039666,0.55680424,0.61848027,2.10895634,-0.02501002,-0.25369170,0.74397266
1834,0.00126705,0.00000004,0.00020197,0.50979686,0.55680221,0.61847627,2.10895348,-0.02501078,-0.25369090,0.74397022
1835,0.00126702,0.00000004,0.00020198,0.50955695,0.55680013,0.61847240,2.10895061,-0.02501349,-0.25369012,0.74396777
1836,0.00126705,0.00000004,0.00020194,0.51003677,0.55679810,0.61846840,2.10894752,-0.02501745,-0.25368914,0.74396533
1837,0.00126700,0.00000004,0.00020202,0.50927705,0.55679607,0.61846435,2.10894489,-0.02501858,-0.25368816,0.74396288
1838,0.00126694,0.00000004,0.00020200,0.50879717,0.55679405,0.61846024,2.10894179,-0.02501661,-0.25368714,0.74396050
1839,0.00126706,0.00000004,0.00020195,0.51031673,0.55679196,0.61845601,2.10893893,-0.02501281,-0.25368637,0.74395806
1840,0.00126697,0.00000004,0.00020193,0.50951695,0.55678993,0.61845201,2.10893607,-0.02501243,-0.25368556,0.74395567
1841,0.00126677,0.00000004,0.00020190,0.50767756,0.55678791,0.61844808,2.10893321,-0.02501158,-0.25368482,0.74395329
1842,0.00126704,0.00000004,0.00020191,0.51043665,0.55678582,0.61844432,2.10893035,-0.02501598,-0.25368419,0.74395084
1843,0.00126700,0.00000004,0.00020192,0.51007676,0.55678380,0.61844081,2.10892749,-0.02502378,-0.25368369,0.74394840
1844,0.00126701,0.00000004,0.00020196,0.51003677,0.55678177,0.61843747,2.10892439,-0.02503222,-0.25368336,0.74394596
1845,0.00126690,0.00000004,0.00020205,0.50867724,0.55677968,0.61843389,2.10892177,-0.02503946,-0.25368285,0.74394351
1846,0.00126711,0.00000004,0.00020208,0.51071656,0.55677766,0.61843032,2.10891867,-0.02504514,-0.25368229,0.74394113
1847,0.00126689,0.00000004,0.00020213,0.50835735,0.55677563,0.61842668,2.10891581,-0.02504776,-0.25368196,0.74393868
1848,0.00126695,0.00000004,0.00020210,0.50903714,0.55677354,0.61842281,2.10891294,-0.02504725,-0.25368157,0.74393624
1849,0.00126702,0.00000004,0.00020205,0.51003677,0.55677158,0.61841917,2.10891008,-0.02504901,-0.25368145,0.74393380
1850,0.00126691,0.00000004,0.00020210,0.50883716,0.55676967,0.61841571,2.10890746,-0.02505082,-0.25368151,0.74393135
1851,0.00126669,0.00000004,0.00020204,0.50691777,0.55676770,0.61841208,2.10890460,-0.02504942,-0.25368175,0.74392891
1852,0.00126691,0.00000004,0.00020203,0.50915706,0.55676574,0.61840832,2.10890198,-0.02504613,-0.25368181,0.74392647
1853,0.00126703,0.00000004,0.00020196,0.51067656,0.55676377,0.61840439,2.10889912,-0.02504028,-0.25368178,0.74392402
1854,0.00126680,0.00000004,0.00020202,0.50823736,0.55676180,0.61840034,2.10889649,-0.02503345,-0.25368169,0.74392158
1855,0.00126699,0.00000004,0.00020200,0.51023674,0.55675983,0.61839664,2.10889363,-0.02503226,-0.25368163,0.74391913
1856,0.00126715,0.00000004,0.00020198,0.51203614,0.55675793,0.61839300,2.10889077,-0.02503232,-0.25368160,0.74391669
1857,0.00126687,0.00000004,0.00020197,0.50935704,0.55675596,0.61838949,2.10888815,-0.02503524,-0.25368160,0.74391425
1858,0.00126700,0.00000004,0.00020206,0.51035666,0.55675399,0.61838615,2.10888529,-0.02504088,-0.25368160,0.74391180
1859,0.00126678,0.00000004,0.00020202,0.50835735,0.55675203,0.61838299,2.10888243,-0.02505038,-0.25368157,0.74390936
1860,0.00126692,0.00000004,0.00020211,0.50943696,0.55675006,0.61837959,2.10887980,-0.02505767,-0.25368133,0.74390692
1861,0.00126692,0.00000004,0.00020206,0.50971687,0.55674809,0.61837602,2.10887694,-0.02505964,-0.25368124,0.74390447
1862,0.00126679,0.00000004,0.00020200,0.50871724,0.55674618,0.61837244,2.10887432,-0.02506259,-0.25368083,0.74390209
1863,0.00126694,0.00000004,0.00020210,0.50979686,0.55674422,0.61836874,2.10887146,-0.02506483,-0.25368044,0.74389970
1864,0.00126686,0.00000004,0.00020211,0.50903714,0.55674225,0.61836511,2.10886860,-0.02506944,-0.25367969,0.74389732
1865,0.00126685,0.00000004,0.00020218,0.50871724,0.55674028,0.61836118,2.10886598,-0.02507190,-0.25367880,0.74389493
1866,0.00126679,0.00000004,0.00020210,0.50847727,0.55673832,0.61835730,2.10886312,-0.02507233,-0.25367796,0.74389255
1867,0.00126678,0.00000004,0.00020211,0.50843728,0.55673635,0.61835325,2.10886025,-0.02507185,-0.25367716,0.74389017
1868,0.00126682,0.00000004,0.00020208,0.50899714,0.55673444,0.61834908,2.10885763,-0.02506695,-0.25367638,0.74388778
1869,0.00126697,0.00000004,0.00020201,0.51087654,0.55673248,0.61834472,2.10885501,-0.02506210,-0.25367525,0.74388540
1870,0.00126661,0.00000004,0.00020200,0.50731766,0.55673051,0.61834031,2.10885215,-0.02505574,-0.25367418,0.74388301
1871,0.00126689,0.00000004,0.00020208,0.50991684,0.55672854,0.61833602,2.10884929,-0.02505151,-0.25367311,0.74388063
1872,0.00126663,0.00000004,0.00020194,0.50795746,0.55672657,0.61833143,2.10884666,-0.02504189,-0.25367197,0.74387825
1873,0.00126688,0.00000004,0.00020193,0.51055664,0.55672461,0.61832696,2.10884380,-0.02503308,-0.25367108,0.74387586
1874,0.00126674,0.00000004,0.00020187,0.50943696,0.55672270,0.61832273,2.10884094,-0.02502858,-0.25367016,0.74387348
1875,0.00126659,0.00000004,0.00020183,0.50811738,0.55672073,0.61831850,2.10883832,-0.02502200,-0.25366944,0.74387109
1876,0.00126670,0.00000004,0.00020186,0.50923705,0.55671877,0.61831415,2.10883570,-0.02501494,-0.25366861,0.74386871
1877,0.00126660,0.00000004,0.00020180,0.50851727,0.55671680,0.61830992,2.10883284,-0.02501087,-0.25366765,0.74386632
1878,0.00126676,0.00000004,0.00020179,0.51015675,0.55671483,0.61830574,2.10882998,-0.02500695,-0.25366676,0.74386394
1879,0.00126674,0.00000004,0.00020171,0.51039666,0.55671293,0.61830145,2.10882711,-0.02499983,-0.25366604,0.74386156
1880,0.00126664,0.00000004,0.00020171,0.50947696,0.55671096,0.61829716,2.10882449,-0.02499376,-0.25366506,0.74385917
1881,0.00126658,0.00000004,0.00020168,0.50907707,0.55670899,0.61829269,2.10882163,-0.02498830,-0.25366384,0.74385679
1882,0.00126674,0.00000004,0.00020172,0.51055664,0.55670702,0.61828834,2.10881877,-0.02498254,-0.25366279,0.74385440
1883,0.00126669,0.00000004,0.00020163,0.51047665,0.55670506,0.61828387,2.10881615,-0.02498003,-0.25366133,0.74385202
1884,0.00126655,0.00000004,0.00020159,0.50931704,0.55670309,0.61827958,2.10881352,-0.02497908,-0.25365990,0.74384964
1885,0.00126690,0.00000004,0.00020164,0.51263595,0.55670118,0.61827546,2.10881066,-0.02498310,-0.25365835,0.74384725
1886,0.00126664,0.00000004,0.00020173,0.50971687,0.55669922,0.61827147,2.10880780,-0.02499070,-0.25365674,0.74384487
1887,0.00126653,0.00000004,0.00020172,0.50871724,0.55669725,0.61826777,2.10880518,-0.02500065,-0.25365546,0.74384248
1888,0.00126678,0.00000004,0.00020176,0.51111645,0.55669528,0.61826408,2.10880232,-0.02501127,-0.25365406,0.74384010
1889,0.00126661,0.00000004,0.00020174,0.50955695,0.55669332,0.61826032,2.10879946,-0.02502180,-0.25365272,0.74383771
1890,0.00126675,0.00000004,0.00020190,0.51039666,0.55669135,0.61825663,2.10879683,-0.02503061,-0.25365147,0.74383533
1891,0.00126652,0.00000004,0.00020190,0.50815737,0.55668944,0.61825287,2.10879421,-0.02504027,-0.25365031,0.74383289
1892,0.00126664,0.00000004,0.00020197,0.50911707,0.55668747,0.61824900,2.10879135,-0.02504732,-0.25364918,0.74383044
1893,0.00126659,0.00000004,0.00020189,0.50899714,0.55668551,0.61824489,2.10878849,-0.02504977,-0.25364783,0.74382806
1894,0.00126650,0.00000004,0.00020194,0.50799745,0.55668354,0.61824071,2.10878563,-0.02505013,-0.25364667,0.74382561
1895,0.00126689,0.00000004,0.00020186,0.51227605,0.55668157,0.61823654,2.10878301,-0.02504918,-0.25364578,0.74382317
1896,0.00126664,0.00000004,0.00020188,0.50975686,0.55667961,0.61823261,2.10878015,-0.02505034,-0.25364503,0.74382073
1897,0.00126651,0.00000004,0.00020187,0.50855726,0.55667770,0.61822850,2.10877728,-0.02504801,-0.25364438,0.74381828
1898,0.00126648,0.00000004,0.00020186,0.50835735,0.55667573,0.61822444,2.10877466,-0.02504439,-0.25364387,0.74381584
1899,0.00126668,0.00000004,0.00020181,0.51055664,0.55667377,0.61822051,2.10877204,-0.02504419,-0.25364327,0.74381340
1900,0.00126655,0.00000004,0.00020186,0.50915706,0.55667180,0.61821628,2.10876918,-0.02504188,-0.25364235,0.74381095
1901,0.00126650,0.00000004,0.00020180,0.50899714,0.55666983,0.61821181,2.10876632,-0.02503826,-0.25364113,0.74380851
1902,0.00126645,0.00000004,0.00020181,0.50843728,0.55666786,0.61820769,2.10876369,-0.02503679,-0.25364026,0.74380606
1903,0.00126646,0.00000004,0.00020190,0.50823736,0.55666596,0.61820382,2.10876083,-0.02503559,-0.25363991,0.74380362
1904,0.00126633,0.00000004,0.00020179,0.50743765,0.55666399,0.61819988,2.10875797,-0.02503318,-0.25363964,0.74380118
1905,0.00126668,0.00000004,0.00020181,0.51099646,0.55666202,0.61819595,2.10875535,-0.02503232,-0.25363913,0.74379873
1906,0.00126644,0.00000004,0.00020178,0.50867724,0.55666006,0.61819208,2.10875273,-0.02503023,-0.25363880,0.74379629
1907,0.00126674,0.00000004,0.00020179,0.51179624,0.55665809,0.61818832,2.10874987,-0.02503096,-0.25363857,0.74379385
1908,0.00126681,0.00000004,0.00020183,0.51231605,0.55665612,0.61818445,2.10874701,-0.02503055,-0.25363806,0.74379140
1909,0.00126651,0.00000004,0.00020187,0.50919706,0.55665421,0.61818057,2.10874438,-0.02503403,-0.25363722,0.74378896
1910,0.00126647,0.00000004,0.00020181,0.50911707,0.55665225,0.61817640,2.10874152,-0.02503486,-0.25363615,0.74378651
1911,0.00126647,0.00000004,0.00020183,0.50907707,0.55665028,0.61817241,2.10873866,-0.02503752,-0.25363517,0.74378407
1912,0.00126636,0.00000004,0.00020179,0.50823736,0.55664831,0.61816841,2.10873580,-0.02504205,-0.25363401,0.74378163
1913,0.00126632,0.00000004,0.00020182,0.50783747,0.55664635,0.61816448,2.10873318,-0.02504756,-0.25363284,0.74377918
1914,0.00126664,0.00000004,0.00020180,0.51115644,0.55664444,0.61816037,2.10873055,-0.02504954,-0.25363171,0.74377674
1915,0.00126656,0.00000004,0.00020191,0.50995684,0.55664247,0.61815614,2.10872769,-0.02504934,-0.25363064,0.74377429
1916,0.00126649,0.00000004,0.00020179,0.50975686,0.55664051,0.61815184,2.10872483,-0.02504614,-0.25362960,0.74377185
1917,0.00126656,0.00000004,0.00020172,0.51083654,0.55663854,0.61814749,2.10872221,-0.02504226,-0.25362855,0.74376941
1918,0.00126669,0.00000004,0.00020177,0.51199615,0.55663657,0.61814308,2.10871935,-0.02503802,-0.25362745,0.74376696
1919,0.00126646,0.00000004,0.00020175,0.50983685,0.55663460,0.61813867,2.10871649,-0.02503090,-0.25362661,0.74376452
1920,0.00126676,0.00000004,0.00020178,0.51283592,0.55663270,0.61813456,2.10871387,-0.02502893,-0.25362590,0.74376208
1921,0.00126652,0.00000004,0.00020176,0.51051664,0.55663073,0.61813051,2.10871124,-0.02502677,-0.25362527,0.74375963
1922,0.00126644,0.00000004,0.00020171,0.50995684,0.55662876,0.61812615,2.10870838,-0.02502290,-0.25362432,0.74375719
1923,0.00126644,0.00000004,0.00020169,0.51015675,0.55662680,0.61812186,2.10870552,-0.02502200,-0.25362313,0.74375474
1924,0.00126621,0.00000004,0.00020174,0.50767756,0.55662483,0.61811769,2.10870290,-0.02502252,-0.25362197,0.74375230
1925,0.00126635,0.00000004,0.00020173,0.50915706,0.55662286,0.61811382,2.10870004,-0.02502938,-0.25362083,0.74374986
1926,0.00126635,0.00000004,0.00020175,0.50919706,0.55662096,0.61810994,2.10869718,-0.02503699,-0.25361961,0.74374741
1927,0.00126623,0.00000004,0.00020180,0.50779748,0.55661899,0.61810607,2.10869455,-0.02504276,-0.25361854,0.74374497
1928,0.00126642,0.00000004,0.00020178,0.50983685,0.55661702,0.61810219,2.10869169,-0.02504826,-0.25361755,0.74374253
1929,0.00126623,0.00000004,0.00020177,0.50807744,0.55661505,0.61809820,2.10868907,-0.02505254,-0.25361642,0.74374008
1930,0.00126618,0.00000004,0.00020181,0.50743765,0.55661309,0.61809403,2.10868621,-0.02505215,-0.25361544,0.74373764
1931,0.00126622,0.00000004,0.00020178,0.50807744,0.55661112,0.61808985,2.10868335,-0.02505220,-0.25361434,0.74373519
1932,0.00126643,0.00000004,0.00020179,0.51019675,0.55660921,0.61808562,2.10868073,-0.02504990,-0.25361335,0.74373275
1933,0.00126628,0.00000004,0.00020179,0.50871724,0.55660725,0.61808145,2.10867786,-0.02504559,-0.25361273,0.74373031
1934,0.00126627,0.00000004,0.00020178,0.50875717,0.55660528,0.61807740,2.10867500,-0.02503942,-0.25361237,0.74372786
1935,0.00126655,0.00000004,0.00020175,0.51175624,0.55660331,0.61807323,2.10867238,-0.02503488,-0.25361201,0.74372536
1936,0.00126613,0.00000004,0.00020165,0.50795746,0.55660135,0.61806941,2.10866952,-0.02503297,-0.25361195,0.74372286
1937,0.00126643,0.00000004,0.00020173,0.51063657,0.55659938,0.61806571,2.10866690,-0.02503747,-0.25361168,0.74372035
1938,0.00126632,0.00000004,0.00020171,0.50975686,0.55659747,0.61806232,2.10866404,-0.02504523,-0.25361153,0.74371785
1939,0.00126633,0.00000004,0.00020174,0.50979686,0.55659550,0.61805886,2.10866141,-0.02505281,-0.25361130,0.74371535
1940,0.00126624,0.00000004,0.00020176,0.50887716,0.55659354,0.61805522,2.10865855,-0.02505825,-0.25361079,0.74371290
1941,0.00126625,0.00000004,0.00020182,0.50875717,0.55659157,0.61805153,2.10865569,-0.02506223,-0.25361034,0.74371046
1942,0.00126624,0.00000004,0.00020183,0.50867724,0.55658960,0.61804760,2.10865307,-0.02506219,-0.25360975,0.74370801
1943,0.00126639,0.00000004,0.00020181,0.51031673,0.55658770,0.61804366,2.10865021,-0.02506011,-0.25360933,0.74370557
1944,0.00126637,0.00000004,0.00020177,0.51035666,0.55658573,0.61803979,2.10864758,-0.02505958,-0.25360888,0.74370313
1945,0.00126620,0.00000004,0.00020185,0.50835735,0.55658376,0.61803579,2.10864472,-0.02505536,-0.25360855,0.74370068
1946,0.00126637,0.00000004,0.00020181,0.51027673,0.55658180,0.61803180,2.10864210,-0.02505285,-0.25360814,0.74369824
1947,0.00126628,0.00000004,0.00020178,0.50955695,0.55657983,0.61802793,2.10863924,-0.02505227,-0.25360772,0.74369580
1948,0.00126622,0.00000004,0.00020179,0.50895715,0.55657786,0.61802423,2.10863638,-0.02505297,-0.25360754,0.74369335
1949,0.00126633,0.00000004,0.00020167,0.51063657,0.55657595,0.61802053,2.10863352,-0.02505512,-0.25360721,0.74369091
1950,0.00126621,0.00000004,0.00020178,0.50899714,0.55657399,0.61801654,2.10863090,-0.02505315,-0.25360674,0.74368846
1951,0.00126619,0.00000004,0.00020176,0.50899714,0.55657202,0.61801255,2.10862803,-0.02504833,-0.25360650,0.74368602
1952,0.00126627,0.00000004,0.00020171,0.51003677,0.55657005,0.61800873,2.10862541,-0.02504213,-0.25360674,0.74368358
1953,0.00126618,0.00000004,0.00020163,0.50955695,0.55656809,0.61800492,2.10862255,-0.02503744,-0.25360689,0.74368113
1954,0.00126632,0.00000004,0.00020165,0.51091653,0.55656612,0.61800110,2.10861993,-0.02503417,-0.25360689,0.74367869
1955,0.00126611,0.00000004,0.00020162,0.50899714,0.55656421,0.61799735,2.10861707,-0.02502900,-0.25360706,0.74367625
1956,0.00126619,0.00000004,0.00020163,0.50979686,0.55656224,0.61799330,2.10861421,-0.02502365,-0.25360686,0.74367380
1957,0.00126609,0.00000004,0.00020153,0.50927705,0.55656028,0.61798930,2.10861158,-0.02501718,-0.25360677,0.74367136
1958,0.00126599,0.00000004,0.00020157,0.50815737,0.55655831,0.61798543,2.10860872,-0.02501303,-0.25360665,0.74366891
1959,0.00126608,0.00000004,0.00020157,0.50907707,0.55655634,0.61798203,2.10860586,-0.02501776,-0.25360671,0.74366647
1960,0.00126600,0.00000004,0.00020157,0.50831735,0.55655438,0.61797869,2.10860324,-0.02502383,-0.25360662,0.74366403
1961,0.00126600,0.00000004,0.00020160,0.50831735,0.55655253,0.61797535,2.10860062,-0.02503381,-0.25360620,0.74366158
1962,0.00126627,0.00000004,0.00020169,0.51071656,0.55655056,0.61797190,2.10859799,-0.02504202,-0.25360575,0.74365914
1963,0.00126634,0.00000004,0.00020167,0.51155633,0.55654871,0.61796856,2.10859513,-0.02505120,-0.25360534,0.74365669
1964,0.00126613,0.00000004,0.00020176,0.50911707,0.55654687,0.61796480,2.10859251,-0.02505809,-0.25360447,0.74365425
1965,0.00126617,0.00000004,0.00020176,0.50959694,0.55654496,0.61796081,2.10858989,-0.02506238,-0.25360334,0.74365181
1966,0.00126605,0.00000004,0.00020172,0.50855726,0.55654311,0.61795682,2.10858727,-0.02506374,-0.25360253,0.74364936
1967,0.00126614,0.00000004,0.00020177,0.50935704,0.55654126,0.61795294,2.10858464,-0.02506758,-0.25360170,0.74364692
1968,0.00126649,0.00000004,0.00020175,0.51299584,0.55653936,0.61794925,2.10858202,-0.02507026,-0.25360125,0.74364448
1969,0.00126610,0.00000004,0.00020181,0.50887716,0.55653751,0.61794543,2.10857940,-0.02507189,-0.25360072,0.74364203
1970,0.00126601,0.00000004,0.00020178,0.50811738,0.55653566,0.61794114,2.10857677,-0.02506584,-0.25360006,0.74363959
1971,0.00126596,0.00000004,0.00020174,0.50787747,0.55653375,0.61793697,2.10857415,-0.02506054,-0.25359952,0.74363714
1972,0.00126600,0.00000004,0.00020172,0.50843728,0.55653191,0.61793262,2.10857153,-0.02505367,-0.25359884,0.74363470
1973,0.00126599,0.00000004,0.00020166,0.50859725,0.55653006,0.61792809,2.10856891,-0.02504122,-0.25359821,0.74363226
1974,0.00126601,0.00000004,0.00020152,0.50947696,0.55652815,0.61792314,2.10856628,-0.02502306,-0.25359753,0.74362981
1975,0.00126584,0.00000004,0.00020153,0.50779748,0.55652630,0.61791855,2.10856366,-0.02500966,-0.25359690,0.74362737
1976,0.00126603,0.00000004,0.00020138,0.51035666,0.55652446,0.61791408,2.10856104,-0.02500129,-0.25359607,0.74362493
1977,0.00126599,0.00000004,0.00020142,0.50987685,0.55652255,0.61790967,2.10855818,-0.02499357,-0.25359532,0.74362248
1978,0.00126606,0.00000004,0.00020133,0.51103646,0.55652070,0.61790514,2.10855556,-0.02498705,-0.25359425,0.74362004
1979,0.00126599,0.00000004,0.00020135,0.51023674,0.55651885,0.61790109,2.10855293,-0.02498220,-0.25359383,0.74361759
1980,0.00126602,0.00000004,0.00020134,0.51071656,0.55651695,0.61789715,2.10855031,-0.02498230,-0.25359321,0.74361515
1981,0.00126601,0.00000004,0.00020134,0.51059663,0.55651510,0.61789334,2.10854769,-0.02498823,-0.25359228,0.74361271
1982,0.00126595,0.00000004,0.00020138,0.50995684,0.55651325,0.61788958,2.10854506,-0.02499634,-0.25359127,0.74361026
1983,0.00126588,0.00000004,0.00020147,0.50887716,0.55651134,0.61788589,2.10854244,-0.02500617,-0.25359017,0.74360782
1984,0.00126612,0.00000004,0.00020150,0.51127636,0.55650949,0.61788207,2.10853982,-0.02501283,-0.25358924,0.74360538
1985,0.00126589,0.00000004,0.00020152,0.50895715,0.55650765,0.61787850,2.10853720,-0.02502602,-0.25358796,0.74360293
1986,0.00126588,0.00000004,0.00020158,0.50867724,0.55650574,0.61787444,2.10853457,-0.02503059,-0.25358647,0.74360055
1987,0.00126598,0.00000004,0.00020161,0.50963694,0.55650389,0.61787021,2.10853195,-0.02503486,-0.25358483,0.74359816
1988,0.00126608,0.00000004,0.00020162,0.51059663,0.55650204,0.61786616,2.10852933,-0.02503956,-0.25358331,0.74359578
1989,0.00126606,0.00000004,0.00020165,0.51039666,0.55650014,0.61786193,2.10852671,-0.02503949,-0.25358197,0.74359339
1990,0.00126573,0.00000004,0.00020164,0.50715768,0.55649829,0.61785769,2.10852385,-0.02503798,-0.25358069,0.74359101
1991,0.00126598,0.00000004,0.00020159,0.50995684,0.55649644,0.61785334,2.10852122,-0.02503695,-0.25357926,0.74358863
1992,0.00126606,0.00000004,0.00020156,0.51087654,0.55649453,0.61784881,2.10851860,-0.02503134,-0.25357783,0.74358624
1993,0.00126597,0.00000004,0.00020155,0.51007676,0.55649269,0.61784434,2.10851598,-0.02502680,-0.25357655,0.74358386
1994,0.00126578,0.00000004,0.00020150,0.50843728,0.55649084,0.61784029,2.10851336,-0.02502925,-0.25357530,0.74358147
1995,0.00126616,0.00000004,0.00020161,0.51183623,0.55648893,0.61783648,2.10851073,-0.02503795,-0.25357395,0.74357909
1996,0.00126595,0.00000004,0.00020164,0.50975686,0.55648708,0.61783254,2.10850811,-0.02504371,-0.25357279,0.74357665
1997,0.00126591,0.00000004,0.00020162,0.50947696,0.55648524,0.61782855,2.10850549,-0.02504659,-0.25357175,0.74357420
1998,0.00126585,0.00000004,0.00020162,0.50891715,0.55648333,0.61782455,2.10850286,-0.02505020,-0.25357047,0.74357182
1999,0.00126594,0.00000004,0.00020160,0.50991684,0.55648148,0.61782068,2.10850024,-0.02505623,-0.25356936,0.74356937
2000,0.00126589,0.00000004,0.00020168,0.50915706,0.55647963,0.61781675,2.10849762,-0.02506302,-0.25356805,0.74356699
2001,0.00126594,0.00000004,0.00020176,0.50939697,0.55647773,0.61781257,2.10849500,-0.02506504,-0.25356680,0.74356455
2002,0.00126592,0.00000004,0.00020174,0.50931704,0.55647588,0.61780858,2.10849237,-0.02506962,-0.25356561,0.74356210
2003,0.00126597,0.00000004,0.00020182,0.50959694,0.55647403,0.61780471,2.10848975,-0.02507502,-0.25356460,0.74355966
2004,0.00126581,0.00000004,0.00020180,0.50811738,0.55647212,0.61780089,2.10848689,-0.02508083,-0.25356370,0.74355721
2005,0.00126587,0.00000004,0.00020180,0.50879717,0.55647027,0.61779708,2.10848427,-0.02508540,-0.25356284,0.74355477
2006,0.00126607,0.00000004,0.00020177,0.51103646,0.55646843,0.61779320,2.10848165,-0.02508894,-0.25356200,0.74355233
2007,0.00126580,0.00000004,0.00020181,0.50819737,0.55646652,0.61778891,2.10847902,-0.02508585,-0.25356108,0.74354988
2008,0.00126567,0.00000004,0.00020171,0.50735766,0.55646467,0.61778462,2.10847640,-0.02508041,-0.25356019,0.74354744
2009,0.00126575,0.00000004,0.00020183,0.50775754,0.55646282,0.61778033,2.10847378,-0.02507568,-0.25355935,0.74354500
2010,0.00126576,0.00000004,0.00020177,0.50815737,0.55646092,0.61777598,2.10847116,-0.02506894,-0.25355858,0.74354255
2011,0.00126601,0.00000004,0.00020169,0.51099646,0.55645907,0.61777169,2.10846853,-0.02506270,-0.25355798,0.74354011
2012,0.00126585,0.00000004,0.00020154,0.51007676,0.55645722,0.61776757,2.10846591,-0.02505725,-0.25355747,0.74353766
2013,0.00126579,0.00000004,0.00020158,0.50935704,0.55645531,0.61776334,2.10846329,-0.02505013,-0.25355706,0.74353522
2014,0.00126544,0.00000004,0.00020156,0.50599808,0.55645347,0.61775917,2.10846066,-0.02504357,-0.25355667,0.74353278
2015,0.00126585,0.00000004,0.00020158,0.51003677,0.55645162,0.61775482,2.10845804,-0.02503488,-0.25355610,0.74353033
2016,0.00126575,0.00000004,0.00020152,0.50939697,0.55644971,0.61775029,2.10845542,-0.02502512,-0.25355527,0.74352789
2017,0.00126574,0.00000004,0.00020152,0.50939697,0.55644786,0.61774552,2.10845256,-0.02501505,-0.25355402,0.74352551
2018,0.00126604,0.00000004,0.00020143,0.51275593,0.55644602,0.61774087,2.10844994,-0.02500661,-0.25355259,0.74352312
2019,0.00126586,0.00000004,0.00020134,0.51147634,0.55644423,0.61773640,2.10844755,-0.02500048,-0.25355136,0.74352074
2020,0.00126559,0.00000004,0.00020142,0.50847727,0.55644244,0.61773229,2.10844493,-0.02499985,-0.25355047,0.74351829
2021,0.00126541,0.00000004,0.00020141,0.50675786,0.55644065,0.61772817,2.10844254,-0.02499920,-0.25354940,0.74351591
2022,0.00126565,0.00000004,0.00020137,0.50935704,0.55643886,0.61772430,2.10844016,-0.02500409,-0.25354826,0.74351352
2023,0.00126590,0.00000004,0.00020142,0.51175624,0.55643713,0.61772048,2.10843754,-0.02500870,-0.25354731,0.74351114
2024,0.00126593,0.00000004,0.00020147,0.51183623,0.55643535,0.61771679,2.10843492,-0.02501649,-0.25354624,0.74350876
2025,0.00126581,0.00000004,0.00020144,0.51083654,0.55643356,0.61771315,2.10843229,-0.02502599,-0.25354531,0.74350631
2026,0.00126568,0.00000004,0.00020157,0.50911707,0.55643177,0.61770940,2.10842991,-0.02503151,-0.25354463,0.74350387
2027,0.00126572,0.00000004,0.00020156,0.50959694,0.55642998,0.61770606,2.10842729,-0.02504066,-0.25354409,0.74350142
2028,0.00126566,0.00000004,0.00020160,0.50887716,0.55642819,0.61770213,2.10842490,-0.02504409,-0.25354314,0.74349904
2029,0.00126574,0.00000004,0.00020161,0.50967693,0.55642647,0.61769831,2.10842252,-0.02505040,-0.25354192,0.74349666
2030,0.00126602,0.00000004,0.00020163,0.51243603,0.55642468,0.61769438,2.10841990,-0.02505318,-0.25354096,0.74349421
2031,0.00126582,0.00000004,0.00020165,0.51039666,0.55642289,0.61769027,2.10841751,-0.02505403,-0.25354001,0.74349177
2032,0.00126581,0.00000004,0.00020161,0.51059663,0.55642110,0.61768651,2.10841489,-0.02505792,-0.25353944,0.74348933
2033,0.00126562,0.00000004,0.00020163,0.50863725,0.55641931,0.61768240,2.10841227,-0.02505622,-0.25353861,0.74348688
2034,0.00126568,0.00000004,0.00020160,0.50943696,0.55641752,0.61767828,2.10840964,-0.02505538,-0.25353777,0.74348444
2035,0.00126552,0.00000004,0.00020158,0.50795746,0.55641580,0.61767405,2.10840726,-0.02505170,-0.25353697,0.74348199
2036,0.00126553,0.00000004,0.00020157,0.50819737,0.55641401,0.61766970,2.10840487,-0.02504570,-0.25353611,0.74347955
2037,0.00126576,0.00000004,0.00020152,0.51067656,0.55641222,0.61766559,2.10840225,-0.02504503,-0.25353527,0.74347711
2038,0.00126574,0.00000004,0.00020156,0.51039666,0.55641043,0.61766177,2.10839987,-0.02504680,-0.25353473,0.74347466
2039,0.00126563,0.00000004,0.00020156,0.50931704,0.55640864,0.61765784,2.10839725,-0.02504799,-0.25353405,0.74347222
2040,0.00126572,0.00000004,0.00020156,0.51035666,0.55640686,0.61765385,2.10839486,-0.02504773,-0.25353330,0.74346977
2041,0.00126570,0.00000004,0.00020163,0.50991684,0.55640513,0.61764961,2.10839224,-0.02504537,-0.25353238,0.74346733
2042,0.00126551,0.00000004,0.00020151,0.50859725,0.55640334,0.61764514,2.10838962,-0.02503944,-0.25353131,0.74346489
2043,0.00126569,0.00000004,0.00020150,0.51047665,0.55640155,0.61764044,2.10838723,-0.02502887,-0.25353020,0.74346244
2044,0.00126562,0.00000004,0.00020144,0.51007676,0.55639976,0.61763573,2.10838461,-0.02501920,-0.25352904,0.74346000
2045,0.00126550,0.00000004,0.00020134,0.50931704,0.55639797,0.61763096,2.10838223,-0.02500767,-0.25352800,0.74345756
2046,0.00126557,0.00000004,0.00020135,0.51011676,0.55639619,0.61762595,2.10837960,-0.02499269,-0.25352681,0.74345511
2047,0.00126559,0.00000004,0.00020123,0.51075655,0.55639440,0.61762118,2.10837722,-0.02497908,-0.25352585,0.74345267
2048,0.00126573,0.00000004,0.00020124,0.51227605,0.55639255,0.61761683,2.10837460,-0.02497448,-0.25352496,0.74345022
2049,0.00126553,0.00000004,0.00020123,0.51027673,0.55639076,0.61761266,2.10837197,-0.02497234,-0.25352407,0.74344778
2050,0.00126549,0.00000004,0.00020123,0.51003677,0.55638897,0.61760873,2.10836959,-0.02497556,-0.25352320,0.74344534
2051,0.00126567,0.00000004,0.00020126,0.51167625,0.55638725,0.61760497,2.10836697,-0.02497911,-0.25352257,0.74344289
2052,0.00126559,0.00000004,0.00020125,0.51107645,0.55638534,0.61760116,2.10836434,-0.02498318,-0.25352180,0.74344045
2053,0.00126534,0.00000004,0.00020130,0.50839734,0.55638349,0.61759740,2.10836172,-0.02498635,-0.25352126,0.74343801
2054,0.00126559,0.00000004,0.00020130,0.51095647,0.55638164,0.61759353,2.10835910,-0.02498659,-0.25352079,0.74343556
2055,0.00126562,0.00000004,0.00020130,0.51127636,0.55637974,0.61758989,2.10835648,-0.02499231,-0.25352028,0.74343312
2056,0.00126561,0.00000004,0.00020135,0.51107645,0.55637789,0.61758649,2.10835385,-0.02500138,-0.25351965,0.74343067
2057,0.00126561,0.00000004,0.00020136,0.51103646,0.55637610,0.61758310,2.10835123,-0.02501144,-0.25351912,0.74342823
2058,0.00126553,0.00000004,0.00020145,0.50991684,0.55637431,0.61757910,2.10834885,-0.02501623,-0.25351799,0.74342579
2059,0.00126549,0.00000004,0.00020144,0.50963694,0.55637252,0.61757529,2.10834622,-0.02502351,-0.25351688,0.74342334
2060,0.00126548,0.00000004,0.00020149,0.50943696,0.55637079,0.61757147,2.10834360,-0.02503147,-0.25351578,0.74342090
2061,0.00126541,0.00000004,0.00020156,0.50851727,0.55636901,0.61756760,2.10834122,-0.02503684,-0.25351474,0.74341846
2062,0.00126548,0.00000004,0.00020155,0.50923705,0.55636722,0.61756390,2.10833859,-0.02504263,-0.25351408,0.74341601
2063,0.00126558,0.00000004,0.00020152,0.51039666,0.55636543,0.61756033,2.10833621,-0.02504890,-0.25351354,0.74341357
2064,0.00126547,0.00000004,0.00020150,0.50943696,0.55636364,0.61755633,2.10833359,-0.02504874,-0.25351286,0.74341112
2065,0.00126549,0.00000004,0.00020156,0.50951695,0.55636185,0.61755204,2.10833120,-0.02504423,-0.25351205,0.74340868
2066,0.00126545,0.00000004,0.00020145,0.50959694,0.55636013,0.61754763,2.10832858,-0.02503653,-0.25351134,0.74340624
2067,0.00126559,0.00000004,0.00020148,0.51091653,0.55635834,0.61754274,2.10832620,-0.02502358,-0.25351009,0.74340379
2068,0.00126529,0.00000004,0.00020135,0.50851727,0.55635655,0.61753798,2.10832357,-0.02501173,-0.25350904,0.74340135
2069,0.00126553,0.00000004,0.00020123,0.51147634,0.55635476,0.61753309,2.10832095,-0.02499822,-0.25350785,0.74339890
2070,0.00126509,0.00000004,0.00020121,0.50727767,0.55635297,0.61752832,2.10831857,-0.02498360,-0.25350714,0.74339646
2071,0.00126551,0.00000004,0.00020120,0.51155633,0.55635118,0.61752397,2.10831594,-0.02497375,-0.25350666,0.74339402
2072,0.00126564,0.00000004,0.00020114,0.51315582,0.55634946,0.61751980,2.10831356,-0.02496666,-0.25350642,0.74339151
2073,0.00126515,0.00000004,0.00020123,0.50787747,0.55634767,0.61751574,2.10831094,-0.02496441,-0.25350603,0.74338901
2074,0.00126563,0.00000004,0.00020118,0.51295584,0.55634588,0.61751175,2.10830855,-0.02496405,-0.25350556,0.74338651
2075,0.00126532,0.00000004,0.00020108,0.51039666,0.55634409,0.61750776,2.10830617,-0.02496297,-0.25350514,0.74338400
2076,0.00126555,0.00000004,0.00020119,0.51223606,0.55634230,0.61750412,2.10830355,-0.02496798,-0.25350481,0.74338150
2077,0.00126567,0.00000004,0.00020118,0.51355565,0.55634052,0.61750054,2.10830116,-0.02497595,-0.25350428,0.74337900
2078,0.00126515,0.00000004,0.00020126,0.50811738,0.55633879,0.61749709,2.10829830,-0.02498676,-0.25350377,0.74337649
2079,0.00126535,0.00000004,0.00020133,0.50979686,0.55633700,0.61749381,2.10829592,-0.02499787,-0.25350347,0.74337399
2080,0.00126544,0.00000004,0.00020141,0.51043665,0.55633521,0.61749059,2.10829329,-0.02501422,-0.25350285,0.74337149
2081,0.00126537,0.00000004,0.00020143,0.50971687,0.55633342,0.61748719,2.10829091,-0.02502921,-0.25350207,0.74336898
2082,0.00126523,0.00000004,0.00020155,0.50795746,0.55633163,0.61748397,2.10828853,-0.02504164,-0.25350183,0.74336648
2083,0.00126558,0.00000004,0.00020151,0.51159626,0.55632985,0.61748064,2.10828590,-0.02505025,-0.25350165,0.74336398
2084,0.00126524,0.00000004,0.00020150,0.50831735,0.55632812,0.61747694,2.10828352,-0.02505380,-0.25350150,0.74336147
2085,0.00126528,0.00000004,0.00020151,0.50875717,0.55632633,0.61747295,2.10828090,-0.02505185,-0.25350112,0.74335897
2086,0.00126542,0.00000004,0.00020161,0.50975686,0.55632442,0.61746901,2.10827827,-0.02505178,-0.25350070,0.74335647
2087,0.00126533,0.00000004,0.00020148,0.50947696,0.55632257,0.61746484,2.10827565,-0.02504785,-0.25350016,0.74335396
2088,0.00126531,0.00000004,0.00020150,0.50923705,0.55632073,0.61746073,2.10827303,-0.02504401,-0.25349972,0.74335146
2089,0.00126528,0.00000004,0.00020149,0.50903714,0.55631882,0.61745656,2.10827041,-0.02504177,-0.25349918,0.74334896
2090,0.00126515,0.00000004,0.00020154,0.50763756,0.55631697,0.61745256,2.10826778,-0.02504182,-0.25349855,0.74334645
2091,0.00126532,0.00000004,0.00020146,0.50971687,0.55631512,0.61744827,2.10826492,-0.02504018,-0.25349766,0.74334395
2092,0.00126524,0.00000004,0.00020138,0.50927705,0.55631322,0.61744392,2.10826230,-0.02503569,-0.25349683,0.74334145
2093,0.00126530,0.00000004,0.00020148,0.50955695,0.55631137,0.61743927,2.10825968,-0.02502855,-0.25349575,0.74333894
2094,0.00126518,0.00000004,0.00020136,0.50891715,0.55630952,0.61743462,2.10825706,-0.02502170,-0.25349444,0.74333650
2095,0.00126532,0.00000004,0.00020143,0.51007676,0.55630773,0.61743021,2.10825467,-0.02501867,-0.25349334,0.74333400
2096,0.00126545,0.00000004,0.00020136,0.51171625,0.55630594,0.61742580,2.10825205,-0.02501608,-0.25349200,0.74333155
2097,0.00126510,0.00000004,0.00020133,0.50843728,0.55630416,0.61742139,2.10824966,-0.02501232,-0.25349084,0.74332911
2098,0.00126523,0.00000004,0.00020129,0.50987685,0.55630237,0.61741716,2.10824704,-0.02501080,-0.25348991,0.74332660
2099,0.00126534,0.00000004,0.00020134,0.51087654,0.55630064,0.61741263,2.10824466,-0.02500442,-0.25348881,0.74332416
2100,0.00126503,0.00000004,0.00020131,0.50795746,0.55629885,0.61740780,2.10824203,-0.02499400,-0.25348777,0.74332166
2101,0.00126524,0.00000004,0.00020127,0.51027673,0.55629706,0.61740339,2.10823965,-0.02498776,-0.25348693,0.74331915
2102,0.00126543,0.00000004,0.00020120,0.51259595,0.55629528,0.61739904,2.10823703,-0.02498230,-0.25348628,0.74331665
2103,0.00126530,0.00000004,0.00020115,0.51151633,0.55629349,0.61739492,2.10823441,-0.02497762,-0.25348592,0.74331415
2104,0.00126509,0.00000004,0.00020121,0.50923705,0.55629170,0.61739087,2.10823202,-0.02497392,-0.25348553,0.74331164
2105,0.00126518,0.00000004,0.00020118,0.51035666,0.55628997,0.61738694,2.10822940,-0.02497258,-0.25348532,0.74330914
2106,0.00126507,0.00000004,0.00020120,0.50915706,0.55628818,0.61738336,2.10822701,-0.02497753,-0.25348511,0.74330664
2107,0.00126502,0.00000004,0.00020121,0.50867724,0.55628639,0.61737978,2.10822439,-0.02498267,-0.25348499,0.74330413
2108,0.00126495,0.00000004,0.00020111,0.50847727,0.55628461,0.61737597,2.10822201,-0.02498388,-0.25348467,0.74330163
2109,0.00126524,0.00000004,0.00020134,0.51043665,0.55628282,0.61737227,2.10821962,-0.02498649,-0.25348449,0.74329913
2110,0.00126535,0.00000004,0.00020124,0.51199615,0.55628103,0.61736846,2.10821700,-0.02498901,-0.25348404,0.74329662
2111,0.00126511,0.00000004,0.00020126,0.50963694,0.55627918,0.61736465,2.10821438,-0.02499180,-0.25348362,0.74329412
2112,0.00126505,0.00000004,0.00020128,0.50903714,0.55627733,0.61736101,2.10821176,-0.02499695,-0.25348324,0.74329162
2113,0.00126496,0.00000004,0.00020131,0.50799745,0.55627549,0.61735731,2.10820913,-0.02500253,-0.25348270,0.74328911
2114,0.00126498,0.00000004,0.00020132,0.50823736,0.55627358,0.61735326,2.10820651,-0.02500409,-0.25348189,0.74328661
2115,0.00126518,0.00000004,0.00020129,0.51039666,0.55627179,0.61734903,2.10820389,-0.02500089,-0.25348115,0.74328411
2116,0.00126517,0.00000004,0.00020129,0.51031673,0.55627006,0.61734498,2.10820150,-0.02500245,-0.25348037,0.74328160
2117,0.00126537,0.00000004,0.00020133,0.51231605,0.55626827,0.61734080,2.10819888,-0.02500038,-0.25347966,0.74327910
2118,0.00126510,0.00000004,0.00020128,0.50987685,0.55626649,0.61733687,2.10819626,-0.02499999,-0.25347933,0.74327660
2119,0.00126489,0.00000004,0.00020130,0.50767756,0.55626470,0.61733305,2.10819364,-0.02500150,-0.25347894,0.74327409
2120,0.00126495,0.00000004,0.00020127,0.50843728,0.55626291,0.61732924,2.10819125,-0.02500430,-0.25347850,0.74327159
2121,0.00126499,0.00000004,0.00020131,0.50883716,0.55626112,0.61732531,2.10818887,-0.02500395,-0.25347820,0.74326909
2122,0.00126518,0.00000004,0.00020129,0.51079655,0.55625939,0.61732149,2.10818624,-0.02500464,-0.25347790,0.74326658
2123,0.00126512,0.00000004,0.00020126,0.51035666,0.55625761,0.61731774,2.10818386,-0.02500878,-0.25347745,0.74326408
2124,0.00126503,0.00000004,0.00020133,0.50931704,0.55625582,0.61731368,2.10818124,-0.02500861,-0.25347677,0.74326158
2125,0.00126498,0.00000004,0.00020131,0.50887716,0.55625403,0.61730939,2.10817885,-0.02500516,-0.25347602,0.74325907
2126,0.00126491,0.00000004,0.00020127,0.50839734,0.55625224,0.61730522,2.10817623,-0.02500354,-0.25347531,0.74325657
2127,0.00126524,0.00000004,0.00020134,0.51147634,0.55625045,0.61730111,2.10817361,-0.02500548,-0.25347438,0.74325407
2128,0.00126498,0.00000004,0.00020129,0.50919706,0.55624872,0.61729699,2.10817122,-0.02500849,-0.25347325,0.74325156
2129,0.00126513,0.00000004,0.00020140,0.51027673,0.55624694,0.61729288,2.10816860,-0.02501201,-0.25347203,0.74324906
2130,0.00126508,0.00000004,0.00020137,0.50999683,0.55624515,0.61728930,2.10816622,-0.02502213,-0.25347143,0.74324656
2131,0.00126495,0.00000004,0.00020142,0.50847727,0.55624336,0.61728573,2.10816360,-0.02503206,-0.25347075,0.74324405
2132,0.00126521,0.00000004,0.00020142,0.51123643,0.55624157,0.61728179,2.10816121,-0.02503648,-0.25346991,0.74324155
2133,0.00126490,0.00000004,0.00020151,0.50775754,0.55623978,0.61727774,2.10815859,-0.02503694,-0.25346917,0.74323905
2134,0.00126494,0.00000004,0.00020139,0.50867724,0.55623806,0.61727357,2.10815620,-0.02503360,-0.25346842,0.74323660
2135,0.00126493,0.00000004,0.00020144,0.50847727,0.55623627,0.61726940,2.10815358,-0.02503130,-0.25346753,0.74323416
2136,0.00126509,0.00000004,0.00020142,0.51019675,0.55623448,0.61726511,2.10815096,-0.02502966,-0.25346646,0.74323171
2137,0.00126475,0.00000004,0.00020143,0.50683779,0.55623269,0.61726081,2.10814857,-0.02502665,-0.25346550,0.74322927
2138,0.00126523,0.00000004,0.00020140,0.51175624,0.55623090,0.61725664,2.10814595,-0.02502569,-0.25346449,0.74322683
2139,0.00126508,0.00000004,0.00020138,0.51043665,0.55622911,0.61725241,2.10814357,-0.02502443,-0.25346345,0.74322438
2140,0.00126477,0.00000004,0.00020139,0.50739765,0.55622739,0.61724836,2.10814118,-0.02502769,-0.25346234,0.74322194
2141,0.00126483,0.00000004,0.00020136,0.50811738,0.55622566,0.61724401,2.10813880,-0.02502414,-0.25346127,0.74321949
2142,0.00126499,0.00000004,0.00020133,0.50987685,0.55622387,0.61723959,2.10813618,-0.02502052,-0.25346002,0.74321705
2143,0.00126480,0.00000004,0.00020135,0.50799745,0.55622220,0.61723500,2.10813379,-0.02501480,-0.25345874,0.74321461
2144,0.00126500,0.00000004,0.00020133,0.51019675,0.55622053,0.61723042,2.10813141,-0.02500707,-0.25345749,0.74321216
2145,0.00126519,0.00000004,0.00020127,0.51231605,0.55621880,0.61722600,2.10812902,-0.02500069,-0.25345665,0.74320972
2146,0.00126519,0.00000004,0.00020132,0.51219612,0.55621713,0.61722147,2.10812664,-0.02499327,-0.25345561,0.74320728
2147,0.00126490,0.00000004,0.00020118,0.50991684,0.55621547,0.61721718,2.10812426,-0.02498823,-0.25345474,0.74320483
2148,0.00126501,0.00000004,0.00020126,0.51079655,0.55621374,0.61721313,2.10812187,-0.02498936,-0.25345412,0.74320233
2149,0.00126478,0.00000004,0.00020131,0.50827736,0.55621207,0.61720914,2.10811925,-0.02498988,-0.25345346,0.74319983
2150,0.00126511,0.00000004,0.00020123,0.51199615,0.55621040,0.61720473,2.10811710,-0.02498524,-0.25345236,0.74319738
2151,0.00126480,0.00000004,0.00020116,0.50931704,0.55620867,0.61720043,2.10811472,-0.02497975,-0.25345162,0.74319494
2152,0.00126496,0.00000004,0.00020115,0.51095647,0.55620700,0.61719644,2.10811210,-0.02498122,-0.25345087,0.74319243
2153,0.00126514,0.00000004,0.00020127,0.51231605,0.55620533,0.61719215,2.10810995,-0.02498075,-0.25344989,0.74318993
2154,0.00126497,0.00000004,0.00020116,0.51111645,0.55620360,0.61718827,2.10810757,-0.02498662,-0.25344890,0.74318743
2155,0.00126469,0.00000004,0.00020126,0.50795746,0.55620182,0.61718440,2.10810494,-0.02499467,-0.25344792,0.74318492
2156,0.00126480,0.00000004,0.00020128,0.50903714,0.55620009,0.61718094,2.10810256,-0.02500870,-0.25344706,0.74318242
2157,0.00126472,0.00000004,0.00020141,0.50775754,0.55619830,0.61717749,2.10809994,-0.02502390,-0.25344610,0.74317992
2158,0.00126476,0.00000004,0.00020155,0.50763756,0.55619651,0.61717379,2.10809731,-0.02503645,-0.25344488,0.74317741
2159,0.00126478,0.00000004,0.00020139,0.50855726,0.55619472,0.61716974,2.10809493,-0.02504061,-0.25344372,0.74317491
2160,0.00126503,0.00000004,0.00020146,0.51079655,0.55619293,0.61716574,2.10809231,-0.02504556,-0.25344276,0.74317241
2161,0.00126499,0.00000004,0.00020148,0.51043665,0.55619115,0.61716151,2.10808992,-0.02504641,-0.25344157,0.74316990
2162,0.00126489,0.00000004,0.00020145,0.50963694,0.55618942,0.61715704,2.10808730,-0.02504446,-0.25344038,0.74316740
2163,0.00126494,0.00000004,0.00020136,0.51051664,0.55618763,0.61715239,2.10808492,-0.02503806,-0.25343919,0.74316490
2164,0.00126487,0.00000004,0.00020147,0.50951695,0.55618584,0.61714774,2.10808253,-0.02503201,-0.25343800,0.74316239
2165,0.00126498,0.00000004,0.00020144,0.51079655,0.55618405,0.61714333,2.10807991,-0.02502950,-0.25343689,0.74315989
2166,0.00126477,0.00000004,0.00020135,0.50907707,0.55618227,0.61713886,2.10807729,-0.02502183,-0.25343612,0.74315739
2167,0.00126491,0.00000004,0.00020131,0.51071656,0.55618048,0.61713433,2.10807467,-0.02501494,-0.25343516,0.74315488
2168,0.00126480,0.00000004,0.00020131,0.50971687,0.55617875,0.61712992,2.10807228,-0.02501118,-0.25343415,0.74315238
2169,0.00126459,0.00000004,0.00020131,0.50759757,0.55617696,0.61712539,2.10806966,-0.02500909,-0.25343290,0.74314988
2170,0.00126474,0.00000004,0.00020141,0.50883716,0.55617517,0.61712110,2.10806727,-0.02501025,-0.25343156,0.74314737
2171,0.00126485,0.00000004,0.00020130,0.51035666,0.55617338,0.61711657,2.10806489,-0.02500943,-0.25343013,0.74314487
2172,0.00126481,0.00000004,0.00020129,0.51007676,0.55617160,0.61711216,2.10806227,-0.02501179,-0.25342846,0.74314237
2173,0.00126457,0.00000004,0.00020135,0.50755757,0.55616981,0.61710745,2.10805988,-0.02500952,-0.25342670,0.74313986
2174,0.00126483,0.00000004,0.00020133,0.51027673,0.55616808,0.61710274,2.10805726,-0.02500655,-0.25342509,0.74313736
2175,0.00126470,0.00000004,0.00020128,0.50927705,0.55616629,0.61709797,2.10805464,-0.02500165,-0.25342342,0.74313486
2176,0.00126482,0.00000004,0.00020120,0.51083654,0.55616450,0.61709315,2.10805225,-0.02499508,-0.25342202,0.74313235
2177,0.00126495,0.00000004,0.00020127,0.51183623,0.55616271,0.61708868,2.10804963,-0.02499313,-0.25342068,0.74312985
2178,0.00126468,0.00000004,0.00020130,0.50919706,0.55616093,0.61708432,2.10804725,-0.02499267,-0.25341964,0.74312729
2179,0.00126491,0.00000004,0.00020121,0.51187623,0.55615920,0.61707985,2.10804462,-0.02499026,-0.25341839,0.74312478
2180,0.00126481,0.00000004,0.00020122,0.51091653,0.55615741,0.61707532,2.10804224,-0.02498606,-0.25341728,0.74312228
2181,0.00126463,0.00000004,0.00020120,0.50919706,0.55615562,0.61707121,2.10803962,-0.02498691,-0.25341657,0.74311972
2182,0.00126452,0.00000004,0.00020115,0.50835735,0.55615383,0.61706686,2.10803723,-0.02498540,-0.25341573,0.74311715
2183,0.00126469,0.00000004,0.00020119,0.50995684,0.55615205,0.61706305,2.10803461,-0.02499067,-0.25341517,0.74311459
2184,0.00126479,0.00000004,0.00020129,0.51063657,0.55615026,0.61705941,2.10803199,-0.02499847,-0.25341469,0.74311203
2185,0.00126482,0.00000004,0.00020131,0.51095647,0.55614853,0.61705583,2.10802960,-0.02500867,-0.25341406,0.74310946
2186,0.00126463,0.00000004,0.00020126,0.50927705,0.55614674,0.61705220,2.10802698,-0.02501667,-0.25341359,0.74310690
2187,0.00126445,0.00000004,0.00020139,0.50699776,0.55614495,0.61704856,2.10802460,-0.02502670,-0.25341299,0.74310434
2188,0.00126455,0.00000004,0.00020146,0.50775754,0.55614316,0.61704493,2.10802197,-0.02503734,-0.25341225,0.74310178
2189,0.00126461,0.00000004,0.00020145,0.50843728,0.55614138,0.61704123,2.10801959,-0.02504890,-0.25341144,0.74309921
2190,0.00126461,0.00000004,0.00020148,0.50839734,0.55613959,0.61703730,2.10801721,-0.02505520,-0.25341052,0.74309665
2191,0.00126475,0.00000004,0.00020152,0.50967693,0.55613786,0.61703277,2.10801458,-0.02505357,-0.25340927,0.74309409
2192,0.00126475,0.00000004,0.00020146,0.50999683,0.55613607,0.61702806,2.10801196,-0.02504794,-0.25340810,0.74309152
2193,0.00126468,0.00000004,0.00020147,0.50931704,0.55613428,0.61702293,2.10800934,-0.02503637,-0.25340664,0.74308896
2194,0.00126464,0.00000004,0.00020134,0.50955695,0.55613250,0.61701775,2.10800695,-0.02501890,-0.25340569,0.74308640
2195,0.00126479,0.00000004,0.00020125,0.51147634,0.55613071,0.61701280,2.10800433,-0.02500460,-0.25340474,0.74308383
2196,0.00126468,0.00000004,0.00020126,0.51039666,0.55612892,0.61700797,2.10800195,-0.02499233,-0.25340387,0.74308127
2197,0.00126445,0.00000004,0.00020114,0.50863725,0.55612719,0.61700332,2.10799956,-0.02498080,-0.25340340,0.74307871
2198,0.00126450,0.00000004,0.00020113,0.50919706,0.55612540,0.61699891,2.10799694,-0.02497488,-0.25340286,0.74307615
2199,0.00126459,0.00000004,0.00020114,0.51015675,0.55612361,0.61699462,2.10799456,-0.02496927,-0.25340238,0.74307358
2200,0.00126465,0.00000004,0.00020106,0.51115644,0.55612183,0.61699009,2.10799193,-0.02496193,-0.25340176,0.74307102
2201,0.00126449,0.00000004,0.00020110,0.50943696,0.55612004,0.61698550,2.10798931,-0.02495352,-0.25340104,0.74306846
2202,0.00126455,0.00000004,0.00020110,0.51003677,0.55611825,0.61698109,2.10798669,-0.02494907,-0.25340036,0.74306589
2203,0.00126459,0.00000004,0.00020107,0.51071656,0.55611652,0.61697686,2.10798430,-0.02494507,-0.25339994,0.74306333
2204,0.00126463,0.00000004,0.00020104,0.51123643,0.55611473,0.61697292,2.10798192,-0.02494584,-0.25339964,0.74306077
2205,0.00126449,0.00000004,0.00020097,0.51019675,0.55611295,0.61696893,2.10797930,-0.02494547,-0.25339922,0.74305820
2206,0.00126456,0.00000004,0.00020099,0.51083654,0.55611116,0.61696535,2.10797691,-0.02495008,-0.25339916,0.74305564
2207,0.00126455,0.00000004,0.00020109,0.51035666,0.55610937,0.61696136,2.10797429,-0.02495387,-0.25339848,0.74305308
2208,0.00126469,0.00000004,0.00020114,0.51163626,0.55610758,0.61695743,2.10797191,-0.02495828,-0.25339779,0.74305052
2209,0.00126452,0.00000004,0.00020108,0.51023674,0.55610585,0.61695373,2.10796928,-0.02496409,-0.25339746,0.74304795
2210,0.00126436,0.00000004,0.00020111,0.50863725,0.55610406,0.61695021,2.10796666,-0.02497349,-0.25339705,0.74304539
2211,0.00126452,0.00000004,0.00020117,0.50999683,0.55610228,0.61694688,2.10796428,-0.02498689,-0.25339669,0.74304283
2212,0.00126470,0.00000004,0.00020124,0.51159626,0.55610049,0.61694390,2.10796165,-0.02500344,-0.25339669,0.74304026
2213,0.00126445,0.00000004,0.00020128,0.50891715,0.55609870,0.61694092,2.10795927,-0.02502125,-0.25339660,0.74303770
2214,0.00126451,0.00000004,0.00020145,0.50891715,0.55609691,0.61693764,2.10795665,-0.02503374,-0.25339648,0.74303514
2215,0.00126471,0.00000004,0.00020152,0.51075655,0.55609518,0.61693382,2.10795426,-0.02503392,-0.25339636,0.74303257
2216,0.00126444,0.00000004,0.00020139,0.50859725,0.55609339,0.61692977,2.10795164,-0.02502970,-0.25339624,0.74303001
2217,0.00126458,0.00000004,0.00020136,0.51015675,0.55609161,0.61692560,2.10794926,-0.02502600,-0.25339592,0.74302745
2218,0.00126459,0.00000004,0.00020134,0.51039666,0.55608982,0.61692148,2.10794663,-0.02502346,-0.25339556,0.74302489
2219,0.00126452,0.00000004,0.00020137,0.50963694,0.55608803,0.61691731,2.10794401,-0.02502234,-0.25339502,0.74302232
2220,0.00126460,0.00000004,0.00020137,0.51047665,0.55608624,0.61691314,2.10794163,-0.02501871,-0.25339457,0.74301976
2221,0.00126439,0.00000004,0.00020135,0.50851727,0.55608451,0.61690903,2.10793900,-0.02501742,-0.25339419,0.74301720
2222,0.00126463,0.00000004,0.00020135,0.51103646,0.55608273,0.61690497,2.10793662,-0.02501750,-0.25339371,0.74301463
2223,0.00126452,0.00000004,0.00020134,0.50999683,0.55608094,0.61690074,2.10793400,-0.02501852,-0.25339273,0.74301207
2224,0.00126446,0.00000004,0.00020132,0.50955695,0.55607915,0.61689651,2.10793161,-0.02502012,-0.25339177,0.74300951
2225,0.00126434,0.00000004,0.00020134,0.50835735,0.55607736,0.61689198,2.10792923,-0.02501862,-0.25339055,0.74300694
2226,0.00126436,0.00000004,0.00020131,0.50867724,0.55607563,0.61688763,2.10792661,-0.02501573,-0.25338966,0.74300438
2227,0.00126448,0.00000004,0.00020123,0.51027673,0.55607384,0.61688310,2.10792398,-0.02500913,-0.25338891,0.74300182
2228,0.00126451,0.00000004,0.00020134,0.51015675,0.55607206,0.61687875,2.10792136,-0.02500442,-0.25338826,0.74299926
2229,0.00126426,0.00000004,0.00020126,0.50807744,0.55607027,0.61687440,2.10791898,-0.02500160,-0.25338745,0.74299669
2230,0.00126437,0.00000004,0.00020128,0.50923705,0.55606848,0.61686975,2.10791636,-0.02499722,-0.25338629,0.74299413
2231,0.00126436,0.00000004,0.00020131,0.50907707,0.55606669,0.61686516,2.10791397,-0.02499435,-0.25338501,0.74299157
2232,0.00126473,0.00000004,0.00020126,0.51299584,0.55606496,0.61686039,2.10791159,-0.02498904,-0.25338370,0.74298900
2233,0.00126432,0.00000004,0.00020119,0.50927705,0.55606318,0.61685568,2.10790896,-0.02498442,-0.25338235,0.74298644
2234,0.00126437,0.00000004,0.00020117,0.50987685,0.55606139,0.61685115,2.10790658,-0.02498049,-0.25338134,0.74298388
2235,0.00126444,0.00000004,0.00020119,0.51051664,0.55605960,0.61684668,2.10790396,-0.02497557,-0.25338048,0.74298131
2236,0.00126438,0.00000004,0.00020112,0.51031673,0.55605781,0.61684245,2.10790133,-0.02497342,-0.25337976,0.74297875
2237,0.00126408,0.00000004,0.00020116,0.50715768,0.55605602,0.61683851,2.10789871,-0.02497808,-0.25337908,0.74297619
2238,0.00126453,0.00000004,0.00020123,0.51151633,0.55605429,0.61683482,2.10789633,-0.02498562,-0.25337860,0.74297363
2239,0.00126439,0.00000004,0.00020121,0.51023674,0.55605251,0.61683095,2.10789394,-0.02498924,-0.25337812,0.74297106
2240,0.00126436,0.00000004,0.00020124,0.50991684,0.55605072,0.61682677,2.10789132,-0.02498847,-0.25337753,0.74296850
2241,0.00126435,0.00000004,0.00020126,0.50967693,0.55604893,0.61682266,2.10788894,-0.02499093,-0.25337666,0.74296594
2242,0.00126434,0.00000004,0.00020118,0.51003677,0.55604714,0.61681831,2.10788631,-0.02498859,-0.25337583,0.74296337
2243,0.00126417,0.00000004,0.00020118,0.50839734,0.55604535,0.61681396,2.10788393,-0.02498656,-0.25337493,0.74296081
2244,0.00126419,0.00000004,0.00020114,0.50875717,0.55604368,0.61680925,2.10788131,-0.02497676,-0.25337419,0.74295825
2245,0.00126431,0.00000004,0.00020113,0.51007676,0.55604202,0.61680472,2.10787892,-0.02497078,-0.25337321,0.74295568
2246,0.00126429,0.00000004,0.00020115,0.50987685,0.55604029,0.61680013,2.10787678,-0.02496721,-0.25337210,0.74295312
2247,0.00126426,0.00000004,0.00020112,0.50975686,0.55603862,0.61679566,2.10787416,-0.02496748,-0.25337073,0.74295056
2248,0.00126437,0.00000004,0.00020120,0.51063657,0.55603695,0.61679161,2.10787177,-0.02497608,-0.25336939,0.74294800
2249,0.00126416,0.00000004,0.00020122,0.50847727,0.55603522,0.61678767,2.10786963,-0.02498459,-0.25336835,0.74294543
2250,0.00126410,0.00000004,0.00020121,0.50795746,0.55603355,0.61678362,2.10786724,-0.02499024,-0.25336727,0.74294287
2251,0.00126406,0.00000004,0.00020117,0.50775754,0.55603188,0.61677980,2.10786462,-0.02499753,-0.25336668,0.74294031
2252,0.00126449,0.00000004,0.00020125,0.51179624,0.55603015,0.61677593,2.10786247,-0.02500338,-0.25336593,0.74293774
2253,0.00126429,0.00000004,0.00020132,0.50963694,0.55602849,0.61677182,2.10786009,-0.02500543,-0.25336510,0.74293518
2254,0.00126429,0.00000004,0.00020124,0.50995684,0.55602682,0.61676747,2.10785747,-0.02500343,-0.25336426,0.74293262
2255,0.00126451,0.00000004,0.00020126,0.51211613,0.55602509,0.61676294,2.10785508,-0.02499780,-0.25336334,0.74293005
2256,0.00126424,0.00000004,0.00020127,0.50951695,0.55602342,0.61675853,2.10785294,-0.02499472,-0.25336239,0.74292749
2257,0.00126419,0.00000004,0.00020130,0.50891715,0.55602175,0.61675394,2.10785031,-0.02499224,-0.25336111,0.74292493
2258,0.00126437,0.00000004,0.00020133,0.51063657,0.55602002,0.61674947,2.10784793,-0.02499086,-0.25335994,0.74292237
2259,0.00126434,0.00000004,0.00020125,0.51071656,0.55601835,0.61674511,2.10784578,-0.02498958,-0.25335905,0.74291980
2260,0.00126416,0.00000004,0.00020122,0.50911707,0.55601668,0.61674070,2.10784316,-0.02498842,-0.25335798,0.74291724
2261,0.00126423,0.00000004,0.00020122,0.50983685,0.55601496,0.61673653,2.10784078,-0.02499177,-0.25335696,0.74291468
2262,0.00126423,0.00000004,0.00020129,0.50971687,0.55601329,0.61673260,2.10783839,-0.02499688,-0.25335622,0.74291211
2263,0.00126404,0.00000004,0.00020133,0.50767756,0.55601162,0.61672854,2.10783601,-0.02500350,-0.25335506,0.74290955
2264,0.00126427,0.00000004,0.00020134,0.51003677,0.55600989,0.61672425,2.10783362,-0.02500530,-0.25335389,0.74290699
2265,0.00126429,0.00000004,0.00020132,0.51031673,0.55600822,0.61671984,2.10783124,-0.02500500,-0.25335267,0.74290442
2266,0.00126423,0.00000004,0.00020127,0.50999683,0.55600655,0.61671513,2.10782909,-0.02500151,-0.25335133,0.74290186
2267,0.00126430,0.00000004,0.00020136,0.51035666,0.55600482,0.61671084,2.10782647,-0.02499972,-0.25335056,0.74289930
2268,0.00126427,0.00000004,0.00020129,0.51043665,0.55600315,0.61670655,2.10782409,-0.02499851,-0.25334966,0.74289674
2269,0.00126422,0.00000004,0.00020126,0.51011676,0.55600148,0.61670256,2.10782194,-0.02500007,-0.25334913,0.74289417
2270,0.00126412,0.00000004,0.00020140,0.50863725,0.55599976,0.61669868,2.10781932,-0.02500184,-0.25334889,0.74289161
2271,0.00126417,0.00000004,0.00020127,0.50967693,0.55599809,0.61669457,2.10781693,-0.02500046,-0.25334850,0.74288905
2272,0.00126402,0.00000004,0.00020121,0.50843728,0.55599642,0.61669046,2.10781455,-0.02499822,-0.25334811,0.74288648
2273,0.00126424,0.00000004,0.00020129,0.51039666,0.55599469,0.61668640,2.10781217,-0.02499544,-0.25334772,0.74288392
2274,0.00126417,0.00000004,0.00020137,0.50943696,0.55599302,0.61668217,2.10780978,-0.02499232,-0.25334728,0.74288136
2275,0.00126428,0.00000004,0.00020127,0.51095647,0.55599135,0.61667824,2.10780740,-0.02499320,-0.25334698,0.74287879
2276,0.00126419,0.00000004,0.00020129,0.51011676,0.55598962,0.61667430,2.10780501,-0.02499473,-0.25334653,0.74287623
2277,0.00126432,0.00000004,0.00020128,0.51143634,0.55598795,0.61667043,2.10780263,-0.02500126,-0.25334582,0.74287367
2278,0.00126405,0.00000004,0.00020130,0.50875717,0.55598629,0.61666620,2.10780025,-0.02500029,-0.25334504,0.74287111
2279,0.00126411,0.00000004,0.00020125,0.50963694,0.55598456,0.61666155,2.10779810,-0.02499623,-0.25334385,0.74286854
2280,0.00126411,0.00000004,0.00020128,0.50955695,0.55598289,0.61665702,2.10779548,-0.02499168,-0.25334281,0.74286598
2281,0.00126428,0.00000004,0.00020127,0.51135635,0.55598122,0.61665243,2.10779309,-0.02498858,-0.25334165,0.74286342
2282,0.00126434,0.00000004,0.00020127,0.51203614,0.55597949,0.61664802,2.10779071,-0.02498455,-0.25334072,0.74286085
2283,0.00126415,0.00000004,0.00020121,0.51039666,0.55597782,0.61664343,2.10778832,-0.02498185,-0.25333947,0.74285829
2284,0.00126432,0.00000004,0.00020127,0.51199615,0.55597615,0.61663896,2.10778594,-0.02497993,-0.25333837,0.74285573
2285,0.00126426,0.00000004,0.00020124,0.51159626,0.55597442,0.61663479,2.10778356,-0.02498242,-0.25333738,0.74285316
2286,0.00126412,0.00000004,0.00020126,0.51015675,0.55597275,0.61663073,2.10778117,-0.02498574,-0.25333661,0.74285060
2287,0.00126407,0.00000004,0.00020123,0.50975686,0.55597109,0.61662686,2.10777879,-0.02499327,-0.25333568,0.74284804
2288,0.00126424,0.00000004,0.00020129,0.51131636,0.55596936,0.61662292,2.10777640,-0.02500001,-0.25333485,0.74284548
2289,0.00126404,0.00000004,0.00020130,0.50927705,0.55596769,0.61661917,2.10777402,-0.02500698,-0.25333422,0.74284291
2290,0.00126412,0.00000004,0.00020139,0.50979686,0.55596602,0.61661547,2.10777164,-0.02501256,-0.25333387,0.74284035
2291,0.00126406,0.00000004,0.00020134,0.50951695,0.55596429,0.61661148,2.10776925,-0.02501380,-0.25333330,0.74283779
2292,0.00126413,0.00000004,0.00020143,0.50983685,0.55596262,0.61660725,2.10776687,-0.02501264,-0.25333264,0.74283522
2293,0.00126393,0.00000004,0.00020139,0.50811738,0.55596095,0.61660296,2.10776448,-0.02501035,-0.25333196,0.74283266
2294,0.00126404,0.00000004,0.00020141,0.50911707,0.55595922,0.61659884,2.10776210,-0.02501149,-0.25333121,0.74283010
2295,0.00126385,0.00000004,0.00020135,0.50751758,0.55595756,0.61659491,2.10775971,-0.02501757,-0.25333038,0.74282753
2296,0.00126383,0.00000004,0.00020140,0.50715768,0.55595589,0.61659092,2.10775733,-0.02502191,-0.25332958,0.74282497
2297,0.00126402,0.00000004,0.00020148,0.50883716,0.55595416,0.61658663,2.10775495,-0.02502206,-0.25332868,0.74282241
2298,0.00126403,0.00000004,0.00020140,0.50931704,0.55595249,0.61658221,2.10775256,-0.02501857,-0.25332779,0.74281985
2299,0.00126402,0.00000004,0.00020144,0.50915706,0.55595082,0.61657786,2.10775018,-0.02501538,-0.25332695,0.74281728
2300,0.00126406,0.00000004,0.00020142,0.50967693,0.55594909,0.61657333,2.10774779,-0.02501034,-0.25332606,0.74281472
2301,0.00126385,0.00000004,0.00020132,0.50807744,0.55594742,0.61656868,2.10774541,-0.02500173,-0.25332519,0.74281216
2302,0.00126391,0.00000004,0.00020131,0.50875717,0.55594575,0.61656404,2.10774302,-0.02499546,-0.25332424,0.74280959
2303,0.00126388,0.00000004,0.00020124,0.50879717,0.55594403,0.61655939,2.10774064,-0.02498871,-0.25332320,0.74280703
2304,0.00126405,0.00000004,0.00020132,0.51023674,0.55594248,0.61655480,2.10773849,-0.02498354,-0.25332224,0.74280447
2305,0.00126425,0.00000004,0.00020134,0.51215613,0.55594087,0.61655039,2.10773611,-0.02498134,-0.25332123,0.74280190
2306,0.00126389,0.00000004,0.00020123,0.50915706,0.55593926,0.61654592,2.10773396,-0.02497820,-0.25332025,0.74279934
2307,0.00126400,0.00000004,0.00020117,0.51051664,0.55593765,0.61654174,2.10773158,-0.02497878,-0.25331944,0.74279678
2308,0.00126411,0.00000004,0.00020123,0.51139635,0.55593604,0.61653781,2.10772943,-0.02498328,-0.25331876,0.74279422
2309,0.00126400,0.00000004,0.00020131,0.51003677,0.55593443,0.61653382,2.10772705,-0.02498849,-0.25331786,0.74279165
2310,0.00126408,0.00000004,0.00020127,0.51107645,0.55593282,0.61652994,2.10772491,-0.02499351,-0.25331721,0.74278909
2311,0.00126390,0.00000004,0.00020130,0.50923705,0.55593127,0.61652565,2.10772252,-0.02499461,-0.25331616,0.74278653
2312,0.00126385,0.00000004,0.00020126,0.50895715,0.55592966,0.61652112,2.10772038,-0.02499038,-0.25331518,0.74278396
2313,0.00126383,0.00000004,0.00020130,0.50863725,0.55592805,0.61651659,2.10771799,-0.02498472,-0.25331411,0.74278146
2314,0.00126370,0.00000004,0.00020136,0.50719768,0.55592644,0.61651230,2.10771585,-0.02498483,-0.25331318,0.74277890
2315,0.00126394,0.00000004,0.00020127,0.50995684,0.55592483,0.61650801,2.10771346,-0.02498415,-0.25331217,0.74277639
2316,0.00126387,0.00000004,0.00020125,0.50943696,0.55592322,0.61650383,2.10771132,-0.02498377,-0.25331140,0.74277383
2317,0.00126392,0.00000004,0.00020135,0.50955695,0.55592167,0.61649942,2.10770893,-0.02498256,-0.25331020,0.74277133
2318,0.00126390,0.00000004,0.00020126,0.50975686,0.55592006,0.61649501,2.10770679,-0.02498104,-0.25330895,0.74276882
2319,0.00126401,0.00000004,0.00020134,0.51067656,0.55591846,0.61649060,2.10770440,-0.02497932,-0.25330782,0.74276632
2320,0.00126403,0.00000004,0.00020131,0.51103646,0.55591685,0.61648637,2.10770226,-0.02498071,-0.25330666,0.74276382
2321,0.00126411,0.00000004,0.00020131,0.51183623,0.55591524,0.61648250,2.10769987,-0.02498679,-0.25330588,0.74276125
2322,0.00126410,0.00000004,0.00020135,0.51167625,0.55591363,0.61647892,2.10769773,-0.02500108,-0.25330496,0.74275869
2323,0.00126415,0.00000004,0.00020151,0.51151633,0.55591208,0.61647522,2.10769534,-0.02501378,-0.25330397,0.74275613
2324,0.00126389,0.00000004,0.00020150,0.50907707,0.55591047,0.61647165,2.10769320,-0.02502529,-0.25330329,0.74275357
2325,0.00126397,0.00000004,0.00020158,0.50963694,0.55590886,0.61646807,2.10769081,-0.02503552,-0.25330260,0.74275100
2326,0.00126429,0.00000004,0.00020165,0.51255596,0.55590725,0.61646426,2.10768867,-0.02504399,-0.25330183,0.74274844
2327,0.00126392,0.00000004,0.00020153,0.50935704,0.55590564,0.61646008,2.10768628,-0.02504626,-0.25330091,0.74274588
2328,0.00126395,0.00000004,0.00020164,0.50927705,0.55590403,0.61645609,2.10768414,-0.02504633,-0.25330049,0.74274331
2329,0.00126377,0.00000004,0.00020159,0.50779748,0.55590242,0.61645192,2.10768175,-0.02504588,-0.25329983,0.74274075
2330,0.00126385,0.00000004,0.00020157,0.50871724,0.55590087,0.61644757,2.10767961,-0.02503769,-0.25329965,0.74273819
2331,0.00126378,0.00000004,0.00020154,0.50819737,0.55589926,0.61644298,2.10767722,-0.02502460,-0.25329936,0.74273562
2332,0.00126377,0.00000004,0.00020144,0.50859725,0.55589765,0.61643839,2.10767508,-0.02501208,-0.25329903,0.74273306
2333,0.00126386,0.00000004,0.00020133,0.50999683,0.55589604,0.61643398,2.10767269,-0.02500281,-0.25329870,0.74273050
2334,0.00126377,0.00000004,0.00020136,0.50899714,0.55589443,0.61642951,2.10767055,-0.02499815,-0.25329784,0.74272794
2335,0.00126391,0.00000004,0.00020135,0.51047665,0.55589283,0.61642510,2.10766816,-0.02499559,-0.25329694,0.74272537
2336,0.00126401,0.00000004,0.00020138,0.51139635,0.55589128,0.61642087,2.10766602,-0.02499471,-0.25329614,0.74272281
2337,0.00126379,0.00000004,0.00020138,0.50927705,0.55588967,0.61641657,2.10766363,-0.02499047,-0.25329563,0.74272025
2338,0.00126371,0.00000004,0.00020135,0.50867724,0.55588806,0.61641228,2.10766149,-0.02499027,-0.25329477,0.74271768
2339,0.00126386,0.00000004,0.00020131,0.51039666,0.55588645,0.61640799,2.10765910,-0.02499174,-0.25329366,0.74271512
2340,0.00126370,0.00000004,0.00020140,0.50847727,0.55588484,0.61640370,2.10765696,-0.02499226,-0.25329265,0.74271256
2341,0.00126398,0.00000004,0.00020131,0.51167625,0.55588323,0.61639893,2.10765457,-0.02498567,-0.25329134,0.74270999
2342,0.00126357,0.00000004,0.00020130,0.50771755,0.55588168,0.61639428,2.10765243,-0.02497887,-0.25329039,0.74270743
2343,0.00126394,0.00000004,0.00020126,0.51163626,0.55588007,0.61638999,2.10765004,-0.02497459,-0.25328985,0.74270487
2344,0.00126382,0.00000004,0.00020131,0.51031673,0.55587846,0.61638576,2.10764790,-0.02497295,-0.25328913,0.74270231
2345,0.00126354,0.00000004,0.00020123,0.50791746,0.55587685,0.61638159,2.10764551,-0.02497326,-0.25328839,0.74269974
2346,0.00126395,0.00000004,0.00020124,0.51199615,0.55587524,0.61637735,2.10764337,-0.02497427,-0.25328755,0.74269718
2347,0.00126386,0.00000004,0.00020130,0.51087654,0.55587363,0.61637336,2.10764098,-0.02497954,-0.25328657,0.74269462
2348,0.00126373,0.00000004,0.00020131,0.50963694,0.55587208,0.61636955,2.10763884,-0.02498900,-0.25328556,0.74269205
2349,0.00126382,0.00000004,0.00020134,0.51051664,0.55587047,0.61636525,2.10763645,-0.02499047,-0.25328451,0.74268949
2350,0.00126382,0.00000004,0.00020134,0.51055664,0.55586886,0.61636108,2.10763431,-0.02499557,-0.25328332,0.74268693
2351,0.00126382,0.00000004,0.00020136,0.51051664,0.55586725,0.61635685,2.10763192,-0.02499397,-0.25328258,0.74268436
2352,0.00126382,0.00000004,0.00020139,0.51047665,0.55586565,0.61635226,2.10762978,-0.02498900,-0.25328153,0.74268180
2353,0.00126381,0.00000004,0.00020137,0.51043665,0.55586404,0.61634779,2.10762739,-0.02498400,-0.25328073,0.74267924
2354,0.00126394,0.00000004,0.00020126,0.51231605,0.55586243,0.61634326,2.10762525,-0.02497885,-0.25327989,0.74267668
2355,0.00126362,0.00000004,0.00020131,0.50895715,0.55586076,0.61633909,2.10762286,-0.02497956,-0.25327921,0.74267405
2356,0.00126391,0.00000004,0.00020127,0.51207614,0.55585909,0.61633462,2.10762048,-0.02497350,-0.25327858,0.74267143
2357,0.00126349,0.00000004,0.00020129,0.50787747,0.55585736,0.61633039,2.10761809,-0.02497368,-0.25327805,0.74266881
2358,0.00126363,0.00000004,0.00020134,0.50907707,0.55585569,0.61632627,2.10761571,-0.02497612,-0.25327727,0.74266618
2359,0.00126372,0.00000004,0.00020138,0.50995684,0.55585402,0.61632216,2.10761333,-0.02498120,-0.25327632,0.74266356
2360,0.00126368,0.00000004,0.00020133,0.50975686,0.55585229,0.61631805,2.10761094,-0.02498674,-0.25327545,0.74266094
2361,0.00126377,0.00000004,0.00020140,0.51039666,0.55585063,0.61631393,2.10760856,-0.02499076,-0.25327456,0.74265832
2362,0.00126368,0.00000004,0.00020145,0.50935704,0.55584896,0.61630946,2.10760617,-0.02499265,-0.25327328,0.74265569
2363,0.00126396,0.00000004,0.00020149,0.51211613,0.55584723,0.61630529,2.10760379,-0.02499896,-0.25327212,0.74265307
2364,0.00126362,0.00000004,0.00020146,0.50883716,0.55584556,0.61630106,2.10760140,-0.02500185,-0.25327107,0.74265045
2365,0.00126378,0.00000004,0.00020138,0.51083654,0.55584389,0.61629641,2.10759902,-0.02499858,-0.25327009,0.74264783
2366,0.00126371,0.00000004,0.00020138,0.51019675,0.55584216,0.61629134,2.10759664,-0.02498600,-0.25326890,0.74264520
2367,0.00126362,0.00000004,0.00020130,0.50975686,0.55584049,0.61628610,2.10759425,-0.02497549,-0.25326723,0.74264258
2368,0.00126376,0.00000004,0.00020128,0.51123643,0.55583882,0.61628115,2.10759187,-0.02497002,-0.25326577,0.74263996
2369,0.00126377,0.00000004,0.00020129,0.51139635,0.55583715,0.61627638,2.10758948,-0.02496717,-0.25326437,0.74263734
2370,0.00126369,0.00000004,0.00020125,0.51079655,0.55583543,0.61627156,2.10758710,-0.02496396,-0.25326273,0.74263471
2371,0.00126362,0.00000004,0.00020121,0.51031673,0.55583376,0.61626691,2.10758471,-0.02496134,-0.25326163,0.74263209
2372,0.00126365,0.00000004,0.00020127,0.51047665,0.55583209,0.61626261,2.10758233,-0.02495995,-0.25326088,0.74262947
2373,0.00126355,0.00000004,0.00020126,0.50955695,0.55583036,0.61625844,2.10757995,-0.02496301,-0.25326005,0.74262685
2374,0.00126353,0.00000004,0.00020131,0.50919706,0.55582869,0.61625439,2.10757756,-0.02497341,-0.25325873,0.74262422
2375,0.00126373,0.00000004,0.00020137,0.51103646,0.55582702,0.61625051,2.10757518,-0.02498455,-0.25325769,0.74262160
2376,0.00126352,0.00000004,0.00020142,0.50875717,0.55582529,0.61624670,2.10757279,-0.02499634,-0.25325659,0.74261898
2377,0.00126347,0.00000004,0.00020146,0.50815737,0.55582362,0.61624289,2.10757041,-0.02500737,-0.25325590,0.74261630
2378,0.00126361,0.00000004,0.00020146,0.50963694,0.55582196,0.61623895,2.10756803,-0.02501442,-0.25325534,0.74261361
2379,0.00126357,0.00000004,0.00020156,0.50883716,0.55582023,0.61623478,2.10756564,-0.02501483,-0.25325471,0.74261099
2380,0.00126354,0.00000004,0.00020149,0.50887716,0.55581856,0.61623025,2.10756326,-0.02500870,-0.25325426,0.74260831
2381,0.00126367,0.00000004,0.00020142,0.51055664,0.55581689,0.61622548,2.10756087,-0.02499847,-0.25325358,0.74260569
2382,0.00126332,0.00000004,0.00020134,0.50743765,0.55581516,0.61622071,2.10755849,-0.02498607,-0.25325322,0.74260300
2383,0.00126370,0.00000004,0.00020123,0.51179624,0.55581349,0.61621606,2.10755610,-0.02497259,-0.25325313,0.74260032
2384,0.00126334,0.00000004,0.00020127,0.50807744,0.55581182,0.61621153,2.10755372,-0.02496580,-0.25325277,0.74259764
2385,0.00126342,0.00000004,0.00020127,0.50887716,0.55581009,0.61620718,2.10755110,-0.02496044,-0.25325260,0.74259496
2386,0.00126363,0.00000004,0.00020132,0.51087654,0.55580842,0.61620301,2.10754895,-0.02495772,-0.25325254,0.74259228
2387,0.00126348,0.00000004,0.00020122,0.50983685,0.55580676,0.61619908,2.10754657,-0.02495901,-0.25325248,0.74258959
2388,0.00126344,0.00000004,0.00020128,0.50927705,0.55580503,0.61619520,2.10754418,-0.02496349,-0.25325236,0.74258691
2389,0.00126351,0.00000004,0.00020134,0.50979686,0.55580336,0.61619127,2.10754180,-0.02496296,-0.25325242,0.74258423
2390,0.00126349,0.00000004,0.00020133,0.50971687,0.55580169,0.61618721,2.10753942,-0.02496614,-0.25325200,0.74258155
2391,0.00126356,0.00000004,0.00020132,0.51051664,0.55579996,0.61618304,2.10753703,-0.02496604,-0.25325158,0.74257886
2392,0.00126332,0.00000004,0.00020126,0.50835735,0.55579829,0.61617875,2.10753465,-0.02496338,-0.25325125,0.74257618
2393,0.00126344,0.00000004,0.00020133,0.50939697,0.55579662,0.61617452,2.10753226,-0.02496467,-0.25325072,0.74257350
2394,0.00126367,0.00000004,0.00020139,0.51143634,0.55579489,0.61617070,2.10752988,-0.02497021,-0.25325048,0.74257082
2395,0.00126368,0.00000004,0.00020137,0.51171625,0.55579323,0.61616659,2.10752726,-0.02497112,-0.25325000,0.74256814
2396,0.00126358,0.00000004,0.00020134,0.51087654,0.55579156,0.61616242,2.10752511,-0.02497169,-0.25324968,0.74256545
2397,0.00126333,0.00000004,0.00020131,0.50859725,0.55578983,0.61615837,2.10752273,-0.02497400,-0.25324923,0.74256277
2398,0.00126341,0.00000004,0.00020138,0.50915706,0.55578816,0.61615419,2.10752010,-0.02497425,-0.25324893,0.74256009
2399,0.00126341,0.00000004,0.00020136,0.50927705,0.55578649,0.61615026,2.10751796,-0.02497814,-0.25324860,0.74255741
2400,0.00126369,0.00000004,0.00020140,0.51203614,0.55578476,0.61614621,2.10751557,-0.02498228,-0.25324813,0.74255472
2401,0.00126345,0.00000004,0.00020141,0.50959694,0.55578309,0.61614197,2.10751295,-0.02498246,-0.25324753,0.74255204
2402,0.00126340,0.00000004,0.00020136,0.50939697,0.55578142,0.61613798,2.10751081,-0.02498621,-0.25324708,0.74254936
2403,0.00126363,0.00000004,0.00020137,0.51163626,0.55577970,0.61613381,2.10750842,-0.02498995,-0.25324646,0.74254668
2404,0.00126348,0.00000004,0.00020145,0.50995684,0.55577803,0.61612934,2.10750604,-0.02499137,-0.25324532,0.74254400
2405,0.00126356,0.00000004,0.00020148,0.51067656,0.55577636,0.61612487,2.10750341,-0.02499961,-0.25324363,0.74254131
2406,0.00126340,0.00000004,0.00020152,0.50891715,0.55577463,0.61612034,2.10750127,-0.02500590,-0.25324178,0.74253863
2407,0.00126342,0.00000004,0.00020149,0.50931704,0.55577296,0.61611569,2.10749888,-0.02501421,-0.25323972,0.74253595
2408,0.00126338,0.00000004,0.00020158,0.50863725,0.55577117,0.61611104,2.10749626,-0.02502240,-0.25323761,0.74253327
2409,0.00126352,0.00000004,0.00020160,0.51007676,0.55576938,0.61610633,2.10749364,-0.02502847,-0.25323552,0.74253058
2410,0.00126342,0.00000004,0.00020161,0.50903714,0.55576766,0.61610115,2.10749125,-0.02502729,-0.25323337,0.74252790
2411,0.00126336,0.00000004,0.00020172,0.50811738,0.55576587,0.61609626,2.10748863,-0.02503057,-0.25323120,0.74252522
2412,0.00126356,0.00000004,0.00020160,0.51059663,0.55576408,0.61609083,2.10748625,-0.02502568,-0.25322878,0.74252254
2413,0.00126337,0.00000004,0.00020157,0.50887716,0.55576229,0.61608583,2.10748363,-0.02502699,-0.25322664,0.74251986
2414,0.00126344,0.00000004,0.00020159,0.50963694,0.55576050,0.61608070,2.10748124,-0.02502342,-0.25322473,0.74251717
2415,0.00126336,0.00000004,0.00020155,0.50903714,0.55575871,0.61607492,2.10747886,-0.02500952,-0.25322264,0.74251449
2416,0.00126358,0.00000004,0.00020150,0.51151633,0.55575699,0.61606890,2.10747623,-0.02499224,-0.25322029,0.74251181
2417,0.00126320,0.00000004,0.00020138,0.50827736,0.55575520,0.61606288,2.10747361,-0.02497308,-0.25321823,0.74250913
2418,0.00126322,0.00000004,0.00020128,0.50899714,0.55575341,0.61605704,2.10747099,-0.02495481,-0.25321618,0.74250644
2419,0.00126317,0.00000004,0.00020119,0.50887716,0.55575162,0.61605150,2.10746861,-0.02494164,-0.25321448,0.74250376
2420,0.00126340,0.00000004,0.00020122,0.51111645,0.55574983,0.61604625,2.10746598,-0.02493167,-0.25321296,0.74250108
2421,0.00126362,0.00000004,0.00020121,0.51347572,0.55574805,0.61604136,2.10746360,-0.02492908,-0.25321159,0.74249834
2422,0.00126333,0.00000004,0.00020112,0.51095647,0.55574632,0.61603665,2.10746121,-0.02493097,-0.25321025,0.74249560
2423,0.00126332,0.00000004,0.00020118,0.51067656,0.55574453,0.61603224,2.10745859,-0.02493791,-0.25320879,0.74249285
2424,0.00126318,0.00000004,0.00020121,0.50923705,0.55574274,0.61602801,2.10745621,-0.02494501,-0.25320777,0.74249011
2425,0.00126322,0.00000004,0.00020126,0.50951695,0.55574095,0.61602366,2.10745358,-0.02495065,-0.25320670,0.74248737
2426,0.00126329,0.00000004,0.00020129,0.51007676,0.55573916,0.61601943,2.10745096,-0.02495656,-0.25320578,0.74248463
2427,0.00126327,0.00000004,0.00020142,0.50943696,0.55573744,0.61601567,2.10744834,-0.02497062,-0.25320530,0.74248183
2428,0.00126331,0.00000004,0.00020129,0.51043665,0.55573565,0.61601216,2.10744596,-0.02498480,-0.25320503,0.74247903
2429,0.00126322,0.00000004,0.00020147,0.50883716,0.55573386,0.61600840,2.10744357,-0.02499951,-0.25320444,0.74247622
2430,0.00126329,0.00000004,0.00020154,0.50939697,0.55573201,0.61600459,2.10744071,-0.02501197,-0.25320390,0.74247342
2431,0.00126331,0.00000004,0.00020160,0.50931704,0.55573010,0.61600071,2.10743809,-0.02502544,-0.25320315,0.74247062
2432,0.00126329,0.00000004,0.00020166,0.50903714,0.55572826,0.61599660,2.10743546,-0.02503469,-0.25320232,0.74246782
2433,0.00126323,0.00000004,0.00020165,0.50851727,0.55572641,0.61599201,2.10743308,-0.02503546,-0.25320134,0.74246502
2434,0.00126326,0.00000004,0.00020168,0.50871724,0.55572450,0.61598718,2.10743046,-0.02503195,-0.25320041,0.74246222
2435,0.00126330,0.00000004,0.00020160,0.50947696,0.55572265,0.61598241,2.10742784,-0.02502796,-0.25319952,0.74245942
2436,0.00126316,0.00000004,0.00020161,0.50811738,0.55572081,0.61597729,2.10742521,-0.02501916,-0.25319850,0.74245661
2437,0.00126326,0.00000004,0.00020152,0.50955695,0.55571890,0.61597222,2.10742235,-0.02500972,-0.25319770,0.74245381
2438,0.00126314,0.00000004,0.00020155,0.50831735,0.55571705,0.61596739,2.10741973,-0.02500146,-0.25319713,0.74245101
2439,0.00126336,0.00000004,0.00020153,0.51067656,0.55571520,0.61596215,2.10741711,-0.02498845,-0.25319636,0.74244821
2440,0.00126335,0.00000004,0.00020132,0.51151633,0.55571336,0.61595714,2.10741448,-0.02497804,-0.25319561,0.74244541
2441,0.00126340,0.00000004,0.00020136,0.51191616,0.55571145,0.61595184,2.10741186,-0.02496518,-0.25319469,0.74244261
2442,0.00126326,0.00000004,0.00020129,0.51091653,0.55570960,0.61594689,2.10740924,-0.02495653,-0.25319409,0.74243975
2443,0.00126334,0.00000004,0.00020131,0.51159626,0.55570775,0.61594194,2.10740662,-0.02495088,-0.25319314,0.74243695
2444,0.00126320,0.00000004,0.00020129,0.51039666,0.55570585,0.61593741,2.10740399,-0.02495590,-0.25319210,0.74243408
2445,0.00126341,0.00000004,0.00020137,0.51219612,0.55570400,0.61593282,2.10740137,-0.02496075,-0.25319090,0.74243122
2446,0.00126333,0.00000004,0.00020134,0.51159626,0.55570203,0.61592805,2.10739851,-0.02496344,-0.25318968,0.74242836
2447,0.00126317,0.00000004,0.00020138,0.50995684,0.55570006,0.61592335,2.10739565,-0.02496668,-0.25318840,0.74242550
2448,0.00126317,0.00000004,0.00020132,0.51019675,0.55569816,0.61591846,2.10739303,-0.02496865,-0.25318697,0.74242264
2449,0.00126319,0.00000004,0.00020131,0.51055664,0.55569619,0.61591339,2.10739040,-0.02496524,-0.25318563,0.74241978
2450,0.00126308,0.00000004,0.00020137,0.50923705,0.55569422,0.61590838,2.10738754,-0.02496348,-0.25318435,0.74241692
2451,0.00126304,0.00000004,0.00020137,0.50891715,0.55569226,0.61590374,2.10738468,-0.02496679,-0.25318331,0.74241406
2452,0.00126348,0.00000004,0.00020136,0.51347572,0.55569029,0.61589921,2.10738182,-0.02497058,-0.25318223,0.74241120
2453,0.00126342,0.00000004,0.00020142,0.51267594,0.55568838,0.61589426,2.10737920,-0.02497096,-0.25318098,0.74240834
2454,0.00126330,0.00000004,0.00020142,0.51151633,0.55568641,0.61588943,2.10737634,-0.02497268,-0.25317964,0.74240547
2455,0.00126323,0.00000004,0.00020138,0.51107645,0.55568445,0.61588484,2.10737371,-0.02497678,-0.25317851,0.74240261
2456,0.00126294,0.00000004,0.00020132,0.50843728,0.55568248,0.61588025,2.10737109,-0.02498065,-0.25317770,0.74239969
2457,0.00126308,0.00000004,0.00020146,0.50935704,0.55568051,0.61587584,2.10736823,-0.02498735,-0.25317681,0.74239677
2458,0.00126298,0.00000004,0.00020149,0.50835735,0.55567861,0.61587119,2.10736537,-0.02499465,-0.25317541,0.74239385
2459,0.00126310,0.00000004,0.00020146,0.50971687,0.55567664,0.61586648,2.10736251,-0.02499897,-0.25317428,0.74239093
2460,0.00126297,0.00000004,0.00020151,0.50831735,0.55567467,0.61586165,2.10735989,-0.02500040,-0.25317317,0.74238801
2461,0.00126305,0.00000004,0.00020161,0.50879717,0.55567271,0.61585653,2.10735703,-0.02499827,-0.25317198,0.74238509
2462,0.00126310,0.00000004,0.00020152,0.50967693,0.55567074,0.61585134,2.10735416,-0.02499382,-0.25317058,0.74238217
2463,0.00126318,0.00000004,0.00020141,0.51099646,0.55566871,0.61584604,2.10735154,-0.02498740,-0.25316936,0.74237925
2464,0.00126303,0.00000004,0.00020141,0.50959694,0.55566669,0.61584085,2.10734844,-0.02497987,-0.25316843,0.74237633
2465,0.00126290,0.00000004,0.00020142,0.50827736,0.55566466,0.61583579,2.10734582,-0.02496851,-0.25316814,0.74237341
2466,0.00126308,0.00000004,0.00020136,0.51043665,0.55566257,0.61583084,2.10734272,-0.02495986,-0.25316769,0.74237049
2467,0.00126306,0.00000004,0.00020134,0.51039666,0.55566055,0.61582583,2.10733986,-0.02495244,-0.25316709,0.74236757
2468,0.00126327,0.00000004,0.00020127,0.51283592,0.55565852,0.61582071,2.10733700,-0.02494387,-0.25316647,0.74236465
2469,0.00126300,0.00000004,0.00020109,0.51091653,0.55565643,0.61581522,2.10733414,-0.02492966,-0.25316563,0.74236172
2470,0.00126295,0.00000004,0.00020123,0.50991684,0.55565441,0.61580992,2.10733128,-0.02491873,-0.25316471,0.74235880
2471,0.00126306,0.00000004,0.00020109,0.51167625,0.55565238,0.61580449,2.10732841,-0.02491102,-0.25316337,0.74235588
2472,0.00126290,0.00000004,0.00020104,0.51035666,0.55565029,0.61579919,2.10732555,-0.02490905,-0.25316161,0.74235296
2473,0.00126293,0.00000004,0.00020109,0.51051664,0.55564827,0.61579370,2.10732245,-0.02490524,-0.25315976,0.74235004
2474,0.00126313,0.00000004,0.00020112,0.51251602,0.55564624,0.61578840,2.10731959,-0.02490742,-0.25315753,0.74234712
2475,0.00126303,0.00000004,0.00020113,0.51147634,0.55564421,0.61578327,2.10731673,-0.02491632,-0.25315517,0.74234420
2476,0.00126307,0.00000004,0.00020114,0.51191616,0.55564213,0.61577845,2.10731387,-0.02492778,-0.25315303,0.74234128
2477,0.00126294,0.00000004,0.00020123,0.51031673,0.55564004,0.61577356,2.10731077,-0.02493834,-0.25315115,0.74233830
2478,0.00126295,0.00000004,0.00020122,0.51047665,0.55563790,0.61576867,2.10730791,-0.02494709,-0.25314924,0.74233532
2479,0.00126295,0.00000004,0.00020131,0.51027673,0.55563575,0.61576355,2.10730481,-0.02495596,-0.25314710,0.74233234
2480,0.00126313,0.00000004,0.00020132,0.51211613,0.55563360,0.61575842,2.10730195,-0.02496496,-0.25314483,0.74232936
2481,0.00126289,0.00000004,0.00020141,0.50943696,0.55563146,0.61575353,2.10729885,-0.02497766,-0.25314268,0.74232638
2482,0.00126276,0.00000004,0.00020143,0.50803745,0.55562937,0.61574906,2.10729575,-0.02499321,-0.25314102,0.74232340
2483,0.00126279,0.00000004,0.00020150,0.50811738,0.55562723,0.61574441,2.10729289,-0.02500295,-0.25313962,0.74232042
2484,0.00126280,0.00000004,0.00020151,0.50835735,0.55562508,0.61573976,2.10728979,-0.02500936,-0.25313854,0.74231744
2485,0.00126297,0.00000004,0.00020160,0.50967693,0.55562294,0.61573511,2.10728669,-0.02501200,-0.25313792,0.74231440
2486,0.00126293,0.00000004,0.00020161,0.50931704,0.55562085,0.61573023,2.10728383,-0.02501402,-0.25313702,0.74231136
2487,0.00126257,0.00000004,0.00020157,0.50591809,0.55561870,0.61572504,2.10728073,-0.02500952,-0.25313625,0.74230832
2488,0.00126290,0.00000004,0.00020145,0.50983685,0.55561656,0.61571974,2.10727763,-0.02500064,-0.25313532,0.74230534
2489,0.00126266,0.00000004,0.00020146,0.50743765,0.55561441,0.61571413,2.10727477,-0.02498647,-0.25313437,0.74230236
2490,0.00126266,0.00000004,0.00020136,0.50799745,0.55561227,0.61570859,2.10727167,-0.02497279,-0.25313362,0.74229932
2491,0.00126265,0.00000004,0.00020136,0.50787747,0.55561018,0.61570299,2.10726857,-0.02496288,-0.25313258,0.74229628
2492,0.00126297,0.00000004,0.00020126,0.51155633,0.55560803,0.61569744,2.10726571,-0.02495162,-0.25313169,0.74229324
2493,0.00126280,0.00000004,0.00020124,0.51007676,0.55560589,0.61569196,2.10726261,-0.02494280,-0.25313056,0.74229020
2494,0.00126288,0.00000004,0.00020115,0.51123643,0.55560374,0.61568683,2.10725975,-0.02493695,-0.25312993,0.74228716
2495,0.00126296,0.00000004,0.00020119,0.51199615,0.55560166,0.61568189,2.10725665,-0.02493185,-0.25312954,0.74228412
2496,0.00126289,0.00000004,0.00020117,0.51147634,0.55559951,0.61567730,2.10725355,-0.02493191,-0.25312936,0.74228108
2497,0.00126261,0.00000004,0.00020114,0.50879717,0.55559736,0.61567259,2.10725069,-0.02493066,-0.25312939,0.74227798
2498,0.00126288,0.00000004,0.00020118,0.51143634,0.55559522,0.61566788,2.10724759,-0.02493018,-0.25312918,0.74227488
2499,0.00126287,0.00000004,0.00020112,0.51167625,0.55559307,0.61566311,2.10724449,-0.02492788,-0.25312909,0.74227178
2500,0.00126273,0.00000004,0.00020121,0.50991684,0.55559099,0.61565852,2.10724163,-0.02493052,-0.25312865,0.74226874
2501,0.00126283,0.00000004,0.00020116,0.51123643,0.55558884,0.61565369,2.10723853,-0.02492928,-0.25312811,0.74226570
2502,0.00126279,0.00000004,0.00020123,0.51059663,0.55558670,0.61564922,2.10723543,-0.02493533,-0.25312778,0.74226260
2503,0.00126283,0.00000004,0.00020118,0.51127636,0.55558455,0.61564445,2.10723257,-0.02493534,-0.25312746,0.74225950
2504,0.00126287,0.00000004,0.00020122,0.51159626,0.55558246,0.61563981,2.10722947,-0.02493783,-0.25312716,0.74225640
2505,0.00126255,0.00000004,0.00020121,0.50847727,0.55558032,0.61563534,2.10722637,-0.02494344,-0.25312686,0.74225330
2506,0.00126280,0.00000004,0.00020126,0.51087654,0.55557817,0.61563104,2.10722351,-0.02494950,-0.25312677,0.74225020
2507,0.00126278,0.00000004,0.00020133,0.51043665,0.55557603,0.61562669,2.10722041,-0.02495475,-0.25312683,0.74224710
2508,0.00126272,0.00000004,0.00020142,0.50951695,0.55557382,0.61562240,2.10721731,-0.02496039,-0.25312698,0.74224401
2509,0.00126273,0.00000004,0.00020135,0.50999683,0.55557162,0.61561829,2.10721397,-0.02496516,-0.25312740,0.74224091
2510,0.00126276,0.00000004,0.00020136,0.51031673,0.55556935,0.61561370,2.10721087,-0.02496476,-0.25312746,0.74223781
2511,0.00126265,0.00000004,0.00020134,0.50935704,0.55556715,0.61560899,2.10720778,-0.02496708,-0.25312695,0.74223471
2512,0.00126270,0.00000004,0.00020135,0.50987685,0.55556494,0.61560440,2.10720468,-0.02497203,-0.25312653,0.74223161
2513,0.00126271,0.00000004,0.00020141,0.50975686,0.55556273,0.61559969,2.10720158,-0.02497677,-0.25312588,0.74222851
2514,0.00126270,0.00000004,0.00020147,0.50955695,0.55556047,0.61559510,2.10719848,-0.02498526,-0.25312498,0.74222541
2515,0.00126259,0.00000004,0.00020146,0.50855726,0.55555826,0.61558974,2.10719538,-0.02498158,-0.25312388,0.74222231
2516,0.00126285,0.00000004,0.00020140,0.51143634,0.55555606,0.61558419,2.10719204,-0.02497588,-0.25312251,0.74221921
2517,0.00126251,0.00000004,0.00020128,0.50863725,0.55555385,0.61557853,2.10718894,-0.02496919,-0.25312105,0.74221611
2518,0.00126253,0.00000004,0.00020130,0.50883716,0.55555159,0.61557335,2.10718584,-0.02497020,-0.25311995,0.74221301
2519,0.00126268,0.00000004,0.00020138,0.51007676,0.55554938,0.61556804,2.10718274,-0.02497109,-0.25311843,0.74220991
2520,0.00126259,0.00000004,0.00020139,0.50919706,0.55554718,0.61556274,2.10717964,-0.02496946,-0.25311720,0.74220681
2521,0.00126265,0.00000004,0.00020134,0.51007676,0.55554491,0.61555755,2.10717654,-0.02496597,-0.25311631,0.74220371
2522,0.00126275,0.00000004,0.00020123,0.51163626,0.55554271,0.61555207,2.10717344,-0.02495836,-0.25311539,0.74220061
2523,0.00126277,0.00000004,0.00020132,0.51155633,0.55554050,0.61554658,2.10717010,-0.02495643,-0.25311363,0.74219757
2524,0.00126297,0.00000004,0.00020133,0.51359564,0.55553830,0.61554104,2.10716701,-0.02495547,-0.25311169,0.74219453
2525,0.00126266,0.00000004,0.00020133,0.51051664,0.55553603,0.61553550,2.10716391,-0.02495429,-0.25310978,0.74219149
2526,0.00126266,0.00000004,0.00020122,0.51107645,0.55553383,0.61553007,2.10716081,-0.02495552,-0.25310785,0.74218845
2527,0.00126255,0.00000004,0.00020122,0.50999683,0.55553162,0.61552405,2.10715771,-0.02494705,-0.25310567,0.74218541
2528,0.00126270,0.00000004,0.00020124,0.51151633,0.55552942,0.61551809,2.10715461,-0.02493785,-0.25310388,0.74218237
2529,0.00126269,0.00000004,0.00020117,0.51183623,0.55552727,0.61551225,2.10715151,-0.02492613,-0.25310227,0.74217933
2530,0.00126272,0.00000004,0.00020109,0.51251602,0.55552512,0.61550665,2.10714841,-0.02491960,-0.25310081,0.74217629
2531,0.00126239,0.00000004,0.00020102,0.50959694,0.55552298,0.61550117,2.10714555,-0.02491564,-0.25309935,0.74217325
2532,0.00126262,0.00000004,0.00020112,0.51155633,0.55552083,0.61549592,2.10714245,-0.02491717,-0.25309759,0.74217021
2533,0.00126221,0.00000004,0.00020114,0.50743765,0.55551875,0.61549073,2.10713935,-0.02491989,-0.25309601,0.74216717
2534,0.00126275,0.00000004,0.00020119,0.51271594,0.55551660,0.61548537,2.10713649,-0.02492229,-0.25309414,0.74216413
2535,0.00126250,0.00000004,0.00020117,0.51031673,0.55551445,0.61548001,2.10713339,-0.02492718,-0.25309202,0.74216110
2536,0.00126257,0.00000004,0.00020121,0.51095647,0.55551231,0.61547458,2.10713029,-0.02492776,-0.25309008,0.74215806
2537,0.00126244,0.00000004,0.00020123,0.50963694,0.55551022,0.61546952,2.10712743,-0.02493243,-0.25308853,0.74215502
2538,0.00126263,0.00000004,0.00020128,0.51139635,0.55550808,0.61546439,2.10712433,-0.02493777,-0.25308689,0.74215198
2539,0.00126276,0.00000004,0.00020121,0.51307583,0.55550593,0.61545902,2.10712123,-0.02493644,-0.25308523,0.74214894
2540,0.00126240,0.00000004,0.00020117,0.50975686,0.55550379,0.61545378,2.10711837,-0.02493723,-0.25308380,0.74214590
2541,0.00126224,0.00000004,0.00020119,0.50811738,0.55550176,0.61544853,2.10711527,-0.02493687,-0.25308239,0.74214286
2542,0.00126238,0.00000004,0.00020122,0.50947696,0.55549973,0.61544335,2.10711265,-0.02493803,-0.25308082,0.74213982
2543,0.00126257,0.00000004,0.00020120,0.51155633,0.55549765,0.61543834,2.10710955,-0.02494095,-0.25307956,0.74213678
2544,0.00126257,0.00000004,0.00020132,0.51111645,0.55549562,0.61543345,2.10710692,-0.02494348,-0.25307870,0.74213374
2545,0.00126230,0.00000004,0.00020119,0.50903714,0.55549359,0.61542833,2.10710382,-0.02494024,-0.25307781,0.74213070
2546,0.00126242,0.00000004,0.00020122,0.51015675,0.55549157,0.61542338,2.10710096,-0.02493674,-0.25307718,0.74212766
2547,0.00126264,0.00000004,0.00020121,0.51243603,0.55548948,0.61541826,2.10709810,-0.02492902,-0.25307682,0.74212462
2548,0.00126255,0.00000004,0.00020109,0.51211613,0.55548745,0.61541301,2.10709524,-0.02492017,-0.25307620,0.74212158
2549,0.00126231,0.00000004,0.00020113,0.50967693,0.55548543,0.61540782,2.10709238,-0.02491563,-0.25307533,0.74211854
2550,0.00126268,0.00000004,0.00020106,0.51367563,0.55548334,0.61540210,2.10708952,-0.02490522,-0.25307387,0.74211556
2551,0.00126245,0.00000004,0.00020110,0.51135635,0.55548131,0.61539692,2.10708666,-0.02490456,-0.25307247,0.74211252
2552,0.00126239,0.00000004,0.00020107,0.51087654,0.55547929,0.61539173,2.10708356,-0.02490581,-0.25307110,0.74210948
2553,0.00126242,0.00000004,0.00020109,0.51123643,0.55547726,0.61538672,2.10708070,-0.02490955,-0.25306952,0.74210650
2554,0.00126249,0.00000004,0.00020115,0.51171625,0.55547518,0.61538178,2.10707784,-0.02491421,-0.25306824,0.74210346
2555,0.00126244,0.00000004,0.00020118,0.51115644,0.55547315,0.61537695,2.10707498,-0.02492003,-0.25306708,0.74210042
2556,0.00126230,0.00000004,0.00020120,0.50971687,0.55547112,0.61537242,2.10707211,-0.02492929,-0.25306606,0.74209738
2557,0.00126239,0.00000004,0.00020128,0.51035666,0.55546904,0.61536813,2.10706925,-0.02494256,-0.25306523,0.74209434
2558,0.00126213,0.00000004,0.00020119,0.50819737,0.55546701,0.61536342,2.10706615,-0.02494620,-0.25306451,0.74209130
2559,0.00126250,0.00000004,0.00020128,0.51163626,0.55546498,0.61535907,2.10706353,-0.02495052,-0.25306427,0.74208826
2560,0.00126233,0.00000004,0.00020129,0.50991684,0.55546296,0.61535478,2.10706043,-0.02495881,-0.25306389,0.74208522
2561,0.00126226,0.00000004,0.00020136,0.50899714,0.55546087,0.61535037,2.10705781,-0.02496614,-0.25306350,0.74208218
2562,0.00126218,0.00000004,0.00020143,0.50803745,0.55545884,0.61534590,2.10705471,-0.02496975,-0.25306314,0.74207914
2563,0.00126231,0.00000004,0.00020126,0.51003677,0.55545682,0.61534119,2.10705185,-0.02496894,-0.25306278,0.74207610
2564,0.00126228,0.00000004,0.00020133,0.50951695,0.55545485,0.61533648,2.10704923,-0.02496869,-0.25306255,0.74207306
2565,0.00126228,0.00000004,0.00020143,0.50923705,0.55545288,0.61533195,2.10704637,-0.02497034,-0.25306219,0.74207002
2566,0.00126219,0.00000004,0.00020140,0.50855726,0.55545086,0.61532718,2.10704350,-0.02497006,-0.25306177,0.74206698
2567,0.00126218,0.00000004,0.00020135,0.50867724,0.55544883,0.61532235,2.10704041,-0.02497230,-0.25306094,0.74206394
2568,0.00126212,0.00000004,0.00020142,0.50787747,0.55544674,0.61531723,2.10703778,-0.02497205,-0.25305980,0.74206090
2569,0.00126219,0.00000004,0.00020138,0.50875717,0.55544472,0.61531216,2.10703468,-0.02496843,-0.25305903,0.74205786
2570,0.00126234,0.00000004,0.00020136,0.51043665,0.55544269,0.61530703,2.10703206,-0.02496431,-0.25305822,0.74205482
2571,0.00126206,0.00000004,0.00020122,0.50831735,0.55544060,0.61530119,2.10702896,-0.02495018,-0.25305703,0.74205178
2572,0.00126227,0.00000004,0.00020127,0.51027673,0.55543858,0.61529511,2.10702610,-0.02493812,-0.25305489,0.74204880
2573,0.00126235,0.00000004,0.00020122,0.51135635,0.55543655,0.61528873,2.10702324,-0.02492018,-0.25305280,0.74204582
2574,0.00126221,0.00000004,0.00020112,0.51047665,0.55543453,0.61528254,2.10702038,-0.02490604,-0.25305066,0.74204284
2575,0.00126231,0.00000004,0.00020103,0.51183623,0.55543244,0.61527681,2.10701752,-0.02489796,-0.25304887,0.74203986
2576,0.00126223,0.00000004,0.00020103,0.51119643,0.55543041,0.61527127,2.10701466,-0.02489297,-0.25304723,0.74203688
2577,0.00126239,0.00000004,0.00020105,0.51271594,0.55542839,0.61526579,2.10701180,-0.02488645,-0.25304589,0.74203384
2578,0.00126227,0.00000004,0.00020098,0.51195616,0.55542642,0.61526042,2.10700893,-0.02488366,-0.25304449,0.74203080
2579,0.00126239,0.00000004,0.00020103,0.51295584,0.55542445,0.61525518,2.10700607,-0.02488479,-0.25304294,0.74202776
2580,0.00126218,0.00000004,0.00020099,0.51107645,0.55542248,0.61524969,2.10700345,-0.02488564,-0.25304082,0.74202478
2581,0.00126209,0.00000004,0.00020103,0.51007676,0.55542058,0.61524451,2.10700059,-0.02489025,-0.25303879,0.74202180
2582,0.00126245,0.00000004,0.00020107,0.51359564,0.55541861,0.61523926,2.10699773,-0.02489649,-0.25303647,0.74201882
2583,0.00126215,0.00000004,0.00020107,0.51071656,0.55541664,0.61523348,2.10699511,-0.02489732,-0.25303388,0.74201584
2584,0.00126224,0.00000004,0.00020114,0.51139635,0.55541468,0.61522835,2.10699248,-0.02490532,-0.25303167,0.74201286
2585,0.00126220,0.00000004,0.00020118,0.51091653,0.55541271,0.61522317,2.10698962,-0.02491117,-0.25302958,0.74200988
2586,0.00126232,0.00000004,0.00020117,0.51227605,0.55541080,0.61521769,2.10698676,-0.02491131,-0.25302738,0.74200690
2587,0.00126227,0.00000004,0.00020109,0.51207614,0.55540872,0.61521190,2.10698390,-0.02490297,-0.25302547,0.74200392
2588,0.00126224,0.00000004,0.00020111,0.51179624,0.55540669,0.61520624,2.10698104,-0.02489669,-0.25302386,0.74200088
2589,0.00126227,0.00000004,0.00020101,0.51255596,0.55540466,0.61520106,2.10697818,-0.02489885,-0.25302234,0.74199784
2590,0.00126235,0.00000004,0.00020106,0.51319575,0.55540258,0.61519635,2.10697508,-0.02490957,-0.25302091,0.74199480
2591,0.00126213,0.00000004,0.00020114,0.51079655,0.55540055,0.61519170,2.10697246,-0.02491953,-0.25301969,0.74199176
2592,0.00126215,0.00000004,0.00020118,0.51091653,0.55539852,0.61518693,2.10696936,-0.02492580,-0.25301853,0.74198872
2593,0.00126207,0.00000004,0.00020118,0.51019675,0.55539650,0.61518192,2.10696673,-0.02492530,-0.25301760,0.74198568
2594,0.00126218,0.00000004,0.00020125,0.51107645,0.55539441,0.61517692,2.10696363,-0.02492442,-0.25301689,0.74198258
2595,0.00126218,0.00000004,0.00020125,0.51111645,0.55539238,0.61517197,2.10696077,-0.02492642,-0.25301602,0.74197948
2596,0.00126220,0.00000004,0.00020120,0.51159626,0.55539036,0.61516726,2.10695791,-0.02492573,-0.25301582,0.74197638
2597,0.00126223,0.00000004,0.00020119,0.51199615,0.55538833,0.61516267,2.10695505,-0.02492584,-0.25301585,0.74197328
2598,0.00126216,0.00000004,0.00020120,0.51131636,0.55538625,0.61515844,2.10695219,-0.02493153,-0.25301594,0.74197018
2599,0.00126223,0.00000004,0.00020130,0.51171625,0.55538422,0.61515456,2.10694933,-0.02494239,-0.25301629,0.74196708
2600,0.00126199,0.00000004,0.00020133,0.50919706,0.55538219,0.61515045,2.10694623,-0.02494939,-0.25301671,0.74196398
2601,0.00126203,0.00000004,0.00020134,0.50971687,0.55538011,0.61514622,2.10694361,-0.02495325,-0.25301704,0.74196088
2602,0.00126205,0.00000004,0.00020133,0.50999683,0.55537808,0.61514163,2.10694051,-0.02495459,-0.25301686,0.74195778
2603,0.00126229,0.00000004,0.00020139,0.51219612,0.55537605,0.61513722,2.10693789,-0.02496168,-0.25301653,0.74195468
2604,0.00126194,0.00000004,0.00020134,0.50895715,0.55537403,0.61513251,2.10693479,-0.02496671,-0.25301579,0.74195158
2605,0.00126219,0.00000004,0.00020136,0.51147634,0.55537194,0.61512750,2.10693192,-0.02496606,-0.25301507,0.74194849
2606,0.00126199,0.00000004,0.00020136,0.50955695,0.55536991,0.61512214,2.10692906,-0.02495991,-0.25301430,0.74194539
2607,0.00126209,0.00000004,0.00020132,0.51071656,0.55536789,0.61511695,2.10692620,-0.02495129,-0.25301388,0.74194229
2608,0.00126198,0.00000004,0.00020139,0.50939697,0.55536580,0.61511189,2.10692334,-0.02494738,-0.25301340,0.74193919
2609,0.00126201,0.00000004,0.00020129,0.51023674,0.55536377,0.61510682,2.10692048,-0.02494138,-0.25301304,0.74193609
2610,0.00126206,0.00000004,0.00020131,0.51071656,0.55536175,0.61510170,2.10691762,-0.02493579,-0.25301257,0.74193299
2611,0.00126202,0.00000004,0.00020121,0.51079655,0.55535972,0.61509663,2.10691452,-0.02492508,-0.25301263,0.74192989
2612,0.00126202,0.00000004,0.00020123,0.51075655,0.55535764,0.61509132,2.10691166,-0.02491444,-0.25301239,0.74192679
2613,0.00126214,0.00000004,0.00020123,0.51207614,0.55535561,0.61508632,2.10690880,-0.02491256,-0.25301170,0.74192369
2614,0.00126186,0.00000004,0.00020112,0.50979686,0.55535358,0.61508143,2.10690594,-0.02491700,-0.25301069,0.74192059
2615,0.00126193,0.00000004,0.00020121,0.51015675,0.55535150,0.61507636,2.10690308,-0.02491964,-0.25300950,0.74191749
2616,0.00126199,0.00000004,0.00020114,0.51107645,0.55534947,0.61507136,2.10690022,-0.02492461,-0.25300819,0.74191439
2617,0.00126184,0.00000004,0.00020126,0.50919706,0.55534744,0.61506605,2.10689712,-0.02492589,-0.25300664,0.74191129
2618,0.00126195,0.00000004,0.00020129,0.51027673,0.55534542,0.61506057,2.10689449,-0.02492628,-0.25300482,0.74190819
2619,0.00126233,0.00000004,0.00020123,0.51439542,0.55534333,0.61505491,2.10689139,-0.02492064,-0.25300339,0.74190509
2620,0.00126218,0.00000004,0.00020115,0.51331574,0.55534130,0.61504948,2.10688877,-0.02491647,-0.25300214,0.74190199
2621,0.00126203,0.00000004,0.00020111,0.51207614,0.55533928,0.61504388,2.10688567,-0.02491037,-0.25300080,0.74189889
2622,0.00126201,0.00000004,0.00020116,0.51167625,0.55533725,0.61503857,2.10688281,-0.02491067,-0.25299928,0.74189579
2623,0.00126179,0.00000004,0.00020117,0.50955695,0.55533516,0.61503351,2.10687995,-0.02491751,-0.25299767,0.74189270
2624,0.00126172,0.00000004,0.00020127,0.50851727,0.55533302,0.61502856,2.10687709,-0.02492453,-0.25299633,0.74188960
2625,0.00126187,0.00000004,0.00020130,0.50991684,0.55533093,0.61502367,2.10687399,-0.02493393,-0.25299487,0.74188650
2626,0.00126175,0.00000004,0.00020132,0.50867724,0.55532879,0.61501884,2.10687089,-0.02494670,-0.25299323,0.74188340
2627,0.00126197,0.00000004,0.00020137,0.51083654,0.55532664,0.61501408,2.10686803,-0.02495856,-0.25299165,0.74188030
2628,0.00126183,0.00000004,0.00020145,0.50911707,0.55532461,0.61500925,2.10686493,-0.02497031,-0.25299007,0.74187720
2629,0.00126194,0.00000004,0.00020148,0.51019675,0.55532259,0.61500442,2.10686207,-0.02498193,-0.25298840,0.74187410
2630,0.00126204,0.00000004,0.00020152,0.51107645,0.55532044,0.61499923,2.10685897,-0.02498584,-0.25298712,0.74187094
2631,0.00126180,0.00000004,0.00020151,0.50879717,0.55531830,0.61499393,2.10685611,-0.02498607,-0.25298560,0.74186784
2632,0.00126188,0.00000004,0.00020151,0.50971687,0.55531615,0.61498833,2.10685325,-0.02498209,-0.25298408,0.74186474
2633,0.00126176,0.00000004,0.00020147,0.50871724,0.55531406,0.61498272,2.10685015,-0.02497723,-0.25298256,0.74186164
2634,0.00126206,0.00000004,0.00020147,0.51183623,0.55531192,0.61497688,2.10684705,-0.02496760,-0.25298098,0.74185854
2635,0.00126187,0.00000004,0.00020132,0.51055664,0.55530977,0.61497080,2.10684419,-0.02495413,-0.25297946,0.74185544
2636,0.00126186,0.00000004,0.00020134,0.51047665,0.55530763,0.61496466,2.10684109,-0.02493851,-0.25297794,0.74185234
2637,0.00126191,0.00000004,0.00020123,0.51155633,0.55530548,0.61495852,2.10683799,-0.02492342,-0.25297633,0.74184924
2638,0.00126181,0.00000004,0.00020116,0.51091653,0.55530339,0.61495221,2.10683513,-0.02491119,-0.25297421,0.74184614
2639,0.00126194,0.00000004,0.00020107,0.51259595,0.55530125,0.61494589,2.10683203,-0.02489871,-0.25297228,0.74184299
2640,0.00126193,0.00000004,0.00020104,0.51271594,0.55529910,0.61493999,2.10682893,-0.02489142,-0.25297046,0.74183983
2641,0.00126188,0.00000004,0.00020101,0.51239604,0.55529696,0.61493385,2.10682607,-0.02488582,-0.25296798,0.74183673
2642,0.00126178,0.00000004,0.00020098,0.51167625,0.55529487,0.61492765,2.10682297,-0.02487897,-0.25296563,0.74183357
2643,0.00126162,0.00000004,0.00020096,0.51019675,0.55529273,0.61492175,2.10681987,-0.02487714,-0.25296351,0.74183041
2644,0.00126161,0.00000004,0.00020100,0.51003677,0.55529058,0.61491615,2.10681701,-0.02487684,-0.25296164,0.74182725
2645,0.00126190,0.00000004,0.00020102,0.51295584,0.55528843,0.61491048,2.10681391,-0.02487897,-0.25295961,0.74182409
2646,0.00126174,0.00000004,0.00020101,0.51143634,0.55528623,0.61490482,2.10681057,-0.02488103,-0.25295743,0.74182093
2647,0.00126180,0.00000004,0.00020111,0.51175624,0.55528402,0.61489952,2.10680747,-0.02489050,-0.25295520,0.74181777
2648,0.00126173,0.00000004,0.00020110,0.51107645,0.55528182,0.61489457,2.10680437,-0.02490137,-0.25295383,0.74181455
2649,0.00126174,0.00000004,0.00020121,0.51087654,0.55527955,0.61488968,2.10680127,-0.02491531,-0.25295231,0.74181134
2650,0.00126182,0.00000004,0.00020123,0.51163626,0.55527735,0.61488456,2.10679817,-0.02492389,-0.25295076,0.74180812
2651,0.00126181,0.00000004,0.00020128,0.51139635,0.55527514,0.61487949,2.10679507,-0.02493371,-0.25294924,0.74180490
2652,0.00126181,0.00000004,0.00020135,0.51119643,0.55527288,0.61487460,2.10679197,-0.02493924,-0.25294849,0.74180168
2653,0.00126157,0.00000004,0.00020130,0.50907707,0.55527067,0.61486959,2.10678864,-0.02494084,-0.25294784,0.74179846
2654,0.00126178,0.00000004,0.00020134,0.51111645,0.55526847,0.61486435,2.10678554,-0.02494008,-0.25294700,0.74179524
2655,0.00126154,0.00000004,0.00020128,0.50903714,0.55526626,0.61485916,2.10678244,-0.02494260,-0.25294608,0.74179196
2656,0.00126167,0.00000004,0.00020133,0.51015675,0.55526400,0.61485386,2.10677934,-0.02494269,-0.25294521,0.74178869
2657,0.00126165,0.00000004,0.00020127,0.51031673,0.55526179,0.61484855,2.10677624,-0.02494115,-0.25294450,0.74178541
2658,0.00126180,0.00000004,0.00020130,0.51171625,0.55525959,0.61484355,2.10677314,-0.02494176,-0.25294405,0.74178213
2659,0.00126156,0.00000004,0.00020134,0.50923705,0.55525738,0.61483824,2.10677004,-0.02493907,-0.25294355,0.74177885
2660,0.00126156,0.00000004,0.00020124,0.50975686,0.55525512,0.61483294,2.10676670,-0.02493377,-0.25294322,0.74177557
2661,0.00126193,0.00000004,0.00020118,0.51371562,0.55525291,0.61482787,2.10676360,-0.02493198,-0.25294295,0.74177229
2662,0.00126159,0.00000004,0.00020130,0.50995684,0.55525070,0.61482275,2.10676050,-0.02493024,-0.25294265,0.74176902
2663,0.00126160,0.00000004,0.00020121,0.51051664,0.55524850,0.61481702,2.10675740,-0.02492087,-0.25294179,0.74176574
2664,0.00126165,0.00000004,0.00020112,0.51147634,0.55524623,0.61481094,2.10675430,-0.02490484,-0.25294092,0.74176246
2665,0.00126177,0.00000004,0.00020106,0.51295584,0.55524403,0.61480480,2.10675120,-0.02488950,-0.25294000,0.74175918
2666,0.00126166,0.00000004,0.00020099,0.51223606,0.55524182,0.61479843,2.10674810,-0.02487067,-0.25293881,0.74175590
2667,0.00126166,0.00000004,0.00020089,0.51271594,0.55523962,0.61479217,2.10674477,-0.02485505,-0.25293764,0.74175262
2668,0.00126156,0.00000004,0.00020084,0.51199615,0.55523735,0.61478633,2.10674167,-0.02484518,-0.25293660,0.74174935
2669,0.00126161,0.00000004,0.00020080,0.51271594,0.55523515,0.61478084,2.10673857,-0.02484098,-0.25293589,0.74174607
2670,0.00126136,0.00000004,0.00020085,0.51015675,0.55523294,0.61477560,2.10673547,-0.02484194,-0.25293502,0.74174279
2671,0.00126142,0.00000004,0.00020095,0.51035666,0.55523074,0.61477047,2.10673237,-0.02484722,-0.25293389,0.74173951
2672,0.00126160,0.00000004,0.00020095,0.51227605,0.55522847,0.61476535,2.10672927,-0.02485628,-0.25293258,0.74173623
2673,0.00126150,0.00000004,0.00020096,0.51131636,0.55522627,0.61476058,2.10672617,-0.02486916,-0.25293142,0.74173295
2674,0.00126154,0.00000004,0.00020105,0.51139635,0.55522406,0.61475599,2.10672283,-0.02488734,-0.25293016,0.74172968
2675,0.00126129,0.00000004,0.00020110,0.50879717,0.55522186,0.61475176,2.10671973,-0.02490829,-0.25292948,0.74172640
2676,0.00126163,0.00000004,0.00020124,0.51163626,0.55521959,0.61474770,2.10671639,-0.02492717,-0.25292909,0.74172312
2677,0.00126152,0.00000004,0.00020137,0.51007676,0.55521739,0.61474323,2.10671329,-0.02494110,-0.25292853,0.74171984
2678,0.00126135,0.00000004,0.00020137,0.50847727,0.55521518,0.61473882,2.10671020,-0.02495886,-0.25292769,0.74171656
2679,0.00126132,0.00000004,0.00020146,0.50783747,0.55521297,0.61473382,2.10670710,-0.02496693,-0.25292668,0.74171329
2680,0.00126138,0.00000004,0.00020149,0.50839734,0.55521071,0.61472893,2.10670400,-0.02497254,-0.25292605,0.74171001
2681,0.00126161,0.00000004,0.00020149,0.51079655,0.55520850,0.61472368,2.10670090,-0.02497318,-0.25292522,0.74170673
2682,0.00126174,0.00000004,0.00020147,0.51227605,0.55520630,0.61471808,2.10669780,-0.02496843,-0.25292429,0.74170345
2683,0.00126167,0.00000004,0.00020138,0.51199615,0.55520409,0.61471266,2.10669446,-0.02496129,-0.25292373,0.74170017
2684,0.00126141,0.00000004,0.00020137,0.50955695,0.55520183,0.61470652,2.10669136,-0.02494510,-0.25292292,0.74169689
2685,0.00126132,0.00000004,0.00020121,0.50935704,0.55519962,0.61470026,2.10668826,-0.02492469,-0.25292197,0.74169368
2686,0.00126135,0.00000004,0.00020110,0.51015675,0.55519742,0.61469376,2.10668516,-0.02489862,-0.25292131,0.74169040
2687,0.00126131,0.00000004,0.00020097,0.51039666,0.55519527,0.61468756,2.10668230,-0.02487753,-0.25292072,0.74168712
2688,0.00126162,0.00000004,0.00020092,0.51375562,0.55519313,0.61468148,2.10667920,-0.02485975,-0.25291985,0.74168390
2689,0.00126133,0.00000004,0.00020085,0.51123643,0.55519098,0.61467528,2.10667610,-0.02484182,-0.25291881,0.74168068
2690,0.00126159,0.00000004,0.00020085,0.51395553,0.55518889,0.61466908,2.10667324,-0.02482765,-0.25291735,0.74167746
2691,0.00126131,0.00000004,0.00020077,0.51155633,0.55518675,0.61466289,2.10667014,-0.02481710,-0.25291568,0.74167424
2692,0.00126145,0.00000004,0.00020073,0.51311582,0.55518460,0.61465710,2.10666704,-0.02481692,-0.25291368,0.74167103
2693,0.00126168,0.00000004,0.00020077,0.51539510,0.55518240,0.61465138,2.10666394,-0.02481797,-0.25291172,0.74166781
2694,0.00126170,0.00000004,0.00020078,0.51563501,0.55518019,0.61464620,2.10666084,-0.02482489,-0.25291029,0.74166453
2695,0.00126114,0.00000004,0.00020087,0.50967693,0.55517793,0.61464125,2.10665774,-0.02483978,-0.25290871,0.74166125
2696,0.00126157,0.00000004,0.00020093,0.51387554,0.55517572,0.61463672,2.10665464,-0.02486257,-0.25290710,0.74165797
2697,0.00126135,0.00000004,0.00020106,0.51119643,0.55517352,0.61463213,2.10665131,-0.02488341,-0.25290570,0.74165469
2698,0.00126148,0.00000004,0.00020111,0.51239604,0.55517131,0.61462724,2.10664821,-0.02489891,-0.25290409,0.74165142
2699,0.00126127,0.00000004,0.00020117,0.51003677,0.55516905,0.61462200,2.10664511,-0.02490873,-0.25290236,0.74164814
2700,0.00126120,0.00000004,0.00020123,0.50923705,0.55516684,0.61461675,2.10664201,-0.02492140,-0.25290033,0.74164486
2701,0.00126138,0.00000004,0.00020127,0.51095647,0.55516464,0.61461145,2.10663891,-0.02493296,-0.25289828,0.74164158
2702,0.00126122,0.00000004,0.00020128,0.50935704,0.55516243,0.61460584,2.10663581,-0.02493772,-0.25289643,0.74163830
2703,0.00126133,0.00000004,0.00020133,0.51035666,0.55516016,0.61460000,2.10663271,-0.02493640,-0.25289461,0.74163502
2704,0.00126132,0.00000004,0.00020128,0.51051664,0.55515796,0.61459374,2.10662937,-0.02492870,-0.25289258,0.74163175
2705,0.00126133,0.00000004,0.00020126,0.51075655,0.55515575,0.61458737,2.10662627,-0.02492054,-0.25289047,0.74162847
2706,0.00126113,0.00000004,0.00020113,0.50947696,0.55515355,0.61458087,2.10662317,-0.02490679,-0.25288853,0.74162519
2707,0.00126119,0.00000004,0.00020108,0.51027673,0.55515128,0.61457449,2.10662007,-0.02489446,-0.25288674,0.74162191
2708,0.00126119,0.00000004,0.00020106,0.51043665,0.55514908,0.61456811,2.10661697,-0.02488040,-0.25288510,0.74161863
2709,0.00126123,0.00000004,0.00020103,0.51107645,0.55514687,0.61456180,2.10661387,-0.02486790,-0.25288352,0.74161536
2710,0.00126120,0.00000004,0.00020098,0.51111645,0.55514467,0.61455572,2.10661077,-0.02485671,-0.25288224,0.74161208
2711,0.00126162,0.00000004,0.00020084,0.51587492,0.55514240,0.61454982,2.10660744,-0.02484648,-0.25288132,0.74160874
2712,0.00126122,0.00000004,0.00020077,0.51227605,0.55514020,0.61454380,2.10660434,-0.02483439,-0.25288045,0.74160540
2713,0.00126141,0.00000004,0.00020085,0.51395553,0.55513799,0.61453807,2.10660124,-0.02482851,-0.25287950,0.74160206
2714,0.00126113,0.00000004,0.00020081,0.51135635,0.55513579,0.61453289,2.10659790,-0.02483601,-0.25287819,0.74159873
2715,0.00126118,0.00000004,0.00020090,0.51159626,0.55513352,0.61452788,2.10659480,-0.02485047,-0.25287673,0.74159539
2716,0.00126121,0.00000004,0.00020091,0.51191616,0.55513126,0.61452311,2.10659170,-0.02486325,-0.25287575,0.74159205
2717,0.00126109,0.00000004,0.00020096,0.51059663,0.55512893,0.61451799,2.10658836,-0.02487179,-0.25287461,0.74158871
2718,0.00126113,0.00000004,0.00020101,0.51087654,0.55512661,0.61451280,2.10658503,-0.02488013,-0.25287330,0.74158537
2719,0.00126126,0.00000004,0.00020113,0.51171625,0.55512428,0.61450785,2.10658169,-0.02489120,-0.25287220,0.74158204
2720,0.00126120,0.00000004,0.00020116,0.51107645,0.55512202,0.61450285,2.10657859,-0.02489988,-0.25287125,0.74157870
2721,0.00126101,0.00000004,0.00020113,0.50935704,0.55511969,0.61449766,2.10657525,-0.02490668,-0.25287008,0.74157536
2722,0.00126124,0.00000004,0.00020121,0.51147634,0.55511737,0.61449248,2.10657191,-0.02491549,-0.25286874,0.74157202
2723,0.00126107,0.00000004,0.00020124,0.50971687,0.55511504,0.61448711,2.10656881,-0.02492237,-0.25286728,0.74156868
2724,0.00126125,0.00000004,0.00020128,0.51139635,0.55511278,0.61448181,2.10656548,-0.02492771,-0.25286624,0.74156529
2725,0.00126113,0.00000004,0.00020128,0.51023674,0.55511045,0.61447620,2.10656238,-0.02492594,-0.25286525,0.74156189
2726,0.00126103,0.00000004,0.00020119,0.50971687,0.55510813,0.61446983,2.10655904,-0.02491043,-0.25286418,0.74155849
2727,0.00126118,0.00000004,0.00020116,0.51143634,0.55510581,0.61446375,2.10655570,-0.02490107,-0.25286308,0.74155509
2728,0.00126121,0.00000004,0.00020114,0.51187623,0.55510354,0.61445749,2.10655260,-0.02488995,-0.25286174,0.74155170
2729,0.00126123,0.00000004,0.00020103,0.51259595,0.55510122,0.61445111,2.10654926,-0.02487962,-0.25285989,0.74154836
2730,0.00126100,0.00000004,0.00020101,0.51047665,0.55509883,0.61444449,2.10654569,-0.02486911,-0.25285786,0.74154496
2731,0.00126123,0.00000004,0.00020087,0.51343572,0.55509639,0.61443776,2.10654235,-0.02485801,-0.25285557,0.74154156
2732,0.00126104,0.00000004,0.00020090,0.51155633,0.55509400,0.61443150,2.10653901,-0.02485262,-0.25285369,0.74153817
2733,0.00126109,0.00000004,0.00020095,0.51191616,0.55509162,0.61442542,2.10653567,-0.02485229,-0.25285169,0.74153477
2734,0.00126106,0.00000004,0.00020094,0.51171625,0.55508924,0.61441940,2.10653210,-0.02485493,-0.25284955,0.74153137
2735,0.00126105,0.00000004,0.00020096,0.51159626,0.55508679,0.61441392,2.10652876,-0.02486416,-0.25284785,0.74152792
2736,0.00126110,0.00000004,0.00020105,0.51183623,0.55508435,0.61440885,2.10652542,-0.02488064,-0.25284633,0.74152446
2737,0.00126118,0.00000004,0.00020112,0.51243603,0.55508184,0.61440384,2.10652184,-0.02489976,-0.25284478,0.74152100
2738,0.00126108,0.00000004,0.00020119,0.51127636,0.55507934,0.61439896,2.10651827,-0.02491793,-0.25284347,0.74151754
2739,0.00126112,0.00000004,0.00020134,0.51111645,0.55507690,0.61439413,2.10651469,-0.02493772,-0.25284201,0.74151409
2740,0.00126094,0.00000004,0.00020141,0.50907707,0.55507439,0.61438882,2.10651135,-0.02495135,-0.25284034,0.74151063
2741,0.00126101,0.00000004,0.00020141,0.50991684,0.55507189,0.61438310,2.10650778,-0.02495290,-0.25283909,0.74150711
2742,0.00126097,0.00000004,0.00020134,0.50987685,0.55506939,0.61437696,2.10650420,-0.02494721,-0.25283775,0.74150366
2743,0.00126093,0.00000004,0.00020130,0.50967693,0.55506694,0.61437041,2.10650063,-0.02493161,-0.25283664,0.74150014
2744,0.00126104,0.00000004,0.00020112,0.51167625,0.55506444,0.61436355,2.10649729,-0.02491184,-0.25283521,0.74149668
2745,0.00126094,0.00000004,0.00020106,0.51099646,0.55506194,0.61435670,2.10649371,-0.02489075,-0.25283387,0.74149323
2746,0.00126085,0.00000004,0.00020097,0.51051664,0.55505949,0.61434960,2.10649014,-0.02486410,-0.25283250,0.74148977
2747,0.00126093,0.00000004,0.00020084,0.51195616,0.55505699,0.61434251,2.10648680,-0.02484001,-0.25283113,0.74148625
2748,0.00126105,0.00000004,0.00020075,0.51359564,0.55505449,0.61433578,2.10648298,-0.02482498,-0.25282973,0.74148273
2749,0.00126108,0.00000004,0.00020077,0.51387554,0.55505198,0.61432946,2.10647964,-0.02482200,-0.25282767,0.74147928
2750,0.00126093,0.00000004,0.00020068,0.51283592,0.55504954,0.61432326,2.10647607,-0.02482148,-0.25282571,0.74147576
2751,0.00126095,0.00000004,0.00020075,0.51279593,0.55504704,0.61431742,2.10647273,-0.02483113,-0.25282356,0.74147224
2752,0.00126075,0.00000004,0.00020088,0.51035666,0.55504453,0.61431164,2.10646915,-0.02484205,-0.25282136,0.74146873
2753,0.00126074,0.00000004,0.00020085,0.51047665,0.55504209,0.61430615,2.10646558,-0.02485781,-0.25281900,0.74146527
2754,0.00126099,0.00000004,0.00020099,0.51247603,0.55503958,0.61430061,2.10646200,-0.02487576,-0.25281647,0.74146181
2755,0.00126083,0.00000004,0.00020104,0.51083654,0.55503708,0.61429459,2.10645843,-0.02489120,-0.25281319,0.74145836
2756,0.00126083,0.00000004,0.00020112,0.51059663,0.55503458,0.61428857,2.10645509,-0.02490294,-0.25281018,0.74145490
2757,0.00126088,0.00000004,0.00020115,0.51103646,0.55503201,0.61428237,2.10645151,-0.02491378,-0.25280711,0.74145144
2758,0.00126069,0.00000004,0.00020125,0.50879717,0.55502945,0.61427605,2.10644770,-0.02491811,-0.25280422,0.74144799
2759,0.00126076,0.00000004,0.00020122,0.50967693,0.55502689,0.61426955,2.10644412,-0.02491987,-0.25280142,0.74144453
2760,0.00126083,0.00000004,0.00020118,0.51063657,0.55502433,0.61426264,2.10644054,-0.02491596,-0.25279826,0.74144107
2761,0.00126093,0.00000004,0.00020116,0.51183623,0.55502170,0.61425567,2.10643673,-0.02490898,-0.25279525,0.74143761
2762,0.00126081,0.00000004,0.00020107,0.51115644,0.55501914,0.61424839,2.10643315,-0.02489484,-0.25279245,0.74143416
2763,0.00126092,0.00000004,0.00020105,0.51239604,0.55501664,0.61424106,2.10642958,-0.02487820,-0.25278988,0.74143064
2764,0.00126090,0.00000004,0.00020087,0.51299584,0.55501407,0.61423337,2.10642600,-0.02485574,-0.25278708,0.74142718
2765,0.00126073,0.00000004,0.00020082,0.51163626,0.55501151,0.61422634,2.10642242,-0.02484359,-0.25278461,0.74142367
2766,0.00126081,0.00000004,0.00020077,0.51271594,0.55500895,0.61421907,2.10641861,-0.02482999,-0.25278196,0.74142015
2767,0.00126072,0.00000004,0.00020068,0.51227605,0.55500638,0.61421216,2.10641503,-0.02481885,-0.25277954,0.74141663
2768,0.00126084,0.00000004,0.00020066,0.51363564,0.55500376,0.61420524,2.10641146,-0.02481044,-0.25277719,0.74141312
2769,0.00126069,0.00000004,0.00020061,0.51247603,0.55500120,0.61419845,2.10640788,-0.02480206,-0.25277472,0.74140960
2770,0.00126051,0.00000004,0.00020058,0.51083654,0.55499864,0.61419189,2.10640430,-0.02480407,-0.25277197,0.74140608
2771,0.00126066,0.00000004,0.00020061,0.51239604,0.55499607,0.61418563,2.10640049,-0.02480968,-0.25276926,0.74140257
2772,0.00126050,0.00000004,0.00020071,0.51043665,0.55499345,0.61417985,2.10639691,-0.02482566,-0.25276670,0.74139905
2773,0.00126070,0.00000004,0.00020083,0.51207614,0.55499089,0.61417443,2.10639334,-0.02484207,-0.25276458,0.74139553
2774,0.00126062,0.00000004,0.00020090,0.51095647,0.55498832,0.61416876,2.10638952,-0.02485949,-0.25276205,0.74139202
2775,0.00126080,0.00000004,0.00020098,0.51263595,0.55498576,0.61416334,2.10638595,-0.02487976,-0.25275955,0.74138850
2776,0.00126055,0.00000004,0.00020102,0.51003677,0.55498320,0.61415762,2.10638237,-0.02489287,-0.25275734,0.74138498
2777,0.00126084,0.00000004,0.00020106,0.51287585,0.55498058,0.61415190,2.10637856,-0.02490367,-0.25275543,0.74138141
2778,0.00126075,0.00000004,0.00020117,0.51155633,0.55497801,0.61414635,2.10637498,-0.02491280,-0.25275412,0.74137783
2779,0.00126067,0.00000004,0.00020121,0.51067656,0.55497545,0.61414075,2.10637140,-0.02491501,-0.25275329,0.74137425
2780,0.00126053,0.00000004,0.00020113,0.50967693,0.55497289,0.61413479,2.10636783,-0.02491245,-0.25275221,0.74137068
2781,0.00126071,0.00000004,0.00020104,0.51195616,0.55497032,0.61412829,2.10636425,-0.02490280,-0.25275078,0.74136710
2782,0.00126066,0.00000004,0.00020100,0.51171625,0.55496770,0.61412179,2.10636044,-0.02488830,-0.25274989,0.74136353
2783,0.00126071,0.00000004,0.00020094,0.51255596,0.55496514,0.61411572,2.10635686,-0.02487769,-0.25274935,0.74135995
2784,0.00126044,0.00000004,0.00020086,0.51023674,0.55496258,0.61410987,2.10635328,-0.02486962,-0.25274912,0.74135637
2785,0.00126069,0.00000004,0.00020093,0.51251602,0.55496007,0.61410433,2.10634971,-0.02486276,-0.25274923,0.74135280
2786,0.00126034,0.00000004,0.00020081,0.50963694,0.55495763,0.61409825,2.10634613,-0.02484748,-0.25274923,0.74134922
2787,0.00126073,0.00000004,0.00020072,0.51391554,0.55495512,0.61409235,2.10634255,-0.02483236,-0.25274956,0.74134564
2788,0.00126059,0.00000004,0.00020072,0.51263595,0.55495262,0.61408609,2.10633922,-0.02481642,-0.25274920,0.74134207
2789,0.00126061,0.00000004,0.00020062,0.51335573,0.55495012,0.61408007,2.10633564,-0.02480206,-0.25274915,0.74133849
2790,0.00126081,0.00000004,0.00020057,0.51555502,0.55494767,0.61407387,2.10633206,-0.02479107,-0.25274843,0.74133492
2791,0.00126057,0.00000004,0.00020060,0.51319575,0.55494517,0.61406815,2.10632849,-0.02479360,-0.25274748,0.74133134
2792,0.00126047,0.00000004,0.00020065,0.51199615,0.55494267,0.61406296,2.10632515,-0.02480377,-0.25274661,0.74132776
2793,0.00126064,0.00000004,0.00020066,0.51371562,0.55494022,0.61405802,2.10632157,-0.02481767,-0.25274599,0.74132419
2794,0.00126054,0.00000004,0.00020081,0.51219612,0.55493772,0.61405337,2.10631800,-0.02483470,-0.25274557,0.74132061
2795,0.00126054,0.00000004,0.00020087,0.51207614,0.55493522,0.61404848,2.10631466,-0.02485101,-0.25274485,0.74131703
2796,0.00126051,0.00000004,0.00020091,0.51163626,0.55493271,0.61404395,2.10631084,-0.02487063,-0.25274447,0.74131346
2797,0.00126054,0.00000004,0.00020100,0.51171625,0.55493027,0.61403930,2.10630751,-0.02488752,-0.25274405,0.74130988
2798,0.00126055,0.00000004,0.00020108,0.51151633,0.55492777,0.61403441,2.10630393,-0.02490285,-0.25274345,0.74130630
2799,0.00126051,0.00000004,0.00020113,0.51103646,0.55492526,0.61402893,2.10630059,-0.02490789,-0.25274256,0.74130273
2800,0.00126070,0.00000004,0.00020112,0.51307583,0.55492282,0.61402333,2.10629702,-0.02490911,-0.25274178,0.74129915
2801,0.00126051,0.00000004,0.00020108,0.51139635,0.55492032,0.61401755,2.10629344,-0.02490446,-0.25274134,0.74129558
2802,0.00126054,0.00000004,0.00020101,0.51211613,0.55491781,0.61401147,2.10628986,-0.02489359,-0.25274089,0.74129200
2803,0.00126050,0.00000004,0.00020098,0.51183623,0.55491531,0.61400515,2.10628629,-0.02487762,-0.25274041,0.74128842
2804,0.00126045,0.00000004,0.00020098,0.51151633,0.55491287,0.61399877,2.10628295,-0.02486614,-0.25273943,0.74128485
2805,0.00126041,0.00000004,0.00020085,0.51167625,0.55491036,0.61399251,2.10627937,-0.02485749,-0.25273848,0.74128127
2806,0.00126039,0.00000004,0.00020083,0.51163626,0.55490786,0.61398613,2.10627580,-0.02484667,-0.25273743,0.74127769
2807,0.00126058,0.00000004,0.00020074,0.51395553,0.55490541,0.61397958,2.10627222,-0.02482997,-0.25273624,0.74127418
2808,0.00126059,0.00000004,0.00020073,0.51419544,0.55490291,0.61397368,2.10626888,-0.02482519,-0.25273558,0.74127060
2809,0.00126047,0.00000004,0.00020073,0.51303583,0.55490041,0.61396790,2.10626531,-0.02482479,-0.25273472,0.74126703
2810,0.00126026,0.00000004,0.00020065,0.51139635,0.55489790,0.61396194,2.10626197,-0.02482220,-0.25273338,0.74126351
2811,0.00126047,0.00000004,0.00020073,0.51323575,0.55489546,0.61395568,2.10625839,-0.02481622,-0.25273201,0.74125999
2812,0.00126041,0.00000004,0.00020065,0.51303583,0.55489296,0.61394966,2.10625482,-0.02481010,-0.25273091,0.74125648
2813,0.00126043,0.00000004,0.00020065,0.51339573,0.55489045,0.61394328,2.10625124,-0.02480621,-0.25272906,0.74125296
2814,0.00126020,0.00000004,0.00020065,0.51115644,0.55488801,0.61393726,2.10624766,-0.02480486,-0.25272760,0.74124944
2815,0.00126030,0.00000004,0.00020067,0.51215613,0.55488551,0.61393195,2.10624433,-0.02481305,-0.25272673,0.74124587
2816,0.00126035,0.00000004,0.00020066,0.51275593,0.55488300,0.61392653,2.10624075,-0.02482257,-0.25272560,0.74124229
2817,0.00126035,0.00000004,0.00020068,0.51271594,0.55488050,0.61392099,2.10623717,-0.02482699,-0.25272468,0.74123871
2818,0.00126017,0.00000004,0.00020070,0.51091653,0.55487806,0.61391532,2.10623360,-0.02482700,-0.25272402,0.74123514
2819,0.00126049,0.00000004,0.00020077,0.51395553,0.55487555,0.61390996,2.10623026,-0.02483076,-0.25272346,0.74123156
2820,0.00126041,0.00000004,0.00020072,0.51343572,0.55487305,0.61390454,2.10622668,-0.02483505,-0.25272283,0.74122798
2821,0.00126031,0.00000004,0.00020079,0.51227605,0.55487055,0.61389887,2.10622311,-0.02483439,-0.25272214,0.74122441
2822,0.00126031,0.00000004,0.00020079,0.51231605,0.55486810,0.61389345,2.10621953,-0.02483766,-0.25272164,0.74122083
2823,0.00126042,0.00000004,0.00020083,0.51335573,0.55486560,0.61388850,2.10621619,-0.02484724,-0.25272143,0.74121726
2824,0.00126029,0.00000004,0.00020082,0.51211613,0.55486310,0.61388344,2.10621262,-0.02485313,-0.25272137,0.74121362
2825,0.00126009,0.00000004,0.00020085,0.51011676,0.55486065,0.61387813,2.10620904,-0.02485746,-0.25272104,0.74121004
2826,0.00126022,0.00000004,0.00020096,0.51099646,0.55485815,0.61387300,2.10620570,-0.02486175,-0.25272113,0.74120641
2827,0.00126029,0.00000004,0.00020096,0.51175624,0.55485564,0.61386800,2.10620189,-0.02487119,-0.25272092,0.74120277
2828,0.00126022,0.00000004,0.00020093,0.51127636,0.55485320,0.61386269,2.10619855,-0.02487414,-0.25272059,0.74119920
2829,0.00126005,0.00000004,0.00020090,0.50979686,0.55485070,0.61385709,2.10619497,-0.02487489,-0.25271997,0.74119562
2830,0.00126012,0.00000004,0.00020094,0.51043665,0.55484819,0.61385149,2.10619164,-0.02487504,-0.25271940,0.74119204
2831,0.00126035,0.00000004,0.00020094,0.51283592,0.55484569,0.61384571,2.10618806,-0.02487597,-0.25271836,0.74118847
2832,0.00126035,0.00000004,0.00020104,0.51247603,0.55484325,0.61384034,2.10618448,-0.02488257,-0.25271752,0.74118489
2833,0.00126010,0.00000004,0.00020098,0.51027673,0.55484074,0.61383474,2.10618091,-0.02488575,-0.25271672,0.74118131
2834,0.00126024,0.00000004,0.00020100,0.51167625,0.55483824,0.61382872,2.10617757,-0.02487871,-0.25271592,0.74117774
2835,0.00126038,0.00000004,0.00020104,0.51299584,0.55483580,0.61382246,2.10617399,-0.02487407,-0.25271457,0.74117416
2836,0.00126026,0.00000004,0.00020090,0.51255596,0.55483329,0.61381584,2.10617042,-0.02486219,-0.25271308,0.74117059
2837,0.00126014,0.00000004,0.00020080,0.51175624,0.55483079,0.61380899,2.10616684,-0.02484744,-0.25271147,0.74116701
2838,0.00126020,0.00000004,0.00020071,0.51283592,0.55482829,0.61380243,2.10616326,-0.02483591,-0.25271004,0.74116343
2839,0.00126011,0.00000004,0.00020070,0.51203614,0.55482584,0.61379558,2.10615993,-0.02481809,-0.25270864,0.74115986
2840,0.00126036,0.00000004,0.00020065,0.51491523,0.55482340,0.61378866,2.10615635,-0.02480249,-0.25270692,0.74115634
2841,0.00126004,0.00000004,0.00020056,0.51215613,0.55482101,0.61378229,2.10615301,-0.02479798,-0.25270519,0.74115276
2842,0.00125999,0.00000004,0.00020062,0.51151633,0.55481857,0.61377615,2.10614967,-0.02480035,-0.25270337,0.74114919
2843,0.00126004,0.00000004,0.00020059,0.51211613,0.55481613,0.61377007,2.10614610,-0.02480363,-0.25270146,0.74114561
2844,0.00126027,0.00000004,0.00020069,0.51419544,0.55481368,0.61376417,2.10614276,-0.02480992,-0.25269967,0.74114203
2845,0.00126021,0.00000004,0.00020070,0.51359564,0.55481124,0.61375850,2.10613942,-0.02481767,-0.25269824,0.74113846
2846,0.00126008,0.00000004,0.00020078,0.51207614,0.55480886,0.61375284,2.10613585,-0.02482178,-0.25269705,0.74113488
2847,0.00126009,0.00000004,0.00020067,0.51271594,0.55480647,0.61374718,2.10613251,-0.02482849,-0.25269565,0.74113131
2848,0.00126024,0.00000004,0.00020078,0.51375562,0.55480409,0.61374164,2.10612917,-0.02484041,-0.25269395,0.74112773
2849,0.00126003,0.00000004,0.00020083,0.51163626,0.55480158,0.61373568,2.10612559,-0.02484872,-0.25269184,0.74112415
2850,0.00126010,0.00000004,0.00020083,0.51235604,0.55479908,0.61372977,2.10612202,-0.02485647,-0.25268999,0.74112058
2851,0.00126007,0.00000004,0.00020093,0.51175624,0.55479664,0.61372375,2.10611868,-0.02486417,-0.25268778,0.74111700
2852,0.00126023,0.00000004,0.00020103,0.51307583,0.55479413,0.61371756,2.10611486,-0.02486701,-0.25268573,0.74111342
2853,0.00125994,0.00000004,0.00020095,0.51059663,0.55479163,0.61371118,2.10611153,-0.02486642,-0.25268361,0.74110985
2854,0.00125999,0.00000004,0.00020092,0.51131636,0.55478913,0.61370432,2.10610795,-0.02486010,-0.25268126,0.74110627
2855,0.00125995,0.00000004,0.00020084,0.51123643,0.55478668,0.61369795,2.10610461,-0.02486065,-0.25267908,0.74110270
2856,0.00125974,0.00000004,0.00020087,0.50911707,0.55478418,0.61369133,2.10610104,-0.02485718,-0.25267681,0.74109912
2857,0.00126001,0.00000004,0.00020082,0.51211613,0.55478168,0.61368465,2.10609746,-0.02485242,-0.25267452,0.74109554
2858,0.00126021,0.00000004,0.00020086,0.51411551,0.55477911,0.61367762,2.10609388,-0.02484353,-0.25267205,0.74109197
2859,0.00125981,0.00000004,0.00020070,0.51087654,0.55477655,0.61367035,2.10609031,-0.02482827,-0.25266972,0.74108833
2860,0.00125991,0.00000004,0.00020066,0.51211613,0.55477399,0.61366308,2.10608649,-0.02481383,-0.25266755,0.74108469
2861,0.00125979,0.00000004,0.00020060,0.51119643,0.55477136,0.61365622,2.10608292,-0.02480141,-0.25266579,0.74108106
2862,0.00126000,0.00000004,0.00020056,0.51355565,0.55476880,0.61364949,2.10607934,-0.02479397,-0.25266373,0.74107742
2863,0.00125991,0.00000004,0.00020060,0.51263595,0.55476624,0.61364287,2.10607576,-0.02479254,-0.25266171,0.74107373
2864,0.00126004,0.00000004,0.00020055,0.51419544,0.55476367,0.61363649,2.10607195,-0.02479217,-0.25265989,0.74107003
2865,0.00125995,0.00000004,0.00020053,0.51343572,0.55476111,0.61362994,2.10606837,-0.02479539,-0.25265741,0.74106640
2866,0.00126003,0.00000004,0.00020061,0.51403552,0.55475843,0.61362386,2.10606456,-0.02480150,-0.25265551,0.74106270
2867,0.00125995,0.00000004,0.00020064,0.51323575,0.55475575,0.61361796,2.10606074,-0.02481093,-0.25265399,0.74105895
2868,0.00125981,0.00000004,0.00020066,0.51175624,0.55475312,0.61361241,2.10605693,-0.02482430,-0.25265262,0.74105519
2869,0.00125990,0.00000004,0.00020084,0.51211613,0.55475032,0.61360681,2.10605311,-0.02484202,-0.25265089,0.74105144
2870,0.00126005,0.00000004,0.00020088,0.51347572,0.55474758,0.61360109,2.10604930,-0.02485805,-0.25264901,0.74104768
2871,0.00125986,0.00000004,0.00020096,0.51135635,0.55474484,0.61359572,2.10604548,-0.02487725,-0.25264770,0.74104387
2872,0.00125993,0.00000004,0.00020104,0.51179624,0.55474210,0.61359030,2.10604143,-0.02489570,-0.25264633,0.74104005
2873,0.00125986,0.00000004,0.00020110,0.51095647,0.55473936,0.61358488,2.10603762,-0.02490838,-0.25264549,0.74103624
2874,0.00125978,0.00000004,0.00020105,0.51039666,0.55473661,0.61357892,2.10603380,-0.02490618,-0.25264502,0.74103242
2875,0.00125991,0.00000004,0.00020105,0.51183623,0.55473375,0.61357260,2.10602975,-0.02490035,-0.25264463,0.74102855
2876,0.00125970,0.00000004,0.00020106,0.50975686,0.55473089,0.61356628,2.10602570,-0.02489464,-0.25264391,0.74102467
2877,0.00125999,0.00000004,0.00020100,0.51303583,0.55472809,0.61355972,2.10602164,-0.02488607,-0.25264317,0.74102080
2878,0.00125994,0.00000004,0.00020095,0.51275593,0.55472523,0.61355281,2.10601759,-0.02487221,-0.25264227,0.74101692
2879,0.00125961,0.00000004,0.00020087,0.50995684,0.55472237,0.61354607,2.10601377,-0.02485470,-0.25264198,0.74101305
2880,0.00125992,0.00000004,0.00020070,0.51379561,0.55471957,0.61353946,2.10600972,-0.02483461,-0.25264215,0.74100918
2881,0.00125984,0.00000004,0.00020063,0.51335573,0.55471671,0.61353332,2.10600543,-0.02482070,-0.25264296,0.74100524
2882,0.00125983,0.00000004,0.00020051,0.51383555,0.55471385,0.61352688,2.10600162,-0.02480720,-0.25264287,0.74100137
2883,0.00125975,0.00000004,0.00020053,0.51307583,0.55471104,0.61352044,2.10599756,-0.02479873,-0.25264239,0.74099749
2884,0.00125985,0.00000004,0.00020054,0.51407552,0.55470818,0.61351430,2.10599351,-0.02479858,-0.25264162,0.74099362
2885,0.00125985,0.00000004,0.00020058,0.51403552,0.55470532,0.61350834,2.10598946,-0.02480166,-0.25264084,0.74098974
2886,0.00125962,0.00000004,0.00020060,0.51171625,0.55470252,0.61350280,2.10598540,-0.02481342,-0.25264028,0.74098581
2887,0.00125944,0.00000004,0.00020072,0.50951695,0.55469954,0.61349750,2.10598135,-0.02482934,-0.25263971,0.74098188
2888,0.00125964,0.00000004,0.00020072,0.51159626,0.55469662,0.61349171,2.10597706,-0.02484128,-0.25263867,0.74097794
2889,0.00125965,0.00000004,0.00020083,0.51135635,0.55469370,0.61348605,2.10597324,-0.02485552,-0.25263768,0.74097401
2890,0.00125963,0.00000004,0.00020089,0.51103646,0.55469078,0.61348063,2.10596895,-0.02487325,-0.25263664,0.74097008
2891,0.00125987,0.00000004,0.00020092,0.51335573,0.55468786,0.61347497,2.10596490,-0.02488588,-0.25263569,0.74096614
2892,0.00125968,0.00000004,0.00020106,0.51107645,0.55468494,0.61346900,2.10596061,-0.02489604,-0.25263450,0.74096221
2893,0.00125988,0.00000004,0.00020105,0.51315582,0.55468196,0.61346298,2.10595655,-0.02490623,-0.25263318,0.74095827
2894,0.00125965,0.00000004,0.00020114,0.51051664,0.55467904,0.61345720,2.10595250,-0.02492345,-0.25263157,0.74095434
2895,0.00125929,0.00000004,0.00020119,0.50687778,0.55467612,0.61345088,2.10594821,-0.02493202,-0.25262985,0.74095041
2896,0.00125973,0.00000004,0.00020121,0.51127636,0.55467319,0.61344427,2.10594416,-0.02493400,-0.25262788,0.74094647
2897,0.00125971,0.00000004,0.00020119,0.51123643,0.55467027,0.61343724,2.10593987,-0.02493020,-0.25262597,0.74094254
2898,0.00125940,0.00000004,0.00020105,0.50883716,0.55466723,0.61342978,2.10593581,-0.02491981,-0.25262377,0.74093860
2899,0.00125952,0.00000004,0.00020098,0.51039666,0.55466425,0.61342180,2.10593128,-0.02490267,-0.25262123,0.74093467
2900,0.00125954,0.00000004,0.00020091,0.51103646,0.55466121,0.61341316,2.10592723,-0.02487480,-0.25261840,0.74093074
2901,0.00125974,0.00000004,0.00020072,0.51391554,0.55465817,0.61340475,2.10592294,-0.02485022,-0.25261560,0.74092680
2902,0.00125960,0.00000004,0.00020061,0.51303583,0.55465519,0.61339623,2.10591865,-0.02482443,-0.25261292,0.74092287
2903,0.00125946,0.00000004,0.00020047,0.51227605,0.55465204,0.61338788,2.10591412,-0.02479773,-0.25261071,0.74091887
2904,0.00125978,0.00000004,0.00020032,0.51619482,0.55464894,0.61337912,2.10590982,-0.02476919,-0.25260797,0.74091488
2905,0.00125955,0.00000004,0.00020024,0.51439542,0.55464584,0.61337090,2.10590553,-0.02474742,-0.25260550,0.74091089
2906,0.00125970,0.00000004,0.00020015,0.51631480,0.55464274,0.61336350,2.10590100,-0.02473891,-0.25260356,0.74090683
2907,0.00125930,0.00000004,0.00020009,0.51267594,0.55463952,0.61335641,2.10589647,-0.02473888,-0.25260141,0.74090278
2908,0.00125945,0.00000004,0.00020014,0.51403552,0.55463636,0.61334968,2.10589194,-0.02474739,-0.25259915,0.74089873
2909,0.00125962,0.00000004,0.00020020,0.51559502,0.55463314,0.61334288,2.10588741,-0.02475613,-0.25259688,0.74089462
2910,0.00125940,0.00000004,0.00020034,0.51299584,0.55462998,0.61333632,2.10588312,-0.02477421,-0.25259426,0.74089050
2911,0.00125938,0.00000004,0.00020042,0.51251602,0.55462676,0.61333019,2.10587859,-0.02479883,-0.25259170,0.74088639
2912,0.00125945,0.00000004,0.00020059,0.51267594,0.55462354,0.61332464,2.10587406,-0.02482961,-0.25258973,0.74088228
2913,0.00125948,0.00000004,0.00020071,0.51255596,0.55462039,0.61331898,2.10586953,-0.02485608,-0.25258803,0.74087816
2914,0.00125963,0.00000004,0.00020090,0.51339573,0.55461717,0.61331296,2.10586500,-0.02487573,-0.25258622,0.74087405
2915,0.00125936,0.00000004,0.00020079,0.51123643,0.55461395,0.61330646,2.10586047,-0.02488406,-0.25258464,0.74086994
2916,0.00125952,0.00000004,0.00020080,0.51291585,0.55461067,0.61329925,2.10585570,-0.02488243,-0.25258255,0.74086583
2917,0.00125947,0.00000004,0.00020084,0.51235604,0.55460739,0.61329204,2.10585093,-0.02487662,-0.25258088,0.74086171
2918,0.00125946,0.00000004,0.00020073,0.51283592,0.55460411,0.61328435,2.10584641,-0.02486326,-0.25257918,0.74085754
2919,0.00125932,0.00000004,0.00020065,0.51179624,0.55460083,0.61327672,2.10584188,-0.02485203,-0.25257751,0.74085337
2920,0.00125932,0.00000004,0.00020053,0.51235604,0.55459756,0.61326849,2.10583711,-0.02483053,-0.25257555,0.74084920
2921,0.00125940,0.00000004,0.00020044,0.51371562,0.55459428,0.61326069,2.10583258,-0.02481148,-0.25257415,0.74084502
2922,0.00125927,0.00000004,0.00020044,0.51251602,0.55459100,0.61325347,2.10582781,-0.02480338,-0.25257298,0.74084085
2923,0.00125932,0.00000004,0.00020043,0.51315582,0.55458772,0.61324638,2.10582304,-0.02479773,-0.25257173,0.74083668
2924,0.00125947,0.00000004,0.00020039,0.51491523,0.55458444,0.61323965,2.10581875,-0.02479696,-0.25257060,0.74083251
2925,0.00125938,0.00000004,0.00020034,0.51431543,0.55458111,0.61323279,2.10581398,-0.02479604,-0.25256971,0.74082828
2926,0.00125926,0.00000004,0.00020038,0.51303583,0.55457783,0.61322635,2.10580921,-0.02479823,-0.25256908,0.74082404
2927,0.00125943,0.00000004,0.00020039,0.51479524,0.55457455,0.61321944,2.10580468,-0.02479670,-0.25256780,0.74081987
2928,0.00125889,0.00000004,0.00020038,0.50959694,0.55457127,0.61321270,2.10579991,-0.02479840,-0.25256643,0.74081570
2929,0.00125910,0.00000004,0.00020035,0.51187623,0.55456799,0.61320555,2.10579538,-0.02480081,-0.25256431,0.74081153
2930,0.00125931,0.00000004,0.00020038,0.51399553,0.55456471,0.61319864,2.10579062,-0.02480022,-0.25256294,0.74080735
2931,0.00125934,0.00000004,0.00020042,0.51415545,0.55456144,0.61319172,2.10578609,-0.02480402,-0.25256112,0.74080318
2932,0.00125930,0.00000004,0.00020040,0.51399553,0.55455816,0.61318499,2.10578132,-0.02480799,-0.25255963,0.74079901
2933,0.00125928,0.00000004,0.00020034,0.51415545,0.55455488,0.61317813,2.10577679,-0.02480881,-0.25255829,0.74079484
2934,0.00125916,0.00000004,0.00020041,0.51271594,0.55455154,0.61317134,2.10577226,-0.02481136,-0.25255686,0.74079067
2935,0.00125935,0.00000004,0.00020047,0.51443541,0.55454826,0.61316478,2.10576749,-0.02481580,-0.25255552,0.74078649
2936,0.00125905,0.00000004,0.00020050,0.51143634,0.55454499,0.61315876,2.10576272,-0.02482704,-0.25255495,0.74078226
2937,0.00125914,0.00000004,0.00020046,0.51259595,0.55454171,0.61315262,2.10575819,-0.02483175,-0.25255480,0.74077803
2938,0.00125919,0.00000004,0.00020050,0.51303583,0.55453843,0.61314666,2.10575366,-0.02484282,-0.25255436,0.74077380
2939,0.00125915,0.00000004,0.00020064,0.51219612,0.55453515,0.61314058,2.10574889,-0.02485210,-0.25255376,0.74076957
2940,0.00125908,0.00000004,0.00020059,0.51175624,0.55453187,0.61313426,2.10574436,-0.02485625,-0.25255325,0.74076533
2941,0.00125913,0.00000004,0.00020065,0.51207614,0.55452859,0.61312836,2.10573959,-0.02486277,-0.25255334,0.74076110
2942,0.00125900,0.00000004,0.00020061,0.51107645,0.55452532,0.61312246,2.10573483,-0.02487043,-0.25255331,0.74075687
2943,0.00125912,0.00000004,0.00020065,0.51223606,0.55452198,0.61311632,2.10573030,-0.02487184,-0.25255346,0.74075264
2944,0.00125916,0.00000004,0.00020063,0.51275593,0.55451870,0.61311030,2.10572577,-0.02486610,-0.25255457,0.74074835
2945,0.00125898,0.00000004,0.00020064,0.51103646,0.55451542,0.61310410,2.10572100,-0.02486465,-0.25255501,0.74074411
2946,0.00125899,0.00000004,0.00020055,0.51159626,0.55451214,0.61309695,2.10571623,-0.02484768,-0.25255486,0.74073988
2947,0.00125900,0.00000004,0.00020046,0.51215613,0.55450886,0.61308986,2.10571170,-0.02483056,-0.25255498,0.74073565
2948,0.00125896,0.00000004,0.00020037,0.51223606,0.55450559,0.61308318,2.10570717,-0.02482181,-0.25255492,0.74073142
2949,0.00125885,0.00000004,0.00020044,0.51091653,0.55450231,0.61307651,2.10570240,-0.02481411,-0.25255492,0.74072719
2950,0.00125876,0.00000004,0.00020026,0.51091653,0.55449903,0.61306995,2.10569787,-0.02480865,-0.25255498,0.74072295
2951,0.00125900,0.00000004,0.00020020,0.51355565,0.55449575,0.61306310,2.10569310,-0.02479399,-0.25255522,0.74071872
2952,0.00125895,0.00000004,0.00020021,0.51323575,0.55449253,0.61305600,2.10568857,-0.02478012,-0.25255466,0.74071455
2953,0.00125898,0.00000004,0.00020020,0.51367563,0.55448931,0.61304909,2.10568404,-0.02477388,-0.25255412,0.74071032
2954,0.00125879,0.00000004,0.00020015,0.51203614,0.55448604,0.61304235,2.10567951,-0.02477067,-0.25255346,0.74070609
2955,0.00125873,0.00000004,0.00020012,0.51163626,0.55448276,0.61303526,2.10567498,-0.02476568,-0.25255236,0.74070185
2956,0.00125877,0.00000004,0.00020001,0.51255596,0.55447948,0.61302793,2.10567021,-0.02475569,-0.25255123,0.74069762
2957,0.00125910,0.00000004,0.00020008,0.51567501,0.55447620,0.61302149,2.10566545,-0.02475714,-0.25255069,0.74069339
2958,0.00125900,0.00000004,0.00020015,0.51455534,0.55447292,0.61301512,2.10566092,-0.02476320,-0.25254995,0.74068916
2959,0.00125883,0.00000004,0.00020016,0.51287585,0.55446965,0.61300856,2.10565639,-0.02477001,-0.25254872,0.74068493
2960,0.00125872,0.00000004,0.00020008,0.51215613,0.55446637,0.61300147,2.10565162,-0.02477134,-0.25254694,0.74068069
2961,0.00125879,0.00000004,0.00020012,0.51287585,0.55446309,0.61299425,2.10564709,-0.02477610,-0.25254458,0.74067646
2962,0.00125903,0.00000004,0.00020024,0.51487523,0.55445981,0.61298716,2.10564232,-0.02478911,-0.25254172,0.74067223
2963,0.00125877,0.00000004,0.00020022,0.51247603,0.55445647,0.61298013,2.10563779,-0.02480142,-0.25253895,0.74066800
2964,0.00125877,0.00000004,0.00020040,0.51179624,0.55445319,0.61297327,2.10563302,-0.02481355,-0.25253668,0.74066377
2965,0.00125872,0.00000004,0.00020035,0.51163626,0.55444992,0.61296666,2.10562849,-0.02482015,-0.25253537,0.74065948
2966,0.00125890,0.00000004,0.00020041,0.51327574,0.55444658,0.61296016,2.10562348,-0.02483063,-0.25253421,0.74065518
2967,0.00125875,0.00000004,0.00020045,0.51171625,0.55444318,0.61295372,2.10561895,-0.02483718,-0.25253341,0.74065089
2968,0.00125870,0.00000004,0.00020036,0.51171625,0.55443978,0.61294687,2.10561419,-0.02483625,-0.25253239,0.74064660
2969,0.00125861,0.00000004,0.00020039,0.51075655,0.55443645,0.61293954,2.10560942,-0.02483113,-0.25253108,0.74064231
2970,0.00125886,0.00000004,0.00020037,0.51343572,0.55443317,0.61293209,2.10560465,-0.02482436,-0.25252932,0.74063808
2971,0.00125886,0.00000004,0.00020038,0.51351565,0.55442989,0.61292440,2.10560012,-0.02481713,-0.25252721,0.74063385
2972,0.00125876,0.00000004,0.00020023,0.51323575,0.55442661,0.61291683,2.10559535,-0.02480865,-0.25252551,0.74062961
2973,0.00125875,0.00000004,0.00020025,0.51315582,0.55442327,0.61290950,2.10559082,-0.02479930,-0.25252447,0.74062532
2974,0.00125875,0.00000004,0.00020017,0.51355565,0.55441999,0.61290193,2.10558629,-0.02478709,-0.25252327,0.74062103
2975,0.00125850,0.00000004,0.00020007,0.51163626,0.55441672,0.61289465,2.10558152,-0.02477909,-0.25252217,0.74061674
2976,0.00125871,0.00000004,0.00020001,0.51411551,0.55441344,0.61288697,2.10557675,-0.02476940,-0.25252044,0.74061251
2977,0.00125877,0.00000004,0.00020007,0.51447535,0.55441016,0.61287987,2.10557222,-0.02476881,-0.25251883,0.74060827
2978,0.00125864,0.00000004,0.00019998,0.51367563,0.55440688,0.61287296,2.10556746,-0.02477162,-0.25251737,0.74060398
2979,0.00125869,0.00000004,0.00020000,0.51419544,0.55440360,0.61286598,2.10556293,-0.02477636,-0.25251558,0.74059975
2980,0.00125877,0.00000004,0.00020010,0.51475531,0.55440032,0.61285895,2.10555840,-0.02478069,-0.25251365,0.74059552
2981,0.00125854,0.00000004,0.00020010,0.51255596,0.55439705,0.61285174,2.10555363,-0.02477807,-0.25251204,0.74059129
2982,0.00125850,0.00000004,0.00020003,0.51247603,0.55439377,0.61284441,2.10554886,-0.02477672,-0.25251010,0.74058706
2983,0.00125857,0.00000004,0.00020002,0.51335573,0.55439043,0.61283708,2.10554433,-0.02477583,-0.25250801,0.74058282
2984,0.00125867,0.00000004,0.00020002,0.51443541,0.55438715,0.61282992,2.10553980,-0.02477434,-0.25250658,0.74057853
2985,0.00125852,0.00000004,0.00020003,0.51303583,0.55438387,0.61282319,2.10553503,-0.02477655,-0.25250560,0.74057424
2986,0.00125841,0.00000004,0.00020003,0.51195616,0.55438060,0.61281621,2.10553026,-0.02477763,-0.25250438,0.74056995
2987,0.00125831,0.00000004,0.00020003,0.51107645,0.55437732,0.61280930,2.10552573,-0.02477781,-0.25250319,0.74056566
2988,0.00125854,0.00000004,0.00020000,0.51359564,0.55437404,0.61280215,2.10552120,-0.02477379,-0.25250202,0.74056137
2989,0.00125841,0.00000004,0.00019999,0.51247603,0.55437076,0.61279488,2.10551643,-0.02477190,-0.25250044,0.74055707
2990,0.00125846,0.00000004,0.00020003,0.51295584,0.55436748,0.61278796,2.10551190,-0.02478013,-0.25249851,0.74055278
2991,0.00125849,0.00000004,0.00020012,0.51303583,0.55436420,0.61278081,2.10550714,-0.02478701,-0.25249618,0.74054849
2992,0.00125829,0.00000004,0.00020010,0.51115644,0.55436093,0.61277366,2.10550237,-0.02479400,-0.25249404,0.74054420
2993,0.00125837,0.00000004,0.00020016,0.51183623,0.55435759,0.61276627,2.10549784,-0.02479732,-0.25249144,0.74053997
2994,0.00125825,0.00000004,0.00020015,0.51071656,0.55435431,0.61275905,2.10549331,-0.02480309,-0.25248891,0.74053574
2995,0.00125844,0.00000004,0.00020014,0.51279593,0.55435103,0.61275148,2.10548854,-0.02480682,-0.25248593,0.74053150
2996,0.00125837,0.00000004,0.00020014,0.51219612,0.55434775,0.61274368,2.10548401,-0.02480356,-0.25248340,0.74052727
2997,0.00125844,0.00000004,0.00020009,0.51323575,0.55434448,0.61273575,2.10547924,-0.02479080,-0.25248131,0.74052304
2998,0.00125845,0.00000004,0.00020008,0.51347572,0.55434120,0.61272842,2.10547471,-0.02478734,-0.25247964,0.74051875
2999,0.00125853,0.00000004,0.00020001,0.51463532,0.55433792,0.61272091,2.10546994,-0.02478054,-0.25247806,0.74051446
3000,0.00125817,0.00000004,0.00019994,0.51147634,0.55433464,0.61271393,2.10546541,-0.02477674,-0.25247723,0.74051017
3001,0.00125849,0.00000004,0.00019996,0.51467532,0.55433136,0.61270738,2.10546064,-0.02477799,-0.25247666,0.74050587
3002,0.00125833,0.00000004,0.00020003,0.51291585,0.55432814,0.61270112,2.10545611,-0.02478578,-0.25247613,0.74050158
3003,0.00125825,0.00000004,0.00020008,0.51195616,0.55432492,0.61269498,2.10545158,-0.02479437,-0.25247562,0.74049729
3004,0.00125835,0.00000004,0.00020003,0.51323575,0.55432177,0.61268818,2.10544705,-0.02479590,-0.25247464,0.74049300
3005,0.00125825,0.00000004,0.00020000,0.51251602,0.55431855,0.61268139,2.10544252,-0.02479432,-0.25247377,0.74048877
3006,0.00125820,0.00000004,0.00020009,0.51175624,0.55431539,0.61267489,2.10543799,-0.02479957,-0.25247282,0.74048454
3007,0.00125833,0.00000004,0.00020020,0.51267594,0.55431217,0.61266905,2.10543370,-0.02481730,-0.25247213,0.74048024
3008,0.00125834,0.00000004,0.00020020,0.51291585,0.55430895,0.61266279,2.10542917,-0.02482554,-0.25247154,0.74047595
3009,0.00125832,0.00000004,0.00020013,0.51307583,0.55430579,0.61265618,2.10542464,-0.02482851,-0.25247055,0.74047172
3010,0.00125835,0.00000004,0.00020021,0.51311582,0.55430257,0.61264932,2.10542011,-0.02482931,-0.25246930,0.74046749
3011,0.00125828,0.00000004,0.00020018,0.51263595,0.55429941,0.61264229,2.10541558,-0.02482727,-0.25246787,0.74046326
3012,0.00125822,0.00000004,0.00020018,0.51215613,0.55429620,0.61263537,2.10541105,-0.02482658,-0.25246665,0.74045902
3013,0.00125809,0.00000004,0.00020014,0.51111645,0.55429298,0.61262870,2.10540652,-0.02483146,-0.25246543,0.74045479
3014,0.00125795,0.00000004,0.00020023,0.50951695,0.55428988,0.61262220,2.10540199,-0.02483548,-0.25246462,0.74045056
3015,0.00125818,0.00000004,0.00020021,0.51199615,0.55428678,0.61261523,2.10539770,-0.02482950,-0.25246385,0.74044633
3016,0.00125810,0.00000004,0.00020016,0.51147634,0.55428368,0.61260808,2.10539341,-0.02481650,-0.25246337,0.74044210
3017,0.00125795,0.00000004,0.00020012,0.51019675,0.55428058,0.61260098,2.10538888,-0.02480699,-0.25246260,0.74043787
3018,0.00125828,0.00000004,0.00020002,0.51399553,0.55427748,0.61259389,2.10538459,-0.02479698,-0.25246194,0.74043363
3019,0.00125818,0.00000004,0.00019997,0.51335573,0.55427438,0.61258703,2.10538006,-0.02478829,-0.25246164,0.74042940
3020,0.00125812,0.00000004,0.00020001,0.51263595,0.55427128,0.61258060,2.10537577,-0.02479148,-0.25246078,0.74042523
3021,0.00125808,0.00000004,0.00020005,0.51219612,0.55426818,0.61257410,2.10537124,-0.02479579,-0.25245979,0.74042106
3022,0.00125820,0.00000004,0.00020003,0.51351565,0.55426514,0.61256754,2.10536718,-0.02479529,-0.25245908,0.74041688
3023,0.00125820,0.00000004,0.00020003,0.51359564,0.55426210,0.61256099,2.10536289,-0.02479839,-0.25245798,0.74041271
3024,0.00125791,0.00000004,0.00020007,0.51067656,0.55425912,0.61255431,2.10535860,-0.02480032,-0.25245693,0.74040854
3025,0.00125784,0.00000004,0.00020007,0.51003677,0.55425608,0.61254764,2.10535431,-0.02480151,-0.25245571,0.74040437
3026,0.00125796,0.00000004,0.00019998,0.51175624,0.55425304,0.61254054,2.10535002,-0.02479572,-0.25245452,0.74040020
3027,0.00125798,0.00000004,0.00019995,0.51215613,0.55425006,0.61253345,2.10534573,-0.02478794,-0.25245351,0.74039602
3028,0.00125815,0.00000004,0.00019989,0.51423544,0.55424702,0.61252636,2.10534167,-0.02478163,-0.25245225,0.74039185
3029,0.00125807,0.00000004,0.00019996,0.51319575,0.55424404,0.61251962,2.10533714,-0.02477858,-0.25245139,0.74038768
3030,0.00125796,0.00000004,0.00019985,0.51267594,0.55424100,0.61251283,2.10533309,-0.02477523,-0.25245047,0.74038351
3031,0.00125806,0.00000004,0.00019987,0.51367563,0.55423796,0.61250579,2.10532880,-0.02477317,-0.25244901,0.74037933
3032,0.00125799,0.00000004,0.00019981,0.51327574,0.55423498,0.61249816,2.10532451,-0.02476496,-0.25244707,0.74037516
3033,0.00125792,0.00000004,0.00019983,0.51267594,0.55423194,0.61249083,2.10532022,-0.02476303,-0.25244474,0.74037105
3034,0.00125795,0.00000004,0.00019986,0.51295584,0.55422890,0.61248398,2.10531592,-0.02476854,-0.25244284,0.74036688
3035,0.00125794,0.00000004,0.00019980,0.51315582,0.55422592,0.61247683,2.10531163,-0.02476978,-0.25244069,0.74036270
3036,0.00125801,0.00000004,0.00019990,0.51351565,0.55422288,0.61247003,2.10530758,-0.02477954,-0.25243866,0.74035853
3037,0.00125802,0.00000004,0.00019998,0.51343572,0.55421990,0.61246341,2.10530305,-0.02478464,-0.25243729,0.74035436
3038,0.00125788,0.00000004,0.00019994,0.51223606,0.55421686,0.61245716,2.10529900,-0.02479089,-0.25243643,0.74035019
3039,0.00125791,0.00000004,0.00020003,0.51235604,0.55421382,0.61245096,2.10529470,-0.02479825,-0.25243574,0.74034601
3040,0.00125798,0.00000004,0.00020002,0.51311582,0.55421084,0.61244458,2.10529017,-0.02480518,-0.25243464,0.74034184
3041,0.00125807,0.00000004,0.00020007,0.51395553,0.55420780,0.61243802,2.10528612,-0.02481048,-0.25243330,0.74033767
3042,0.00125786,0.00000004,0.00020009,0.51187623,0.55420476,0.61243141,2.10528183,-0.02481247,-0.25243235,0.74033350
3043,0.00125798,0.00000004,0.00020005,0.51331574,0.55420178,0.61242473,2.10527754,-0.02480547,-0.25243187,0.74032933
3044,0.00125789,0.00000004,0.00019995,0.51299584,0.55419874,0.61241758,2.10527325,-0.02479568,-0.25243095,0.74032515
3045,0.00125792,0.00000004,0.00019995,0.51331574,0.55419576,0.61241013,2.10526896,-0.02478196,-0.25242993,0.74032098
3046,0.00125785,0.00000004,0.00019978,0.51339573,0.55419272,0.61240292,2.10526466,-0.02476925,-0.25242895,0.74031681
3047,0.00125779,0.00000004,0.00019982,0.51271594,0.55418980,0.61239600,2.10526061,-0.02476408,-0.25242811,0.74031264
3048,0.00125794,0.00000004,0.00019979,0.51451534,0.55418688,0.61238927,2.10525656,-0.02475755,-0.25242770,0.74030846
3049,0.00125764,0.00000004,0.00019972,0.51183623,0.55418396,0.61238271,2.10525227,-0.02475525,-0.25242707,0.74030429
3050,0.00125792,0.00000004,0.00019982,0.51435542,0.55418098,0.61237615,2.10524821,-0.02475729,-0.25242597,0.74030018
3051,0.00125793,0.00000004,0.00019969,0.51503521,0.55417806,0.61236894,2.10524392,-0.02475096,-0.25242442,0.74029607
3052,0.00125785,0.00000004,0.00019979,0.51399553,0.55417514,0.61236191,2.10523987,-0.02474376,-0.25242320,0.74029195
3053,0.00125769,0.00000004,0.00019969,0.51283592,0.55417222,0.61235523,2.10523582,-0.02474195,-0.25242221,0.74028784
3054,0.00125773,0.00000004,0.00019969,0.51335573,0.55416930,0.61234862,2.10523152,-0.02473449,-0.25242218,0.74028367
3055,0.00125779,0.00000004,0.00019975,0.51379561,0.55416638,0.61234224,2.10522747,-0.02473181,-0.25242192,0.74027950
3056,0.00125757,0.00000004,0.00019977,0.51159626,0.55416346,0.61233598,2.10522318,-0.02473482,-0.25242156,0.74027532
3057,0.00125775,0.00000004,0.00019977,0.51355565,0.55416048,0.61232978,2.10521913,-0.02473976,-0.25242078,0.74027121
3058,0.00125780,0.00000004,0.00019977,0.51407552,0.55415756,0.61232382,2.10521507,-0.02475388,-0.25241965,0.74026710
3059,0.00125780,0.00000004,0.00019985,0.51387554,0.55415475,0.61231816,2.10521102,-0.02477067,-0.25241908,0.74026293
3060,0.00125787,0.00000004,0.00019994,0.51431543,0.55415189,0.61231273,2.10520697,-0.02478905,-0.25241873,0.74025875
3061,0.00125734,0.00000004,0.00020003,0.50871724,0.55414903,0.61230677,2.10520291,-0.02479983,-0.25241801,0.74025464
3062,0.00125777,0.00000004,0.00020005,0.51303583,0.55414623,0.61230105,2.10519886,-0.02481304,-0.25241742,0.74025053
3063,0.00125761,0.00000004,0.00020012,0.51119643,0.55414337,0.61229485,2.10519481,-0.02482179,-0.25241628,0.74024642
3064,0.00125734,0.00000004,0.00020015,0.50855726,0.55414051,0.61228818,2.10519099,-0.02482664,-0.25241458,0.74024230
3065,0.00125770,0.00000004,0.00020023,0.51191616,0.55413771,0.61228150,2.10518694,-0.02482865,-0.25241324,0.74023819
3066,0.00125777,0.00000004,0.00020008,0.51327574,0.55413485,0.61227411,2.10518289,-0.02481947,-0.25241140,0.74023414
3067,0.00125748,0.00000004,0.00020007,0.51055664,0.55413204,0.61226636,2.10517883,-0.02480171,-0.25240973,0.74023008
3068,0.00125764,0.00000004,0.00019996,0.51271594,0.55412918,0.61225885,2.10517502,-0.02478364,-0.25240865,0.74022597
3069,0.00125774,0.00000004,0.00019983,0.51431543,0.55412632,0.61225140,2.10517097,-0.02476910,-0.25240743,0.74022186
3070,0.00125766,0.00000004,0.00019980,0.51375562,0.55412352,0.61224383,2.10516691,-0.02475473,-0.25240573,0.74021780
3071,0.00125765,0.00000004,0.00019975,0.51387554,0.55412066,0.61223662,2.10516286,-0.02475028,-0.25240371,0.74021375
3072,0.00125762,0.00000004,0.00019979,0.51359564,0.55411792,0.61222935,2.10515881,-0.02474485,-0.25240174,0.74020970
3073,0.00125752,0.00000004,0.00019969,0.51311582,0.55411518,0.61222219,2.10515499,-0.02474612,-0.25239944,0.74020565
3074,0.00125757,0.00000004,0.00019979,0.51323575,0.55411243,0.61221480,2.10515118,-0.02474114,-0.25239703,0.74020159
3075,0.00125746,0.00000004,0.00019977,0.51235604,0.55410963,0.61220771,2.10514736,-0.02473884,-0.25239518,0.74019754
3076,0.00125777,0.00000004,0.00019975,0.51559502,0.55410689,0.61220050,2.10514331,-0.02473750,-0.25239292,0.74019349
3077,0.00125752,0.00000004,0.00019979,0.51307583,0.55410415,0.61219358,2.10513949,-0.02474536,-0.25239027,0.74018943
3078,0.00125773,0.00000004,0.00019972,0.51551503,0.55410141,0.61218655,2.10513568,-0.02474861,-0.25238791,0.74018538
3079,0.00125768,0.00000004,0.00019988,0.51451534,0.55409867,0.61217964,2.10513186,-0.02475620,-0.25238535,0.74018133
3080,0.00125746,0.00000004,0.00019992,0.51227605,0.55409592,0.61217302,2.10512781,-0.02476923,-0.25238287,0.74017727
3081,0.00125767,0.00000004,0.00019998,0.51419544,0.55409312,0.61216688,2.10512400,-0.02478649,-0.25238091,0.74017322
3082,0.00125739,0.00000004,0.00020001,0.51135635,0.55409038,0.61216033,2.10512018,-0.02479620,-0.25237885,0.74016917
3083,0.00125746,0.00000004,0.00020005,0.51199615,0.55408764,0.61215329,2.10511613,-0.02480005,-0.25237635,0.74016511
3084,0.00125751,0.00000004,0.00020000,0.51279593,0.55408490,0.61214584,2.10511231,-0.02479866,-0.25237370,0.74016106
3085,0.00125739,0.00000004,0.00019997,0.51183623,0.55408216,0.61213845,2.10510850,-0.02479558,-0.25237122,0.74015701
3086,0.00125750,0.00000004,0.00019998,0.51299584,0.55407941,0.61213112,2.10510445,-0.02479417,-0.25236875,0.74015296
3087,0.00125744,0.00000004,0.00019998,0.51247603,0.55407667,0.61212385,2.10510063,-0.02479183,-0.25236642,0.74014890
3088,0.00125734,0.00000004,0.00019993,0.51171625,0.55407387,0.61211652,2.10509658,-0.02478567,-0.25236449,0.74014485
3089,0.00125754,0.00000004,0.00019994,0.51387554,0.55407113,0.61210936,2.10509276,-0.02477748,-0.25236288,0.74014080
3090,0.00125752,0.00000004,0.00019990,0.51391554,0.55406839,0.61210287,2.10508895,-0.02478098,-0.25236154,0.74013674
3091,0.00125730,0.00000004,0.00019993,0.51171625,0.55406564,0.61209619,2.10508490,-0.02478173,-0.25236017,0.74013269
3092,0.00125742,0.00000004,0.00019996,0.51279593,0.55406290,0.61208999,2.10508108,-0.02478903,-0.25235906,0.74012864
3093,0.00125722,0.00000004,0.00020002,0.51071656,0.55406016,0.61208367,2.10507727,-0.02479063,-0.25235841,0.74012452
3094,0.00125734,0.00000004,0.00020008,0.51171625,0.55405742,0.61207759,2.10507321,-0.02479762,-0.25235778,0.74012041
3095,0.00125746,0.00000004,0.00020002,0.51323575,0.55405462,0.61207139,2.10506940,-0.02479790,-0.25235733,0.74011636
3096,0.00125724,0.00000004,0.00020005,0.51107645,0.55405188,0.61206508,2.10506558,-0.02479794,-0.25235689,0.74011225
3097,0.00125734,0.00000004,0.00020004,0.51211613,0.55404913,0.61205900,2.10506177,-0.02480089,-0.25235665,0.74010813
3098,0.00125733,0.00000004,0.00020004,0.51211613,0.55404639,0.61205262,2.10505795,-0.02480007,-0.25235614,0.74010402
3099,0.00125736,0.00000004,0.00020006,0.51247603,0.55404365,0.61204636,2.10505390,-0.02479859,-0.25235599,0.74009991
3100,0.00125744,0.00000004,0.00020003,0.51343572,0.55404091,0.61204016,2.10505009,-0.02479573,-0.25235599,0.74009579
3101,0.00125736,0.00000004,0.00019997,0.51299584,0.55403811,0.61203408,2.10504627,-0.02478916,-0.25235674,0.74009168
3102,0.00125729,0.00000004,0.00019996,0.51243603,0.55403548,0.61202830,2.10504246,-0.02478533,-0.25235766,0.74008757
3103,0.00125735,0.00000004,0.00019998,0.51307583,0.55403280,0.61202216,2.10503864,-0.02478201,-0.25235784,0.74008346
3104,0.00125739,0.00000004,0.00019992,0.51371562,0.55403012,0.61201555,2.10503483,-0.02476922,-0.25235802,0.74007934
3105,0.00125730,0.00000004,0.00019979,0.51343572,0.55402750,0.61200875,2.10503101,-0.02475937,-0.25235748,0.74007529
3106,0.00125718,0.00000004,0.00019980,0.51235604,0.55402482,0.61200243,2.10502744,-0.02475444,-0.25235745,0.74007118
3107,0.00125732,0.00000004,0.00019986,0.51355565,0.55402219,0.61199629,2.10502362,-0.02475602,-0.25235710,0.74006712
3108,0.00125732,0.00000004,0.00019989,0.51355565,0.55401951,0.61199015,2.10501981,-0.02476042,-0.25235629,0.74006307
3109,0.00125743,0.00000004,0.00019988,0.51471531,0.55401683,0.61198378,2.10501599,-0.02476304,-0.25235531,0.74005902
3110,0.00125735,0.00000004,0.00019998,0.51371562,0.55401421,0.61197758,2.10501218,-0.02477030,-0.25235420,0.74005497
3111,0.00125712,0.00000004,0.00019993,0.51163626,0.55401152,0.61197090,2.10500836,-0.02477445,-0.25235251,0.74005091
3112,0.00125719,0.00000004,0.00019995,0.51235604,0.55400884,0.61196446,2.10500479,-0.02478261,-0.25235087,0.74004686
3113,0.00125710,0.00000004,0.00020001,0.51127636,0.55400622,0.61195803,2.10500097,-0.02479186,-0.25234914,0.74004281
3114,0.00125734,0.00000004,0.00020002,0.51375562,0.55400354,0.61195147,2.10499716,-0.02479406,-0.25234765,0.74003875
3115,0.00125717,0.00000004,0.00020005,0.51203614,0.55400085,0.61194509,2.10499358,-0.02479568,-0.25234684,0.74003470
3116,0.00125713,0.00000004,0.00020003,0.51175624,0.55399823,0.61193866,2.10498977,-0.02480052,-0.25234556,0.74003065
3117,0.00125730,0.00000004,0.00020010,0.51335573,0.55399555,0.61193240,2.10498571,-0.02481351,-0.25234365,0.74002659
3118,0.00125719,0.00000004,0.00020019,0.51195616,0.55399287,0.61192572,2.10498214,-0.02481808,-0.25234196,0.74002254
3119,0.00125728,0.00000004,0.00020012,0.51323575,0.55399024,0.61191881,2.10497832,-0.02481756,-0.25234011,0.74001849
3120,0.00125705,0.00000004,0.00020018,0.51079655,0.55398756,0.61191171,2.10497475,-0.02482016,-0.25233772,0.74001443
3121,0.00125718,0.00000004,0.00020022,0.51207614,0.55398488,0.61190510,2.10497093,-0.02482861,-0.25233564,0.74001038
3122,0.00125709,0.00000004,0.00020023,0.51115644,0.55398226,0.61189854,2.10496712,-0.02483384,-0.25233400,0.74000633
3123,0.00125726,0.00000004,0.00020029,0.51275593,0.55397946,0.61189181,2.10496330,-0.02483569,-0.25233263,0.74000221
3124,0.00125718,0.00000004,0.00020017,0.51247603,0.55397683,0.61188442,2.10495949,-0.02482224,-0.25233108,0.73999816
3125,0.00125727,0.00000004,0.00020018,0.51343572,0.55397415,0.61187738,2.10495567,-0.02481550,-0.25232986,0.73999405
3126,0.00125715,0.00000004,0.00020009,0.51271594,0.55397141,0.61186993,2.10495186,-0.02480228,-0.25232849,0.73998994
3127,0.00125701,0.00000004,0.00020012,0.51131636,0.55396867,0.61186302,2.10494781,-0.02479487,-0.25232762,0.73998582
3128,0.00125714,0.00000004,0.00020000,0.51315582,0.55396593,0.61185598,2.10494399,-0.02478658,-0.25232655,0.73998171
3129,0.00125701,0.00000004,0.00019993,0.51223606,0.55396318,0.61184919,2.10494018,-0.02477629,-0.25232613,0.73997760
3130,0.00125697,0.00000004,0.00019991,0.51203614,0.55396038,0.61184251,2.10493636,-0.02476938,-0.25232571,0.73997349
3131,0.00125704,0.00000004,0.00019988,0.51295584,0.55395764,0.61183596,2.10493231,-0.02476368,-0.25232530,0.73996937
3132,0.00125700,0.00000004,0.00019988,0.51267594,0.55395490,0.61182964,2.10492849,-0.02476293,-0.25232485,0.73996526
3133,0.00125703,0.00000004,0.00019982,0.51323575,0.55395216,0.61182302,2.10492468,-0.02475816,-0.25232425,0.73996115
3134,0.00125696,0.00000004,0.00019982,0.51259595,0.55394948,0.61181641,2.10492086,-0.02476018,-0.25232297,0.73995703
3135,0.00125696,0.00000004,0.00019984,0.51271594,0.55394685,0.61180955,2.10491705,-0.02475984,-0.25232148,0.73995292
3136,0.00125684,0.00000004,0.00019992,0.51123643,0.55394417,0.61180311,2.10491323,-0.02476681,-0.25232020,0.73994881
3137,0.00125690,0.00000004,0.00019993,0.51187623,0.55394149,0.61179686,2.10490942,-0.02477759,-0.25231883,0.73994470
3138,0.00125699,0.00000004,0.00020007,0.51231605,0.55393887,0.61179090,2.10490584,-0.02479397,-0.25231740,0.73994058
3139,0.00125695,0.00000004,0.00020012,0.51183623,0.55393618,0.61178470,2.10490203,-0.02480708,-0.25231594,0.73993647
3140,0.00125706,0.00000004,0.00020021,0.51267594,0.55393350,0.61177850,2.10489821,-0.02481373,-0.25231510,0.73993236
3141,0.00125714,0.00000004,0.00020015,0.51379561,0.55393088,0.61177212,2.10489464,-0.02481475,-0.25231436,0.73992825
3142,0.00125670,0.00000004,0.00020015,0.50951695,0.55392820,0.61176568,2.10489058,-0.02480873,-0.25231424,0.73992413
3143,0.00125679,0.00000004,0.00020012,0.51059663,0.55392551,0.61175913,2.10488677,-0.02480173,-0.25231397,0.73992002
3144,0.00125715,0.00000004,0.00020010,0.51435542,0.55392289,0.61175245,2.10488319,-0.02479797,-0.25231314,0.73991591
3145,0.00125671,0.00000004,0.00020010,0.50999683,0.55392021,0.61174589,2.10487938,-0.02479969,-0.25231221,0.73991179
3146,0.00125685,0.00000004,0.00020011,0.51147634,0.55391753,0.61173987,2.10487556,-0.02480457,-0.25231194,0.73990762
3147,0.00125696,0.00000004,0.00020011,0.51271594,0.55391479,0.61173344,2.10487175,-0.02480171,-0.25231174,0.73990345
3148,0.00125689,0.00000004,0.00020017,0.51183623,0.55391216,0.61172694,2.10486794,-0.02479753,-0.25231141,0.73989928
3149,0.00125688,0.00000004,0.00020004,0.51239604,0.55390942,0.61172020,2.10486412,-0.02479273,-0.25231087,0.73989511
3150,0.00125680,0.00000004,0.00020002,0.51171625,0.55390662,0.61171323,2.10486031,-0.02478124,-0.25231034,0.73989093
3151,0.00125700,0.00000004,0.00019998,0.51399553,0.55390388,0.61170602,2.10485625,-0.02476837,-0.25230959,0.73988676
3152,0.00125682,0.00000004,0.00019978,0.51303583,0.55390114,0.61169827,2.10485244,-0.02474550,-0.25230858,0.73988265
3153,0.00125684,0.00000004,0.00019973,0.51363564,0.55389839,0.61169052,2.10484862,-0.02472652,-0.25230712,0.73987854
3154,0.00125668,0.00000004,0.00019973,0.51215613,0.55389565,0.61168259,2.10484457,-0.02471551,-0.25230452,0.73987442
3155,0.00125689,0.00000004,0.00019972,0.51435542,0.55389291,0.61167544,2.10484076,-0.02471693,-0.25230223,0.73987031
3156,0.00125703,0.00000004,0.00019971,0.51587492,0.55389017,0.61166871,2.10483694,-0.02472734,-0.25229999,0.73986620
3157,0.00125703,0.00000004,0.00019978,0.51567501,0.55388737,0.61166149,2.10483289,-0.02473261,-0.25229728,0.73986208
3158,0.00125666,0.00000004,0.00019982,0.51195616,0.55388463,0.61165452,2.10482907,-0.02474130,-0.25229463,0.73985797
3159,0.00125686,0.00000004,0.00019986,0.51387554,0.55388188,0.61164778,2.10482502,-0.02475238,-0.25229225,0.73985386
3160,0.00125691,0.00000004,0.00019992,0.51415545,0.55387914,0.61164087,2.10482121,-0.02476499,-0.25228938,0.73984975
3161,0.00125687,0.00000004,0.00020001,0.51355565,0.55387640,0.61163402,2.10481739,-0.02477713,-0.25228661,0.73984563
3162,0.00125675,0.00000004,0.00020007,0.51223606,0.55387366,0.61162686,2.10481358,-0.02478646,-0.25228363,0.73984152
3163,0.00125678,0.00000004,0.00020005,0.51271594,0.55387092,0.61161995,2.10480952,-0.02479756,-0.25228083,0.73983741
3164,0.00125680,0.00000004,0.00020021,0.51235604,0.55386811,0.61161315,2.10480571,-0.02480713,-0.25227872,0.73983324
3165,0.00125675,0.00000004,0.00020019,0.51199615,0.55386537,0.61160618,2.10480189,-0.02481410,-0.25227639,0.73982906
3166,0.00125676,0.00000004,0.00020020,0.51215613,0.55386263,0.61159897,2.10479808,-0.02481768,-0.25227401,0.73982489
3167,0.00125664,0.00000004,0.00020024,0.51091653,0.55385989,0.61159152,2.10479426,-0.02481403,-0.25227189,0.73982072
3168,0.00125667,0.00000004,0.00020018,0.51159626,0.55385715,0.61158383,2.10479021,-0.02480738,-0.25226945,0.73981655
3169,0.00125686,0.00000004,0.00020015,0.51371562,0.55385441,0.61157650,2.10478640,-0.02480099,-0.25226790,0.73981237
3170,0.00125672,0.00000004,0.00020013,0.51247603,0.55385166,0.61156952,2.10478234,-0.02479569,-0.25226668,0.73980820
3171,0.00125677,0.00000004,0.00020006,0.51339573,0.55384886,0.61156237,2.10477853,-0.02478979,-0.25226536,0.73980403
3172,0.00125669,0.00000004,0.00020004,0.51271594,0.55384612,0.61155558,2.10477471,-0.02478509,-0.25226456,0.73979986
3173,0.00125683,0.00000004,0.00020004,0.51427543,0.55384338,0.61154872,2.10477066,-0.02478316,-0.25226343,0.73979568
3174,0.00125669,0.00000004,0.00020005,0.51287585,0.55384064,0.61154217,2.10476685,-0.02478090,-0.25226313,0.73979145
3175,0.00125674,0.00000004,0.00020013,0.51319575,0.55383790,0.61153597,2.10476303,-0.02478756,-0.25226253,0.73978722
3176,0.00125670,0.00000004,0.00020005,0.51315582,0.55383515,0.61152929,2.10475898,-0.02478245,-0.25226226,0.73978299
3177,0.00125643,0.00000004,0.00019998,0.51087654,0.55383241,0.61152232,2.10475516,-0.02476957,-0.25226194,0.73977882
3178,0.00125666,0.00000004,0.00019995,0.51331574,0.55382961,0.61151516,2.10475135,-0.02475879,-0.25226104,0.73977464
3179,0.00125676,0.00000004,0.00019988,0.51471531,0.55382687,0.61150837,2.10474730,-0.02475324,-0.25226033,0.73977047
3180,0.00125649,0.00000004,0.00019988,0.51211613,0.55382413,0.61150098,2.10474348,-0.02473709,-0.25225949,0.73976630
3181,0.00125674,0.00000004,0.00019972,0.51539510,0.55382138,0.61149311,2.10473967,-0.02471744,-0.25225809,0.73976213
3182,0.00125675,0.00000004,0.00019974,0.51547503,0.55381870,0.61148572,2.10473585,-0.02470935,-0.25225630,0.73975801
3183,0.00125667,0.00000004,0.00019971,0.51495522,0.55381608,0.61147797,2.10473204,-0.02469922,-0.25225395,0.73975390
3184,0.00125653,0.00000004,0.00019965,0.51387554,0.55381340,0.61147082,2.10472846,-0.02470359,-0.25225142,0.73974979
3185,0.00125643,0.00000004,0.00019970,0.51279593,0.55381072,0.61146396,2.10472465,-0.02470783,-0.25224951,0.73974568
3186,0.00125640,0.00000004,0.00019969,0.51259595,0.55380809,0.61145765,2.10472083,-0.02471739,-0.25224811,0.73974156
3187,0.00125656,0.00000004,0.00019980,0.51383555,0.55380541,0.61145175,2.10471702,-0.02473555,-0.25224692,0.73973739
3188,0.00125656,0.00000004,0.00019997,0.51319575,0.55380273,0.61144578,2.10471320,-0.02475378,-0.25224537,0.73973328
3189,0.00125641,0.00000004,0.00019998,0.51183623,0.55380011,0.61143988,2.10470939,-0.02476923,-0.25224438,0.73972911
3190,0.00125659,0.00000004,0.00020008,0.51327574,0.55379742,0.61143440,2.10470581,-0.02479157,-0.25224355,0.73972493
3191,0.00125662,0.00000004,0.00020024,0.51299584,0.55379474,0.61142898,2.10470200,-0.02481719,-0.25224248,0.73972076
3192,0.00125672,0.00000004,0.00020034,0.51363564,0.55379212,0.61142331,2.10469818,-0.02483420,-0.25224182,0.73971659
3193,0.00125651,0.00000004,0.00020032,0.51179624,0.55378956,0.61141717,2.10469460,-0.02483835,-0.25224128,0.73971248
3194,0.00125629,0.00000004,0.00020028,0.50983685,0.55378699,0.61141014,2.10469103,-0.02482875,-0.25224036,0.73970836
3195,0.00125633,0.00000004,0.00020021,0.51063657,0.55378437,0.61140263,2.10468745,-0.02481254,-0.25223914,0.73970425
3196,0.00125640,0.00000004,0.00020010,0.51183623,0.55378181,0.61139494,2.10468364,-0.02479232,-0.25223804,0.73970014
3197,0.00125636,0.00000004,0.00020003,0.51175624,0.55377924,0.61138767,2.10468006,-0.02477791,-0.25223702,0.73969603
3198,0.00125645,0.00000004,0.00020004,0.51271594,0.55377668,0.61138046,2.10467649,-0.02476212,-0.25223634,0.73969191
3199,0.00125658,0.00000004,0.00019995,0.51451534,0.55377412,0.61137348,2.10467267,-0.02474969,-0.25223583,0.73968780
3200,0.00125631,0.00000004,0.00019990,0.51211613,0.55377162,0.61136681,2.10466933,-0.02474294,-0.25223503,0.73968375
3201,0.00125639,0.00000004,0.00019995,0.51283592,0.55376911,0.61136049,2.10466576,-0.02474781,-0.25223395,0.73967969
3202,0.00125657,0.00000004,0.00020001,0.51439542,0.55376667,0.61135435,2.10466218,-0.02475707,-0.25223285,0.73967564
3203,0.00125654,0.00000004,0.00020000,0.51427543,0.55376416,0.61134773,2.10465860,-0.02475735,-0.25223154,0.73967159
3204,0.00125654,0.00000004,0.00019996,0.51451534,0.55376166,0.61134100,2.10465527,-0.02475544,-0.25223023,0.73966753
3205,0.00125645,0.00000004,0.00019991,0.51395553,0.55375922,0.61133397,2.10465169,-0.02474572,-0.25222906,0.73966348
3206,0.00125628,0.00000004,0.00019985,0.51251602,0.55375671,0.61132681,2.10464835,-0.02473385,-0.25222808,0.73965943
3207,0.00125636,0.00000004,0.00019982,0.51355565,0.55375421,0.61131972,2.10464454,-0.02472258,-0.25222701,0.73965538
3208,0.00125648,0.00000004,0.00019983,0.51479524,0.55375177,0.61131305,2.10464120,-0.02472137,-0.25222573,0.73965132
3209,0.00125650,0.00000004,0.00019980,0.51523513,0.55374926,0.61130607,2.10463762,-0.02471197,-0.25222480,0.73964727
3210,0.00125621,0.00000004,0.00019968,0.51295584,0.55374676,0.61129922,2.10463405,-0.02470185,-0.25222397,0.73964322
3211,0.00125621,0.00000004,0.00019978,0.51263595,0.55374432,0.61129254,2.10463071,-0.02470144,-0.25222275,0.73963916
3212,0.00125643,0.00000004,0.00019982,0.51471531,0.55374181,0.61128587,2.10462713,-0.02470878,-0.25222069,0.73963511
3213,0.00125633,0.00000004,0.00019986,0.51371562,0.55373931,0.61127949,2.10462356,-0.02472223,-0.25221854,0.73963106
3214,0.00125623,0.00000004,0.00019986,0.51279593,0.55373687,0.61127275,2.10461998,-0.02473385,-0.25221598,0.73962700
3215,0.00125645,0.00000004,0.00019997,0.51459533,0.55373436,0.61126626,2.10461664,-0.02474627,-0.25221363,0.73962295
3216,0.00125613,0.00000004,0.00020004,0.51123643,0.55373186,0.61125976,2.10461307,-0.02476021,-0.25221136,0.73961890
3217,0.00125629,0.00000004,0.00020008,0.51271594,0.55372941,0.61125314,2.10460949,-0.02477094,-0.25220919,0.73961484
3218,0.00125636,0.00000004,0.00020019,0.51311582,0.55372691,0.61124617,2.10460591,-0.02477174,-0.25220701,0.73961079
3219,0.00125624,0.00000004,0.00019999,0.51279593,0.55372441,0.61123824,2.10460258,-0.02475925,-0.25220457,0.73960674
3220,0.00125627,0.00000004,0.00019995,0.51335573,0.55372196,0.61123019,2.10459900,-0.02474356,-0.25220174,0.73960274
3221,0.00125633,0.00000004,0.00019990,0.51431543,0.55371946,0.61122215,2.10459566,-0.02472630,-0.25219935,0.73959869
3222,0.00125617,0.00000004,0.00019975,0.51335573,0.55371696,0.61121386,2.10459185,-0.02470693,-0.25219664,0.73959470
3223,0.00125623,0.00000004,0.00019972,0.51419544,0.55371451,0.61120588,2.10458851,-0.02469699,-0.25219345,0.73959070
3224,0.00125619,0.00000004,0.00019973,0.51383555,0.55371201,0.61119854,2.10458493,-0.02469461,-0.25219083,0.73958671
3225,0.00125622,0.00000004,0.00019976,0.51415545,0.55370963,0.61119175,2.10458159,-0.02470516,-0.25218821,0.73958266
3226,0.00125617,0.00000004,0.00019979,0.51363564,0.55370724,0.61118531,2.10457826,-0.02471999,-0.25218591,0.73957860
3227,0.00125613,0.00000004,0.00019993,0.51271594,0.55370480,0.61117887,2.10457492,-0.02473029,-0.25218391,0.73957455
3228,0.00125613,0.00000004,0.00019990,0.51299584,0.55370241,0.61117208,2.10457134,-0.02473440,-0.25218195,0.73957050
3229,0.00125612,0.00000004,0.00019996,0.51271594,0.55370003,0.61116540,2.10456800,-0.02473494,-0.25218061,0.73956645
3230,0.00125606,0.00000004,0.00020001,0.51199615,0.55369765,0.61115897,2.10456467,-0.02473577,-0.25217962,0.73956239
3231,0.00125639,0.00000004,0.00019996,0.51559502,0.55369526,0.61115223,2.10456133,-0.02472995,-0.25217879,0.73955834
3232,0.00125622,0.00000004,0.00020000,0.51379561,0.55369282,0.61114609,2.10455775,-0.02473876,-0.25217763,0.73955429
3233,0.00125604,0.00000004,0.00019998,0.51211613,0.55369043,0.61113936,2.10455441,-0.02474116,-0.25217590,0.73955023
3234,0.00125609,0.00000004,0.00020008,0.51239604,0.55368805,0.61113179,2.10455108,-0.02473166,-0.25217354,0.73954624
3235,0.00125581,0.00000004,0.00019993,0.51031673,0.55368567,0.61112416,2.10454774,-0.02472201,-0.25217101,0.73954225
3236,0.00125625,0.00000004,0.00019985,0.51507521,0.55368328,0.61111677,2.10454416,-0.02471505,-0.25216883,0.73953825
3237,0.00125629,0.00000004,0.00019988,0.51551503,0.55368090,0.61110997,2.10454106,-0.02471503,-0.25216725,0.73953420
3238,0.00125627,0.00000004,0.00019999,0.51487523,0.55367845,0.61110359,2.10453749,-0.02472157,-0.25216579,0.73953015
3239,0.00125631,0.00000004,0.00019992,0.51567501,0.55367619,0.61109722,2.10453439,-0.02472905,-0.25216436,0.73952609
3240,0.00125594,0.00000004,0.00019996,0.51187623,0.55367386,0.61109084,2.10453105,-0.02473204,-0.25216305,0.73952210
3241,0.00125625,0.00000004,0.00020001,0.51491523,0.55367154,0.61108446,2.10452771,-0.02473465,-0.25216219,0.73951805
3242,0.00125621,0.00000004,0.00019992,0.51491523,0.55366927,0.61107796,2.10452437,-0.02473101,-0.25216141,0.73951399
3243,0.00125621,0.00000004,0.00020000,0.51471531,0.55366695,0.61107177,2.10452127,-0.02473038,-0.25216112,0.73950994
3244,0.00125602,0.00000004,0.00019992,0.51323575,0.55366462,0.61106539,2.10451794,-0.02472033,-0.25216126,0.73950589
3245,0.00125599,0.00000004,0.00019991,0.51303583,0.55366236,0.61105901,2.10451460,-0.02471413,-0.25216115,0.73950183
3246,0.00125588,0.00000004,0.00019994,0.51187623,0.55366004,0.61105305,2.10451150,-0.02470885,-0.25216183,0.73949778
3247,0.00125604,0.00000004,0.00019985,0.51395553,0.55365771,0.61104733,2.10450816,-0.02470824,-0.25216231,0.73949373
3248,0.00125600,0.00000004,0.00019987,0.51355565,0.55365539,0.61104172,2.10450506,-0.02470873,-0.25216308,0.73948967
3249,0.00125608,0.00000004,0.00019990,0.51431543,0.55365312,0.61103582,2.10450172,-0.02470516,-0.25216365,0.73948562
3250,0.00125572,0.00000004,0.00019983,0.51111645,0.55365080,0.61102939,2.10449839,-0.02469687,-0.25216353,0.73948157
3251,0.00125622,0.00000004,0.00019983,0.51611483,0.55364847,0.61102343,2.10449529,-0.02469345,-0.25216395,0.73947752
3252,0.00125608,0.00000004,0.00019986,0.51471531,0.55364627,0.61101747,2.10449219,-0.02469409,-0.25216395,0.73947346
3253,0.00125599,0.00000004,0.00019983,0.51399553,0.55364406,0.61101151,2.10448885,-0.02469488,-0.25216377,0.73946947
3254,0.00125613,0.00000004,0.00019990,0.51523513,0.55364186,0.61100590,2.10448575,-0.02469976,-0.25216413,0.73946542
3255,0.00125586,0.00000004,0.00019990,0.51259595,0.55363965,0.61100078,2.10448241,-0.02471231,-0.25216436,0.73946142
3256,0.00125604,0.00000004,0.00020000,0.51411551,0.55363739,0.61099577,2.10447931,-0.02472670,-0.25216487,0.73945737
3257,0.00125599,0.00000004,0.00020003,0.51347572,0.55363518,0.61099029,2.10447621,-0.02473420,-0.25216499,0.73945338
3258,0.00125599,0.00000004,0.00020009,0.51331574,0.55363303,0.61098421,2.10447335,-0.02473480,-0.25216454,0.73944938
3259,0.00125599,0.00000004,0.00020001,0.51379561,0.55363095,0.61097741,2.10447025,-0.02472551,-0.25216359,0.73944545
3260,0.00125597,0.00000004,0.00020000,0.51367563,0.55362880,0.61097080,2.10446715,-0.02471978,-0.25216267,0.73944151
3261,0.00125583,0.00000004,0.00019998,0.51251602,0.55362666,0.61096448,2.10446429,-0.02471808,-0.25216174,0.73943758
3262,0.00125607,0.00000004,0.00020000,0.51487523,0.55362457,0.61095852,2.10446119,-0.02472055,-0.25216129,0.73943365
3263,0.00125598,0.00000004,0.00020013,0.51355565,0.55362242,0.61095309,2.10445809,-0.02473381,-0.25216088,0.73942965
3264,0.00125571,0.00000004,0.00020023,0.51051664,0.55362028,0.61094773,2.10445523,-0.02475148,-0.25216010,0.73942572
3265,0.00125583,0.00000004,0.00020023,0.51179624,0.55361813,0.61094224,2.10445237,-0.02476690,-0.25215918,0.73942178
3266,0.00125596,0.00000004,0.00020034,0.51267594,0.55361605,0.61093634,2.10444927,-0.02477553,-0.25215825,0.73941785
3267,0.00125595,0.00000004,0.00020031,0.51279593,0.55361390,0.61093009,2.10444617,-0.02477341,-0.25215751,0.73941392
3268,0.00125566,0.00000004,0.00020030,0.51007676,0.55361187,0.61092389,2.10444331,-0.02477689,-0.25215626,0.73941004
3269,0.00125602,0.00000004,0.00020036,0.51351565,0.55360985,0.61091757,2.10444045,-0.02477752,-0.25215510,0.73940617
3270,0.00125588,0.00000004,0.00020029,0.51247603,0.55360776,0.61091125,2.10443759,-0.02477915,-0.25215372,0.73940229
3271,0.00125589,0.00000004,0.00020037,0.51235604,0.55360574,0.61090487,2.10443473,-0.02478120,-0.25215226,0.73939842
3272,0.00125604,0.00000004,0.00020040,0.51379561,0.55360371,0.61089855,2.10443187,-0.02478444,-0.25215077,0.73939455
3273,0.00125594,0.00000004,0.00020042,0.51279593,0.55360168,0.61089218,2.10442901,-0.02478822,-0.25214911,0.73939067
3274,0.00125580,0.00000004,0.00020046,0.51131636,0.55359960,0.61088598,2.10442591,-0.02479601,-0.25214738,0.73938680
3275,0.00125586,0.00000004,0.00020052,0.51175624,0.55359757,0.61087948,2.10442328,-0.02479551,-0.25214589,0.73938292
3276,0.00125584,0.00000004,0.00020045,0.51195616,0.55359554,0.61087257,2.10442019,-0.02478617,-0.25214440,0.73937905
3277,0.00125581,0.00000004,0.00020039,0.51195616,0.55359352,0.61086565,2.10441732,-0.02477388,-0.25214335,0.73937517
3278,0.00125568,0.00000004,0.00020020,0.51147634,0.55359143,0.61085814,2.10441446,-0.02475251,-0.25214198,0.73937130
3279,0.00125569,0.00000004,0.00020017,0.51183623,0.55358940,0.61085069,2.10441160,-0.02473232,-0.25214019,0.73936749
3280,0.00125590,0.00000004,0.00020003,0.51455534,0.55358738,0.61084330,2.10440874,-0.02471381,-0.25213870,0.73936361
3281,0.00125579,0.00000004,0.00020003,0.51355565,0.55358535,0.61083531,2.10440588,-0.02468515,-0.25213721,0.73935974
3282,0.00125559,0.00000004,0.00019989,0.51223606,0.55358332,0.61082792,2.10440278,-0.02466951,-0.25213513,0.73935592
3283,0.00125600,0.00000004,0.00019985,0.51659471,0.55358124,0.61082089,2.10440016,-0.02466283,-0.25213304,0.73935211
3284,0.00125594,0.00000004,0.00019995,0.51563501,0.55357921,0.61081427,2.10439706,-0.02466816,-0.25213087,0.73934823
3285,0.00125584,0.00000004,0.00019991,0.51495522,0.55357718,0.61080748,2.10439444,-0.02467158,-0.25212821,0.73934442
3286,0.00125564,0.00000004,0.00019985,0.51323575,0.55357516,0.61080056,2.10439134,-0.02467792,-0.25212502,0.73934060
3287,0.00125570,0.00000004,0.00019996,0.51351565,0.55357307,0.61079365,2.10438848,-0.02468793,-0.25212154,0.73933679
3288,0.00125552,0.00000004,0.00019999,0.51171625,0.55357105,0.61078656,2.10438561,-0.02469476,-0.25211799,0.73933297
3289,0.00125562,0.00000004,0.00020004,0.51251602,0.55356902,0.61077940,2.10438275,-0.02470002,-0.25211444,0.73932916
3290,0.00125578,0.00000004,0.00020012,0.51391554,0.55356699,0.61077267,2.10437989,-0.02471538,-0.25211087,0.73932534
3291,0.00125565,0.00000004,0.00020021,0.51235604,0.55356497,0.61076611,2.10437703,-0.02472763,-0.25210795,0.73932147
3292,0.00125579,0.00000004,0.00020021,0.51383555,0.55356288,0.61075908,2.10437393,-0.02473164,-0.25210494,0.73931760
3293,0.00125564,0.00000004,0.00020019,0.51247603,0.55356085,0.61075199,2.10437131,-0.02473116,-0.25210229,0.73931372
3294,0.00125573,0.00000004,0.00020021,0.51339573,0.55355883,0.61074507,2.10436821,-0.02473024,-0.25210008,0.73930985
3295,0.00125567,0.00000004,0.00020023,0.51287585,0.55355680,0.61073840,2.10436559,-0.02472841,-0.25209850,0.73930591
3296,0.00125555,0.00000004,0.00020019,0.51187623,0.55355471,0.61073172,2.10436249,-0.02472111,-0.25209755,0.73930198
3297,0.00125579,0.00000004,0.00020013,0.51455534,0.55355269,0.61072469,2.10435987,-0.02470924,-0.25209627,0.73929805
3298,0.00125550,0.00000004,0.00020010,0.51191616,0.55355066,0.61071742,2.10435677,-0.02469479,-0.25209486,0.73929411
3299,0.00125569,0.00000004,0.00020000,0.51427543,0.55354863,0.61071086,2.10435390,-0.02468756,-0.25209406,0.73929018
3300,0.00125571,0.00000004,0.00019996,0.51471531,0.55354661,0.61070406,2.10435104,-0.02467842,-0.25209299,0.73928624
3301,0.00125557,0.00000004,0.00019996,0.51347572,0.55354452,0.61069715,2.10434818,-0.02467444,-0.25209123,0.73928231
3302,0.00125560,0.00000004,0.00020002,0.51359564,0.55354249,0.61069047,2.10434532,-0.02467397,-0.25208956,0.73927838
3303,0.00125569,0.00000004,0.00020002,0.51459533,0.55354047,0.61068410,2.10434246,-0.02467842,-0.25208801,0.73927444
3304,0.00125577,0.00000004,0.00020002,0.51547503,0.55353844,0.61067766,2.10433936,-0.02468133,-0.25208649,0.73927051
3305,0.00125567,0.00000004,0.00020009,0.51427543,0.55353636,0.61067176,2.10433674,-0.02469841,-0.25208476,0.73926657
3306,0.00125544,0.00000004,0.00020028,0.51127636,0.55353433,0.61066622,2.10433364,-0.02472003,-0.25208306,0.73926264
3307,0.00125552,0.00000004,0.00020033,0.51191616,0.55353236,0.61066091,2.10433078,-0.02474652,-0.25208154,0.73925871
3308,0.00125534,0.00000004,0.00020045,0.50975686,0.55353034,0.61065525,2.10432816,-0.02476497,-0.25207981,0.73925483
3309,0.00125561,0.00000004,0.00020053,0.51215613,0.55352831,0.61064953,2.10432506,-0.02478073,-0.25207847,0.73925090
3310,0.00125550,0.00000004,0.00020057,0.51099646,0.55352628,0.61064351,2.10432243,-0.02479003,-0.25207719,0.73924696
3311,0.00125564,0.00000004,0.00020064,0.51227605,0.55352426,0.61063749,2.10431933,-0.02479858,-0.25207591,0.73924303
3312,0.00125555,0.00000004,0.00020074,0.51103646,0.55352217,0.61063117,2.10431647,-0.02480068,-0.25207466,0.73923910
3313,0.00125545,0.00000004,0.00020066,0.51043665,0.55352014,0.61062503,2.10431361,-0.02480404,-0.25207371,0.73923516
3314,0.00125563,0.00000004,0.00020069,0.51223606,0.55351812,0.61061841,2.10431075,-0.02479778,-0.25207275,0.73923123
3315,0.00125546,0.00000004,0.00020065,0.51067656,0.55351609,0.61061144,2.10430789,-0.02478143,-0.25207204,0.73922729
3316,0.00125536,0.00000004,0.00020055,0.51023674,0.55351400,0.61060429,2.10430503,-0.02476652,-0.25207090,0.73922336
3317,0.00125560,0.00000004,0.00020042,0.51319575,0.55351198,0.61059672,2.10430193,-0.02474689,-0.25206926,0.73921943
3318,0.00125550,0.00000004,0.00020031,0.51279593,0.55350995,0.61058873,2.10429931,-0.02472408,-0.25206703,0.73921555
3319,0.00125561,0.00000004,0.00020020,0.51443541,0.55350792,0.61058104,2.10429621,-0.02470569,-0.25206518,0.73921162
3320,0.00125554,0.00000004,0.00020019,0.51387554,0.55350590,0.61057395,2.10429358,-0.02470035,-0.25206298,0.73920774
3321,0.00125543,0.00000004,0.00020023,0.51263595,0.55350381,0.61056715,2.10429049,-0.02470597,-0.25206032,0.73920387
3322,0.00125572,0.00000004,0.00020024,0.51555502,0.55350178,0.61056048,2.10428762,-0.02470971,-0.25205809,0.73920000
3323,0.00125544,0.00000004,0.00020033,0.51247603,0.55349976,0.61055404,2.10428476,-0.02471875,-0.25205597,0.73919606
3324,0.00125543,0.00000004,0.00020035,0.51247603,0.55349773,0.61054778,2.10428190,-0.02472863,-0.25205407,0.73919213
3325,0.00125527,0.00000004,0.00020046,0.51043665,0.55349565,0.61054176,2.10427904,-0.02474037,-0.25205255,0.73918819
3326,0.00125561,0.00000004,0.00020051,0.51371562,0.55349362,0.61053586,2.10427618,-0.02475297,-0.25205106,0.73918426
3327,0.00125546,0.00000004,0.00020049,0.51243603,0.55349159,0.61052960,2.10427332,-0.02475488,-0.25205007,0.73918033
3328,0.00125541,0.00000004,0.00020061,0.51155633,0.55348957,0.61052406,2.10427046,-0.02476200,-0.25205007,0.73917633
3329,0.00125543,0.00000004,0.00020054,0.51203614,0.55348754,0.61051804,2.10426736,-0.02475752,-0.25205028,0.73917234
3330,0.00125539,0.00000004,0.00020048,0.51199615,0.55348545,0.61051100,2.10426474,-0.02474199,-0.25204957,0.73916835
3331,0.00125553,0.00000004,0.00020040,0.51387554,0.55348343,0.61050427,2.10426164,-0.02473013,-0.25204903,0.73916435
3332,0.00125537,0.00000004,0.00020044,0.51215613,0.55348140,0.61049813,2.10425901,-0.02472919,-0.25204873,0.73916036
3333,0.00125541,0.00000004,0.00020036,0.51291585,0.55347937,0.61049145,2.10425591,-0.02471708,-0.25204831,0.73915637
3334,0.00125565,0.00000004,0.00020034,0.51547503,0.55347729,0.61048454,2.10425305,-0.02470591,-0.25204745,0.73915237
3335,0.00125553,0.00000004,0.00020039,0.51419544,0.55347520,0.61047804,2.10424995,-0.02470730,-0.25204617,0.73914838
3336,0.00125525,0.00000004,0.00020038,0.51151633,0.55347306,0.61047179,2.10424709,-0.02471343,-0.25204477,0.73914438
3337,0.00125550,0.00000004,0.00020039,0.51407552,0.55347091,0.61046600,2.10424399,-0.02473266,-0.25204322,0.73914039
3338,0.00125551,0.00000004,0.00020055,0.51359564,0.55346882,0.61045992,2.10424089,-0.02474570,-0.25204152,0.73913640
3339,0.00125539,0.00000004,0.00020053,0.51255596,0.55346668,0.61045319,2.10423803,-0.02475062,-0.25203952,0.73913240
3340,0.00125551,0.00000004,0.00020065,0.51335573,0.55346453,0.61044669,2.10423493,-0.02475823,-0.25203764,0.73912841
3341,0.00125528,0.00000004,0.00020061,0.51131636,0.55346239,0.61043972,2.10423207,-0.02475569,-0.25203565,0.73912442
3342,0.00125538,0.00000004,0.00020051,0.51279593,0.55346030,0.61043221,2.10422897,-0.02474472,-0.25203362,0.73912042
3343,0.00125537,0.00000004,0.00020045,0.51303583,0.55345815,0.61042523,2.10422611,-0.02473879,-0.25203198,0.73911643
3344,0.00125537,0.00000004,0.00020047,0.51311582,0.55345601,0.61041760,2.10422301,-0.02472689,-0.25202972,0.73911244
3345,0.00125538,0.00000004,0.00020048,0.51323575,0.55345392,0.61041069,2.10421991,-0.02472425,-0.25202808,0.73910844
3346,0.00125539,0.00000004,0.00020055,0.51315582,0.55345178,0.61040479,2.10421705,-0.02474025,-0.25202644,0.73910445
3347,0.00125510,0.00000004,0.00020053,0.51043665,0.55344963,0.61039859,2.10421395,-0.02474862,-0.25202501,0.73910046
3348,0.00125521,0.00000004,0.00020066,0.51103646,0.55344754,0.61039227,2.10421085,-0.02475558,-0.25202355,0.73909646
3349,0.00125542,0.00000004,0.00020077,0.51283592,0.55344540,0.61038679,2.10420799,-0.02476977,-0.25202304,0.73909241
3350,0.00125521,0.00000004,0.00020077,0.51079655,0.55344325,0.61038107,2.10420489,-0.02477858,-0.25202277,0.73908836
3351,0.00125535,0.00000004,0.00020071,0.51251602,0.55344111,0.61037439,2.10420179,-0.02477036,-0.25202218,0.73908430
3352,0.00125525,0.00000004,0.00020070,0.51159626,0.55343908,0.61036760,2.10419893,-0.02476123,-0.25202155,0.73908025
3353,0.00125521,0.00000004,0.00020057,0.51183623,0.55343693,0.61036009,2.10419607,-0.02473676,-0.25202072,0.73907626
3354,0.00125537,0.00000004,0.00020055,0.51367563,0.55343485,0.61035264,2.10419297,-0.02471573,-0.25201976,0.73907226
3355,0.00125554,0.00000004,0.00020043,0.51591492,0.55343282,0.61034518,2.10419011,-0.02469722,-0.25201845,0.73906827
3356,0.00125524,0.00000004,0.00020035,0.51331574,0.55343074,0.61033797,2.10418725,-0.02468556,-0.25201705,0.73906428
3357,0.00125532,0.00000004,0.00020028,0.51443541,0.55342871,0.61033076,2.10418439,-0.02467628,-0.25201532,0.73906028
3358,0.00125525,0.00000004,0.00020025,0.51403552,0.55342668,0.61032373,2.10418129,-0.02467218,-0.25201350,0.73905629
3359,0.00125524,0.00000004,0.00020030,0.51371562,0.55342466,0.61031759,2.10417867,-0.02468484,-0.25201184,0.73905230
3360,0.00125526,0.00000004,0.00020044,0.51347572,0.55342257,0.61031145,2.10417557,-0.02469800,-0.25201002,0.73904830
3361,0.00125544,0.00000004,0.00020055,0.51491523,0.55342054,0.61030591,2.10417295,-0.02472056,-0.25200847,0.73904431
3362,0.00125538,0.00000004,0.00020057,0.51431543,0.55341852,0.61029971,2.10416985,-0.02473398,-0.25200662,0.73904032
3363,0.00125531,0.00000004,0.00020065,0.51339573,0.55341649,0.61029351,2.10416722,-0.02474812,-0.25200459,0.73903632
3364,0.00125526,0.00000004,0.00020075,0.51255596,0.55341446,0.61028761,2.10416412,-0.02476521,-0.25200292,0.73903233
3365,0.00125531,0.00000004,0.00020084,0.51279593,0.55341238,0.61028147,2.10416126,-0.02477672,-0.25200140,0.73902833
3366,0.00125522,0.00000004,0.00020087,0.51187623,0.55341035,0.61027515,2.10415840,-0.02478226,-0.25200003,0.73902434
3367,0.00125514,0.00000004,0.00020087,0.51115644,0.55340832,0.61026895,2.10415554,-0.02479135,-0.25199854,0.73902035
3368,0.00125510,0.00000004,0.00020094,0.51059663,0.55340630,0.61026245,2.10415268,-0.02479102,-0.25199753,0.73901629
3369,0.00125519,0.00000004,0.00020088,0.51175624,0.55340421,0.61025560,2.10414982,-0.02478353,-0.25199643,0.73901230
3370,0.00125527,0.00000004,0.00020089,0.51263595,0.55340219,0.61024868,2.10414672,-0.02477428,-0.25199527,0.73900831
3371,0.00125514,0.00000004,0.00020074,0.51203614,0.55340016,0.61024100,2.10414386,-0.02475034,-0.25199416,0.73900431
3372,0.00125523,0.00000004,0.00020051,0.51399553,0.55339813,0.61023283,2.10414100,-0.02471727,-0.25199282,0.73900032
3373,0.00125529,0.00000004,0.00020036,0.51519513,0.55339611,0.61022419,2.10413814,-0.02467865,-0.25199124,0.73899633
3374,0.00125510,0.00000004,0.00020013,0.51435542,0.55339402,0.61021519,2.10413527,-0.02463452,-0.25198939,0.73899233
3375,0.00125534,0.00000004,0.00020003,0.51727450,0.55339199,0.61020702,2.10413241,-0.02460675,-0.25198764,0.73898834
3376,0.00125528,0.00000004,0.00019995,0.51711452,0.55338997,0.61019915,2.10412955,-0.02458745,-0.25198558,0.73898435
3377,0.00125526,0.00000004,0.00019991,0.51719451,0.55338794,0.61019152,2.10412669,-0.02457005,-0.25198382,0.73898035
3378,0.00125523,0.00000004,0.00019989,0.51699454,0.55338585,0.61018479,2.10412383,-0.02456922,-0.25198251,0.73897630
3379,0.00125524,0.00000004,0.00019994,0.51707453,0.55338383,0.61017889,2.10412097,-0.02457341,-0.25198218,0.73897225
3380,0.00125519,0.00000004,0.00019988,0.51679462,0.55338180,0.61017305,2.10411787,-0.02458728,-0.25198126,0.73896819
3381,0.00125510,0.00000004,0.00020016,0.51487523,0.55337977,0.61016792,2.10411501,-0.02461670,-0.25198004,0.73896414
3382,0.00125514,0.00000004,0.00020033,0.51467532,0.55337775,0.61016381,2.10411215,-0.02465954,-0.25197962,0.73896009
3383,0.00125508,0.00000004,0.00020049,0.51343572,0.55337566,0.61015964,2.10410929,-0.02470016,-0.25197944,0.73895597
3384,0.00125530,0.00000004,0.00020078,0.51459533,0.55337363,0.61015546,2.10410643,-0.02473618,-0.25197968,0.73895186
3385,0.00125513,0.00000004,0.00020089,0.51255596,0.55337161,0.61015081,2.10410357,-0.02476279,-0.25197992,0.73894775
3386,0.00125525,0.00000004,0.00020097,0.51339573,0.55336958,0.61014563,2.10410070,-0.02478294,-0.25197965,0.73894364
3387,0.00125505,0.00000004,0.00020106,0.51119643,0.55336750,0.61014026,2.10409784,-0.02479593,-0.25197983,0.73893952
3388,0.00125508,0.00000004,0.00020103,0.51163626,0.55336547,0.61013418,2.10409498,-0.02479103,-0.25198033,0.73893541
3389,0.00125492,0.00000004,0.00020083,0.51091653,0.55336344,0.61012739,2.10409188,-0.02477461,-0.25198051,0.73893130
3390,0.00125499,0.00000004,0.00020083,0.51179624,0.55336142,0.61012036,2.10408926,-0.02475259,-0.25198069,0.73892719
3391,0.00125504,0.00000004,0.00020079,0.51251602,0.55335939,0.61011308,2.10408616,-0.02472989,-0.25198054,0.73892307
3392,0.00125478,0.00000004,0.00020063,0.51063657,0.55335730,0.61010617,2.10408330,-0.02471571,-0.25198025,0.73891896
3393,0.00125501,0.00000004,0.00020066,0.51291585,0.55335528,0.61009979,2.10408044,-0.02470980,-0.25198022,0.73891485
3394,0.00125510,0.00000004,0.00020068,0.51379561,0.55335325,0.61009318,2.10407758,-0.02470934,-0.25197905,0.73891079
3395,0.00125486,0.00000004,0.00020060,0.51187623,0.55335122,0.61008668,2.10407472,-0.02471053,-0.25197786,0.73890674
3396,0.00125500,0.00000004,0.00020065,0.51307583,0.55334920,0.61007971,2.10407186,-0.02470193,-0.25197685,0.73890269
3397,0.00125501,0.00000004,0.00020055,0.51371562,0.55334711,0.61007273,2.10406899,-0.02469586,-0.25197548,0.73889863
3398,0.00125480,0.00000004,0.00020054,0.51167625,0.55334508,0.61006552,2.10406613,-0.02469106,-0.25197354,0.73889458
3399,0.00125512,0.00000004,0.00020053,0.51511514,0.55334306,0.61005831,2.10406303,-0.02468189,-0.25197202,0.73889053
3400,0.00125515,0.00000004,0.00020058,0.51531512,0.55334103,0.61005086,2.10406041,-0.02467275,-0.25196981,0.73888654
3401,0.00125507,0.00000004,0.00020048,0.51495522,0.55333894,0.61004317,2.10405731,-0.02466850,-0.25196671,0.73888254
3402,0.00125465,0.00000004,0.00020045,0.51095647,0.55333692,0.61003578,2.10405445,-0.02466500,-0.25196403,0.73887855
3403,0.00125492,0.00000004,0.00020045,0.51379561,0.55333489,0.61002833,2.10405159,-0.02465883,-0.25196159,0.73887455
3404,0.00125483,0.00000004,0.00020049,0.51279593,0.55333287,0.61002171,2.10404873,-0.02466813,-0.25195923,0.73887056
3405,0.00125501,0.00000004,0.00020047,0.51479524,0.55333090,0.61001480,2.10404587,-0.02466942,-0.25195715,0.73886657
3406,0.00125489,0.00000004,0.00020056,0.51323575,0.55332893,0.61000800,2.10404325,-0.02467812,-0.25195453,0.73886257
3407,0.00125477,0.00000004,0.00020057,0.51211613,0.55332702,0.61000121,2.10404062,-0.02468855,-0.25195163,0.73885858
3408,0.00125505,0.00000004,0.00020069,0.51451534,0.55332506,0.60999477,2.10403776,-0.02470536,-0.25194895,0.73885459
3409,0.00125498,0.00000004,0.00020083,0.51331574,0.55332309,0.60998869,2.10403490,-0.02472541,-0.25194666,0.73885059
3410,0.00125491,0.00000004,0.00020092,0.51243603,0.55332112,0.60998273,2.10403228,-0.02474505,-0.25194466,0.73884660
3411,0.00125497,0.00000004,0.00020093,0.51295584,0.55331922,0.60997671,2.10402942,-0.02475979,-0.25194320,0.73884255
3412,0.00125486,0.00000004,0.00020101,0.51171625,0.55331725,0.60997009,2.10402656,-0.02475946,-0.25194192,0.73883849
3413,0.00125497,0.00000004,0.00020094,0.51315582,0.55331528,0.60996324,2.10402393,-0.02475072,-0.25194106,0.73883444
3414,0.00125493,0.00000004,0.00020085,0.51315582,0.55331331,0.60995591,2.10402131,-0.02472699,-0.25194067,0.73883039
3415,0.00125487,0.00000004,0.00020076,0.51307583,0.55331141,0.60994846,2.10401845,-0.02471167,-0.25193909,0.73882639
3416,0.00125510,0.00000004,0.00020073,0.51555502,0.55330944,0.60994089,2.10401559,-0.02469781,-0.25193712,0.73882240
3417,0.00125486,0.00000004,0.00020064,0.51359564,0.55330747,0.60993320,2.10401297,-0.02468047,-0.25193530,0.73881841
3418,0.00125493,0.00000004,0.00020060,0.51455534,0.55330557,0.60992545,2.10401011,-0.02466142,-0.25193352,0.73881441
3419,0.00125470,0.00000004,0.00020042,0.51311582,0.55330360,0.60991842,2.10400724,-0.02464926,-0.25193244,0.73881042
3420,0.00125502,0.00000004,0.00020043,0.51631480,0.55330175,0.60991132,2.10400462,-0.02463689,-0.25193125,0.73880643
3421,0.00125494,0.00000004,0.00020039,0.51579493,0.55329984,0.60990423,2.10400200,-0.02462721,-0.25192994,0.73880243
3422,0.00125489,0.00000004,0.00020039,0.51539510,0.55329800,0.60989738,2.10399961,-0.02462539,-0.25192806,0.73879850
3423,0.00125477,0.00000004,0.00020045,0.51399553,0.55329615,0.60989094,2.10399699,-0.02463032,-0.25192645,0.73879451
3424,0.00125481,0.00000004,0.00020039,0.51479524,0.55329430,0.60988492,2.10399437,-0.02463281,-0.25192600,0.73879051
3425,0.00125482,0.00000004,0.00020048,0.51455534,0.55329239,0.60987931,2.10399151,-0.02463755,-0.25192612,0.73878652
3426,0.00125478,0.00000004,0.00020053,0.51399553,0.55329055,0.60987401,2.10398889,-0.02464768,-0.25192636,0.73878253
3427,0.00125475,0.00000004,0.00020059,0.51359564,0.55328870,0.60986859,2.10398626,-0.02465620,-0.25192645,0.73877853
3428,0.00125496,0.00000004,0.00020073,0.51519513,0.55328691,0.60986304,2.10398388,-0.02466647,-0.25192621,0.73877454
3429,0.00125493,0.00000004,0.00020068,0.51511514,0.55328512,0.60985744,2.10398126,-0.02467925,-0.25192556,0.73877054
3430,0.00125490,0.00000004,0.00020082,0.51431543,0.55328339,0.60985202,2.10397887,-0.02469708,-0.25192466,0.73876655
3431,0.00125493,0.00000004,0.00020086,0.51455534,0.55328161,0.60984582,2.10397625,-0.02470521,-0.25192311,0.73876262
3432,0.00125485,0.00000004,0.00020087,0.51379561,0.55327982,0.60983914,2.10397387,-0.02470992,-0.25192097,0.73875868
3433,0.00125492,0.00000004,0.00020091,0.51447535,0.55327803,0.60983258,2.10397124,-0.02470849,-0.25191960,0.73875475
3434,0.00125467,0.00000004,0.00020093,0.51195616,0.55327630,0.60982633,2.10396862,-0.02471166,-0.25191849,0.73875082
3435,0.00125497,0.00000004,0.00020089,0.51515514,0.55327451,0.60982049,2.10396624,-0.02471929,-0.25191760,0.73874688
3436,0.00125467,0.00000004,0.00020096,0.51195616,0.55327272,0.60981452,2.10396361,-0.02472420,-0.25191686,0.73874295
3437,0.00125475,0.00000004,0.00020100,0.51271594,0.55327094,0.60980880,2.10396123,-0.02473189,-0.25191638,0.73873895
3438,0.00125482,0.00000004,0.00020099,0.51355565,0.55326921,0.60980272,2.10395861,-0.02473262,-0.25191602,0.73873496
3439,0.00125469,0.00000004,0.00020103,0.51215613,0.55326742,0.60979605,2.10395622,-0.02473127,-0.25191444,0.73873103
3440,0.00125472,0.00000004,0.00020105,0.51243603,0.55326575,0.60978985,2.10395384,-0.02473961,-0.25191286,0.73872709
3441,0.00125442,0.00000004,0.00020114,0.50915706,0.55326402,0.60978341,2.10395145,-0.02474439,-0.25191104,0.73872316
3442,0.00125467,0.00000004,0.00020116,0.51167625,0.55326235,0.60977715,2.10394907,-0.02475049,-0.25190970,0.73871922
3443,0.00125472,0.00000004,0.00020113,0.51235604,0.55326068,0.60977077,2.10394669,-0.02474790,-0.25190890,0.73871529
3444,0.00125490,0.00000004,0.00020113,0.51423544,0.55325902,0.60976470,2.10394430,-0.02475000,-0.25190809,0.73871136
3445,0.00125487,0.00000004,0.00020115,0.51387554,0.55325729,0.60975778,2.10394192,-0.02474500,-0.25190642,0.73870742
3446,0.00125485,0.00000004,0.00020118,0.51371562,0.55325562,0.60975146,2.10393953,-0.02474628,-0.25190517,0.73870349
3447,0.00125465,0.00000004,0.00020112,0.51199615,0.55325395,0.60974485,2.10393715,-0.02474025,-0.25190422,0.73869956
3448,0.00125468,0.00000004,0.00020118,0.51215613,0.55325222,0.60973799,2.10393476,-0.02472962,-0.25190321,0.73869562
3449,0.00125478,0.00000004,0.00020111,0.51351565,0.55325055,0.60973155,2.10393238,-0.02472589,-0.25190234,0.73869169
3450,0.00125475,0.00000004,0.00020109,0.51339573,0.55324888,0.60972553,2.10393000,-0.02473299,-0.25190124,0.73868775
3451,0.00125480,0.00000004,0.00020113,0.51383555,0.55324721,0.60971957,2.10392761,-0.02474019,-0.25190023,0.73868382
3452,0.00125456,0.00000004,0.00020108,0.51171625,0.55324548,0.60971308,2.10392523,-0.02473661,-0.25189918,0.73867989
3453,0.00125480,0.00000004,0.00020106,0.51427543,0.55324382,0.60970616,2.10392284,-0.02472383,-0.25189829,0.73867595
3454,0.00125454,0.00000004,0.00020099,0.51203614,0.55324215,0.60969949,2.10392046,-0.02471545,-0.25189742,0.73867202
3455,0.00125457,0.00000004,0.00020105,0.51211613,0.55324048,0.60969299,2.10391808,-0.02471165,-0.25189641,0.73866808
3456,0.00125451,0.00000004,0.00020102,0.51179624,0.55323875,0.60968620,2.10391569,-0.02471005,-0.25189447,0.73866421
3457,0.00125482,0.00000004,0.00020107,0.51479524,0.55323708,0.60967970,2.10391331,-0.02471241,-0.25189283,0.73866028
3458,0.00125482,0.00000004,0.00020110,0.51467532,0.55323541,0.60967350,2.10391092,-0.02471850,-0.25189152,0.73865634
3459,0.00125459,0.00000004,0.00020110,0.51247603,0.55323374,0.60966760,2.10390854,-0.02472214,-0.25189090,0.73865241
3460,0.00125461,0.00000004,0.00020102,0.51307583,0.55323201,0.60966110,2.10390615,-0.02471760,-0.25189000,0.73864847
3461,0.00125465,0.00000004,0.00020099,0.51371562,0.55323035,0.60965377,2.10390377,-0.02470389,-0.25188822,0.73864460
3462,0.00125451,0.00000004,0.00020094,0.51263595,0.55322874,0.60964602,2.10390139,-0.02468781,-0.25188574,0.73864073
3463,0.00125454,0.00000004,0.00020085,0.51327574,0.55322713,0.60963857,2.10389924,-0.02468210,-0.25188261,0.73863691
3464,0.00125453,0.00000004,0.00020090,0.51315582,0.55322558,0.60963112,2.10389686,-0.02467640,-0.25187960,0.73863310
3465,0.00125469,0.00000004,0.00020092,0.51471531,0.55322397,0.60962456,2.10389471,-0.02468284,-0.25187737,0.73862922
3466,0.00125466,0.00000004,0.00020108,0.51391554,0.55322236,0.60961872,2.10389233,-0.02470066,-0.25187540,0.73862535
3467,0.00125449,0.00000004,0.00020122,0.51163626,0.55322075,0.60961294,2.10389042,-0.02471853,-0.25187352,0.73862147
3468,0.00125440,0.00000004,0.00020127,0.51059663,0.55321920,0.60960770,2.10388803,-0.02474191,-0.25187215,0.73861760
3469,0.00125450,0.00000004,0.00020130,0.51155633,0.55321759,0.60960209,2.10388589,-0.02475713,-0.25187096,0.73861372
3470,0.00125472,0.00000004,0.00020140,0.51343572,0.55321598,0.60959643,2.10388350,-0.02477256,-0.25186953,0.73860985
3471,0.00125450,0.00000004,0.00020142,0.51123643,0.55321437,0.60959005,2.10388136,-0.02477676,-0.25186783,0.73860598
3472,0.00125464,0.00000004,0.00020139,0.51283592,0.55321282,0.60958326,2.10387897,-0.02477057,-0.25186628,0.73860210
3473,0.00125424,0.00000004,0.00020129,0.50935704,0.55321121,0.60957557,2.10387683,-0.02474648,-0.25186473,0.73859823
3474,0.00125441,0.00000004,0.00020123,0.51139635,0.55320960,0.60956794,2.10387444,-0.02472312,-0.25186327,0.73859435
3475,0.00125459,0.00000004,0.00020106,0.51395553,0.55320799,0.60955989,2.10387230,-0.02469851,-0.25186104,0.73859048
3476,0.00125448,0.00000004,0.00020110,0.51279593,0.55320638,0.60955238,2.10386992,-0.02468437,-0.25185883,0.73858660
3477,0.00125457,0.00000004,0.00020108,0.51387554,0.55320483,0.60954493,2.10386777,-0.02467411,-0.25185642,0.73858273
3478,0.00125456,0.00000004,0.00020094,0.51447535,0.55320323,0.60953760,2.10386539,-0.02466604,-0.25185403,0.73857886
3479,0.00125467,0.00000004,0.00020100,0.51535511,0.55320162,0.60953081,2.10386324,-0.02466375,-0.25185212,0.73857498
3480,0.00125464,0.00000004,0.00020098,0.51527512,0.55320001,0.60952431,2.10386086,-0.02466819,-0.25185019,0.73857111
3481,0.00125451,0.00000004,0.00020102,0.51383555,0.55319846,0.60951740,2.10385871,-0.02466691,-0.25184780,0.73856729
3482,0.00125448,0.00000004,0.00020100,0.51371562,0.55319685,0.60951060,2.10385633,-0.02466809,-0.25184554,0.73856342
3483,0.00125460,0.00000004,0.00020099,0.51507521,0.55319524,0.60950351,2.10385418,-0.02466678,-0.25184295,0.73855954
3484,0.00125457,0.00000004,0.00020108,0.51443541,0.55319363,0.60949647,2.10385180,-0.02466580,-0.25184050,0.73855567
3485,0.00125436,0.00000004,0.00020113,0.51219612,0.55319202,0.60949004,2.10384965,-0.02468072,-0.25183731,0.73855186
3486,0.00125470,0.00000004,0.00020120,0.51543504,0.55319053,0.60948366,2.10384750,-0.02470328,-0.25183371,0.73854804
3487,0.00125462,0.00000004,0.00020131,0.51423544,0.55318904,0.60947746,2.10384536,-0.02473274,-0.25182959,0.73854423
3488,0.00125447,0.00000004,0.00020158,0.51171625,0.55318755,0.60947150,2.10384321,-0.02475985,-0.25182652,0.73854035
3489,0.00125471,0.00000004,0.00020151,0.51455534,0.55318600,0.60946465,2.10384107,-0.02476460,-0.25182360,0.73853654
3490,0.00125455,0.00000004,0.00020155,0.51287585,0.55318439,0.60945773,2.10383892,-0.02476718,-0.25182104,0.73853266
3491,0.00125442,0.00000004,0.00020150,0.51179624,0.55318284,0.60945088,2.10383654,-0.02476451,-0.25181910,0.73852879
3492,0.00125439,0.00000004,0.00020145,0.51183623,0.55318123,0.60944402,2.10383439,-0.02475428,-0.25181785,0.73852491
3493,0.00125449,0.00000004,0.00020139,0.51315582,0.55317962,0.60943699,2.10383201,-0.02473582,-0.25181714,0.73852098
3494,0.00125447,0.00000004,0.00020135,0.51315582,0.55317801,0.60943019,2.10382986,-0.02471897,-0.25181690,0.73851705
3495,0.00125438,0.00000004,0.00020126,0.51271594,0.55317652,0.60942352,2.10382771,-0.02470765,-0.25181624,0.73851311
3496,0.00125463,0.00000004,0.00020121,0.51547503,0.55317503,0.60941684,2.10382557,-0.02469916,-0.25181514,0.73850924
3497,0.00125455,0.00000004,0.00020116,0.51495522,0.55317354,0.60941023,2.10382342,-0.02468963,-0.25181437,0.73850536
3498,0.00125443,0.00000004,0.00020113,0.51403552,0.55317199,0.60940373,2.10382128,-0.02468132,-0.25181386,0.73850143
3499,0.00125454,0.00000004,0.00020119,0.51491523,0.55317050,0.60939789,2.10381913,-0.02467758,-0.25181407,0.73849750
3500,0.00125449,0.00000004,0.00020123,0.51435542,0.55316901,0.60939252,2.10381699,-0.02468698,-0.25181410,0.73849356
3501,0.00125435,0.00000004,0.00020123,0.51299584,0.55316740,0.60938692,2.10381460,-0.02469640,-0.25181350,0.73848963
3502,0.00125454,0.00000004,0.00020137,0.51443541,0.55316579,0.60938168,2.10381246,-0.02471530,-0.25181291,0.73848569
3503,0.00125429,0.00000004,0.00020138,0.51191616,0.55316418,0.60937649,2.10381007,-0.02472948,-0.25181270,0.73848176
3504,0.00125469,0.00000004,0.00020155,0.51531512,0.55316263,0.60937095,2.10380793,-0.02473960,-0.25181225,0.73847783
3505,0.00125434,0.00000004,0.00020150,0.51215613,0.55316103,0.60936546,2.10380578,-0.02474896,-0.25181198,0.73847389
3506,0.00125447,0.00000004,0.00020161,0.51303583,0.55315942,0.60935980,2.10380340,-0.02475043,-0.25181213,0.73846996
3507,0.00125432,0.00000004,0.00020158,0.51175624,0.55315781,0.60935408,2.10380125,-0.02475210,-0.25181231,0.73846596
3508,0.00125421,0.00000004,0.00020156,0.51079655,0.55315620,0.60934776,2.10379887,-0.02474300,-0.25181219,0.73846203
3509,0.00125441,0.00000004,0.00020153,0.51295584,0.55315465,0.60934174,2.10379672,-0.02474684,-0.25181139,0.73845810
3510,0.00125434,0.00000004,0.00020171,0.51163626,0.55315304,0.60933638,2.10379434,-0.02476223,-0.25181073,0.73845416
3511,0.00125434,0.00000004,0.00020168,0.51175624,0.55315143,0.60933137,2.10379219,-0.02477860,-0.25181088,0.73845017
3512,0.00125449,0.00000004,0.00020185,0.51271594,0.55314982,0.60932577,2.10378981,-0.02478622,-0.25181070,0.73844618
3513,0.00125438,0.00000004,0.00020180,0.51191616,0.55314827,0.60931981,2.10378766,-0.02478645,-0.25181067,0.73844218
3514,0.00125438,0.00000004,0.00020175,0.51219612,0.55314666,0.60931355,2.10378528,-0.02477711,-0.25181079,0.73843819
3515,0.00125449,0.00000004,0.00020167,0.51371562,0.55314517,0.60930675,2.10378313,-0.02475953,-0.25181055,0.73843426
3516,0.00125433,0.00000004,0.00020157,0.51255596,0.55314356,0.60929996,2.10378098,-0.02474102,-0.25181064,0.73843026
3517,0.00125410,0.00000004,0.00020150,0.51067656,0.55314195,0.60929322,2.10377884,-0.02472319,-0.25181067,0.73842627
3518,0.00125399,0.00000004,0.00020146,0.50979686,0.55314046,0.60928714,2.10377669,-0.02472271,-0.25181019,0.73842233
3519,0.00125434,0.00000004,0.00020148,0.51319575,0.55313891,0.60928088,2.10377455,-0.02472005,-0.25180984,0.73841834
3520,0.00125434,0.00000004,0.00020152,0.51315582,0.55313736,0.60927510,2.10377240,-0.02472905,-0.25180918,0.73841435
3521,0.00125417,0.00000004,0.00020156,0.51143634,0.55313575,0.60926890,2.10377002,-0.02473168,-0.25180823,0.73841035
3522,0.00125419,0.00000004,0.00020145,0.51215613,0.55313414,0.60926187,2.10376787,-0.02472190,-0.25180694,0.73840636
3523,0.00125387,0.00000004,0.00020153,0.50867724,0.55313253,0.60925490,2.10376549,-0.02471591,-0.25180522,0.73840243
3524,0.00125446,0.00000004,0.00020147,0.51487523,0.55313098,0.60924768,2.10376334,-0.02470895,-0.25180316,0.73839849
3525,0.00125425,0.00000004,0.00020152,0.51271594,0.55312937,0.60924137,2.10376096,-0.02471668,-0.25180152,0.73839450
3526,0.00125412,0.00000004,0.00020169,0.51075655,0.55312777,0.60923541,2.10375881,-0.02473507,-0.25179958,0.73839051
3527,0.00125413,0.00000004,0.00020171,0.51087654,0.55312616,0.60922968,2.10375643,-0.02475483,-0.25179797,0.73838651
3528,0.00125430,0.00000004,0.00020185,0.51207614,0.55312455,0.60922360,2.10375428,-0.02477300,-0.25179580,0.73838252
3529,0.00125419,0.00000004,0.00020186,0.51107645,0.55312300,0.60921752,2.10375190,-0.02478962,-0.25179392,0.73837852
3530,0.00125414,0.00000004,0.00020196,0.51015675,0.55312139,0.60921121,2.10374975,-0.02479986,-0.25179204,0.73837453
3531,0.00125430,0.00000004,0.00020197,0.51179624,0.55311978,0.60920453,2.10374737,-0.02480526,-0.25178972,0.73837060
3532,0.00125405,0.00000004,0.00020191,0.50963694,0.55311817,0.60919726,2.10374522,-0.02479960,-0.25178739,0.73836666
3533,0.00125417,0.00000004,0.00020204,0.51043665,0.55311662,0.60918939,2.10374284,-0.02479028,-0.25178421,0.73836273
3534,0.00125429,0.00000004,0.00020188,0.51235604,0.55311501,0.60918206,2.10374069,-0.02478410,-0.25178188,0.73835880
3535,0.00125417,0.00000004,0.00020185,0.51139635,0.55311340,0.60917449,2.10373831,-0.02477293,-0.25177935,0.73835486
3536,0.00125436,0.00000004,0.00020172,0.51387554,0.55311179,0.60916674,2.10373616,-0.02475782,-0.25177720,0.73835087
3537,0.00125420,0.00000004,0.00020167,0.51259595,0.55311018,0.60915869,2.10373378,-0.02473511,-0.25177518,0.73834687
3538,0.00125409,0.00000004,0.00020151,0.51223606,0.55310863,0.60915053,2.10373163,-0.02471015,-0.25177312,0.73834288
3539,0.00125430,0.00000004,0.00020152,0.51443541,0.55310702,0.60914266,2.10372925,-0.02468920,-0.25177133,0.73833889
3540,0.00125408,0.00000004,0.00020139,0.51283592,0.55310541,0.60913509,2.10372710,-0.02467549,-0.25176930,0.73833489
3541,0.00125429,0.00000004,0.00020144,0.51483524,0.55310380,0.60912788,2.10372472,-0.02467318,-0.25176692,0.73833090
3542,0.00125415,0.00000004,0.00020149,0.51327574,0.55310225,0.60912132,2.10372257,-0.02468006,-0.25176495,0.73832691
3543,0.00125412,0.00000004,0.00020158,0.51267594,0.55310065,0.60911506,2.10372043,-0.02469369,-0.25176296,0.73832291
3544,0.00125401,0.00000004,0.00020159,0.51167625,0.55309904,0.60910946,2.10371804,-0.02471420,-0.25176153,0.73831892
3545,0.00125429,0.00000004,0.00020169,0.51407552,0.55309743,0.60910368,2.10371590,-0.02473005,-0.25176018,0.73831493
3546,0.00125412,0.00000004,0.00020188,0.51167625,0.55309588,0.60909826,2.10371351,-0.02474647,-0.25175965,0.73831087
3547,0.00125411,0.00000004,0.00020188,0.51171625,0.55309427,0.60909265,2.10371137,-0.02476168,-0.25175902,0.73830682
3548,0.00125397,0.00000004,0.00020197,0.50995684,0.55309266,0.60908699,2.10370898,-0.02477507,-0.25175801,0.73830283
3549,0.00125412,0.00000004,0.00020201,0.51143634,0.55309105,0.60908079,2.10370684,-0.02478312,-0.25175664,0.73829883
3550,0.00125412,0.00000004,0.00020194,0.51179624,0.55308944,0.60907346,2.10370445,-0.02477494,-0.25175461,0.73829484
3551,0.00125403,0.00000004,0.00020183,0.51139635,0.55308789,0.60906607,2.10370231,-0.02476288,-0.25175282,0.73829085
3552,0.00125392,0.00000004,0.00020189,0.51011676,0.55308628,0.60905915,2.10369992,-0.02475482,-0.25175157,0.73828685
3553,0.00125398,0.00000004,0.00020185,0.51095647,0.55308467,0.60905170,2.10369778,-0.02473850,-0.25175014,0.73828286
3554,0.00125425,0.00000004,0.00020180,0.51399553,0.55308306,0.60904473,2.10369539,-0.02473153,-0.25174871,0.73827887
3555,0.00125404,0.00000004,0.00020174,0.51227605,0.55308151,0.60903782,2.10369325,-0.02472156,-0.25174761,0.73827487
3556,0.00125411,0.00000004,0.00020166,0.51335573,0.55307990,0.60902995,2.10369086,-0.02469957,-0.25174588,0.73827088
3557,0.00125404,0.00000004,0.00020150,0.51331574,0.55307829,0.60902178,2.10368872,-0.02467247,-0.25174388,0.73826694
3558,0.00125385,0.00000004,0.00020145,0.51171625,0.55307680,0.60901392,2.10368657,-0.02465176,-0.25174177,0.73826301
3559,0.00125406,0.00000004,0.00020144,0.51403552,0.55307525,0.60900682,2.10368443,-0.02464668,-0.25173974,0.73825908
3560,0.00125414,0.00000004,0.00020145,0.51487523,0.55307376,0.60900021,2.10368252,-0.02465285,-0.25173759,0.73825514
3561,0.00125407,0.00000004,0.00020151,0.51403552,0.55307227,0.60899401,2.10368013,-0.02466528,-0.25173551,0.73825121
3562,0.00125408,0.00000004,0.00020159,0.51387554,0.55307078,0.60898823,2.10367799,-0.02468801,-0.25173342,0.73824728
3563,0.00125403,0.00000004,0.00020176,0.51267594,0.55306923,0.60898221,2.10367608,-0.02470478,-0.25173125,0.73824334
3564,0.00125406,0.00000004,0.00020179,0.51295584,0.55306774,0.60897648,2.10367370,-0.02472854,-0.25172925,0.73823941
3565,0.00125389,0.00000004,0.00020189,0.51095647,0.55306625,0.60897064,2.10367155,-0.02474692,-0.25172734,0.73823547
3566,0.00125393,0.00000004,0.00020205,0.51071656,0.55306470,0.60896450,2.10366964,-0.02476098,-0.25172523,0.73823154
3567,0.00125408,0.00000004,0.00020204,0.51235604,0.55306321,0.60895860,2.10366750,-0.02477515,-0.25172377,0.73822755
3568,0.00125421,0.00000004,0.00020214,0.51335573,0.55306172,0.60895216,2.10366511,-0.02477905,-0.25172216,0.73822361
3569,0.00125400,0.00000004,0.00020204,0.51175624,0.55306023,0.60894477,2.10366321,-0.02476533,-0.25172031,0.73821968
3570,0.00125403,0.00000004,0.00020202,0.51219612,0.55305880,0.60893703,2.10366130,-0.02474939,-0.25171816,0.73821574
3571,0.00125374,0.00000004,0.00020192,0.50983685,0.55305737,0.60892987,2.10365915,-0.02473548,-0.25171676,0.73821181
3572,0.00125397,0.00000004,0.00020183,0.51251602,0.55305594,0.60892296,2.10365725,-0.02472292,-0.25171602,0.73820782
3573,0.00125389,0.00000004,0.00020187,0.51163626,0.55305451,0.60891652,2.10365510,-0.02472278,-0.25171492,0.73820382
3574,0.00125398,0.00000004,0.00020185,0.51271594,0.55305314,0.60891002,2.10365295,-0.02471979,-0.25171408,0.73819983
3575,0.00125395,0.00000004,0.00020184,0.51259595,0.55305171,0.60890365,2.10365105,-0.02470580,-0.25171447,0.73819584
3576,0.00125407,0.00000004,0.00020184,0.51383555,0.55305028,0.60889739,2.10364914,-0.02470464,-0.25171387,0.73819184
3577,0.00125399,0.00000004,0.00020178,0.51335573,0.55304885,0.60889047,2.10364723,-0.02468986,-0.25171310,0.73818791
3578,0.00125406,0.00000004,0.00020178,0.51415545,0.55304742,0.60888416,2.10364509,-0.02468077,-0.25171313,0.73818392
3579,0.00125417,0.00000004,0.00020178,0.51531512,0.55304605,0.60887814,2.10364318,-0.02467745,-0.25171310,0.73817998
3580,0.00125397,0.00000004,0.00020175,0.51347572,0.55304462,0.60887223,2.10364103,-0.02468029,-0.25171265,0.73817605
3581,0.00125383,0.00000004,0.00020178,0.51207614,0.55304331,0.60886610,2.10363913,-0.02468593,-0.25171137,0.73817211
3582,0.00125406,0.00000004,0.00020177,0.51447535,0.55304193,0.60885948,2.10363746,-0.02468741,-0.25170949,0.73816824
3583,0.00125386,0.00000004,0.00020184,0.51227605,0.55304062,0.60885292,2.10363555,-0.02469155,-0.25170738,0.73816437
3584,0.00125403,0.00000004,0.00020189,0.51383555,0.55303931,0.60884678,2.10363364,-0.02470680,-0.25170505,0.73816049
3585,0.00125398,0.00000004,0.00020193,0.51327574,0.55303794,0.60884094,2.10363173,-0.02472134,-0.25170341,0.73815662
3586,0.00125378,0.00000004,0.00020207,0.51075655,0.55303663,0.60883546,2.10362983,-0.02474474,-0.25170174,0.73815268
3587,0.00125395,0.00000004,0.00020218,0.51207614,0.55303532,0.60883009,2.10362792,-0.02476518,-0.25170067,0.73814875
3588,0.00125392,0.00000004,0.00020226,0.51151633,0.55303395,0.60882396,2.10362601,-0.02477569,-0.25169879,0.73814487
3589,0.00125413,0.00000004,0.00020232,0.51343572,0.55303264,0.60881841,2.10362411,-0.02478716,-0.25169811,0.73814094
3590,0.00125382,0.00000004,0.00020234,0.51035666,0.55303133,0.60881275,2.10362220,-0.02479775,-0.25169739,0.73813701
3591,0.00125395,0.00000004,0.00020237,0.51163626,0.55302995,0.60880715,2.10362029,-0.02479824,-0.25169769,0.73813307
3592,0.00125421,0.00000004,0.00020228,0.51459533,0.55302864,0.60879999,2.10361838,-0.02477402,-0.25169751,0.73812914
3593,0.00125404,0.00000004,0.00020213,0.51359564,0.55302733,0.60879338,2.10361671,-0.02475925,-0.25169733,0.73812521
3594,0.00125397,0.00000004,0.00020212,0.51303583,0.55302596,0.60878634,2.10361481,-0.02474250,-0.25169662,0.73812127
3595,0.00125390,0.00000004,0.00020205,0.51271594,0.55302465,0.60877860,2.10361290,-0.02471982,-0.25169477,0.73811740
3596,0.00125369,0.00000004,0.00020212,0.51043665,0.55302334,0.60877204,2.10361099,-0.02472152,-0.25169295,0.73811352
3597,0.00125392,0.00000004,0.00020205,0.51311582,0.55302203,0.60876602,2.10360909,-0.02472507,-0.25169218,0.73810959
3598,0.00125376,0.00000004,0.00020202,0.51171625,0.55302066,0.60875934,2.10360718,-0.02472120,-0.25169072,0.73810565
3599,0.00125379,0.00000004,0.00020198,0.51223606,0.55301934,0.60875219,2.10360551,-0.02470741,-0.25168923,0.73810178
3600,0.00125376,0.00000004,0.00020200,0.51191616,0.55301803,0.60874528,2.10360360,-0.02470107,-0.25168750,0.73809791
3601,0.00125391,0.00000004,0.00020198,0.51355565,0.55301666,0.60873908,2.10360169,-0.02470255,-0.25168663,0.73809397
3602,0.00125389,0.00000004,0.00020203,0.51319575,0.55301541,0.60873389,2.10359979,-0.02471613,-0.25168651,0.73809004
3603,0.00125382,0.00000004,0.00020211,0.51223606,0.55301422,0.60872906,2.10359812,-0.02473036,-0.25168720,0.73808604
3604,0.00125406,0.00000004,0.00020223,0.51431543,0.55301297,0.60872382,2.10359645,-0.02474750,-0.25168675,0.73808211
3605,0.00125371,0.00000004,0.00020234,0.51035666,0.55301172,0.60871851,2.10359454,-0.02476344,-0.25168616,0.73807818
3606,0.00125378,0.00000004,0.00020235,0.51107645,0.55301046,0.60871267,2.10359263,-0.02477232,-0.25168517,0.73807424
3607,0.00125408,0.00000004,0.00020239,0.51399553,0.55300921,0.60870665,2.10359097,-0.02477227,-0.25168478,0.73807031
3608,0.00125383,0.00000004,0.00020242,0.51143634,0.55300802,0.60870087,2.10358930,-0.02477286,-0.25168470,0.73806638
3609,0.00125379,0.00000004,0.00020234,0.51143634,0.55300677,0.60869473,2.10358763,-0.02476721,-0.25168470,0.73806244
3610,0.00125389,0.00000004,0.00020235,0.51251602,0.55300552,0.60868877,2.10358572,-0.02476151,-0.25168484,0.73805851
3611,0.00125387,0.00000004,0.00020231,0.51251602,0.55300426,0.60868257,2.10358405,-0.02475423,-0.25168484,0.73805457
3612,0.00125367,0.00000004,0.00020224,0.51087654,0.55300301,0.60867572,2.10358238,-0.02473680,-0.25168419,0.73805070
3613,0.00125384,0.00000004,0.00020223,0.51267594,0.55300188,0.60866922,2.10358071,-0.02472195,-0.25168437,0.73804677
3614,0.00125387,0.00000004,0.00020212,0.51355565,0.55300075,0.60866219,2.10357904,-0.02470182,-0.25168377,0.73804289
3615,0.00125385,0.00000004,0.00020202,0.51379561,0.55299956,0.60865563,2.10357738,-0.02468623,-0.25168374,0.73803896
3616,0.00125387,0.00000004,0.00020200,0.51423544,0.55299842,0.60864931,2.10357571,-0.02467977,-0.25168344,0.73803502
3617,0.00125388,0.00000004,0.00020198,0.51443541,0.55299729,0.60864347,2.10357404,-0.02467868,-0.25168344,0.73803109
3618,0.00125380,0.00000004,0.00020200,0.51359564,0.55299610,0.60863775,2.10357261,-0.02468036,-0.25168350,0.73802716
3619,0.00125371,0.00000004,0.00020201,0.51271594,0.55299497,0.60863191,2.10357094,-0.02468619,-0.25168258,0.73802328
3620,0.00125374,0.00000004,0.00020213,0.51267594,0.55299383,0.60862607,2.10356927,-0.02469196,-0.25168175,0.73801941
3621,0.00125375,0.00000004,0.00020213,0.51279593,0.55299264,0.60862041,2.10356760,-0.02470490,-0.25168064,0.73801553
3622,0.00125382,0.00000004,0.00020223,0.51319575,0.55299151,0.60861522,2.10356593,-0.02472733,-0.25167942,0.73801166
3623,0.00125375,0.00000004,0.00020245,0.51163626,0.55299038,0.60860962,2.10356450,-0.02474758,-0.25167769,0.73800778
3624,0.00125362,0.00000004,0.00020242,0.51055664,0.55298918,0.60860318,2.10356259,-0.02474937,-0.25167599,0.73800397
3625,0.00125375,0.00000004,0.00020236,0.51219612,0.55298811,0.60859591,2.10356116,-0.02473773,-0.25167388,0.73800015
3626,0.00125366,0.00000004,0.00020227,0.51171625,0.55298710,0.60858828,2.10355973,-0.02471450,-0.25167218,0.73799634
3627,0.00125368,0.00000004,0.00020214,0.51251602,0.55298603,0.60858035,2.10355806,-0.02468493,-0.25167051,0.73799253
3628,0.00125340,0.00000004,0.00020203,0.51023674,0.55298495,0.60857296,2.10355663,-0.02467307,-0.25166798,0.73798877
3629,0.00125368,0.00000004,0.00020207,0.51295584,0.55298388,0.60856652,2.10355520,-0.02467638,-0.25166607,0.73798496
3630,0.00125369,0.00000004,0.00020215,0.51287585,0.55298281,0.60855997,2.10355353,-0.02467798,-0.25166407,0.73798114
3631,0.00125381,0.00000004,0.00020201,0.51467532,0.55298173,0.60855299,2.10355234,-0.02466856,-0.25166228,0.73797733
3632,0.00125388,0.00000004,0.00020204,0.51535511,0.55298066,0.60854620,2.10355067,-0.02466298,-0.25166053,0.73797351
3633,0.00125351,0.00000004,0.00020201,0.51183623,0.55297965,0.60853988,2.10354900,-0.02466327,-0.25165913,0.73796970
3634,0.00125347,0.00000004,0.00020213,0.51099646,0.55297858,0.60853440,2.10354781,-0.02468138,-0.25165769,0.73796588
3635,0.00125367,0.00000004,0.00020227,0.51247603,0.55297750,0.60852903,2.10354614,-0.02470135,-0.25165644,0.73796201
3636,0.00125351,0.00000004,0.00020233,0.51071656,0.55297643,0.60852402,2.10354447,-0.02472875,-0.25165513,0.73795813
3637,0.00125376,0.00000004,0.00020258,0.51227605,0.55297536,0.60851902,2.10354328,-0.02474972,-0.25165454,0.73795426
3638,0.00125348,0.00000004,0.00020269,0.50911707,0.55297428,0.60851443,2.10354161,-0.02477194,-0.25165460,0.73795038
3639,0.00125358,0.00000004,0.00020266,0.51027673,0.55297327,0.60850930,2.10354018,-0.02478205,-0.25165471,0.73794651
3640,0.00125344,0.00000004,0.00020273,0.50867724,0.55297220,0.60850364,2.10353875,-0.02478624,-0.25165442,0.73794264
3641,0.00125365,0.00000004,0.00020268,0.51103646,0.55297112,0.60849696,2.10353708,-0.02477525,-0.25165340,0.73793882
3642,0.00125368,0.00000004,0.00020260,0.51171625,0.55297005,0.60849029,2.10353565,-0.02476982,-0.25165182,0.73793501
3643,0.00125361,0.00000004,0.00020268,0.51079655,0.55296898,0.60848379,2.10353422,-0.02476943,-0.25165024,0.73793119
3644,0.00125371,0.00000004,0.00020259,0.51227605,0.55296803,0.60847723,2.10353279,-0.02476528,-0.25164869,0.73792738
3645,0.00125371,0.00000004,0.00020256,0.51247603,0.55296701,0.60846996,2.10353136,-0.02475508,-0.25164628,0.73792362
3646,0.00125364,0.00000004,0.00020256,0.51175624,0.55296606,0.60846221,2.10352993,-0.02474019,-0.25164339,0.73791987
3647,0.00125355,0.00000004,0.00020245,0.51143634,0.55296510,0.60845441,2.10352850,-0.02472919,-0.25163999,0.73791611
3648,0.00125369,0.00000004,0.00020243,0.51303583,0.55296409,0.60844707,2.10352731,-0.02472309,-0.25163704,0.73791236
3649,0.00125359,0.00000004,0.00020238,0.51231605,0.55296314,0.60843986,2.10352588,-0.02471531,-0.25163445,0.73790860
3650,0.00125380,0.00000004,0.00020238,0.51447535,0.55296218,0.60843277,2.10352445,-0.02470851,-0.25163224,0.73790479
3651,0.00125376,0.00000004,0.00020241,0.51399553,0.55296111,0.60842544,2.10352302,-0.02469549,-0.25163016,0.73790097
3652,0.00125368,0.00000004,0.00020216,0.51431543,0.55296004,0.60841769,2.10352135,-0.02467588,-0.25162777,0.73789716
3653,0.00125364,0.00000004,0.00020218,0.51395553,0.55295897,0.60840964,2.10351992,-0.02465713,-0.25162491,0.73789334
3654,0.00125348,0.00000004,0.00020210,0.51279593,0.55295789,0.60840136,2.10351849,-0.02463782,-0.25162131,0.73788959
3655,0.00125359,0.00000004,0.00020198,0.51443541,0.55295682,0.60839301,2.10351706,-0.02461310,-0.25161833,0.73788577
3656,0.00125366,0.00000004,0.00020191,0.51555502,0.55295581,0.60838455,2.10351539,-0.02459532,-0.25161451,0.73788196
3657,0.00125365,0.00000004,0.00020176,0.51607484,0.55295473,0.60837638,2.10351396,-0.02457450,-0.25161144,0.73787814
3658,0.00125355,0.00000004,0.00020170,0.51547503,0.55295366,0.60836834,2.10351253,-0.02455777,-0.25160831,0.73787433
3659,0.00125363,0.00000004,0.00020172,0.51619482,0.55295259,0.60836118,2.10351086,-0.02455507,-0.25160551,0.73787051
3660,0.00125367,0.00000004,0.00020170,0.51683462,0.55295151,0.60835481,2.10350943,-0.02456109,-0.25160357,0.73786664
3661,0.00125331,0.00000004,0.00020179,0.51287585,0.55295044,0.60834843,2.10350800,-0.02457123,-0.25160134,0.73786277
3662,0.00125361,0.00000004,0.00020181,0.51587492,0.55294937,0.60834235,2.10350633,-0.02457991,-0.25159973,0.73785889
3663,0.00125347,0.00000004,0.00020188,0.51423544,0.55294836,0.60833639,2.10350490,-0.02458534,-0.25159889,0.73785496
3664,0.00125359,0.00000004,0.00020198,0.51515514,0.55294728,0.60833091,2.10350347,-0.02460357,-0.25159782,0.73785102
3665,0.00125360,0.00000004,0.00020207,0.51499522,0.55294621,0.60832554,2.10350180,-0.02462110,-0.25159693,0.73784709
3666,0.00125362,0.00000004,0.00020223,0.51459533,0.55294514,0.60832065,2.10350037,-0.02464562,-0.25159636,0.73784316
3667,0.00125357,0.00000004,0.00020229,0.51391554,0.55294400,0.60831565,2.10349870,-0.02466769,-0.25159577,0.73783922
3668,0.00125379,0.00000004,0.00020248,0.51539510,0.55294281,0.60831076,2.10349703,-0.02469958,-0.25159445,0.73783529
3669,0.00125346,0.00000004,0.00020259,0.51171625,0.55294168,0.60830492,2.10349560,-0.02471670,-0.25159273,0.73783135
3670,0.00125368,0.00000004,0.00020265,0.51379561,0.55294055,0.60829878,2.10349393,-0.02472938,-0.25159082,0.73782742
3671,0.00125373,0.00000004,0.00020275,0.51387554,0.55293936,0.60829234,2.10349226,-0.02473446,-0.25158897,0.73782349
3672,0.00125341,0.00000004,0.00020273,0.51091653,0.55293822,0.60828620,2.10349059,-0.02474828,-0.25158700,0.73781955
3673,0.00125343,0.00000004,0.00020277,0.51099646,0.55293709,0.60827959,2.10348892,-0.02474891,-0.25158527,0.73781562
3674,0.00125358,0.00000004,0.00020276,0.51255596,0.55293590,0.60827285,2.10348749,-0.02474702,-0.25158376,0.73781168
3675,0.00125340,0.00000004,0.00020274,0.51095647,0.55293477,0.60826653,2.10348558,-0.02474318,-0.25158334,0.73780769
3676,0.00125359,0.00000004,0.00020257,0.51359564,0.55293363,0.60825932,2.10348415,-0.02472418,-0.25158238,0.73780370
3677,0.00125344,0.00000004,0.00020263,0.51195616,0.55293244,0.60825258,2.10348248,-0.02470966,-0.25158218,0.73779970
3678,0.00125307,0.00000004,0.00020245,0.50903714,0.55293131,0.60824537,2.10348082,-0.02469058,-0.25158152,0.73779571
3679,0.00125366,0.00000004,0.00020244,0.51511514,0.55293018,0.60823834,2.10347915,-0.02467038,-0.25158113,0.73779172
3680,0.00125335,0.00000004,0.00020231,0.51259595,0.55292898,0.60823131,2.10347772,-0.02464565,-0.25158134,0.73778772
3681,0.00125356,0.00000004,0.00020222,0.51515514,0.55292785,0.60822439,2.10347581,-0.02461902,-0.25158197,0.73778373
3682,0.00125334,0.00000004,0.00020204,0.51375562,0.55292672,0.60821736,2.10347438,-0.02459009,-0.25158250,0.73777974
3683,0.00125366,0.00000004,0.00020202,0.51715451,0.55292553,0.60821116,2.10347271,-0.02457129,-0.25158393,0.73777568
3684,0.00125354,0.00000004,0.00020192,0.51635474,0.55292439,0.60820484,2.10347104,-0.02455599,-0.25158474,0.73777163
3685,0.00125348,0.00000004,0.00020186,0.51615483,0.55292326,0.60819894,2.10346961,-0.02454942,-0.25158551,0.73776758
3686,0.00125338,0.00000004,0.00020188,0.51511514,0.55292207,0.60819304,2.10346770,-0.02454315,-0.25158626,0.73776352
3687,0.00125337,0.00000004,0.00020185,0.51519513,0.55292094,0.60818720,2.10346627,-0.02453876,-0.25158694,0.73775947
3688,0.00125357,0.00000004,0.00020183,0.51731443,0.55291981,0.60818118,2.10346460,-0.02453369,-0.25158748,0.73775542
3689,0.00125347,0.00000004,0.00020179,0.51655471,0.55291861,0.60817522,2.10346293,-0.02453747,-0.25158709,0.73775136
3690,0.00125349,0.00000004,0.00020190,0.51643473,0.55291748,0.60817003,2.10346127,-0.02455101,-0.25158724,0.73774731
3691,0.00125356,0.00000004,0.00020211,0.51627481,0.55291635,0.60816538,2.10345960,-0.02458183,-0.25158706,0.73774326
3692,0.00125367,0.00000004,0.00020229,0.51667464,0.55291516,0.60816139,2.10345793,-0.02462506,-0.25158674,0.73773921
3693,0.00125312,0.00000004,0.00020249,0.51051664,0.55291402,0.60815728,2.10345650,-0.02466001,-0.25158691,0.73773515
3694,0.00125365,0.00000004,0.00020274,0.51483524,0.55291289,0.60815299,2.10345483,-0.02469899,-0.25158659,0.73773110
3695,0.00125354,0.00000004,0.00020289,0.51315582,0.55291170,0.60814768,2.10345316,-0.02472742,-0.25158480,0.73772711
3696,0.00125349,0.00000004,0.00020289,0.51275593,0.55291057,0.60814106,2.10345149,-0.02474175,-0.25158185,0.73772317
3697,0.00125329,0.00000004,0.00020285,0.51095647,0.55290943,0.60813332,2.10344982,-0.02473159,-0.25157899,0.73771924
3698,0.00125336,0.00000004,0.00020279,0.51207614,0.55290824,0.60812551,2.10344839,-0.02471421,-0.25157681,0.73771530
3699,0.00125352,0.00000004,0.00020269,0.51415545,0.55290711,0.60811734,2.10344648,-0.02469600,-0.25157377,0.73771137
3700,0.00125345,0.00000004,0.00020259,0.51391554,0.55290598,0.60810858,2.10344505,-0.02466718,-0.25157070,0.73770744
3701,0.00125341,0.00000004,0.00020243,0.51427543,0.55290478,0.60810024,2.10344338,-0.02464038,-0.25156841,0.73770350
3702,0.00125338,0.00000004,0.00020243,0.51407552,0.55290365,0.60809273,2.10344172,-0.02462832,-0.25156614,0.73769957
3703,0.00125326,0.00000004,0.00020238,0.51315582,0.55290252,0.60808527,2.10344005,-0.02462175,-0.25156340,0.73769563
3704,0.00125337,0.00000004,0.00020238,0.51431543,0.55290133,0.60807860,2.10343838,-0.02462775,-0.25156125,0.73769164
3705,0.00125335,0.00000004,0.00020244,0.51399553,0.55290020,0.60807198,2.10343671,-0.02463539,-0.25155914,0.73768765
3706,0.00125324,0.00000004,0.00020256,0.51247603,0.55289906,0.60806572,2.10343528,-0.02464908,-0.25155705,0.73768365
3707,0.00125327,0.00000004,0.00020256,0.51279593,0.55289787,0.60805994,2.10343361,-0.02466442,-0.25155586,0.73767966
3708,0.00125338,0.00000004,0.00020266,0.51359564,0.55289674,0.60805351,2.10343194,-0.02467186,-0.25155407,0.73767567
3709,0.00125337,0.00000004,0.00020269,0.51339573,0.55289561,0.60804725,2.10343027,-0.02467513,-0.25155297,0.73767167
3710,0.00125336,0.00000004,0.00020268,0.51343572,0.55289441,0.60804081,2.10342860,-0.02467494,-0.25155178,0.73766768
3711,0.00125322,0.00000004,0.00020266,0.51227605,0.55289328,0.60803425,2.10342717,-0.02466955,-0.25155103,0.73766369
3712,0.00125329,0.00000004,0.00020277,0.51255596,0.55289215,0.60802853,2.10342526,-0.02467792,-0.25155085,0.73765963
3713,0.00125345,0.00000004,0.00020270,0.51447535,0.55289096,0.60802281,2.10342383,-0.02468477,-0.25155064,0.73765558
3714,0.00125326,0.00000004,0.00020290,0.51187623,0.55288994,0.60801744,2.10342216,-0.02470272,-0.25154996,0.73765159
3715,0.00125305,0.00000004,0.00020288,0.50987685,0.55288887,0.60801196,2.10342073,-0.02471689,-0.25154936,0.73764759
3716,0.00125332,0.00000004,0.00020303,0.51203614,0.55288780,0.60800618,2.10341930,-0.02472530,-0.25154865,0.73764360
3717,0.00125349,0.00000004,0.00020294,0.51423544,0.55288672,0.60799938,2.10341763,-0.02471588,-0.25154778,0.73763961
3718,0.00125339,0.00000004,0.00020294,0.51327574,0.55288565,0.60799271,2.10341620,-0.02471055,-0.25154683,0.73763561
3719,0.00125346,0.00000004,0.00020292,0.51411551,0.55288458,0.60798508,2.10341477,-0.02469566,-0.25154459,0.73763168
3720,0.00125321,0.00000004,0.00020277,0.51227605,0.55288357,0.60797685,2.10341334,-0.02467181,-0.25154215,0.73762774
3721,0.00125343,0.00000004,0.00020268,0.51503521,0.55288249,0.60796869,2.10341167,-0.02465325,-0.25153923,0.73762381
3722,0.00125335,0.00000004,0.00020258,0.51471531,0.55288142,0.60796088,2.10341024,-0.02463832,-0.25153688,0.73761988
3723,0.00125334,0.00000004,0.00020260,0.51463532,0.55288035,0.60795367,2.10340881,-0.02463158,-0.25153458,0.73761594
3724,0.00125317,0.00000004,0.00020260,0.51295584,0.55287927,0.60794729,2.10340738,-0.02463531,-0.25153336,0.73761195
3725,0.00125339,0.00000004,0.00020265,0.51499522,0.55287832,0.60794103,2.10340595,-0.02463990,-0.25153214,0.73760796
3726,0.00125346,0.00000004,0.00020272,0.51547503,0.55287725,0.60793531,2.10340428,-0.02465410,-0.25153103,0.73760396
3727,0.00125328,0.00000004,0.00020283,0.51339573,0.55287629,0.60792923,2.10340285,-0.02466154,-0.25152999,0.73759997
3728,0.00125342,0.00000004,0.00020283,0.51483524,0.55287528,0.60792309,2.10340142,-0.02466876,-0.25152859,0.73759604
3729,0.00125326,0.00000004,0.00020286,0.51315582,0.55287433,0.60791701,2.10340023,-0.02467740,-0.25152719,0.73759210
3730,0.00125329,0.00000004,0.00020279,0.51379561,0.55287331,0.60791051,2.10339904,-0.02467880,-0.25152567,0.73758817
3731,0.00125329,0.00000004,0.00020286,0.51367563,0.55287236,0.60790378,2.10339761,-0.02468066,-0.25152364,0.73758423
3732,0.00125334,0.00000004,0.00020292,0.51391554,0.55287141,0.60789776,2.10339618,-0.02469085,-0.25152221,0.73758030
3733,0.00125319,0.00000004,0.00020297,0.51227605,0.55287039,0.60789186,2.10339475,-0.02469744,-0.25152126,0.73757637
3734,0.00125327,0.00000004,0.00020303,0.51295584,0.55286944,0.60788578,2.10339332,-0.02469620,-0.25152099,0.73757243
3735,0.00125321,0.00000004,0.00020301,0.51243603,0.55286849,0.60787892,2.10339189,-0.02468888,-0.25151953,0.73756850
3736,0.00125339,0.00000004,0.00020282,0.51511514,0.55286747,0.60787153,2.10339069,-0.02467588,-0.25151780,0.73756456
3737,0.00125323,0.00000004,0.00020285,0.51351565,0.55286652,0.60786426,2.10338926,-0.02466436,-0.25151563,0.73756069
3738,0.00125310,0.00000004,0.00020280,0.51243603,0.55286562,0.60785711,2.10338807,-0.02465841,-0.25151345,0.73755682
3739,0.00125331,0.00000004,0.00020285,0.51447535,0.55286473,0.60785055,2.10338664,-0.02466463,-0.25151110,0.73755294
3740,0.00125335,0.00000004,0.00020279,0.51519513,0.55286384,0.60784286,2.10338545,-0.02465438,-0.25150827,0.73754907
3741,0.00125308,0.00000004,0.00020276,0.51263595,0.55286300,0.60783505,2.10338426,-0.02464422,-0.25150502,0.73754525
3742,0.00125310,0.00000004,0.00020275,0.51299584,0.55286211,0.60782754,2.10338283,-0.02463665,-0.25150198,0.73754144
3743,0.00125320,0.00000004,0.00020272,0.51427543,0.55286121,0.60782039,2.10338163,-0.02463269,-0.25149927,0.73753762
3744,0.00125323,0.00000004,0.00020279,0.51435542,0.55286032,0.60781330,2.10338044,-0.02463085,-0.25149655,0.73753381
3745,0.00125334,0.00000004,0.00020278,0.51555502,0.55285954,0.60780603,2.10337925,-0.02462860,-0.25149342,0.73752999
3746,0.00125327,0.00000004,0.00020277,0.51495522,0.55285871,0.60779905,2.10337830,-0.02462917,-0.25149077,0.73752618
3747,0.00125343,0.00000004,0.00020278,0.51659471,0.55285794,0.60779202,2.10337710,-0.02462643,-0.25148824,0.73752236
3748,0.00125349,0.00000004,0.00020275,0.51739442,0.55285710,0.60778546,2.10337591,-0.02462558,-0.25148639,0.73751855
3749,0.00125344,0.00000004,0.00020280,0.51679462,0.55285633,0.60777926,2.10337472,-0.02462899,-0.25148511,0.73751467
3750,0.00125342,0.00000004,0.00020289,0.51627481,0.55285555,0.60777348,2.10337377,-0.02463936,-0.25148398,0.73751080
3751,0.00125333,0.00000004,0.00020295,0.51523513,0.55285472,0.60776848,2.10337257,-0.02466244,-0.25148320,0.73750693
3752,0.00125321,0.00000004,0.00020309,0.51347572,0.55285394,0.60776341,2.10337138,-0.02468713,-0.25148207,0.73750305
3753,0.00125310,0.00000004,0.00020317,0.51207614,0.55285311,0.60775745,2.10337019,-0.02469979,-0.25148037,0.73749918
3754,0.00125315,0.00000004,0.00020327,0.51231605,0.55285233,0.60775191,2.10336924,-0.02471639,-0.25147906,0.73749530
3755,0.00125333,0.00000004,0.00020335,0.51383555,0.55285156,0.60774630,2.10336804,-0.02473289,-0.25147757,0.73749143
3756,0.00125308,0.00000004,0.00020331,0.51159626,0.55285072,0.60774004,2.10336685,-0.02473819,-0.25147596,0.73748755
3757,0.00125324,0.00000004,0.00020341,0.51279593,0.55284995,0.60773343,2.10336566,-0.02473554,-0.25147438,0.73748368
3758,0.00125310,0.00000004,0.00020336,0.51171625,0.55284917,0.60772669,2.10336471,-0.02473393,-0.25147262,0.73747981
3759,0.00125308,0.00000004,0.00020334,0.51159626,0.55284834,0.60772026,2.10336351,-0.02472749,-0.25147176,0.73747593
3760,0.00125320,0.00000004,0.00020330,0.51303583,0.55284756,0.60771406,2.10336232,-0.02472783,-0.25147080,0.73747206
3761,0.00125328,0.00000004,0.00020337,0.51363564,0.55284673,0.60770720,2.10336113,-0.02472411,-0.25146893,0.73746818
3762,0.00125328,0.00000004,0.00020332,0.51391554,0.55284595,0.60770071,2.10336018,-0.02472397,-0.25146735,0.73746431
3763,0.00125295,0.00000004,0.00020331,0.51079655,0.55284524,0.60769451,2.10335922,-0.02472520,-0.25146618,0.73746043
3764,0.00125305,0.00000004,0.00020330,0.51183623,0.55284452,0.60768837,2.10335803,-0.02472528,-0.25146532,0.73745656
3765,0.00125328,0.00000004,0.00020336,0.51395553,0.55284381,0.60768187,2.10335708,-0.02472240,-0.25146413,0.73745269
3766,0.00125300,0.00000004,0.00020335,0.51135635,0.55284309,0.60767496,2.10335612,-0.02470963,-0.25146306,0.73744881
3767,0.00125331,0.00000004,0.00020331,0.51459533,0.55284238,0.60766870,2.10335517,-0.02470541,-0.25146234,0.73744494
3768,0.00125322,0.00000004,0.00020321,0.51427543,0.55284172,0.60766208,2.10335398,-0.02469102,-0.25146198,0.73744106
3769,0.00125307,0.00000004,0.00020320,0.51279593,0.55284101,0.60765535,2.10335302,-0.02467819,-0.25146127,0.73743719
3770,0.00125323,0.00000004,0.00020316,0.51463532,0.55284029,0.60764909,2.10335207,-0.02466963,-0.25146094,0.73743331
3771,0.00125313,0.00000004,0.00020320,0.51355565,0.55283958,0.60764277,2.10335112,-0.02465680,-0.25146097,0.73742944
3772,0.00125323,0.00000004,0.00020300,0.51543504,0.55283886,0.60763592,2.10335016,-0.02463237,-0.25146109,0.73742557
3773,0.00125321,0.00000004,0.00020284,0.51595491,0.55283815,0.60762918,2.10334897,-0.02461033,-0.25146127,0.73742169
3774,0.00125301,0.00000004,0.00020279,0.51423544,0.55283743,0.60762286,2.10334802,-0.02459691,-0.25146136,0.73741782
3775,0.00125316,0.00000004,0.00020281,0.51571494,0.55283684,0.60761708,2.10334706,-0.02459054,-0.25146183,0.73741394
3776,0.00125315,0.00000004,0.00020285,0.51551503,0.55283618,0.60761201,2.10334635,-0.02458614,-0.25146365,0.73741001
3777,0.00125322,0.00000004,0.00020290,0.51603484,0.55283558,0.60760742,2.10334539,-0.02460158,-0.25146443,0.73740613
3778,0.00125317,0.00000004,0.00020302,0.51519513,0.55283499,0.60760349,2.10334444,-0.02462732,-0.25146565,0.73740220
