iter,total,mask_weight,mask_raw,mask_scaled,root_trans_gvhmr_weight,root_trans_gvhmr_raw,root_trans_gvhmr_scaled,root_orient_gvhmr_weight,root_orient_gvhmr_raw,root_orient_gvhmr_scaled,pose_gvhmr_weight,pose_gvhmr_raw,pose_gvhmr_scaled,scale_prior_weight,scale_prior_raw,scale_prior_scaled,intersect_weight,intersect_raw,intersect_scaled,scene_intersect_weight,scene_intersect_raw,scene_intersect_scaled,nocontact_weight,nocontact_raw,nocontact_scaled,floor_nocontact_weight,floor_nocontact_raw,floor_nocontact_scaled,angle_weight,angle_raw,angle_scaled,self_intersect_weight,self_intersect_raw,self_intersect_scaled
1,55.84871292114258,1.0,1.72186173585942e-05,1.72186173585942e-05,20.0,0.0,0.0,20.0,2.312964744926491e-17,4.625929489852982e-16,10.0,0.0,0.0,0.0,0.0,0.0,0.0,0.0,0.0,0.0,0.374961256980896,0.0,500.0,0.10866378247737885,54.33189123868942,200.0,0.007584012113511562,1.5168024227023125,0.0,0.09146330505609512,0.0,0.0,0.0,0.0
2,53.315670013427734,1.0,1.7029162336257286e-05,1.7029162336257286e-05,20.0,1.000053771349485e-06,2.00010754269897e-05,20.0,1.802649421733804e-06,3.605298843467608e-05,10.0,9.999769190471852e-07,9.999769190471852e-06,0.0,1.0000001111620804e-06,0.0,0.007503751875937969,0.0,0.0,0.0,0.3739169239997864,0.0,500.0,0.10370780527591705,51.85390263795853,200.0,0.007308188825845718,1.4616377651691437,0.0005002501250625312,0.09112997353076935,4.558778065571253e-05,0.0,0.0,0.0
3,50.85173416137695,1.0,1.670415440457873e-05,1.670415440457873e-05,20.0,4.00037424697075e-06,8.000748493941501e-05,20.0,5.928763130214065e-06,0.0001185752626042813,10.0,3.998618922196329e-06,3.9986189221963286e-05,0.0,3.992730853497051e-06,0.0,0.015007503751875938,0.0,0.0,0.0,0.37292706966400146,0.0,500.0,0.09888740628957748,49.44370314478874,200.0,0.007038417272269726,1.4076834544539452,0.0010005002501250625,0.09080285578966141,9.084827992962621e-05,0.0,0.0,0.0
4,48.457366943359375,1.0,1.6374313418054953e-05,1.6374313418054953e-05,20.0,9.001199941849336e-06,0.00018002399883698672,20.0,1.3242740351415705e-05,0.0002648548070283141,10.0,8.994716154120397e-06,8.994716154120397e-05,0.0,8.960967534221709e-06,0.0,0.022511255627813906,0.0,0.0,0.0,0.3722827136516571,0.0,500.0,0.09420271217823029,47.10135608911514,200.0,0.006776614114642143,1.3553228229284286,0.0015007503751875938,0.09054388105869293,0.0001358837634697743,0.0,0.0,0.0
5,46.13160705566406,1.0,1.6095535102067515e-05,1.6095535102067515e-05,20.0,1.600388168299105e-05,0.000320077633659821,20.0,2.393621252849698e-05,0.0004787242505699396,10.0,1.5979388990672305e-05,0.00015979388990672305,0.0,1.5875057215453126e-05,0.0,0.030015007503751877,0.0,0.0,0.0,0.37131789326667786,0.0,500.0,0.08965323865413666,44.82661932706833,200.0,0.006519165821373463,1.3038331642746925,0.002001000500250125,0.0902857705950737,0.00018066187212621048,0.0,0.0,0.0
6,43.87382888793945,1.0,1.5879975762800314e-05,1.5879975762800314e-05,20.0,2.5009696400957182e-05,0.0005001939280191436,20.0,3.807814937317744e-05,0.0007615629874635488,10.0,2.4943425160017796e-05,0.00024943425160017796,0.0,2.4693861632840708e-05,0.0,0.03751875937968985,0.0,0.0,0.0,0.3704204857349396,0.0,500.0,0.08523884415626526,42.61942207813263,200.0,0.0062632798217237,1.25265596434474,0.0025012506253126563,0.09002871811389923,0.0002251843874784873,0.0,0.0,0.0
7,41.68539047241211,1.0,1.5764475392643362e-05,1.5764475392643362e-05,20.0,3.602007564040832e-05,0.0007204015128081664,20.0,5.570336361415684e-05,0.0011140672722831368,10.0,3.587139508454129e-05,0.0003587139508454129,0.0,3.535895302775316e-05,0.0,0.04502251125562781,0.0,0.0,0.0,0.3693378269672394,0.0,500.0,0.08095881342887878,40.47940671443939,200.0,0.006017512641847134,1.2035025283694267,0.0030015007503751876,0.08977260440587997,0.00026945253948738363,0.0,0.0,0.0
8,39.56533432006836,1.0,1.5714664186816663e-05,1.5714664186816663e-05,20.0,4.903745139017701e-05,0.0009807490278035402,20.0,7.683780859224498e-05,0.0015367561718448997,10.0,4.876348975813016e-05,0.00048763489758130163,0.0,4.7797002480365336e-05,0.0,0.05252626313156578,0.0,0.0,0.0,0.3682737946510315,0.0,500.0,0.07681271433830261,38.406357169151306,200.0,0.005778210703283548,1.1556421406567097,0.003501750875437719,0.08951736986637115,0.0003134675282964473,0.0,0.0,0.0
9,37.51311111450195,1.0,1.570866152178496e-05,1.570866152178496e-05,20.0,6.406457396224141e-05,0.0012812914792448282,20.0,0.00010148795990971848,0.0020297591981943697,10.0,6.362371641444042e-05,0.0006362371641444042,0.0,6.191810825839639e-05,0.0,0.060030015007503754,0.0,0.0,0.0,0.36738377809524536,0.0,500.0,0.07279986888170242,36.39993444085121,200.0,0.005544288549572229,1.1088577099144459,0.00400200100050025,0.08926228433847427,0.0003572277512295118,0.0,0.0,0.0
10,35.52811050415039,1.0,1.574833004269749e-05,1.574833004269749e-05,20.0,8.110541239148006e-05,0.0016221082478296012,20.0,0.00012966555368620902,0.0025933110737241805,10.0,8.044053538469598e-05,0.0008044053538469598,0.0,7.760501466691494e-05,0.0,0.06753376688344172,0.0,0.0,0.0,0.36672526597976685,0.0,500.0,0.06891921162605286,34.45960581302643,200.0,0.00531534431502223,1.063068863004446,0.004502251125562781,0.08900686353445053,0.00040073125153079276,0.0,0.0,0.0
11,33.609989166259766,1.0,1.582674667588435e-05,1.582674667588435e-05,20.0,0.00010016271698987111,0.0020032543397974223,20.0,0.00016138298087753356,0.003227659617550671,10.0,9.920775482896715e-05,0.0009920775482896715,0.0,9.472812962485477e-05,0.0,0.0750375187593797,0.0,0.0,0.0,0.3657310903072357,0.0,500.0,0.06516993045806885,32.584965229034424,200.0,0.005091722123324871,1.0183444246649742,0.0050025012506253125,0.08875072747468948,0.0004439756251860404,0.0,0.0,0.0
12,31.758132934570312,1.0,1.5918656572466716e-05,1.5918656572466716e-05,20.0,0.00012124145723646507,0.0024248291447293013,20.0,0.0001966450799955055,0.00393290159991011,10.0,0.00011989252379862592,0.0011989252379862592,0.0,0.00011312421702314168,0.0,0.08254127063531766,0.0,0.0,0.0,0.36501532793045044,0.0,500.0,0.06155071780085564,30.77535890042782,200.0,0.004873582161962986,0.9747164323925972,0.005502751375687844,0.08849439024925232,0.0004869626276847301,0.0,0.0,0.0
13,29.972700119018555,1.0,1.607158628758043e-05,1.607158628758043e-05,20.0,0.00014434600598178804,0.002886920119635761,20.0,0.0002354550379095599,0.004709100758191198,10.0,0.00014246557839214802,0.0014246557839214802,0.0,0.0001326050842180848,0.0,0.09004502251125562,0.0,0.0,0.0,0.3641466498374939,0.0,500.0,0.058060117065906525,29.030058532953262,200.0,0.004665371496230364,0.9330742992460728,0.006003001500750375,0.08823811262845993,0.0005296935225320256,0.0,0.0,0.0
14,28.252546310424805,1.0,1.6321320799761452e-05,1.6321320799761452e-05,20.0,0.0001694835809757933,0.003389671619515866,20.0,0.00027781870448961854,0.005556374089792371,10.0,0.00016690214397385716,0.0016690214397385716,0.0,0.00015294192417059094,0.0,0.0975487743871936,0.0,0.0,0.0,0.3635077178478241,0.0,500.0,0.05469704046845436,27.34852023422718,200.0,0.004464108496904373,0.8928216993808746,0.0065032516258129065,0.08798112720251083,0.0005721634085205807,0.0,0.0,0.0
15,26.59706687927246,1.0,1.6683148714946583e-05,1.6683148714946583e-05,20.0,0.0001966575946426019,0.003933151892852038,20.0,0.00032373680733144283,0.006474736146628857,10.0,0.000193139654584229,0.00193139654584229,0.0,0.00017386622494086623,0.0,0.10505252626313157,0.0,0.0,0.0,0.3629312515258789,0.0,500.0,0.051460325717926025,25.730162858963013,200.0,0.004269668832421303,0.8539337664842606,0.007003501750875438,0.08772378414869308,0.000614373675878791,0.0,0.0,0.0
16,25.004230499267578,1.0,1.7131267668446526e-05,1.7131267668446526e-05,20.0,0.00022587832063436508,0.004517566412687302,20.0,0.0003732119221240282,0.007464238442480564,10.0,0.0002211278915638104,0.002211278915638104,0.0,0.0001950593141373247,0.0,0.11255627813906953,0.0,0.0,0.0,0.36210712790489197,0.0,500.0,0.0483492836356163,24.17464181780815,200.0,0.004073609597980976,0.8147219195961952,0.007503751875937969,0.0874665305018425,0.0006563271423349863,0.0,0.0,0.0
17,23.47403907775879,1.0,1.770940980350133e-05,1.770940980350133e-05,20.0,0.0002571544609963894,0.005143089219927788,20.0,0.00042625050991773605,0.008525010198354721,10.0,0.0002508395118638873,0.002508395118638873,0.0,0.00021619450126308948,0.0,0.12006003001500751,0.0,0.0,0.0,0.3615269660949707,0.0,500.0,0.04536235332489014,22.68117666244507,200.0,0.0038798563182353973,0.7759712636470795,0.0080040020010005,0.0872102603316307,0.0006980310982021467,0.0,0.0,0.0
18,22.007022857666016,1.0,1.84187574632233e-05,1.84187574632233e-05,20.0,0.0002904949360527098,0.005809898721054196,20.0,0.0004828501841984689,0.009657003683969378,10.0,0.0002821724337991327,0.002821724337991327,0.0,0.00023686517670284957,0.0,0.12756378189094547,0.0,0.0,0.0,0.36073777079582214,0.0,500.0,0.042497605085372925,21.248802542686462,200.0,0.0036958670243620872,0.7391734048724174,0.008504252126063032,0.08699113130569458,0.0007397945133550815,0.0,0.0,0.0
19,20.601869583129883,1.0,1.925076503539458e-05,1.925076503539458e-05,20.0,0.0003259078075643629,0.006518156151287258,20.0,0.0005430066958069801,0.010860133916139603,10.0,0.00031506404047831893,0.0031506404047831893,0.0,0.000256647850619629,0.0,0.13506753376688344,0.0,0.0,0.0,0.36015406250953674,0.0,500.0,0.039753444492816925,19.876722246408463,200.0,0.0035190824419260025,0.7038164883852005,0.009004502251125562,0.0867888405919075,0.0007814903104824087,0.0,0.0,0.0
20,19.257492065429688,1.0,2.016028156504035e-05,2.016028156504035e-05,20.0,0.00036340230144560337,0.007268046028912067,20.0,0.0006067128269933164,0.012134256539866328,10.0,0.00034947015228681266,0.0034947015228681266,0.0,0.0002750866115093231,0.0,0.1425712856428214,0.0,0.0,0.0,0.3595719635486603,0.0,500.0,0.03712839260697365,18.564196303486824,200.0,0.003347789403051138,0.6695578806102276,0.009504752376188095,0.0865822359919548,0.0008229427132802107,0.0,0.0,0.0
21,17.971208572387695,1.0,2.1166677470318973e-05,2.1166677470318973e-05,20.0,0.000402990699512884,0.00805981399025768,20.0,0.0006739611271768808,0.013479222543537617,10.0,0.0003853195230476558,0.003853195230476558,0.0,0.0002916841476690024,0.0,0.1500750375187594,0.0,0.0,0.0,0.3587228059768677,0.0,500.0,0.034619614481925964,17.309807240962982,200.0,0.0031756251119077206,0.6351250223815441,0.010005002501250625,0.08639106899499893,0.0008643428613806796,0.0,0.0,0.0
22,16.740774154663086,1.0,2.2263615392148495e-05,2.2263615392148495e-05,20.0,0.00044468604028224945,0.008893720805644989,20.0,0.0007447420503012836,0.014894841006025672,10.0,0.00042255804874002934,0.004225580487400293,0.0,0.00030601469916291535,0.0,0.15757878939469736,0.0,0.0,0.0,0.3578886091709137,0.0,500.0,0.03222167491912842,16.11083745956421,200.0,0.003004975151270628,0.6009950302541256,0.010505252626313157,0.08622919768095016,0.0009058595054026781,0.0,0.0,0.0
23,15.565665245056152,1.0,2.3469736333936453e-05,2.3469736333936453e-05,20.0,0.0004884981317445636,0.009769962634891272,20.0,0.0008190334192477167,0.016380668384954333,10.0,0.00046115703298710287,0.004611570329871029,0.0,0.0003177176113240421,0.0,0.16508254127063532,0.0,0.0,0.0,0.35703814029693604,0.0,500.0,0.029932506382465363,14.966253191232681,200.0,0.002838397864252329,0.5676795728504658,0.011005502751375688,0.08606043457984924,0.0009471383495531183,0.0,0.0,0.0
24,14.445094108581543,1.0,2.478520036675036e-05,2.478520036675036e-05,20.0,0.0005344407400116324,0.010688814800232649,20.0,0.0008968181791715324,0.017936363583430648,10.0,0.0005009865271858871,0.005009865271858871,0.0,0.0003264468687120825,0.0,0.17258629314657328,0.0,0.0,0.0,0.3561440408229828,0.0,500.0,0.027751129120588303,13.875564560294151,200.0,0.002674410119652748,0.5348820239305496,0.01150575287643822,0.08588045835494995,0.0009881193307472982,0.0,0.0,0.0
25,13.378806114196777,1.0,2.6192079531028867e-05,2.6192079531028867e-05,20.0,0.000582527311053127,0.011650546221062541,20.0,0.0009780784603208303,0.019561569206416607,10.0,0.0005419917870312929,0.005419917870312929,0.0,0.00033184955827891827,0.0,0.18009004502251125,0.0,0.0,0.0,0.35527950525283813,0.0,500.0,0.025675825774669647,12.837912887334824,200.0,0.002516030101105571,0.5032060202211142,0.01200600300150075,0.0856916531920433,0.0010288142454272333,0.0,0.0,0.0
26,12.364113807678223,1.0,2.7664966182783246e-05,2.7664966182783246e-05,20.0,0.0006327743176370859,0.012655486352741718,20.0,0.001062777591869235,0.0212555518373847,10.0,0.0005841282545588911,0.005841282545588911,0.0,0.0003336829540785402,0.0,0.1875937968984492,0.0,0.0,0.0,0.35444629192352295,0.0,500.0,0.02370462752878666,11.85231376439333,200.0,0.0023547555319964886,0.4709511063992977,0.01250625312656328,0.085495226085186,0.001069224938534092,0.0,0.0,0.0
27,11.400795936584473,1.0,2.919742837548256e-05,2.919742837548256e-05,20.0,0.0006852032383903861,0.013704064767807722,20.0,0.00115088967140764,0.0230177934281528,10.0,0.0006274461629800498,0.0062744616298004985,0.0,0.0003318471135571599,0.0,0.1950975487743872,0.0,0.0,0.0,0.3535041809082031,0.0,500.0,0.021834097802639008,10.917048901319504,200.0,0.002198062604293227,0.43961252085864544,0.013006503251625813,0.08529376983642578,0.0011093736947208957,0.0,0.0,0.0
28,10.488617897033691,1.0,3.080644819419831e-05,3.080644819419831e-05,20.0,0.0007398286834359169,0.014796573668718338,20.0,0.0012423332082107663,0.024846664164215326,10.0,0.0006718591903336346,0.006718591903336346,0.0,0.0003262850805185735,0.0,0.20260130065032517,0.0,0.0,0.0,0.352619469165802,0.0,500.0,0.020063314586877823,10.031657293438911,200.0,0.0020470935851335526,0.4094187170267105,0.013506753376688344,0.08508720248937607,0.001149251859536345,0.0,0.0,0.0
29,9.625848770141602,1.0,3.248368011554703e-05,3.248368011554703e-05,20.0,0.0007966766133904457,0.015933532267808914,20.0,0.0013370125088840723,0.026740250177681446,10.0,0.0007171662291511893,0.007171662291511893,0.0,0.0003170534037053585,0.0,0.21010505252626313,0.0,0.0,0.0,0.3516201972961426,0.0,500.0,0.018390728160738945,9.195364080369473,200.0,0.0018970862729474902,0.37941725458949804,0.014007003501750876,0.08487027138471603,0.0011887781884802645,0.0,0.0,0.0
30,8.812615394592285,1.0,3.4227479773107916e-05,3.4227479773107916e-05,20.0,0.0008557719993405044,0.017115439986810088,20.0,0.001434869016520679,0.02869738033041358,10.0,0.0007635135552845895,0.007635135552845895,0.0,0.0003044434415642172,0.0,0.2176088044022011,0.0,0.0,0.0,0.3507138192653656,0.0,500.0,0.0168139711022377,8.40698555111885,200.0,0.0017545963637530804,0.3509192727506161,0.014507253626813406,0.0846494808793068,0.0012280314884941955,0.0,0.0,0.0
31,8.049590110778809,1.0,3.603811637731269e-05,3.603811637731269e-05,20.0,0.0009171374840661883,0.018342749681323767,20.0,0.001535678980872035,0.0307135796174407,10.0,0.0008106810273602605,0.008106810273602605,0.0,0.00028869620291516185,0.0,0.22511255627813906,0.0,0.0,0.0,0.349791944026947,0.0,500.0,0.015332548879086971,7.666274439543486,200.0,0.0016242511337623,0.32485022675246,0.015007503751875938,0.08441843837499619,0.001266910030640263,0.0,0.0,0.0
32,7.335351467132568,1.0,3.789194306591526e-05,3.789194306591526e-05,20.0,0.0009807993192225695,0.01961598638445139,20.0,0.0016391437966376543,0.032782875932753086,10.0,0.0008584908791817725,0.008584908791817725,0.0,0.0002702038618735969,0.0,0.23261630815407705,0.0,0.0,0.0,0.34888291358947754,0.0,500.0,0.013945279642939568,6.972639821469784,200.0,0.0015019234269857407,0.30038468539714813,0.015507753876938469,0.08417311310768127,0.0013053359211296245,0.0,0.0,0.0
33,6.669521331787109,1.0,3.9824211853556335e-05,3.9824211853556335e-05,20.0,0.0010467928368598223,0.020935856737196445,20.0,0.0017449134029448032,0.034898268058896065,10.0,0.0009068674989975989,0.009068674989975989,0.0,0.00024938693968579173,0.0,0.24012006003001501,0.0,0.0,0.0,0.34797781705856323,0.0,500.0,0.012650399468839169,6.325199734419584,200.0,0.0013901777565479279,0.27803555130958557,0.016008004002001,0.08391571789979935,0.0013433231479707747,0.0,0.0,0.0
34,6.0510573387146,1.0,4.185273064649664e-05,4.185273064649664e-05,20.0,0.001115152845159173,0.02230305690318346,20.0,0.0018526421627029777,0.03705284325405955,10.0,0.0009557538433000445,0.009557538433000445,0.0,0.00022674699721392244,0.0,0.24762381190595298,0.0,0.0,0.0,0.3470025062561035,0.0,500.0,0.011446201242506504,5.723100621253252,200.0,0.0012881014263257384,0.2576202852651477,0.016508254127063533,0.08364862203598022,0.0013808927099486481,0.0,0.0,0.0
35,5.479478359222412,1.0,4.39655632362701e-05,4.39655632362701e-05,20.0,0.0011859129881486297,0.023718259762972593,20.0,0.001961721107363701,0.03923442214727402,10.0,0.0010049145203083754,0.010049145203083754,0.0,0.00020281251636333764,0.0,0.25512756378189094,0.0,0.0,0.0,0.34601983428001404,0.0,500.0,0.010330805554986,5.165402777493,200.0,0.0011980572016909719,0.23961144033819437,0.017008504252126064,0.0833701565861702,0.0014180016627962915,0.0,0.0,0.0
36,4.951041221618652,1.0,4.618874299922027e-05,4.618874299922027e-05,20.0,0.0012591159902513027,0.025182319805026054,20.0,0.0020712227560579777,0.041424455121159554,10.0,0.0010542947566136718,0.010542947566136718,0.0,0.00017817664775066078,0.0,0.26263131565782893,0.0,0.0,0.0,0.34505632519721985,0.0,500.0,0.00929923914372921,4.649619571864605,200.0,0.001113853300921619,0.2227706601843238,0.017508754377188594,0.0830828994512558,0.001454678079436695,0.0,0.0,0.0
37,4.466728210449219,1.0,4.855090082855895e-05,4.855090082855895e-05,20.0,0.0013348128413781524,0.026696256827563047,20.0,0.002179683418944478,0.04359366837888956,10.0,0.001103975810110569,0.01103975810110569,0.0,0.00015346471627708524,0.0,0.27013506753376687,0.0,0.0,0.0,0.3440418541431427,0.0,500.0,0.008350526914000511,4.175263457000256,200.0,0.0010429760441184044,0.20859520882368088,0.018009004502251125,0.08279475569725037,0.0014910511281145638,0.0,0.0,0.0
38,4.024697780609131,1.0,5.1100709242746234e-05,5.1100709242746234e-05,20.0,0.001413051038980484,0.02826102077960968,20.0,0.0022852809634059668,0.045705619268119335,10.0,0.00115370680578053,0.0115370680578053,0.0,0.00012919578875880688,0.0,0.27763881940970486,0.0,0.0,0.0,0.3431329131126404,0.0,500.0,0.007483348250389099,3.7416741251945496,200.0,0.0009797042002901435,0.1959408400580287,0.018509254627313655,0.08253713697195053,0.0015277008844232964,0.0,0.0,0.0
39,3.6243278980255127,1.0,5.3879983170190826e-05,5.3879983170190826e-05,20.0,0.0014938957756385207,0.029877915512770414,20.0,0.0023867255076766014,0.04773451015353203,10.0,0.001203513820655644,0.01203513820655644,0.0,0.00010587594442768022,0.0,0.2851425712856428,0.0011884571285918355,0.0003388797215094278,0.0,0.34236249327659607,0.0,500.0,0.0066954102367162704,3.3477051183581352,200.0,0.0009250891162082553,0.18501782324165106,0.01900950475237619,0.08229917287826538,0.0015644665179460153,0.0,0.0,0.0
40,3.2657036781311035,1.0,5.692058039130643e-05,5.692058039130643e-05,20.0,0.0015773794148117304,0.03154758829623461,20.0,0.0024830452166497707,0.049660904332995415,10.0,0.0012529358500614762,0.012529358500614762,0.0,8.393137977691367e-05,0.0,0.2926463231615808,0.00040695632924325764,0.00011909427344037304,0.0,0.3418583869934082,0.0,500.0,0.0059865182265639305,2.9932591132819653,200.0,0.0008846474811434746,0.17692949622869492,0.01950975487743872,0.08206867426633835,0.0016011397180526242,0.0,0.0,0.0
41,2.9456021785736084,1.0,6.021852095727809e-05,6.021852095727809e-05,20.0,0.0016635218635201454,0.03327043727040291,20.0,0.0025741837453097105,0.05148367490619421,10.0,0.0013015031581744552,0.013015031581744552,0.0,6.375479279085994e-05,0.0,0.3001500750375188,0.0008058803505264223,0.00024188504768176758,0.0,0.34110069274902344,0.0,500.0,0.005350654013454914,2.675327006727457,200.0,0.000852828030474484,0.1705656060948968,0.02001000500250125,0.08186611533164978,0.0016381413773216564,0.0,0.0,0.0
42,2.6620466709136963,1.0,6.379801197908819e-05,6.379801197908819e-05,20.0,0.0017523502465337515,0.03504700493067503,20.0,0.0026607527397572994,0.05321505479514599,10.0,0.0013488952536135912,0.013488952536135912,0.0,4.5758461055811495e-05,0.0,0.3076538269134567,0.0012772537302225828,0.00039295199804246546,0.0,0.3405250906944275,0.0,500.0,0.004784496501088142,2.392248250544071,200.0,0.0008295739535242319,0.16591479070484638,0.02051025512756378,0.08171778172254562,0.0016760525515879792,0.0,0.0,0.0
43,2.4138898849487305,1.0,6.7668326664716e-05,6.7668326664716e-05,20.0,0.0018438438419252634,0.03687687683850527,20.0,0.002743746619671583,0.054874932393431664,10.0,0.001394712831825018,0.01394712831825018,0.0,3.031999949598685e-05,0.0,0.3151575787893947,0.0012930635130032897,0.0004075187659790258,0.0,0.3399415612220764,0.0,500.0,0.004285666160285473,2.1428330801427364,200.0,0.0008158417185768485,0.1631683437153697,0.021010505252626314,0.08158741891384125,0.001714192893637485,0.0,0.0,0.0
44,2.2002499103546143,1.0,7.180581451393664e-05,7.180581451393664e-05,20.0,0.0019379537552595139,0.03875907510519028,20.0,0.0028242904227226973,0.056485808454453945,10.0,0.001438249833881855,0.01438249833881855,0.0,1.7762482457328588e-05,0.0,0.32266133066533265,0.0019156044581905007,0.0006180914835081905,0.0,0.3390924036502838,0.0,500.0,0.0038529313169419765,1.9264656584709883,200.0,0.0008085730951279402,0.16171461902558804,0.021510755377688845,0.08146677166223526,0.0017524117966363764,0.0,0.0,0.0
45,2.0194787979125977,1.0,7.620395626872778e-05,7.620395626872778e-05,20.0,0.0020345819648355246,0.04069163929671049,20.0,0.0029030877631157637,0.05806175526231527,10.0,0.001479043159633875,0.014790431596338749,0.0,8.363640517927706e-06,0.0,0.33016508254127064,0.002097310498356819,0.0006924586938046527,0.0,0.3381332457065582,0.0,500.0,0.0034835117403417826,1.7417558701708913,200.0,0.0008080985862761736,0.16161971725523472,0.022011005502751375,0.08135818690061569,0.0017907754995633268,0.0,0.0,0.0
46,1.8692346811294556,1.0,8.089722541626543e-05,8.089722541626543e-05,20.0,0.0021335245110094547,0.042670490220189095,20.0,0.002980437595397234,0.05960875190794468,10.0,0.0015160255134105682,0.015160255134105682,0.0,2.374248197156703e-06,0.0,0.33766883441720863,0.0012390569318085909,0.0004183909099403696,0.0,0.3376970887184143,0.0,500.0,0.0031727568712085485,1.5863784356042743,200.0,0.0008154403185471892,0.16308806370943785,0.022511255627813906,0.08126372843980789,0.0018293485641777663,0.0,0.0,0.0
47,1.7475286722183228,1.0,8.587471529608592e-05,8.587471529608592e-05,20.0,0.0022343448363244534,0.04468689672648907,20.0,0.0030556730926036835,0.06111346185207367,10.0,0.0015478049172088504,0.015478049172088504,0.0,2.5453747554138317e-08,0.0,0.34517258629314657,0.0021776631474494934,0.0007516696206804154,0.0,0.3373964726924896,0.0,500.0,0.0029154978692531586,1.4577489346265793,200.0,0.0008289763936772943,0.16579527873545885,0.02301150575287644,0.08119549602270126,0.0018684306238340462,0.0,0.0,0.0
48,1.6504693031311035,1.0,9.113784471992403e-05,9.113784471992403e-05,20.0,0.002336424309760332,0.04672848619520664,20.0,0.003127757227048278,0.06255514454096556,10.0,0.0015737776411697268,0.01573777641169727,0.0,1.5560656265733996e-06,0.0,0.35267633816908456,0.002976620104163885,0.001049783478456998,0.0,0.3368431329727173,0.0,500.0,0.002705925377085805,1.3529626885429025,200.0,0.0008471751352772117,0.16943502705544233,0.02351175587793897,0.08120441436767578,0.0019092583668237927,0.0,0.0,0.0
49,1.5745787620544434,1.0,9.667459380580112e-05,9.667459380580112e-05,20.0,0.002438765950500965,0.0487753190100193,20.0,0.003194760298356414,0.06389520596712828,10.0,0.0015934092225506902,0.015934092225506902,0.0,7.156523679441307e-06,0.0,0.3601800900450225,0.0032612276263535023,0.0011746292601173193,0.0,0.336200088262558,0.0,500.0,0.0025380095466971397,1.2690047733485699,200.0,0.00086873525287956,0.173747050575912,0.0240120060030015,0.08124858140945435,0.0019509414245391739,0.0,0.0,0.0
50,1.5148825645446777,1.0,0.00010247770114801824,0.00010247770114801824,20.0,0.0025400882586836815,0.05080176517367363,20.0,0.003254193812608719,0.06508387625217438,10.0,0.001606345409527421,0.01606345409527421,0.0,1.6949139535427094e-05,0.0,0.3676838419209605,0.0032917908392846584,0.0012103383025884062,0.0,0.335540771484375,0.0,500.0,0.0024021491408348083,1.2010745704174042,200.0,0.0008927630260586739,0.17855260521173477,0.02451225612806403,0.08132556825876236,0.0019934731589191373,0.0,0.0,0.0
51,1.4652283191680908,1.0,0.00010852922423509881,0.00010852922423509881,20.0,0.0026391218416392803,0.052782436832785606,20.0,0.0033039464615285397,0.0660789292305708,10.0,0.0016127941198647022,0.016127941198647022,0.0,3.0879520636517555e-05,0.0,0.3751875937968984,0.0032452596351504326,0.0012175811537582912,0.0,0.33480867743492126,0.0,500.0,0.0022864146158099174,1.1432073079049587,200.0,0.0009183429647237062,0.18366859294474125,0.02501250625312656,0.0814347118139267,0.002036886238467401,0.0,0.0,0.0
52,1.420641303062439,1.0,0.00011474099301267415,0.00011474099301267415,20.0,0.0027346117421984673,0.054692234843969345,20.0,0.0033420282416045666,0.06684056483209133,10.0,0.0016130749136209488,0.016130749136209488,0.0,4.876678212895058e-05,0.0,0.3826913456728364,0.0037144667003303766,0.0014214942600063723,0.0,0.3338926136493683,0.0,500.0,0.002181248040869832,1.090624020434916,200.0,0.0009436815162189305,0.1887363032437861,0.025512756378189096,0.08157365769147873,0.002081168855560488,0.0,0.0,0.0
53,1.377409815788269,1.0,0.00012105971109122038,0.00012105971109122038,20.0,0.002825880888849497,0.05651761777698994,20.0,0.0033674626611173153,0.0673492532223463,10.0,0.001608029706403613,0.01608029706403613,0.0,7.027426909189671e-05,0.0,0.3901950975487744,0.003942796960473061,0.0015384600446067972,0.0,0.3327780067920685,0.0,500.0,0.00207974249497056,1.03987124748528,200.0,0.0009690283332020044,0.1938056666404009,0.026013006503251626,0.08173715323209763,0.00212622909858383,0.0,0.0,0.0
54,1.3325018882751465,1.0,0.0001273968373425305,0.0001273968373425305,20.0,0.002912316471338272,0.05824632942676544,20.0,0.0033799258526414633,0.06759851705282927,10.0,0.0015983693301677704,0.015983693301677704,0.0,9.49366221902892e-05,0.0,0.39769884942471234,0.004142159596085548,0.0016473321054967537,0.0,0.33158132433891296,0.0,500.0,0.001976368948817253,0.9881844744086266,200.0,0.0009927102364599705,0.1985420472919941,0.026513256628314157,0.08192630857229233,0.0021721332437876404,0.0,0.0,0.0
55,1.2846465110778809,1.0,0.00013370228407438844,0.00013370228407438844,20.0,0.0029937434010207653,0.059874868020415306,20.0,0.003379730973392725,0.0675946194678545,10.0,0.0015845291782170534,0.015845291782170534,0.0,0.00012239230272825807,0.0,0.40520260130065033,0.003914186265319586,0.0015860384566827737,0.0,0.3304082155227661,0.0,500.0,0.0018700227374210954,0.9350113687105477,200.0,0.0010119094513356686,0.2023818902671337,0.027013506753376687,0.08213552087545395,0.0022187684478611872,0.0,0.0,0.0
56,1.2373361587524414,1.0,0.00013993166794534773,0.00013993166794534773,20.0,0.0030697144102305174,0.06139428820461035,20.0,0.0033671751152724028,0.06734350230544806,10.0,0.0015668711857870221,0.01566871185787022,0.0,0.00015203443763311952,0.0,0.41270635317658827,0.003971227444708347,0.0016389507963403634,0.0,0.3292018473148346,0.0,500.0,0.001765978755429387,0.8829893777146935,200.0,0.0010294755920767784,0.20589511841535568,0.02751375687843922,0.0823633223772049,0.002266124427586928,0.0,0.0,0.0
57,1.1914842128753662,1.0,0.0001459603081457317,0.0001459603081457317,20.0,0.0031402164604514837,0.06280432920902967,20.0,0.0033431469928473234,0.06686293985694647,10.0,0.001546021201647818,0.015460212016478181,0.0,0.00018308096332475543,0.0,0.42021010505252626,0.0042046308517456055,0.0017668283719191138,0.0,0.32809892296791077,0.0,500.0,0.001665858319029212,0.832929159514606,200.0,0.0010460031917318702,0.20920063834637403,0.02801400700350175,0.08260706067085266,0.0023141547761719606,0.0,0.0,0.0
58,1.146780252456665,1.0,0.00015180099580902606,0.00015180099580902606,20.0,0.0032054479233920574,0.06410895846784115,20.0,0.003308680607005954,0.06617361214011908,10.0,0.0015226489631459117,0.015226489631459117,0.0,0.0002147954364772886,0.0,0.42771385692846425,0.00429473165422678,0.0018369162403020995,0.0,0.3270999789237976,0.0,500.0,0.0015717303613200784,0.7858651806600392,200.0,0.0010552727617323399,0.21105455234646797,0.028514257128564282,0.08286324888467789,0.0023627839852059227,0.0,0.0,0.0
59,1.1058571338653564,1.0,0.00015744264237582684,0.00015744264237582684,20.0,0.0032653906382620335,0.06530781276524067,20.0,0.0032646232284605503,0.065292464569211,10.0,0.0014973973156884313,0.014973973156884313,0.0,0.000246385665377602,0.0,0.4352176088044022,0.0041474392637610435,0.0018050385990355717,0.0,0.32604140043258667,0.0,500.0,0.0014868383295834064,0.7434191647917032,200.0,0.0010624472051858902,0.21248944103717804,0.029014507253626812,0.0831231027841568,0.0024117758686748847,0.0,0.0,0.0
60,1.0707082748413086,1.0,0.0001629144826438278,0.0001629144826438278,20.0,0.0033207691740244627,0.06641538348048925,20.0,0.0032124891877174377,0.06424978375434875,10.0,0.0014707695227116346,0.014707695227116346,0.0,0.00027687937836162746,0.0,0.4427213606803402,0.004434026312083006,0.001963038162177819,0.0,0.3249766230583191,0.0,500.0,0.001416235463693738,0.708117731846869,200.0,0.0010631538461893797,0.21263076923787594,0.029514757378689346,0.08338109403848648,0.0024609727605156093,0.0,0.0,0.0
61,1.0435880422592163,1.0,0.0001682447036728263,0.0001682447036728263,20.0,0.0033713052980601788,0.06742610596120358,20.0,0.0031538240145891905,0.06307648029178381,10.0,0.0014436295023187995,0.014436295023187995,0.0,0.0003036542038898915,0.0,0.4502251125562781,0.004708159249275923,0.0021197315279381343,0.0,0.32396191358566284,0.0,500.0,0.0013646705774590373,0.6823352887295187,200.0,0.001057578600011766,0.2115157200023532,0.030015007503751877,0.08362925797700882,0.002510132805713121,0.0,0.0,0.0
62,1.023260235786438,1.0,0.00017352028226014227,0.00017352028226014227,20.0,0.003417737316340208,0.06835474632680416,20.0,0.003092584665864706,0.06185169331729412,10.0,0.0014172196388244629,0.014172196388244629,0.0,0.00032396946335211396,0.0,0.4577288644322161,0.004209700506180525,0.001926901432293737,0.0,0.3228229582309723,0.0,500.0,0.0013319877907633781,0.6659938953816891,200.0,0.0010411423863843083,0.20822847727686167,0.030515257628814407,0.08385232836008072,0.002558775402683804,0.0,0.0,0.0
63,1.0080020427703857,1.0,0.00017867330461740494,0.00017867330461740494,20.0,0.0034622352104634047,0.0692447042092681,20.0,0.0030361111275851727,0.06072222255170345,10.0,0.0013938149204477668,0.013938149204477668,0.0,0.0003375191881787032,0.0,0.4652326163081541,0.003508184105157852,0.001632121669733268,0.0,0.32169032096862793,0.0,500.0,0.001314032357186079,0.6570161785930395,200.0,0.0010133152827620506,0.20266305655241013,0.031015507753876938,0.08405203372240067,0.0026069165036462436,0.0,0.0,0.0
64,0.9938141107559204,1.0,0.00018370331963524222,0.00018370331963524222,20.0,0.0035059077199548483,0.07011815439909697,20.0,0.0029890849255025387,0.059781698510050774,10.0,0.0013750022044405341,0.013750022044405341,0.0,0.00034443038748577237,0.0,0.47273636818409204,0.0030394610948860645,0.001436863799233282,0.0,0.3206903636455536,0.0,500.0,0.001299896277487278,0.649948138743639,200.0,0.0009797054808586836,0.19594109617173672,0.03151575787893947,0.08422540873289108,0.002654427588880509,0.0,0.0,0.0
65,0.9782427549362183,1.0,0.00018863730656448752,0.00018863730656448752,20.0,0.0035501159727573395,0.07100231945514679,20.0,0.0029538851231336594,0.05907770246267319,10.0,0.0013610011665150523,0.013610011665150523,0.0,0.00034562216023914516,0.0,0.48024012006003003,0.002898095641285181,0.001391781798716245,0.0,0.319317489862442,0.0,500.0,0.0012825720477849245,0.6412860238924623,200.0,0.0009449243079870939,0.18898486159741879,0.032016008004002,0.08437571674585342,0.0027013736226786486,0.0,0.0,0.0
66,0.9591143131256104,1.0,0.00019354237883817405,0.00019354237883817405,20.0,0.0035955565981566906,0.07191113196313381,20.0,0.0029304935596883297,0.058609871193766594,10.0,0.0013518776977434754,0.013518776977434754,0.0,0.0003424439637456089,0.0,0.48774387193596797,0.0026542122941464186,0.0012945757812870226,0.0,0.3181014955043793,0.0,500.0,0.0012581194750964642,0.6290597375482321,200.0,0.000908894871827215,0.181778974365443,0.03251625812906453,0.08450234681367874,0.0027477001215053115,0.0,0.0,0.0
67,0.93797767162323,1.0,0.00019841392349917442,0.00019841392349917442,20.0,0.0036422517150640488,0.07284503430128098,20.0,0.0029174580704420805,0.05834916140884161,10.0,0.001347418176010251,0.01347418176010251,0.0,0.00033565290505066514,0.0,0.49524762381190596,0.002559015993028879,0.0012673465898442172,0.0,0.31684622168540955,0.0,500.0,0.0012280694209039211,0.6140347104519606,200.0,0.000875076453667134,0.1750152907334268,0.03301650825412707,0.08461109548807144,0.002793562932572644,0.0,0.0,0.0
68,0.9166556596755981,1.0,0.00020329690596554428,0.00020329690596554428,20.0,0.003689788281917572,0.07379576563835144,20.0,0.002913113683462143,0.05826227366924286,10.0,0.0013476154999807477,0.013476154999807477,0.0,0.0003247832355555147,0.0,0.5027513756878439,0.0030280526261776686,0.0015223576234660115,0.0,0.315679669380188,0.0,500.0,0.0011961134150624275,0.5980567075312138,200.0,0.0008424996631219983,0.16849993262439966,0.0335167583791896,0.08470820635557175,0.0028391444851542306,0.0,0.0,0.0
69,0.8974856734275818,1.0,0.00020817422773689032,0.00020817422773689032,20.0,0.0037384997121989727,0.07476999424397945,20.0,0.0029156662058085203,0.058313324116170406,10.0,0.0013520753709599376,0.013520753709599376,0.0,0.00031027215300127864,0.0,0.5102551275637819,0.0033885654993355274,0.0017290329211216797,0.0,0.314193457365036,0.0,500.0,0.001166995265521109,0.5834976327605546,200.0,0.0008128106710501015,0.1625621342100203,0.03401700850425213,0.08479934185743332,0.0028846199331192925,0.0,0.0,0.0
70,0.8828496336936951,1.0,0.00021299497166182846,0.00021299497166182846,20.0,0.0037870067171752453,0.0757401343435049,20.0,0.0029204804450273514,0.05840960890054703,10.0,0.0013599307276308537,0.013599307276308537,0.0,0.0002920010592788458,0.0,0.5177588794397199,0.0037644756957888603,0.0019490907179297002,0.0,0.31289687752723694,0.0,500.0,0.0011459244415163994,0.5729622207581997,200.0,0.0007852307753637433,0.15704615507274866,0.03451725862931466,0.08488918840885162,0.0029301420711409514,0.0,0.0,0.0
71,0.8729481101036072,1.0,0.00021772585751023144,0.00021772585751023144,20.0,0.0038322466425597668,0.07664493285119534,20.0,0.002920446451753378,0.05840892903506756,10.0,0.0013693415094166994,0.013693415094166994,0.0,0.00027056311955675483,0.0,0.5252626313156579,0.0039176796562969685,0.0020578107249183677,0.0,0.3117765784263611,0.0,500.0,0.0011336293537169695,0.5668146768584847,200.0,0.0007606691215187311,0.15213382430374622,0.03501750875437719,0.08500918745994568,0.002976809966081139,0.0,0.0,0.0
72,0.8658233880996704,1.0,0.00022229811293072999,0.00022229811293072999,20.0,0.0038725032936781645,0.07745006587356329,20.0,0.002910116221755743,0.05820232443511486,10.0,0.0013789962977170944,0.013789962977170944,0.0,0.0002472789492458105,0.0,0.5327663831915957,0.004090616479516029,0.0021793429468156935,0.0,0.3103877305984497,0.0,500.0,0.0011258111335337162,0.5629055667668581,200.0,0.0007402395713143051,0.148047914262861,0.03551775887943972,0.08519385010004044,0.0030258946258643676,0.0,0.0,0.0
73,0.8587192893028259,1.0,0.00022669178724754602,0.00022669178724754602,20.0,0.003906521946191788,0.07813043892383575,20.0,0.002887273207306862,0.05774546414613724,10.0,0.001387819298543036,0.01387819298543036,0.0,0.00022243446437641978,0.0,0.5402701350675337,0.004002489149570465,0.0021624253534447734,0.0,0.30929359793663025,0.0,500.0,0.0011176608968526125,0.5588304484263062,200.0,0.0007233505020849407,0.14467010041698813,0.03601800900450225,0.08538918197154999,0.0030755483251383685,0.0,0.0,0.0
74,0.850893497467041,1.0,0.00023100548423826694,0.00023100548423826694,20.0,0.003933965228497982,0.07867930456995964,20.0,0.0028518415056169033,0.057036830112338066,10.0,0.0013959138887003064,0.013959138887003064,0.0,0.0001967895368579775,0.0,0.5477738869434717,0.0040056644938886166,0.0021941984096088218,0.0,0.3085143268108368,0.0,500.0,0.001107207965105772,0.553603982552886,200.0,0.0007103163516148925,0.1420632703229785,0.03651825912956478,0.08559517562389374,0.0031257868036739583,0.0,0.0,0.0
75,0.8433195352554321,1.0,0.00023533643980044872,0.00023533643980044872,20.0,0.003956582862883806,0.07913165725767612,20.0,0.0028077191673219204,0.05615438334643841,10.0,0.0014035814674571157,0.014035814674571157,0.0,0.00017046433640643954,0.0,0.5552776388194097,0.0036878008395433426,0.002047753342617864,0.0,0.30753257870674133,0.0,500.0,0.001095945481210947,0.5479727406054735,200.0,0.0007028275867924094,0.14056551735848188,0.03701850925462731,0.08580349385738373,0.0031763174314389173,0.0,0.0,0.0
76,0.8371391296386719,1.0,0.0002397382922936231,0.0002397382922936231,20.0,0.003976002335548401,0.07952004671096802,20.0,0.0027611316181719303,0.055222632363438606,10.0,0.001411521341651678,0.01411521341651678,0.0,0.0001437282917322591,0.0,0.5627813906953477,0.0033569892402738333,0.0018892510731906267,0.0,0.30676159262657166,0.0,500.0,0.0010865938384085894,0.5432969192042947,200.0,0.0006981430342420936,0.1396286068484187,0.03751875937968985,0.08600371330976486,0.003226752625428897,0.0,0.0,0.0
77,0.8325121998786926,1.0,0.0002443239209242165,0.0002443239209242165,20.0,0.003994849510490894,0.07989699020981789,20.0,0.002718681236729026,0.05437362473458052,10.0,0.001420932705514133,0.01420932705514133,0.0,0.0001174009230453521,0.0,0.5702851425712856,0.0032043454702943563,0.0018273906133744703,0.0,0.306001216173172,0.0,500.0,0.0010799479205161333,0.5399739602580667,200.0,0.000693547772243619,0.1387095544487238,0.03801900950475238,0.08619330078363419,0.003276983921738969,0.0,0.0,0.0
78,0.828710675239563,1.0,0.00024904770543798804,0.00024904770543798804,20.0,0.00401542242616415,0.080308448523283,20.0,0.002684644190594554,0.05369288381189108,10.0,0.0014324350049719214,0.014324350049719214,0.0,9.244858665624633e-05,0.0,0.5777888944472236,0.0030116895213723183,0.0017401207589719998,0.0,0.30544114112854004,0.0,500.0,0.0010750957299023867,0.5375478649511933,200.0,0.0006876057595945895,0.1375211519189179,0.03851925962981491,0.08636575192213058,0.003326744821412734,0.0,0.0,0.0
79,0.82454913854599,1.0,0.0002539129345677793,0.0002539129345677793,20.0,0.004038965329527855,0.0807793065905571,20.0,0.002662361366674304,0.05324722733348608,10.0,0.001446917187422514,0.01446917187422514,0.0,6.964635394979268e-05,0.0,0.5852926463231616,0.0029517028015106916,0.0017276099438556824,0.0,0.30497902631759644,0.0,500.0,0.001069476013071835,0.5347380065359175,200.0,0.0006797898677177727,0.13595797354355454,0.03901950975487744,0.0865197703242302,0.0033759590221560556,0.0,0.0,0.0
80,0.819402813911438,1.0,0.0002588586648926139,0.0002588586648926139,20.0,0.004066027235239744,0.08132054470479488,20.0,0.002652169205248356,0.05304338410496712,10.0,0.0014643868198618293,0.014643868198618293,0.0,4.960591468261555e-05,0.0,0.5927963981990996,0.002893756842240691,0.0017154086333442818,0.0,0.3045218586921692,0.0,500.0,0.001061924733221531,0.5309623666107655,200.0,0.0006701697129756212,0.13403394259512424,0.03951975987993997,0.08665350079536438,0.0034245255441889876,0.0,0.0,0.0
81,0.8137343525886536,1.0,0.00026370235718786716,0.00026370235718786716,20.0,0.004095966927707195,0.0819193385541439,20.0,0.002652263967320323,0.05304527934640646,10.0,0.001484437845647335,0.01484437845647335,0.0,3.2787367672426626e-05,0.0,0.6003001500750376,0.0030372370965778828,0.0018232538848891745,0.0,0.30416402220726013,0.0,500.0,0.0010531162843108177,0.5265581421554089,200.0,0.0006590398261323571,0.13180796522647142,0.0400200100050025,0.08676352351903915,0.003472277079301217,0.0,0.0,0.0
82,0.808010458946228,1.0,0.0002681690966710448,0.0002681690966710448,20.0,0.004127113148570061,0.08254226297140121,20.0,0.002657560398802161,0.053151207976043224,10.0,0.001506187953054905,0.01506187953054905,0.0,1.9550938304746523e-05,0.0,0.6078039019509754,0.002978879027068615,0.0018105742960922296,0.0,0.3038610816001892,0.0,500.0,0.0010440743062645197,0.5220371531322598,200.0,0.0006480992888100445,0.1296198577620089,0.04052026013006503,0.08685383945703506,0.003519340168093967,0.0,0.0,0.0
83,0.8029764890670776,1.0,0.0002722216013353318,0.0002722216013353318,20.0,0.004157958086580038,0.08315916173160076,20.0,0.0026640198193490505,0.05328039638698101,10.0,0.0015287190908566117,0.015287190908566117,0.0,9.817172212933656e-06,0.0,0.6153076538269134,0.0028983731754124165,0.001783391198477875,0.0,0.3035051226615906,0.0,500.0,0.0010361239546909928,0.5180619773454964,200.0,0.0006378325633704662,0.12756651267409325,0.04102051025512756,0.08692306280136108,0.0035656283890503292,0.0,0.0,0.0
84,0.7987324595451355,1.0,0.000275857892120257,0.000275857892120257,20.0,0.004186022095382214,0.08372044190764427,20.0,0.0026675518602132797,0.053351037204265594,10.0,0.0015514141414314508,0.015514141414314508,0.0,3.470540377747966e-06,0.0,0.6228114057028514,0.0026198483537882566,0.0016316714359511653,0.0,0.3033067286014557,0.0,500.0,0.0010298240231350064,0.5149120115675032,200.0,0.0006285802810452878,0.12571605620905757,0.0415207603801901,0.08697447180747986,0.00361124620311197,0.0,0.0,0.0
85,0.7951629757881165,1.0,0.00027904019225388765,0.00027904019225388765,20.0,0.0042094276286661625,0.08418855257332325,20.0,0.002663940889760852,0.05327881779521704,10.0,0.0015736198984086514,0.015736198984086514,0.0,3.864778364004451e-07,0.0,0.6303151575787894,0.002611112780869007,0.0016458239639294393,0.0,0.3030967712402344,0.0,500.0,0.0010245968587696552,0.5122984293848276,200.0,0.0006203991360962391,0.12407982721924782,0.04202101050525263,0.0870123952627182,0.0036563487754218754,0.0,0.0,0.0
86,0.7917526364326477,1.0,0.00028188491705805063,0.00028188491705805063,20.0,0.0042275236919522285,0.08455047383904457,20.0,0.002651610877364874,0.05303221754729748,10.0,0.0015948786167427897,0.015948786167427897,0.0,3.510894543978793e-07,0.0,0.6378189094547274,0.002646094188094139,0.001687728909364696,0.0,0.3030169606208801,0.0,500.0,0.0010197265073657036,0.5098632536828518,200.0,0.0006134352879598737,0.12268705759197474,0.04252126063031516,0.08704330027103424,0.0037011908569474293,0.0,0.0,0.0
87,0.788244903087616,1.0,0.00028446613578125834,0.00028446613578125834,20.0,0.004239844158291817,0.08479688316583633,20.0,0.0026304989587515593,0.052609979175031185,10.0,0.001615059794858098,0.01615059794858098,0.0,3.1981167012418155e-06,0.0,0.6453226613306653,0.002527364296838641,0.0016309654541880176,0.0,0.30297935009002686,0.0,500.0,0.0010150645393878222,0.5075322696939111,200.0,0.000607469177339226,0.1214938354678452,0.04302151075537769,0.08707104623317719,0.0037459279520026204,0.0,0.0,0.0
88,0.7847856879234314,1.0,0.0002869046002160758,0.0002869046002160758,20.0,0.0042467908933758736,0.08493581786751747,20.0,0.0026018235366791487,0.052036470733582973,10.0,0.0016343629686161876,0.016343629686161876,0.0,8.852736755216029e-06,0.0,0.6528264132066033,0.0025188967119902372,0.001644402305726493,0.0,0.303036630153656,0.0,500.0,0.0010107058333232999,0.5053529166616499,200.0,0.0006019741995260119,0.12039483990520239,0.04352176088044022,0.0870993509888649,0.0037907171265789126,0.0,0.0,0.0
89,0.7811315059661865,1.0,0.0002892441116273403,0.0002892441116273403,20.0,0.004248240031301975,0.0849648006260395,20.0,0.002568171825259924,0.05136343650519848,10.0,0.0016533973393961787,0.016533973393961787,0.0,1.7396241673850454e-05,0.0,0.6603301650825413,0.002449078019708395,0.0016172000930540678,0.0,0.30304035544395447,0.0,500.0,0.0010068611009046435,0.5034305504523218,200.0,0.0005954868975095451,0.11909737950190902,0.04402201100550275,0.08711490780115128,0.003834973429965639,0.0,0.0,0.0
90,0.7776878476142883,1.0,0.0002915053628385067,0.0002915053628385067,20.0,0.004245622083544731,0.08491244167089462,20.0,0.0025323107838630676,0.05064621567726135,10.0,0.0016725346213206649,0.01672534621320665,0.0,2.893125383707229e-05,0.0,0.6678339169584793,0.0023836027830839157,0.0015918507831000639,0.0,0.3031294345855713,0.0,500.0,0.0010035514133051038,0.5017757066525519,200.0,0.0005893317284062505,0.1178663456812501,0.04452226113056528,0.08711366355419159,0.0038784972767999257,0.0,0.0,0.0
91,0.7745941281318665,1.0,0.00029361958149820566,0.00029361958149820566,20.0,0.004240774549543858,0.08481549099087715,20.0,0.0024963512551039457,0.049927025102078915,10.0,0.0016924766823649406,0.016924766823649406,0.0,4.3490439566085115e-05,0.0,0.6753376688344173,0.002342616207897663,0.0015820569688153303,0.0,0.30338630080223083,0.0,500.0,0.0010006389347836375,0.5003194673918188,200.0,0.0005840525845997036,0.11681051691994071,0.04502251125562781,0.08709267526865005,0.003921130952565535,0.0,0.0,0.0
92,0.7717730402946472,1.0,0.000295383099000901,0.000295383099000901,20.0,0.004235500004142523,0.08471000008285046,20.0,0.0024612238630652428,0.049224477261304855,10.0,0.0017135849921032786,0.017135849921032786,0.0,6.0779042541980743e-05,0.0,0.6828414207103551,0.0024640781339257956,0.001682574613711211,0.0,0.3034864366054535,0.0,500.0,0.0009976462461054325,0.49882312305271626,200.0,0.0005796927725896239,0.11593855451792479,0.04552276138069034,0.08705607056617737,0.003963032727124632,0.0,0.0,0.0
93,0.7690660953521729,1.0,0.00029666643240489066,0.00029666643240489066,20.0,0.004230955149978399,0.08461910299956799,20.0,0.002425884362310171,0.04851768724620342,10.0,0.0017356786411255598,0.017356786411255598,0.0,8.04704541224055e-05,0.0,0.6903451725862931,0.002550358884036541,0.0017606279439571918,0.0,0.3036355972290039,0.0,500.0,0.000994147383607924,0.497073691803962,200.0,0.0005771850701421499,0.11543701402842999,0.04602301150575288,0.08701043576002121,0.004004482286104028,0.0,0.0,0.0
94,0.7661119699478149,1.0,0.00029743503546342254,0.00029743503546342254,20.0,0.004228273406624794,0.08456546813249588,20.0,0.002389522735029459,0.04779045470058918,10.0,0.0017586620524525642,0.017586620524525642,0.0,0.00010223392746411264,0.0,0.6978489244622311,0.002625891473144293,0.0018324755402882884,0.0,0.3038332462310791,0.0,500.0,0.000989996362477541,0.4949981812387705,200.0,0.000574978650547564,0.1149957301095128,0.04652326163081541,0.08695895969867706,0.004045614433205086,0.0,0.0,0.0
95,0.7627778649330139,1.0,0.00029777895542792976,0.00029777895542792976,20.0,0.004225952550768852,0.08451905101537704,20.0,0.0023526425939053297,0.047052851878106594,10.0,0.0017825025133788586,0.017825025133788586,0.0,0.00012624223018065095,0.0,0.7053526763381691,0.002618282102048397,0.0018468122880881642,0.0,0.3039337992668152,0.0,500.0,0.000985601800493896,0.492800900246948,200.0,0.0005717452731914818,0.11434905463829637,0.04702351175587794,0.08690013736486435,0.004086349630964107,0.0,0.0,0.0
96,0.7596321702003479,1.0,0.00029777950840070844,0.00029777950840070844,20.0,0.004223880358040333,0.08447760716080666,20.0,0.0023142441641539335,0.04628488328307867,10.0,0.001806863583624363,0.01806863583624363,0.0,0.00015230150893330574,0.0,0.7128564282141071,0.002414580900222063,0.0017212495161663033,0.0,0.30405089259147644,0.0,500.0,0.0009815102675929666,0.4907551337964833,200.0,0.0005694999708794057,0.11389999417588115,0.04752376188094047,0.08683742582798004,0.004126841147402753,0.0,0.0,0.0
97,0.7568737864494324,1.0,0.00029755450668744743,0.00029755450668744743,20.0,0.0042219944298267365,0.08443988859653473,20.0,0.00227371440269053,0.045474288053810596,10.0,0.0018312549218535423,0.018312549218535423,0.0,0.0001804928615456447,0.0,0.720360180090045,0.0024708276614546776,0.0017798858591769563,0.0,0.30418291687965393,0.0,500.0,0.0009780084947124124,0.4890042473562062,200.0,0.0005669898819178343,0.11339797638356686,0.048024012006003,0.08677782863378525,0.004167419484163774,0.0,0.0,0.0
98,0.7540861368179321,1.0,0.00029731844551861286,0.00029731844551861286,20.0,0.004218713846057653,0.08437427692115307,20.0,0.0022302265278995037,0.044604530557990074,10.0,0.0018552360124886036,0.018552360124886036,0.0,0.0002113387017743662,0.0,0.727863931965983,0.0022889229003340006,0.0016660244222040873,0.0,0.30426934361457825,0.0,500.0,0.0009749499149620533,0.48747495748102665,200.0,0.0005645438213832676,0.11290876427665353,0.04852426213106553,0.08671760559082031,0.004207907825067319,0.0,0.0,0.0
99,0.7514617443084717,1.0,0.00029712356626987457,0.00029712356626987457,20.0,0.004213669337332249,0.08427338674664497,20.0,0.0021842587739229202,0.043685175478458405,10.0,0.0018784799613058567,0.018784799613058567,0.0,0.00024512538220733404,0.0,0.735367683841921,0.0022589925210922956,0.0016611900980518632,0.0,0.30445724725723267,0.0,500.0,0.0009720602538436651,0.48603012692183256,200.0,0.0005624074256047606,0.11248148512095213,0.04902451225612806,0.08665953576564789,0.0042484414732533735,0.0,0.0,0.0
100,0.7487916946411133,1.0,0.0002970508940052241,0.0002970508940052241,20.0,0.004206703510135412,0.08413407020270824,20.0,0.0021374481730163097,0.042748963460326195,10.0,0.001900756498798728,0.01900756498798728,0.0,0.00028230989119037986,0.0,0.742871435717859,0.002243795432150364,0.0016668515341387146,0.0,0.30474594235420227,0.0,500.0,0.0009691494051367044,0.4845747025683522,200.0,0.0005603660247288644,0.11207320494577289,0.04952476238119059,0.08660818636417389,0.004289249849951583,0.0,0.0,0.0
101,0.7459105849266052,1.0,0.00029712991090491414,0.00029712991090491414,20.0,0.0041982452385127544,0.08396490477025509,20.0,0.0020902822725474834,0.04180564545094967,10.0,0.0019220028771087527,0.019220028771087527,0.0,0.0003231177106499672,0.0,0.7503751875937968,0.0022041010670363903,0.0016539027516531191,0.0,0.30501511693000793,0.0,500.0,0.0009661661460995674,0.4830830730497837,200.0,0.0005577786359935999,0.11155572719871998,0.05002501250625312,0.0865609273314476,0.004330211472308534,0.0,0.0,0.0
102,0.7433090806007385,1.0,0.0002972529036924243,0.0002972529036924243,20.0,0.004189285449683666,0.08378570899367332,20.0,0.002043486572802067,0.040869731456041336,10.0,0.0019423984922468662,0.019423984922468662,0.0,0.00036719170748256147,0.0,0.7578789394697348,0.002321212785318494,0.0017591982840207694,0.0,0.3052610456943512,0.0,500.0,0.000963328406214714,0.481664203107357,200.0,0.0005556844989769161,0.11113689979538321,0.05052526263131566,0.08653206378221512,0.004372055248626177,0.0,0.0,0.0
103,0.7409881949424744,1.0,0.0002973774680867791,0.0002973774680867791,20.0,0.00418060552328825,0.083612110465765,20.0,0.001997695304453373,0.03995390608906746,10.0,0.0019621087703853846,0.019621087703853846,0.0,0.0004140040255151689,0.0,0.7653826913456728,0.0025080647319555283,0.0019196293346132858,0.0,0.3055068850517273,0.0,500.0,0.0009607232641428709,0.48036163207143545,200.0,0.0005540287238545716,0.11080574477091432,0.05102551275637819,0.08655887097120285,0.004416710774918805,0.0,0.0,0.0
104,0.7388129830360413,1.0,0.0002973509253934026,0.0002973509253934026,20.0,0.0041735973209142685,0.08347194641828537,20.0,0.001953620696440339,0.03907241392880678,10.0,0.0019813068211078644,0.019813068211078644,0.0,0.00046269738231785595,0.0,0.7728864432216108,0.0025777367409318686,0.0019922977812604986,0.0,0.3057825565338135,0.0,500.0,0.0009582595084793866,0.4791297542396933,200.0,0.0005528751644305885,0.1105750328861177,0.05152576288144072,0.08658051490783691,0.004461127081294249,0.0,0.0,0.0
105,0.7365752458572388,1.0,0.00029711940442211926,0.00029711940442211926,20.0,0.004168502986431122,0.08337005972862244,20.0,0.0019110593711957335,0.03822118742391467,10.0,0.0020000911317765713,0.020000911317765713,0.0,0.0005127664189785719,0.0,0.7803901950975488,0.0025219200178980827,0.0019680816547878984,0.0,0.30605629086494446,0.0,500.0,0.0009557303274050355,0.47786516370251775,200.0,0.0005517377285286784,0.11034754570573568,0.05202601300650325,0.08659463375806808,0.004505173542190636,0.0,0.0,0.0
106,0.7343859076499939,1.0,0.000296742538921535,0.000296742538921535,20.0,0.0041657378897070885,0.08331475779414177,20.0,0.0018700293730944395,0.03740058746188879,10.0,0.002018627943471074,0.02018627943471074,0.0,0.0005640501622110605,0.0,0.7878939469734867,0.0024709489662200212,0.0019468457337651491,0.0,0.3063834607601166,0.0,500.0,0.000953029259108007,0.4765146295540035,200.0,0.000550885102711618,0.11017702054232359,0.05252626313156578,0.08660444617271423,0.004549007928031513,0.0,0.0,0.0
107,0.7321725487709045,1.0,0.0002963263541460037,0.0002963263541460037,20.0,0.004165356978774071,0.08330713957548141,20.0,0.0018302369862794876,0.03660473972558975,10.0,0.0020367491524666548,0.020367491524666548,0.0,0.0006163740763440728,0.0,0.7953976988494247,0.002420866396278143,0.0019255515608215343,0.0,0.30660897493362427,0.0,500.0,0.0009501983295194805,0.47509916475974023,200.0,0.0005498960381373763,0.10997920762747526,0.05302651325662831,0.08661545813083649,0.004592915738803736,0.0,0.0,0.0
108,0.7301153540611267,1.0,0.0002959798730444163,0.0002959798730444163,20.0,0.004167081322520971,0.08334162645041943,20.0,0.0017915831413120031,0.03583166282624006,10.0,0.002054676879197359,0.02054676879197359,0.0,0.0006698793731629848,0.0,0.8029014507253627,0.0024571495596319437,0.001972848946077674,0.0,0.3068768382072449,0.0,500.0,0.0009472630335949361,0.47363151679746807,200.0,0.0005492799100466073,0.10985598200932145,0.053526763381690844,0.08666633814573288,0.004638968575084251,0.0,0.0,0.0
109,0.7280845046043396,1.0,0.0002957624092232436,0.0002957624092232436,20.0,0.004171415232121944,0.08342830464243889,20.0,0.0017539539840072393,0.03507907968014479,10.0,0.002072314266115427,0.02072314266115427,0.0,0.0007245572633109987,0.0,0.8104052026013007,0.002426960039883852,0.001966821042827334,0.0,0.30709490180015564,0.0,500.0,0.0009442338487133384,0.4721169243566692,200.0,0.0005489461473189294,0.10978922946378589,0.054027013506753374,0.08671993762254715,0.004685219241238165,0.0,0.0,0.0
110,0.7260520458221436,1.0,0.00029570504557341337,0.00029570504557341337,20.0,0.0041778432205319405,0.08355686441063881,20.0,0.0017175455577671528,0.034350911155343056,10.0,0.0020896336063742638,0.020896336063742638,0.0,0.0007805032655596733,0.0,0.8179089544772387,0.002405277919024229,0.0019672983479762955,0.0,0.30735349655151367,0.0,500.0,0.0009411469800397754,0.4705734900198877,200.0,0.0005483990535140038,0.10967981070280075,0.054527263631815905,0.08677595853805542,0.004731655568108074,0.0,0.0,0.0
111,0.7239292860031128,1.0,0.0002957760007120669,0.0002957760007120669,20.0,0.004185037221759558,0.08370074443519115,20.0,0.001681826775893569,0.03363653551787138,10.0,0.0021066409535706043,0.021066409535706043,0.0,0.0008378681959584355,0.0,0.8254127063531765,0.0022724010050296783,0.001875668663481225,0.0,0.3075992465019226,0.0,500.0,0.0009380866540595889,0.46904332702979445,200.0,0.0005476637743413448,0.10953275486826897,0.05502751375687844,0.08683105558156967,0.004778097105539102,0.0,0.0,0.0
112,0.7218998074531555,1.0,0.0002959371486213058,0.0002959371486213058,20.0,0.004191748797893524,0.08383497595787048,20.0,0.0016467687673866749,0.0329353753477335,10.0,0.002123488811776042,0.02123488811776042,0.0,0.0008968901820480824,0.0,0.8329164582291145,0.0022186976857483387,0.0018479898182946393,0.0,0.30781105160713196,0.0,500.0,0.0009351024636998773,0.46755123184993863,200.0,0.0005468752351589501,0.10937504703179002,0.05552776388194097,0.08688140660524368,0.004824330231706878,0.0,0.0,0.0
113,0.7199233174324036,1.0,0.00029614241793751717,0.00029614241793751717,20.0,0.004197318106889725,0.0839463621377945,20.0,0.0016114842146635056,0.03222968429327011,10.0,0.002140077529475093,0.02140077529475093,0.0,0.0009577333694323897,0.0,0.8404202101050525,0.0021713750902563334,0.001824867509570105,0.0,0.308024138212204,0.0,500.0,0.0009322052355855703,0.46610261779278517,200.0,0.0005462634726427495,0.10925269452854991,0.0560280140070035,0.08692415058612823,0.004870187526586475,0.0,0.0,0.0
114,0.7180920243263245,1.0,0.00029629780328832567,0.00029629780328832567,20.0,0.004201565403491259,0.08403130806982517,20.0,0.0015755221247673035,0.03151044249534607,10.0,0.0021563968621194363,0.021563968621194363,0.0,0.0010201294207945466,0.0,0.8479239619809905,0.002227718709036708,0.0018889360739455829,0.0,0.30824413895606995,0.0,500.0,0.0009294213377870619,0.46471066889353096,200.0,0.0005458727828226984,0.10917455656453967,0.05652826413206603,0.08696247637271881,0.0049158378339756005,0.0,0.0,0.0
115,0.7162404656410217,1.0,0.0002963703591376543,0.0002963703591376543,20.0,0.00420451071113348,0.0840902142226696,20.0,0.0015393042704090476,0.030786085408180952,10.0,0.0021725327242165804,0.021725327242165804,0.0,0.0010841062758117914,0.0,0.8554277138569285,0.002257345709949732,0.0019309960800470442,0.0,0.308382511138916,0.0,500.0,0.0009267459390684962,0.4633729695342481,200.0,0.0005453866324387491,0.10907732648774981,0.057028514257128564,0.08699493110179901,0.004961191668636862,0.0,0.0,0.0
116,0.7144600749015808,1.0,0.0002963631122838706,0.0002963631122838706,20.0,0.004206482321023941,0.08412964642047882,20.0,0.001502971863374114,0.03005943726748228,10.0,0.002188578015193343,0.02188578015193343,0.0,0.0011493244674056768,0.0,0.8629314657328664,0.002295210026204586,0.001980608952077494,0.0,0.3085270822048187,0.0,500.0,0.0009241905063390732,0.4620952531695366,200.0,0.0005450331373140216,0.10900662746280432,0.057528764382191094,0.08702333271503448,0.005006344803516241,0.0,0.0,0.0
117,0.7127675414085388,1.0,0.00029633627855218947,0.00029633627855218947,20.0,0.004208325874060392,0.08416651748120785,20.0,0.001466851681470871,0.02933703362941742,10.0,0.0022045753430575132,0.022045753430575132,0.0,0.0012155816657468677,0.0,0.8704352176088044,0.002334881341084838,0.002032362948217918,0.0,0.30864226818084717,0.0,500.0,0.0009217411861754954,0.4608705930877477,200.0,0.0005448373267427087,0.10896746534854174,0.058029014507253625,0.0870499461889267,0.005051422590252875,0.0,0.0,0.0
118,0.7112858295440674,1.0,0.00029631052166223526,0.00029631052166223526,20.0,0.004211191087961197,0.08422382175922394,20.0,0.0014317685272544622,0.028635370545089245,10.0,0.002220774535089731,0.022207745350897312,0.0,0.0012827033642679453,0.0,0.8779389694847424,0.0025364996399730444,0.0022268918800163544,0.0,0.30878138542175293,0.0,500.0,0.0009193152072839439,0.45965760364197195,200.0,0.0005447081639431417,0.10894163278862834,0.058529264632316155,0.08707600086927414,0.0050964942980015375,0.0,0.0,0.0
119,0.70966637134552,1.0,0.0002963293227367103,0.0002963293227367103,20.0,0.0042158132418990135,0.08431626483798027,20.0,0.0013984011020511389,0.027968022041022778,10.0,0.0022374175023287535,0.022374175023287535,0.0,0.001350731123238802,0.0,0.8854427213606804,0.002585585694760084,0.0022893880338796142,0.0,0.3089405298233032,0.0,500.0,0.0009167504613287747,0.45837523066438735,200.0,0.0005445264978334308,0.10890529956668615,0.05902951475737869,0.087102010846138,0.005141589434639462,0.0,0.0,0.0
120,0.7079746127128601,1.0,0.0002963572333101183,0.0002963572333101183,20.0,0.0042216288857162,0.084432577714324,20.0,0.001366673968732357,0.02733347937464714,10.0,0.0022547096014022827,0.022547096014022827,0.0,0.0014196066185832024,0.0,0.8929464732366184,0.002599862636998296,0.002321538172607283,0.0,0.3090027868747711,0.0,500.0,0.0009140258189290762,0.4570129094645381,200.0,0.0005442194524221122,0.10884389048442245,0.05952976488244122,0.08712829649448395,0.0051867270049242575,0.0,0.0,0.0
121,0.706129252910614,1.0,0.00029639879358001053,0.00029639879358001053,20.0,0.0042283604852855206,0.08456720970571041,20.0,0.0013360487064346671,0.026720974128693342,10.0,0.002272473182529211,0.02272473182529211,0.0,0.0014892987674102187,0.0,0.9004502251125562,0.0024459711275994778,0.002202475252465763,0.0,0.3091486394405365,0.0,500.0,0.0009112238185480237,0.45561190927401185,200.0,0.0005438682273961604,0.10877364547923207,0.060030015007503754,0.08715449273586273,0.005231885506905217,0.0,0.0,0.0
122,0.7043828964233398,1.0,0.0002964356681331992,0.0002964356681331992,20.0,0.004235529340803623,0.08471058681607246,20.0,0.0013053457951173186,0.026106915902346373,10.0,0.002290577394887805,0.02290577394887805,0.0,0.0015591320116072893,0.0,0.9079539769884942,0.0023848298005759716,0.002165315701873631,0.0,0.3092595934867859,0.0,500.0,0.0009084799094125628,0.4542399547062814,200.0,0.0005434040213003755,0.10868080426007509,0.060530265132566284,0.087180957198143,0.005277086453714509,0.0,0.0,0.0
123,0.7027013897895813,1.0,0.00029650708893314004,0.00029650708893314004,20.0,0.0042433603666722775,0.08486720733344555,20.0,0.0012743108673021197,0.025486217346042395,10.0,0.002308714436367154,0.02308714436367154,0.0,0.0016286412719637156,0.0,0.9154577288644322,0.002351942006498575,0.0021531034876900415,0.0,0.3093031942844391,0.0,500.0,0.0009058256400749087,0.45291282003745437,200.0,0.0005428808508440852,0.10857617016881704,0.061030515257628815,0.08720620721578598,0.005322239760042966,0.0,0.0,0.0
124,0.7010564208030701,1.0,0.0002966133179143071,0.0002966133179143071,20.0,0.004251397680491209,0.08502795360982418,20.0,0.001242661033757031,0.02485322067514062,10.0,0.0023267106153070927,0.023267106153070927,0.0,0.0016977878985926509,0.0,0.9229614807403702,0.0022950083948671818,0.0021182043464381944,0.0,0.30937033891677856,0.0,500.0,0.0009032603702507913,0.45163018512539566,200.0,0.0005424795090220869,0.10849590180441737,0.061530765382691345,0.08722901344299316,0.005367267960724442,0.0,0.0,0.0
125,0.6995612382888794,1.0,0.00029674978577531874,0.00029674978577531874,20.0,0.004258928820490837,0.08517857640981674,20.0,0.0012108825612813234,0.02421765122562647,10.0,0.002344767563045025,0.02344767563045025,0.0,0.0017675296403467655,0.0,0.9304652326163082,0.002383447252213955,0.002217714801959958,0.0,0.30946648120880127,0.0,500.0,0.0009007626213133335,0.45038131065666676,200.0,0.0005420473171398044,0.10840946342796087,0.062031015507753876,0.08724819123744965,0.005412093903673715,0.0,0.0,0.0
126,0.6981343626976013,1.0,0.00029696390265598893,0.00029696390265598893,20.0,0.004266112577170134,0.08532225154340267,20.0,0.0011794738238677382,0.023589476477354765,10.0,0.002363053150475025,0.023630531504750252,0.0,0.0018381269183009863,0.0,0.9379689844922461,0.0025104163214564323,0.0023546926476892497,0.0,0.30949848890304565,0.0,500.0,0.0008982860017567873,0.44914300087839365,200.0,0.0005417040665633976,0.10834081331267953,0.06253126563281641,0.0872621089220047,0.005456610112681635,0.0,0.0,0.0
127,0.6966312527656555,1.0,0.00029725124477408826,0.00029725124477408826,20.0,0.004273200407624245,0.0854640081524849,20.0,0.0011492969933897257,0.022985939867794514,10.0,0.0023815662134438753,0.023815662134438753,0.0,0.0019102160586044192,0.0,0.9454727363681841,0.0025153395254164934,0.0023781849439905817,0.0,0.30961546301841736,0.0,500.0,0.0008957725949585438,0.4478862974792719,200.0,0.0005415159976109862,0.10830319952219725,0.06303151575787894,0.08726928383111954,0.0055007152389800204,0.0,0.0,0.0
128,0.6950875520706177,1.0,0.0002975780516862869,0.0002975780516862869,20.0,0.004280393011868,0.08560786023736,20.0,0.0011205327464267612,0.022410654928535223,10.0,0.0024002469144761562,0.024002469144761562,0.0,0.001983780413866043,0.0,0.9529764882441221,0.0024900047574192286,0.0023729159894365333,0.0,0.30966854095458984,0.0,500.0,0.0008932235650718212,0.4466117825359106,200.0,0.0005411996971815825,0.10823993943631649,0.06353176588294147,0.08726896345615387,0.005544351355143343,0.0,0.0,0.0
129,0.6935626864433289,1.0,0.0002979038981720805,0.0002979038981720805,20.0,0.0042879581451416016,0.08575916290283203,20.0,0.0010926676914095879,0.021853353828191757,10.0,0.0024192538112401962,0.024192538112401962,0.0,0.002058228710666299,0.0,0.9604802401200601,0.0024662278592586517,0.0023687631264515314,0.0,0.3097775876522064,0.0,500.0,0.0008906733710318804,0.4453366855159402,200.0,0.0005408335127867758,0.10816670255735517,0.064032016008004,0.08726195245981216,0.005587558736796376,0.0,0.0,0.0
130,0.6920915246009827,1.0,0.00029821181669831276,0.00029821181669831276,20.0,0.0042956131510436535,0.08591226302087307,20.0,0.0010656103258952498,0.021312206517904997,10.0,0.002438392024487257,0.02438392024487257,0.0,0.0021329571027308702,0.0,0.967983991995998,0.0025124424137175083,0.0024320040372903346,0.0,0.30988338589668274,0.0,500.0,0.0008881420362740755,0.44407101813703775,200.0,0.000540256907697767,0.1080513815395534,0.06453226613306653,0.08725214004516602,0.0056305783220742455,0.0,0.0,0.0
131,0.6905750632286072,1.0,0.0002984915627166629,0.0002984915627166629,20.0,0.004303545691072941,0.08607091382145882,20.0,0.001039039809256792,0.02078079618513584,10.0,0.0024576629512012005,0.024576629512012005,0.0,0.002207449870184064,0.0,0.9754877438719359,0.00247370358556509,0.0024130675296908082,0.0,0.30995675921440125,0.0,500.0,0.0008856359054334462,0.4428179527167231,200.0,0.000539718777872622,0.1079437555745244,0.06503251625812906,0.08724018186330795,0.00567344854538771,0.0,0.0,0.0
132,0.6891619563102722,1.0,0.0002987117040902376,0.0002987117040902376,20.0,0.004311855882406235,0.0862371176481247,20.0,0.0010129055008292198,0.020258110016584396,10.0,0.002476978115737438,0.024769781157374382,0.0,0.002281720284372568,0.0,0.9829914957478739,0.0025038879830390215,0.002461300593632655,0.0,0.3100580871105194,0.0,500.0,0.0008831445593386889,0.4415722796693444,200.0,0.0005392426974140108,0.10784853948280215,0.0655327663831916,0.08722615242004395,0.005716171069047402,0.0,0.0,0.0
133,0.6877047419548035,1.0,0.0002988759079016745,0.0002988759079016745,20.0,0.004320488311350346,0.08640976622700691,20.0,0.000987395877018571,0.019747917540371418,10.0,0.0024963458999991417,0.024963458999991417,0.0,0.0023562577553093433,0.0,0.9904952476238119,0.0024572957772761583,0.002433939789398096,0.0,0.3101595342159271,0.0,500.0,0.0008806707337498665,0.44033536687493324,200.0,0.0005387836135923862,0.10775672271847725,0.06603301650825413,0.08720973879098892,0.005758722121265903,0.0,0.0,0.0
134,0.6863030195236206,1.0,0.00029899776563979685,0.00029899776563979685,20.0,0.004329521209001541,0.08659042418003082,20.0,0.0009630968561396003,0.019261937122792006,10.0,0.002516021952033043,0.02516021952033043,0.0,0.0024318466894328594,0.0,0.9979989994997499,0.002442377619445324,0.002437490420607014,0.0,0.3102310597896576,0.0,500.0,0.000878176128026098,0.439088064013049,200.0,0.0005383241223171353,0.10766482446342707,0.06653326663331666,0.08719076961278915,0.005801086722611784,0.0,0.0,0.0
135,0.6848978400230408,1.0,0.0002991090004798025,0.0002991090004798025,20.0,0.004338707774877548,0.08677415549755096,20.0,0.0009400000562891364,0.018800001125782728,10.0,0.0025360132567584515,0.025360132567584515,0.0,0.002508713398128748,0.0,1.0055027513756878,0.002383581129834056,0.0023966973841753137,0.0,0.3102421760559082,0.0,500.0,0.000875684549100697,0.4378422745503485,200.0,0.000537910673301667,0.1075821346603334,0.0670335167583792,0.0871691182255745,0.005843252547387185,0.0,0.0,0.0
136,0.683592677116394,1.0,0.00029923126567155123,0.00029923126567155123,20.0,0.004348094575107098,0.08696189150214195,20.0,0.0009178965119645,0.01835793023929,10.0,0.0025563151575624943,0.025563151575624943,0.0,0.0025865917559713125,0.0,1.0130065032516258,0.002383028157055378,0.0024140230205288347,0.0,0.31034108996391296,0.0,500.0,0.000873209850396961,0.4366049251984805,200.0,0.0005375316250137985,0.1075063250027597,0.06753376688344172,0.08714475482702255,0.0058852135576028235,0.0,0.0,0.0
137,0.6823170781135559,1.0,0.00029938051011413336,0.00029938051011413336,20.0,0.004356877412647009,0.08713754825294018,20.0,0.0008962603169493377,0.017925206338986754,10.0,0.0025764170568436384,0.025764170568436384,0.0,0.002666502958163619,0.0,1.0205102551275638,0.002391649642959237,0.002440702987312078,0.0,0.3104706406593323,0.0,500.0,0.0008707726374268532,0.4353863187134266,200.0,0.0005371836014091969,0.10743672028183937,0.06803401700850426,0.08711828291416168,0.005927006741533762,0.0,0.0,0.0
138,0.6809651255607605,1.0,0.0002995826362166554,0.0002995826362166554,20.0,0.004365016706287861,0.08730033412575722,20.0,0.0008749631233513355,0.01749926246702671,10.0,0.00259620719589293,0.0259620719589293,0.0,0.0027485291939228773,0.0,1.0280140070035018,0.002324837725609541,0.0023899657459367715,0.0,0.31063032150268555,0.0,500.0,0.0008683616761118174,0.4341808380559087,200.0,0.0005368221318349242,0.10736442636698484,0.06853426713356678,0.08709098398685455,0.005968716761480276,0.0,0.0,0.0
139,0.6796311140060425,1.0,0.0002998361305799335,0.0002998361305799335,20.0,0.004372657276690006,0.08745314553380013,20.0,0.0008539911359548569,0.017079822719097137,10.0,0.0026156308595091105,0.026156308595091105,0.0,0.002832797821611166,0.0,1.0355177588794398,0.002274468308314681,0.002355252325268329,0.0,0.31075915694236755,0.0,500.0,0.0008659559534862638,0.4329779767431319,200.0,0.0005364918615669012,0.10729837231338024,0.06903451725862932,0.08706420660018921,0.00601043547314963,0.0,0.0,0.0
140,0.6783755421638489,1.0,0.00030008269823156297,0.00030008269823156297,20.0,0.004380319267511368,0.08760638535022736,20.0,0.0008334772428497672,0.016669544856995344,10.0,0.0026348684914410114,0.026348684914410114,0.0,0.0029184813611209393,0.0,1.0430215107553777,0.0022680391557514668,0.0023656136266842465,0.0,0.31088700890541077,0.0,500.0,0.0008635864942334592,0.4317932471167296,200.0,0.0005361986113712192,0.10723972227424383,0.06953476738369184,0.08703937381505966,0.006052262611452372,0.0,0.0,0.0
141,0.6772810816764832,1.0,0.0003002925659529865,0.0003002925659529865,20.0,0.004387699067592621,0.08775398135185242,20.0,0.0008130596834234893,0.016261193668469787,10.0,0.0026537650264799595,0.026537650264799595,0.0,0.00300588202662766,0.0,1.0505252626313157,0.0023951816838234663,0.002516198867448364,0.0,0.31098872423171997,0.0,500.0,0.0008612553938291967,0.43062769691459835,200.0,0.0005359484348446131,0.10718968696892262,0.07003501750875438,0.08701896667480469,0.00609437485466366,0.0,0.0,0.0
142,0.6760542392730713,1.0,0.00030045429593883455,0.00030045429593883455,20.0,0.004395071417093277,0.08790142834186554,20.0,0.0007928097620606422,0.015856195241212845,10.0,0.0026724301278591156,0.026724301278591156,0.0,0.0030942100565880537,0.0,1.0580290145072537,0.0023669740185141563,0.002504327188172807,0.0,0.31112146377563477,0.0,500.0,0.0008589570643380284,0.4294785321690142,200.0,0.0005357604240998626,0.10715208481997252,0.07053526763381691,0.0870046392083168,0.006136895511942306,0.0,0.0,0.0
143,0.6748471260070801,1.0,0.00030059879645705223,0.00030059879645705223,20.0,0.004402272403240204,0.08804544806480408,20.0,0.0007727900519967079,0.015455801039934158,10.0,0.0026908349245786667,0.026908349245786667,0.0,0.0031834684778004885,0.0,1.0655327663831915,0.002325949724763632,0.0024783756446956156,0.0,0.3112243413925171,0.0,500.0,0.0008566974429413676,0.4283487214706838,200.0,0.0005356495967134833,0.10712991934269667,0.07103551775887944,0.08699750155210495,0.006179912566482692,0.0,0.0,0.0
144,0.67379230260849,1.0,0.00030073366360738873,0.00030073366360738873,20.0,0.004409519024193287,0.08819038048386574,20.0,0.0007534067844972014,0.015068135689944029,10.0,0.0027091428637504578,0.027091428637504578,0.0,0.003273708513006568,0.0,1.0730365182591295,0.0024033309891819954,0.002578861916856118,0.0,0.3113555312156677,0.0,500.0,0.0008544399170204997,0.42721995851024985,200.0,0.0005355966277420521,0.10711932554841042,0.07153576788394198,0.08699814230203629,0.006223478914052621,0.0,0.0,0.0
145,0.6726298332214355,1.0,0.00030087967752479017,0.00030087967752479017,20.0,0.004416582174599171,0.08833164349198341,20.0,0.0007350119994953275,0.01470023998990655,10.0,0.0027273755986243486,0.027273755986243486,0.0,0.003365588141605258,0.0,1.0805402701350675,0.002380380406975746,0.0025720968879777944,0.0,0.311516135931015,0.0,500.0,0.0008521478739567101,0.42607393697835505,200.0,0.0005355486064217985,0.1071097212843597,0.0720360180090045,0.08700600266456604,0.006267565974836173,0.0,0.0,0.0
146,0.6714311242103577,1.0,0.0003010157961398363,0.0003010157961398363,20.0,0.0044235894456505775,0.08847178891301155,20.0,0.00071759894490242,0.014351978898048401,10.0,0.0027456134557724,0.027456134557724,0.0,0.003458821913227439,0.0,1.0880440220110055,0.002327161142602563,0.0025320537694650197,0.0,0.3116470277309418,0.0,500.0,0.0008498331299051642,0.4249165649525821,200.0,0.000535446684807539,0.1070893369615078,0.07253626813406704,0.08702200651168823,0.006312251597896345,0.0,0.0,0.0
147,0.6701889038085938,1.0,0.00030111102387309074,0.00030111102387309074,20.0,0.004429921042174101,0.08859842084348202,20.0,0.0007008041138760746,0.014016082277521491,10.0,0.002763833850622177,0.02763833850622177,0.0,0.003553363960236311,0.0,1.0955477738869435,0.0022214080672711134,0.002433658662993366,0.0,0.3117513954639435,0.0,500.0,0.0008475541835650802,0.4237770917825401,200.0,0.0005353349260985851,0.10706698521971703,0.07303651825912956,0.08704166859388351,0.0063572204175622775,0.0,0.0,0.0
148,0.6691652536392212,1.0,0.00030115596018731594,0.00030115596018731594,20.0,0.004436160903424025,0.08872321806848049,20.0,0.000685099046677351,0.01370198093354702,10.0,0.0027824656572192907,0.027824656572192907,0.0,0.003648599376901984,0.0,1.1030515257628815,0.0022915250156074762,0.0025276701647896373,0.0,0.3118271827697754,0.0,500.0,0.0008452834445051849,0.42264172225259244,200.0,0.0005352124571800232,0.10704249143600464,0.0735367683841921,0.08706384897232056,0.006402394096513818,0.0,0.0,0.0
149,0.6679684519767761,1.0,0.0003011648659594357,0.0003011648659594357,20.0,0.0044415900483727455,0.08883180096745491,20.0,0.0006698770448565483,0.013397540897130966,10.0,0.002800982678309083,0.02800982678309083,0.0,0.003745193826034665,0.0,1.1105552776388194,0.002186293713748455,0.0024280000222719213,0.0,0.3119073510169983,0.0,500.0,0.0008430667803622782,0.4215333901811391,200.0,0.0005350947030819952,0.10701894061639905,0.07403701850925462,0.0870884582400322,0.006447769794659712,0.0,0.0,0.0
150,0.6669401526451111,1.0,0.00030115374829620123,0.00030115374829620123,20.0,0.004445883445441723,0.08891766890883446,20.0,0.0006548365345224738,0.013096730690449476,10.0,0.0028192277532070875,0.028192277532070875,0.0,0.003843131475150585,0.0,1.1180590295147574,0.002225884236395359,0.002488669969156392,0.0,0.3119928538799286,0.0,500.0,0.0008409054717049003,0.42045273585245013,200.0,0.0005349876591935754,0.10699753183871508,0.07453726863431716,0.08711514621973038,0.006493325055897862,0.0,0.0,0.0
151,0.6657965779304504,1.0,0.00030115997651591897,0.00030115997651591897,20.0,0.004448994994163513,0.08897989988327026,20.0,0.0006397344404831529,0.012794688809663057,10.0,0.002837041625753045,0.02837041625753045,0.0,0.003942204173654318,0.0,1.1255627813906954,0.002164131263270974,0.002435865603981837,0.0,0.3119916021823883,0.0,500.0,0.000838791485875845,0.4193957429379225,200.0,0.0005348987760953605,0.1069797552190721,0.0750375187593797,0.08714400231838226,0.0065390697087330365,0.0,0.0,0.0
152,0.6647640466690063,1.0,0.00030117371352389455,0.00030117371352389455,20.0,0.0044524408876895905,0.08904881775379181,20.0,0.0006253281026147306,0.012506562052294612,10.0,0.002855139086022973,0.02855139086022973,0.0,0.004040942993015051,0.0,1.1330665332666334,0.0021764158736914396,0.0024660239889500307,0.0,0.31207579374313354,0.0,500.0,0.000836683961097151,0.4183419805485755,200.0,0.0005348161212168634,0.10696322424337268,0.07553776888444222,0.08717340975999832,0.006584884879319533,0.0,0.0,0.0
153,0.6637415885925293,1.0,0.00030125112971290946,0.00030125112971290946,20.0,0.004456419497728348,0.08912838995456696,20.0,0.0006118554156273603,0.012237108312547207,10.0,0.002873425604775548,0.02873425604775548,0.0,0.0041401442140340805,0.0,1.1405702851425712,0.00218643038533628,0.0024937775280473827,0.0,0.31218236684799194,0.0,500.0,0.0008345517562702298,0.4172758781351149,200.0,0.0005347010446712375,0.1069402089342475,0.07603801900950476,0.08720264583826065,0.006630716441928774,0.0,0.0,0.0
154,0.6627217531204224,1.0,0.0003014039830304682,0.0003014039830304682,20.0,0.004460718482732773,0.08921436965465546,20.0,0.0005994576495140791,0.011989152990281582,10.0,0.0028917971067130566,0.028917971067130566,0.0,0.004240443930029869,0.0,1.1480740370185092,0.002203059382736683,0.0025292752793300084,0.0,0.3122809827327728,0.0,500.0,0.0008323823567479849,0.41619117837399244,200.0,0.0005345107638277113,0.10690215276554227,0.07653826913456728,0.08722672611474991,0.006676182639097916,0.0,0.0,0.0
155,0.6617258191108704,1.0,0.0003016106493305415,0.0003016106493305415,20.0,0.0044652852229774,0.089305704459548,20.0,0.0005874954513274133,0.011749909026548266,10.0,0.0029101353138685226,0.029101353138685226,0.0,0.004340612329542637,0.0,1.1555777888944472,0.0022171426098793745,0.0025620807547880715,0.0,0.31237223744392395,0.0,500.0,0.000830230419524014,0.415115209762007,200.0,0.0005343426018953323,0.10686852037906647,0.07703851925962982,0.08724755048751831,0.006721422098588204,0.0,0.0,0.0
156,0.6606366634368896,1.0,0.0003018348361365497,0.0003018348361365497,20.0,0.004469709005206823,0.08939418010413647,20.0,0.0005755882011726499,0.011511764023452997,10.0,0.0029282907489687204,0.029282907489687204,0.0,0.004440697375684977,0.0,1.1630815407703852,0.002128841821104288,0.002476016625346408,0.0,0.3124913275241852,0.0,500.0,0.0008281120099127293,0.41405600495636463,200.0,0.0005342373042367399,0.10684746084734797,0.07753876938469234,0.08726618438959122,0.006766512546466552,0.0,0.0,0.0
157,0.6596595644950867,1.0,0.00030206487281247973,0.00030206487281247973,20.0,0.004474611021578312,0.08949222043156624,20.0,0.0005638878210447729,0.011277756420895457,10.0,0.0029464485123753548,0.029464485123753548,0.0,0.004540357273072004,0.0,1.1705852926463232,0.0021092898678034544,0.002469103697178631,0.0,0.3125760555267334,0.0,500.0,0.0008260116446763277,0.41300582233816385,200.0,0.0005341831129044294,0.10683662258088589,0.07803901950975488,0.08728313446044922,0.006811490233031555,0.0,0.0,0.0
158,0.6587062478065491,1.0,0.00030226679518818855,0.00030226679518818855,20.0,0.004480206407606602,0.08960412815213203,20.0,0.0005525687010958791,0.011051374021917582,10.0,0.0029647108167409897,0.029647108167409897,0.0,0.004639985505491495,0.0,1.1780890445222612,0.0020992946811020374,0.002473156065030164,0.0,0.3126879632472992,0.0,500.0,0.0008239101152867079,0.41195505764335394,200.0,0.0005340839852578938,0.10681679705157876,0.0785392696348174,0.08729888498783112,0.006856390666878181,0.0,0.0,0.0
159,0.6578341722488403,1.0,0.0003024700563400984,0.0003024700563400984,20.0,0.004485900513827801,0.08971801027655602,20.0,0.0005414874176494777,0.010829748352989554,10.0,0.002983108861371875,0.029831088613718748,0.0,0.004740556702017784,0.0,1.1855927963981991,0.002153655979782343,0.002553359015549851,0.0,0.31276822090148926,0.0,500.0,0.0008218132425099611,0.41090662125498056,200.0,0.0005339616327546537,0.10679232655093074,0.07903951975987994,0.08730481564998627,0.006900530701699765,0.0,0.0,0.0
160,0.6568151712417603,1.0,0.00030266595422290266,0.00030266595422290266,20.0,0.004491564817726612,0.08983129635453224,20.0,0.0005307397805154324,0.010614795610308647,10.0,0.003001746954396367,0.03001746954396367,0.0,0.0048423693515360355,0.0,1.1930965482741371,0.0020707091316580772,0.0024705559174609875,0.0,0.312878280878067,0.0,500.0,0.0008197242277674377,0.40986211388371885,200.0,0.0005338615737855434,0.10677231475710869,0.07953976988494248,0.0873025581240654,0.006944025383554977,0.0,0.0,0.0
161,0.6559382677078247,1.0,0.0003028982609976083,0.0003028982609976083,20.0,0.004497036337852478,0.08994072675704956,20.0,0.0005203938926570117,0.010407877853140235,10.0,0.0030204299837350845,0.030204299837350845,0.0,0.0049462397582829,0.0,1.2006003001500751,0.0020998050458729267,0.002521026568331678,0.0,0.3129870891571045,0.0,500.0,0.0008176321280188859,0.4088160640094429,200.0,0.0005337918410077691,0.10675836820155382,0.080040020010005,0.08729396760463715,0.006987010913827886,0.0,0.0,0.0
162,0.6549924612045288,1.0,0.00030319186043925583,0.00030319186043925583,20.0,0.0045015099458396435,0.09003019891679287,20.0,0.0005101323476992548,0.010202646953985095,10.0,0.0030386478174477816,0.030386478174477816,0.0,0.005053462460637093,0.0,1.208104052026013,0.002079630736261606,0.002512410319195487,0.0,0.3130687475204468,0.0,500.0,0.0008155448595061898,0.4077724297530949,200.0,0.0005337768234312534,0.10675536468625069,0.08054027013506754,0.08728161454200745,0.007029684813038119,0.0,0.0,0.0
163,0.6541580557823181,1.0,0.00030346831772476435,0.00030346831772476435,20.0,0.004505413584411144,0.09010827168822289,20.0,0.0005000123055651784,0.010000246111303568,10.0,0.0030568884685635567,0.030568884685635567,0.0,0.005161978304386139,0.0,1.215607803901951,0.002132860478013754,0.0025927218417075644,0.0,0.3131538927555084,0.0,500.0,0.0008135008392855525,0.40675041964277625,200.0,0.0005338091868907213,0.10676183737814426,0.08104052026013006,0.08726748079061508,0.007072202045062353,0.0,0.0,0.0
164,0.6532927751541138,1.0,0.00030370353488251567,0.00030370353488251567,20.0,0.004508936312049627,0.09017872624099255,20.0,0.000489757745526731,0.00979515491053462,10.0,0.003075198270380497,0.03075198270380497,0.0,0.005270151887089014,0.0,1.2231115557778889,0.0021459138952195644,0.0026246920829473912,0.0,0.31321194767951965,0.0,500.0,0.0008115086238831282,0.4057543119415641,200.0,0.0005338471382856369,0.10676942765712738,0.0815407703851926,0.08725394308567047,0.007114753738351319,0.0,0.0,0.0
165,0.6524261236190796,1.0,0.0003038891009055078,0.0003038891009055078,20.0,0.0045118737034499645,0.09023747406899929,20.0,0.00047938825446181,0.0095877650892362,10.0,0.003093621227890253,0.03093621227890253,0.0,0.005378038622438908,0.0,1.2306153076538269,0.0021548676304519176,0.0026518130920018595,0.0,0.31324338912963867,0.0,500.0,0.0008095646044239402,0.4047823022119701,200.0,0.0005338481278158724,0.10676962556317449,0.08204102051025512,0.08723753690719604,0.0071570565546674085,0.0,0.0,0.0
166,0.651569664478302,1.0,0.0003040840965695679,0.0003040840965695679,20.0,0.004514226224273443,0.09028452448546886,20.0,0.0004691108479164541,0.009382216958329082,10.0,0.003112315433099866,0.03112315433099866,0.0,0.005485807545483112,0.0,1.2381190595297649,0.0021672556176781654,0.0026833204871202897,0.0,0.31333550810813904,0.0,500.0,0.0008076585945673287,0.40382929728366435,200.0,0.0005338195478543639,0.10676390957087278,0.08254127063531766,0.08721921592950821,0.007199184906637747,0.0,0.0,0.0
167,0.6507224440574646,1.0,0.0003043130855076015,0.0003043130855076015,20.0,0.004516191780567169,0.09032383561134338,20.0,0.0004592069599311799,0.009184139198623598,10.0,0.003131271107122302,0.03131271107122302,0.0,0.005593848414719105,0.0,1.2456228114057029,0.0021812596824020147,0.002717026817999508,0.0,0.31339603662490845,0.0,500.0,0.000805774237960577,0.4028871189802885,200.0,0.0005337606417015195,0.1067521283403039,0.0830415207603802,0.08719995617866516,0.007241216971314866,0.0,0.0,0.0
168,0.6498388648033142,1.0,0.0003045689081773162,0.0003045689081773162,20.0,0.004518138710409403,0.09036277420818806,20.0,0.0004497479530982673,0.008994959061965346,10.0,0.0031505171209573746,0.031505171209573746,0.0,0.005701953079551458,0.0,1.2531265632816408,0.0021580238826572895,0.002704277051554032,0.0,0.3134845793247223,0.0,500.0,0.0008039037929847836,0.4019518964923918,200.0,0.0005336600006558001,0.10673200013116002,0.08354177088544272,0.08718076348304749,0.007283235368518724,0.0,0.0,0.0
169,0.6490108370780945,1.0,0.00030485837487503886,0.00030485837487503886,20.0,0.004520472139120102,0.09040944278240204,20.0,0.0004406477091833949,0.008812954183667898,10.0,0.003169934032484889,0.03169934032484889,0.0,0.00580995948985219,0.0,1.2606303151575788,0.0021659459453076124,0.0027304571196474156,0.0,0.31359943747520447,0.0,500.0,0.0008020387613214552,0.4010193806607276,200.0,0.0005335448659025133,0.10670897318050265,0.08404202101050526,0.08716310560703278,0.007325363552767137,0.0,0.0,0.0
170,0.6481424570083618,1.0,0.00030518294079229236,0.00030518294079229236,20.0,0.0045232828706502914,0.09046565741300583,20.0,0.00043192366138100624,0.008638473227620125,10.0,0.0031894769053906202,0.0318947690539062,0.0,0.005917614325881004,0.0,1.2681340670335168,0.0021353233605623245,0.0027078762976615774,0.0,0.31361955404281616,0.0,500.0,0.0008001798414625227,0.4000899207312614,200.0,0.0005333645967766643,0.10667291935533285,0.08454227113556778,0.08714723587036133,0.007367625243667366,0.0,0.0,0.0
171,0.6473162174224854,1.0,0.0003055341949220747,0.0003055341949220747,20.0,0.004526426550000906,0.09052853100001812,20.0,0.0004233360232319683,0.008466720464639366,10.0,0.003209152026101947,0.03209152026101947,0.0,0.006024191156029701,0.0,1.2756378189094548,0.0021363752894103527,0.0027252411145554777,0.0,0.31363457441329956,0.0,500.0,0.0007983350660651922,0.3991675330325961,200.0,0.0005331050488166511,0.10662100976333022,0.08504252126063032,0.08713405579328537,0.0074100997923254195,0.0,0.0,0.0
172,0.6464858651161194,1.0,0.0003059058217331767,0.0003059058217331767,20.0,0.004529885016381741,0.09059770032763481,20.0,0.0004149861342739314,0.008299722685478628,10.0,0.003228898858651519,0.03228898858651519,0.0,0.006130055524408817,0.0,1.2831415707853926,0.002132558962330222,0.0027363750567168683,0.0,0.31370609998703003,0.0,500.0,0.000796499487478286,0.398249743739143,200.0,0.0005327734397724271,0.10655468795448542,0.08554277138569284,0.08712313324213028,0.007452754269336807,0.0,0.0,0.0
173,0.6456459164619446,1.0,0.00030629467801190913,0.00030629467801190913,20.0,0.00453380448743701,0.0906760897487402,20.0,0.00040666479617357254,0.00813329592347145,10.0,0.0032488449942320585,0.032488449942320585,0.0,0.006234603002667427,0.0,1.2906453226613306,0.002124491147696972,0.0027419645628104987,0.0,0.31374141573905945,0.0,500.0,0.0007946703117340803,0.39733515586704016,200.0,0.0005323454970493913,0.10646909940987825,0.08604302151075538,0.08711418509483337,0.007495567702006674,0.0,0.0,0.0
174,0.64488685131073,1.0,0.0003067118814215064,0.0003067118814215064,20.0,0.004538143984973431,0.09076287969946861,20.0,0.0003984076320193708,0.007968152640387416,10.0,0.003268999047577381,0.03268999047577381,0.0,0.006338197737932205,0.0,1.2981490745372686,0.0021683010272681713,0.002814777971866385,0.0,0.31371134519577026,0.0,500.0,0.000792849576100707,0.3964247880503535,200.0,0.00053190573817119,0.106381147634238,0.0865432716358179,0.0871061235666275,0.007538448912969764,0.0,0.0,0.0
175,0.6440799236297607,1.0,0.0003071565297432244,0.0003071565297432244,20.0,0.004543254151940346,0.09086508303880692,20.0,0.000390519795473665,0.0078103959094733,10.0,0.00328935612924397,0.0328935612924397,0.0,0.006441913079470396,0.0,1.3056528264132066,0.0021560881286859512,0.0028151025592147738,0.0,0.31379830837249756,0.0,500.0,0.0007910248823463917,0.39551244117319584,200.0,0.0005314746522344649,0.10629493044689298,0.08704352176088044,0.08709800988435745,0.007581317518698448,0.0,0.0,0.0
176,0.6433121562004089,1.0,0.000307633017655462,0.000307633017655462,20.0,0.004548778757452965,0.0909755751490593,20.0,0.00038300559390336275,0.007660111878067255,10.0,0.003309899475425482,0.03309899475425482,0.0,0.006546419113874435,0.0,1.3131565782891446,0.0021762140095233917,0.002857709742370637,0.0,0.3138217628002167,0.0,500.0,0.0007891936111263931,0.39459680556319654,200.0,0.0005309562548063695,0.10619125096127391,0.08754377188594298,0.08708894997835159,0.0076240951706911106,0.0,0.0,0.0
177,0.642532229423523,1.0,0.0003081330796703696,0.0003081330796703696,20.0,0.0045545343309640884,0.09109068661928177,20.0,0.0003758164821192622,0.007516329642385244,10.0,0.0033303892705589533,0.03330389270558953,0.0,0.006652607582509518,0.0,1.3206603301650826,0.002166478196159005,0.0028611818098348042,0.0,0.31387534737586975,0.0,500.0,0.0007873581489548087,0.39367907447740436,200.0,0.0005305310478433967,0.10610620956867933,0.0880440220110055,0.08707810938358307,0.007666706979244932,0.0,0.0,0.0
178,0.6417138576507568,1.0,0.0003086085198447108,0.0003086085198447108,20.0,0.004560300149023533,0.09120600298047066,20.0,0.0003689257428050041,0.007378514856100082,10.0,0.003350784070789814,0.03350784070789814,0.0,0.006760376505553722,0.0,1.3281640820410205,0.0021027447655797005,0.0027927900713427237,0.0,0.31393104791641235,0.0,500.0,0.0007855340954847634,0.3927670477423817,200.0,0.0005302126519382,0.10604253038764,0.08854427213606804,0.08708177506923676,0.007710592389822364,0.0,0.0,0.0
179,0.6409830451011658,1.0,0.0003090540412813425,0.0003090540412813425,20.0,0.004565895535051823,0.09131791070103645,20.0,0.00036215357249602675,0.007243071449920535,10.0,0.0033709050621837378,0.03370905062183738,0.0,0.006869165692478418,0.0,1.3356678339169585,0.002092592418193817,0.002795008382479986,0.0,0.31398943066596985,0.0,500.0,0.0007837220327928662,0.3918610163964331,200.0,0.0005299695767462254,0.10599391534924507,0.08904452226113056,0.0870799869298935,0.0077539958346778595,0.0,0.0,0.0
180,0.6401928663253784,1.0,0.00030946312472224236,0.00030946312472224236,20.0,0.004571077413856983,0.09142154827713966,20.0,0.00035557252704165876,0.007111450540833175,10.0,0.0033906155731528997,0.033906155731529,0.0,0.006979747209697962,0.0,1.3431715857928965,0.002041284227743745,0.002741794973232594,0.0,0.31405192613601685,0.0,500.0,0.0007819232414476573,0.3909616207238287,200.0,0.0005297217285260558,0.10594434570521116,0.0895447723861931,0.08706861734390259,0.007796539522040302,0.0,0.0,0.0
181,0.6395289301872253,1.0,0.0003098743036389351,0.0003098743036389351,20.0,0.004576317500323057,0.09152635000646114,20.0,0.0003493312979117036,0.006986625958234072,10.0,0.0034100059419870377,0.03410005941987038,0.0,0.00709295691922307,0.0,1.3506753376688345,0.002086243825033307,0.0028178380828363827,0.0,0.3140855133533478,0.0,500.0,0.0007801185129210353,0.39005925646051764,200.0,0.0005294528673402965,0.1058905734680593,0.09004502251125562,0.087049201130867,0.007838347275415738,0.0,0.0,0.0
182,0.6387314796447754,1.0,0.00031029267120175064,0.00031029267120175064,20.0,0.004582173191010952,0.09164346382021904,20.0,0.0003433322999626398,0.006866645999252796,10.0,0.0034292577765882015,0.034292577765882015,0.0,0.0072084334678947926,0.0,1.3581790895447723,0.0020366015378385782,0.0027660696224270833,0.0,0.3141789734363556,0.0,500.0,0.0007782876491546631,0.38914382457733154,200.0,0.0005291348206810653,0.10582696413621306,0.09054527263631816,0.0870463028550148,0.007881631223990835,0.0,0.0,0.0
183,0.6380695700645447,1.0,0.00031072410638444126,0.00031072410638444126,20.0,0.004588182084262371,0.09176364168524742,20.0,0.0003374726220499724,0.006749452440999448,10.0,0.0034483312629163265,0.034483312629163265,0.0,0.007325933314859867,0.0,1.3656828414207103,0.0020810062997043133,0.002841994596394585,0.0,0.3142419159412384,0.0,500.0,0.0007764562033116817,0.3882281016558409,200.0,0.0005288368556648493,0.10576737113296986,0.09104552276138068,0.08704383671283722,0.007924951616676525,0.0,0.0,0.0
184,0.637347400188446,1.0,0.00031117035541683435,0.00031117035541683435,20.0,0.0045939842239022255,0.09187968447804451,20.0,0.000331587390974164,0.00663174781948328,10.0,0.003467191243544221,0.03467191243544221,0.0,0.007444515358656645,0.0,1.3731865932966483,0.002082307357341051,0.0028593965462237044,0.0,0.31430429220199585,0.0,500.0,0.0007746218470856547,0.38731092354282737,200.0,0.0005285722436383367,0.10571444872766733,0.09154577288644322,0.08703973889350891,0.007968120168840485,0.0,0.0,0.0
185,0.6366190314292908,1.0,0.0003116533043794334,0.0003116533043794334,20.0,0.004599645733833313,0.09199291467666626,20.0,0.0003257143252994865,0.00651428650598973,10.0,0.003485867753624916,0.03485867753624916,0.0,0.007563849911093712,0.0,1.3806903451725863,0.0020895942579954863,0.002885082617342442,0.0,0.3143947720527649,0.0,500.0,0.0007727850461378694,0.3863925230689347,200.0,0.0005282628117129207,0.10565256234258413,0.09204602301150576,0.0870356336236,0.00801128393533887,0.0,0.0,0.0
186,0.6357967257499695,1.0,0.000312155025312677,0.000312155025312677,20.0,0.0046060336753726006,0.09212067350745201,20.0,0.0003198161139152944,0.006396322278305888,10.0,0.0035050061997026205,0.035050061997026205,0.0,0.007683663163334131,0.0,1.3881940970485243,0.00206006015650928,0.0028597633488310417,0.0,0.3144821226596832,0.0,500.0,0.0007709416677244008,0.3854708338622004,200.0,0.0005276615265756845,0.10553230531513691,0.09254627313656828,0.08703336119651794,0.008054613217286554,0.0,0.0,0.0
187,0.6349359154701233,1.0,0.00031270168256014585,0.00031270168256014585,20.0,0.004612531512975693,0.09225063025951385,20.0,0.00031404520268552005,0.006280904053710401,10.0,0.003524569794535637,0.03524569794535637,0.0,0.007804384455084801,0.0,1.3956978489244622,0.002013695426285267,0.002810510374855375,0.0,0.31456637382507324,0.0,500.0,0.0007691007340326905,0.38455036701634526,200.0,0.0005269346293061972,0.10538692586123943,0.09304652326163082,0.08703358471393585,0.008098172464628349,0.0,0.0,0.0
188,0.6341357827186584,1.0,0.00031327165197581053,0.00031327165197581053,20.0,0.004618524573743343,0.09237049147486687,20.0,0.0003084311028942466,0.0061686220578849316,10.0,0.003544314531609416,0.03544314531609416,0.0,0.007926030084490776,0.0,1.4032016008004002,0.002016091952100396,0.00282898345454808,0.0,0.31458887457847595,0.0,500.0,0.0007672757492400706,0.3836378746200353,200.0,0.000526157149579376,0.1052314299158752,0.09354677338669334,0.0870366096496582,0.008141993999242663,0.0,0.0,0.0
189,0.6332306861877441,1.0,0.00031387730268761516,0.00031387730268761516,20.0,0.004624425899237394,0.09248851798474789,20.0,0.00030287017580121756,0.006057403516024351,10.0,0.003564414568245411,0.03564414568245411,0.0,0.008047898299992085,0.0,1.4107053526763382,0.001986462390050292,0.002802313126534179,0.0,0.3146391808986664,0.0,500.0,0.0007654618239030242,0.3827309119515121,200.0,0.0005250362446531653,0.10500724893063307,0.09404702351175588,0.08704450726509094,0.008186276821329214,0.0,0.0,0.0
190,0.6323927640914917,1.0,0.00031458435114473104,0.00031458435114473104,20.0,0.004630247130990028,0.09260494261980057,20.0,0.00029747316148132086,0.005949463229626417,10.0,0.0035846198443323374,0.035846198443323374,0.0,0.008170383982360363,0.0,1.4182091045522762,0.001980337081477046,0.0028085320790332295,0.0,0.31468263268470764,0.0,500.0,0.000763655174523592,0.381827587261796,200.0,0.0005240518366917968,0.10481036733835936,0.0945472736368184,0.08705797046422958,0.008231093755747569,0.0,0.0,0.0
191,0.6316816210746765,1.0,0.0003153029247187078,0.0003153029247187078,20.0,0.00463556544855237,0.0927113089710474,20.0,0.0002923627325799316,0.005847254651598632,10.0,0.0036048709880560637,0.036048709880560637,0.0,0.008293072693049908,0.0,1.4257128564282142,0.002014768309891224,0.0028724810821360624,0.0,0.3147248923778534,0.0,500.0,0.0007618892705067992,0.3809446352533996,200.0,0.0005233273841440678,0.10466547682881355,0.09504752376188094,0.08707679063081741,0.00827643332659095,0.0,0.0,0.0
192,0.6309971809387207,1.0,0.0003160393098369241,0.0003160393098369241,20.0,0.004640831612050533,0.09281663224101067,20.0,0.0002877963415812701,0.005755926831625402,10.0,0.0036251842975616455,0.036251842975616455,0.0,0.008415630087256432,0.0,1.433216608304152,0.002055191667750478,0.0029455348314682936,0.0,0.3147319257259369,0.0,500.0,0.0007601564866490662,0.3800782433245331,200.0,0.0005225535132922232,0.10451070265844464,0.09554777388694347,0.08710024505853653,0.008322234520350413,0.0,0.0,0.0
193,0.6302592158317566,1.0,0.0003167256072629243,0.0003167256072629243,20.0,0.00464625982567668,0.09292519651353359,20.0,0.00028343763551674783,0.005668752710334957,10.0,0.0036459784023463726,0.036459784023463726,0.0,0.008535327389836311,0.0,1.44072036018009,0.0020688013173639774,0.002980564179093674,0.0,0.3147660195827484,0.0,500.0,0.0007584111299365759,0.37920556496828794,200.0,0.0005216719582676888,0.10433439165353775,0.096048024012006,0.08712571114301682,0.008368252395927579,0.0,0.0,0.0
194,0.6293426156044006,1.0,0.000317301950417459,0.000317301950417459,20.0,0.00465086055919528,0.0930172111839056,20.0,0.00027911236975342035,0.005582247395068407,10.0,0.003667161799967289,0.03667161799967289,0.0,0.008652322925627232,0.0,1.448224112056028,0.002060133498162031,0.0029835350060925863,0.0,0.31480464339256287,0.0,500.0,0.0007566497661173344,0.3783248830586672,200.0,0.0005201581516303122,0.10403163032606244,0.09654827413706854,0.08714991807937622,0.00841417418175068,0.0,0.0,0.0
195,0.628183126449585,1.0,0.00031781240249983966,0.00031781240249983966,20.0,0.004654787480831146,0.09309574961662292,20.0,0.00027444303850643337,0.005488860770128667,10.0,0.0036891307681798935,0.036891307681798935,0.0,0.00876499805599451,0.0,1.455727863931966,0.002024657092988491,0.0029473497451708397,0.0,0.31475377082824707,0.0,500.0,0.0007548958528786898,0.3774479264393449,200.0,0.000517668086104095,0.103533617220819,0.09704852426213106,0.08717810362577438,0.008460506304852542,0.0,0.0,0.0
196,0.6269502639770508,1.0,0.00031835405388846993,0.00031835405388846993,20.0,0.004657140001654625,0.0931428000330925,20.0,0.0002698771422728896,0.005397542845457792,10.0,0.0037114403676241636,0.037114403676241636,0.0,0.008878719061613083,0.0,1.463231615807904,0.0020438036881387234,0.0029905581729893775,0.0,0.31467771530151367,0.0,500.0,0.0007532408926635981,0.37662044633179903,200.0,0.0005142963491380215,0.1028592698276043,0.0975487743871936,0.08720673620700836,0.008506910235300966,0.0,0.0,0.0
197,0.6258034110069275,1.0,0.00031894189305603504,0.00031894189305603504,20.0,0.004658139310777187,0.09316278621554375,20.0,0.0002655190764926374,0.005310381529852748,10.0,0.003734275931492448,0.03734275931492448,0.0,0.008993846364319324,0.0,1.470735367683842,0.0020504884887486696,0.00301572594143126,0.0,0.31472665071487427,0.0,500.0,0.0007516504847444594,0.3758252423722297,200.0,0.000511371879838407,0.10227437596768141,0.09804902451225612,0.08723417669534683,0.008553225929108543,0.0,0.0,0.0
198,0.6246716380119324,1.0,0.00031956820748746395,0.00031956820748746395,20.0,0.0046584936790168285,0.09316987358033657,20.0,0.0002615469857119024,0.005230939714238048,10.0,0.003757655853405595,0.03757655853405595,0.0,0.009111719205975533,0.0,1.47823911955978,0.0020414157770574093,0.003017700660932789,0.0,0.3147498667240143,0.0,500.0,0.0007501115906052291,0.37505579530261457,200.0,0.0005085079465061426,0.10170158930122852,0.09854927463731866,0.08726181089878082,0.008599588167613718,0.0,0.0,0.0
199,0.623633861541748,1.0,0.00032023474341258407,0.00032023474341258407,20.0,0.004657906945794821,0.09315813891589642,20.0,0.0002577059203758836,0.005154118407517672,10.0,0.0037814683746546507,0.03781468374654651,0.0,0.009228350594639778,0.0,1.485742871435718,0.002157481387257576,0.003205462591373187,0.0,0.31477439403533936,0.0,500.0,0.0007486761314794421,0.37433806573972106,200.0,0.0005049799219705164,0.10099598439410329,0.09904952476238119,0.08730194717645645,0.008647216378658517,0.0,0.0,0.0
200,0.6222658753395081,1.0,0.00032080887467600405,0.00032080887467600405,20.0,0.004657022655010223,0.09314045310020447,20.0,0.00025362707674503326,0.005072541534900665,10.0,0.00380617449991405,0.0380617449991405,0.0,0.009342094883322716,0.0,1.493246623311656,0.0021632651332765818,0.003230288355593095,0.0,0.31483709812164307,0.0,500.0,0.0007472392171621323,0.37361960858106613,200.0,0.0005006244173273444,0.10012488346546888,0.09954977488744372,0.0873485878109932,0.008695532253320483,0.0,0.0,0.0
201,0.620659351348877,1.0,0.0003212970623280853,0.0003212970623280853,20.0,0.004656815901398659,0.09313631802797318,20.0,0.0002490525075700134,0.004981050151400268,10.0,0.0038317774888128042,0.03831777488812804,0.0,0.009452405385673046,0.0,1.5007503751875937,0.0021176906302571297,0.003178125007889639,0.0,0.31484442949295044,0.0,500.0,0.0007457365281879902,0.3728682640939951,200.0,0.0004955569165758789,0.09911138331517577,0.10005002501250625,0.08740755170583725,0.00874512773445095,0.0,0.0,0.0
202,0.6194472312927246,1.0,0.0003218395868316293,0.0003218395868316293,20.0,0.0046582333743572235,0.09316466748714447,20.0,0.00024452741490677,0.0048905482981354,10.0,0.003858335083350539,0.03858335083350539,0.0,0.009561498649418354,0.0,1.5082541270635317,0.002111290115863085,0.0031843620306789395,0.0,0.3148483335971832,0.0,500.0,0.000744220451451838,0.372110225725919,200.0,0.0004919850034639239,0.09839700069278479,0.10055027513756878,0.08747150003910065,0.00879528339562743,0.0,0.0,0.0
203,0.6185249090194702,1.0,0.00032245717011392117,0.00032245717011392117,20.0,0.004660888575017452,0.09321777150034904,20.0,0.0002404250844847411,0.004808501689694822,10.0,0.003885469399392605,0.03885469399392605,0.0,0.009671674109995365,0.0,1.5157578789394697,0.0020497676450759172,0.003106951458019024,0.0,0.31487900018692017,0.0,500.0,0.0007427104283124208,0.3713552141562104,200.0,0.0004900684580206871,0.09801369160413742,0.10105052526263132,0.08753641694784164,0.008845600912188101,0.0,0.0,0.0
204,0.6179006099700928,1.0,0.00032312035909853876,0.00032312035909853876,20.0,0.00466441735625267,0.0932883471250534,20.0,0.00023703898477833718,0.004740779695566744,10.0,0.003912744577974081,0.03912744577974081,0.0,0.009785935282707214,0.0,1.5232616308154077,0.0020559905096888542,0.0031318114567296454,0.0,0.31494075059890747,0.0,500.0,0.0007412016857415438,0.3706008428707719,200.0,0.0004889631527476013,0.09779263054952025,0.10155077538769385,0.08759783208370209,0.008895627770380951,0.0,0.0,0.0
205,0.6172928810119629,1.0,0.000323806656524539,0.000323806656524539,20.0,0.004668503068387508,0.09337006136775017,20.0,0.0002344098757021129,0.004688197514042258,10.0,0.003939877264201641,0.03939877264201641,0.0,0.009905199520289898,0.0,1.5307653826913457,0.0020978134125471115,0.003211260151272717,0.0,0.3149740695953369,0.0,500.0,0.0007396966684609652,0.3698483342304826,200.0,0.00048753677401691675,0.09750735480338335,0.10205102551275638,0.08765339851379395,0.008945119208010988,0.0,0.0,0.0
206,0.6165110468864441,1.0,0.0003245529951527715,0.0003245529951527715,20.0,0.004672686569392681,0.09345373138785362,20.0,0.00023230875376611948,0.00464617507532239,10.0,0.003966893535107374,0.03966893535107374,0.0,0.010028384625911713,0.0,1.5382691345672836,0.002079769503325224,0.0031992452339795214,0.0,0.31519052386283875,0.0,500.0,0.0007382277981378138,0.3691138990689069,200.0,0.00048555165994912386,0.09711033198982477,0.1025512756378189,0.08770421892404556,0.00899417952947941,0.0,0.0,0.0
207,0.6156089901924133,1.0,0.0003253229951951653,0.0003253229951951653,20.0,0.004677136428654194,0.09354272857308388,20.0,0.0002302379289176315,0.00460475857835263,10.0,0.00399388512596488,0.0399388512596488,0.0,0.010153395123779774,0.0,1.5457728864432216,0.002036714693531394,0.0031482983506813445,0.0,0.3152864873409271,0.0,500.0,0.0007367744110524654,0.3683872055262327,200.0,0.00048309570411220193,0.09661914082244039,0.10305152576288144,0.08774910122156143,0.00904267876520343,0.0,0.0,0.0
208,0.6148114800453186,1.0,0.00032608676701784134,0.00032608676701784134,20.0,0.004681517835706472,0.09363035671412945,20.0,0.0002279923646710813,0.004559847293421626,10.0,0.004020906053483486,0.04020906053483486,0.0,0.010279734618961811,0.0,1.5532766383191596,0.0020687668584287167,0.003213367231326246,0.0,0.3153546154499054,0.0,500.0,0.0007352918619289994,0.3676459309644997,200.0,0.00048067892203107476,0.09613578440621495,0.10355177588794397,0.08779183030128479,0.009090999936151051,0.0,0.0,0.0
209,0.6140831112861633,1.0,0.00032679829746484756,0.00032679829746484756,20.0,0.004684704355895519,0.09369408711791039,20.0,0.0002254921564599499,0.004509843129198998,10.0,0.004047557711601257,0.04047557711601257,0.0,0.010405528359115124,0.0,1.5607803901950976,0.0020889779552817345,0.0032604358281535825,0.0,0.31545722484588623,0.0,500.0,0.0007338071591220796,0.3669035795610398,200.0,0.00047886703396216035,0.09577340679243207,0.1040520260130065,0.08783508837223053,0.009139418900162056,0.0,0.0,0.0
210,0.6132637858390808,1.0,0.0003274492919445038,0.0003274492919445038,20.0,0.00468656700104475,0.093731340020895,20.0,0.00022256308875512332,0.004451261775102466,10.0,0.00407389784231782,0.040738978423178196,0.0,0.010528359562158585,0.0,1.5682841420710356,0.00212598848156631,0.003334154021866124,0.0,0.31553173065185547,0.0,500.0,0.0007323175668716431,0.36615878343582153,200.0,0.0004766682395711541,0.09533364791423082,0.10455227613806903,0.08788122236728668,0.009188181828295606,0.0,0.0,0.0
211,0.6125228404998779,1.0,0.0003280290402472019,0.0003280290402472019,20.0,0.004687342792749405,0.0937468558549881,20.0,0.00021940263104625046,0.004388052620925009,10.0,0.004100149031728506,0.04100149031728506,0.0,0.010648689232766628,0.0,1.5757878939469734,0.002145141363143921,0.003380287790847099,0.0,0.3156087100505829,0.0,500.0,0.0007308537606149912,0.3654268803074956,200.0,0.00047507014824077487,0.09501402964815497,0.10505252626313157,0.08792978525161743,0.00923724607445706,0.0,0.0,0.0
212,0.6117457151412964,1.0,0.0003285338170826435,0.0003285338170826435,20.0,0.0046867686323821545,0.09373537264764309,20.0,0.0002165331388823688,0.004330662777647376,10.0,0.004126172978430986,0.041261729784309864,0.0,0.01076911948621273,0.0,1.5832916458229114,0.0021078765857964754,0.0033373833887172808,0.0,0.31571921706199646,0.0,500.0,0.0007294687675312161,0.3647343837656081,200.0,0.00047365506179630756,0.09473101235926151,0.1055527763881941,0.08798070251941681,0.009286607419508227,0.0,0.0,0.0
213,0.6111994385719299,1.0,0.0003290236054453999,0.0003290236054453999,20.0,0.004685086663812399,0.09370173327624798,20.0,0.00021396267402451485,0.004279253480490297,10.0,0.004152041859924793,0.04152041859924793,0.0,0.010889759287238121,0.0,1.5907953976988494,0.00216097803786397,0.003437673917162293,0.0,0.3157995045185089,0.0,500.0,0.0007281590369530022,0.3640795184765011,200.0,0.0004725777544081211,0.09451555088162422,0.10605302651325663,0.08803445100784302,0.009336319966814766,0.0,0.0,0.0
214,0.6107316017150879,1.0,0.0003294415364507586,0.0003294415364507586,20.0,0.004682000260800123,0.09364000521600246,20.0,0.0002116072573699057,0.004232145147398114,10.0,0.004177822731435299,0.04177822731435299,0.0,0.01101021096110344,0.0,1.5982991495747874,0.0022454739082604647,0.003588939037965075,0.0,0.31591448187828064,0.0,500.0,0.0007268935441970825,0.36344677209854126,200.0,0.000471647537779063,0.0943295075558126,0.10655327663831916,0.0880926102399826,0.009386556268692494,0.0,0.0,0.0
215,0.6101518869400024,1.0,0.00032977588125504553,0.00032977588125504553,20.0,0.004678398370742798,0.09356796741485596,20.0,0.00020946431322954595,0.004189286264590919,10.0,0.0042037093080580235,0.042037093080580235,0.0,0.011129513382911682,0.0,1.6058029014507254,0.00226525473408401,0.0036375526245170948,0.0,0.3159995675086975,0.0,500.0,0.0007256158860400319,0.36280794302001595,200.0,0.00047072782763279974,0.09414556552655995,0.10705352676338169,0.08814984560012817,0.009436751855141284,0.0,0.0,0.0
216,0.6096101403236389,1.0,0.0003300469252280891,0.0003300469252280891,20.0,0.004674388095736504,0.09348776191473007,20.0,0.0002075139491353184,0.004150278982706368,10.0,0.004229554440826178,0.042295544408261776,0.0,0.011247184127569199,0.0,1.6133066533266633,0.002287647919729352,0.0036906776093682645,0.0,0.3160835802555084,0.0,500.0,0.0007243358995765448,0.3621679497882724,200.0,0.0004700032586697489,0.09400065173394978,0.10755377688844422,0.08820938318967819,0.00948725231904993,0.0,0.0,0.0
217,0.6089785695075989,1.0,0.00033032879582606256,0.00033032879582606256,20.0,0.004670270252972841,0.09340540505945683,20.0,0.00020574091468006372,0.0041148182936012745,10.0,0.0042550587095320225,0.042550587095320225,0.0,0.011364161036908627,0.0,1.6208104052026013,0.002233930164948106,0.0036207772558438534,0.0,0.31616345047950745,0.0,500.0,0.0007230992196127772,0.3615496098063886,200.0,0.0004693455412052572,0.09386910824105144,0.10805402701350675,0.08826998621225357,0.009537927474660715,0.0,0.0,0.0
218,0.6085213422775269,1.0,0.00033063694718293846,0.00033063694718293846,20.0,0.004666781984269619,0.09333563968539238,20.0,0.00020409069838933647,0.004081813967786729,10.0,0.004279986955225468,0.04279986955225468,0.0,0.01148010604083538,0.0,1.6283141570785393,0.002284936374053359,0.003720594245894789,0.0,0.31620529294013977,0.0,500.0,0.0007218722603283823,0.3609361301641911,200.0,0.00046863965690135956,0.09372793138027191,0.10855427713856929,0.08833132684230804,0.009588743334057452,0.0,0.0,0.0
219,0.6078749895095825,1.0,0.0003309560415800661,0.0003309560415800661,20.0,0.004664200823754072,0.09328401647508144,20.0,0.00020243307517375797,0.004048661503475159,10.0,0.004304524045437574,0.043045240454375744,0.0,0.011593283154070377,0.0,1.6358179089544773,0.0022328572813421488,0.003652547928958893,0.0,0.31626880168914795,0.0,500.0,0.0007206208538264036,0.3603104269132018,200.0,0.00046781726996414363,0.09356345399282873,0.10905452726363181,0.08839325606822968,0.009639684753813941,0.0,0.0,0.0
220,0.607355535030365,1.0,0.0003313210909254849,0.0003313210909254849,20.0,0.004662190563976765,0.0932438112795353,20.0,0.0002007307775784284,0.004014615551568568,10.0,0.004328553564846516,0.04328553564846516,0.0,0.01170511357486248,0.0,1.6433216608304153,0.002247258322313428,0.003692968278539075,0.0,0.31632521748542786,0.0,500.0,0.0007193698547780514,0.3596849273890257,200.0,0.00046705830027349293,0.09341166005469859,0.10955477738869435,0.08845528960227966,0.009690699561230238,0.0,0.0,0.0
221,0.6069720983505249,1.0,0.00033172802068293095,0.00033172802068293095,20.0,0.004661121405661106,0.09322242811322212,20.0,0.00019889346731361002,0.0039778693462722,10.0,0.004351863171905279,0.04351863171905279,0.0,0.011816125363111496,0.0,1.650825412706353,0.002331636380404234,0.0038491245899619666,0.0,0.31634414196014404,0.0,500.0,0.0007181041873991489,0.35905209369957447,200.0,0.0004663928411900997,0.09327856823801994,0.11005502751375688,0.08851560205221176,0.00974158701925292,0.0,0.0,0.0
222,0.6064901947975159,1.0,0.00033216518932022154,0.00033216518932022154,20.0,0.004661076236516237,0.09322152473032475,20.0,0.0001970077573787421,0.003940155147574842,10.0,0.004374615848064423,0.043746158480644226,0.0,0.011927166022360325,0.0,1.658329164582291,0.0023422669619321823,0.0038842496142096968,0.0,0.31638792157173157,0.0,500.0,0.0007168317679315805,0.35841588396579027,200.0,0.00046578957699239254,0.09315791539847851,0.11055527763881941,0.08857262879610062,0.009792171567752994,0.0,0.0,0.0
223,0.6060214638710022,1.0,0.00033264438388869166,0.00033264438388869166,20.0,0.004662069492042065,0.0932413898408413,20.0,0.00019511755090206861,0.0039023510180413723,10.0,0.004396731965243816,0.043967319652438164,0.0,0.01203989889472723,0.0,1.665832916458229,0.002348968293517828,0.003912988703058713,0.0,0.31639665365219116,0.0,500.0,0.000715552014298737,0.3577760071493685,200.0,0.0004652281932067126,0.09304563864134252,0.11105552776388194,0.08863259851932526,0.009843140005647929,0.0,0.0,0.0
224,0.605621337890625,1.0,0.0003331937186885625,0.0003331937186885625,20.0,0.004664016887545586,0.09328033775091171,20.0,0.000193076761206612,0.00386153522413224,10.0,0.00441823061555624,0.0441823061555624,0.0,0.012153655290603638,0.0,1.673336668334167,0.0023881010711193085,0.0039960970899920395,0.0,0.3163999021053314,0.0,500.0,0.0007142752874642611,0.3571376437321305,200.0,0.00046468066284433007,0.09293613256886601,0.11155577788894447,0.08869132399559021,0.009894029640328473,0.0,0.0,0.0
225,0.6052097082138062,1.0,0.0003337599919177592,0.0003337599919177592,20.0,0.00466707069426775,0.093341413885355,20.0,0.00019126469851471484,0.0038252939702942967,10.0,0.0044394503347575665,0.044394503347575665,0.0,0.012269803322851658,0.0,1.680840420210105,0.0024306373670697212,0.004085513533443853,0.0,0.31643030047416687,0.0,500.0,0.0007129558362066746,0.3564779181033373,200.0,0.00046403694432228804,0.09280738886445761,0.112056028014007,0.0887402594089508,0.00994388099429964,0.0,0.0,0.0
226,0.6046607494354248,1.0,0.00033432431519031525,0.00033432431519031525,20.0,0.004670632537454367,0.09341265074908733,20.0,0.00018972127872984856,0.0037944255745969713,10.0,0.004460296127945185,0.04460296127945185,0.0,0.012388519011437893,0.0,1.688344172086043,0.002389241009950638,0.0040338611348591305,0.0,0.31642860174179077,0.0,500.0,0.0007116032647900283,0.35580163239501417,200.0,0.00046343496069312096,0.09268699213862419,0.11255627813906953,0.08879057317972183,0.009993936450944178,0.0,0.0,0.0
227,0.6041330099105835,1.0,0.00033485889434814453,0.00033485889434814453,20.0,0.004674041643738747,0.09348083287477493,20.0,0.00018823779828380793,0.0037647559656761587,10.0,0.004480663221329451,0.044806632213294506,0.0,0.012509634718298912,0.0,1.695847923961981,0.0023521273396909237,0.00398885026590907,0.0,0.31648966670036316,0.0,500.0,0.0007102493545971811,0.35512467729859054,200.0,0.00046294607454910874,0.09258921490982175,0.11305652826413207,0.08883338421583176,0.010043194013395686,0.0,0.0,0.0
228,0.6037471294403076,1.0,0.00033538031857460737,0.00033538031857460737,20.0,0.004676554352045059,0.09353108704090118,20.0,0.00018641669885255396,0.0037283339770510793,10.0,0.004500365816056728,0.045003658160567284,0.0,0.012632213532924652,0.0,1.703351675837919,0.002394941169768572,0.004079427055058523,0.0,0.31655392050743103,0.0,500.0,0.0007089206483215094,0.3544603241607547,200.0,0.0004625854780897498,0.09251709561794996,0.1135567783891946,0.08887048810720444,0.010091846323329368,0.0,0.0,0.0
229,0.6032468676567078,1.0,0.0003358901012688875,0.0003358901012688875,20.0,0.0046780346892774105,0.09356069378554821,20.0,0.0001842855563154444,0.003685711126308888,10.0,0.004519529175013304,0.04519529175013304,0.0,0.012755864299833775,0.0,1.710855427713857,0.002366391010582447,0.004048552904548259,0.0,0.3165908753871918,0.0,500.0,0.0007076174952089787,0.3538087476044893,200.0,0.00046235989429987967,0.09247197885997593,0.11405702851425713,0.08890272676944733,0.010139980842138064,0.0,0.0,0.0
230,0.6028255224227905,1.0,0.00033638844615779817,0.00033638844615779817,20.0,0.004678801167756319,0.09357602335512638,20.0,0.0001821859914343804,0.0036437198286876082,10.0,0.004538372624665499,0.04538372624665499,0.0,0.01288150716573,0.0,1.718359179589795,0.0023787296377122402,0.004087511908725135,0.0,0.3166309595108032,0.0,500.0,0.0007063222001306713,0.35316110006533563,200.0,0.0004622471169568598,0.09244942339137197,0.11455727863931967,0.08893059939146042,0.010187647454049244,0.0,0.0,0.0
231,0.6024805903434753,1.0,0.00033684755908325315,0.00033684755908325315,20.0,0.004678808618336916,0.09357617236673832,20.0,0.00018011305655818433,0.0036022611311636865,10.0,0.004557013977319002,0.04557013977319002,0.0,0.013008276000618935,0.0,1.7258629314657328,0.0024319535586982965,0.004197218498003563,0.0,0.31661421060562134,0.0,500.0,0.0007050372660160065,0.35251863300800323,200.0,0.0004622216511052102,0.09244433022104204,0.11505752876438219,0.08895550668239594,0.010235000768859963,0.0,0.0,0.0
232,0.602074921131134,1.0,0.00033724785316735506,0.00033724785316735506,20.0,0.004678528755903244,0.09357057511806488,20.0,0.0001780128077371046,0.003560256154742092,10.0,0.0045755961909890175,0.045755961909890175,0.0,0.01313352957367897,0.0,1.7333666833416708,0.0024499872233718634,0.004246726227605556,0.0,0.3166293203830719,0.0,500.0,0.000703753437846899,0.3518767189234495,200.0,0.0004622265696525574,0.09244531393051147,0.11555777888944473,0.08897874504327774,0.010282186145571364,0.0,0.0,0.0
233,0.6016644835472107,1.0,0.00033760775113478303,0.00033760775113478303,20.0,0.004677954595535994,0.09355909191071987,20.0,0.0001759312435751781,0.0035186248715035617,10.0,0.004594130907207727,0.045941309072077274,0.0,0.013257449492812157,0.0,1.7408704352176088,0.002468540333211422,0.0042974088842299895,0.0,0.31664472818374634,0.0,500.0,0.0007024779333733022,0.3512389666866511,200.0,0.00046221003867685795,0.09244200773537159,0.11605802901450725,0.08900240063667297,0.01032944319545179,0.0,0.0,0.0
234,0.6011461615562439,1.0,0.00033794331829994917,0.00033794331829994917,20.0,0.004677381366491318,0.09354762732982635,20.0,0.00017392847803421319,0.0034785695606842637,10.0,0.004612690303474665,0.04612690303474665,0.0,0.013379284180700779,0.0,1.7483741870935467,0.0024207360111176968,0.004232352355605978,0.0,0.3166891634464264,0.0,500.0,0.000701210112310946,0.350605056155473,200.0,0.00046220552758313715,0.09244110551662743,0.11655827913956979,0.08902516216039658,0.01037661970153697,0.0,0.0,0.0
235,0.6006823182106018,1.0,0.00033838293165899813,0.00033838293165899813,20.0,0.004676570184528828,0.09353140369057655,20.0,0.00017238051805179566,0.0034476103610359132,10.0,0.004631178919225931,0.04631178919225931,0.0,0.01350303366780281,0.0,1.7558779389694847,0.002384372055530548,0.004186666290601412,0.0,0.3167001008987427,0.0,500.0,0.0007000069599598646,0.3500034799799323,200.0,0.00046219449723139405,0.09243889944627881,0.11705852926463231,0.08905041962862015,0.010424111152124618,0.0,0.0,0.0
236,0.6003180742263794,1.0,0.00033878887188620865,0.00033878887188620865,20.0,0.004675713367760181,0.09351426735520363,20.0,0.00017075105279218405,0.003415021055843681,10.0,0.004649562761187553,0.046495627611875534,0.0,0.013623575679957867,0.0,1.7633816908454227,0.0023994753137230873,0.004231190835854869,0.0,0.31674128770828247,0.0,500.0,0.0006988318637013435,0.34941593185067177,200.0,0.00046217787894420326,0.09243557578884065,0.11755877938969485,0.08907647430896759,0.010471721592099742,0.0,0.0,0.0
237,0.5999855995178223,1.0,0.0003391605569049716,0.0003391605569049716,20.0,0.004675328265875578,0.09350656531751156,20.0,0.00016891449922695756,0.003378289984539151,10.0,0.004667806439101696,0.04667806439101696,0.0,0.013740472495555878,0.0,1.7708854427213607,0.0024321814998984337,0.004307114812226341,0.0,0.3167811632156372,0.0,500.0,0.0006976479780860245,0.34882398904301226,200.0,0.0004621664702426642,0.09243329404853284,0.11805902951475739,0.08910078555345535,0.010519152271443453,0.0,0.0,0.0
238,0.5995628237724304,1.0,0.00033960898872464895,0.00033960898872464895,20.0,0.0046761310659348965,0.09352262131869793,20.0,0.00016736495308578014,0.003347299061715603,10.0,0.004685986787080765,0.04685986787080765,0.0,0.013856688514351845,0.0,1.7783891945972987,0.0024035493843257427,0.004274446253765891,0.0,0.31681400537490845,0.0,500.0,0.0006964627536945045,0.34823137684725225,200.0,0.00046210698201321065,0.09242139640264213,0.11855927963981991,0.08912160992622375,0.010566193873194112,0.0,0.0,0.0
239,0.5993399024009705,1.0,0.0003400836721993983,0.0003400836721993983,20.0,0.0046775685623288155,0.09355137124657631,20.0,0.00016598815273027867,0.0033197630546055734,10.0,0.004704040475189686,0.04704040475189686,0.0,0.013972407206892967,0.0,1.7858929464732367,0.002482267562299967,0.004433064130770826,0.0,0.3168450891971588,0.0,500.0,0.0006952863768674433,0.34764318843372166,200.0,0.0004619962419383228,0.09239924838766456,0.11905952976488245,0.08913858979940414,0.010612798585421804,0.0,0.0,0.0
240,0.5989811420440674,1.0,0.00034049456007778645,0.00034049456007778645,20.0,0.0046791695058345795,0.09358339011669159,20.0,0.0001646154560148716,0.003292309120297432,10.0,0.004722115583717823,0.04722115583717823,0.0,0.014086603187024593,0.0,1.7933966983491745,0.0024920497089624405,0.004469233720175262,0.0,0.31687888503074646,0.0,500.0,0.0006940923631191254,0.3470461815595627,200.0,0.00046184699749574065,0.09236939949914813,0.11955977988994497,0.08915200084447861,0.01065899359771405,0.0,0.0,0.0
241,0.5985541343688965,1.0,0.000340848695486784,0.000340848695486784,20.0,0.004680781625211239,0.09361563250422478,20.0,0.00016322790179401636,0.0032645580358803272,10.0,0.004740208387374878,0.04740208387374878,0.0,0.014199296943843365,0.0,1.8009004502251125,0.002470385516062379,0.004448918388106335,0.0,0.31691598892211914,0.0,500.0,0.0006928830407559872,0.3464415203779936,200.0,0.0004616798250935972,0.09233596501871943,0.12006003001500751,0.08916087448596954,0.010704657266949821,0.0,0.0,0.0
242,0.5982864499092102,1.0,0.0003412231453694403,0.0003412231453694403,20.0,0.0046824621967971325,0.09364924393594265,20.0,0.00016197426884900779,0.0032394853769801557,10.0,0.00475814426317811,0.0475814426317811,0.0,0.014312184415757656,0.0,1.8084042021010505,0.002529862802475691,0.0045750145227361795,0.0,0.31695303320884705,0.0,500.0,0.0006916989805176854,0.3458494902588427,200.0,0.00046150508569553494,0.09230101713910699,0.12056028014007003,0.08916317671537399,0.010749537562984059,0.0,0.0,0.0
243,0.5978038311004639,1.0,0.00034165018587373197,0.00034165018587373197,20.0,0.00468381866812706,0.0936763733625412,20.0,0.000161014570039697,0.00322029140079394,10.0,0.00477588688954711,0.047758868895471096,0.0,0.014427535235881805,0.0,1.8159079539769885,0.0024503839667886496,0.004449671735589193,0.0,0.31702178716659546,0.0,500.0,0.0006905898917466402,0.3452949458733201,200.0,0.00046134035801514983,0.09226807160302997,0.12106053026513257,0.08916191011667252,0.010793988118176463,0.0,0.0,0.0
244,0.5974724292755127,1.0,0.00034206800046376884,0.00034206800046376884,20.0,0.004684985149651766,0.09369970299303532,20.0,0.00015987720689736307,0.0031975441379472613,10.0,0.004793282598257065,0.04793282598257065,0.0,0.014541249722242355,0.0,1.8234117058529264,0.002450462430715561,0.00446820188091957,0.0,0.31706011295318604,0.0,500.0,0.0006895065307617188,0.3447532653808594,200.0,0.0004612046468537301,0.09224092937074602,0.12156078039019509,0.08915609866380692,0.010837884930117598,0.0,0.0,0.0
245,0.5970750451087952,1.0,0.0003424526075832546,0.0003424526075832546,20.0,0.004685945808887482,0.09371891617774963,20.0,0.00015847924805711955,0.003169584961142391,10.0,0.004810369107872248,0.04810369107872248,0.0,0.014652563259005547,0.0,1.8309154577288644,0.0024173702113330364,0.004426000486982948,0.0,0.3170991837978363,0.0,500.0,0.0006884267786517739,0.34421338932588696,200.0,0.0004610985633917153,0.09221971267834306,0.12206103051525763,0.08914654701948166,0.0108813193960748,0.0,0.0,0.0
246,0.5968999862670898,1.0,0.00034276110818609595,0.00034276110818609595,20.0,0.004686919040977955,0.0937383808195591,20.0,0.00015685924154240638,0.0031371848308481276,10.0,0.004827151540666819,0.048271515406668186,0.0,0.01476141344755888,0.0,1.8384192096048024,0.0025139290373772383,0.004621655433897624,0.0,0.3171701729297638,0.0,500.0,0.0006873233360238373,0.34366166801191866,200.0,0.00046101491898298264,0.09220298379659653,0.12256128064032017,0.08912990987300873,0.010923875897392266,0.0,0.0,0.0
247,0.5965030789375305,1.0,0.00034308279282413423,0.00034308279282413423,20.0,0.004687801003456116,0.09375602006912231,20.0,0.00015542878827545792,0.0031085757655091584,10.0,0.004843710921704769,0.04843710921704769,0.0,0.014871612191200256,0.0,1.8459229614807404,0.002473510103300214,0.004565909095136463,0.0,0.31721118092536926,0.0,500.0,0.0006862757727503777,0.3431378863751888,200.0,0.0004609393363352865,0.0921878672670573,0.12306153076538269,0.08911489695310593,0.010966615633048554,0.0,0.0,0.0
248,0.5962594151496887,1.0,0.0003433569218032062,0.0003433569218032062,20.0,0.00468840729445219,0.09376814588904381,20.0,0.0001537822827231139,0.003075645654462278,10.0,0.004860068205744028,0.04860068205744028,0.0,0.014979833737015724,0.0,1.8534267133566784,0.002519369125366211,0.0046694660377597855,0.0,0.3172535300254822,0.0,500.0,0.0006852344376966357,0.34261721884831786,200.0,0.00046088133240118623,0.09217626648023725,0.12356178089044523,0.0890941247344017,0.01100862871905814,0.0,0.0,0.0
249,0.5959692597389221,1.0,0.0003436705155763775,0.0003436705155763775,20.0,0.004688691347837448,0.09377382695674896,20.0,0.00015218876069411635,0.003043775213882327,10.0,0.004876257386058569,0.04876257386058569,0.0,0.015088762156665325,0.0,1.8609304652326164,0.002527224365621805,0.00470298881446379,0.0,0.31729602813720703,0.0,500.0,0.0006842504953965545,0.34212524769827724,200.0,0.00046083639608696103,0.0921672792173922,0.12406203101550775,0.08906769007444382,0.011049918528495281,0.0,0.0,0.0
250,0.5955149531364441,1.0,0.0003440526779741049,0.0003440526779741049,20.0,0.004688698798418045,0.0937739759683609,20.0,0.00015085066843312234,0.0030170133686624467,10.0,0.004892394412308931,0.048923944123089314,0.0,0.015200045891106129,0.0,1.8684342171085542,0.0024277062620967627,0.004536009449190299,0.0,0.3173690438270569,0.0,500.0,0.0006833375664427876,0.3416687832213938,200.0,0.0004608026356436312,0.09216052712872624,0.12456228114057029,0.08903688192367554,0.011090637118056633,0.0,0.0,0.0
251,0.5952717661857605,1.0,0.00034433245309628546,0.00034433245309628546,20.0,0.004688236862421036,0.09376473724842072,20.0,0.00014925934374332428,0.0029851868748664856,10.0,0.0049086022190749645,0.049086022190749645,0.0,0.015309219248592854,0.0,1.8759379689844922,0.002463576151058078,0.004621516041254523,0.0,0.31744736433029175,0.0,500.0,0.0006823554867878556,0.3411777433939278,200.0,0.00046080542961135507,0.09216108592227101,0.12506253126563283,0.08900421857833862,0.011131092868726692,0.0,0.0,0.0
252,0.5949060320854187,1.0,0.00034442776814103127,0.00034442776814103127,20.0,0.004687347449362278,0.09374694898724556,20.0,0.00014756119344383478,0.0029512238688766956,10.0,0.00492501026019454,0.0492501026019454,0.0,0.015417035669088364,0.0,1.8834417208604302,0.0024650362320244312,0.0046427520828274055,0.0,0.31744295358657837,0.0,500.0,0.0006812590872868896,0.3406295436434448,200.0,0.0004608442250173539,0.09216884500347078,0.12556278139069535,0.0889768972992897,0.011172186704413065,0.0,0.0,0.0
253,0.5945305824279785,1.0,0.00034456857247278094,0.00034456857247278094,20.0,0.004686162807047367,0.09372325614094734,20.0,0.00014622823800891638,0.0029245647601783276,10.0,0.0049415151588618755,0.049415151588618755,0.0,0.01552797481417656,0.0,1.8909454727363681,0.002446742495521903,0.004626656644858826,0.0,0.3174706995487213,0.0,500.0,0.0006802143761888146,0.3401071880944073,200.0,0.00046088400995358825,0.09217680199071765,0.12606303151575787,0.0889427438378334,0.011212391919526771,0.0,0.0,0.0
254,0.5942351818084717,1.0,0.0003447248600423336,0.0003447248600423336,20.0,0.004684168845415115,0.09368337690830231,20.0,0.00014496158109977841,0.0028992316219955683,10.0,0.004957934841513634,0.04957934841513634,0.0,0.015640854835510254,0.0,1.8984492246123061,0.0024592620320618153,0.004668784097886238,0.0,0.31753286719322205,0.0,500.0,0.0006792383501306176,0.3396191750653088,200.0,0.00046093171113170683,0.09218634222634137,0.1265632816408204,0.0889216959476471,0.011254221648201458,0.0,0.0,0.0
255,0.5939423441886902,1.0,0.0003449042560532689,0.0003449042560532689,20.0,0.0046818675473332405,0.09363735094666481,20.0,0.0001435362792108208,0.002870725584216416,10.0,0.004974162671715021,0.04974162671715021,0.0,0.01575414277613163,0.0,1.9059529764882441,0.002465280471369624,0.004698708652285276,0.0,0.31759655475616455,0.0,500.0,0.0006783129647374153,0.33915648236870766,200.0,0.0004609844763763249,0.09219689527526498,0.12706353176588295,0.08889804780483246,0.01129569992117431,0.0,0.0,0.0
256,0.5935784578323364,1.0,0.00034508935641497374,0.00034508935641497374,20.0,0.004679533652961254,0.09359067305922508,20.0,0.0001419178443029523,0.002838356886059046,10.0,0.00499017583206296,0.0499017583206296,0.0,0.015866603702306747,0.0,1.9134567283641821,0.002429140731692314,0.004648055677200151,0.0,0.31765979528427124,0.0,500.0,0.0006774215726181865,0.33871078630909324,200.0,0.00046103447675704956,0.09220689535140991,0.12756378189094547,0.08887185901403427,0.011336830439509124,0.0,0.0,0.0
257,0.5934229493141174,1.0,0.00034522381611168385,0.00034522381611168385,20.0,0.0046774717047810555,0.09354943409562111,20.0,0.00013991817831993103,0.0027983635663986206,10.0,0.005005925893783569,0.05005925893783569,0.0,0.015975454822182655,0.0,1.9209604802401201,0.00251974631100893,0.004840333083678985,0.0,0.31772252917289734,0.0,500.0,0.0006764719728380442,0.3382359864190221,200.0,0.0004610835458151996,0.09221670916303992,0.128064032016008,0.08884350210428238,0.011377657097897093,0.0,0.0,0.0
258,0.593285083770752,1.0,0.00034532934660091996,0.00034532934660091996,20.0,0.004675948526710272,0.09351897053420544,20.0,0.00013797708379570395,0.002759541675914079,10.0,0.005021668970584869,0.050216689705848694,0.0,0.01608278974890709,0.0,1.928464232116058,0.0026163747534155846,0.005045585129773426,0.0,0.317721962928772,0.0,500.0,0.0006755163194611669,0.33775815973058343,200.0,0.0004611135518644005,0.0922227103728801,0.12856428214107055,0.08881250023841858,0.011418115338305942,0.0,0.0,0.0
259,0.592862606048584,1.0,0.0003454360121395439,0.0003454360121395439,20.0,0.004675343632698059,0.09350687265396118,20.0,0.0001363390765618533,0.002726781531237066,10.0,0.005037698894739151,0.05037698894739151,0.0,0.016189979389309883,0.0,1.935967983991996,0.002563970861956477,0.004963765500636101,0.0,0.3177794814109802,0.0,500.0,0.0006745243445038795,0.3372621722519398,200.0,0.00046111177653074265,0.09222235530614853,0.12906453226613307,0.08877915143966675,0.011458239655544784,0.0,0.0,0.0
260,0.5925930142402649,1.0,0.0003455810365267098,0.0003455810365267098,20.0,0.004674874246120453,0.09349748492240906,20.0,0.00013479150948114693,0.0026958301896229386,10.0,0.005053909495472908,0.05053909495472908,0.0,0.016296563670039177,0.0,1.9434717358679339,0.0025838660076260567,0.00502167055509116,0.0,0.31783461570739746,0.0,500.0,0.0006735508795827627,0.33677543979138136,200.0,0.0004610991454683244,0.09221982909366488,0.1295647823911956,0.08874371647834778,0.011498060314103088,0.0,0.0,0.0
261,0.5921837687492371,1.0,0.0003457967541180551,0.0003457967541180551,20.0,0.004674544092267752,0.09349088184535503,20.0,0.00013338388816919178,0.0026676777633838356,10.0,0.005070233717560768,0.05070233717560768,0.0,0.016402676701545715,0.0,1.9509754877438719,0.0025239172391593456,0.0049241006666940704,0.0,0.31788572669029236,0.0,500.0,0.0006726093124598265,0.33630465622991323,200.0,0.00046105391811579466,0.09221078362315893,0.13006503251625812,0.08870606869459152,0.011537557709151472,0.0,0.0,0.0
262,0.5920762419700623,1.0,0.0003460502775851637,0.0003460502775851637,20.0,0.004674559459090233,0.09349118918180466,20.0,0.00013205257710069418,0.0026410515420138836,10.0,0.005086925346404314,0.05086925346404314,0.0,0.016507532447576523,0.0,1.9584792396198099,0.0026108473539352417,0.005113290340498485,0.0,0.3179331123828888,0.0,500.0,0.0006717019714415073,0.33585098572075367,200.0,0.000460938666947186,0.0921877333894372,0.13056528264132067,0.08866602182388306,0.011576704200116798,0.0,0.0,0.0
263,0.5918028950691223,1.0,0.0003463032189756632,0.0003463032189756632,20.0,0.004674636758863926,0.09349273517727852,20.0,0.00013066266546957195,0.002613253309391439,10.0,0.0051038386300206184,0.051038386300206184,0.0,0.01661021076142788,0.0,1.9659829914957478,0.0026127388700842857,0.0051366001798055245,0.0,0.31797894835472107,0.0,500.0,0.0006708032451570034,0.3354016225785017,200.0,0.0004607922746799886,0.09215845493599772,0.1310655327663832,0.0886240005493164,0.011615551847884391,0.0,0.0,0.0
264,0.5914961695671082,1.0,0.0003465249901637435,0.0003465249901637435,20.0,0.0046751052141189575,0.09350210428237915,20.0,0.0001291765656787902,0.0025835313135758042,10.0,0.005121201276779175,0.05121201276779175,0.0,0.016709977760910988,0.0,1.9734867433716858,0.002609380753710866,0.005149578325857612,0.0,0.31802332401275635,0.0,500.0,0.0006698843790218234,0.3349421895109117,200.0,0.0004605244321282953,0.09210488642565906,0.13156578289144572,0.08858918398618698,0.011655305346857017,0.0,0.0,0.0
265,0.5911323428153992,1.0,0.0003467196656856686,0.0003467196656856686,20.0,0.004676529206335545,0.09353058412671089,20.0,0.00012795555812772363,0.0025591111625544727,10.0,0.005138983950018883,0.05138983950018883,0.0,0.016808530315756798,0.0,1.9809904952476238,0.0025754068046808243,0.005101856401468766,0.0,0.31806480884552,0.0,500.0,0.0006689315778203309,0.33446578891016543,200.0,0.00046021665912121534,0.09204333182424307,0.13206603301650827,0.08855480700731277,0.011695082065998286,0.0,0.0,0.0
266,0.5908697843551636,1.0,0.0003469273215159774,0.0003469273215159774,20.0,0.0046780346892774105,0.09356069378554821,20.0,0.000126762330182828,0.00253524660365656,10.0,0.005156756844371557,0.05156756844371557,0.0,0.016906457021832466,0.0,1.9884942471235618,0.002582413610070944,0.005135114607319661,0.0,0.3181043565273285,0.0,500.0,0.0006680008955299854,0.3340004477649927,200.0,0.0004599502426572144,0.09199004853144288,0.1325662831415708,0.08851252496242523,0.011733776445744215,0.0,0.0,0.0
267,0.5907050967216492,1.0,0.00034715855144895613,0.00034715855144895613,20.0,0.004679284058511257,0.09358568117022514,20.0,0.0001256012765225023,0.002512025530450046,10.0,0.005174421239644289,0.05174421239644289,0.0,0.01700453832745552,0.0,1.9959979989994998,0.002627694746479392,0.005244873455954364,0.0,0.31814301013946533,0.0,500.0,0.0006671006558462977,0.33355032792314887,200.0,0.00045973830856382847,0.0919476617127657,0.1330665332666333,0.08847559988498688,0.011773141355380944,0.0,0.0,0.0
268,0.5904508233070374,1.0,0.0003473623946774751,0.0003473623946774751,20.0,0.004679809790104628,0.09359619580209255,20.0,0.00012436092947609723,0.0024872185895219445,10.0,0.005191856529563665,0.051918565295636654,0.0,0.017102714627981186,0.0,2.003501750875438,0.0026313168928027153,0.005271848001838357,0.0,0.3181842863559723,0.0,500.0,0.0006662018713541329,0.33310093567706645,200.0,0.0004595827776938677,0.09191655553877354,0.13356678339169584,0.08843647688627243,0.011812175752193465,0.0,0.0,0.0
269,0.590140163898468,1.0,0.0003475857665762305,0.0003475857665762305,20.0,0.004679808393120766,0.09359616786241531,20.0,0.00012326464639045298,0.0024652929278090596,10.0,0.0052090296521782875,0.052090296521782875,0.0,0.017203189432621002,0.0,2.0110055027513756,0.002602120628580451,0.005232878902898155,0.0,0.31825798749923706,0.0,500.0,0.000665331375785172,0.332665687892586,200.0,0.00045945675810799,0.091891351621598,0.1340670335167584,0.08839522302150726,0.011850885327545748,0.0,0.0,0.0
270,0.5899208188056946,1.0,0.00034777435939759016,0.00034777435939759016,20.0,0.004680021665990353,0.09360043331980705,20.0,0.00012233642337378114,0.002446728467475623,10.0,0.005226128734648228,0.05226128734648228,0.0,0.017303772270679474,0.0,2.018509254627314,0.0026188818737864494,0.005286237299013669,0.0,0.3183010518550873,0.0,500.0,0.0006644410314038396,0.3322205157019198,200.0,0.00045934124500490725,0.09186824900098145,0.1345672836418209,0.08835440874099731,0.011889612782055166,0.0,0.0,0.0
271,0.5896572470664978,1.0,0.00034789316123351455,0.00034789316123351455,20.0,0.0046800002455711365,0.09360000491142273,20.0,0.00012128762318752706,0.002425752463750541,10.0,0.005243129096925259,0.052431290969252586,0.0,0.01740221679210663,0.0,2.0260130065032516,0.002627595793455839,0.005323543253374761,0.0,0.31834542751312256,0.0,500.0,0.0006635000463575125,0.33175002317875624,200.0,0.00045925291487947106,0.09185058297589421,0.13506753376688344,0.08831261098384857,0.011928166566102608,0.0,0.0,0.0
272,0.5893533229827881,1.0,0.00034804444294422865,0.00034804444294422865,20.0,0.004679989535361528,0.09359979070723057,20.0,0.00012016949767712504,0.0024033899535425007,10.0,0.005259899888187647,0.05259899888187647,0.0,0.01750088296830654,0.0,2.0335167583791898,0.002617649734020233,0.0053230346016969726,0.0,0.3183882236480713,0.0,500.0,0.0006625611567869782,0.3312805783934891,200.0,0.0004591640899889171,0.09183281799778342,0.135567783891946,0.08827076852321625,0.011966672471131368,0.0,0.0,0.0
273,0.5891755819320679,1.0,0.00034825410693883896,0.00034825410693883896,20.0,0.0046799276024103165,0.09359855204820633,20.0,0.00011889578308910131,0.0023779156617820263,10.0,0.005276443902403116,0.05276443902403116,0.0,0.01760004460811615,0.0,2.0410205102551275,0.002668161178007722,0.005445771688980243,0.0,0.31842896342277527,0.0,500.0,0.000661637750454247,0.3308188752271235,200.0,0.0004590759053826332,0.09181518107652664,0.1360680340170085,0.08823937922716141,0.012006558854321113,0.0,0.0,0.0
274,0.5889638662338257,1.0,0.00034853574470616877,0.00034853574470616877,20.0,0.004680389538407326,0.09360779076814651,20.0,0.0001176937366835773,0.002353874733671546,10.0,0.005292955320328474,0.05292955320328474,0.0,0.01769978366792202,0.0,2.0485242621310658,0.00269322469830513,0.005517136137848678,0.0,0.31852641701698303,0.0,500.0,0.0006607304094359279,0.33036520471796393,200.0,0.0004589768359437585,0.0917953671887517,0.13656828414207103,0.08820772916078568,0.012046378219557024,0.0,0.0,0.0
275,0.5887238383293152,1.0,0.0003488489310257137,0.0003488489310257137,20.0,0.0046813003718853,0.093626007437706,20.0,0.00011665814963635057,0.0023331629927270114,10.0,0.005309444852173328,0.053094448521733284,0.0,0.01780056767165661,0.0,2.0560280140070035,0.00269567989744246,0.0055423933859372245,0.0,0.31855902075767517,0.0,500.0,0.0006598361069336534,0.3299180534668267,200.0,0.0004588774754665792,0.09177549509331584,0.13706853426713356,0.08817082643508911,0.012085445944579496,0.0,0.0,0.0
276,0.5884292125701904,1.0,0.00034914148272946477,0.00034914148272946477,20.0,0.0046824319288134575,0.09364863857626915,20.0,0.0001156990765593946,0.002313981531187892,10.0,0.005325900390744209,0.05325900390744209,0.0,0.017901446670293808,0.0,2.0635317658829413,0.002668531844392419,0.00550660022917395,0.0,0.3185901641845703,0.0,500.0,0.0006589377298951149,0.32946886494755745,200.0,0.00045879522804170847,0.0917590456083417,0.1375687843921961,0.0881299078464508,0.012123924291032503,0.0,0.0,0.0
277,0.5881907939910889,1.0,0.00034943880746141076,0.00034943880746141076,20.0,0.004683721344918013,0.09367442689836025,20.0,0.00011459652887424454,0.002291930577484891,10.0,0.0053423922508955,0.053423922508955,0.0,0.018001699820160866,0.0,2.0710355177588795,0.0026751176919788122,0.0055402637542732785,0.0,0.31862011551856995,0.0,500.0,0.0006580186309292912,0.3290093154646456,200.0,0.00045869589666835964,0.09173917933367193,0.13806903451725863,0.08808888494968414,0.012162347296704764,0.0,0.0,0.0
278,0.5879577994346619,1.0,0.00034972315188497305,0.00034972315188497305,20.0,0.004684901796281338,0.09369803592562675,20.0,0.0001134181147790514,0.002268362295581028,10.0,0.005358851980417967,0.05358851980417967,0.0,0.018101822584867477,0.0,2.0785392696348173,0.002685725688934326,0.005582386311917021,0.0,0.3186807632446289,0.0,500.0,0.0006570904515683651,0.32854522578418255,200.0,0.0004586185677908361,0.09172371355816722,0.13856928464232116,0.08805611729621887,0.012201873182117372,0.0,0.0,0.0
279,0.5877898335456848,1.0,0.00035001628566533327,0.00035001628566533327,20.0,0.0046859136782586575,0.09371827356517315,20.0,0.00011221678869333118,0.0022443357738666236,10.0,0.005375332664698362,0.053753326646983624,0.0,0.01820238120853901,0.0,2.0860430215107555,0.0027262242510914803,0.005687021074062768,0.0,0.3187422752380371,0.0,500.0,0.0006561620393767953,0.32808101968839765,200.0,0.00045856708311475813,0.09171341662295163,0.13906953476738368,0.08803112804889679,0.012242448022808057,0.0,0.0,0.0
280,0.5876376628875732,1.0,0.00035034792381338775,0.00035034792381338775,20.0,0.004687048494815826,0.09374096989631653,20.0,0.0001111193560063839,0.002222387120127678,10.0,0.005392128136008978,0.05392128136008978,0.0,0.018301870673894882,0.0,2.0935467733866933,0.002773902378976345,0.0058072943751956,0.0,0.3187689483165741,0.0,500.0,0.0006552173872478306,0.3276086936239153,200.0,0.00045851871254853904,0.09170374250970781,0.13956978489244623,0.08800613135099411,0.012282996821874616,0.0,0.0,0.0
281,0.5873503088951111,1.0,0.00035070464946329594,0.00035070464946329594,20.0,0.004688286688178778,0.09376573376357555,20.0,0.00011030313180526718,0.0022060626361053437,10.0,0.005409270524978638,0.05409270524978638,0.0,0.018401041626930237,0.0,2.1010505252626315,0.0027545825578272343,0.005787517130002194,0.0,0.31882375478744507,0.0,500.0,0.0006542678456753492,0.3271339228376746,200.0,0.0004584520647767931,0.09169041295535862,0.14007003501750875,0.08797936141490936,0.012323272234204413,0.0,0.0,0.0
282,0.5871258974075317,1.0,0.00035098925582133234,0.00035098925582133234,20.0,0.004688883665949106,0.09377767331898212,20.0,0.00010970071889460087,0.0021940143778920174,10.0,0.005426593590527773,0.05426593590527773,0.0,0.018500525504350662,0.0,2.1085542771385692,0.002766124904155731,0.005832524497757082,0.0,0.31885188817977905,0.0,500.0,0.0006533283740282059,0.32666418701410294,200.0,0.0004583858826663345,0.0916771765332669,0.14057028514257128,0.0879514068365097,0.012363354337698461,0.0,0.0,0.0
283,0.5869534611701965,1.0,0.00035122124245390296,0.00035122124245390296,20.0,0.004689219407737255,0.0937843881547451,20.0,0.00010931672295555472,0.0021863344591110945,10.0,0.005444265902042389,0.05444265902042389,0.0,0.018598448485136032,0.0,2.1160580290145075,0.002806225325912237,0.0059381356321204426,0.0,0.31884998083114624,0.0,500.0,0.0006523695774376392,0.3261847887188196,200.0,0.0004583129775710404,0.09166259551420808,0.14107053526763383,0.08792285621166229,0.012403324388038404,0.0,0.0,0.0
284,0.5865422487258911,1.0,0.00035144767025485635,0.00035144767025485635,20.0,0.004689997062087059,0.09379994124174118,20.0,0.0001090950972866267,0.002181901945732534,10.0,0.005462419707328081,0.05462419707328081,0.0,0.01869189366698265,0.0,2.1235617808904452,0.0027382024563848972,0.005814742084719304,0.0,0.3188719153404236,0.0,500.0,0.0006513620028272271,0.32568100141361356,200.0,0.0004582231631502509,0.09164463263005018,0.14157078539269635,0.08790228515863419,0.012444395547720598,0.0,0.0,0.0
285,0.5862402319908142,1.0,0.0003516729921102524,0.0003516729921102524,20.0,0.004692132584750652,0.09384265169501305,20.0,0.00010887978714890778,0.0021775957429781556,10.0,0.005480813328176737,0.05480813328176737,0.0,0.018777070567011833,0.0,2.131065532766383,0.0027211892884224653,0.005799032700690196,0.0,0.3188803493976593,0.0,500.0,0.000650307978503406,0.325153989251703,200.0,0.0004581088142003864,0.09162176284007728,0.14207103551775888,0.08788122981786728,0.012485377322798552,0.0,0.0,0.0
286,0.5859038829803467,1.0,0.0003518175217323005,0.0003518175217323005,20.0,0.00469376053661108,0.0938752107322216,20.0,0.00010847061639651656,0.0021694123279303312,10.0,0.005499327089637518,0.05499327089637518,0.0,0.018857108429074287,0.0,2.138569284642321,0.0026950156316161156,0.00576347765140515,0.0,0.3188888132572174,0.0,500.0,0.0006492374232038856,0.3246187116019428,200.0,0.000458022637758404,0.0916045275516808,0.1425712856428214,0.08786807209253311,0.012527464005188562,0.0,0.0,0.0
287,0.5858047008514404,1.0,0.00035207951441407204,0.00035207951441407204,20.0,0.004695606417953968,0.09391212835907936,20.0,0.0001082780072465539,0.002165560144931078,10.0,0.00551791675388813,0.0551791675388813,0.0,0.01893628016114235,0.0,2.146073036518259,0.0027644685469567776,0.005932751408926751,0.0,0.3188885748386383,0.0,500.0,0.0006482264725491405,0.3241132362745702,200.0,0.000457900547189638,0.0915801094379276,0.14307153576788395,0.08785586804151535,0.012569673966920157,0.0,0.0,0.0
288,0.5855644345283508,1.0,0.00035241871955804527,0.00035241871955804527,20.0,0.004697354044765234,0.09394708089530468,20.0,0.00010830791143234819,0.002166158228646964,10.0,0.005536434706300497,0.05536434706300497,0.0,0.019016750156879425,0.0,2.153576788394197,0.002758866408839822,0.005941430660357895,0.0,0.31891581416130066,0.0,500.0,0.0006472525419667363,0.32362627098336816,200.0,0.0004577786894515157,0.09155573789030313,0.14357178589294647,0.08783749490976334,0.012610986012557317,0.0,0.0,0.0
289,0.5854033827781677,1.0,0.0003527552471496165,0.0003527552471496165,20.0,0.004698901437222958,0.09397802874445915,20.0,0.00010882120113819838,0.0021764240227639675,10.0,0.005555230658501387,0.055552306585013866,0.0,0.019101928919553757,0.0,2.161080540270135,0.0027706511318683624,0.0059876002449581415,0.0,0.3189774453639984,0.0,500.0,0.0006463321624323726,0.3231660812161863,200.0,0.0004576949868351221,0.09153899736702442,0.144072036018009,0.0878114104270935,0.012651168685844386,0.0,0.0,0.0
290,0.5852627158164978,1.0,0.00035306368954479694,0.00035306368954479694,20.0,0.0046999286860227585,0.09399857372045517,20.0,0.00010949408169835806,0.002189881633967161,10.0,0.0055738696828484535,0.055738696828484535,0.0,0.01919202320277691,0.0,2.168584292146073,0.0027693361043930054,0.00600553877565967,0.0,0.318983793258667,0.0,500.0,0.0006455052061937749,0.32275260309688747,200.0,0.00045766925904899836,0.09153385180979967,0.14457228614307155,0.08777990937232971,0.01269054217538934,0.0,0.0,0.0
291,0.5851700305938721,1.0,0.00035337067674845457,0.00035337067674845457,20.0,0.004699883982539177,0.09399767965078354,20.0,0.00011006915883626789,0.0022013831767253578,10.0,0.005592085886746645,0.05592085886746645,0.0,0.019287580624222755,0.0,2.176088044022011,0.002777297981083393,0.006043644931322041,0.0,0.31899866461753845,0.0,500.0,0.0006447611376643181,0.32238056883215904,200.0,0.00045770895667374134,0.09154179133474827,0.14507253626813407,0.08775428682565689,0.01273073695819935,0.0,0.0,0.0
292,0.5849767923355103,1.0,0.00035378284519538283,0.00035378284519538283,20.0,0.004699232988059521,0.09398465976119041,20.0,0.00011060406541218981,0.0022120813082437962,10.0,0.0056096469052135944,0.056096469052135944,0.0,0.019390232861042023,0.0,2.183591795897949,0.002735478337854147,0.005973168056394874,0.0,0.3190178871154785,0.0,500.0,0.0006440558936446905,0.32202794682234526,200.0,0.00045779108768329024,0.09155821753665805,0.1455727863931966,0.0877251997590065,0.012770401765818356,0.0,0.0,0.0
293,0.58460533618927,1.0,0.0003542278427630663,0.0003542278427630663,20.0,0.004698224365711212,0.09396448731422424,20.0,0.00011093611101387069,0.0022187222202774137,10.0,0.005626820493489504,0.05626820493489504,0.0,0.019496770575642586,0.0,2.191095547773887,0.002613227814435959,0.005725831829529514,0.0,0.31907182931900024,0.0,500.0,0.0006433704984374344,0.3216852492187172,200.0,0.0004578906809911132,0.09157813619822264,0.14607303651825912,0.08769913017749786,0.012810478245037206,0.0,0.0,0.0
294,0.5843892097473145,1.0,0.00035458753700368106,0.00035458753700368106,20.0,0.004697949625551701,0.09395899251103401,20.0,0.00011054279457312077,0.0022108558914624155,10.0,0.005643751472234726,0.05643751472234726,0.0,0.01959758810698986,0.0,2.1985992996498247,0.0026299955788999796,0.00578230643785163,0.0,0.31906190514564514,0.0,500.0,0.0006424107123166323,0.32120535615831614,200.0,0.0004579397791530937,0.09158795583061874,0.14657328664332167,0.08768071234226227,0.012851650183233039,0.0,0.0,0.0
295,0.5842739343643188,1.0,0.00035491539165377617,0.00035491539165377617,20.0,0.0046981507912278175,0.09396301582455635,20.0,0.00010971647861879319,0.002194329572375864,10.0,0.005660326220095158,0.056603262200951576,0.0,0.01969599351286888,0.0,2.206103051525763,0.002726153004914522,0.006014174463068056,0.0,0.3190505802631378,0.0,500.0,0.0006413153023459017,0.32065765117295086,200.0,0.00045796926133334637,0.09159385226666927,0.1470735367683842,0.087661974132061,0.012892756575700819,0.0,0.0,0.0
296,0.5838547348976135,1.0,0.000355217547621578,0.000355217547621578,20.0,0.004698337055742741,0.09396674111485481,20.0,0.00010873961582547054,0.0021747923165094107,10.0,0.005676599685102701,0.05676599685102701,0.0,0.019795222207903862,0.0,2.2136068034017007,0.0026874348986893892,0.005948924175437992,0.0,0.31904274225234985,0.0,500.0,0.0006402087165042758,0.3201043582521379,200.0,0.00045802415115758777,0.09160483023151755,0.14757378689344672,0.08764363825321198,0.012933903594145838,0.0,0.0,0.0
297,0.5838420987129211,1.0,0.00035546242725104094,0.00035546242725104094,20.0,0.004699208773672581,0.09398417547345161,20.0,0.00010802449833136052,0.0021604899666272104,10.0,0.005693067796528339,0.056930677965283394,0.0,0.01989479921758175,0.0,2.221110555277639,0.002803452778607607,0.006226778557787782,0.0,0.3190663754940033,0.0,500.0,0.0006391844945028424,0.3195922472514212,200.0,0.0004580864915624261,0.09161729831248522,0.14807403701850924,0.08762495964765549,0.012974981518612316,0.0,0.0,0.0
298,0.5835339426994324,1.0,0.00035563315032050014,0.00035563315032050014,20.0,0.004698840901255608,0.09397681802511215,20.0,0.0001074584070011042,0.002149168140022084,10.0,0.005709633231163025,0.05709633231163025,0.0,0.01999717764556408,0.0,2.2286143071535767,0.0027779238298535347,0.0061909207913944456,0.0,0.31900855898857117,0.0,500.0,0.0006382372812367976,0.3191186406183988,200.0,0.0004581514513120055,0.0916302902624011,0.1485742871435718,0.08760689198970795,0.013016131526234749,0.0,0.0,0.0
299,0.5833038091659546,1.0,0.0003558059979695827,0.0003558059979695827,20.0,0.004698054865002632,0.09396109730005264,20.0,0.0001071454826160334,0.002142909652320668,10.0,0.005726422183215618,0.05726422183215618,0.0,0.020103974267840385,0.0,2.236118059029515,0.002773911925032735,0.006202794549723024,0.0,0.3190184235572815,0.0,500.0,0.0006373568903654814,0.3186784451827407,200.0,0.00045820718514733016,0.09164143702946603,0.14907453726863432,0.08758798241615295,0.01305713794898128,0.0,0.0,0.0
300,0.5829575657844543,1.0,0.00035617948742583394,0.00035617948742583394,20.0,0.00469976058229804,0.09399521164596081,20.0,0.00010690669296309352,0.0021381338592618704,10.0,0.005743916612118483,0.057439166121184826,0.0,0.0202066358178854,0.0,2.2436218109054527,0.002733608242124319,0.006133183074501036,0.0,0.31906986236572266,0.0,500.0,0.0006363641005009413,0.31818205025047064,200.0,0.0004580740933306515,0.0916148186661303,0.14957478739369684,0.08757337927818298,0.013098769586881796,0.0,0.0,0.0
301,0.5825704336166382,1.0,0.00035675260005518794,0.00035675260005518794,20.0,0.004703587852418423,0.09407175704836845,20.0,0.00010667943570297211,0.0021335887140594423,10.0,0.005762296263128519,0.05762296263128519,0.0,0.020302198827266693,0.0,2.251125562781391,0.0026823736261576414,0.006038359838774081,0.0,0.31909939646720886,0.0,500.0,0.0006352486088871956,0.3176243044435978,200.0,0.00045791169395670295,0.09158233879134059,0.1500750375187594,0.08755883574485779,0.013140395559508423,0.0,0.0,0.0
302,0.5820271372795105,1.0,0.00035740353632718325,0.00035740353632718325,20.0,0.004709399305284023,0.09418798610568047,20.0,0.00010649242904037237,0.0021298485808074474,10.0,0.005781682673841715,0.05781682673841715,0.0,0.020388644188642502,0.0,2.2586293146573286,0.0025609012227505445,0.005784126573646177,0.0,0.31910955905914307,0.0,500.0,0.0006340396357700229,0.31701981788501143,200.0,0.00045773922465741634,0.09154784493148327,0.15057528764382191,0.08755289018154144,0.013183301623133555,0.0,0.0,0.0
303,0.5817609429359436,1.0,0.0003579303156584501,0.0003579303156584501,20.0,0.004717324860394001,0.09434649720788002,20.0,0.00010658828250598162,0.0021317656501196325,10.0,0.0058026970364153385,0.058026970364153385,0.0,0.02046763338148594,0.0,2.266133066533267,0.0025388721842318773,0.005753422208389397,0.0,0.3191413879394531,0.0,500.0,0.0006328347371891141,0.31641736859455705,200.0,0.000457504705991596,0.0915009411983192,0.15107553776888444,0.08754585683345795,0.013226037400552426,0.0,0.0,0.0
304,0.5810226798057556,1.0,0.0003582520876079798,0.0003582520876079798,20.0,0.004724765196442604,0.09449530392885208,20.0,0.0001064543830580078,0.002129087661160156,10.0,0.005824796389788389,0.05824796389788389,0.0,0.020543858408927917,0.0,2.2736368184092046,0.002308047842234373,0.00524766255275399,0.0,0.3191191554069519,0.0,500.0,0.0006316922954283655,0.31584614771418273,200.0,0.000457149522844702,0.0914299045689404,0.15157578789394696,0.08753595501184464,0.013268331349969445,0.0,0.0,0.0
305,0.5812499523162842,1.0,0.00035864044912159443,0.00035864044912159443,20.0,0.0047315675765275955,0.09463135153055191,20.0,0.00010578478395473212,0.0021156956790946424,10.0,0.005847658962011337,0.05847658962011337,0.0,0.02061435393989086,0.0,2.2811405702851424,0.0025220701936632395,0.005753196639872122,0.0,0.3190898299217224,0.0,500.0,0.000630540307611227,0.3152701538056135,200.0,0.00045667149242945015,0.09133429848589003,0.1520760380190095,0.08752205967903137,0.013310008075250394,0.0,0.0,0.0
306,0.5809553265571594,1.0,0.0003590965352486819,0.0003590965352486819,20.0,0.004736565053462982,0.09473130106925964,20.0,0.00010534057946642861,0.002106811589328572,10.0,0.005870933178812265,0.058709331788122654,0.0,0.020695004612207413,0.0,2.2886443221610806,0.0024906746111810207,0.0057002683072302,0.0,0.3191029727458954,0.0,500.0,0.0006294663762673736,0.3147331881336868,200.0,0.00045632230467163026,0.09126446093432605,0.15257628814407204,0.0875026285648346,0.013350826269271912,0.0,0.0,0.0
307,0.5805683135986328,1.0,0.00035953219048678875,0.00035953219048678875,20.0,0.004740109667181969,0.09480219334363937,20.0,0.00010523930541239679,0.0021047861082479358,10.0,0.0058947051875293255,0.058947051875293255,0.0,0.020782470703125,0.0,2.2961480740370184,0.002392642432823777,0.005493861313987562,0.0,0.3190956115722656,0.0,500.0,0.0006284774281084538,0.3142387140542269,200.0,0.00045615481212735176,0.09123096242547035,0.15307653826913456,0.0874803438782692,0.013391188207478926,0.0,0.0,0.0
308,0.580308735370636,1.0,0.00036016423837281764,0.00036016423837281764,20.0,0.004743287339806557,0.09486574679613113,20.0,0.0001057275731000118,0.002114551462000236,10.0,0.005917785223573446,0.05917785223573446,0.0,0.020878467708826065,0.0,2.3036518259129566,0.0023697710130363703,0.005459127321176831,0.0,0.31911757588386536,0.0,500.0,0.0006273889448493719,0.31369447242468596,200.0,0.000456020119599998,0.0912040239199996,0.1535767883941971,0.08746638149023056,0.013432805961731258,0.0,0.0,0.0
309,0.5801818370819092,1.0,0.00036091014044359326,0.00036091014044359326,20.0,0.004747715778648853,0.09495431557297707,20.0,0.00010625564027577639,0.0021251128055155277,10.0,0.005939970724284649,0.05939970724284649,0.0,0.020972419530153275,0.0,2.3111555777888944,0.0024087962228804827,0.005567102826267049,0.0,0.31906551122665405,0.0,500.0,0.0006262412061914802,0.3131206030957401,200.0,0.00045588979264721274,0.09117795852944255,0.15407703851925963,0.08746355772018433,0.013476125951884329,0.0,0.0,0.0
310,0.5799331068992615,1.0,0.00036164509947411716,0.00036164509947411716,20.0,0.004754425957798958,0.09508851915597916,20.0,0.00010655586083885282,0.0021311172167770565,10.0,0.0059613012708723545,0.059613012708723545,0.0,0.021056678146123886,0.0,2.3186593296648326,0.002403826918452978,0.005573655711370463,0.0,0.3190264105796814,0.0,500.0,0.0006249640719033778,0.3124820359516889,200.0,0.00045581714948639274,0.09116342989727855,0.15457728864432216,0.08746229857206345,0.013519684971869736,0.0,0.0,0.0
311,0.5796863436698914,1.0,0.00036236774758435786,0.00036236774758435786,20.0,0.0047630202025175095,0.09526040405035019,20.0,0.00010651213233359158,0.0021302426466718316,10.0,0.0059816474094986916,0.059816474094986916,0.0,0.02112896367907524,0.0,2.3261630815407703,0.002442209515720606,0.005680977612856837,0.0,0.3190300762653351,0.0,500.0,0.0006234996253624558,0.3117498126812279,200.0,0.00045561036677099764,0.09112207335419953,0.15507753876938468,0.0874660313129425,0.013564016861937056,0.0,0.0,0.0
312,0.5794842839241028,1.0,0.0003630491264630109,0.0003630491264630109,20.0,0.004772539250552654,0.09545078501105309,20.0,0.00010648653551470488,0.0021297307102940977,10.0,0.006002212408930063,0.06002212408930063,0.0,0.021194610744714737,0.0,2.3336668334167086,0.0024756467901170254,0.005777334805350637,0.0,0.31896477937698364,0.0,500.0,0.0006221323856152594,0.3110661928076297,200.0,0.00045533000957220793,0.09106600191444159,0.15557778889444723,0.0874747559428215,0.013609129113665578,0.0,0.0,0.0
313,0.5791055560112,1.0,0.0003637267218437046,0.0003637267218437046,20.0,0.004780595190823078,0.09561190381646156,20.0,0.00010665971785783768,0.0021331943571567535,10.0,0.006021625827997923,0.06021625827997923,0.0,0.021269606426358223,0.0,2.3411705852926463,0.002449729712679982,0.0057352351452437805,0.0,0.31894394755363464,0.0,500.0,0.0006207908736541867,0.31039543682709336,200.0,0.00045497616520151496,0.09099523304030299,0.15607803901950976,0.08748536556959152,0.013654544301006781,0.0,0.0,0.0
314,0.5790905356407166,1.0,0.00036453435313887894,0.00036453435313887894,20.0,0.0047866883687675,0.09573376737535,20.0,0.00010709762864280492,0.0021419525728560984,10.0,0.0060400390066206455,0.060400390066206455,0.0,0.021358061581850052,0.0,2.348674337168584,0.002620094222947955,0.006153748062401525,0.0,0.31887543201446533,0.0,500.0,0.0006192732835188508,0.3096366417594254,200.0,0.00045479682739824057,0.09095936547964811,0.15657828914457228,0.0874970480799675,0.013700138093561694,0.0,0.0,0.0
315,0.5783773064613342,1.0,0.00036554114194586873,0.00036554114194586873,20.0,0.004792820196598768,0.09585640393197536,20.0,0.00010819919407367706,0.0021639838814735413,10.0,0.006058657541871071,0.06058657541871071,0.0,0.0214553102850914,0.0,2.3561780890445223,0.002505528274923563,0.005903470822856419,0.0,0.3188680112361908,0.0,500.0,0.0006176390452310443,0.30881952261552215,200.0,0.0004546811687760055,0.0909362337552011,0.1570785392696348,0.08750739693641663,0.013745534086060439,0.0,0.0,0.0
316,0.5784298181533813,1.0,0.00036643948988057673,0.00036643948988057673,20.0,0.004797192290425301,0.09594384580850601,20.0,0.00010902305075433105,0.002180461015086621,10.0,0.006076694931834936,0.06076694931834936,0.0,0.02155696414411068,0.0,2.36368184092046,0.002687386702746153,0.006352127148812192,0.0,0.3188438415527344,0.0,500.0,0.0006162092904560268,0.3081046452280134,200.0,0.0004546240670606494,0.09092481341212988,0.15757878939469736,0.08751516044139862,0.013790533036038303,0.0,0.0,0.0
317,0.5782645344734192,1.0,0.0003670424921438098,0.0003670424921438098,20.0,0.0047994377091526985,0.09598875418305397,20.0,0.00010951362492050976,0.002190272498410195,10.0,0.0060952575877308846,0.060952575877308846,0.0,0.02165970765054226,0.0,2.3711855927963983,0.002736645983532071,0.006489095528735376,0.0,0.318840354681015,0.0,500.0,0.0006150542758405209,0.30752713792026043,200.0,0.0004545653355307877,0.09091306710615754,0.15807903951975988,0.08752960711717606,0.01383659622262513,0.0,0.0,0.0
318,0.5781442523002625,1.0,0.00036733451997861266,0.00036733451997861266,20.0,0.004799189046025276,0.09598378092050552,20.0,0.0001097624481189996,0.002195248962379992,10.0,0.006114595104008913,0.06114595104008913,0.0,0.021762318909168243,0.0,2.378689344672336,0.0027870172634720802,0.00662944826803889,0.0,0.31882601976394653,0.0,500.0,0.0006140726618468761,0.30703633092343807,200.0,0.0004545238916762173,0.09090477833524346,0.1585792896448224,0.08753594756126404,0.013881388382651676,0.0,0.0,0.0
319,0.5778191089630127,1.0,0.0003674167091958225,0.0003674167091958225,20.0,0.0047968304716050625,0.09593660943210125,20.0,0.00010968343121930957,0.0021936686243861914,10.0,0.006134539842605591,0.06134539842605591,0.0,0.021861933171749115,0.0,2.3861930965482743,0.0027328431606292725,0.006521091483842736,0.0,0.31876227259635925,0.0,500.0,0.0006132232374511659,0.30661161872558296,200.0,0.00045459336251951754,0.09091867250390351,0.15907953976988495,0.08753273636102676,0.013924667415110812,0.0,0.0,0.0
320,0.5777063369750977,1.0,0.00036740684299729764,0.00036740684299729764,20.0,0.004792345687747002,0.09584691375494003,20.0,0.00010931243741651997,0.0021862487483303994,10.0,0.006154644303023815,0.06154644303023815,0.0,0.021960366517305374,0.0,2.393696848424212,0.0027615558356046677,0.006610327500434384,0.0,0.31870773434638977,0.0,500.0,0.0006124491337686777,0.30622456688433886,200.0,0.0004547831485979259,0.09095662971958518,0.15957978989494748,0.08752862364053726,0.01396779937035087,0.0,0.0,0.0
321,0.5772116184234619,1.0,0.00036745271063409746,0.00036745271063409746,20.0,0.004786559846252203,0.09573119692504406,20.0,0.00010921142529696226,0.0021842285059392452,10.0,0.00617525028064847,0.0617525028064847,0.0,0.022060219198465347,0.0,2.4012006003001503,0.0026331583503633738,0.006322741411577886,0.0,0.3186865746974945,0.0,500.0,0.0006116891745477915,0.30584458727389574,200.0,0.000455001019872725,0.091000203974545,0.16008004002001,0.0875106230378151,0.014008704038069449,0.0,0.0,0.0
322,0.5771992206573486,1.0,0.0003676118503790349,0.0003676118503790349,20.0,0.004780453629791737,0.09560907259583473,20.0,0.00010913416917901486,0.0021826833835802972,10.0,0.006195734720677137,0.061957347206771374,0.0,0.02215861901640892,0.0,2.408704352176088,0.0027204693760722876,0.006552806426107086,0.0,0.3186917304992676,0.0,500.0,0.0006108864909037948,0.3054432454518974,200.0,0.00045518562546931207,0.09103712509386241,0.16058029014507252,0.0874907448887825,0.014049289199249216,0.0,0.0,0.0
323,0.5769188404083252,1.0,0.00036796979838982224,0.00036796979838982224,20.0,0.004776138812303543,0.09552277624607086,20.0,0.00010951102012768388,0.0021902204025536776,10.0,0.006216481793671846,0.062164817936718464,0.0,0.02225562185049057,0.0,2.416208104052026,0.002693301998078823,0.006507578114417566,0.0,0.31874391436576843,0.0,500.0,0.0006100406171754003,0.30502030858770013,200.0,0.00045528195914812386,0.09105639182962477,0.16108054027013508,0.08746439218521118,0.014088811547592797,0.0,0.0,0.0
324,0.5767068266868591,1.0,0.0003682640672195703,0.0003682640672195703,20.0,0.004772944375872612,0.09545888751745224,20.0,0.00010956502956105396,0.0021913005912210792,10.0,0.006237072870135307,0.06237072870135307,0.0,0.022345874458551407,0.0,2.423711855927964,0.002678903052583337,0.006492889089427848,0.0,0.3187600374221802,0.0,500.0,0.0006092508556321263,0.30462542781606317,200.0,0.00045536048128269613,0.09107209625653923,0.1615807903951976,0.08743162453174591,0.014127270997375652,0.0,0.0,0.0
325,0.5764217972755432,1.0,0.0003685958217829466,0.0003685958217829466,20.0,0.004772334359586239,0.09544668719172478,20.0,0.0001095247789635323,0.002190495579270646,10.0,0.006256838794797659,0.06256838794797659,0.0,0.022432340309023857,0.0,2.431215607803902,0.002633392345160246,0.0064023445710249096,0.0,0.3187653720378876,0.0,500.0,0.0006084077176637948,0.3042038588318974,200.0,0.0004553820181172341,0.09107640362344682,0.16208104052026012,0.08739441633224487,0.014164977934791064,0.0,0.0,0.0
326,0.5761139988899231,1.0,0.0003689966688398272,0.0003689966688398272,20.0,0.004773071967065334,0.09546143934130669,20.0,0.00010948868293780833,0.0021897736587561667,10.0,0.006275643594563007,0.06275643594563007,0.0,0.022520560771226883,0.0,2.43871935967984,0.002590846037492156,0.006318346389581921,0.0,0.3187991678714752,0.0,500.0,0.0006074759876355529,0.30373799381777644,200.0,0.0004553845210466534,0.09107690420933068,0.16258129064532267,0.08736604452133179,0.014204084276854843,0.0,0.0,0.0
327,0.5761113166809082,1.0,0.00036924073356203735,0.00036924073356203735,20.0,0.004774306435137987,0.09548612870275974,20.0,0.00010923376976279542,0.0021846753952559084,10.0,0.00629411730915308,0.0629411730915308,0.0,0.02260720729827881,0.0,2.4462231115557778,0.0026565371081233025,0.006498482470596772,0.0,0.31881025433540344,0.0,500.0,0.0006066199857741594,0.3033099928870797,200.0,0.00045539261191152036,0.09107852238230407,0.1630815407703852,0.08733736723661423,0.014243112415776008,0.0,0.0,0.0
328,0.5757628083229065,1.0,0.0003695710329338908,0.0003695710329338908,20.0,0.004776586778461933,0.09553173556923866,20.0,0.00010908725380431861,0.002181745076086372,10.0,0.006312111392617226,0.06312111392617226,0.0,0.02269468456506729,0.0,2.453726863431716,0.0025925100781023502,0.006361311622357193,0.0,0.31881821155548096,0.0,500.0,0.0006056998972781003,0.3028499486390501,200.0,0.0004553191247396171,0.09106382494792342,0.16358179089544772,0.08731765300035477,0.014283578054585296,0.0,0.0,0.0
329,0.5754939317703247,1.0,0.00036998334689997137,0.00036998334689997137,20.0,0.004778711125254631,0.09557422250509262,20.0,0.00010886252857744694,0.0021772505715489388,10.0,0.006330352742224932,0.06330352742224932,0.0,0.022781966254115105,0.0,2.4612306153076537,0.0025731874629855156,0.006333207762825781,0.0,0.31882715225219727,0.0,500.0,0.0006047295755706728,0.3023647877853364,200.0,0.0004552274476736784,0.09104548953473568,0.16408204102051024,0.087306447327137,0.01432542007168631,0.0,0.0,0.0
330,0.5755358934402466,1.0,0.00037049612728878856,0.00037049612728878856,20.0,0.00478005688637495,0.09560113772749901,20.0,0.0001086222764570266,0.002172445529140532,10.0,0.006349088158458471,0.06349088158458471,0.0,0.022869644686579704,0.0,2.468734367183592,0.002699867822229862,0.006665256479591981,0.0,0.31883805990219116,0.0,500.0,0.0006036834674887359,0.30184173374436796,200.0,0.0004551313759293407,0.09102627518586814,0.1645822911455728,0.08729781955480576,0.014367675154342719,0.0,0.0,0.0
331,0.5751364827156067,1.0,0.0003710190358106047,0.0003710190358106047,20.0,0.004780541639775038,0.09561083279550076,20.0,0.00010834589920705184,0.002166917984141037,10.0,0.006368374451994896,0.06368374451994896,0.0,0.02295704185962677,0.0,2.4762381190595297,0.0026521915569901466,0.006567457832466846,0.0,0.3188523054122925,0.0,500.0,0.0006026384653523564,0.3013192326761782,200.0,0.0004550350131466985,0.0910070026293397,0.16508254127063532,0.08729123324155807,0.014410258614164164,0.0,0.0,0.0
332,0.575289249420166,1.0,0.00037155667087063193,0.00037155667087063193,20.0,0.0047807274386286736,0.09561454877257347,20.0,0.00010783731704577804,0.0021567463409155607,10.0,0.006387988105416298,0.06387988105416298,0.0,0.0230406541377306,0.0,2.483741870935468,0.002830717246979475,0.0070307709511020985,0.0,0.3188648819923401,0.0,500.0,0.0006015937542542815,0.30079687712714076,200.0,0.00045492989011108875,0.09098597802221775,0.16558279139569784,0.08728522062301636,0.014452930478348381,0.0,0.0,0.0
333,0.575015127658844,1.0,0.0003719886881299317,0.0003719886881299317,20.0,0.0047820694744586945,0.09564138948917389,20.0,0.00010730954090831801,0.0021461908181663603,10.0,0.006408510264009237,0.06408510264009237,0.0,0.023116793483495712,0.0,2.4912456228114057,0.0028064963407814503,0.006991671724408015,0.0,0.31890177726745605,0.0,500.0,0.0006006591720506549,0.30032958602532744,200.0,0.0004547685675788671,0.09095371351577342,0.1660830415207604,0.08727861195802689,0.014495497333699314,0.0,0.0,0.0
334,0.5750446319580078,1.0,0.00037223013350740075,0.00037223013350740075,20.0,0.004783936310559511,0.09567872621119022,20.0,0.00010671230120351538,0.0021342460240703076,10.0,0.0064297327771782875,0.06429732777178288,0.0,0.023186521604657173,0.0,2.4987493746873435,0.0028634655755013227,0.007155082816222664,0.0,0.31890755891799927,0.0,500.0,0.0005998897831887007,0.29994489159435034,200.0,0.00045462179696187377,0.09092435939237475,0.16658329164582292,0.08727011829614639,0.014537743568092421,0.0,0.0,0.0
335,0.5749157667160034,1.0,0.00037249585147947073,0.00037249585147947073,20.0,0.004786230623722076,0.09572461247444153,20.0,0.00010630159522406757,0.0021260319044813514,10.0,0.00645070243626833,0.0645070243626833,0.0,0.023255005478858948,0.0,2.5062531265632817,0.0028451934922486544,0.007130775085625692,0.0,0.3189079165458679,0.0,500.0,0.0005991450743749738,0.2995725371874869,200.0,0.00045451518963091075,0.09090303792618215,0.16708354177088544,0.08725743740797043,0.01457928168797505,0.0,0.0,0.0
336,0.574468731880188,1.0,0.000373031449271366,0.000373031449271366,20.0,0.004787290468811989,0.09574580937623978,20.0,0.00010628171730786562,0.0021256343461573124,10.0,0.00647014519199729,0.0647014519199729,0.0,0.02333248034119606,0.0,2.5137568784392195,0.002757823094725609,0.006932496773885034,0.0,0.3189064562320709,0.0,500.0,0.0005981624126434326,0.2990812063217163,200.0,0.00045443372800946236,0.09088674560189247,0.16758379189594796,0.08725385367870331,0.014622331657011309,0.0,0.0,0.0
337,0.5742191672325134,1.0,0.00037340610288083553,0.00037340610288083553,20.0,0.004786075558513403,0.09572151117026806,20.0,0.00010600950190564618,0.0021201900381129235,10.0,0.006488586310297251,0.06488586310297251,0.0,0.023412533104419708,0.0,2.5212606303151577,0.002747991820797324,0.006928403590204359,0.0,0.31891974806785583,0.0,500.0,0.0005972706712782383,0.29863533563911915,200.0,0.00045445322757586837,0.09089064551517367,0.16808404202101052,0.08724084496498108,0.014663793851042344,0.0,0.0,0.0
338,0.5745046734809875,1.0,0.0003735966747626662,0.0003735966747626662,20.0,0.0047835404984653,0.09567080996930599,20.0,0.00010541063966229558,0.0021082127932459116,10.0,0.00650615431368351,0.0650615431368351,0.0,0.023491598665714264,0.0,2.5287643821910955,0.002945857122540474,0.0074493785665043,0.0,0.3189118504524231,0.0,500.0,0.0005964540760032833,0.29822703800164163,200.0,0.0004545545089058578,0.09091090178117156,0.16858429214607304,0.08721566200256348,0.014703190642753322,0.0,0.0,0.0
339,0.5743332505226135,1.0,0.00037351250648498535,0.00037351250648498535,20.0,0.004779803566634655,0.0955960713326931,20.0,0.00010490985005162656,0.0020981970010325313,10.0,0.006523094139993191,0.06523094139993191,0.0,0.023575840517878532,0.0,2.5362681340670337,0.0029330546967685223,0.007439013162889649,0.0,0.318953275680542,0.0,500.0,0.0005958095425739884,0.2979047712869942,200.0,0.000454727589385584,0.0909455178771168,0.16908454227113556,0.0872061625123024,0.014745214071614913,0.0,0.0,0.0
340,0.5739165544509888,1.0,0.0003733004559762776,0.0003733004559762776,20.0,0.004773810040205717,0.09547620080411434,20.0,0.00010456489690113813,0.0020912979380227625,10.0,0.006539015099406242,0.06539015099406242,0.0,0.02367122657597065,0.0,2.5437718859429714,0.0028219888918101788,0.007178496005430094,0.0,0.31895512342453003,0.0,500.0,0.0005952485371381044,0.2976242685690522,200.0,0.0004549837904050946,0.09099675808101892,0.1695847923961981,0.08718986064195633,0.014786074416019606,0.0,0.0,0.0
341,0.5740102529525757,1.0,0.0003732425393536687,0.0003732425393536687,20.0,0.004767091013491154,0.09534182026982307,20.0,0.00010420529724797234,0.002084105944959447,10.0,0.006554034538567066,0.06554034538567066,0.0,0.023770572617650032,0.0,2.5512756378189096,0.0029461083468049765,0.00751633445157848,0.0,0.3189883232116699,0.0,500.0,0.0005945658776909113,0.29728293884545565,200.0,0.0004552286700345576,0.09104573400691152,0.17008504252126064,0.08716642111539841,0.01482570444183865,0.0,0.0,0.0
342,0.5740047693252563,1.0,0.0003732529585249722,0.0003732529585249722,20.0,0.004760624375194311,0.09521248750388622,20.0,0.00010379132436355576,0.002075826487271115,10.0,0.006568605545908213,0.06568605545908213,0.0,0.023867342621088028,0.0,2.5587793896948474,0.003048162441700697,0.0077995752322656655,0.0,0.31904610991477966,0.0,500.0,0.0005938017857261002,0.2969008928630501,200.0,0.00045545914326794446,0.09109182865358889,0.17058529264632316,0.08714029937982559,0.01486485347099576,0.0,0.0,0.0
343,0.5736095309257507,1.0,0.0003733490011654794,0.0003733490011654794,20.0,0.004756669979542494,0.09513339959084988,20.0,0.00010340118751628324,0.002068023750325665,10.0,0.0065836720168590546,0.06583672016859055,0.0,0.023954348638653755,0.0,2.566283141570785,0.002987025072798133,0.007665552087771096,0.0,0.3190836012363434,0.0,500.0,0.0005930059123784304,0.2965029561892152,200.0,0.00045562919694930315,0.09112583938986063,0.17108554277138568,0.08711284399032593,0.014903748196443955,0.0,0.0,0.0
344,0.5738465785980225,1.0,0.0003735448408406228,0.0003735448408406228,20.0,0.004756477661430836,0.09512955322861671,20.0,0.00010321573063265532,0.0020643146126531065,10.0,0.0065997629426419735,0.06599762942641973,0.0,0.024030406028032303,0.0,2.5737868934467234,0.0031567204277962446,0.008124725663337507,0.0,0.31909608840942383,0.0,500.0,0.0005921614356338978,0.2960807178169489,200.0,0.00045566773042082787,0.09113354608416557,0.17158579289644824,0.08708515018224716,0.014942574543527152,0.0,0.0,0.0
345,0.5737091898918152,1.0,0.00037372991209849715,0.00037372991209849715,20.0,0.004759815987199545,0.0951963197439909,20.0,0.00010383034532424062,0.0020766069064848125,10.0,0.006617926061153412,0.06617926061153412,0.0,0.024102015420794487,0.0,2.581290645322661,0.0031260806135833263,0.008069322644367166,0.0,0.3191564977169037,0.0,500.0,0.000591438147239387,0.2957190736196935,200.0,0.00045556732220575213,0.09111346444115043,0.17208604302151076,0.0870574489235878,0.014981371900807505,0.0,0.0,0.0
346,0.5736780762672424,1.0,0.00037407566560432315,0.00037407566560432315,20.0,0.004763557575643063,0.09527115151286125,20.0,0.00010436155571369454,0.002087231114273891,10.0,0.006636037025600672,0.06636037025600672,0.0,0.024172857403755188,0.0,2.5887943971985994,0.0031389561481773853,0.008126112089453711,0.0,0.3192414343357086,0.0,500.0,0.0005906927399337292,0.2953463699668646,200.0,0.000455460452940315,0.091092090588063,0.17258629314657328,0.08703292161226273,0.015020689322776708,0.0,0.0,0.0
347,0.5738055109977722,1.0,0.0003744495043065399,0.0003744495043065399,20.0,0.004765584599226713,0.09531169198453426,20.0,0.00010437905439175665,0.002087581087835133,10.0,0.006653531454503536,0.06653531454503536,0.0,0.024242781102657318,0.0,2.596298149074537,0.003263226943090558,0.008472310072356175,0.0,0.31927013397216797,0.0,500.0,0.000589771952945739,0.2948859764728695,200.0,0.00045538070844486356,0.09107614168897271,0.1730865432716358,0.08702011406421661,0.015062010738478713,0.0,0.0,0.0
348,0.5734557509422302,1.0,0.00037476629950106144,0.00037476629950106144,20.0,0.004765444900840521,0.09530889801681042,20.0,0.00010394619312137365,0.002078923862427473,10.0,0.00667028920724988,0.0667028920724988,0.0,0.024314898997545242,0.0,2.6038019009504754,0.003238195553421974,0.008431619737649512,0.0,0.3192804455757141,0.0,500.0,0.0005887672305107117,0.29438361525535583,200.0,0.0004553505568765104,0.09107011137530208,0.17358679339669836,0.08701682835817337,0.015104972206246204,0.0,0.0,0.0
349,0.5728194713592529,1.0,0.0003749511088244617,0.0003749511088244617,20.0,0.004763435572385788,0.09526871144771576,20.0,0.00010361107706557959,0.002072221541311592,10.0,0.006688114255666733,0.06688114255666733,0.0,0.02438771352171898,0.0,2.611305652826413,0.003088054247200489,0.008063853511949251,0.0,0.3193032443523407,0.0,500.0,0.000587899936363101,0.2939499681815505,200.0,0.00045530113857239485,0.09106022771447897,0.17408704352176088,0.08701614290475845,0.01514838305695645,0.0,0.0,0.0
350,0.573082447052002,1.0,0.00037528411485254765,0.00037528411485254765,20.0,0.0047597819939255714,0.09519563987851143,20.0,0.00010415822907816619,0.0020831645815633237,10.0,0.0067062764428555965,0.06706276442855597,0.0,0.02447127364575863,0.0,2.6188094047023514,0.0032682358287274837,0.008558886725056718,0.0,0.31933319568634033,0.0,500.0,0.0005871494649909437,0.29357473249547184,200.0,0.00045520300045609474,0.09104060009121895,0.1745872936468234,0.08701299130916595,0.01519136266478185,0.0,0.0,0.0
351,0.5730105638504028,1.0,0.0003752566408365965,0.0003752566408365965,20.0,0.004757693037390709,0.09515386074781418,20.0,0.00010446137457620353,0.0020892274915240705,10.0,0.0067260428331792355,0.06726042833179235,0.0,0.024540238082408905,0.0,2.626313156578289,0.0032797500025480986,0.008613650581979748,0.0,0.31935831904411316,0.0,500.0,0.0005865165148861706,0.2932582574430853,200.0,0.000455125467851758,0.0910250935703516,0.17508754377188596,0.08701243251562119,0.015234793086777098,0.0,0.0,0.0
352,0.572702169418335,1.0,0.0003750952600967139,0.0003750952600967139,20.0,0.00475664995610714,0.09513299912214279,20.0,0.00010464214574312791,0.0020928429148625582,10.0,0.006746306549757719,0.06746306549757719,0.0,0.02460205741226673,0.0,2.6338169084542273,0.0031738230027258396,0.008359268689020283,0.0,0.3193786144256592,0.0,500.0,0.000585968722589314,0.292984361294657,200.0,0.0004550816956907511,0.09101633913815022,0.17558779389694848,0.08701153099536896,0.015278162771072789,0.0,0.0,0.0
353,0.5724564790725708,1.0,0.0003749422903638333,0.0003749422903638333,20.0,0.004753858782351017,0.09507717564702034,20.0,0.00010436127195134759,0.002087225439026952,10.0,0.006765125319361687,0.06765125319361687,0.0,0.02466716803610325,0.0,2.641320660330165,0.0031203841790556908,0.008241935200307178,0.0,0.3193133771419525,0.0,500.0,0.0005853547481819987,0.29267737409099936,200.0,0.00045512779615819454,0.09102555923163891,0.176088044022011,0.08700773864984512,0.015321022513629556,0.0,0.0,0.0
354,0.5722691416740417,1.0,0.0003749422903638333,0.0003749422903638333,20.0,0.004749767482280731,0.09499534964561462,20.0,0.00010387836664449424,0.0020775673328898847,10.0,0.006782664451748133,0.06782664451748133,0.0,0.024738553911447525,0.0,2.648824412206103,0.0031278165988624096,0.008285036963970214,0.0,0.3193124532699585,0.0,500.0,0.0005846070125699043,0.29230350628495216,200.0,0.00045521435094997287,0.09104287018999457,0.17658829414707353,0.08700013905763626,0.015363206146746172,0.0,0.0,0.0
355,0.5722928643226624,1.0,0.00037509159301407635,0.00037509159301407635,20.0,0.0047456203028559685,0.09491240605711937,20.0,0.00010369169467594475,0.002073833893518895,10.0,0.006800021510571241,0.06800021510571241,0.0,0.02481696754693985,0.0,2.656328164082041,0.003206380410119891,0.008517198588162392,0.0,0.31931203603744507,0.0,500.0,0.0005838920478709042,0.2919460239354521,200.0,0.000455317524028942,0.0910635048057884,0.17708854427213608,0.08698809891939163,0.015404595806635637,0.0,0.0,0.0
356,0.5721441507339478,1.0,0.000375333649571985,0.000375333649571985,20.0,0.004742471035569906,0.09484942071139812,20.0,0.00010393655975349247,0.0020787311950698495,10.0,0.006817578338086605,0.06817578338086605,0.0,0.024901608005166054,0.0,2.663831915957979,0.0031866624485701323,0.008488733135885919,0.0,0.3193722665309906,0.0,500.0,0.000583299552090466,0.291649776045233,200.0,0.00045540547580458224,0.09108109516091645,0.1775887943971986,0.08697215467691422,0.015445280095199873,0.0,0.0,0.0
357,0.5719901323318481,1.0,0.0003755575744435191,0.0003755575744435191,20.0,0.004739864729344845,0.0947972945868969,20.0,0.00010400066821603104,0.002080013364320621,10.0,0.006834641098976135,0.06834641098976135,0.0,0.024985291063785553,0.0,2.671335667833917,0.0031567993573844433,0.008432870719576251,0.0,0.31940022110939026,0.0,500.0,0.0005827561253681779,0.29137806268408895,200.0,0.0004554706974886358,0.09109413949772716,0.17808904452226113,0.08695511519908905,0.015485753382128915,0.0,0.0,0.0
358,0.5718987584114075,1.0,0.00037543766666203737,0.00037543766666203737,20.0,0.004739615134894848,0.09479230269789696,20.0,0.00010280052083544433,0.0020560104167088866,10.0,0.006852269638329744,0.06852269638329744,0.0,0.025044512003660202,0.0,2.678839419709855,0.003203409956768155,0.008581420869681576,0.0,0.3193841278553009,0.0,500.0,0.0005818995996378362,0.2909497998189181,200.0,0.00045547023182734847,0.0910940463654697,0.17858929464732365,0.08694297075271606,0.015527083821270452,0.0,0.0,0.0
359,0.5719495415687561,1.0,0.00037545760278590024,0.00037545760278590024,20.0,0.00473925331607461,0.0947850663214922,20.0,0.00010172090696869418,0.0020344181393738836,10.0,0.0068692550994455814,0.06869255099445581,0.0,0.02511044777929783,0.0,2.686343171585793,0.0032926476560533047,0.008845181547276763,0.0,0.3194015920162201,0.0,500.0,0.0005811097216792405,0.29055486083962023,200.0,0.0004554693296086043,0.09109386592172086,0.1790895447723862,0.08692973852157593,0.015568207299011597,0.0,0.0,0.0
360,0.5715420842170715,1.0,0.00037558478652499616,0.00037558478652499616,20.0,0.004739155061542988,0.09478310123085976,20.0,0.00010121944069396704,0.002024388813879341,10.0,0.006886384449899197,0.06886384449899197,0.0,0.025184886530041695,0.0,2.693846923461731,0.003177129663527012,0.008558700969531244,0.0,0.31942251324653625,0.0,500.0,0.0005804704269394279,0.2902352134697139,200.0,0.00045546196633949876,0.09109239326789975,0.17958979489744872,0.08691395819187164,0.015608859925403661,0.0,0.0,0.0
361,0.5714208483695984,1.0,0.00037586604594253004,0.00037586604594253004,20.0,0.004738673102110624,0.09477346204221249,20.0,0.00010074260353576392,0.0020148520707152784,10.0,0.006903039291501045,0.06903039291501045,0.0,0.025261545553803444,0.0,2.701350675337669,0.0031848419457674026,0.008603374941042508,0.0,0.31944194436073303,0.0,500.0,0.0005797617486678064,0.2898808743339032,200.0,0.00045545451575890183,0.09109090315178037,0.18009004502251125,0.08690699934959412,0.01565108542563976,0.0,0.0,0.0
362,0.5715725421905518,1.0,0.0003756860096473247,0.0003756860096473247,20.0,0.004734756425023079,0.09469512850046158,20.0,9.924644109560177e-05,0.0019849288219120353,10.0,0.006919745821505785,0.06919745821505785,0.0,0.025331471115350723,0.0,2.708854427213607,0.003322542179375887,0.009000283092206317,0.0,0.3194875419139862,0.0,500.0,0.0005790164577774704,0.2895082288887352,200.0,0.00045558580313809216,0.09111716062761843,0.1805902951475738,0.0869019478559494,0.01569364841220497,0.0,0.0,0.0
363,0.5711316466331482,1.0,0.0003757153172045946,0.0003757153172045946,20.0,0.004731949418783188,0.09463898837566376,20.0,9.857489203568548e-05,0.0019714978407137096,10.0,0.006936691235750914,0.06936691235750914,0.0,0.02540738694369793,0.0,2.7163581790895446,0.0032050979789346457,0.008706194109862493,0.0,0.31949642300605774,0.0,500.0,0.0005784110398963094,0.2892055199481547,200.0,0.0004556429630611092,0.09112859261222184,0.18109054527263632,0.08690821379423141,0.015738255824668222,0.0,0.0,0.0
364,0.5708917379379272,1.0,0.0003755626385100186,0.0003755626385100186,20.0,0.0047275833785533905,0.09455166757106781,20.0,9.766529547050595e-05,0.001953305909410119,10.0,0.0069537172093987465,0.06953717209398746,0.0,0.025481166318058968,0.0,2.723861930965483,0.003160082269459963,0.008607627792501,0.0,0.3195476233959198,0.0,500.0,0.0005778661579824984,0.2889330789912492,200.0,0.0004557521897368133,0.09115043794736266,0.18159079539769885,0.08691475540399551,0.01578291956560799,0.0,0.0,0.0
365,0.5708035826683044,1.0,0.000375697563868016,0.000375697563868016,20.0,0.004724747966974974,0.09449495933949947,20.0,9.710396261652932e-05,0.0019420792523305863,10.0,0.006970684044063091,0.06970684044063091,0.0,0.02555263228714466,0.0,2.7313656828414206,0.0031791171059012413,0.008683331364792785,0.0,0.3195803463459015,0.0,500.0,0.000577240192797035,0.2886200963985175,200.0,0.0004557667998597026,0.09115335997194052,0.18209104552276137,0.08691948652267456,0.015827260177215377,0.0,0.0,0.0
366,0.5706953406333923,1.0,0.00037560370401479304,0.00037560370401479304,20.0,0.004721932578831911,0.09443865157663822,20.0,9.62174017331563e-05,0.0019243480346631259,10.0,0.0069879209622740746,0.06987920962274075,0.0,0.025615908205509186,0.0,2.7388694347173588,0.003187979571521282,0.008731459806942982,0.0,0.31961554288864136,0.0,500.0,0.0005766322137787938,0.2883161068893969,200.0,0.0004557936917990446,0.09115873835980892,0.18259129564782392,0.08692213147878647,0.015871224607182124,0.0,0.0,0.0
367,0.5705645084381104,1.0,0.00037531027919612825,0.00037531027919612825,20.0,0.00471905805170536,0.09438116103410721,20.0,9.508802759228274e-05,0.0019017605518456548,10.0,0.007005613297224045,0.07005613297224045,0.0,0.025671856477856636,0.0,2.7463731865932965,0.003178775543347001,0.008730103918446742,0.0,0.3196536898612976,0.0,500.0,0.0005760762142017484,0.2880381071008742,200.0,0.0004558358050417155,0.0911671610083431,0.18309154577288644,0.08692257851362228,0.01591478926262419,0.0,0.0,0.0
368,0.5704481601715088,1.0,0.00037535084993578494,0.00037535084993578494,20.0,0.004718313924968243,0.09436627849936485,20.0,9.464413597015664e-05,0.0018928827194031328,10.0,0.007023388985544443,0.07023388985544443,0.0,0.02572893537580967,0.0,2.7538769384692348,0.003169475356116891,0.008728345090256872,0.0,0.3196718692779541,0.0,500.0,0.0005754860467277467,0.28774302336387336,200.0,0.00045575317926704884,0.09115063585340977,0.18359179589794897,0.08691992610692978,0.015957785333288257,0.0,0.0,0.0
369,0.5702240467071533,1.0,0.00037567527033388615,0.00037567527033388615,20.0,0.004719124641269445,0.09438249282538891,20.0,9.47667722357437e-05,0.001895335444714874,10.0,0.007041165605187416,0.07041165605187416,0.0,0.025787590071558952,0.0,2.7613806903451725,0.003113754326477647,0.008598261071614112,0.0,0.3196748197078705,0.0,500.0,0.0005748898256570101,0.28744491282850504,200.0,0.0004555779160000384,0.09111558320000768,0.18409204602301152,0.08691400289535522,0.016000176621055892,0.0,0.0,0.0
370,0.5706259608268738,1.0,0.00037583778612315655,0.00037583778612315655,20.0,0.004718783777207136,0.09437567554414272,20.0,9.439835412194952e-05,0.0018879670824389905,10.0,0.007058435585349798,0.07058435585349798,0.0,0.025842210277915,0.0,2.7688844422211107,0.0033106887713074684,0.009166914631909374,0.0,0.3196847438812256,0.0,500.0,0.0005741988425143063,0.28709942125715315,200.0,0.00045546935871243477,0.09109387174248695,0.18459229614807404,0.08690456300973892,0.016041912831712687,0.0,0.0,0.0
371,0.5700119137763977,1.0,0.00037563685327768326,0.00037563685327768326,20.0,0.004715464077889919,0.09430928155779839,20.0,9.355721704196185e-05,0.001871144340839237,10.0,0.007075267378240824,0.07075267378240824,0.0,0.025899259373545647,0.0,2.7763881940970485,0.003143762471154332,0.008728305009958252,0.0,0.31972163915634155,0.0,500.0,0.0005735881859436631,0.28679409297183156,200.0,0.0004554894403554499,0.09109788807108998,0.18509254627313657,0.08689087629318237,0.016082853541009242,0.0,0.0,0.0
372,0.5698980093002319,1.0,0.0003753339988179505,0.0003753339988179505,20.0,0.004711646120995283,0.09423292241990566,20.0,9.26044158404693e-05,0.001852088316809386,10.0,0.00709178950637579,0.0709178950637579,0.0,0.025956187397241592,0.0,2.7838919459729863,0.0031514365691691637,0.008773258883154774,0.0,0.3197639286518097,0.0,500.0,0.0005730302073061466,0.2865151036530733,200.0,0.00045554188545793295,0.09110837709158659,0.1855927963981991,0.08687297254800797,0.01612299790660878,0.0,0.0,0.0
373,0.5700187087059021,1.0,0.00037514930590987206,0.00037514930590987206,20.0,0.004708920605480671,0.09417841210961342,20.0,9.173180296784267e-05,0.0018346360593568534,10.0,0.0071088699623942375,0.07108869962394238,0.0,0.026007434353232384,0.0,2.7913956978489245,0.003242168575525284,0.009050175413422254,0.0,0.31979280710220337,0.0,500.0,0.000572436663787812,0.286218331893906,200.0,0.0004555534105747938,0.09111068211495876,0.18609304652326164,0.0868520587682724,0.01616256421300517,0.0,0.0,0.0
374,0.5698538422584534,1.0,0.0003755078068934381,0.0003755078068934381,20.0,0.004710333421826363,0.09420666843652725,20.0,9.198069892590865e-05,0.001839613978518173,10.0,0.007127063814550638,0.07127063814550638,0.0,0.02605772577226162,0.0,2.7988994497248623,0.0032351030968129635,0.009054728277473001,0.0,0.31981587409973145,0.0,500.0,0.0005716597661375999,0.2858298830688,200.0,0.000455362256616354,0.0910724513232708,0.18659329664832416,0.0868430957198143,0.01620433952150612,0.0,0.0,0.0
375,0.5694684386253357,1.0,0.00037628295831382275,0.00037628295831382275,20.0,0.004715250339359045,0.0943050067871809,20.0,9.302172111347318e-05,0.0018604344222694635,10.0,0.007145965471863747,0.07145965471863747,0.0,0.026105407625436783,0.0,2.8064032016008005,0.0031419850420206785,0.008817676881308658,0.0,0.31990036368370056,0.0,500.0,0.0005707887466996908,0.2853943733498454,200.0,0.00045504997251555324,0.09100999450311065,0.1870935467733867,0.08682837337255478,0.01624502833483516,0.0,0.0,0.0
376,0.5693941712379456,1.0,0.00037672818871214986,0.00037672818871214986,20.0,0.0047181714326143265,0.09436342865228653,20.0,9.319983655586839e-05,0.0018639967311173677,10.0,0.007164178881794214,0.07164178881794214,0.0,0.026147371158003807,0.0,2.8139069534767382,0.0031785499304533005,0.008944143751275545,0.0,0.3199986517429352,0.0,500.0,0.000569890602491796,0.284945301245898,200.0,0.0004548662400338799,0.09097324800677598,0.1875937968984492,0.08681273460388184,0.016285530503479584,0.0,0.0,0.0
377,0.5696331262588501,1.0,0.0003767182060983032,0.0003767182060983032,20.0,0.004720611497759819,0.09441222995519638,20.0,9.241129737347364e-05,0.0018482259474694729,10.0,0.007181956898421049,0.07181956898421049,0.0,0.026176692917943,0.0,2.8214107053526765,0.003328140126541257,0.009390050181937313,0.0,0.319980651140213,0.0,500.0,0.000569004681892693,0.2845023409463465,200.0,0.00045477502862922847,0.0909550057258457,0.18809404702351176,0.08681302517652512,0.016329013239806626,0.0,0.0,0.0
378,0.5699424743652344,1.0,0.00037624177639372647,0.00037624177639372647,20.0,0.00472081545740366,0.0944163091480732,20.0,9.143227362073958e-05,0.0018286454724147916,10.0,0.0072011458687484264,0.07201145868748426,0.0,0.02620336413383484,0.0,2.8289144572286142,0.00340425968170166,0.009630359429726306,0.0,0.3199533522129059,0.0,500.0,0.0005686826771125197,0.28434133855625987,200.0,0.0004548300930764526,0.09096601861529052,0.18859429714857429,0.08681106567382812,0.016372071915474337,0.0,0.0,0.0
379,0.5696541666984558,1.0,0.00037648179568350315,0.00037648179568350315,20.0,0.004724342375993729,0.09448684751987457,20.0,9.197228064294904e-05,0.001839445612858981,10.0,0.0072209518402814865,0.07220951840281487,0.0,0.026236869394779205,0.0,2.8364182091045524,0.0033067697659134865,0.009379381977353411,0.0,0.319952130317688,0.0,500.0,0.0005680081667378545,0.28400408336892724,200.0,0.00045472546480596066,0.09094509296119213,0.1890945472736368,0.08679930120706558,0.016413274565418103,0.0,0.0,0.0
380,0.5695682764053345,1.0,0.00037725106813013554,0.00037725106813013554,20.0,0.0047287605702877045,0.09457521140575409,20.0,9.348507592221722e-05,0.0018697015184443444,10.0,0.007241168059408665,0.07241168059408665,0.0,0.026276730000972748,0.0,2.84392196098049,0.0033372482284903526,0.009490873526246951,0.0,0.31989946961402893,0.0,500.0,0.0005669668316841125,0.2834834158420563,200.0,0.00045453509665094316,0.09090701933018863,0.18959479739869936,0.08678024262189865,0.01645308251810885,0.0,0.0,0.0
381,0.5696824193000793,1.0,0.00037811772199347615,0.00037811772199347615,20.0,0.00473163602873683,0.0946327205747366,20.0,9.52421614783816e-05,0.001904843229567632,10.0,0.007261002901941538,0.07261002901941538,0.0,0.026323668658733368,0.0,2.8514257128564284,0.003413043450564146,0.009732039854034834,0.0,0.3199751079082489,0.0,500.0,0.0005660883616656065,0.28304418083280325,200.0,0.0004544422554317862,0.09088845108635724,0.19009504752376188,0.08675670623779297,0.016492020195278304,0.0,0.0,0.0
382,0.5698368549346924,1.0,0.0003784139989875257,0.0003784139989875257,20.0,0.004731176421046257,0.09462352842092514,20.0,9.587848035153002e-05,0.0019175696070306003,10.0,0.0072803376242518425,0.07280337624251842,0.0,0.02636370062828064,0.0,2.858929464732366,0.0034879751037806273,0.009971874796451369,0.0,0.3199845552444458,0.0,500.0,0.0005654200213029981,0.28271001065149903,200.0,0.00045450383913703263,0.09090076782740653,0.1905952976488244,0.08673499524593353,0.01653128223546807,0.0,0.0,0.0
383,0.5698843002319336,1.0,0.0003779742692131549,0.0003779742692131549,20.0,0.004728212952613831,0.09456425905227661,20.0,9.478208812652156e-05,0.0018956417625304312,10.0,0.0072991871275007725,0.07299187127500772,0.0,0.02638716623187065,0.0,2.866433216608304,0.003554458497092128,0.010188617903120506,0.0,0.31986165046691895,0.0,500.0,0.0005647189100272954,0.2823594550136477,200.0,0.0004546615818981081,0.09093231637962162,0.19109554777388693,0.08673232793807983,0.016574161717031764,0.0,0.0,0.0
384,0.5695016980171204,1.0,0.00037748849717900157,0.00037748849717900157,20.0,0.00472436985000968,0.0944873970001936,20.0,9.374473302159458e-05,0.0018748946604318917,10.0,0.007317280862480402,0.07317280862480402,0.0,0.026417896151542664,0.0,2.873936968484242,0.0034283308777958155,0.009852806849893427,0.0,0.3197171092033386,0.0,500.0,0.0005642810720019042,0.2821405360009521,200.0,0.0004548997385427356,0.09097994770854712,0.19159579789894948,0.08672323822975159,0.016615808025009934,0.0,0.0,0.0
385,0.5700738430023193,1.0,0.00037709655589424074,0.00037709655589424074,20.0,0.0047186315059661865,0.09437263011932373,20.0,9.333515481557697e-05,0.0018667030963115394,10.0,0.007334830705076456,0.07334830705076456,0.0,0.026466043666005135,0.0,2.88144072036018,0.003618938848376274,0.01042775776220477,0.0,0.319712370634079,0.0,500.0,0.000563969137147069,0.2819845685735345,200.0,0.0004551894380711019,0.09103788761422038,0.192096048024012,0.08672157675027847,0.016658872172139537,0.0,0.0,0.0
386,0.5699636936187744,1.0,0.00037703290581703186,0.00037703290581703186,20.0,0.004712427966296673,0.09424855932593346,20.0,9.373808279633522e-05,0.0018747616559267044,10.0,0.00735166622325778,0.0735166622325778,0.0,0.02653123438358307,0.0,2.888944472236118,0.0036061720456928015,0.010418030797336632,0.0,0.3197411894798279,0.0,500.0,0.0005634708213619888,0.2817354106809944,200.0,0.0004554562910925597,0.09109125821851194,0.19259629814907453,0.08672018349170685,0.016701986315311224,0.0,0.0,0.0
387,0.5694292783737183,1.0,0.0003772894269786775,0.0003772894269786775,20.0,0.00470657367259264,0.0941314734518528,20.0,9.429885540157557e-05,0.0018859771080315113,10.0,0.0073671527206897736,0.07367152720689774,0.0,0.026603123173117638,0.0,2.896448224112056,0.00349700590595603,0.010128896546015714,0.0,0.3197612464427948,0.0,500.0,0.0005626955535262823,0.28134777676314116,200.0,0.00045570972724817693,0.09114194544963539,0.19309654827413708,0.0867149829864502,0.016744363898334055,0.0,0.0,0.0
388,0.5690553188323975,1.0,0.00037759719998575747,0.00037759719998575747,20.0,0.0047020334750413895,0.09404066950082779,20.0,9.466230403631926e-05,0.0018932460807263851,10.0,0.007382368203252554,0.07382368203252554,0.0,0.026671195402741432,0.0,2.903951975987994,0.003440978704020381,0.009992436906872593,0.0,0.3197726905345917,0.0,500.0,0.0005619082367047668,0.2809541183523834,200.0,0.00045593405957333744,0.09118681191466749,0.1935967983991996,0.08670995384454727,0.01678676945364672,0.0,0.0,0.0
389,0.5688709020614624,1.0,0.00037771419738419354,0.00037771419738419354,20.0,0.004701448138803244,0.09402896277606487,20.0,9.48345405049622e-05,0.0018966908100992441,10.0,0.007398065645247698,0.07398065645247698,0.0,0.02672690339386463,0.0,2.911455727863932,0.0034223252441734076,0.009963948434761997,0.0,0.319770872592926,0.0,500.0,0.0005611880333162844,0.2805940166581422,200.0,0.0004559983790386468,0.09119967580772936,0.19409704852426213,0.08670515567064285,0.01682921480750847,0.0,0.0,0.0
390,0.5686620473861694,1.0,0.00037782423896715045,0.00037782423896715045,20.0,0.0047040036879479885,0.09408007375895977,20.0,9.472954843658954e-05,0.0018945909687317908,10.0,0.007413750514388084,0.07413750514388084,0.0,0.02677064947783947,0.0,2.91895947973987,0.003398934146389365,0.00992135104761478,0.0,0.3197508454322815,0.0,500.0,0.0005603814497590065,0.28019072487950325,200.0,0.00045594273251481354,0.09118854650296271,0.19459729864932465,0.0866989716887474,0.016871385686304523,0.0,0.0,0.0
391,0.5689843893051147,1.0,0.00037827494088560343,0.00037827494088560343,20.0,0.004708053078502417,0.09416106157004833,20.0,9.48525412240997e-05,0.001897050824481994,10.0,0.007428653072565794,0.07428653072565794,0.0,0.02681535854935646,0.0,2.926463231615808,0.003586448961868882,0.010495611018975969,0.0,0.3197158873081207,0.0,500.0,0.0005593817913904786,0.2796908956952393,200.0,0.00045581202721223235,0.09116240544244647,0.1950975487743872,0.08668772131204605,0.01691256193681739,0.0,0.0,0.0
392,0.5691207051277161,1.0,0.000378321303287521,0.000378321303287521,20.0,0.004708803258836269,0.09417606517672539,20.0,9.420115384273231e-05,0.0018840230768546462,10.0,0.007444189861416817,0.07444189861416817,0.0,0.02685428224503994,0.0,2.9339669834917457,0.0036972560919821262,0.01084762730338928,0.0,0.3197060525417328,0.0,500.0,0.0005585609469562769,0.27928047347813845,200.0,0.0004557960492093116,0.09115920984186232,0.19559779889944973,0.08667316287755966,0.016953079882504166,0.0,0.0,0.0
393,0.5686362385749817,1.0,0.0003781315463129431,0.0003781315463129431,20.0,0.004706203937530518,0.09412407875061035,20.0,9.272836905438453e-05,0.0018545673810876906,10.0,0.007458018139004707,0.07458018139004707,0.0,0.026895511895418167,0.0,2.941470735367684,0.003593391738831997,0.010569856640486314,0.0,0.319625586271286,0.0,500.0,0.0005578991258516908,0.2789495629258454,200.0,0.0004559342341963202,0.09118684683926404,0.19609804902451225,0.08665572106838226,0.016993017838322085,0.0,0.0,0.0
394,0.568291187286377,1.0,0.0003787660098168999,0.0003787660098168999,20.0,0.004707833752036095,0.0941566750407219,20.0,9.215384488925338e-05,0.0018430768977850676,10.0,0.007471783086657524,0.07471783086657524,0.0,0.02693115547299385,0.0,2.9489744872436217,0.0035645707976073027,0.010511828340117583,0.0,0.3196485638618469,0.0,500.0,0.0005569647182710469,0.27848235913552344,200.0,0.00045583053724840283,0.09116610744968057,0.1965982991495748,0.08664633333683014,0.017034521761567906,0.0,0.0,0.0
395,0.5679027438163757,1.0,0.0003796661621890962,0.0003796661621890962,20.0,0.004711728077381849,0.09423456154763699,20.0,9.283683903049678e-05,0.0018567367806099355,10.0,0.007488652598112822,0.07488652598112822,0.0,0.026964113116264343,0.0,2.95647823911956,0.0034918938763439655,0.010323708258725781,0.0,0.3196236193180084,0.0,500.0,0.0005560775753110647,0.27803878765553236,200.0,0.0004555419145617634,0.09110838291235268,0.19709854927463732,0.08662868291139603,0.017074387727408723,0.0,0.0,0.0
396,0.5676776766777039,1.0,0.00038044474786147475,0.00038044474786147475,20.0,0.0047201248817145824,0.09440249763429165,20.0,9.406078606843948e-05,0.0018812157213687897,10.0,0.007509568706154823,0.07509568706154823,0.0,0.026976697146892548,0.0,2.9639819909954976,0.003460003063082695,0.010255386767766366,0.0,0.3196651339530945,0.0,500.0,0.0005550583591684699,0.27752917958423495,200.0,0.0004550853627733886,0.09101707255467772,0.19759879939969985,0.08662094920873642,0.0171161955665087,0.0,0.0,0.0
397,0.5679285526275635,1.0,0.00038057268830016255,0.00038057268830016255,20.0,0.0047282008454203606,0.09456401690840721,20.0,9.462716843700036e-05,0.0018925433687400073,10.0,0.007532152812927961,0.07532152812927961,0.0,0.02697635442018509,0.0,2.971485742871436,0.0035774868447333574,0.01063045115443529,0.0,0.31968992948532104,0.0,500.0,0.0005540601559914649,0.2770300779957324,200.0,0.00045475055230781436,0.09095011046156287,0.19809904952476237,0.0866195559501648,0.01715925170398462,0.0,0.0,0.0
398,0.5677950382232666,1.0,0.0003805024898611009,0.0003805024898611009,20.0,0.004734729882329702,0.09469459764659405,20.0,9.46133368415758e-05,0.001892266736831516,10.0,0.0075541408732533455,0.07554140873253345,0.0,0.02697255089879036,0.0,2.9789894947473736,0.0035347656812518835,0.010530029830842905,0.0,0.3196292519569397,0.0,500.0,0.000553267658688128,0.276633829344064,200.0,0.0004546046839095652,0.09092093678191304,0.19859929964982492,0.08661392331123352,0.017201464509534622,0.0,0.0,0.0
399,0.5676466822624207,1.0,0.00038034660974517465,0.00038034660974517465,20.0,0.0047401972115039825,0.09480394423007965,20.0,9.51324327616021e-05,0.001902648655232042,10.0,0.007577234413474798,0.07577234413474798,0.0,0.026973677799105644,0.0,2.986493246623312,0.003492937656119466,0.010431634720877044,0.0,0.3195796012878418,0.0,500.0,0.0005524029256775975,0.27620146283879876,200.0,0.0004545585543382913,0.09091171086765826,0.19909954977488745,0.08660295605659485,0.017242609560042397,0.0,0.0,0.0
400,0.5679545998573303,1.0,0.00038040446816012263,0.00038040446816012263,20.0,0.0047435942105948925,0.09487188421189785,20.0,9.649871208239347e-05,0.0019299742416478693,10.0,0.007599672302603722,0.07599672302603722,0.0,0.026992186903953552,0.0,2.9939969984992496,0.0036365410778671503,0.010887793072053474,0.0,0.3196038007736206,0.0,500.0,0.0005514085059985518,0.2757042529992759,200.0,0.0004545074771158397,0.09090149542316794,0.19959979989994997,0.08658367395401001,0.017282083995822907,0.0,0.0,0.0
401,0.56756591796875,1.0,0.00038037539343349636,0.00038037539343349636,20.0,0.004743639379739761,0.09487278759479523,20.0,9.649912681197748e-05,0.0019299825362395495,10.0,0.007619469426572323,0.07619469426572323,0.0,0.027005864307284355,0.0,3.0015007503751874,0.003534377319738269,0.010608436177303457,0.0,0.31957072019577026,0.0,500.0,0.0005507314344868064,0.2753657172434032,200.0,0.00045446434523910284,0.09089286904782057,0.2001000500250125,0.08656207472085953,0.017321075481912862,0.0,0.0,0.0
402,0.5676548480987549,1.0,0.00038077522185631096,0.00038077522185631096,20.0,0.004742885939776897,0.09485771879553795,20.0,9.76350565906614e-05,0.0019527011318132281,10.0,0.007638169452548027,0.07638169452548027,0.0,0.027041887864470482,0.0,3.0090045022511256,0.003645035671070218,0.01096792874511624,0.0,0.3195723593235016,0.0,500.0,0.0005497158272191882,0.2748579136095941,200.0,0.00045448681339621544,0.09089736267924309,0.20060030015007504,0.08653402328491211,0.017358751044146952,0.0,0.0,0.0
403,0.56662917137146,1.0,0.0003813131188508123,0.0003813131188508123,20.0,0.004742809571325779,0.09485619142651558,20.0,9.981456969399005e-05,0.001996291393879801,10.0,0.007656555622816086,0.07656555622816086,0.0,0.02709771692752838,0.0,3.0165082541270634,0.003408597083762288,0.010282061238162379,0.0,0.3196132481098175,0.0,500.0,0.0005484351422637701,0.27421757113188505,200.0,0.0004546723794192076,0.09093447588384151,0.20110055027513757,0.08650266379117966,0.017395733288671448,0.0,0.0,0.0
404,0.5663329362869263,1.0,0.0003818444674834609,0.0003818444674834609,20.0,0.004745669197291136,0.09491338394582272,20.0,0.00010067701805382967,0.0020135403610765934,10.0,0.007673310581594706,0.07673310581594706,0.0,0.027137478813529015,0.0,3.0240120060030016,0.0033513857051730156,0.010134630609190036,0.0,0.31962719559669495,0.0,500.0,0.0005474869394674897,0.27374346973374486,200.0,0.0004548723518382758,0.09097447036765516,0.2016008004002001,0.0864999070763588,0.017438450501136866,0.0,0.0,0.0
405,0.5662344098091125,1.0,0.0003817769174929708,0.0003817769174929708,20.0,0.0047506666742265224,0.09501333348453045,20.0,9.999847679864615e-05,0.001999969535972923,10.0,0.00769085343927145,0.0769085343927145,0.0,0.027155553922057152,0.0,3.0315157578789393,0.0033408040180802345,0.010127700024795508,0.0,0.31951406598091125,0.0,500.0,0.0005466843722388148,0.2733421861194074,200.0,0.0004548924625851214,0.09097849251702428,0.20210105052526264,0.08650323003530502,0.017482393663963598,0.0,0.0,0.0
406,0.565985918045044,1.0,0.00038151777698658407,0.00038151777698658407,20.0,0.004754797555506229,0.09509595111012459,20.0,9.948899241862819e-05,0.0019897798483725637,10.0,0.007709048222750425,0.07709048222750425,0.0,0.02718259207904339,0.0,3.0390195097548776,0.003292179899290204,0.010004998943565779,0.0,0.3194493353366852,0.0,500.0,0.0005458310479298234,0.2729155239649117,200.0,0.00045490358024835587,0.09098071604967117,0.20260130065032517,0.08650980144739151,0.017526998292242902,0.0,0.0,0.0
407,0.566848874092102,1.0,0.0003813008079305291,0.0003813008079305291,20.0,0.004756961949169636,0.09513923898339272,20.0,9.95478403638117e-05,0.001990956807276234,10.0,0.00772898318246007,0.0772898318246007,0.0,0.027218742296099663,0.0,3.0465232616308153,0.003643312491476536,0.011099436254673387,0.0,0.3193685710430145,0.0,500.0,0.0005447625881060958,0.2723812940530479,200.0,0.0004549632722046226,0.09099265444092453,0.2031015507753877,0.08652907609939575,0.01757418954294881,0.0,0.0,0.0
408,0.5657593011856079,1.0,0.0003813020884990692,0.0003813020884990692,20.0,0.004755708388984203,0.09511416777968407,20.0,9.974889690056443e-05,0.0019949779380112886,10.0,0.007749680895358324,0.07749680895358324,0.0,0.02725919336080551,0.0,3.0540270135067535,0.0033651518169790506,0.010277264553605355,0.0,0.31926554441452026,0.0,500.0,0.0005437113577499986,0.2718556788749993,200.0,0.00045509147457778454,0.09101829491555691,0.2036018009004502,0.08654534071683884,0.01762078722949145,0.0,0.0,0.0
409,0.565603494644165,1.0,0.00038113287882879376,0.00038113287882879376,20.0,0.004751599393785,0.0950319878757,20.0,9.965942444978282e-05,0.0019931884889956564,10.0,0.007771502248942852,0.07771502248942852,0.0,0.027296507731080055,0.0,3.0615307653826913,0.0033829896710813046,0.010357126956987286,0.0,0.3192700147628784,0.0,500.0,0.0005428086733445525,0.27140433667227626,200.0,0.0004552706377580762,0.09105412755161524,0.20410205102551277,0.08655763417482376,0.017666590666997547,0.0,0.0,0.0
410,0.5654479265213013,1.0,0.0003805551677942276,0.0003805551677942276,20.0,0.004745825659483671,0.09491651318967342,20.0,9.896963456412777e-05,0.0019793926912825555,10.0,0.007794079836457968,0.07794079836457968,0.0,0.027326004579663277,0.0,3.0690345172586295,0.0033939986024051905,0.010416298862309077,0.0,0.31919869780540466,0.0,500.0,0.000541995745152235,0.2709978725761175,200.0,0.0004555252962745726,0.09110505925491452,0.2046023011505753,0.08656498044729233,0.017711394198570568,0.0,0.0,0.0
411,0.565187394618988,1.0,0.0003796271630562842,0.0003796271630562842,20.0,0.004740586504340172,0.09481173008680344,20.0,9.804942965274677e-05,0.0019609885930549353,10.0,0.007818451151251793,0.07818451151251793,0.0,0.027343526482582092,0.0,3.0765382691345673,0.0033677062019705772,0.010360877009564307,0.0,0.31913185119628906,0.0,500.0,0.0005411350866779685,0.27056754333898425,200.0,0.0004558374348562211,0.09116748697124422,0.2051025512756378,0.0865645706653595,0.017754614293545468,0.0,0.0,0.0
412,0.5654879212379456,1.0,0.00037862008321098983,0.00037862008321098983,20.0,0.004735802300274372,0.09471604600548744,20.0,9.726203279569745e-05,0.001945240655913949,10.0,0.007843848317861557,0.07843848317861557,0.0,0.02735363505780697,0.0,3.084042021010505,0.0035116581711918116,0.010830101363380449,0.0,0.3191554546356201,0.0,500.0,0.0005403268150985241,0.27016340754926205,200.0,0.0004561014357022941,0.09122028714045882,0.20560280140070036,0.08655405044555664,0.017795755244183982,0.0,0.0,0.0
413,0.5645878911018372,1.0,0.0003780928091146052,0.0003780928091146052,20.0,0.0047346423380076885,0.09469284676015377,20.0,9.656124166212976e-05,0.0019312248332425952,10.0,0.007868393324315548,0.07868393324315548,0.0,0.027353866025805473,0.0,3.0915457728864433,0.0032482168171554804,0.010042010970495683,0.0,0.31908026337623596,0.0,500.0,0.0005395823391154408,0.2697911695577204,200.0,0.0004561700625345111,0.09123401250690222,0.2061030515257629,0.08653250336647034,0.017834612999992887,0.0,0.0,0.0
414,0.5643367171287537,1.0,0.0003782704006880522,0.0003782704006880522,20.0,0.004736379720270634,0.09472759440541267,20.0,9.767449228093028e-05,0.0019534898456186056,10.0,0.007892541587352753,0.07892541587352753,0.0,0.02737218141555786,0.0,3.099049524762381,0.0032767634838819504,0.010154852317483082,0.0,0.31911104917526245,0.0,500.0,0.0005382575909607112,0.2691287954803556,200.0,0.0004559658409561962,0.09119316819123924,0.2066033016508254,0.08651918917894363,0.01787515014052212,0.0,0.0,0.0
415,0.5638816952705383,1.0,0.000378838914912194,0.000378838914912194,20.0,0.0047433762811124325,0.09486752562224865,20.0,9.956175927072763e-05,0.0019912351854145527,10.0,0.007916301488876343,0.07916301488876343,0.0,0.027389204129576683,0.0,3.1065532766383193,0.0032230857759714127,0.010012687678230351,0.0,0.31914135813713074,0.0,500.0,0.0005368591519072652,0.2684295759536326,200.0,0.000455627276096493,0.0911254552192986,0.20710355177588793,0.08649501204490662,0.01791342420539837,0.0,0.0,0.0
416,0.5633745193481445,1.0,0.00037922707269899547,0.00037922707269899547,20.0,0.004753192886710167,0.09506385773420334,20.0,0.00010065858805319294,0.002013171761063859,10.0,0.00794055312871933,0.0794055312871933,0.0,0.02738780900835991,0.0,3.114057028514257,0.003129561198875308,0.009745632047523158,0.0,0.3192152976989746,0.0,500.0,0.0005355126922950149,0.26775634614750743,200.0,0.00045529776252806187,0.09105955250561237,0.20760380190095049,0.08646836131811142,0.01795116055378501,0.0,0.0,0.0
417,0.5639569163322449,1.0,0.00037956665619276464,0.00037956665619276464,20.0,0.0047665247693657875,0.09533049538731575,20.0,0.00010104761167895049,0.0020209522335790098,10.0,0.007965106517076492,0.07965106517076492,0.0,0.027364997193217278,0.0,3.1215607803901952,0.003374310676008463,0.010533115867079945,0.0,0.3191990256309509,0.0,500.0,0.0005341105861589313,0.2670552930794656,200.0,0.0004549651057459414,0.09099302114918828,0.208104052026013,0.08646340668201447,0.01799338528250026,0.0,0.0,0.0
418,0.5634157061576843,1.0,0.0003799819387495518,0.0003799819387495518,20.0,0.004780842922627926,0.09561685845255852,20.0,0.0001008177496260032,0.002016354992520064,10.0,0.00799026433378458,0.0799026433378458,0.0,0.02732331119477749,0.0,3.129064532266133,0.003230488393455744,0.010108406653859769,0.0,0.3190966248512268,0.0,500.0,0.0005328211700543761,0.26641058502718806,200.0,0.0004547208081930876,0.09094416163861752,0.20860430215107553,0.08646374940872192,0.018036710106771908,0.0,0.0,0.0
419,0.5627398490905762,1.0,0.00038059824146330357,0.00038059824146330357,20.0,0.004801063798367977,0.09602127596735954,20.0,0.00010142155224457383,0.0020284310448914766,10.0,0.008017431013286114,0.08017431013286114,0.0,0.027264492586255074,0.0,3.1365682841420712,0.003024021629244089,0.009485050332846643,0.0,0.319104939699173,0.0,500.0,0.000531338038854301,0.2656690194271505,200.0,0.00045450375182554126,0.09090075036510825,0.20910455227613806,0.08646584302186966,0.018080401392266892,0.0,0.0,0.0
420,0.5618941783905029,1.0,0.00038169146864674985,0.00038169146864674985,20.0,0.004826436750590801,0.09652873501181602,20.0,0.00010362187458667904,0.002072437491733581,10.0,0.008045343682169914,0.08045343682169914,0.0,0.027199260890483856,0.0,3.144072036018009,0.002800904680043459,0.008806246080076609,0.0,0.3190387189388275,0.0,500.0,0.000529315322637558,0.264657661318779,200.0,0.00045434938510879874,0.09086987702175975,0.2096048024012006,0.08646809309720993,0.018124127567649306,0.0,0.0,0.0
421,0.5606493949890137,1.0,0.0003830901114270091,0.0003830901114270091,20.0,0.004853815771639347,0.09707631543278694,20.0,0.00010673137148842216,0.002134627429768443,10.0,0.008074268698692322,0.08074268698692322,0.0,0.027120111510157585,0.0,3.1515757878939468,0.002438546856865287,0.007685265231741524,0.0,0.31902873516082764,0.0,500.0,0.0005271882982924581,0.26359414914622903,200.0,0.0004543246468529105,0.0908649293705821,0.21010505252626313,0.08647266775369644,0.01816834440047649,0.0,0.0,0.0
422,0.5596721172332764,1.0,0.00038471753941848874,0.00038471753941848874,20.0,0.00487920455634594,0.09758409112691879,20.0,0.00011106734746135771,0.0022213469492271543,10.0,0.008104818873107433,0.08104818873107433,0.0,0.027041926980018616,0.0,3.159079539769885,0.002217700704932213,0.007005892922284604,0.0,0.31891927123069763,0.0,500.0,0.0005246737273409963,0.26233686367049813,200.0,0.00045439024688676,0.090878049377352,0.21060530265132565,0.08647920191287994,0.01821297849190718,0.0,0.0,0.0
423,0.5589787364006042,1.0,0.00038664048770442605,0.00038664048770442605,20.0,0.004904669243842363,0.09809338487684727,20.0,0.00011701120820362121,0.002340224164072424,10.0,0.008138061501085758,0.08138061501085758,0.0,0.02696136385202408,0.0,3.1665832916458228,0.002132008085027337,0.006751181179701372,0.0,0.31882035732269287,0.0,500.0,0.0005216884892433882,0.2608442446216941,200.0,0.0004546181298792362,0.09092362597584724,0.2111055527763882,0.08649177104234695,0.01825889313650346,0.0,0.0,0.0
424,0.5583730936050415,1.0,0.00038812123239040375,0.00038812123239040375,20.0,0.004927321802824736,0.09854643605649471,20.0,0.00012282340321689844,0.002456468064337969,10.0,0.008171025663614273,0.08171025663614273,0.0,0.02688283659517765,0.0,3.174087043521761,0.002031615236774087,0.006448523600466024,0.0,0.318612664937973,0.0,500.0,0.0005190663505345583,0.25953317526727915,200.0,0.00045492331264540553,0.0909846625290811,0.21160580290145073,0.0865074172616005,0.01830547148657179,0.0,0.0,0.0
425,0.5574446320533752,1.0,0.0003883513272739947,0.0003883513272739947,20.0,0.0049391030333936214,0.09878206066787243,20.0,0.00012570276157930493,0.0025140552315860987,10.0,0.008202377706766129,0.08202377706766129,0.0,0.026805194094777107,0.0,3.1815907953976987,0.0019072117283940315,0.006067967279932986,0.0,0.3183838427066803,0.0,500.0,0.0005166408373042941,0.25832041865214705,200.0,0.0004549706936813891,0.09099413873627782,0.21210605302651325,0.08653167635202408,0.018353892332795503,0.0,0.0,0.0
426,0.5570220947265625,1.0,0.00038792594568803906,0.00038792594568803906,20.0,0.004940166138112545,0.0988033227622509,20.0,0.00012714338663499802,0.0025428677326999605,10.0,0.008232567459344864,0.08232567459344864,0.0,0.026743194088339806,0.0,3.189094547273637,0.0019764176104217768,0.006302982624531679,0.0,0.31809571385383606,0.0,500.0,0.0005145439645275474,0.2572719822637737,200.0,0.0004549229925032705,0.0909845985006541,0.21260630315157578,0.08655776083469391,0.018402725540142526,0.0,0.0,0.0
427,0.5564865469932556,1.0,0.00038762844633311033,0.00038762844633311033,20.0,0.004937245510518551,0.09874491021037102,20.0,0.00012888343189843,0.0025776686379686,10.0,0.008262364193797112,0.08262364193797112,0.0,0.026693087071180344,0.0,3.1965982991495747,0.0020402732770889997,0.006521934087343025,0.0,0.3178195059299469,0.0,500.0,0.0005123561713844538,0.2561780856922269,200.0,0.00045499723637476563,0.09099944727495313,0.21310655327663833,0.08659148961305618,0.018453213894528232,0.0,0.0,0.0
428,0.5556504726409912,1.0,0.000387565785786137,0.000387565785786137,20.0,0.004936030600219965,0.0987206120043993,20.0,0.0001316937559749931,0.002633875119499862,10.0,0.008293396793305874,0.08293396793305874,0.0,0.02664833888411522,0.0,3.204102051025513,0.002001597546041012,0.006413322802597639,0.0,0.31759461760520935,0.0,500.0,0.0005100523121654987,0.25502615608274937,200.0,0.00045516068348661065,0.09103213669732213,0.21360680340170085,0.08662091195583344,0.01850281611062575,0.0,0.0,0.0
429,0.5546875,1.0,0.00038745079655200243,0.00038745079655200243,20.0,0.004939697217196226,0.09879394434392452,20.0,0.00013412872795015574,0.0026825745590031147,10.0,0.00832575187087059,0.0832575187087059,0.0,0.026581453159451485,0.0,3.2116058029014507,0.001915814122185111,0.006152839752090251,0.0,0.31733861565589905,0.0,500.0,0.0005075667286291718,0.2537833643145859,200.0,0.00045539200073108077,0.09107840014621615,0.21410705352676337,0.08664542436599731,0.018551396512579716,0.0,0.0,0.0
430,0.5543558597564697,1.0,0.0003870272485073656,0.0003870272485073656,20.0,0.004946338012814522,0.09892676025629044,20.0,0.0001358540466753766,0.002717080933507532,10.0,0.008360178209841251,0.08360178209841251,0.0,0.026491517201066017,0.0,3.219109554777389,0.0020144847221672535,0.006484847017081679,0.0,0.31697890162467957,0.0,500.0,0.0005049729370512068,0.2524864685256034,200.0,0.00045576278353109956,0.09115255670621991,0.21460730365182593,0.08666673302650452,0.018599313891130786,0.0,0.0,0.0
431,0.553440511226654,1.0,0.00038657718687318265,0.00038657718687318265,20.0,0.004953405354171991,0.09906810708343983,20.0,0.0001366012147627771,0.002732024295255542,10.0,0.008394266478717327,0.08394266478717327,0.0,0.026380863040685654,0.0,3.2266133066533267,0.001963290385901928,0.006334778883975705,0.0,0.31660452485084534,0.0,500.0,0.0005021296092309058,0.2510648046154529,200.0,0.00045632774708792567,0.09126554941758513,0.21510755377688845,0.08668214082717896,0.018645983269478215,0.0,0.0,0.0
432,0.5519334673881531,1.0,0.0003863291349261999,0.0003863291349261999,20.0,0.004959206096827984,0.09918412193655968,20.0,0.00013754467363469303,0.0027508934726938605,10.0,0.008427622728049755,0.08427622728049755,0.0,0.026264842599630356,0.0,3.2341170585292645,0.0017166049219667912,0.005551701260888096,0.0,0.3163498044013977,0.0,500.0,0.0004994472255930305,0.24972361279651523,200.0,0.00045684693031944335,0.09136938606388867,0.21560780390195097,0.0866907462477684,0.01869120141710264,0.0,0.0,0.0
433,0.5510863661766052,1.0,0.0003866463666781783,0.0003866463666781783,20.0,0.004967173561453819,0.09934347122907639,20.0,0.00014050983008928597,0.0028101966017857194,10.0,0.008461402729153633,0.08461402729153633,0.0,0.026152228936553,0.0,3.2416208104052027,0.001711559947580099,0.005548228344331687,0.0,0.31610792875289917,0.0,500.0,0.0004964993568137288,0.2482496784068644,200.0,0.00045700129703618586,0.09140025940723717,0.2161080540270135,0.08668747544288635,0.01873386162647669,0.0,0.0,0.0
434,0.5499554872512817,1.0,0.0003873377572745085,0.0003873377572745085,20.0,0.004979257471859455,0.0995851494371891,20.0,0.00014564982848241925,0.002912996569648385,10.0,0.008496027439832687,0.08496027439832687,0.0,0.02604375220835209,0.0,3.2491245622811404,0.0016982515808194876,0.005517830924173372,0.0,0.3159434497356415,0.0,500.0,0.0004928770358674228,0.2464385179337114,200.0,0.00045688991667702794,0.09137798333540559,0.21660830415207605,0.08667894452810287,0.018775379179924237,0.0,0.0,0.0
435,0.5491417050361633,1.0,0.0003881861630361527,0.0003881861630361527,20.0,0.004995748400688171,0.09991496801376343,20.0,0.00015245300892274827,0.0030490601784549654,10.0,0.00853226613253355,0.0853226613253355,0.0,0.02593265473842621,0.0,3.2566283141570787,0.0017915021162480116,0.005834256516645601,0.0,0.31594786047935486,0.0,500.0,0.0004889304982498288,0.2444652491249144,200.0,0.00045675382716581225,0.09135076543316245,0.21710855427713857,0.0866687074303627,0.018816517771274344,0.0,0.0,0.0
436,0.5478485226631165,1.0,0.00038894597673788667,0.00038894597673788667,20.0,0.005014409311115742,0.10028818622231483,20.0,0.0001592227054061368,0.003184454108122736,10.0,0.00856969878077507,0.0856969878077507,0.0,0.02580682747066021,0.0,3.2641320660330164,0.0016499756602570415,0.005385738460819007,0.0,0.31584811210632324,0.0,500.0,0.0004853801801800728,0.2426900900900364,200.0,0.00045678101014345884,0.09135620202869177,0.2176088044022011,0.08665960282087326,0.018857892559819844,0.0,0.0,0.0
437,0.5471751689910889,1.0,0.00038942345418035984,0.00038942345418035984,20.0,0.005035500042140484,0.10071000084280968,20.0,0.0001648860052227974,0.003297720104455948,10.0,0.008608988486230373,0.08608988486230373,0.0,0.025655146688222885,0.0,3.2716358179089546,0.0016931716818362474,0.005539441120164612,0.0,0.31573012471199036,0.0,500.0,0.00048172479728236794,0.24086239864118397,200.0,0.00045693028368987143,0.09138605673797429,0.21810905452726362,0.08665483444929123,0.01890020401195146,0.0,0.0,0.0
438,0.5463390946388245,1.0,0.0003894268302246928,0.0003894268302246928,20.0,0.005055236630141735,0.1011047326028347,20.0,0.0001681008143350482,0.003362016286700964,10.0,0.008646959438920021,0.08646959438920021,0.0,0.025480156764388084,0.0,3.2791395697848924,0.001785089261829853,0.005853556834064376,0.0,0.3154888451099396,0.0,500.0,0.00047759985318407416,0.23879992659203708,200.0,0.00045707414392381907,0.09141482878476381,0.21860930465232617,0.08666151016950607,0.018945012478276214,0.0,0.0,0.0
439,0.5454437732696533,1.0,0.000388853601180017,0.000388853601180017,20.0,0.005071617197245359,0.10143234394490719,20.0,0.00016887654783204198,0.0033775309566408396,10.0,0.008683343417942524,0.08683343417942524,0.0,0.025288699194788933,0.0,3.2866433216608306,0.0019816537387669086,0.006512989026362477,0.0,0.31522852182388306,0.0,500.0,0.0004729095962829888,0.2364547981414944,200.0,0.0004572450998239219,0.09144901996478438,0.2191095547773887,0.0866910070180893,0.018994827950937022,0.0,0.0,0.0
440,0.5437507629394531,1.0,0.00038817350286990404,0.00038817350286990404,20.0,0.0050851646810770035,0.10170329362154007,20.0,0.00016877998132258654,0.0033755996264517307,10.0,0.008718173019587994,0.08718173019587994,0.0,0.02509874664247036,0.0,3.2941470735367684,0.0018980273744091392,0.006252381320902542,0.0,0.31494471430778503,0.0,500.0,0.0004686441970989108,0.2343220985494554,200.0,0.0004574214981403202,0.09148429962806404,0.21960980490245122,0.08671396225690842,0.019043236333558176,0.0,0.0,0.0
441,0.5425323247909546,1.0,0.00038742501055821776,0.00038742501055821776,20.0,0.00509675033390522,0.1019350066781044,20.0,0.00016808186774142087,0.0033616373548284173,10.0,0.008751791901886463,0.08751791901886463,0.0,0.02491176314651966,0.0,3.301650825412706,0.0018393690697848797,0.00607295440749385,0.0,0.31466785073280334,0.0,500.0,0.0004653580253943801,0.23267901269719005,200.0,0.0004574296763166785,0.0914859352633357,0.22011005502751377,0.08674031496047974,0.01909241549905507,0.0,0.0,0.0
442,0.5421695709228516,1.0,0.0003866590850520879,0.0003866590850520879,20.0,0.005102987866848707,0.10205975733697414,20.0,0.0001672595099080354,0.003345190198160708,10.0,0.00878393929451704,0.0878393929451704,0.0,0.02474418468773365,0.0,3.3091545772886444,0.0018610404804348946,0.0061584706243505895,0.0,0.3143296539783478,0.0,500.0,0.00046345009468495846,0.23172504734247923,200.0,0.0004575660568661988,0.09151321137323976,0.2206103051525763,0.08676784485578537,0.019141880731066208,0.0,0.0,0.0
443,0.5414422154426575,1.0,0.0003865857725031674,0.0003865857725031674,20.0,0.005112312734127045,0.1022462546825409,20.0,0.00016876059817150235,0.003375211963430047,10.0,0.008817136287689209,0.08817136287689209,0.0,0.024591997265815735,0.0,3.316658329164582,0.0017887166468426585,0.005932561965266046,0.0,0.31406763195991516,0.0,500.0,0.0004612744087353349,0.23063720436766744,200.0,0.0004575264174491167,0.09150528348982334,0.22111055527763882,0.08677900582551956,0.019187754164522085,0.0,0.0,0.0
444,0.5389672517776489,1.0,0.00038736648275516927,0.00038736648275516927,20.0,0.005121699534356594,0.10243399068713188,20.0,0.00017323059728369117,0.0034646119456738234,10.0,0.008849921636283398,0.08849921636283398,0.0,0.024464361369609833,0.0,3.3241620810405204,0.0014310870319604874,0.004757165246311875,0.0,0.31380319595336914,0.0,500.0,0.00045739614870399237,0.22869807435199618,200.0,0.0004574783961288631,0.09149567922577262,0.22161080540270134,0.08677888661623001,0.019231138954972433,0.0,0.0,0.0
445,0.5377959609031677,1.0,0.000388714368455112,0.000388714368455112,20.0,0.005130557809025049,0.10261115618050098,20.0,0.00017966788436751813,0.0035933576873503625,10.0,0.008881346322596073,0.08881346322596073,0.0,0.024355508387088776,0.0,3.331665832916458,0.0015394610818475485,0.005128969887496084,0.0,0.31375548243522644,0.0,500.0,0.0004529933212324977,0.22649666061624885,200.0,0.0004574463819153607,0.09148927638307214,0.2221110555277639,0.08677814900875092,0.019274386273079244,0.0,0.0,0.0
446,0.5375520586967468,1.0,0.0003900106530636549,0.0003900106530636549,20.0,0.0051385569386184216,0.10277113877236843,20.0,0.00018619876937009394,0.003723975387401879,10.0,0.008911218494176865,0.08911218494176865,0.0,0.024254262447357178,0.0,3.3391695847923963,0.0017472862964496017,0.00583448525702906,0.0,0.31363195180892944,0.0,500.0,0.000449804007075727,0.2249020035378635,200.0,0.000457506044767797,0.0915012089535594,0.2226113056528264,0.08677506446838379,0.0193171103994151,0.0,0.0,0.0
447,0.5365707278251648,1.0,0.0003903931356035173,0.0003903931356035173,20.0,0.005140799563378096,0.10281599126756191,20.0,0.00019127485575154424,0.0038254971150308847,10.0,0.008941812440752983,0.08941812440752983,0.0,0.02416505105793476,0.0,3.346673336668334,0.0016184382839128375,0.005416384251814349,0.0,0.313490092754364,0.0,500.0,0.0004477428155951202,0.2238714077975601,200.0,0.0004573506594169885,0.0914701318833977,0.22311155577788894,0.08678535372018814,0.019362815287245577,0.0,0.0,0.0
448,0.5363026261329651,1.0,0.0003900749725289643,0.0003900749725289643,20.0,0.005144507624208927,0.10289015248417854,20.0,0.00019364184117875993,0.0038728368235751987,10.0,0.00897091906517744,0.0897091906517744,0.0,0.02405615895986557,0.0,3.3541770885442723,0.0017053121700882912,0.005719919009725859,0.0,0.313322514295578,0.0,500.0,0.00044577723019756377,0.22288861509878188,200.0,0.0004571075551211834,0.09142151102423668,0.2236118059029515,0.08680363744497299,0.019410318128015473,0.0,0.0,0.0
449,0.535130500793457,1.0,0.00038893462624400854,0.00038893462624400854,20.0,0.005148019175976515,0.1029603835195303,20.0,0.0001927614794112742,0.003855229588225484,10.0,0.008996451273560524,0.08996451273560524,0.0,0.023928705602884293,0.0,3.36168084042021,0.001622322597540915,0.0054537307931340415,0.0,0.3130456507205963,0.0,500.0,0.00044330881792120636,0.22165440896060318,200.0,0.0004569801385514438,0.09139602771028876,0.224112056028014,0.08681941032409668,0.019457276550873093,0.0,0.0,0.0
450,0.5337502956390381,1.0,0.00038740586023777723,0.00038740586023777723,20.0,0.005148641765117645,0.1029728353023529,20.0,0.00018963238107971847,0.0037926476215943694,10.0,0.009016896598041058,0.09016896598041058,0.0,0.023794550448656082,0.0,3.369184592296148,0.0014972130302339792,0.00504438707284935,0.0,0.31272080540657043,0.0,500.0,0.00044090597657486796,0.22045298828743398,200.0,0.0004571335739456117,0.09142671478912234,0.22461230615307654,0.0868353396654129,0.019504285897834112,0.0,0.0,0.0
451,0.533196210861206,1.0,0.00038558937376365066,0.00038558937376365066,20.0,0.0051441555842757225,0.10288311168551445,20.0,0.00018565170466899872,0.0037130340933799744,10.0,0.009033351205289364,0.09033351205289364,0.0,0.023669837042689323,0.0,3.376688344172086,0.00149462278932333,0.005046875351642059,0.0,0.3124285638332367,0.0,500.0,0.00043963693315163255,0.21981846657581627,200.0,0.0004573306068778038,0.09146612137556076,0.22511255627813906,0.0868431031703949,0.019549472949813757,0.0,0.0,0.0
452,0.5334548354148865,1.0,0.00038360952748917043,0.00038360952748917043,20.0,0.005132736638188362,0.10265473276376724,20.0,0.00018171056581195444,0.0036342113162390888,10.0,0.009048390202224255,0.09048390202224255,0.0,0.023564932867884636,0.0,3.384192096048024,0.001595732755959034,0.005400266180121493,0.0,0.31221407651901245,0.0,500.0,0.00043955689761787653,0.21977844880893826,200.0,0.0004576363426167518,0.09152726852335036,0.2256128064032016,0.08684074133634567,0.019592383363027464,0.0,0.0,0.0
453,0.5332757830619812,1.0,0.000381707854103297,0.000381707854103297,20.0,0.005114391446113586,0.10228782892227173,20.0,0.0001786249631550163,0.003572499263100326,10.0,0.009062960743904114,0.09062960743904114,0.0,0.023482181131839752,0.0,3.391695847923962,0.001533299102447927,0.005200484199398172,0.0,0.3119862675666809,0.0,500.0,0.00043997575994580984,0.21998787997290492,200.0,0.00045789533760398626,0.09157906752079725,0.22611305652826413,0.0868445485830307,0.0196366863229264,0.0,0.0,0.0
454,0.5328451991081238,1.0,0.0003801987913902849,0.0003801987913902849,20.0,0.0050897966139018536,0.10179593227803707,20.0,0.0001771636016201228,0.003543272032402456,10.0,0.009076484479010105,0.09076484479010105,0.0,0.023434609174728394,0.0,3.3991995997999,0.001500376034528017,0.005100077616116997,0.0,0.3118998408317566,0.0,500.0,0.00043998582987114787,0.21999291493557394,200.0,0.00045795427286066115,0.09159085457213223,0.22661330665332666,0.08683116734027863,0.019677097951548882,0.0,0.0,0.0
455,0.5317647457122803,1.0,0.0003786108281929046,0.0003786108281929046,20.0,0.005062613170593977,0.10125226341187954,20.0,0.00017544065485708416,0.003508813097141683,10.0,0.00908977072685957,0.0908977072685957,0.0,0.023390937596559525,0.0,3.406703351675838,0.0012692875461652875,0.004324086137761685,0.0,0.31189897656440735,0.0,500.0,0.00044018399785272777,0.22009199892636389,200.0,0.0004579912929330021,0.09159825858660042,0.2271135567783892,0.08679787069559097,0.019712973134466384,0.0,0.0,0.0
456,0.5317019820213318,1.0,0.00037696774234063923,0.00037696774234063923,20.0,0.005035899579524994,0.10071799159049988,20.0,0.00017398956697434187,0.0034797913394868374,10.0,0.009103838354349136,0.09103838354349136,0.0,0.02335677295923233,0.0,3.414207103551776,0.0013369484804570675,0.004564618999059272,0.0,0.31201088428497314,0.0,500.0,0.00044039389467798173,0.22019694733899087,200.0,0.00045789952855557203,0.0915799057111144,0.22761380690345173,0.08675812929868698,0.019747348089496037,0.0,0.0,0.0
457,0.5315287113189697,1.0,0.0003752351040020585,0.0003752351040020585,20.0,0.005011837463825941,0.10023674927651882,20.0,0.0001721611770335585,0.0034432235406711698,10.0,0.009119326248764992,0.09119326248764992,0.0,0.023321401327848434,0.0,3.421710855427714,0.0013740689028054476,0.004701666480835048,0.0,0.31206923723220825,0.0,500.0,0.00044050446012988687,0.22025223006494343,200.0,0.00045771762961521745,0.09154352592304349,0.22811405702851426,0.08672314137220383,0.019782767616670808,0.0,0.0,0.0
458,0.5318055748939514,1.0,0.0003733131452463567,0.0003733131452463567,20.0,0.0049906084313988686,0.09981216862797737,20.0,0.00016968286945484579,0.0033936573890969157,10.0,0.009135711938142776,0.09135711938142776,0.0,0.023286957293748856,0.0,3.429214607303652,0.0015169372782111168,0.005201903472805005,0.0,0.31216752529144287,0.0,500.0,0.0004407264059409499,0.22036320297047496,200.0,0.0004574480699375272,0.09148961398750544,0.22861430715357678,0.0866725966334343,0.019814595628554012,0.0,0.0,0.0
459,0.53191739320755,1.0,0.00037171406438574195,0.00037171406438574195,20.0,0.00497382041066885,0.099476408213377,20.0,0.00016687372408341616,0.0033374744816683233,10.0,0.009150580503046513,0.09150580503046513,0.0,0.02323273755609989,0.0,3.43671835917959,0.0015884063905104995,0.005458905404105619,0.0,0.3122846782207489,0.0,500.0,0.0004410942201502621,0.22054711007513106,200.0,0.00045688083628192544,0.09137616725638509,0.22911455727863933,0.08661097288131714,0.019843834707175212,0.0,0.0,0.0
460,0.530780017375946,1.0,0.00037068783422000706,0.00037068783422000706,20.0,0.004960848018527031,0.09921696037054062,20.0,0.00016380967281293124,0.003276193456258625,10.0,0.00916422437876463,0.0916422437876463,0.0,0.023154878988862038,0.0,3.444222111055528,0.0013634273782372475,0.004695946722943196,0.0,0.3124390244483948,0.0,500.0,0.0004410058609209955,0.22050293046049774,200.0,0.0004560222150757909,0.09120444301515818,0.22961480740370185,0.0865386500954628,0.019870555474646036,0.0,0.0,0.0
461,0.5305008292198181,1.0,0.00036943639861419797,0.00036943639861419797,20.0,0.0049474965780973434,0.09894993156194687,20.0,0.00015954228001646698,0.0031908456003293395,10.0,0.009179267100989819,0.09179267100989819,0.0,0.0230557881295681,0.0,3.4517258629314655,0.001400727778673172,0.0048349283005727295,0.0,0.31249839067459106,0.0,500.0,0.0004408154636621475,0.22040773183107376,200.0,0.0004552905447781086,0.09105810895562172,0.23011505752876438,0.08646615594625473,0.01989716444986352,0.0,0.0,0.0
462,0.5296480059623718,1.0,0.00036768842255696654,0.00036768842255696654,20.0,0.004938920959830284,0.09877841919660568,20.0,0.00015352823538705707,0.0030705647077411413,10.0,0.009197871200740337,0.09197871200740337,0.0,0.022914785891771317,0.0,3.4592296148074038,0.0012846867321059108,0.004444026389450912,0.0,0.3125263750553131,0.0,500.0,0.0004403045168146491,0.22015225840732455,200.0,0.0004546473501250148,0.09092947002500296,0.2306153076538269,0.08640731871128082,0.0199268503881443,0.0,0.0,0.0
463,0.529452919960022,1.0,0.00036634449497796595,0.00036634449497796595,20.0,0.004930321127176285,0.0986064225435257,20.0,0.0001491579896537587,0.002983159793075174,10.0,0.009218207560479641,0.09218207560479641,0.0,0.022781269624829292,0.0,3.4667333666833415,0.0013636458897963166,0.0047273967064974855,0.0,0.31273213028907776,0.0,500.0,0.00043967977399006486,0.21983988699503243,200.0,0.00045395566849038005,0.09079113369807601,0.23111555777888945,0.08634832501411438,0.019956441298909878,0.0,0.0,0.0
464,0.5289763808250427,1.0,0.00036534189712256193,0.00036534189712256193,20.0,0.00492187961935997,0.0984375923871994,20.0,0.00014624468167312443,0.0029248936334624887,10.0,0.00923990923911333,0.09239909239113331,0.0,0.022655000910162926,0.0,3.4742371185592797,0.0014117928221821785,0.004904903026540885,0.0,0.31278467178344727,0.0,500.0,0.0004385942593216896,0.2192971296608448,200.0,0.0004533017345238477,0.09066034690476954,0.23161580790395198,0.08629412949085236,0.019987084519392018,0.0,0.0,0.0
465,0.5282512903213501,1.0,0.00036452250787988305,0.00036452250787988305,20.0,0.004913364537060261,0.09826729074120522,20.0,0.00014431370072998106,0.0028862740145996213,10.0,0.009261921979486942,0.09261921979486942,0.0,0.022537635639309883,0.0,3.4817408704352175,0.0013964143581688404,0.004861952942899014,0.0,0.31287023425102234,0.0,500.0,0.00043733406346291304,0.21866703173145652,200.0,0.00045282073551788926,0.09056414710357785,0.2321160580290145,0.08625353127717972,0.020020829671141264,0.0,0.0,0.0
466,0.5282293558120728,1.0,0.00036390373134054244,0.00036390373134054244,20.0,0.004904642701148987,0.09809285402297974,20.0,0.0001428680552635342,0.0028573611052706838,10.0,0.00928257592022419,0.0928257592022419,0.0,0.02242892049252987,0.0,3.4892446223111557,0.001535219606012106,0.0053567567543443915,0.0,0.3129848837852478,0.0,500.0,0.00043633932364173234,0.21816966182086617,200.0,0.00045254052383825183,0.09050810476765037,0.23261630815407705,0.08621471375226974,0.020054948421613525,0.0,0.0,0.0
467,0.5280789732933044,1.0,0.0003633552114479244,0.0003633552114479244,20.0,0.004895036108791828,0.09790072217583656,20.0,0.0001412329584127292,0.002824659168254584,10.0,0.009300857782363892,0.09300857782363892,0.0,0.022327203303575516,0.0,3.4967483741870935,0.0015699192881584167,0.005489612718472903,0.0,0.3131902515888214,0.0,500.0,0.000435842463048175,0.2179212315240875,200.0,0.0004524067335296422,0.09048134670592844,0.23311655827913957,0.08617769926786423,0.020089448653739236,0.0,0.0,0.0
468,0.5278212428092957,1.0,0.0003625824465416372,0.0003625824465416372,20.0,0.004885903559625149,0.09771807119250298,20.0,0.0001385165669489652,0.002770331338979304,10.0,0.009317245334386826,0.09317245334386826,0.0,0.02222388982772827,0.0,3.5042521260630317,0.0015557091683149338,0.005451597160603358,0.0,0.31318119168281555,0.0,500.0,0.00043552875285968184,0.21776437642984092,200.0,0.0004522884264588356,0.09045768529176712,0.2336168084042021,0.08614162355661392,0.020124131166052377,0.0,0.0,0.0
469,0.5275740027427673,1.0,0.00036208206438459456,0.00036208206438459456,20.0,0.004880795255303383,0.09761590510606766,20.0,0.00013619574019685388,0.0027239148039370775,10.0,0.009330899454653263,0.09330899454653263,0.0,0.02212730422616005,0.0,3.5117558779389695,0.0015177817549556494,0.005330078999394026,0.0,0.31314730644226074,0.0,500.0,0.00043530529364943504,0.21765264682471752,200.0,0.00045210844837129116,0.09042168967425823,0.23411705852926462,0.08610530942678452,0.020158721766750952,0.0,0.0,0.0
470,0.5274723768234253,1.0,0.00036169137456454337,0.00036169137456454337,20.0,0.004880273249000311,0.09760546498000622,20.0,0.00013376139395404607,0.0026752278790809214,10.0,0.009342050179839134,0.09342050179839134,0.0,0.022032272070646286,0.0,3.5192596298149073,0.0015288845170289278,0.0053805415594289675,0.0,0.3130875527858734,0.0,500.0,0.00043493270641192794,0.21746635320596397,200.0,0.00045184337068349123,0.09036867413669825,0.23461730865432717,0.0860716849565506,0.02019390707584904,0.0,0.0,0.0
471,0.527087390422821,1.0,0.00036118138814345,0.00036118138814345,20.0,0.004882411099970341,0.09764822199940681,20.0,0.00013097420742269605,0.002619484148453921,10.0,0.009350824169814587,0.09350824169814587,0.0,0.021938612684607506,0.0,3.5267633816908455,0.0014779719058424234,0.005212457196692889,0.0,0.31301599740982056,0.0,500.0,0.0004343603504821658,0.2171801752410829,200.0,0.00045164162293076515,0.09032832458615303,0.2351175587793897,0.08603890985250473,0.02022925844456089,0.0,0.0,0.0
472,0.5268554091453552,1.0,0.00036072221701033413,0.00036072221701033413,20.0,0.004885498434305191,0.09770996868610382,20.0,0.00012855147360824049,0.0025710294721648097,10.0,0.009357279166579247,0.09357279166579247,0.0,0.021853279322385788,0.0,3.5342671335667832,0.00146879767999053,0.005191123366249672,0.0,0.31293970346450806,0.0,500.0,0.0004337085410952568,0.2168542705476284,200.0,0.0004516390908975154,0.09032781817950308,0.23561780890445222,0.086019366979599,0.020267694771081105,0.0,0.0,0.0
473,0.5267284512519836,1.0,0.0003600878408178687,0.0003600878408178687,20.0,0.00489083444699645,0.09781668893992901,20.0,0.0001261047291336581,0.0025220945826731622,10.0,0.009362384676933289,0.09362384676933289,0.0,0.021759549155831337,0.0,3.5417708854427215,0.0015012200456112623,0.005316977450188963,0.0,0.3127845227718353,0.0,500.0,0.00043283714330755174,0.21641857165377587,200.0,0.0004518284695222974,0.09036569390445948,0.23611805902951477,0.08599309623241425,0.020304522972335932,0.0,0.0,0.0
474,0.5265989303588867,1.0,0.0003595617599785328,0.0003595617599785328,20.0,0.004896298982203007,0.09792597964406013,20.0,0.00012457025877665728,0.0024914051755331457,10.0,0.009366855025291443,0.09366855025291443,0.0,0.021664611995220184,0.0,3.549274637318659,0.0015260668005794287,0.005416430190150598,0.0,0.3126472532749176,0.0,500.0,0.0004320039297454059,0.21600196487270296,200.0,0.0004519595531746745,0.0903919106349349,0.2366183091545773,0.08597437292337418,0.02034311075175387,0.0,0.0,0.0
475,0.5264044404029846,1.0,0.00035956516512669623,0.00035956516512669623,20.0,0.0049022831954061985,0.09804566390812397,20.0,0.00012469536159187555,0.002493907231837511,10.0,0.009371455758810043,0.09371455758810043,0.0,0.02157161571085453,0.0,3.5567783891945974,0.0015481176087632775,0.005506311254780842,0.0,0.31260964274406433,0.0,500.0,0.0004310028743930161,0.21550143719650805,200.0,0.00045200533349998295,0.09040106669999659,0.23711855927963982,0.08595658093690872,0.02038190063236355,0.0,0.0,0.0
476,0.5258817076683044,1.0,0.00035963216214440763,0.00035963216214440763,20.0,0.004905022215098143,0.09810044430196285,20.0,0.0001253671944141388,0.002507343888282776,10.0,0.009376623667776585,0.09376623667776585,0.0,0.02148130163550377,0.0,3.564282141070535,0.0015130217652767897,0.005392836457027077,0.0,0.3125203549861908,0.0,500.0,0.0004298589483369142,0.2149294741684571,200.0,0.0004520342918112874,0.09040685836225748,0.23761880940470234,0.08593124896287918,0.020418881069218416,0.0,0.0,0.0
477,0.5251343846321106,1.0,0.0003597644972614944,0.0003597644972614944,20.0,0.004905522335320711,0.09811044670641422,20.0,0.0001265553873963654,0.002531107747927308,10.0,0.00938305351883173,0.0938305351883173,0.0,0.021391423419117928,0.0,3.5717858929464734,0.001431176089681685,0.005111854567447339,0.0,0.3123139441013336,0.0,500.0,0.0004286128096282482,0.2143064048141241,200.0,0.0004521521623246372,0.09043043246492743,0.2381190595297649,0.08589772135019302,0.02045388462365777,0.0,0.0,0.0
478,0.5245566964149475,1.0,0.00035960247623734176,0.00035960247623734176,20.0,0.004906265996396542,0.09812531992793083,20.0,0.00012746335414703935,0.002549267082940787,10.0,0.00939112901687622,0.09391129016876221,0.0,0.02129225805401802,0.0,3.579289644822411,0.0013954712776467204,0.004994795893728006,0.0,0.3121972382068634,0.0,500.0,0.00042730802670121193,0.21365401335060596,200.0,0.00045237160520628095,0.09047432104125619,0.23861930965482742,0.08586085587739944,0.020488058155837686,0.0,0.0,0.0
479,0.5240660309791565,1.0,0.00035910619772039354,0.00035910619772039354,20.0,0.004907036200165749,0.09814072400331497,20.0,0.0001279071148019284,0.002558142296038568,10.0,0.009400920942425728,0.09400920942425728,0.0,0.021184789016842842,0.0,3.586793396698349,0.0013853840064257383,0.004969086206139341,0.0,0.3120838701725006,0.0,500.0,0.000425949867349118,0.212974933674559,200.0,0.0004526674165390432,0.09053348330780864,0.23911955977988994,0.08582030981779099,0.020521314703803948,0.0,0.0,0.0
480,0.5240142345428467,1.0,0.0003583841025829315,0.0003583841025829315,20.0,0.004908124916255474,0.09816249832510948,20.0,0.00012797131785191596,0.002559426357038319,10.0,0.009412220679223537,0.09412220679223537,0.0,0.021069077774882317,0.0,3.594297148574287,0.0014762047212570906,0.005305918420326261,0.0,0.3119690418243408,0.0,500.0,0.0004246841126587242,0.2123420563293621,200.0,0.00045302443322725594,0.09060488664545119,0.23961980990495246,0.0857977494597435,0.020558840415816477,0.0,0.0,0.0
481,0.5235244631767273,1.0,0.0003578821197152138,0.0003578821197152138,20.0,0.004909212235361338,0.09818424470722675,20.0,0.00012819841504096985,0.002563968300819397,10.0,0.009423851035535336,0.09423851035535336,0.0,0.020947881042957306,0.0,3.601800900450225,0.0014460005331784487,0.005208206022453642,0.0,0.3117787837982178,0.0,500.0,0.00042340531945228577,0.21170265972614288,200.0,0.00045337589108385146,0.09067517821677029,0.24012006003001501,0.08576462417840958,0.020593806706171384,0.0,0.0,0.0
482,0.5234151482582092,1.0,0.00035766413202509284,0.00035766413202509284,20.0,0.004908300004899502,0.09816600009799004,20.0,0.00012883447925560176,0.0025766895851120353,10.0,0.009434940293431282,0.09434940293431282,0.0,0.020831482484936714,0.0,3.609304652326163,0.0015367928426712751,0.005546753556714983,0.0,0.31161782145500183,0.0,500.0,0.000422108918428421,0.2110544592142105,200.0,0.00045369399595074356,0.09073879919014871,0.24062031015507754,0.08571776747703552,0.020625435796125104,0.0,0.0,0.0
483,0.5220957398414612,1.0,0.0003577072056941688,0.0003577072056941688,20.0,0.0049043018370866776,0.09808603674173355,20.0,0.00012969685485586524,0.002593937097117305,10.0,0.009444297291338444,0.09444297291338444,0.0,0.020723914727568626,0.0,3.616808404202101,0.0013110677246004343,0.004741880764812976,0.0,0.3114936053752899,0.0,500.0,0.0004208208993077278,0.2104104496538639,200.0,0.00045400485396385193,0.09080097079277039,0.24112056028014006,0.08569057285785675,0.020661758938212583,0.0,0.0,0.0
484,0.5219125747680664,1.0,0.00035758063313551247,0.00035758063313551247,20.0,0.004900836385786533,0.09801672771573067,20.0,0.00013036836753599346,0.002607367350719869,10.0,0.00945319328457117,0.09453193284571171,0.0,0.02062084525823593,0.0,3.624312156078039,0.0013743162853643298,0.004980951219341956,0.0,0.3112890422344208,0.0,500.0,0.0004197412054054439,0.20987060270272195,200.0,0.00045424120617099106,0.09084824123419821,0.2416208104052026,0.08566790819168091,0.020699149402992438,0.0,0.0,0.0
485,0.5215815901756287,1.0,0.0003570520202629268,0.0003570520202629268,20.0,0.0048966314643621445,0.09793262928724289,20.0,0.00013043104263488203,0.0026086208526976407,10.0,0.009461598470807076,0.09461598470807076,0.0,0.020521311089396477,0.0,3.631815907953977,0.0013800865272060037,0.005012220203859723,0.0,0.3111961781978607,0.0,500.0,0.0004188878810964525,0.20944394054822624,200.0,0.00045437441440299153,0.0908748828805983,0.24212106053026514,0.08564428240060806,0.020736284483188747,0.0,0.0,0.0
486,0.5212887525558472,1.0,0.0003563610662240535,0.0003563610662240535,20.0,0.004892115481197834,0.09784230962395668,20.0,0.0001303564349655062,0.002607128699310124,10.0,0.009468680247664452,0.09468680247664452,0.0,0.020427541807293892,0.0,3.639319659829915,0.001373258768580854,0.004997727634530122,0.0,0.31111660599708557,0.0,500.0,0.00041824657819233835,0.20912328909616917,200.0,0.00045450939796864986,0.09090187959372997,0.24262131065532766,0.08562015742063522,0.020773274811909995,0.0,0.0,0.0
487,0.5212617516517639,1.0,0.00035560913966037333,0.00035560913966037333,20.0,0.004887945484369993,0.09775890968739986,20.0,0.00012998763122595847,0.0025997526245191693,10.0,0.009473919868469238,0.09473919868469238,0.0,0.02033201977610588,0.0,3.646823411705853,0.0014086993178352714,0.005137277652335732,0.0,0.3110352158546448,0.0,500.0,0.00041784346103668213,0.20892173051834106,200.0,0.0004546981072053313,0.09093962144106627,0.24312156078039018,0.08559351414442062,0.020809628751469945,0.0,0.0,0.0
488,0.5212468504905701,1.0,0.0003550144610926509,0.0003550144610926509,20.0,0.004883270710706711,0.09766541421413422,20.0,0.00012985363719053566,0.0025970727438107133,10.0,0.009478650987148285,0.09478650987148285,0.0,0.020234964787960052,0.0,3.654327163581791,0.0014413063181564212,0.005267004829481069,0.0,0.3109193444252014,0.0,500.0,0.00041752756806090474,0.20876378403045237,200.0,0.00045483355643227696,0.09096671128645539,0.24362181090545273,0.08556448668241501,0.02084537519476544,0.0,0.0,0.0
489,0.5209658741950989,1.0,0.0003548030217643827,0.0003548030217643827,20.0,0.00487810792401433,0.0975621584802866,20.0,0.0001304086617892608,0.002608173235785216,10.0,0.009483568370342255,0.09483568370342255,0.0,0.020138684660196304,0.0,3.661830915457729,0.0014303065836429596,0.005237540866566515,0.0,0.3108542263507843,0.0,500.0,0.0004170476458966732,0.2085238229483366,200.0,0.0004548204015009105,0.0909640803001821,0.24412206103051526,0.08552955090999603,0.020879650247162613,0.0,0.0,0.0
490,0.5204277038574219,1.0,0.00035480406950227916,0.00035480406950227916,20.0,0.004872853867709637,0.09745707735419273,20.0,0.00013181140820961446,0.002636228164192289,10.0,0.009489839896559715,0.09489839896559715,0.0,0.0200481116771698,0.0,3.6693346673336666,0.0013619402889162302,0.004997414716958753,0.0,0.3108538091182709,0.0,500.0,0.0004164382698945701,0.20821913494728506,200.0,0.00045475747901946306,0.09095149580389261,0.24462231115557778,0.08549144864082336,0.02091311575055659,0.0,0.0,0.0
491,0.5203788876533508,1.0,0.00035477615892887115,0.00035477615892887115,20.0,0.004869513213634491,0.09739026427268982,20.0,0.00013318771379999816,0.0026637542759999633,10.0,0.009497887454926968,0.09497887454926968,0.0,0.019953705370426178,0.0,3.676838419209605,0.001406835624948144,0.00517270727532209,0.0,0.3108195960521698,0.0,500.0,0.00041587723535485566,0.20793861767742783,200.0,0.0004546370473690331,0.09092740947380662,0.24512256128064033,0.08547777682542801,0.020952531588023876,0.0,0.0,0.0
492,0.5201575756072998,1.0,0.000354445306584239,0.000354445306584239,20.0,0.004865961614996195,0.0973192322999239,20.0,0.00013401372416410595,0.002680274483282119,10.0,0.009508022107183933,0.09508022107183933,0.0,0.019856059923768044,0.0,3.6843421710855426,0.0013841299805790186,0.0050996084577110915,0.0,0.3107682466506958,0.0,500.0,0.000415483140386641,0.2077415701933205,200.0,0.000454461871413514,0.0908923742827028,0.24562281140570286,0.085455521941185,0.020989825549335584,0.0,0.0,0.0
493,0.5203186273574829,1.0,0.00035381779889576137,0.00035381779889576137,20.0,0.004861201625317335,0.0972240325063467,20.0,0.00013378488074522465,0.002675697614904493,10.0,0.009519018232822418,0.09519018232822418,0.0,0.01975250616669655,0.0,3.691845922961481,0.0014468776062130928,0.005341649191522074,0.0,0.31069496273994446,0.0,500.0,0.000415308604715392,0.207654302357696,200.0,0.0004542730166576803,0.09085460333153605,0.24612306153076538,0.08542202413082123,0.021024330101232638,0.0,0.0,0.0
494,0.5201830863952637,1.0,0.00035312955151312053,0.00035312955151312053,20.0,0.004853583872318268,0.09707167744636536,20.0,0.00013284651504363865,0.002656930300872773,10.0,0.00953005999326706,0.0953005999326706,0.0,0.019649619236588478,0.0,3.6993496748374186,0.001445240224711597,0.005346448955348804,0.0,0.31060245633125305,0.0,500.0,0.00041515298653393984,0.20757649326696992,200.0,0.00045410858001559973,0.09082171600311995,0.2466233116558279,0.08537755161523819,0.021056094520416423,0.0,0.0,0.0
495,0.5196437239646912,1.0,0.0003524973290041089,0.0003524973290041089,20.0,0.004841719288378954,0.09683438576757908,20.0,0.00013176639913581312,0.0026353279827162623,10.0,0.009540960192680359,0.09540960192680359,0.0,0.01955697312951088,0.0,3.706853426713357,0.001370772602967918,0.005081253120556415,0.0,0.3105035424232483,0.0,500.0,0.0004148791776970029,0.20743958884850144,200.0,0.0004539942601695657,0.09079885203391314,0.24712356178089045,0.08535099774599075,0.021092242564541987,0.0,0.0,0.0
496,0.5191974639892578,1.0,0.00035172037314623594,0.00035172037314623594,20.0,0.004826330579817295,0.0965266115963459,20.0,0.00013066403334960341,0.0026132806669920683,10.0,0.009551904164254665,0.09551904164254665,0.0,0.019480258226394653,0.0,3.7143571785892946,0.0013378632720559835,0.004969302048532105,0.0,0.31047284603118896,0.0,500.0,0.000414601294323802,0.207300647161901,200.0,0.00045395432971417904,0.09079086594283581,0.24762381190595298,0.08531468361616135,0.021125947168584226,0.0,0.0,0.0
497,0.5189458131790161,1.0,0.00035065243719145656,0.00035065243719145656,20.0,0.0048097241669893265,0.09619448333978653,20.0,0.0001290839718421921,0.0025816794368438423,10.0,0.009562649764120579,0.09562649764120579,0.0,0.019409257918596268,0.0,3.721860930465233,0.0013426756486296654,0.004997252038921816,0.0,0.31040671467781067,0.0,500.0,0.00041447486728429794,0.20723743364214897,200.0,0.000453998422017321,0.0907996844034642,0.2481240620310155,0.08527236431837082,0.021158125413662795,0.0,0.0,0.0
498,0.5189781188964844,1.0,0.00034940920886583626,0.00034940920886583626,20.0,0.0047945003025233746,0.09589000605046749,20.0,0.00012682806118391454,0.002536561223678291,10.0,0.009572734124958515,0.09572734124958515,0.0,0.019332746043801308,0.0,3.7293646823411706,0.0014037431683391333,0.00523507019508166,0.0,0.3102787733078003,0.0,500.0,0.00041446887189522386,0.20723443594761193,200.0,0.0004540806112345308,0.09081612224690616,0.24862431215607803,0.08522555977106094,0.02118914617619674,0.0,0.0,0.0
499,0.5188915133476257,1.0,0.00034832238452509046,0.00034832238452509046,20.0,0.0047811041586101055,0.09562208317220211,20.0,0.00012433271331246942,0.0024866542662493885,10.0,0.009581539779901505,0.09581539779901505,0.0,0.01924879662692547,0.0,3.7368684342171083,0.0014262900222092867,0.005329858162032702,0.0,0.31024986505508423,0.0,500.0,0.00041449620039202273,0.20724810019601136,200.0,0.0004540867521427572,0.09081735042855144,0.24912456228114058,0.08519323170185089,0.021223726557039392,0.0,0.0,0.0
500,0.5184551477432251,1.0,0.00034745605080388486,0.00034745605080388486,20.0,0.004768609069287777,0.09537218138575554,20.0,0.00012203255755594,0.0024406511511188,10.0,0.009588904678821564,0.09588904678821564,0.0,0.019163185730576515,0.0,3.7443721860930466,0.0013532228767871857,0.0050669701014267555,0.0,0.31020787358283997,0.0,500.0,0.0004145616549067199,0.20728082745335996,200.0,0.00045400456292554736,0.09080091258510947,0.2496248124062031,0.08515597879886627,0.0212570452329336,0.0,0.0,0.0
501,0.5183369517326355,1.0,0.0003467794449534267,0.0003467794449534267,20.0,0.004755392204970121,0.09510784409940243,20.0,0.00012064843758707866,0.002412968751741573,10.0,0.0095962043851614,0.095962043851614,0.0,0.019089896231889725,0.0,3.7518759379689843,0.0013683764263987541,0.005133978588289473,0.0,0.31023919582366943,0.0,500.0,0.00041461538057774305,0.20730769028887153,200.0,0.0004538868088275194,0.09077736176550388,0.25012506253126565,0.08511052280664444,0.02128827483908065,0.0,0.0,0.0
502,0.5183466076850891,1.0,0.00034621753729879856,0.00034621753729879856,20.0,0.004742586985230446,0.09485173970460892,20.0,0.00011977349640801549,0.00239546992816031,10.0,0.009603639133274555,0.09603639133274555,0.0,0.019022885710000992,0.0,3.7593796898449225,0.0014058620436117053,0.005285169213477722,0.0,0.31027495861053467,0.0,500.0,0.0004147146246396005,0.20735731231980026,200.0,0.00045375266927294433,0.09075053385458887,0.25062531265632815,0.08508218079805374,0.021323748163994457,0.0,0.0,0.0
503,0.5182598233222961,1.0,0.00034561523352749646,0.00034561523352749646,20.0,0.004731357097625732,0.09462714195251465,20.0,0.00011850419105030596,0.0023700838210061193,10.0,0.00961057934910059,0.0961057934910059,0.0,0.018950972706079483,0.0,3.7668834417208603,0.0013989132130518556,0.005269543018649561,0.0,0.3103015720844269,0.0,500.0,0.000414914742577821,0.2074573712889105,200.0,0.00045361797674559057,0.09072359534911811,0.2511255627813907,0.08505967259407043,0.021360658150186774,0.0,0.0,0.0
504,0.518083930015564,1.0,0.0003449375508353114,0.0003449375508353114,20.0,0.004722284153103828,0.09444568306207657,20.0,0.00011652178363874555,0.002330435672774911,10.0,0.009616614319384098,0.09616614319384098,0.0,0.01886983960866928,0.0,3.7743871935967985,0.0013655556831508875,0.005154135882628037,0.0,0.3102816641330719,0.0,500.0,0.00041510886512696743,0.20755443256348372,200.0,0.0004534528707154095,0.0906905741430819,0.25162581290645325,0.08503743261098862,0.021397613108217747,0.0,0.0,0.0
505,0.5180487036705017,1.0,0.0003442046290729195,0.0003442046290729195,20.0,0.004714979790151119,0.09429959580302238,20.0,0.00011408220598241314,0.002281644119648263,10.0,0.009622368030250072,0.09622368030250072,0.0,0.0187812652438879,0.0,3.7818909454727363,0.001368971774354577,0.005177301958039321,0.0,0.3102785348892212,0.0,500.0,0.00041526826680637896,0.20763413340318948,200.0,0.0004532675666268915,0.0906535133253783,0.25212606303151575,0.0850154384970665,0.021434607805163337,0.0,0.0,0.0
506,0.5179734230041504,1.0,0.0003434755781199783,0.0003434755781199783,20.0,0.004707123152911663,0.09414246305823326,20.0,0.00011188457574462518,0.0022376915148925036,10.0,0.009628294967114925,0.09628294967114925,0.0,0.01869656890630722,0.0,3.7893946973486745,0.0013613651972264051,0.005158750059524772,0.0,0.31028294563293457,0.0,500.0,0.00041543057886883616,0.20771528943441808,200.0,0.0004531074082478881,0.09062148164957762,0.2526263131565783,0.08499244600534439,0.021471328280489706,0.0,0.0,0.0
507,0.5179834365844727,1.0,0.00034282286651432514,0.00034282286651432514,20.0,0.00469629094004631,0.09392581880092621,20.0,0.00011047990119550377,0.0022095980239100754,10.0,0.00963410921394825,0.0963410921394825,0.0,0.018627360463142395,0.0,3.7968984492246123,0.0013980233343318105,0.005308152630104273,0.0,0.31028443574905396,0.0,500.0,0.00041549757588654757,0.20774878794327378,200.0,0.00045299786143004894,0.09059957228600979,0.2531265632816408,0.08496782928705215,0.02150761461693266,0.0,0.0,0.0
508,0.5179070830345154,1.0,0.00034224329283460975,0.00034224329283460975,20.0,0.004683596082031727,0.09367192164063454,20.0,0.00010931518045254052,0.0021863036090508103,10.0,0.009639516472816467,0.09639516472816467,0.0,0.018562935292720795,0.0,3.8044022011005505,0.001423735055141151,0.0054164607775630084,0.0,0.3102942705154419,0.0,500.0,0.00041552865877747536,0.20776432938873768,200.0,0.0004529375582933426,0.09058751165866852,0.25362681340670334,0.08494032919406891,0.02154314502320807,0.0,0.0,0.0
509,0.5175889134407043,1.0,0.00034159133792854846,0.00034159133792854846,20.0,0.004671289119869471,0.09342578239738941,20.0,0.00010777347779367119,0.002155469555873424,10.0,0.009644564241170883,0.09644564241170883,0.0,0.018490741029381752,0.0,3.8119059529764883,0.0013763506431132555,0.0052465192098664366,0.0,0.3102647364139557,0.0,500.0,0.00041562248952686787,0.20781124476343393,200.0,0.0004528909921646118,0.09057819843292236,0.2541270635317659,0.08493560552597046,0.0215844360216073,0.0,0.0,0.0
510,0.5175458192825317,1.0,0.0003408322809264064,0.0003408322809264064,20.0,0.004659683909267187,0.09319367818534374,20.0,0.00010608266165945679,0.002121653233189136,10.0,0.009649787098169327,0.09649787098169327,0.0,0.018415380269289017,0.0,3.819409704852426,0.0013952620793133974,0.0053290775265421655,0.0,0.31026339530944824,0.0,500.0,0.00041573698399588466,0.20786849199794233,200.0,0.00045285560190677643,0.09057112038135529,0.2546273136568284,0.08492062985897064,0.021623111855035543,0.0,0.0,0.0
511,0.5174015760421753,1.0,0.00033996341517195106,0.00033996341517195106,20.0,0.004648135043680668,0.09296270087361336,20.0,0.00010432781709823757,0.0020865563419647515,10.0,0.009654972702264786,0.09654972702264786,0.0,0.01834062486886978,0.0,3.8269134567283642,0.0013799159787595272,0.005280819028269326,0.0,0.3102666437625885,0.0,500.0,0.0004159074742347002,0.2079537371173501,200.0,0.00045284864609129727,0.09056972921825945,0.25512756378189094,0.0848923847079277,0.02165838729416865,0.0,0.0,0.0
512,0.5174460411071777,1.0,0.00033906131284311414,0.00033906131284311414,20.0,0.004636411089450121,0.09272822178900242,20.0,0.00010277266119373962,0.0020554532238747925,10.0,0.009660140611231327,0.09660140611231327,0.0,0.01827012188732624,0.0,3.834417208604302,0.0014075178187340498,0.005397010545571031,0.0,0.3102771043777466,0.0,500.0,0.00041611705091781914,0.20805852545890957,200.0,0.00045287219109013677,0.09057443821802735,0.2556278139069535,0.08485740423202515,0.021691912737651253,0.0,0.0,0.0
513,0.517328143119812,1.0,0.00033825100399553776,0.00033825100399553776,20.0,0.00462317792698741,0.09246355853974819,20.0,0.00010181420657318085,0.002036284131463617,10.0,0.009664912708103657,0.09664912708103657,0.0,0.01821245439350605,0.0,3.8419209604802402,0.001394221791997552,0.005356489926233716,0.0,0.31030434370040894,0.0,500.0,0.0004163422272540629,0.20817111362703145,200.0,0.0004529245779849589,0.09058491559699178,0.256128064032016,0.08483413606882095,0.02172840303513573,0.0,0.0,0.0
514,0.5173466801643372,1.0,0.00033746290137059987,0.00033746290137059987,20.0,0.004610590636730194,0.09221181273460388,20.0,0.00010090053547173738,0.0020180107094347477,10.0,0.009668700397014618,0.09668700397014618,0.0,0.01815703883767128,0.0,3.849424712356178,0.0014103440335020423,0.005429013175486851,0.0,0.31032922863960266,0.0,500.0,0.00041660526767373085,0.20830263383686543,200.0,0.0004529877915047109,0.09059755830094218,0.25662831415707854,0.08480434864759445,0.021763197026621287,0.0,0.0,0.0
515,0.5173711776733398,1.0,0.00033674409496597946,0.00033674409496597946,20.0,0.0046002501621842384,0.09200500324368477,20.0,9.949013474397361e-05,0.0019898026948794723,10.0,0.00967075489461422,0.0967075489461422,0.0,0.01809188909828663,0.0,3.856928464232116,0.0014308486133813858,0.005518680744957721,0.0,0.31032660603523254,0.0,500.0,0.00041682380833663046,0.20841190416831523,200.0,0.0004530228325165808,0.09060456650331616,0.2571285642821411,0.08477059751749039,0.021796942033011538,0.0,0.0,0.0
516,0.5172649621963501,1.0,0.000336141005391255,0.000336141005391255,20.0,0.004591319710016251,0.09182639420032501,20.0,9.818842954700813e-05,0.0019637685909401625,10.0,0.009672621265053749,0.09672621265053749,0.0,0.018024979159235954,0.0,3.864432216108054,0.0014146164758130908,0.005466689482569348,0.0,0.3103121221065521,0.0,500.0,0.0004170178435742855,0.20850892178714275,200.0,0.000453035841928795,0.090607168385759,0.2576288144072036,0.08473306894302368,0.021829680092875035,0.0,0.0,0.0
517,0.5171794891357422,1.0,0.00033567516948096454,0.00033567516948096454,20.0,0.00458185700699687,0.0916371401399374,20.0,9.744363342178985e-05,0.001948872668435797,10.0,0.00967473816126585,0.0967473816126585,0.0,0.017966872081160545,0.0,3.871935967983992,0.0014209351502358913,0.005501769916371085,0.0,0.31033551692962646,0.0,500.0,0.0004170767206232995,0.20853836031164974,200.0,0.00045304212835617363,0.09060842567123473,0.25812906453226614,0.08469344675540924,0.021861840182987077,0.0,0.0,0.0
518,0.516996443271637,1.0,0.00033526335028000176,0.00033526335028000176,20.0,0.004572027362883091,0.09144054725766182,20.0,9.701432281872258e-05,0.0019402864563744515,10.0,0.009677257388830185,0.09677257388830185,0.0,0.017914336174726486,0.0,3.87943971985993,0.001408156007528305,0.005462856347364685,0.0,0.31033626198768616,0.0,500.0,0.00041707855416461825,0.20853927708230913,200.0,0.00045305571984499693,0.09061114396899939,0.2586293146573287,0.08465591818094254,0.02189450210082406,0.0,0.0,0.0
519,0.5172893404960632,1.0,0.00033476948738098145,0.00033476948738098145,20.0,0.0045646782964468,0.091293565928936,20.0,9.63116399361752e-05,0.001926232798723504,10.0,0.00968094076961279,0.09680940769612789,0.0,0.017850758507847786,0.0,3.8869434717358677,0.001498874626122415,0.005826040942957061,0.0,0.3103489577770233,0.0,500.0,0.0004171285545453429,0.20856427727267146,200.0,0.00045302987564355135,0.09060597512871027,0.2591295647823912,0.08462605625391006,0.02192911312632587,0.0,0.0,0.0
520,0.5170440077781677,1.0,0.0003343819116707891,0.0003343819116707891,20.0,0.004557962995022535,0.0911592599004507,20.0,9.532753028906882e-05,0.0019065506057813764,10.0,0.009684979915618896,0.09684979915618896,0.0,0.01777740940451622,0.0,3.894447223611806,0.0014537307433784008,0.00566147765742914,0.0,0.31031128764152527,0.0,500.0,0.0004171445616520941,0.20857228082604706,200.0,0.0004529848229140043,0.09059696458280087,0.25962981490745374,0.08459465950727463,0.021963295790032783,0.0,0.0,0.0
521,0.5170342326164246,1.0,0.00033401278778910637,0.00033401278778910637,20.0,0.004551701247692108,0.09103402495384216,20.0,9.435120591660962e-05,0.0018870241183321923,10.0,0.009689448401331902,0.09689448401331902,0.0,0.01770104095339775,0.0,3.9019509754877437,0.0014601289294660091,0.005697351500667769,0.0,0.31026706099510193,0.0,500.0,0.0004172059125266969,0.20860295626334846,200.0,0.0004529419238679111,0.09058838477358222,0.26013006503251623,0.08455771207809448,0.0219960031418755,0.0,0.0,0.0
522,0.5168044567108154,1.0,0.0003336546360515058,0.0003336546360515058,20.0,0.004542873241007328,0.09085746482014656,20.0,9.39946185098961e-05,0.001879892370197922,10.0,0.00969449058175087,0.0969449058175087,0.0,0.01764017343521118,0.0,3.909454727363682,0.001420488697476685,0.005553336253516905,0.0,0.3102513551712036,0.0,500.0,0.00041723650065250695,0.20861825032625347,200.0,0.00045294943265616894,0.09058988653123379,0.2606303151575788,0.08451469242572784,0.022027090922363286,0.0,0.0,0.0
523,0.5167117118835449,1.0,0.0003332214546389878,0.0003332214546389878,20.0,0.004532625898718834,0.09065251797437668,20.0,9.399922419106588e-05,0.0018799844838213176,10.0,0.009699943475425243,0.09699943475425243,0.0,0.017590859904885292,0.0,3.9169584792396197,0.0014032887993380427,0.0054966239613891315,0.0,0.3102583885192871,0.0,500.0,0.00041738158324733377,0.20869079162366688,200.0,0.00045301049249246716,0.09060209849849343,0.26113056528264134,0.08446760475635529,0.02205707337809778,0.0,0.0,0.0
524,0.5167272686958313,1.0,0.0003326843725517392,0.0003326843725517392,20.0,0.004524163901805878,0.09048327803611755,20.0,9.352832421427593e-05,0.0018705664842855185,10.0,0.009704794734716415,0.09704794734716415,0.0,0.017534809187054634,0.0,3.924462231115558,0.001405436429195106,0.005515582184610108,0.0,0.3102526068687439,0.0,500.0,0.00041754168341867626,0.20877084170933813,200.0,0.00045307516120374203,0.0906150322407484,0.26163081540770383,0.08443696796894073,0.022091312780268133,0.0,0.0,0.0
525,0.5169532895088196,1.0,0.0003321681288070977,0.0003321681288070977,20.0,0.004516588523983955,0.09033177047967911,20.0,9.248501010006294e-05,0.0018497002020012587,10.0,0.009707877412438393,0.09707877412438393,0.0,0.01747163198888302,0.0,3.9319659829914957,0.00148002989590168,0.00581942720449585,0.0,0.3102286458015442,0.0,500.0,0.0004175843787379563,0.20879218936897814,200.0,0.00045312591828405857,0.09062518365681171,0.2621310655327664,0.08440069854259491,0.022124045040680208,0.0,0.0,0.0
526,0.5167858600616455,1.0,0.000331793911755085,0.000331793911755085,20.0,0.004508775658905506,0.09017551317811012,20.0,9.163084177998826e-05,0.0018326168355997652,10.0,0.009710248559713364,0.09710248559713364,0.0,0.01741180382668972,0.0,3.939469734867434,0.0014691089745610952,0.005787510342505566,0.0,0.31014174222946167,0.0,500.0,0.0004175326321274042,0.2087663160637021,200.0,0.00045317719923332334,0.09063543984666467,0.26263131565782893,0.08435466885566711,0.02215417766344434,0.0,0.0,0.0
527,0.5164722800254822,1.0,0.0003315253125037998,0.0003315253125037998,20.0,0.0044985003769397736,0.08997000753879547,20.0,9.130877879215404e-05,0.0018261755758430809,10.0,0.009712514467537403,0.09712514467537403,0.0,0.017365414649248123,0.0,3.9469734867433717,0.001422810135409236,0.0056157938811300006,0.0,0.3101344108581543,0.0,500.0,0.00041752521065063775,0.20876260532531887,200.0,0.0004532602324616164,0.09065204649232328,0.26313156578289143,0.08432645350694656,0.022188951748201045,0.0,0.0,0.0
528,0.5165293216705322,1.0,0.00033114897087216377,0.00033114897087216377,20.0,0.00448710098862648,0.0897420197725296,20.0,9.099188901018351e-05,0.0018198377802036703,10.0,0.00971536710858345,0.0971536710858345,0.0,0.0173228420317173,0.0,3.9544772386193094,0.0014547890750691295,0.00575293028435291,0.0,0.3101392090320587,0.0,500.0,0.00041766263893805444,0.20883131946902722,200.0,0.000453378219390288,0.0906756438780576,0.263631815907954,0.08429460227489471,0.022222739068969242,0.0,0.0,0.0
529,0.5165789723396301,1.0,0.0003305829595774412,0.0003305829595774412,20.0,0.004478123039007187,0.08956246078014374,20.0,9.012212103698403e-05,0.0018024424207396805,10.0,0.00971915852278471,0.0971915852278471,0.0,0.017266634851694107,0.0,3.9619809904952477,0.0014687334187328815,0.005819093885124773,0.0,0.3100653290748596,0.0,500.0,0.0004178482631687075,0.20892413158435374,200.0,0.00045346777187660336,0.09069355437532067,0.26413206603301653,0.08425740152597427,0.022255081543629023,0.0,0.0,0.0
530,0.5168170928955078,1.0,0.00033010696643032134,0.00033010696643032134,20.0,0.004469781182706356,0.08939562365412712,20.0,8.936430094763637e-05,0.0017872860189527273,10.0,0.00972373504191637,0.0972373504191637,0.0,0.017208153381943703,0.0,3.9694847423711854,0.0015174729051068425,0.006023585543783289,0.0,0.3100430965423584,0.0,500.0,0.0004181053373031318,0.2090526686515659,200.0,0.00045352388406172395,0.09070477681234479,0.26463231615807903,0.08421386033296585,0.02228570891252573,0.0,0.0,0.0
531,0.5165398120880127,1.0,0.0003298369992990047,0.0003298369992990047,20.0,0.004460531286895275,0.0892106257379055,20.0,8.912739576771855e-05,0.001782547915354371,10.0,0.00972852110862732,0.0972852110862732,0.0,0.017156513407826424,0.0,3.9769884942471236,0.0014431579038500786,0.005739422378993559,0.0,0.31002500653266907,0.0,500.0,0.00041833671275526285,0.20916835637763143,200.0,0.0004535441694315523,0.09070883388631046,0.2651325662831416,0.08416536450386047,0.022314979083064557,0.0,0.0,0.0
532,0.5165062546730042,1.0,0.000329564674757421,0.000329564674757421,20.0,0.004450851120054722,0.08901702240109444,20.0,8.905060531105846e-05,0.0017810121062211692,10.0,0.009733550250530243,0.09733550250530243,0.0,0.017108719795942307,0.0,3.9844922461230614,0.0014430810697376728,0.00574994533289673,0.0,0.3100447952747345,0.0,500.0,0.0004184782155789435,0.20923910778947175,200.0,0.00045355461770668626,0.09071092354133725,0.2656328164082041,0.08411287516355515,0.022343139925886834,0.0,0.0,0.0
533,0.5162234306335449,1.0,0.00032925771665759385,0.00032925771665759385,20.0,0.004440861754119396,0.08881723508238792,20.0,8.887747389962897e-05,0.0017775494779925793,10.0,0.009738392196595669,0.09738392196595669,0.0,0.01706204004585743,0.0,3.9919959979989996,0.0013917757896706462,0.005555963382477117,0.0,0.310039758682251,0.0,500.0,0.0004185481811873615,0.20927409059368074,200.0,0.000453572953119874,0.0907145906239748,0.2661330665332666,0.08405882120132446,0.022370831855480045,0.0,0.0,0.0
534,0.5163791179656982,1.0,0.00032887200359255075,0.00032887200359255075,20.0,0.004432362969964743,0.08864725939929485,20.0,8.812179294181988e-05,0.0017624358588363975,10.0,0.009742416441440582,0.09742416441440582,0.0,0.0170062854886055,0.0,3.9994997498749374,0.0014558478724211454,0.005822663201604331,0.0,0.31001943349838257,0.0,500.0,0.00041854154551401734,0.20927077275700867,200.0,0.000453582382760942,0.0907164765521884,0.2666333166583292,0.084034763276577,0.022406467647031286,0.0,0.0,0.0
535,0.5165562033653259,1.0,0.00032846140675246716,0.00032846140675246716,20.0,0.004423884674906731,0.08847769349813461,20.0,8.728087414056063e-05,0.0017456174828112125,10.0,0.009745954535901546,0.09745954535901546,0.0,0.016950607299804688,0.0,4.007003501750876,0.0015171910636126995,0.0060793899047212226,0.0,0.3100000321865082,0.0,500.0,0.0004186134319752455,0.20930671598762274,200.0,0.000453593791462481,0.0907187582924962,0.2671335667833917,0.0840030163526535,0.022440025378847907,0.0,0.0,0.0
536,0.5162943005561829,1.0,0.00032817100873216987,0.00032817100873216987,20.0,0.004413306713104248,0.08826613426208496,20.0,8.707652159500867e-05,0.0017415304319001734,10.0,0.00974927470088005,0.0974927470088005,0.0,0.016908619552850723,0.0,4.014507253626814,0.0014724426437169313,0.005911131673751063,0.0,0.31000131368637085,0.0,500.0,0.0004187202430330217,0.20936012151651084,200.0,0.00045361509546637535,0.09072301909327507,0.2676338169084542,0.08396337926387787,0.022471439672923792,0.0,0.0,0.0
537,0.5162461400032043,1.0,0.00032791774719953537,0.00032791774719953537,20.0,0.004402157850563526,0.08804315701127052,20.0,8.724076178623363e-05,0.0017448152357246727,10.0,0.00975293479859829,0.0975293479859829,0.0,0.01687326468527317,0.0,4.022011005502751,0.0014681769534945488,0.0059050238649805764,0.0,0.31001269817352295,0.0,500.0,0.00041893430170603096,0.20946715085301548,200.0,0.00045364024117588997,0.090728048235178,0.2681340670335168,0.08391590416431427,0.022500712672372414,0.0,0.0,0.0
538,0.5163009762763977,1.0,0.0003275469643995166,0.0003275469643995166,20.0,0.004392741248011589,0.08785482496023178,20.0,8.722794882487506e-05,0.0017445589764975011,10.0,0.009756989777088165,0.09756989777088165,0.0,0.01683391071856022,0.0,4.029514757378689,0.0014736995799466968,0.00593829420533799,0.0,0.3100191652774811,0.0,500.0,0.000419194926507771,0.2095974632538855,200.0,0.00045364833204075694,0.09072966640815139,0.26863431715857927,0.08390119671821594,0.02253874068918557,0.0,0.0,0.0
539,0.5165963172912598,1.0,0.0003271600289735943,0.0003271600289735943,20.0,0.004386459477245808,0.08772918954491615,20.0,8.652739779790863e-05,0.0017305479559581727,10.0,0.009760438464581966,0.09760438464581966,0.0,0.016779521480202675,0.0,4.037018509254628,0.0015367590822279453,0.00620392485921937,0.0,0.30999380350112915,0.0,500.0,0.0004194122739136219,0.20970613695681095,200.0,0.000453588436357677,0.0907176872715354,0.2691345672836418,0.08388853073120117,0.022577303418402316,0.0,0.0,0.0
540,0.5162742733955383,1.0,0.0003270194574724883,0.0003270194574724883,20.0,0.004379394929856062,0.08758789859712124,20.0,8.617663115728647e-05,0.0017235326231457293,10.0,0.009763581678271294,0.09763581678271294,0.0,0.01673021726310253,0.0,4.044522261130565,0.0014492482878267765,0.005861516962020754,0.0,0.30996647477149963,0.0,500.0,0.00041963800322264433,0.20981900161132216,200.0,0.0004535249900072813,0.09070499800145626,0.2696348174087044,0.08387064188718796,0.022614445211202757,0.0,0.0,0.0
541,0.5161335468292236,1.0,0.00032708627986721694,0.00032708627986721694,20.0,0.004369258414953947,0.08738516829907894,20.0,8.62511369632557e-05,0.001725022739265114,10.0,0.009766913019120693,0.09766913019120693,0.0,0.016691626980900764,0.0,4.052026013006503,0.001426498289220035,0.0057802081754288566,0.0,0.30995434522628784,0.0,500.0,0.00041978596709668636,0.20989298354834318,200.0,0.0004535217012744397,0.09070434025488794,0.27013506753376687,0.083845354616642,0.022649570531759217,0.0,0.0,0.0
542,0.5159862637519836,1.0,0.00032691843807697296,0.00032691843807697296,20.0,0.004360416904091835,0.0872083380818367,20.0,8.603405876783654e-05,0.0017206811753567308,10.0,0.009771534241735935,0.09771534241735935,0.0,0.01664760708808899,0.0,4.059529764882441,0.0013951701112091541,0.005663734593527907,0.0,0.3099406957626343,0.0,500.0,0.00041992985643446445,0.20996492821723223,200.0,0.0004535180632956326,0.09070361265912652,0.2706353176588294,0.08381285518407822,0.022682718686636478,0.0,0.0,0.0
543,0.5162208676338196,1.0,0.00032645551254972816,0.00032645551254972816,20.0,0.004353261552751064,0.08706523105502129,20.0,8.555610838811845e-05,0.001711122167762369,10.0,0.009777453728020191,0.09777453728020191,0.0,0.01659822091460228,0.0,4.0670335167583795,0.0014525353908538818,0.00590751011888047,0.0,0.3099270761013031,0.0,500.0,0.00042004429269582033,0.21002214634791017,200.0,0.0004534969921223819,0.09069939842447639,0.271135567783892,0.0837753415107727,0.02271447478681281,0.0,0.0,0.0
544,0.5161352753639221,1.0,0.0003259133081883192,0.0003259133081883192,20.0,0.0043456172570586205,0.08691234514117241,20.0,8.517947571817786e-05,0.001703589514363557,10.0,0.009783751331269741,0.09783751331269741,0.0,0.016551591455936432,0.0,4.074537268634317,0.0014257649891078472,0.005809332584433924,0.0,0.3099519908428192,0.0,500.0,0.00042019382817670703,0.21009691408835351,200.0,0.00045352461165748537,0.09070492233149707,0.27163581790895447,0.08373259007930756,0.022744770591827914,0.0,0.0,0.0
545,0.5163307785987854,1.0,0.00032566653680987656,0.00032566653680987656,20.0,0.004333821125328541,0.08667642250657082,20.0,8.539312693756074e-05,0.0017078625387512147,10.0,0.009788144379854202,0.09788144379854202,0.0,0.016523538157343864,0.0,4.082041020510255,0.0015040647704154253,0.006139654090340105,0.0,0.309969961643219,0.0,500.0,0.00042021123226732016,0.21010561613366008,200.0,0.00045360130025073886,0.09072026005014777,0.272136068034017,0.08368547260761261,0.022773835467004132,0.0,0.0,0.0
546,0.5160964131355286,1.0,0.0003255905758123845,0.0003255905758123845,20.0,0.004324385430663824,0.08648770861327648,20.0,8.508656173944473e-05,0.0017017312347888947,10.0,0.009790903888642788,0.09790903888642788,0.0,0.016483277082443237,0.0,4.089544772386193,0.0014899617526680231,0.006093265296678884,0.0,0.30995315313339233,0.0,500.0,0.00042008928721770644,0.21004464360885322,200.0,0.0004536390188150108,0.09072780376300216,0.2726363181590795,0.08365219831466675,0.0228066273544239,0.0,0.0,0.0
547,0.5159034729003906,1.0,0.000325429136864841,0.000325429136864841,20.0,0.004316855221986771,0.08633710443973541,20.0,8.47950141178444e-05,0.001695900282356888,10.0,0.00979374349117279,0.0979374349117279,0.0,0.016440844163298607,0.0,4.0970485242621315,0.0014627075288444757,0.005992783722479369,0.0,0.30993130803108215,0.0,500.0,0.00042008160380646586,0.21004080190323293,200.0,0.00045365910045802593,0.09073182009160519,0.27313656828414207,0.08362917602062225,0.022842186146703226,0.0,0.0,0.0
548,0.5162344574928284,1.0,0.000325153989251703,0.000325153989251703,20.0,0.004310555290430784,0.08621110580861568,20.0,8.494531357428059e-05,0.0016989062714856118,10.0,0.009797602891921997,0.09797602891921997,0.0,0.01640264131128788,0.0,4.104552276138069,0.001535448944196105,0.006302330458793917,0.0,0.3099178075790405,0.0,500.0,0.00042022590059787035,0.21011295029893517,200.0,0.0004536631749942899,0.09073263499885798,0.2736368184092046,0.08359760046005249,0.022875381416532625,0.0,0.0,0.0
549,0.516363263130188,1.0,0.00032495433697476983,0.00032495433697476983,20.0,0.004304989706724882,0.08609979413449764,20.0,8.532247738912702e-05,0.0017064495477825403,10.0,0.009801712818443775,0.09801712818443775,0.0,0.01636533811688423,0.0,4.112056028014007,0.0015355811920017004,0.006314395897075526,0.0,0.30990031361579895,0.0,500.0,0.00042053096694871783,0.21026548347435892,200.0,0.0004536430351436138,0.09072860702872276,0.2741370685342671,0.08355837315320969,0.02290644746771331,0.0,0.0,0.0
550,0.5163609385490417,1.0,0.0003249017463531345,0.0003249017463531345,20.0,0.0042999256402254105,0.08599851280450821,20.0,8.543716103304178e-05,0.0017087432206608355,10.0,0.009804892353713512,0.09804892353713512,0.0,0.016322752460837364,0.0,4.119559779889945,0.0015129274688661098,0.006232595150631523,0.0,0.30986472964286804,0.0,500.0,0.00042076711542904377,0.21038355771452188,200.0,0.0004536072665359825,0.0907214533071965,0.27463731865932967,0.08353656530380249,0.022942258305046308,0.0,0.0,0.0
551,0.515887439250946,1.0,0.00032518114312551916,0.00032518114312551916,20.0,0.004292271099984646,0.08584542199969292,20.0,8.543202420696616e-05,0.0017086404841393232,10.0,0.009807254187762737,0.09807254187762737,0.0,0.01628267578780651,0.0,4.127063531765883,0.0014217766001820564,0.005867762356929447,0.0,0.30982324481010437,0.0,500.0,0.0004207321908324957,0.21036609541624784,200.0,0.0004536262131296098,0.09072524262592196,0.2751375687843922,0.083509162068367,0.022976507822712284,0.0,0.0,0.0
552,0.5158607363700867,1.0,0.00032516338978894055,0.00032516338978894055,20.0,0.00428545568138361,0.0857091136276722,20.0,8.555876411264762e-05,0.0017111752822529525,10.0,0.009811559692025185,0.09811559692025185,0.0,0.01624167338013649,0.0,4.134567283641821,0.0014209607616066933,0.005875057876277799,0.0,0.3098224699497223,0.0,500.0,0.000420775031670928,0.210387515835464,200.0,0.00045364012476056814,0.09072802495211363,0.2756378189094547,0.08347579091787338,0.023009084940344288,0.0,0.0,0.0
553,0.5161122679710388,1.0,0.0003247902786824852,0.0003247902786824852,20.0,0.0042794737964868546,0.08558947592973709,20.0,8.581430302001536e-05,0.0017162860604003072,10.0,0.00981814507395029,0.0981814507395029,0.0,0.016199849545955658,0.0,4.142071035517759,0.0014849859289824963,0.00615091720458983,0.0,0.3098050355911255,0.0,500.0,0.0004207660094834864,0.2103830047417432,200.0,0.00045362033415585756,0.09072406683117151,0.27613806903451726,0.08344489336013794,0.0230423117232597,0.0,0.0,0.0
554,0.5159789323806763,1.0,0.0003243577666580677,0.0003243577666580677,20.0,0.004272641148418188,0.08545282296836376,20.0,8.623449684819207e-05,0.0017246899369638413,10.0,0.009825089946389198,0.09825089946389198,0.0,0.01616162434220314,0.0,4.149574787393697,0.001447062473744154,0.006004693956832295,0.0,0.30976808071136475,0.0,500.0,0.00042083364678546786,0.21041682339273393,200.0,0.00045365269761532545,0.09073053952306509,0.2766383191595798,0.0834089145064354,0.023074101911985383,0.0,0.0,0.0
555,0.51627117395401,1.0,0.00032407836988568306,0.00032407836988568306,20.0,0.004260661080479622,0.08521322160959244,20.0,8.706429798621684e-05,0.0017412859597243369,10.0,0.009829816408455372,0.09829816408455372,0.0,0.016139930114150047,0.0,4.1570785392696346,0.0015442075673490763,0.006419392138404614,0.0,0.30978912115097046,0.0,500.0,0.0004208440659567714,0.2104220329783857,200.0,0.00045372327440418303,0.0907446548808366,0.2771385692846423,0.08338206261396408,0.023108385536836466,0.0,0.0,0.0
556,0.5162580609321594,1.0,0.0003238094213884324,0.0003238094213884324,20.0,0.004250403959304094,0.08500807918608189,20.0,8.698813326191157e-05,0.0017397626652382314,10.0,0.009832678362727165,0.09832678362727165,0.0,0.016101542860269547,0.0,4.164582291145573,0.0015778345987200737,0.0065710220281863995,0.0,0.30977723002433777,0.0,500.0,0.0004207658057566732,0.2103829028783366,200.0,0.00045381515519693494,0.09076303103938699,0.27763881940970486,0.08335526287555695,0.02314265677635523,0.0,0.0,0.0
557,0.5156299471855164,1.0,0.00032359856413677335,0.00032359856413677335,20.0,0.004239142872393131,0.08478285744786263,20.0,8.693357813172042e-05,0.0017386715626344085,10.0,0.009834391064941883,0.09834391064941883,0.0,0.01606060191988945,0.0,4.172086043021511,0.0014487651642411947,0.006044372921346456,0.0,0.30973175168037415,0.0,500.0,0.0004209056496620178,0.2104528248310089,200.0,0.00045383773976936936,0.09076754795387387,0.27813906953476736,0.08332579582929611,0.02317615932020442,0.0,0.0,0.0
558,0.5155812501907349,1.0,0.0003232157905586064,0.0003232157905586064,20.0,0.004229619167745113,0.08459238335490227,20.0,8.739001350477338e-05,0.0017478002700954676,10.0,0.009837698191404343,0.09837698191404343,0.0,0.016019750386476517,0.0,4.179589794897448,0.0014272484695538878,0.0059653131381304314,0.0,0.30972325801849365,0.0,500.0,0.00042117253178730607,0.21058626589365304,200.0,0.00045390072045847774,0.09078014409169555,0.2786393196598299,0.0832945853471756,0.023209146592484645,0.0,0.0,0.0
559,0.5158354043960571,1.0,0.00032265461049973965,0.00032265461049973965,20.0,0.004221532493829727,0.08443064987659454,20.0,8.824760152492672e-05,0.0017649520304985344,10.0,0.00984257273375988,0.0984257273375988,0.0,0.01597997546195984,0.0,4.1870935467733865,0.0014451241586357355,0.006050870038910008,0.0,0.3097238540649414,0.0,500.0,0.0004216064990032464,0.2108032495016232,200.0,0.0004539784276857972,0.09079568553715944,0.27913956978489246,0.08326143771409988,0.02324156190318546,0.0,0.0,0.0
560,0.5158198475837708,1.0,0.000322303909342736,0.000322303909342736,20.0,0.004212388303130865,0.0842477660626173,20.0,8.906859875423834e-05,0.0017813719750847667,10.0,0.009846615605056286,0.09846615605056286,0.0,0.015945015475153923,0.0,4.194597298649325,0.0014216797426342964,0.005963374007998287,0.0,0.3097566068172455,0.0,500.0,0.00042188336374238133,0.21094168187119067,200.0,0.0004540984518826008,0.09081969037652016,0.27963981990995496,0.08324088901281357,0.023277467212687735,0.0,0.0,0.0
561,0.5159244537353516,1.0,0.00032214843668043613,0.00032214843668043613,20.0,0.004203254356980324,0.08406508713960648,20.0,8.935945515986532e-05,0.0017871891031973064,10.0,0.009849282912909985,0.09849282912909985,0.0,0.015909859910607338,0.0,4.202101050525263,0.001472466392442584,0.006187452574546126,0.0,0.30975067615509033,0.0,500.0,0.0004218516987748444,0.2109258493874222,200.0,0.00045415927888825536,0.09083185577765107,0.2801400700350175,0.08321571350097656,0.023312055808177527,0.0,0.0,0.0
562,0.5159448385238647,1.0,0.0003220096987206489,0.0003220096987206489,20.0,0.004195512272417545,0.0839102454483509,20.0,8.913484634831548e-05,0.0017826969269663095,10.0,0.009851212613284588,0.09851212613284588,0.0,0.015867000445723534,0.0,4.2096048024012,0.0015112883411347866,0.006361926658653941,0.0,0.3097293972969055,0.0,500.0,0.00042177672730758786,0.21088836365379393,200.0,0.0004541172820609063,0.09082345641218126,0.28064032016008006,0.08318118751049042,0.023343995094239685,0.0,0.0,0.0
563,0.5158445239067078,1.0,0.00032182454015128314,0.00032182454015128314,20.0,0.00418943352997303,0.0837886705994606,20.0,8.889913442544639e-05,0.0017779826885089278,10.0,0.009854573756456375,0.09854573756456375,0.0,0.01581977680325508,0.0,4.2171085542771385,0.0015115538844838738,0.006374386816507782,0.0,0.3097030520439148,0.0,500.0,0.00042170361848548055,0.21085180924274027,200.0,0.00045401445822790265,0.09080289164558053,0.28114057028514255,0.08316560834646225,0.02338122655863521,0.0,0.0,0.0
564,0.516096830368042,1.0,0.00032164185540750623,0.00032164185540750623,20.0,0.0041839005425572395,0.08367801085114479,20.0,8.909851749194786e-05,0.0017819703498389572,10.0,0.009859684854745865,0.09859684854745865,0.0,0.015776092186570168,0.0,4.224612306153077,0.0015841950662434101,0.006692609972198899,0.0,0.3096843957901001,0.0,500.0,0.00042166985804215074,0.21083492902107537,200.0,0.0004538700159173459,0.09077400318346918,0.2816408204102051,0.08314432203769684,0.023416835071147234,0.0,0.0,0.0
565,0.5161197781562805,1.0,0.0003215298056602478,0.0003215298056602478,20.0,0.004179899115115404,0.08359798230230808,20.0,8.9320819824934e-05,0.0017864163964986801,10.0,0.009866101667284966,0.09866101667284966,0.0,0.015726588666439056,0.0,4.232116058029015,0.0015870286151766777,0.006716489286840768,0.0,0.3096821904182434,0.0,500.0,0.0004217029199935496,0.2108514599967748,200.0,0.0004536719643510878,0.09073439287021756,0.28214107053526766,0.08311625570058823,0.023450509362247005,0.0,0.0,0.0
566,0.515760600566864,1.0,0.00032151685445569456,0.00032151685445569456,20.0,0.004176323302090168,0.08352646604180336,20.0,8.946405432652682e-05,0.0017892810865305364,10.0,0.009872554801404476,0.09872554801404476,0.0,0.015674499794840813,0.0,4.239619809904952,0.001488776644691825,0.006311846955359288,0.0,0.30964040756225586,0.0,500.0,0.00042181764729321003,0.21090882364660501,200.0,0.0004534726613201201,0.09069453226402402,0.28264132066033015,0.08308253437280655,0.02348255723893732,0.0,0.0,0.0
567,0.5158644318580627,1.0,0.0003214977332390845,0.0003214977332390845,20.0,0.0041709234938025475,0.08341846987605095,20.0,8.962910942500457e-05,0.0017925821885000914,10.0,0.009877966716885567,0.09877966716885567,0.0,0.015630241483449936,0.0,4.2471235617808905,0.0014992221258580685,0.006367381615075038,0.0,0.309672474861145,0.0,500.0,0.0004220099945086986,0.2110049972543493,200.0,0.00045333197340369225,0.09066639468073845,0.2831415707853927,0.08304477483034134,0.02351342799098209,0.0,0.0,0.0
568,0.515865683555603,1.0,0.0003214011085219681,0.0003214011085219681,20.0,0.004165321122854948,0.08330642245709896,20.0,8.964243897935376e-05,0.0017928487795870751,10.0,0.009882996790111065,0.09882996790111065,0.0,0.015585682354867458,0.0,4.254627313656829,0.0014950609765946865,0.006360927266602206,0.0,0.3097056448459625,0.0,500.0,0.0004221308627165854,0.2110654313582927,200.0,0.0004532249295152724,0.09064498590305448,0.2836418209104552,0.0830049067735672,0.023543662901757176,0.0,0.0,0.0
569,0.5156875252723694,1.0,0.0003211403964087367,0.0003211403964087367,20.0,0.00415894016623497,0.0831788033246994,20.0,8.933516073739156e-05,0.0017867032147478312,10.0,0.009887466207146645,0.09887466207146645,0.0,0.01554005965590477,0.0,4.262131065532766,0.0014581098221242428,0.0062146551698341905,0.0,0.30965420603752136,0.0,500.0,0.00042220595059916377,0.21110297529958189,200.0,0.00045317495823837817,0.09063499164767563,0.28414207103551775,0.08296403288841248,0.02357357212637233,0.0,0.0,0.0
570,0.5157270431518555,1.0,0.00032089301384985447,0.00032089301384985447,20.0,0.004149802960455418,0.08299605920910835,20.0,8.906742732506245e-05,0.001781348546501249,10.0,0.009891118854284286,0.09891118854284286,0.0,0.015501316636800766,0.0,4.269634817408704,0.0015006251633167267,0.006407121445176719,0.0,0.3095879852771759,0.0,500.0,0.00042212678818032146,0.21106339409016073,200.0,0.00045318485354073346,0.09063697070814669,0.2846423211605803,0.08294644206762314,0.023610067802139853,0.0,0.0,0.0
571,0.5156050324440002,1.0,0.0003206015098839998,0.0003206015098839998,20.0,0.004139752127230167,0.08279504254460335,20.0,8.927658200263977e-05,0.0017855316400527954,10.0,0.009895368479192257,0.09895368479192257,0.0,0.015469669364392757,0.0,4.277138569284642,0.0014932487392798066,0.006386831776309328,0.0,0.30959659814834595,0.0,500.0,0.00042215100256726146,0.21107550128363073,200.0,0.00045321090146899223,0.09064218029379845,0.2851425712856428,0.08292579650878906,0.023645674842426093,0.0,0.0,0.0
572,0.5156463980674744,1.0,0.000320155406370759,0.000320155406370759,20.0,0.004130832850933075,0.0826166570186615,20.0,8.965368033386767e-05,0.0017930736066773534,10.0,0.00990056712180376,0.0990056712180376,0.0,0.015437496826052666,0.0,4.284642321160581,0.001502466038800776,0.0064375295759523,0.0,0.3095788359642029,0.0,500.0,0.0004222855786792934,0.2111427893396467,200.0,0.0004532549937721342,0.09065099875442684,0.28564282141070535,0.08289904147386551,0.023679516098838022,0.0,0.0,0.0
573,0.5159217119216919,1.0,0.00031956692691892385,0.00031956692691892385,20.0,0.00412351731210947,0.08247034624218941,20.0,8.96146084414795e-05,0.00179229216882959,10.0,0.009905289858579636,0.09905289858579636,0.0,0.015398637391626835,0.0,4.292146073036518,0.0015503818867728114,0.0066544655270188696,0.0,0.30955106019973755,0.0,500.0,0.00042251189006492496,0.21125594503246248,200.0,0.00045332079753279686,0.09066415950655937,0.2861430715357679,0.08286783844232559,0.02371205782341683,0.0,0.0,0.0
574,0.5159127712249756,1.0,0.0003191947180312127,0.0003191947180312127,20.0,0.004116689320653677,0.08233378641307354,20.0,8.94630720722489e-05,0.0017892614414449781,10.0,0.009909387677907944,0.09909387677907944,0.0,0.015355397015810013,0.0,4.299649824912456,0.0015288044232875109,0.006573323670913535,0.0,0.3095347285270691,0.0,500.0,0.0004227702156640589,0.21138510783202946,200.0,0.00045333412708714604,0.09066682541742921,0.2866433216608304,0.08286038041114807,0.023751374675131488,0.0,0.0,0.0
575,0.5156452655792236,1.0,0.0003193760639987886,0.0003193760639987886,20.0,0.004107899032533169,0.08215798065066338,20.0,8.95481207408011e-05,0.001790962414816022,10.0,0.00991293415427208,0.0991293415427208,0.0,0.015316220000386238,0.0,4.307153576788394,0.0014885560376569629,0.006411439461844148,0.0,0.30956512689590454,0.0,500.0,0.0004227537428960204,0.2113768714480102,200.0,0.00045333936577662826,0.09066787315532565,0.28714357178589295,0.0828554555773735,0.023791411456434413,0.0,0.0,0.0
576,0.5158444046974182,1.0,0.00031930551631376147,0.00031930551631376147,20.0,0.004101233556866646,0.08202467113733292,20.0,8.947154856286943e-05,0.0017894309712573886,10.0,0.009917723014950752,0.09917723014950752,0.0,0.015272274613380432,0.0,4.314657328664333,0.0015299738151952624,0.006601312734396768,0.0,0.3095344305038452,0.0,500.0,0.00042285938980057836,0.21142969490028918,200.0,0.00045336264884099364,0.09067252976819873,0.2876438219109555,0.08284640312194824,0.02383025602557291,0.0,0.0,0.0
577,0.5155861377716064,1.0,0.0003188706759829074,0.0003188706759829074,20.0,0.004097986035048962,0.08195972070097923,20.0,8.970018097897992e-05,0.0017940036195795983,10.0,0.009925027377903461,0.09925027377903461,0.0,0.0152262132614851,0.0,4.32216108054027,0.0014512349152937531,0.006272471069603815,0.0,0.30951038002967834,0.0,500.0,0.0004229374462738633,0.21146872313693166,200.0,0.00045327236875891685,0.09065447375178337,0.288144072036018,0.08283224701881409,0.023867620951894403,0.0,0.0,0.0
578,0.5155878067016602,1.0,0.0003185718087479472,0.0003185718087479472,20.0,0.00409292709082365,0.08185854181647301,20.0,8.996156975626945e-05,0.001799231395125389,10.0,0.009931481443345547,0.09931481443345547,0.0,0.015186469070613384,0.0,4.329664832416208,0.001453705714084208,0.006294058506952887,0.0,0.3094940483570099,0.0,500.0,0.00042290371493436396,0.21145185746718198,200.0,0.0004532361635938287,0.09064723271876574,0.28864432216108055,0.08281286060810089,0.02390346201644533,0.0,0.0,0.0
579,0.515789806842804,1.0,0.0003183830704074353,0.0003183830704074353,20.0,0.004085993859916925,0.08171987719833851,20.0,9.010918438434601e-05,0.0018021836876869202,10.0,0.009937023743987083,0.09937023743987083,0.0,0.015150307677686214,0.0,4.337168584292146,0.001536395400762558,0.0066636058652383085,0.0,0.3094528913497925,0.0,500.0,0.0004226581659168005,0.21132908295840025,200.0,0.000453241664217785,0.090648332843557,0.2891445722861431,0.08278931677341461,0.02393808158831098,0.0,0.0,0.0
580,0.5158959627151489,1.0,0.00031816071714274585,0.00031816071714274585,20.0,0.004079362843185663,0.08158725686371326,20.0,8.990138303488493e-05,0.0017980276606976986,10.0,0.009941894561052322,0.09941894561052322,0.0,0.015110619366168976,0.0,4.344672336168084,0.0015962237957865,0.006935069367886819,0.0,0.3093760907649994,0.0,500.0,0.0004224318254273385,0.21121591271366924,200.0,0.00045325327664613724,0.09065065532922745,0.2896448224112056,0.08276333659887314,0.02397197193133944,0.0,0.0,0.0
581,0.5155057311058044,1.0,0.000318059726851061,0.000318059726851061,20.0,0.004073766525834799,0.08147533051669598,20.0,8.954334771260619e-05,0.0017908669542521238,10.0,0.009946441277861595,0.09946441277861595,0.0,0.015065612271428108,0.0,4.352176088044022,0.0015272917225956917,0.006647042514548533,0.0,0.30937254428863525,0.0,500.0,0.0004223065043333918,0.2111532521666959,200.0,0.0004532354651018977,0.09064709302037954,0.29014507253626814,0.08275065571069717,0.024009695003603983,0.0,0.0,0.0
582,0.5155732035636902,1.0,0.0003178957267664373,0.0003178957267664373,20.0,0.004069551359862089,0.08139102719724178,20.0,8.932351192925125e-05,0.001786470238585025,10.0,0.009950947016477585,0.09950947016477585,0.0,0.015020810067653656,0.0,4.35967983991996,0.0015385713195428252,0.006707678364089906,0.0,0.30936694145202637,0.0,500.0,0.00042233921703882515,0.21116960851941258,200.0,0.0004532032471615821,0.09064064943231642,0.29064532266133064,0.08274822682142258,0.02405038508416534,0.0,0.0,0.0
583,0.5158623456954956,1.0,0.00031766050960868597,0.00031766050960868597,20.0,0.004066071938723326,0.08132143877446651,20.0,8.953551150625572e-05,0.0017907102301251143,10.0,0.009956457652151585,0.09956457652151585,0.0,0.014979555271565914,0.0,4.367183591795898,0.0015780413523316383,0.006891596301078141,0.0,0.3093394339084625,0.0,500.0,0.00042251538252457976,0.21125769126228988,200.0,0.0004531507729552686,0.09063015459105372,0.2911455727863932,0.0827370136976242,0.024088515243630457,0.0,0.0,0.0
584,0.5158411860466003,1.0,0.00031755660893395543,0.00031755660893395543,20.0,0.004062042571604252,0.08124085143208504,20.0,9.019595745485276e-05,0.0018039191490970552,10.0,0.00996199157088995,0.0996199157088995,0.0,0.014944528229534626,0.0,4.374687343671836,0.0015404659789055586,0.006739057021275192,0.0,0.3094063699245453,0.0,500.0,0.00042275519808754325,0.21137759904377162,200.0,0.0004530891892500222,0.09061783785000443,0.29164582291145574,0.0827183797955513,0.024124469945375895,0.0,0.0,0.0
585,0.5159478783607483,1.0,0.00031733684591017663,0.00031733684591017663,20.0,0.004057714715600014,0.08115429431200027,20.0,9.019466233439744e-05,0.0018038932466879487,10.0,0.009966550394892693,0.09966550394892693,0.0,0.014903916977345943,0.0,4.382191095547774,0.001547530060634017,0.006781572451802896,0.0,0.3093779981136322,0.0,500.0,0.00042289483826607466,0.21144741913303733,200.0,0.00045306788524612784,0.09061357704922557,0.29214607303651824,0.08271303027868271,0.024164286984867785,0.0,0.0,0.0
586,0.5157164931297302,1.0,0.00031726827728562057,0.00031726827728562057,20.0,0.004050443880259991,0.08100887760519981,20.0,8.975276432465762e-05,0.0017950552864931524,10.0,0.009970290586352348,0.09970290586352348,0.0,0.014864438213407993,0.0,4.389694847423712,0.001537024974822998,0.0067470706123420755,0.0,0.3093205392360687,0.0,500.0,0.000422643352067098,0.211321676033549,200.0,0.0004531096201390028,0.09062192402780056,0.2926463231615808,0.08269954472780228,0.02420171769172803,0.0,0.0,0.0
587,0.5155565142631531,1.0,0.00031710020266473293,0.00031710020266473293,20.0,0.004042800981551409,0.08085601963102818,20.0,8.957820682553574e-05,0.0017915641365107149,10.0,0.009975466877222061,0.09975466877222061,0.0,0.014828084036707878,0.0,4.397198599299649,0.001525411382317543,0.006707536793682442,0.0,0.3093055784702301,0.0,500.0,0.000422523298766464,0.211261649383232,200.0,0.0004531549056991935,0.0906309811398387,0.29314657328664334,0.08267877995967865,0.024237001028700196,0.0,0.0,0.0
588,0.5157710313796997,1.0,0.0003166799433529377,0.0003166799433529377,20.0,0.004036364145576954,0.08072728291153908,20.0,8.956837700679898e-05,0.0017913675401359797,10.0,0.009982699528336525,0.09982699528336525,0.0,0.014791219495236874,0.0,4.404702351175588,0.0015762409893795848,0.006942872391939591,0.0,0.3092707693576813,0.0,500.0,0.00042251465492881835,0.21125732746440917,200.0,0.0004531691665761173,0.09063383331522346,0.29364682341170584,0.08266615867614746,0.02427465489889873,0.0,0.0,0.0
589,0.5158284902572632,1.0,0.0003162772918585688,0.0003162772918585688,20.0,0.00403070030733943,0.0806140061467886,20.0,8.969197369879112e-05,0.0017938394739758223,10.0,0.009990478865802288,0.09990478865802288,0.0,0.014753776602447033,0.0,4.412206103051526,0.0015768546145409346,0.006957407553902473,0.0,0.3092641234397888,0.0,500.0,0.00042259087786078453,0.21129543893039227,200.0,0.00045318176853470504,0.09063635370694101,0.2941470735367684,0.08264712244272232,0.024310409202761743,0.0,0.0,0.0
590,0.5158441662788391,1.0,0.0003159279003739357,0.0003159279003739357,20.0,0.004025240894407034,0.08050481788814068,20.0,8.96943238331005e-05,0.00179388647666201,10.0,0.009997633285820484,0.09997633285820484,0.0,0.014715030789375305,0.0,4.419709854927464,0.0015647178515791893,0.006915598908805472,0.0,0.3092523515224457,0.0,500.0,0.00042270656558685005,0.21135328279342502,200.0,0.000453195592854172,0.0906391185708344,0.29464732366183094,0.0826248899102211,0.024345202679900067,0.0,0.0,0.0
591,0.5158959627151489,1.0,0.0003157360479235649,0.0003157360479235649,20.0,0.004020277410745621,0.08040554821491241,20.0,8.963291475083679e-05,0.0017926582950167358,10.0,0.010003454051911831,0.10003454051911831,0.0,0.014672936871647835,0.0,4.427213606803401,0.0015774450730532408,0.006983686291406293,0.0,0.3092257082462311,0.0,500.0,0.00042269070399925113,0.21134535199962556,200.0,0.00045318208867684007,0.09063641773536801,0.29514757378689344,0.08260949701070786,0.02438199261446605,0.0,0.0,0.0
592,0.5158731937408447,1.0,0.0003156785387545824,0.0003156785387545824,20.0,0.004015748389065266,0.08031496778130531,20.0,8.967320900410414e-05,0.0017934641800820827,10.0,0.010008571669459343,0.10008571669459343,0.0,0.014629131183028221,0.0,4.43471735867934,0.0015842972788959742,0.00702591064402842,0.0,0.3092183768749237,0.0,500.0,0.00042257882887497544,0.21128941443748772,200.0,0.0004531537415459752,0.09063074830919504,0.295647823911956,0.08258916437625885,0.024417306726547766,0.0,0.0,0.0
593,0.5157380700111389,1.0,0.00031566101824864745,0.00031566101824864745,20.0,0.00401154113933444,0.0802308227866888,20.0,8.999787678476423e-05,0.0017999575356952846,10.0,0.010014214552938938,0.10014214552938938,0.0,0.01458569336682558,0.0,4.442221110555278,0.0015627513639628887,0.0069420870995449985,0.0,0.30923962593078613,0.0,500.0,0.00042246252996847034,0.21123126498423517,200.0,0.00045311718713492155,0.09062343742698431,0.2961480740370185,0.08256912231445312,0.0244526865483523,0.0,0.0,0.0
594,0.5157129764556885,1.0,0.0003154137812089175,0.0003154137812089175,20.0,0.004007268231362104,0.08014536462724209,20.0,9.002532897284254e-05,0.0018005065794568509,10.0,0.010020614601671696,0.10020614601671696,0.0,0.014538243412971497,0.0,4.449724862431216,0.0015702457167208195,0.006987161405818755,0.0,0.30920565128326416,0.0,500.0,0.0004223050200380385,0.21115251001901925,200.0,0.0004530930891633034,0.09061861783266068,0.29664832416208103,0.08254645019769669,0.024487266116675406,0.0,0.0,0.0
595,0.515832781791687,1.0,0.0003151685814373195,0.0003151685814373195,20.0,0.004003557842224836,0.08007115684449673,20.0,9.041654266184196e-05,0.0018083308532368392,10.0,0.010028158314526081,0.10028158314526081,0.0,0.014492440037429333,0.0,4.457228614307153,0.001603132113814354,0.00714552633020805,0.0,0.30920422077178955,0.0,500.0,0.0004221521085128188,0.2110760542564094,200.0,0.00045304972445592284,0.09060994489118457,0.2971485742871436,0.08253444731235504,0.02452499334844367,0.0,0.0,0.0
596,0.5158286094665527,1.0,0.0003150241682305932,0.0003150241682305932,20.0,0.00400040065869689,0.0800080131739378,20.0,9.100935858441517e-05,0.0018201871716883034,10.0,0.010035477578639984,0.10035477578639984,0.0,0.014447927474975586,0.0,4.4647323661830915,0.001605024328455329,0.007166004067765788,0.0,0.30916714668273926,0.0,500.0,0.00042200053576380014,0.21100026788190007,200.0,0.0004530153819359839,0.09060307638719678,0.2976488244122061,0.08251751214265823,0.024561240482682163,0.0,0.0,0.0
597,0.5158912539482117,1.0,0.00031495705479756,0.00031495705479756,20.0,0.003996989224106073,0.07993978448212147,20.0,9.160386252915487e-05,0.0018320772505830973,10.0,0.010041916742920876,0.10041916742920876,0.0,0.014405820518732071,0.0,4.47223611805903,0.0016211147885769606,0.007250008108993511,0.0,0.3091282248497009,0.0,500.0,0.00042187614599242806,0.21093807299621403,200.0,0.0004530054284259677,0.09060108568519354,0.29814907453726863,0.08249588310718536,0.02459607120154201,0.0,0.0,0.0
598,0.5157982707023621,1.0,0.0003149814438074827,0.0003149814438074827,20.0,0.00399427255615592,0.0798854511231184,20.0,9.204483649227768e-05,0.0018408967298455536,10.0,0.010047399438917637,0.10047399438917637,0.0,0.014361978508532047,0.0,4.479739869934967,0.0016041086055338383,0.0071859892759157185,0.0,0.3091674745082855,0.0,500.0,0.00042173295514658093,0.21086647757329047,200.0,0.0004530033911578357,0.09060067823156714,0.2986493246623312,0.08247063308954239,0.024629798876666737,0.0,0.0,0.0
599,0.5157877802848816,1.0,0.0003149090916849673,0.0003149090916849673,20.0,0.003991736099123955,0.0798347219824791,20.0,9.213510202243924e-05,0.0018427020404487848,10.0,0.010052751749753952,0.10052751749753952,0.0,0.014315322041511536,0.0,4.487243621810905,0.001603913027793169,0.007197148503904315,0.0,0.3091142773628235,0.0,500.0,0.0004216074012219906,0.2108037006109953,200.0,0.00045302347280085087,0.09060469456017017,0.2991495747873937,0.08244167268276215,0.024662391327809785,0.0,0.0,0.0
600,0.5160040259361267,1.0,0.0003147223615087569,0.0003147223615087569,20.0,0.0039887502789497375,0.07977500557899475,20.0,9.217004844686016e-05,0.0018434009689372033,10.0,0.010058706626296043,0.10058706626296043,0.0,0.014270014129579067,0.0,4.4947473736868435,0.0016479846090078354,0.007407274493214308,0.0,0.309039443731308,0.0,500.0,0.0004215327790006995,0.21076638950034976,200.0,0.0004530650330707431,0.09061300661414862,0.29964982491245623,0.08242005854845047,0.024697156113317575,0.0,0.0,0.0
601,0.5160772204399109,1.0,0.00031447282526642084,0.00031447282526642084,20.0,0.003985053393989801,0.07970106787979603,20.0,9.219042840413749e-05,0.0018438085680827498,10.0,0.010064801201224327,0.10064801201224327,0.0,0.014227202162146568,0.0,4.502251125562782,0.0016571562737226486,0.00746093369860122,0.0,0.3090023696422577,0.0,500.0,0.0004214997752569616,0.2107498876284808,200.0,0.00045312923612073064,0.09062584722414613,0.3001500750375188,0.08240264654159546,0.024733160542750016,0.0,0.0,0.0
602,0.5162860751152039,1.0,0.00031420058803632855,0.00031420058803632855,20.0,0.003980802372097969,0.07961604744195938,20.0,9.234816388925537e-05,0.0018469632777851075,10.0,0.010071356780827045,0.10071356780827045,0.0,0.014186976477503777,0.0,4.509754877438719,0.0016946785617619753,0.007642584909596901,0.0,0.308882474899292,0.0,500.0,0.000421488075517118,0.210744037758559,200.0,0.00045320932986214757,0.09064186597242951,0.3006503251625813,0.08237757533788681,0.024766844811440706,0.0,0.0,0.0
603,0.5160546898841858,1.0,0.00031421566382050514,0.00031421566382050514,20.0,0.003976082429289818,0.07952164858579636,20.0,9.268111170968041e-05,0.0018536222341936082,10.0,0.01007735263556242,0.1007735263556242,0.0,0.014149037189781666,0.0,4.517258629314657,0.0016611182363703847,0.0075037006875560645,0.0,0.3088427782058716,0.0,500.0,0.0004212654894217849,0.21063274471089244,200.0,0.0004532824968919158,0.09065649937838316,0.30115057528764383,0.08234667032957077,0.02479874714277219,0.0,0.0,0.0
604,0.515866756439209,1.0,0.00031422535539604723,0.00031422535539604723,20.0,0.0039721461944282055,0.07944292388856411,20.0,9.315297938883305e-05,0.001863059587776661,10.0,0.010083986446261406,0.10083986446261406,0.0,0.014110427349805832,0.0,4.5247623811905955,0.0016281886491924524,0.00736716674934754,0.0,0.30880123376846313,0.0,500.0,0.00042108295019716024,0.21054147509858012,200.0,0.00045334530295804143,0.09066906059160829,0.3016508254127064,0.08231034129858017,0.02482898239271828,0.0,0.0,0.0
605,0.5160130858421326,1.0,0.00031409654184244573,0.00031409654184244573,20.0,0.003970551770180464,0.07941103540360928,20.0,9.356527880299836e-05,0.0018713055760599673,10.0,0.01009175181388855,0.1009175181388855,0.0,0.014066633768379688,0.0,4.532266133066534,0.0016413989942520857,0.007439257072498198,0.0,0.30878230929374695,0.0,500.0,0.00042104138992726803,0.21052069496363401,200.0,0.00045337347546592355,0.09067469509318471,0.3021510755377689,0.08229156583547592,0.024864485124876167,0.0,0.0,0.0
606,0.5162078142166138,1.0,0.0003137570747639984,0.0003137570747639984,20.0,0.0039694360457360744,0.07938872091472149,20.0,9.322792175225914e-05,0.0018645584350451827,10.0,0.01009978074580431,0.1009978074580431,0.0,0.014013742096722126,0.0,4.539769884942471,0.0016603940166532993,0.007537806753941316,0.0,0.30869653820991516,0.0,500.0,0.0004210438928566873,0.21052194642834365,200.0,0.0004534308973234147,0.09068617946468294,0.3026513256628314,0.08226306736469269,0.024897026391015046,0.0,0.0,0.0
607,0.5159960985183716,1.0,0.00031374028185382485,0.00031374028185382485,20.0,0.00397160928696394,0.0794321857392788,20.0,9.323594713350758e-05,0.0018647189426701516,10.0,0.01010904461145401,0.1010904461145401,0.0,0.013949735090136528,0.0,4.547273636818409,0.0015981103060767055,0.007267044863550402,0.0,0.30863156914711,0.0,500.0,0.0004208272148389369,0.21041360741946846,200.0,0.00045343447709456086,0.09068689541891217,0.3031515757878939,0.08222763985395432,0.02492743859504568,0.0,0.0,0.0
608,0.5158934593200684,1.0,0.0003142039058730006,0.0003142039058730006,20.0,0.003974744118750095,0.07949488237500191,20.0,9.389971091877669e-05,0.0018779942183755338,10.0,0.010119279846549034,0.10119279846549034,0.0,0.01388122420758009,0.0,4.5547773886943475,0.0016119338106364012,0.007341999672758596,0.0,0.3086276352405548,0.0,500.0,0.00042006646981462836,0.21003323490731418,200.0,0.0004533825849648565,0.0906765169929713,0.3036518259129565,0.08220548927783966,0.024961846919283978,0.0,0.0,0.0
609,0.5160056948661804,1.0,0.0003146295202895999,0.0003146295202895999,20.0,0.003978956490755081,0.07957912981510162,20.0,9.495395352132618e-05,0.0018990790704265237,10.0,0.010130885057151318,0.10130885057151318,0.0,0.013810014352202415,0.0,4.562281140570285,0.0016384797636419535,0.007475205324869742,0.0,0.3085280656814575,0.0,500.0,0.0004195249348413199,0.20976246742065996,200.0,0.0004533488245215267,0.09066976490430534,0.304152076038019,0.08218441903591156,0.02499656166775099,0.0,0.0,0.0
610,0.5158364772796631,1.0,0.00031480006873607635,0.00031480006873607635,20.0,0.003984804730862379,0.07969609461724758,20.0,9.693251922726631e-05,0.0019386503845453262,10.0,0.010144352912902832,0.10144352912902832,0.0,0.013745971955358982,0.0,4.569784892446223,0.0015315506607294083,0.006998857071417281,0.0,0.30847620964050293,0.0,500.0,0.00041949914884753525,0.20974957442376763,200.0,0.00045332612353377044,0.09066522470675409,0.3046523261630815,0.08215847611427307,0.02502977086222726,0.0,0.0,0.0
611,0.5167597532272339,1.0,0.00031490289256908,0.00031490289256908,20.0,0.003990607336163521,0.07981214672327042,20.0,9.937126014847308e-05,0.0019874252029694617,10.0,0.010158567689359188,0.10158567689359188,0.0,0.013685807585716248,0.0,4.577288644322161,0.0015907078050076962,0.007281128772296358,0.0,0.3084021210670471,0.0,500.0,0.0004200829425826669,0.21004147129133344,200.0,0.00045337300980463624,0.09067460196092725,0.3051525762881441,0.08213070780038834,0.02506239707765727,0.0,0.0,0.0
612,0.5172373056411743,1.0,0.00031495094299316406,0.00031495094299316406,20.0,0.003996750805526972,0.07993501611053944,20.0,0.00010122649109689519,0.0020245298219379038,10.0,0.010175548493862152,0.10175548493862152,0.0,0.013608957640826702,0.0,4.584792396198099,0.0014986530877649784,0.006871013281323676,0.0,0.3083025813102722,0.0,500.0,0.0004211071354802698,0.2105535677401349,200.0,0.0004534485633485019,0.09068971266970038,0.3056528264132066,0.08209652453660965,0.025093034763315907,0.0,0.0,0.0
613,0.517380952835083,1.0,0.0003153136349283159,0.0003153136349283159,20.0,0.003999282605946064,0.07998565211892128,20.0,0.00010268372716382146,0.002053674543276429,10.0,0.01019135769456625,0.1019135769456625,0.0,0.01353080477565527,0.0,4.592296148074037,0.001477651996538043,0.0067858155718955645,0.0,0.308250367641449,0.0,500.0,0.00042099744314327836,0.21049872157163918,200.0,0.00045352315646596253,0.0907046312931925,0.3061530765382691,0.08206219971179962,0.025123594909265315,0.0,0.0,0.0
614,0.5171363353729248,1.0,0.00031558540649712086,0.00031558540649712086,20.0,0.004000833258032799,0.08001666516065598,20.0,0.00010296369873685762,0.0020592739747371525,10.0,0.010206903330981731,0.10206903330981731,0.0,0.013438976369798183,0.0,4.599799899949975,0.0013993073953315616,0.006436534017045377,0.0,0.30808860063552856,0.0,500.0,0.000420648924773559,0.2103244623867795,200.0,0.00045377472997643054,0.09075494599528611,0.30665332666333167,0.0820465087890625,0.025159834861278294,0.0,0.0,0.0
615,0.5171096920967102,1.0,0.00031551645952276886,0.00031551645952276886,20.0,0.004002058878540993,0.08004117757081985,20.0,0.00010346583439968526,0.0020693166879937053,10.0,0.01022249087691307,0.1022249087691307,0.0,0.013355173170566559,0.0,4.607303651825913,0.0012711153831332922,0.0058564145466021116,0.0,0.30789273977279663,0.0,500.0,0.0004212071653455496,0.2106035826727748,200.0,0.00045401291572488844,0.09080258314497769,0.3071535767883942,0.08203134685754776,0.0251962215960652,0.0,0.0,0.0
616,0.5174800157546997,1.0,0.0003153588913846761,0.0003153588913846761,20.0,0.004000039771199226,0.08000079542398453,20.0,0.00010438091703690588,0.0020876183407381177,10.0,0.010238208808004856,0.10238208808004856,0.0,0.013286642730236053,0.0,4.6148074037018505,0.0012406277237460017,0.005725258004780823,0.0,0.307734876871109,0.0,500.0,0.000421784701757133,0.2108923508785665,200.0,0.0004542036331258714,0.09084072662517428,0.3076538269134567,0.08202657103538513,0.02523578848762474,0.0,0.0,0.0
617,0.5176024436950684,1.0,0.0003154234727844596,0.0003154234727844596,20.0,0.0039956155233085155,0.07991231046617031,20.0,0.00010539261711528525,0.002107852342305705,10.0,0.010251937434077263,0.10251937434077263,0.0,0.013228299096226692,0.0,4.622311155577789,0.001258247997611761,0.005816013755844258,0.0,0.30758538842201233,0.0,500.0,0.00042153935646638274,0.21076967823319137,200.0,0.00045441649854183197,0.0908832997083664,0.30815407703851927,0.08203199505805969,0.02527849372474476,0.0,0.0,0.0
618,0.5171552300453186,1.0,0.00031551634310744703,0.00031551634310744703,20.0,0.0039887940511107445,0.07977588102221489,20.0,0.00010660046245902777,0.0021320092491805553,10.0,0.010263871401548386,0.10263871401548386,0.0,0.013185794465243816,0.0,4.629814907453727,0.0012023504823446274,0.005566660187143335,0.0,0.30746394395828247,0.0,500.0,0.0004209562321193516,0.2104781160596758,200.0,0.0004546248819679022,0.09092497639358044,0.30865432716358177,0.08204431086778641,0.02532333156849635,0.0,0.0,0.0
619,0.5174281597137451,1.0,0.00031535702873952687,0.00031535702873952687,20.0,0.003981119953095913,0.07962239906191826,20.0,0.00010756947449408472,0.0021513894898816943,10.0,0.010275742970407009,0.10275742970407009,0.0,0.013152128085494041,0.0,4.637318659329665,0.0012771182227879763,0.005922404164704622,0.0,0.3073704242706299,0.0,500.0,0.0004206561134196818,0.2103280567098409,200.0,0.00045481405686587095,0.09096281137317419,0.3091545772886443,0.08205690234899521,0.02536826695931918,0.0,0.0,0.0
620,0.5171824097633362,1.0,0.0003147473034914583,0.0003147473034914583,20.0,0.0039743464440107346,0.07948692888021469,20.0,0.00010801923053804785,0.002160384610760957,10.0,0.010287409648299217,0.10287409648299217,0.0,0.013121308758854866,0.0,4.6448224112056025,0.0011805181857198477,0.005483297325867326,0.0,0.3072986304759979,0.0,500.0,0.0004208747996017337,0.21043739980086684,200.0,0.0004550684825517237,0.09101369651034474,0.30965482741370687,0.08206509798765182,0.025411853754055268,0.0,0.0,0.0
621,0.5173033475875854,1.0,0.000314078206429258,0.000314078206429258,20.0,0.003965998068451881,0.07931996136903763,20.0,0.00010846080840565264,0.002169216168113053,10.0,0.010297824628651142,0.10297824628651142,0.0,0.013096529059112072,0.0,4.652326163081541,0.0011797021143138409,0.005488359011064892,0.0,0.3071545958518982,0.0,500.0,0.00042101903818547726,0.21050951909273863,200.0,0.00045534223318099976,0.09106844663619995,0.31015507753876936,0.08207358419895172,0.025455538871110586,0.0,0.0,0.0
622,0.5172821283340454,1.0,0.0003134003491140902,0.0003134003491140902,20.0,0.003954107873141766,0.07908215746283531,20.0,0.00010758935241028666,0.0021517870482057333,10.0,0.01030222699046135,0.1030222699046135,0.0,0.013065007515251637,0.0,4.659829914957479,0.001280496479012072,0.005966895798898175,0.0,0.3070288598537445,0.0,500.0,0.0004202455165795982,0.2101227582897991,200.0,0.000455639383289963,0.0911278766579926,0.3106553276638319,0.0820682942867279,0.025494952852455243,0.0,0.0,0.0
623,0.5167961716651917,1.0,0.0003126205410808325,0.0003126205410808325,20.0,0.003938446287065744,0.07876892574131489,20.0,0.00010781679156934842,0.0021563358313869685,10.0,0.010308562777936459,0.10308562777936459,0.0,0.013048076070845127,0.0,4.667333666833417,0.001284449128434062,0.005994952660475138,0.0,0.3070107400417328,0.0,500.0,0.00041954650077968836,0.20977325038984418,200.0,0.00045587075874209404,0.09117415174841881,0.31115557778889447,0.08204992860555649,0.02553029294279947,0.0,0.0,0.0
624,0.516448974609375,1.0,0.0003118446911685169,0.0003118446911685169,20.0,0.003923279233276844,0.07846558466553688,20.0,0.00010857258894247934,0.002171451778849587,10.0,0.010318783111870289,0.10318783111870289,0.0,0.013029382564127445,0.0,4.674837418709354,0.0012761028483510017,0.005965573345592852,0.0,0.3069738447666168,0.0,500.0,0.000419118907302618,0.209559453651309,200.0,0.00045613516704179347,0.0912270334083587,0.31165582791395696,0.08201421052217484,0.025560206680997958,0.0,0.0,0.0
625,0.5165927410125732,1.0,0.00031097399187274277,0.00031097399187274277,20.0,0.00391020905226469,0.07820418104529381,20.0,0.00010916448081843555,0.002183289616368711,10.0,0.010332772508263588,0.10332772508263588,0.0,0.013002493418753147,0.0,4.682341170585293,0.0013008784735575318,0.006091156834666582,0.0,0.3070259690284729,0.0,500.0,0.0004192243213765323,0.20961216068826616,200.0,0.00045635615242645144,0.09127123048529029,0.3121560780390195,0.08198471367359161,0.025592026679500335,0.0,0.0,0.0
626,0.5174041986465454,1.0,0.0003098779125139117,0.0003098779125139117,20.0,0.003901607124134898,0.07803214248269796,20.0,0.00010923094669124112,0.0021846189338248223,10.0,0.010350900702178478,0.10350900702178478,0.0,0.012963208369910717,0.0,4.689844922461231,0.0013418993912637234,0.006293300046571989,0.0,0.3071596920490265,0.0,500.0,0.0004203368443995714,0.2101684221997857,200.0,0.0004564290284179151,0.09128580568358302,0.31265632816408206,0.08194635808467865,0.025621047425174667,0.0,0.0,0.0
627,0.5167626738548279,1.0,0.0003094382118433714,0.0003094382118433714,20.0,0.0038932047318667173,0.07786409463733435,20.0,0.00010766484047053382,0.0021532968094106764,10.0,0.010365072637796402,0.10365072637796402,0.0,0.01291021890938282,0.0,4.697348674337168,0.0012845091987401247,0.006033787581875823,0.0,0.3071823716163635,0.0,500.0,0.00041973518091253936,0.20986759045626968,200.0,0.00045617338037118316,0.09123467607423663,0.31315657828914456,0.08190476149320602,0.025649014854800884,0.0,0.0,0.0
628,0.5164521336555481,1.0,0.0003092237457167357,0.0003092237457167357,20.0,0.0038879886269569397,0.0777597725391388,20.0,0.00010569451114861295,0.002113890222972259,10.0,0.010380715131759644,0.10380715131759644,0.0,0.0128486892208457,0.0,4.704852426213106,0.0012674108147621155,0.005962980846842269,0.0,0.30715328454971313,0.0,500.0,0.0004193556378595531,0.20967781892977655,200.0,0.00045571912778541446,0.09114382555708289,0.3136568284142071,0.08186479657888412,0.025677452453707027,0.0,0.0,0.0
629,0.5165127515792847,1.0,0.00030895453528501093,0.00030895453528501093,20.0,0.0038857064209878445,0.07771412841975689,20.0,0.00010393133561592549,0.00207862671231851,10.0,0.010398399084806442,0.10398399084806442,0.0,0.012789580971002579,0.0,4.712356178089045,0.0012620502384379506,0.005947230238161828,0.0,0.3071606755256653,0.0,500.0,0.0004194884095340967,0.20974420476704836,200.0,0.0004551428137347102,0.09102856274694204,0.3141570785392696,0.08182864636182785,0.02570704848185487,0.0,0.0,0.0
630,0.516514778137207,1.0,0.0003086836659349501,0.0003086836659349501,20.0,0.003885193495079875,0.0777038699015975,20.0,0.00010239264520350844,0.0020478529040701687,10.0,0.010417522862553596,0.10417522862553596,0.0,0.01273396611213684,0.0,4.719859929964983,0.0012111610267311335,0.005716510398803524,0.0,0.30723387002944946,0.0,500.0,0.0004198112292215228,0.2099056146107614,200.0,0.0004545536357909441,0.09091072715818882,0.31465732866433216,0.08182328939437866,0.02574629766336377,0.0,0.0,0.0
631,0.5167666673660278,1.0,0.00030840851832181215,0.00030840851832181215,20.0,0.0038847695104777813,0.07769539020955563,20.0,0.00010114526230609044,0.002022905246121809,10.0,0.010436548851430416,0.10436548851430416,0.0,0.012684263288974762,0.0,4.72736368184092,0.001198821933940053,0.005667267271502501,0.0,0.3072875142097473,0.0,500.0,0.0004202101845294237,0.21010509226471186,200.0,0.0004540814843494445,0.0908162968698889,0.3151575787893947,0.08181892335414886,0.02578585378344862,0.0,0.0,0.0
632,0.5170087814331055,1.0,0.0003081650647800416,0.0003081650647800416,20.0,0.003882363438606262,0.07764726877212524,20.0,0.00010042713256552815,0.002008542651310563,10.0,0.010454757139086723,0.10454757139086723,0.0,0.01264436636120081,0.0,4.734867433716858,0.0011956377420574427,0.005661186207390543,0.0,0.30732956528663635,0.0,500.0,0.0004205225268378854,0.2102612634189427,200.0,0.0004537470522336662,0.09074941044673324,0.3156578289144572,0.0818144679069519,0.025825377313299973,0.0,0.0,0.0
633,0.5170035362243652,1.0,0.00030798884108662605,0.00030798884108662605,20.0,0.003879203926771879,0.07758407853543758,20.0,9.838682308327407e-05,0.0019677364616654813,10.0,0.010466168634593487,0.10466168634593487,0.0,0.012598236091434956,0.0,4.742371185592797,0.0012293301988393068,0.005829940112554592,0.0,0.30733993649482727,0.0,500.0,0.0004201360570732504,0.2100680285366252,200.0,0.00045358427450992167,0.09071685490198433,0.31615807903951976,0.08181729167699814,0.025867197768815818,0.0,0.0,0.0
634,0.5167512893676758,1.0,0.0003078992594964802,0.0003078992594964802,20.0,0.0038719780277460814,0.07743956055492163,20.0,9.658494673203677e-05,0.0019316989346407354,10.0,0.01047594752162695,0.1047594752162695,0.0,0.012559174560010433,0.0,4.749874937468735,0.0012440993450582027,0.0059093162988132246,0.0,0.3073621392250061,0.0,500.0,0.0004195673100184649,0.20978365500923246,200.0,0.0004535258049145341,0.09070516098290682,0.3166583291645823,0.08183736354112625,0.025914482802167543,0.0,0.0,0.0
635,0.5168017745018005,1.0,0.0003068489604629576,0.0003068489604629576,20.0,0.0038630212657153606,0.07726042531430721,20.0,9.52213304117322e-05,0.001904426608234644,10.0,0.010487416759133339,0.10487416759133339,0.0,0.01253392081707716,0.0,4.757378689344672,0.0012433435767889023,0.005915056235749104,0.0,0.3074236810207367,0.0,500.0,0.0004197681264486164,0.2098840632243082,200.0,0.00045348264393396676,0.09069652878679335,0.3171585792896448,0.08185258507728577,0.025960249594296735,0.0,0.0,0.0
636,0.5170326828956604,1.0,0.00030576379504054785,0.00030576379504054785,20.0,0.0038521415553987026,0.07704283110797405,20.0,9.46952641243115e-05,0.0018939052824862301,10.0,0.010499678552150726,0.10499678552150726,0.0,0.01251989509910345,0.0,4.76488244122061,0.0012664441019296646,0.006034457264072064,0.0,0.3074790835380554,0.0,500.0,0.00042009790195152164,0.21004895097576082,200.0,0.0004535435582511127,0.09070871165022254,0.31765882941470736,0.08185289055109024,0.026001293396669487,0.0,0.0,0.0
637,0.5171226263046265,1.0,0.00030495619284920394,0.00030495619284920394,20.0,0.0038423165678977966,0.07684633135795593,20.0,9.435915853828192e-05,0.0018871831707656384,10.0,0.010509149171411991,0.10509149171411991,0.0,0.012505581602454185,0.0,4.7723861930965485,0.0012920922599732876,0.0061663632617034335,0.0,0.3075109124183655,0.0,500.0,0.00042009438038803637,0.21004719019401819,200.0,0.0004536971973720938,0.09073943947441876,0.3181590795397699,0.08184486627578735,0.02603968731936006,0.0,0.0,0.0
638,0.516440212726593,1.0,0.0003045343910343945,0.0003045343910343945,20.0,0.003834690898656845,0.0766938179731369,20.0,9.321593097411096e-05,0.0018643186194822192,10.0,0.01051503699272871,0.1051503699272871,0.0,0.012475942261517048,0.0,4.779889944972486,0.0012465722393244505,0.005958478112428776,0.0,0.3074861764907837,0.0,500.0,0.00041926404810510576,0.20963202405255288,200.0,0.0004537846543826163,0.09075693087652326,0.3186593296648324,0.08184216171503067,0.026079768390432485,0.0,0.0,0.0
639,0.5159196853637695,1.0,0.00030435732332989573,0.00030435732332989573,20.0,0.0038278501015156507,0.07655700203031301,20.0,9.186512033920735e-05,0.001837302406784147,10.0,0.01052054576575756,0.10520545765757561,0.0,0.012441430240869522,0.0,4.787393696848424,0.0012391729978844523,0.005932408999376792,0.0,0.3074391186237335,0.0,500.0,0.00041837518801912665,0.20918759400956333,200.0,0.0004538863431662321,0.09077726863324642,0.31915957978989495,0.08183463662862778,0.026118308238651588,0.0,0.0,0.0
640,0.5157776474952698,1.0,0.00030386983416974545,0.00030386983416974545,20.0,0.0038232251536101103,0.0764645030722022,20.0,9.117467561736703e-05,0.0018234935123473406,10.0,0.010531116276979446,0.10531116276979446,0.0,0.01241008285433054,0.0,4.794897448724362,0.001204982865601778,0.0057777692680305364,0.0,0.3074447214603424,0.0,500.0,0.0004183109849691391,0.20915549248456955,200.0,0.0004539477522484958,0.09078955044969916,0.3196598299149575,0.08181127160787582,0.026151777167299977,0.0,0.0,0.0
641,0.5161919593811035,1.0,0.0003032568492926657,0.0003032568492926657,20.0,0.0038182202260941267,0.07636440452188253,20.0,9.091441461350769e-05,0.0018182882922701538,10.0,0.01054599229246378,0.1054599229246378,0.0,0.012381138280034065,0.0,4.8024012006003005,0.00123089540284127,0.0059112535604183055,0.0,0.3074707090854645,0.0,500.0,0.00041870231507346034,0.20935115753673017,200.0,0.00045397551730275154,0.09079510346055031,0.32016008004002,0.08179835975170135,0.026188569405247056,0.0,0.0,0.0
642,0.5164941549301147,1.0,0.0003028934879694134,0.0003028934879694134,20.0,0.003813663497567177,0.07627326995134354,20.0,9.047400089912117e-05,0.0018094800179824233,10.0,0.010561871342360973,0.10561871342360973,0.0,0.012344091199338436,0.0,4.809904952476238,0.0012378748506307602,0.005954060374594676,0.0,0.30747342109680176,0.0,500.0,0.0004190353211015463,0.20951766055077314,200.0,0.0004539678920991719,0.09079357841983438,0.32066033016508255,0.08178287744522095,0.02622452448343503,0.0,0.0,0.0
643,0.5165270566940308,1.0,0.0003028085338883102,0.0003028085338883102,20.0,0.0038101449608802795,0.07620289921760559,20.0,8.969211194198579e-05,0.0017938422388397157,10.0,0.010575571097433567,0.10575571097433567,0.0,0.012300943024456501,0.0,4.817408704352176,0.0012347135925665498,0.005948120008212043,0.0,0.3074760437011719,0.0,500.0,0.0004189409373793751,0.20947046868968755,200.0,0.0004539633810054511,0.09079267620109022,0.32116058029014505,0.08176753669977188,0.02626050953539447,0.0,0.0,0.0
644,0.5167781114578247,1.0,0.00030263958615250885,0.00030263958615250885,20.0,0.003808884648606181,0.07617769297212362,20.0,8.894914935808629e-05,0.0017789829871617258,10.0,0.01058842521160841,0.1058842521160841,0.0,0.012256746180355549,0.0,4.824912456228114,0.0012440294958651066,0.0060023334105147345,0.0,0.3074398636817932,0.0,500.0,0.0004190852341707796,0.2095426170853898,200.0,0.00045396218774840236,0.09079243754968047,0.3216608304152076,0.08175420761108398,0.02629712631011856,0.0,0.0,0.0
645,0.5164440274238586,1.0,0.0003025702026207,0.0003025702026207,20.0,0.0038071204908192158,0.07614240981638432,20.0,8.85658519109711e-05,0.001771317038219422,10.0,0.010599433444440365,0.10599433444440365,0.0,0.012219438329339027,0.0,4.832416208104052,0.001160863903351128,0.005609777541956927,0.0,0.3074367344379425,0.0,500.0,0.0004189963510725647,0.20949817553628236,200.0,0.0004539602668955922,0.09079205337911844,0.32216108054027015,0.0817398801445961,0.026333408110615252,0.0,0.0,0.0
646,0.5168890357017517,1.0,0.00030235317535698414,0.00030235317535698414,20.0,0.003804935608059168,0.07609871216118336,20.0,8.854147745296359e-05,0.0017708295490592718,10.0,0.010609560646116734,0.10609560646116734,0.0,0.012189684435725212,0.0,4.83991995997999,0.0012308326549828053,0.005957131534246443,0.0,0.3074202835559845,0.0,500.0,0.00041901215445250273,0.20950607722625136,200.0,0.00045394295011647046,0.09078859002329409,0.32266133066533265,0.08172573894262314,0.02636973567683438,0.0,0.0,0.0
647,0.5163842439651489,1.0,0.0003021714510396123,0.0003021714510396123,20.0,0.003799720434471965,0.0759944086894393,20.0,8.845835691317916e-05,0.0017691671382635832,10.0,0.010616245679557323,0.10616245679557323,0.0,0.012169147841632366,0.0,4.847423711855928,0.001165130757726729,0.00564788246241721,0.0,0.3074190318584442,0.0,500.0,0.0004186019068583846,0.2093009534291923,200.0,0.0004539860528893769,0.09079721057787538,0.3231615807903952,0.08172376453876495,0.026409980936489323,0.0,0.0,0.0
648,0.5163682103157043,1.0,0.0003017210983671248,0.0003017210983671248,20.0,0.0037909678649157286,0.07581935729831457,20.0,8.797922055236995e-05,0.001759584411047399,10.0,0.010621264576911926,0.10621264576911926,0.0,0.01215457171201706,0.0,4.854927463731866,0.0012076138518750668,0.005862877655051287,0.0,0.30744674801826477,0.0,500.0,0.00041827038512565196,0.20913519256282598,200.0,0.0004541276430245489,0.09082552860490978,0.32366183091545775,0.08172513544559479,0.026451306970134984,0.0,0.0,0.0
649,0.516044020652771,1.0,0.000301068153930828,0.000301068153930828,20.0,0.0037816562689840794,0.07563312537968159,20.0,8.743748185224831e-05,0.0017487496370449662,10.0,0.01062735915184021,0.1062735915184021,0.0,0.012138783000409603,0.0,4.862431215607804,0.00114799989387393,0.0055820705194870425,0.0,0.3074863851070404,0.0,500.0,0.00041830140980891883,0.20915070490445942,200.0,0.0004543251125141978,0.09086502250283957,0.32416208104052024,0.08171749860048294,0.02648971440375835,0.0,0.0,0.0
650,0.5159991979598999,1.0,0.0003004811005666852,0.0003004811005666852,20.0,0.0037720482796430588,0.07544096559286118,20.0,8.665185305289924e-05,0.0017330370610579848,10.0,0.010633601807057858,0.10633601807057858,0.0,0.012118129059672356,0.0,4.869934967483742,0.001145672518759966,0.005579350660394331,0.0,0.3074592649936676,0.0,500.0,0.0004183527489658445,0.20917637448292226,200.0,0.0004545123956631869,0.09090247913263738,0.3246623311655828,0.08171719312667847,0.02653049441681557,0.0,0.0,0.0
651,0.5163225531578064,1.0,0.0003000990254804492,0.0003000990254804492,20.0,0.00376638094894588,0.0753276189789176,20.0,8.605959010310471e-05,0.0017211918020620942,10.0,0.0106420386582613,0.10642038658261299,0.0,0.012084046378731728,0.0,4.87743871935968,0.001172208460047841,0.0057173749301983245,0.0,0.30742692947387695,0.0,500.0,0.0004187009180895984,0.2093504590447992,200.0,0.00045456469524651766,0.09091293904930353,0.32516258129064535,0.08172062784433365,0.026572490294555717,0.0,0.0,0.0
652,0.5164929032325745,1.0,0.00029998659738339484,0.00029998659738339484,20.0,0.003761651460081339,0.07523302920162678,20.0,8.5644525825046e-05,0.00171289051650092,10.0,0.010650595650076866,0.10650595650076866,0.0,0.012048721313476562,0.0,4.884942471235618,0.0011874358169734478,0.00580055565419996,0.0,0.30743905901908875,0.0,500.0,0.0004188426537439227,0.20942132687196136,200.0,0.0004545400443021208,0.09090800886042416,0.32566283141570784,0.08171387016773224,0.026611170324759223,0.0,0.0,0.0
653,0.5166905522346497,1.0,0.0003000678843818605,0.0003000678843818605,20.0,0.00375786772929132,0.0751573545858264,20.0,8.577440166845918e-05,0.0017154880333691835,10.0,0.010658900253474712,0.10658900253474712,0.0,0.012020469643175602,0.0,4.8924462231115555,0.001219120342284441,0.00596448071412798,0.0,0.30742281675338745,0.0,500.0,0.00041884416714310646,0.20942208357155323,200.0,0.0004544750845525414,0.09089501691050828,0.3261630815407704,0.08169859647750854,0.026647065984660115,0.0,0.0,0.0
654,0.5169458389282227,1.0,0.0003002433222718537,0.0003002433222718537,20.0,0.0037559843622148037,0.07511968724429607,20.0,8.597050327807665e-05,0.001719410065561533,10.0,0.01066660601645708,0.10666606016457081,0.0,0.011992882937192917,0.0,4.899949974987494,0.0012564039789140224,0.006156316645053952,0.0,0.3074553310871124,0.0,500.0,0.0004188618913758546,0.2094309456879273,200.0,0.00045436114305630326,0.09087222861126065,0.3266633316658329,0.08167725056409836,0.026680962790573397,0.0,0.0,0.0
655,0.5169497132301331,1.0,0.0003002227167598903,0.0003002227167598903,20.0,0.0037528537213802338,0.07505707442760468,20.0,8.542145224055275e-05,0.001708429044811055,10.0,0.010672125034034252,0.10672125034034252,0.0,0.011968429200351238,0.0,4.907453726863432,0.0012554144486784935,0.0061608883149254735,0.0,0.3074398934841156,0.0,500.0,0.00041885601240210235,0.20942800620105118,200.0,0.0004542938550002873,0.09085877100005746,0.32716358179089544,0.08165675401687622,0.026715116121579313,0.0,0.0,0.0
656,0.5167375206947327,1.0,0.0003000442520715296,0.0003000442520715296,20.0,0.0037482138723134995,0.07496427744626999,20.0,8.423776307608932e-05,0.0016847552615217865,10.0,0.01067498791962862,0.1067498791962862,0.0,0.011947575025260448,0.0,4.914957478739369,0.001230776309967041,0.006049213229327752,0.0,0.3074352741241455,0.0,500.0,0.0004187611339148134,0.2093805669574067,200.0,0.0004542881506495178,0.09085763012990355,0.327663831915958,0.08164200931787491,0.02675113361841324,0.0,0.0,0.0
657,0.516618013381958,1.0,0.00029971840558573604,0.00029971840558573604,20.0,0.0037423630710691214,0.07484726142138243,20.0,8.361488289665431e-05,0.0016722976579330862,10.0,0.010679063387215137,0.10679063387215137,0.0,0.011935302056372166,0.0,4.9224612306153075,0.0012023057788610458,0.00591830358378824,0.0,0.307456910610199,0.0,500.0,0.0004188877355773002,0.2094438677886501,200.0,0.00045430028694681823,0.09086005738936365,0.3281640820410205,0.08162325620651245,0.026785820946209186,0.0,0.0,0.0
658,0.5164048075675964,1.0,0.0002994628739543259,0.0002994628739543259,20.0,0.0037359725683927536,0.07471945136785507,20.0,8.345909009221941e-05,0.0016691818018443882,10.0,0.010682622902095318,0.10682622902095318,0.0,0.011928104795515537,0.0,4.929964982491246,0.0011596946278586984,0.0057172539057266,0.0,0.30748531222343445,0.0,500.0,0.00041897111805155873,0.20948555902577937,200.0,0.00045432927436195314,0.09086585487239063,0.32866433216608304,0.08160854876041412,0.026821819177384732,0.0,0.0,0.0
659,0.5167306065559387,1.0,0.0002994382521137595,0.0002994382521137595,20.0,0.003733992576599121,0.07467985153198242,20.0,8.337646431755275e-05,0.001667529286351055,10.0,0.010687253437936306,0.10687253437936306,0.0,0.01190207526087761,0.0,4.937468734367184,0.0011947789462283254,0.005899183691482527,0.0,0.30746227502822876,0.0,500.0,0.0004191995249129832,0.2095997624564916,200.0,0.00045427060103975236,0.09085412020795047,0.3291645822911456,0.08159497380256653,0.026858175468778778,0.0,0.0,0.0
660,0.516573429107666,1.0,0.0002994912792928517,0.0002994912792928517,20.0,0.0037305019795894623,0.07461003959178925,20.0,8.283479837700725e-05,0.001656695967540145,10.0,0.010690349154174328,0.10690349154174328,0.0,0.011872367933392525,0.0,4.944972486243121,0.0011741509661078453,0.0058061442220990744,0.0,0.30743029713630676,0.0,500.0,0.0004191064217593521,0.20955321087967604,200.0,0.00045424170093610883,0.09084834018722177,0.3296648324162081,0.08158593624830246,0.02689601400081607,0.0,0.0,0.0
661,0.5170236825942993,1.0,0.00029916211497038603,0.00029916211497038603,20.0,0.003726765513420105,0.0745353102684021,20.0,8.22152360342443e-05,0.001644304720684886,10.0,0.010695512406527996,0.10695512406527996,0.0,0.011838375590741634,0.0,4.9524762381190595,0.0011913161724805832,0.005899965036297035,0.0,0.30741259455680847,0.0,500.0,0.000419807736761868,0.209903868380934,200.0,0.0004542722599580884,0.09085445199161768,0.33016508254127064,0.081569604575634,0.02693143522757301,0.0,0.0,0.0
662,0.5169862508773804,1.0,0.00029939482919871807,0.00029939482919871807,20.0,0.0037210537120699883,0.07442107424139977,20.0,8.277390588773414e-05,0.001655478117754683,10.0,0.01069885678589344,0.1069885678589344,0.0,0.011822331696748734,0.0,4.959979989994998,0.0012326107826083899,0.0061137248171896875,0.0,0.3074027895927429,0.0,500.0,0.0004193752829451114,0.2096876414725557,200.0,0.0004542613751254976,0.09085227502509952,0.3306653326663332,0.08155713975429535,0.0269681187481687,0.0,0.0,0.0
663,0.5168954133987427,1.0,0.00029966962756589055,0.00029966962756589055,20.0,0.0037155430763959885,0.07431086152791977,20.0,8.379809150937945e-05,0.001675961830187589,10.0,0.010702270083129406,0.10702270083129406,0.0,0.011813744902610779,0.0,4.967483741870936,0.0012513082474470139,0.006215853375262055,0.0,0.307401567697525,0.0,500.0,0.00041901308577507734,0.20950654288753867,200.0,0.0004543020622804761,0.09086041245609522,0.3311655827913957,0.08154047280550003,0.02700339819771937,0.0,0.0,0.0
664,0.516902506351471,1.0,0.00029968732269480824,0.00029968732269480824,20.0,0.0037133495789021254,0.07426699157804251,20.0,8.462292316835374e-05,0.0016924584633670747,10.0,0.010706211440265179,0.10706211440265179,0.0,0.011800422333180904,0.0,4.974987493746873,0.0012291667517274618,0.00611508921757359,0.0,0.30748170614242554,0.0,500.0,0.00041914155008271337,0.20957077504135668,200.0,0.0004542821552604437,0.09085643105208874,0.33166583291645824,0.0815245509147644,0.027038908082285543,0.0,0.0,0.0
665,0.5171331167221069,1.0,0.0002993855450768024,0.0002993855450768024,20.0,0.0037124971859157085,0.07424994371831417,20.0,8.436429197899997e-05,0.0016872858395799994,10.0,0.010708607733249664,0.10708607733249664,0.0,0.011780071072280407,0.0,4.982491245622811,0.001226599793881178,0.006111522734895714,0.0,0.3073764145374298,0.0,500.0,0.00041954783955588937,0.20977391977794468,200.0,0.0004542515380308032,0.09085030760616064,0.3321660830415208,0.08150946348905563,0.02707467921797546,0.0,0.0,0.0
666,0.5167396068572998,1.0,0.0002994514652527869,0.0002994514652527869,20.0,0.0037095199804753065,0.07419039960950613,20.0,8.325582894030958e-05,0.0016651165788061917,10.0,0.010706196539103985,0.10706196539103985,0.0,0.011761842295527458,0.0,4.98999499749875,0.0012005893513560295,0.005990934857316856,0.0,0.3073418438434601,0.0,500.0,0.00041911558946594596,0.20955779473297298,200.0,0.00045431501348502934,0.09086300269700587,0.3326663331665833,0.08149588853120804,0.027110938405829586,0.0,0.0,0.0
667,0.5159977078437805,1.0,0.0002993197413161397,0.0002993197413161397,20.0,0.0037038475275039673,0.07407695055007935,20.0,8.30490535008721e-05,0.001660981070017442,10.0,0.010707337409257889,0.10707337409257889,0.0,0.011755824089050293,0.0,4.997498749374687,0.0010637796949595213,0.005316237695170394,0.0,0.3073510229587555,0.0,500.0,0.0004190815379843116,0.2095407689921558,200.0,0.00045441361726261675,0.09088272345252335,0.33316658329164583,0.08148278295993805,0.0271473403958573,0.0,0.0,0.0
668,0.5165173411369324,1.0,0.0002993667731061578,0.0002993667731061578,20.0,0.0036981727462261915,0.07396345492452383,20.0,8.398214413318783e-05,0.0016796428826637566,10.0,0.010711912997066975,0.10711912997066975,0.0,0.011754852719604969,0.0,5.005002501250625,0.001183564425446093,0.005923742909748955,0.0,0.30736738443374634,0.0,500.0,0.0004189190804027021,0.20945954020135105,200.0,0.00045444542774930596,0.09088908554986119,0.33366683341670833,0.08146854490041733,0.02718335139998917,0.0,0.0,0.0
669,0.5168318748474121,1.0,0.00029952742625027895,0.00029952742625027895,20.0,0.0036959308199584484,0.07391861639916897,20.0,8.491996413795277e-05,0.0016983992827590555,10.0,0.010717463679611683,0.10717463679611683,0.0,0.011743199080228806,0.0,5.012506253126563,0.0012285910779610276,0.006158320460815156,0.0,0.3073512613773346,0.0,500.0,0.00041895578033290803,0.20947789016645402,200.0,0.00045443588169291615,0.09088717633858323,0.3341670835417709,0.08144823461771011,0.02721731902182609,0.0,0.0,0.0
670,0.5168613195419312,1.0,0.0002996115363202989,0.0002996115363202989,20.0,0.0036985124461352825,0.07397024892270565,20.0,8.534203516319394e-05,0.0017068407032638788,10.0,0.01072454359382391,0.1072454359382391,0.0,0.011708988808095455,0.0,5.020010005002502,0.0011473814956843853,0.005759866587890349,0.0,0.3072892129421234,0.0,500.0,0.0004195008077658713,0.20975040388293564,200.0,0.00045439047971740365,0.09087809594348073,0.33466733366683343,0.08142644166946411,0.027250770123497494,0.0,0.0,0.0
671,0.5168715119361877,1.0,0.0002997183473780751,0.0002997183473780751,20.0,0.0036965995095670223,0.07393199019134045,20.0,8.466700091958046e-05,0.0016933400183916092,10.0,0.01072778832167387,0.1072778832167387,0.0,0.011676598340272903,0.0,5.027513756878439,0.0011553710792213678,0.005808643995084915,0.0,0.30723515152931213,0.0,500.0,0.00041937475907616317,0.2096873795380816,200.0,0.00045444382703863084,0.09088876540772617,0.33516758379189593,0.08140324801206589,0.02728372994901658,0.0,0.0,0.0
672,0.5168581008911133,1.0,0.00029963377164676785,0.00029963377164676785,20.0,0.0036906644236296415,0.07381328847259283,20.0,8.431282185483724e-05,0.0016862564370967448,10.0,0.010731327347457409,0.10731327347457409,0.0,0.011656899936497211,0.0,5.035017508754377,0.0011562987929210067,0.00582198466770882,0.0,0.30722397565841675,0.0,500.0,0.000419381249230355,0.2096906246151775,200.0,0.0004545717383734882,0.09091434767469764,0.3356678339169585,0.08138614147901535,0.02731870982112021,0.0,0.0,0.0
673,0.5176615118980408,1.0,0.0002994469250552356,0.0002994469250552356,20.0,0.0036813828628510237,0.07362765725702047,20.0,8.503978460794315e-05,0.001700795692158863,10.0,0.010736481286585331,0.10736481286585331,0.0,0.01165620144456625,0.0,5.042521260630315,0.001325639896094799,0.0066845673599977866,0.0,0.30726367235183716,0.0,500.0,0.0004193822096567601,0.20969110482838005,200.0,0.0004547072167042643,0.09094144334085286,0.33616808404202103,0.08136315643787384,0.027351696411331276,0.0,0.0,0.0
674,0.5177155137062073,1.0,0.0002990012872032821,0.0002990012872032821,20.0,0.003673336934298277,0.07346673868596554,20.0,8.543559670215473e-05,0.0017087119340430945,10.0,0.010740299709141254,0.10740299709141254,0.0,0.01165461540222168,0.0,5.050025012506253,0.001309331739321351,0.00661215803324114,0.0,0.3073076009750366,0.0,500.0,0.0004197363741695881,0.20986818708479404,200.0,0.0004548765136860311,0.09097530273720622,0.3366683341670835,0.08133354038000107,0.02738242755164618,0.0,0.0,0.0
675,0.5169337391853333,1.0,0.00029884447576478124,0.00029884447576478124,20.0,0.0036671131383627653,0.0733422627672553,20.0,8.506247831974179e-05,0.0017012495663948357,10.0,0.010740156285464764,0.10740156285464764,0.0,0.011648646555840969,0.0,5.057528764382191,0.0011956889647990465,0.0060472313327255426,0.0,0.30725783109664917,0.0,500.0,0.0004194382927380502,0.2097191463690251,200.0,0.0004550116718746722,0.09100233437493443,0.3371685842921461,0.08132751286029816,0.027421082375108034,0.0,0.0,0.0
676,0.5171434879302979,1.0,0.00029858824564144015,0.00029858824564144015,20.0,0.0036649794783443213,0.07329958956688643,20.0,8.415227057412267e-05,0.0016830454114824533,10.0,0.010741260834038258,0.10741260834038258,0.0,0.0116262873634696,0.0,5.065032516258129,0.0012101311003789306,0.006129353372354513,0.0,0.30723485350608826,0.0,500.0,0.00041970075108110905,0.20985037554055452,200.0,0.0004550540470518172,0.09101080941036344,0.33766883441720863,0.08131967484951019,0.0274591198216205,0.0,0.0,0.0
677,0.5171205997467041,1.0,0.00029857526533305645,0.00029857526533305645,20.0,0.0036620451137423515,0.07324090227484703,20.0,8.439219527645037e-05,0.0016878439055290073,10.0,0.010743646882474422,0.10743646882474422,0.0,0.011618845164775848,0.0,5.072536268134067,0.0012118018930777907,0.006146909052430614,0.0,0.3072335422039032,0.0,500.0,0.00041961611714214087,0.20980805857107043,200.0,0.00045503710862249136,0.09100742172449827,0.3381690845422711,0.08130377531051636,0.027494423266587822,0.0,0.0,0.0
678,0.5168498754501343,1.0,0.00029880215879529715,0.00029880215879529715,20.0,0.0036587200593203306,0.07317440118640661,20.0,8.560155401937664e-05,0.0017120310803875327,10.0,0.010747147724032402,0.10747147724032402,0.0,0.011622708290815353,0.0,5.080040020010005,0.0011857193894684315,0.006023501951001461,0.0,0.30730515718460083,0.0,500.0,0.0004192947526462376,0.2096473763231188,200.0,0.000454973429441452,0.0909946858882904,0.3386693346673337,0.08128169924020767,0.027527619002311453,0.0,0.0,0.0
679,0.5172390937805176,1.0,0.0002991199726238847,0.0002991199726238847,20.0,0.0036610057577490807,0.07322011515498161,20.0,8.670965326018631e-05,0.0017341930652037263,10.0,0.010752519592642784,0.10752519592642784,0.0,0.011607692576944828,0.0,5.087543771885943,0.0012150086695328355,0.006181409789469203,0.0,0.30726945400238037,0.0,500.0,0.0004195178335066885,0.20975891675334424,200.0,0.0004547888529486954,0.09095777058973908,0.3391695847923962,0.08126428723335266,0.027562374559386243,0.0,0.0,0.0
680,0.5170518755912781,1.0,0.0002992748050019145,0.0002992748050019145,20.0,0.003662679810076952,0.07325359620153904,20.0,8.613143290858716e-05,0.0017226286581717432,10.0,0.010755203664302826,0.10755203664302826,0.0,0.011580869555473328,0.0,5.095047523761881,0.0011709356913343072,0.005965972994617268,0.0,0.30727556347846985,0.0,500.0,0.0004194588982500136,0.2097294491250068,200.0,0.0004546621930785477,0.09093243861570954,0.3396698349174587,0.08124503493309021,0.02759648760358592,0.0,0.0,0.0
681,0.5168342590332031,1.0,0.00029927154537290335,0.00029927154537290335,20.0,0.0036625247448682785,0.07325049489736557,20.0,8.484580757794902e-05,0.0016969161515589803,10.0,0.010757123120129108,0.10757123120129108,0.0,0.011551400646567345,0.0,5.102551275637819,0.0011140094138681889,0.005684290155805667,0.0,0.30716851353645325,0.0,500.0,0.00041953459731303155,0.20976729865651578,200.0,0.0004546589916571975,0.0909317983314395,0.3401700850425213,0.08123286813497543,0.02763299166172251,0.0,0.0,0.0
682,0.5171623826026917,1.0,0.00029923749389126897,0.00029923749389126897,20.0,0.003656708402559161,0.07313416805118322,20.0,8.485624857712537e-05,0.0016971249715425074,10.0,0.0107617462053895,0.107617462053895,0.0,0.011543271131813526,0.0,5.110055027513757,0.0012002155417576432,0.006133167463258792,0.0,0.30718135833740234,0.0,500.0,0.00041935671470128,0.20967835735064,200.0,0.0004546677228063345,0.0909335445612669,0.34067033516758377,0.0812201127409935,0.027669283029823195,0.0,0.0,0.0
683,0.5180111527442932,1.0,0.0002988253836520016,0.0002988253836520016,20.0,0.0036541838198900223,0.07308367639780045,20.0,8.575301035307348e-05,0.0017150602070614696,10.0,0.010770673863589764,0.10770673863589764,0.0,0.011529347859323025,0.0,5.117558779389695,0.0012507260544225574,0.0064006641004215915,0.0,0.30720055103302,0.0,500.0,0.0004203515709377825,0.21017578546889126,200.0,0.0004546444397419691,0.09092888794839382,0.3411705852926463,0.08119559288024902,0.027701547946137987,0.0,0.0,0.0
684,0.5178312063217163,1.0,0.0002987553598359227,0.0002987553598359227,20.0,0.0036485809832811356,0.07297161966562271,20.0,8.568297198507935e-05,0.001713659439701587,10.0,0.010772602632641792,0.10772602632641792,0.0,0.011521711014211178,0.0,5.125062531265633,0.0012511571403592825,0.0064122585807808155,0.0,0.30720895528793335,0.0,500.0,0.0004200692055746913,0.21003460278734565,200.0,0.00045468565076589584,0.09093713015317917,0.3416708354177089,0.08118095993995667,0.02773716640269655,0.0,0.0,0.0
685,0.5168637037277222,1.0,0.0002989692147821188,0.0002989692147821188,20.0,0.003641519695520401,0.07283039391040802,20.0,8.487069135298952e-05,0.0016974138270597905,10.0,0.010769663378596306,0.10769663378596306,0.0,0.011517202481627464,0.0,5.13256628314157,0.0011817773338407278,0.006065550497851859,0.0,0.30720293521881104,0.0,500.0,0.0004190729814581573,0.20953649072907865,200.0,0.0004548191500362009,0.09096383000724018,0.34217108554277137,0.08117111027240753,0.027774406916621686,0.0,0.0,0.0
686,0.517342746257782,1.0,0.0002986830659210682,0.0002986830659210682,20.0,0.0036408654414117336,0.07281730882823467,20.0,8.440273813903332e-05,0.0016880547627806664,10.0,0.010770938359200954,0.10770938359200954,0.0,0.011500479653477669,0.0,5.140070035017509,0.0012457012198865414,0.006402991512923568,0.0,0.30718493461608887,0.0,500.0,0.00041929908911697567,0.20964954455848783,200.0,0.0004548414144665003,0.09096828289330006,0.3426713356678339,0.08115210384130478,0.027808499815554666,0.0,0.0,0.0
687,0.5175257325172424,1.0,0.00029800337506458163,0.00029800337506458163,20.0,0.0036388456355780363,0.07277691271156073,20.0,8.511950727552176e-05,0.001702390145510435,10.0,0.010776715353131294,0.10776715353131294,0.0,0.011496313847601414,0.0,5.147573786893447,0.0011614421382546425,0.005978609105873073,0.0,0.3072200119495392,0.0,500.0,0.00042039004620164633,0.21019502310082316,200.0,0.00045484371366910636,0.09096874273382127,0.34317158579289647,0.0811222717165947,0.027838858628106037,0.0,0.0,0.0
688,0.5167535543441772,1.0,0.0002980594872497022,0.0002980594872497022,20.0,0.0036316709592938423,0.07263341918587685,20.0,8.582096779718995e-05,0.001716419355943799,10.0,0.010778806172311306,0.10778806172311306,0.0,0.011506880633533001,0.0,5.155077538769385,0.0010854089632630348,0.005595367366896235,0.0,0.3072567880153656,0.0,500.0,0.0004197421367280185,0.20987106836400926,200.0,0.00045491731725633144,0.09098346345126629,0.34367183591795897,0.08108808100223541,0.027867689669102413,0.0,0.0,0.0
689,0.517331600189209,1.0,0.00029834688757546246,0.00029834688757546246,20.0,0.0036261635832488537,0.07252327166497707,20.0,8.587325282860547e-05,0.0017174650565721095,10.0,0.010782315395772457,0.10782315395772457,0.0,0.011500543914735317,0.0,5.162581290645322,0.0012662437511608005,0.006537086299139299,0.0,0.30725395679473877,0.0,500.0,0.00041906695696525276,0.20953347848262638,200.0,0.0004549824516288936,0.09099649032577872,0.3441720860430215,0.08107073605060577,0.027902284343580178,0.0,0.0,0.0
690,0.5175997614860535,1.0,0.000298451806884259,0.000298451806884259,20.0,0.0036292399745434523,0.07258479949086905,20.0,8.571194484829903e-05,0.0017142388969659805,10.0,0.010791419073939323,0.10791419073939323,0.0,0.011461318470537663,0.0,5.1700850425212606,0.0012397358659654856,0.006409539857305299,0.0,0.30724605917930603,0.0,500.0,0.0004195549990981817,0.20977749954909086,200.0,0.0004548236611299217,0.09096473222598433,0.344672336168084,0.0810517892241478,0.02793630954249016,0.0,0.0,0.0
691,0.5180016160011292,1.0,0.00029812066350132227,0.00029812066350132227,20.0,0.0036301780492067337,0.07260356098413467,20.0,8.496048394590616e-05,0.0016992096789181232,10.0,0.010798650793731213,0.10798650793731213,0.0,0.01142831053584814,0.0,5.177588794397199,0.0012098653241991997,0.00626418514530351,0.0,0.3071517050266266,0.0,500.0,0.00042044976726174355,0.21022488363087177,200.0,0.00045478250831365585,0.09095650166273117,0.34517258629314657,0.08102799952030182,0.027968644156582418,0.0,0.0,0.0
692,0.518295407295227,1.0,0.0002981880970764905,0.0002981880970764905,20.0,0.003628038801252842,0.07256077602505684,20.0,8.435078780166805e-05,0.001687015756033361,10.0,0.01080140471458435,0.1080140471458435,0.0,0.01141100749373436,0.0,5.185092546273137,0.0012782380217686296,0.006627782439035441,0.0,0.3071245849132538,0.0,500.0,0.0004202841082587838,0.2101420541293919,200.0,0.00045479979598894715,0.09095995919778943,0.3456728364182091,0.08101759850978851,0.028005583076670268,0.0,0.0,0.0
693,0.5174950957298279,1.0,0.0002983039594255388,0.0002983039594255388,20.0,0.0036234091967344284,0.07246818393468857,20.0,8.370642171939835e-05,0.001674128434387967,10.0,0.010803126730024815,0.10803126730024815,0.0,0.011399402283132076,0.0,5.192596298149074,0.0011650749947875738,0.006049764105000008,0.0,0.3071090877056122,0.0,500.0,0.0004199128597974777,0.20995642989873886,200.0,0.00045487063471227884,0.09097412694245577,0.3461730865432716,0.08100829273462296,0.028042890731545315,0.0,0.0,0.0
694,0.5180674195289612,1.0,0.0002979601558763534,0.0002979601558763534,20.0,0.0036182552576065063,0.07236510515213013,20.0,8.34481543279253e-05,0.001668963086558506,10.0,0.01080863457173109,0.1080863457173109,0.0,0.011388562619686127,0.0,5.2001000500250125,0.0012429582420736551,0.006463507216786216,0.0,0.3071238100528717,0.0,500.0,0.00042024225695058703,0.21012112847529352,200.0,0.0004549351870082319,0.09098703740164638,0.34667333666833416,0.08099089562892914,0.028077384027437664,0.0,0.0,0.0
695,0.5180367827415466,1.0,0.00029723462648689747,0.00029723462648689747,20.0,0.0036112014204263687,0.07222402840852737,20.0,8.389049617107958e-05,0.0016778099234215915,10.0,0.010817035101354122,0.10817035101354122,0.0,0.011387068778276443,0.0,5.207603801900951,0.0011555392993614078,0.0060175908486004275,0.0,0.30718329548835754,0.0,500.0,0.00042107858462259173,0.21053929231129587,200.0,0.0004550113226287067,0.09100226452574134,0.3471735867933967,0.08096293359994888,0.02810819205520987,0.0,0.0,0.0
696,0.5176229476928711,1.0,0.000297305581625551,0.000297305581625551,20.0,0.0035992644261568785,0.07198528852313757,20.0,8.404949767282233e-05,0.0016809899534564465,10.0,0.010819878429174423,0.10819878429174423,0.0,0.01139867678284645,0.0,5.215107553776888,0.0011768031399697065,0.006137154944564377,0.0,0.307207852602005,0.0,500.0,0.00042028885218314826,0.21014442609157413,200.0,0.00045520145795308053,0.09104029159061611,0.3476738369184592,0.08093417435884476,0.028138694937167134,0.0,0.0,0.0
697,0.5183885097503662,1.0,0.0002967631153296679,0.0002967631153296679,20.0,0.0035937796346843243,0.07187559269368649,20.0,8.416835044045001e-05,0.0016833670088090003,10.0,0.010825327597558498,0.10825327597558498,0.0,0.011395826004445553,0.0,5.222611305652826,0.001279996708035469,0.006684925278584441,0.0,0.3072223365306854,0.0,500.0,0.00042073847725987434,0.21036923862993717,200.0,0.00045527241309173405,0.09105448261834681,0.34817408704352176,0.08091020584106445,0.02817083705121604,0.0,0.0,0.0
698,0.518526017665863,1.0,0.0002963037113659084,0.0002963037113659084,20.0,0.0035978094674646854,0.07195618934929371,20.0,8.390089351451024e-05,0.0016780178702902049,10.0,0.010832167230546474,0.10832167230546474,0.0,0.011363623663783073,0.0,5.2301150575287645,0.0011612228117883205,0.006073328913079986,0.0,0.3072451949119568,0.0,500.0,0.00042191261309199035,0.21095630654599518,200.0,0.00045515887904912233,0.09103177580982447,0.3486743371685843,0.08091334998607635,0.028212408674484855,0.0,0.0,0.0
699,0.518510639667511,1.0,0.00029662856832146645,0.00029662856832146645,20.0,0.0035972557961940765,0.07194511592388153,20.0,8.365892426809296e-05,0.0016731784853618592,10.0,0.010833462700247765,0.10833462700247765,0.0,0.011349963955581188,0.0,5.237618809404703,0.0012461815495043993,0.00652702392361734,0.0,0.3072095811367035,0.0,500.0,0.00042094377567991614,0.21047188783995807,200.0,0.0004550590820144862,0.09101181640289724,0.3491745872936468,0.08090606331825256,0.028250341268704494,0.0,0.0,0.0
700,0.517746090888977,1.0,0.00029726821230724454,0.00029726821230724454,20.0,0.003594204317778349,0.07188408635556698,20.0,8.377324411412701e-05,0.0016754648822825402,10.0,0.010832803323864937,0.10832803323864937,0.0,0.011349139735102654,0.0,5.24512256128064,0.0012314468622207642,0.006459089720052382,0.0,0.3071860671043396,0.0,500.0,0.0004196436784695834,0.2098218392347917,200.0,0.00045498559484258294,0.09099711896851659,0.34967483741870936,0.08088432997465134,0.028283214933607446,0.0,0.0,0.0
701,0.5175898671150208,1.0,0.000296729092951864,0.000296729092951864,20.0,0.003593641798943281,0.07187283597886562,20.0,8.386174158658832e-05,0.0016772348317317665,10.0,0.010836546309292316,0.10836546309292316,0.0,0.011344332247972488,0.0,5.252626313156578,0.0011840385850518942,0.0062193122276362625,0.0,0.3072047531604767,0.0,500.0,0.0004197173984721303,0.20985869923606515,200.0,0.00045494569349102676,0.09098913869820535,0.3501750875437719,0.08084654062986374,0.02831044444267365,0.0,0.0,0.0
702,0.5183342099189758,1.0,0.00029604946030303836,0.00029604946030303836,20.0,0.0035957335494458675,0.07191467098891735,20.0,8.446656283922493e-05,0.0016893312567844987,10.0,0.01084249559789896,0.1084249559789896,0.0,0.011336290277540684,0.0,5.2601300650325165,0.0011925461003556848,0.006272947596418222,0.0,0.3072194457054138,0.0,500.0,0.0004207951424177736,0.2103975712088868,200.0,0.0004549764562398195,0.0909952912479639,0.3506753376688344,0.08082517981529236,0.028343397223871906,0.0,0.0,0.0
703,0.5174042582511902,1.0,0.00029598636319860816,0.00029598636319860816,20.0,0.003592425025999546,0.07184850051999092,20.0,8.472964691463858e-05,0.0016945929382927716,10.0,0.010843221098184586,0.10843221098184586,0.0,0.01134025864303112,0.0,5.267633816908455,0.0010765108745545149,0.005670665087073058,0.0,0.3072341978549957,0.0,500.0,0.00042019691318273544,0.21009845659136772,200.0,0.000454949215054512,0.0909898430109024,0.35117558779389696,0.08079724758863449,0.02837402091406774,0.0,0.0,0.0
704,0.5172890424728394,1.0,0.0002962169819511473,0.0002962169819511473,20.0,0.003583478508517146,0.07166957017034292,20.0,8.429455192526802e-05,0.0016858910385053605,10.0,0.010841954499483109,0.10841954499483109,0.0,0.011348143219947815,0.0,5.275137568784392,0.0012159512843936682,0.006414310302116673,0.0,0.30725735425949097,0.0,500.0,0.0004187846789136529,0.20939233945682645,200.0,0.00045504566514864564,0.09100913302972913,0.35167583791895946,0.08076201379299164,0.028402048872672895,0.0,0.0,0.0
705,0.517288088798523,1.0,0.0002964363375212997,0.0002964363375212997,20.0,0.0035805064253509045,0.07161012850701809,20.0,8.419449295615777e-05,0.0016838898591231555,10.0,0.010847204364836216,0.10847204364836216,0.0,0.011336078867316246,0.0,5.28264132066033,0.0012392224743962288,0.006546367848736456,0.0,0.30729934573173523,0.0,500.0,0.00041845906525850296,0.20922953262925148,200.0,0.00045511688222177327,0.09102337644435465,0.352176088044022,0.08071613311767578,0.028426292003423587,0.0,0.0,0.0
706,0.5177395343780518,1.0,0.00029612553771585226,0.00029612553771585226,20.0,0.0035830694250762463,0.07166138850152493,20.0,8.445712592219934e-05,0.0016891425184439868,10.0,0.010860969312489033,0.10860969312489033,0.0,0.011305886320769787,0.0,5.290145072536268,0.001207191962748766,0.00638622061334077,0.0,0.30727407336235046,0.0,500.0,0.0004193318891339004,0.2096659445669502,200.0,0.00045490998309105635,0.09098199661821127,0.35267633816908456,0.08066605031490326,0.028449007239623212,0.0,0.0,0.0
707,0.5190364718437195,1.0,0.00029579875990748405,0.00029579875990748405,20.0,0.0035820193588733673,0.07164038717746735,20.0,8.387036359636113e-05,0.0016774072719272226,10.0,0.010873484425246716,0.10873484425246716,0.0,0.011276131495833397,0.0,5.297648824412206,0.001346974866464734,0.0071357998178396866,0.0,0.30723053216934204,0.0,500.0,0.0004202175186946988,0.2101087593473494,200.0,0.0004548511642497033,0.09097023284994066,0.35317658829414705,0.08062039315700531,0.028473235402123934,0.0,0.0,0.0
708,0.5184528827667236,1.0,0.000295802834443748,0.000295802834443748,20.0,0.003578511066734791,0.07157022133469582,20.0,8.227858052123338e-05,0.0016455716104246676,10.0,0.010879446752369404,0.10879446752369404,0.0,0.01125090941786766,0.0,5.305152576288144,0.0012492642272263765,0.006627537333534629,0.0,0.3071748614311218,0.0,500.0,0.0004200768016744405,0.21003840083722025,200.0,0.0004549063160084188,0.09098126320168376,0.3536768384192096,0.08058115094900131,0.028499686703823877,0.0,0.0,0.0
709,0.5186947584152222,1.0,0.00029591971542686224,0.00029591971542686224,20.0,0.0035774684511125088,0.07154936902225018,20.0,8.128879562718794e-05,0.0016257759125437587,10.0,0.010885842144489288,0.10885842144489288,0.0,0.011225936003029346,0.0,5.312656328164082,0.001269191736355424,0.006742779509802202,0.0,0.30713483691215515,0.0,500.0,0.0004202028503641486,0.2101014251820743,200.0,0.0004549063160084188,0.09098126320168376,0.35417708854427216,0.08058064430952072,0.02853981799456762,0.0,0.0,0.0
710,0.5194379687309265,1.0,0.0002958214608952403,0.0002958214608952403,20.0,0.0035774472635239363,0.07154894527047873,20.0,8.367100963369012e-05,0.0016734201926738024,10.0,0.010898604057729244,0.10898604057729244,0.0,0.011227290146052837,0.0,5.32016008004002,0.0012903352035209537,0.006864789839642493,0.0,0.30725225806236267,0.0,500.0,0.0004210937477182597,0.21054687385912985,200.0,0.00045470090117305517,0.09094018023461103,0.35467733866933465,0.0805855318903923,0.028581861986137137,0.0,0.0,0.0
711,0.5205437541007996,1.0,0.00029590411577373743,0.00029590411577373743,20.0,0.00357292452827096,0.0714584905654192,20.0,8.452008478343487e-05,0.0016904016956686974,10.0,0.010901672765612602,0.10901672765612602,0.0,0.011237223632633686,0.0,5.327663831915958,0.001489009940996766,0.007932944408011785,0.0,0.3073679208755493,0.0,500.0,0.00042116810800507665,0.21058405400253832,200.0,0.0004547090793494135,0.0909418158698827,0.3551775887943972,0.08058904856443405,0.028623423952350263,0.0,0.0,0.0
712,0.5189295411109924,1.0,0.000295327918138355,0.000295327918138355,20.0,0.003567490493878722,0.07134980987757444,20.0,7.961799565237015e-05,0.001592359913047403,10.0,0.010894475504755974,0.10894475504755974,0.0,0.01120046153664589,0.0,5.335167583791896,0.0012094106059521437,0.006452408260369991,0.0,0.30713674426078796,0.0,500.0,0.00042123167077079415,0.21061583538539708,200.0,0.00045508815674111247,0.0910176313482225,0.35567783891945975,0.08058247715234756,0.028661401328323722,0.0,0.0,0.0
713,0.518329381942749,1.0,0.0002943276194855571,0.0002943276194855571,20.0,0.0035591567866504192,0.07118313573300838,20.0,7.965430995682254e-05,0.0015930861991364509,10.0,0.010898033156991005,0.10898033156991005,0.0,0.01121265348047018,0.0,5.342671335667834,0.0010571478633210063,0.005647993586927638,0.0,0.3072226047515869,0.0,500.0,0.0004217878740746528,0.2108939370373264,200.0,0.000455207540653646,0.0910415081307292,0.35617808904452225,0.08056368678808212,0.028695020006560514,0.0,0.0,0.0
714,0.5189827084541321,1.0,0.0002933482173830271,0.0002933482173830271,20.0,0.0035482875537127256,0.07096575107425451,20.0,8.14442100818269e-05,0.001628884201636538,10.0,0.010905463248491287,0.10905463248491287,0.0,0.011242860928177834,0.0,5.3501750875437715,0.001107491785660386,0.005925274961299564,0.0,0.3072982132434845,0.0,500.0,0.0004225984448567033,0.21129922242835164,200.0,0.00045541487634181976,0.09108297526836395,0.3566783391695848,0.08055602759122849,0.028732590131338626,0.0,0.0,0.0
715,0.5189006328582764,1.0,0.00029315720894373953,0.00029315720894373953,20.0,0.003536660922691226,0.07073321845382452,20.0,8.230986713897437e-05,0.0016461973427794874,10.0,0.010907096788287163,0.10907096788287163,0.0,0.011268233880400658,0.0,5.35767883941971,0.001208069152198732,0.006472446533290855,0.0,0.30741065740585327,0.0,500.0,0.00042159133590757847,0.21079566795378923,200.0,0.00045561272418126464,0.09112254483625293,0.3571785892946473,0.08053796738386154,0.02876643757482598,0.0,0.0,0.0
716,0.518563449382782,1.0,0.0002939586411230266,0.0002939586411230266,20.0,0.0035342201590538025,0.07068440318107605,20.0,8.232815889641643e-05,0.0016465631779283285,10.0,0.010907929390668869,0.10907929390668869,0.0,0.011257156729698181,0.0,5.365182591295648,0.0013255656231194735,0.007111901604780567,0.0,0.30739152431488037,0.0,500.0,0.0004196836380288005,0.20984181901440024,200.0,0.00045553978998214006,0.09110795799642801,0.35767883941970985,0.08051233738660812,0.028797559395410108,0.0,0.0,0.0
717,0.5182785987854004,1.0,0.0002951191272586584,0.0002951191272586584,20.0,0.003544305916875601,0.07088611833751202,20.0,8.178236021194607e-05,0.0016356472042389214,10.0,0.010913537815213203,0.10913537815213203,0.0,0.011204587295651436,0.0,5.372686343171586,0.0012688725255429745,0.006817254089210379,0.0,0.3072851300239563,0.0,500.0,0.00041931390296667814,0.20965695148333907,200.0,0.00045514109660871327,0.09102821932174265,0.3581790895447724,0.08047342300415039,0.02882389738417793,0.0,0.0,0.0
718,0.5187502503395081,1.0,0.0002949089976027608,0.0002949089976027608,20.0,0.0035594776272773743,0.07118955254554749,20.0,8.159132994478568e-05,0.0016318265988957137,10.0,0.010927991941571236,0.10927991941571236,0.0,0.01114298403263092,0.0,5.380190095047523,0.001133978134021163,0.006101017924661134,0.0,0.3072512447834015,0.0,500.0,0.00042091793147847056,0.21045896573923528,200.0,0.0004547216813080013,0.09094433626160026,0.3586793396698349,0.0804331824183464,0.02884972075735586,0.0,0.0,0.0
719,0.520309329032898,1.0,0.0002945954038295895,0.0002945954038295895,20.0,0.003570424159988761,0.07140848319977522,20.0,8.232294203480706e-05,0.0016464588406961411,10.0,0.010943613015115261,0.10943613015115261,0.0,0.011099180206656456,0.0,5.387693846923462,0.001076732762157917,0.0058011064774591125,0.0,0.3072660267353058,0.0,500.0,0.0004238300025463104,0.2119150012731552,200.0,0.00045466452138498425,0.09093290427699685,0.35917958979489745,0.08039049804210663,0.028874626110171366,0.0,0.0,0.0
720,0.519987940788269,1.0,0.00029505748534575105,0.00029505748534575105,20.0,0.003572927787899971,0.07145855575799942,20.0,8.266848453786224e-05,0.0016533696907572448,10.0,0.010950962081551552,0.10950962081551552,0.0,0.011079751886427402,0.0,5.3951975987994,0.0010358915897086263,0.005588839817412474,0.0,0.30723434686660767,0.0,500.0,0.0004233511572238058,0.2116755786119029,200.0,0.00045454700011759996,0.09090940002351999,0.35967983991996,0.08034218102693558,0.028897462810588637,0.0,0.0,0.0
721,0.5187342166900635,1.0,0.00029628907213918865,0.00029628907213918865,20.0,0.0035663542803376913,0.07132708560675383,20.0,8.287605305667967e-05,0.0016575210611335933,10.0,0.010950013063848019,0.10950013063848019,0.0,0.011088112369179726,0.0,5.402701350675338,0.0011044444981962442,0.005966983782150795,0.0,0.30719542503356934,0.0,500.0,0.00042025360744446516,0.21012680372223258,200.0,0.00045464749564416707,0.09092949912883341,0.3601800900450225,0.08032069355249405,0.028929914636215963,0.0,0.0,0.0
722,0.5199792385101318,1.0,0.00029664006433449686,0.00029664006433449686,20.0,0.0035538123920559883,0.07107624784111977,20.0,8.628743671579286e-05,0.0017257487343158573,10.0,0.01095590740442276,0.1095590740442276,0.0,0.01114202756434679,0.0,5.410205102551275,0.0014128033071756363,0.007643555661382945,0.0,0.3073112666606903,0.0,500.0,0.0004194278735667467,0.20971393678337336,200.0,0.0004549974692054093,0.09099949384108186,0.36068034017008505,0.08030543476343155,0.028964591527981063,0.0,0.0,0.0
723,0.5201532244682312,1.0,0.00029496417846530676,0.00029496417846530676,20.0,0.003539943601936102,0.07079887203872204,20.0,8.527628233423457e-05,0.0017055256466846913,10.0,0.01095864549279213,0.1095864549279213,0.0,0.011173569597303867,0.0,5.417708854427214,0.0014309203252196312,0.007752309715922264,0.0,0.3072871267795563,0.0,500.0,0.0004199759860057384,0.2099879930028692,200.0,0.00045512779615819454,0.09102555923163891,0.3611805902951476,0.08029655367136002,0.02900155665368781,0.0,0.0,0.0
724,0.5188383460044861,1.0,0.00029282475588843226,0.00029282475588843226,20.0,0.003525035222992301,0.07050070445984602,20.0,7.996946078492329e-05,0.0015993892156984657,10.0,0.010952018201351166,0.10952018201351166,0.0,0.011178003624081612,0.0,5.425212606303152,0.0011516192462295294,0.006247779252305776,0.0,0.30709728598594666,0.0,500.0,0.00042091088835150003,0.21045544417575002,200.0,0.0004559190711006522,0.09118381422013044,0.3616808404202101,0.08028678596019745,0.029038192220721737,0.0,0.0,0.0
725,0.5188665986061096,1.0,0.0002917379606515169,0.0002917379606515169,20.0,0.0035087557043880224,0.07017511408776045,20.0,7.789648952893913e-05,0.0015579297905787826,10.0,0.01094754971563816,0.10947549715638161,0.0,0.011210841126739979,0.0,5.432716358179089,0.0011892099864780903,0.006460640546849455,0.0,0.3071102797985077,0.0,500.0,0.0004209659527987242,0.2104829763993621,200.0,0.000456745270639658,0.0913490541279316,0.36218109054527264,0.08027384430170059,0.02907366847145134,0.0,0.0,0.0
726,0.5187724232673645,1.0,0.0002918620884884149,0.0002918620884884149,20.0,0.0034950447734445333,0.06990089546889067,20.0,7.934898894745857e-05,0.0015869797789491713,10.0,0.010947725735604763,0.10947725735604763,0.0,0.011263239197432995,0.0,5.440220110055027,0.0013522570952773094,0.007356576243692216,0.0,0.30723822116851807,0.0,500.0,0.00041934484033845365,0.20967242016922683,200.0,0.00045688089448958635,0.09137617889791727,0.3626813406703352,0.08026400953531265,0.029110258585843762,0.0,0.0,0.0
727,0.5188618302345276,1.0,0.00029293796978890896,0.00029293796978890896,20.0,0.003493449417874217,0.06986898835748434,20.0,8.117685501929373e-05,0.0016235371003858745,10.0,0.010953415185213089,0.10953415185213089,0.0,0.011274057440459728,0.0,5.447723861930966,0.0014305651420727372,0.007793323860516312,0.0,0.30728864669799805,0.0,500.0,0.0004186113364994526,0.2093056682497263,200.0,0.0004564827249851078,0.09129654499702156,0.3631815907953977,0.08025365322828293,0.029146649446589998,0.0,0.0,0.0
728,0.5188120007514954,1.0,0.0002945337619166821,0.0002945337619166821,20.0,0.003507505636662245,0.0701501127332449,20.0,8.194588008336723e-05,0.0016389176016673446,10.0,0.010962432250380516,0.10962432250380516,0.0,0.011223823763430119,0.0,5.455227613806904,0.001400232082232833,0.00763858472073489,0.0,0.30728986859321594,0.0,500.0,0.00041832670103758574,0.20916335051879287,200.0,0.0004556323983706534,0.09112647967413068,0.36368184092046024,0.0802231878042221,0.02917571662514731,0.0,0.0,0.0
729,0.5185320377349854,1.0,0.00029568455647677183,0.00029568455647677183,20.0,0.0035341798793524504,0.07068359758704901,20.0,8.171583613147959e-05,0.0016343167226295918,10.0,0.010976933874189854,0.10976933874189854,0.0,0.01112417597323656,0.0,5.462731365682841,0.0012182553764432669,0.006655001856308391,0.0,0.30736905336380005,0.0,500.0,0.0004186230362392962,0.2093115181196481,200.0,0.000454890716355294,0.0909781432710588,0.36418209104552274,0.08019188046455383,0.02920444671245382,0.0,0.0,0.0
730,0.5202516913414001,1.0,0.0002952181384898722,0.0002952181384898722,20.0,0.003557908348739147,0.07115816697478294,20.0,8.118567347992212e-05,0.0016237134695984423,10.0,0.01099585834890604,0.1099585834890604,0.0,0.01102683786302805,0.0,5.470235117558779,0.0010382498148828745,0.005679470598171202,0.0,0.30720728635787964,0.0,500.0,0.00042267312528565526,0.21133656264282763,200.0,0.00045483227586373687,0.09096645517274737,0.3646823411705853,0.08016154915094376,0.029233501416227114,0.0,0.0,0.0
731,0.5236905813217163,1.0,0.00029485722188837826,0.00029485722188837826,20.0,0.003568753134459257,0.07137506268918514,20.0,8.072552009252831e-05,0.0016145104018505663,10.0,0.011006164364516735,0.11006164364516735,0.0,0.010968185029923916,0.0,5.4777388694347176,0.0011857037898153067,0.006494975737107358,0.0,0.30712470412254333,0.0,500.0,0.00042713290895335376,0.21356645447667688,200.0,0.0004551111487671733,0.09102222975343466,0.36518259129564784,0.08012665808200836,0.029260860630248176,0.0,0.0,0.0
732,0.521368145942688,1.0,0.00029545099823735654,0.00029545099823735654,20.0,0.0035590659826993942,0.07118131965398788,20.0,7.926141552161425e-05,0.001585228310432285,10.0,0.011003540828824043,0.11003540828824043,0.0,0.01095761451870203,0.0,5.485242621310656,0.0010400417959317565,0.0057048815869893505,0.0,0.307064026594162,0.0,500.0,0.00042453204514458776,0.21226602257229388,200.0,0.00045506760943681,0.091013521887362,0.36568284142071034,0.08008655160665512,0.029286277751107998,0.0,0.0,0.0
733,0.5205522775650024,1.0,0.00029590720077976584,0.00029590720077976584,20.0,0.003536621807143092,0.07073243614286184,20.0,8.368814451387152e-05,0.0016737628902774304,10.0,0.011007196269929409,0.11007196269929409,0.0,0.011032087728381157,0.0,5.492746373186593,0.0012715698685497046,0.0069844107837297425,0.0,0.3072832226753235,0.0,500.0,0.0004209648468531668,0.2104824234265834,200.0,0.0004550002049654722,0.09100004099309444,0.3661830915457729,0.08004558831453323,0.029311340993615972,0.0,0.0,0.0
734,0.5216494202613831,1.0,0.0002945468877442181,0.0002945468877442181,20.0,0.0035056453198194504,0.07011290639638901,20.0,8.536879613529891e-05,0.0017073759227059782,10.0,0.011007467284798622,0.11007467284798622,0.0,0.011111781001091003,0.0,5.500250125062531,0.0015727166319265962,0.008650334851442183,0.0,0.307475209236145,0.0,500.0,0.00042062392458319664,0.21031196229159832,200.0,0.0004557708161883056,0.09115416323766112,0.36668334167083544,0.0800241082906723,0.029343507442252528,0.0,0.0,0.0
735,0.520533561706543,1.0,0.00029205664759501815,0.00029205664759501815,20.0,0.0034775263629853725,0.06955052725970745,20.0,8.328854892170057e-05,0.0016657709784340113,10.0,0.01100178062915802,0.1100178062915802,0.0,0.011164790950715542,0.0,5.5077538769384695,0.0014830837026238441,0.008168460012950738,0.0,0.3074301779270172,0.0,500.0,0.00042017153464257717,0.21008576732128859,200.0,0.0004568636941257864,0.09137273882515728,0.36718359179589793,0.08001574873924255,0.02938047002231317,0.0,0.0,0.0
736,0.519446849822998,1.0,0.000290155119728297,0.000290155119728297,20.0,0.0034616410266608,0.069232820533216,20.0,7.823875057511032e-05,0.0015647750115022063,10.0,0.010993607342243195,0.10993607342243195,0.0,0.011159463785588741,0.0,5.515257628814407,0.001323910430073738,0.007301707099331147,0.0,0.3072138726711273,0.0,500.0,0.00042034286889247596,0.21017143444623798,200.0,0.00045766597031615674,0.09153319406323135,0.3676838419209605,0.08000543713569641,0.02941670650061874,0.0,0.0,0.0
737,0.519997775554657,1.0,0.0002897453377954662,0.0002897453377954662,20.0,0.0034586999099701643,0.06917399819940329,20.0,7.60706898290664e-05,0.001521413796581328,10.0,0.010991749353706837,0.10991749353706837,0.0,0.011145178228616714,0.0,5.522761380690345,0.0013553299941122532,0.007485164149574425,0.0,0.30717048048973083,0.0,500.0,0.00042115990072488785,0.21057995036244392,200.0,0.0004578574444167316,0.09157148888334632,0.36818409204602304,0.080010324716568,0.02945852876007706,0.0,0.0,0.0
738,0.5194630026817322,1.0,0.0002905268338508904,0.0002905268338508904,20.0,0.003460691776126623,0.06921383552253246,20.0,7.746777555439621e-05,0.0015493555110879242,10.0,0.01099733542650938,0.1099733542650938,0.0,0.011145714670419693,0.0,5.530265132566283,0.0013634341303259134,0.007540152231492233,0.0,0.3072647154331207,0.0,500.0,0.00041987482109107077,0.20993741054553539,200.0,0.0004573071491904557,0.09146142983809114,0.36868434217108553,0.08000598102807999,0.02949695248509002,0.0,0.0,0.0
739,0.519719660282135,1.0,0.00029191066278144717,0.00029191066278144717,20.0,0.003470346098765731,0.06940692197531462,20.0,8.204455662053078e-05,0.0016408911324106157,10.0,0.011011442169547081,0.11011442169547081,0.0,0.01114586926996708,0.0,5.5377688844422215,0.0013738860143348575,0.007608263220953914,0.0,0.3074539601802826,0.0,500.0,0.0004196992376819253,0.20984961884096265,200.0,0.00045638708979822695,0.09127741795964539,0.3691845922961481,0.07998758554458618,0.029530184158031318,0.0,0.0,0.0
740,0.5212094187736511,1.0,0.0002939032856374979,0.0002939032856374979,20.0,0.0034878007136285305,0.06975601427257061,20.0,8.523174619767815e-05,0.001704634923953563,10.0,0.011020825244486332,0.11020825244486332,0.0,0.011114565655589104,0.0,5.545272636318159,0.0015414406079798937,0.008547708423940531,0.0,0.3075903356075287,0.0,500.0,0.0004200151306577027,0.21000756532885134,200.0,0.0004556473868433386,0.09112947736866772,0.3696848424212106,0.07996510714292526,0.029561888033327547,0.0,0.0,0.0
741,0.5197811722755432,1.0,0.00029522553086280823,0.00029522553086280823,20.0,0.0035055307671427727,0.07011061534285545,20.0,8.416628406848758e-05,0.0016833256813697517,10.0,0.011022068560123444,0.11022068560123444,0.0,0.011048073880374432,0.0,5.552776388194097,0.0013415953144431114,0.0074495787845515445,0.0,0.30746152997016907,0.0,500.0,0.0004187724262010306,0.2093862131005153,200.0,0.000455217290436849,0.0910434580873698,0.37018509254627313,0.07993845641613007,0.02959202488641133,0.0,0.0,0.0
742,0.519562840461731,1.0,0.000295208883471787,0.000295208883471787,20.0,0.0035218466073274612,0.07043693214654922,20.0,8.22718720883131e-05,0.001645437441766262,10.0,0.011025292798876762,0.11025292798876762,0.0,0.010974293574690819,0.0,5.560280140070035,0.0012127531226724386,0.006743247102803479,0.0,0.30731528997421265,0.0,500.0,0.000418991781771183,0.2094958908855915,200.0,0.00045537238474935293,0.09107447694987059,0.3706853426713357,0.07990272343158722,0.029618768415610872,0.0,0.0,0.0
743,0.5207808613777161,1.0,0.0002947499160654843,0.0002947499160654843,20.0,0.0035296673886477947,0.0705933477729559,20.0,8.134146628435701e-05,0.0016268293256871402,10.0,0.01103123277425766,0.1103123277425766,0.0,0.010917916893959045,0.0,5.567783891945973,0.0011700064642354846,0.006514343145042993,0.0,0.3071545362472534,0.0,500.0,0.0004213307402096689,0.21066537010483444,200.0,0.00045563222374767065,0.09112644474953413,0.3711855927963982,0.0798722580075264,0.02964743143651055,0.0,0.0,0.0
744,0.5216414332389832,1.0,0.00029463323880918324,0.00029463323880918324,20.0,0.0035306510981172323,0.07061302196234465,20.0,8.424509724136442e-05,0.0016849019448272884,10.0,0.011040608398616314,0.11040608398616314,0.0,0.010906461626291275,0.0,5.575287643821911,0.001121243229135871,0.006251253521120201,0.0,0.3072110712528229,0.0,500.0,0.0004232157953083515,0.21160789765417576,200.0,0.00045550480717793107,0.09110096143558621,0.37168584292146073,0.07985955476760864,0.029682665929131175,0.0,0.0,0.0
745,0.5210305452346802,1.0,0.000294955272693187,0.000294955272693187,20.0,0.0035212670918554068,0.07042534183710814,20.0,8.558527042623609e-05,0.0017117054085247219,10.0,0.011039176024496555,0.11039176024496555,0.0,0.01091853342950344,0.0,5.582791395697849,0.0011689107632264495,0.006525784951279228,0.0,0.3072623312473297,0.0,500.0,0.00042175594717264175,0.21087797358632088,200.0,0.0004554236074909568,0.09108472149819136,0.3721860930465233,0.07984798401594162,0.029718309208534553,0.0,0.0,0.0
746,0.5195750594139099,1.0,0.0002950780326500535,0.0002950780326500535,20.0,0.0035053412429988384,0.07010682485997677,20.0,8.498836541548371e-05,0.0016997673083096743,10.0,0.01103113777935505,0.11031137779355049,0.0,0.010933580808341503,0.0,5.590295147573787,0.0011064494028687477,0.006185378727893075,0.0,0.30714666843414307,0.0,500.0,0.00042006696457974613,0.21003348228987306,200.0,0.00045594904804602265,0.09118980960920453,0.3726863431715858,0.07983487844467163,0.02975336890509273,0.0,0.0,0.0
747,0.5198003649711609,1.0,0.00029427657136693597,0.00029427657136693597,20.0,0.003485966008156538,0.06971932016313076,20.0,8.396652992814779e-05,0.0016793305985629559,10.0,0.011027693748474121,0.11027693748474121,0.0,0.010951761156320572,0.0,5.5977988994497245,0.0012115221470594406,0.006781857341468304,0.0,0.3072082996368408,0.0,500.0,0.0004199576796963811,0.20997883984819055,200.0,0.000456412963103503,0.0912825926207006,0.37318659329664833,0.0798184722661972,0.02978718374716514,0.0,0.0,0.0
748,0.5195097327232361,1.0,0.00029259143047966063,0.00029259143047966063,20.0,0.0034694732166826725,0.06938946433365345,20.0,8.341571083292365e-05,0.001668314216658473,10.0,0.011032888665795326,0.11032888665795326,0.0,0.010965134017169476,0.0,5.605302651325663,0.0010807083453983068,0.0060576973537709,0.0,0.30703815817832947,0.0,500.0,0.0004212548956274986,0.2106274478137493,200.0,0.0004566318239085376,0.09132636478170753,0.3736868434217109,0.07979670912027359,0.029818980346595487,0.0,0.0,0.0
749,0.5213576555252075,1.0,0.00029116321820765734,0.00029116321820765734,20.0,0.0034591718576848507,0.06918343715369701,20.0,8.340344356838614e-05,0.0016680688713677227,10.0,0.01104052271693945,0.1104052271693945,0.0,0.010968783870339394,0.0,5.612806403201601,0.0011685717618092895,0.006558967067283756,0.0,0.30703943967819214,0.0,500.0,0.00042385084088891745,0.21192542044445872,200.0,0.0004573601472657174,0.09147202945314348,0.3741870935467734,0.07978183031082153,0.029853331201848177,0.0,0.0,0.0
750,0.5203839540481567,1.0,0.00029120477847754955,0.00029120477847754955,20.0,0.0034477277658879757,0.06895455531775951,20.0,8.249432721640915e-05,0.001649886544328183,10.0,0.011039581149816513,0.11039581149816513,0.0,0.010980664752423763,0.0,5.620310155077539,0.0011837688507512212,0.006653148093141556,0.0,0.30707764625549316,0.0,500.0,0.00042196866706945,0.210984333534725,200.0,0.0004578431835398078,0.09156863670796156,0.3746873436718359,0.07976353913545609,0.029886388600528568,0.0,0.0,0.0
751,0.5199280977249146,1.0,0.00029210903448984027,0.00029210903448984027,20.0,0.0034434180706739426,0.06886836141347885,20.0,8.206849452108145e-05,0.001641369890421629,10.0,0.011037011630833149,0.11037011630833149,0.0,0.010987856425344944,0.0,5.6278139069534765,0.001295644324272871,0.007291645146608203,0.0,0.3070540726184845,0.0,500.0,0.00041998643428087234,0.20999321714043617,200.0,0.00045776570914313197,0.0915531418286264,0.3751875937968984,0.07974185794591904,0.02991815580762345,0.0,0.0,0.0
752,0.5195347666740417,1.0,0.00029307097429409623,0.00029307097429409623,20.0,0.0034504856448620558,0.06900971289724112,20.0,8.3786784671247e-05,0.0016757356934249401,10.0,0.011042896658182144,0.11042896658182144,0.0,0.010983576066792011,0.0,5.635317658829415,0.0012587426463142037,0.0070934146626961,0.0,0.3070855140686035,0.0,500.0,0.0004192467895336449,0.20962339476682246,200.0,0.0004573017358779907,0.09146034717559814,0.375687843921961,0.07972081005573273,0.029950139245550414,0.0,0.0,0.0
753,0.521104097366333,1.0,0.00029319553868845105,0.00029319553868845105,20.0,0.003470005001872778,0.06940010003745556,20.0,8.566479664295912e-05,0.0017132959328591824,10.0,0.011055411770939827,0.11055411770939827,0.0,0.010945817455649376,0.0,5.642821410705353,0.0013197573134675622,0.007447154825369736,0.0,0.30706846714019775,0.0,500.0,0.00042071723146364093,0.21035861573182046,200.0,0.00045680112089030445,0.09136022417806089,0.3761880940470235,0.07968723028898239,0.02997738728229853,0.0,0.0,0.0
754,0.5207822918891907,1.0,0.00029384077060967684,0.00029384077060967684,20.0,0.0034797871485352516,0.06959574297070503,20.0,8.617289131507277e-05,0.0017234578263014555,10.0,0.011059477925300598,0.11059477925300598,0.0,0.010927888564765453,0.0,5.65032516258129,0.001248305314220488,0.007053330927523968,0.0,0.30708184838294983,0.0,500.0,0.00042049249168485403,0.21024624584242702,200.0,0.0004563390393741429,0.09126780787482858,0.376688344172086,0.07966022193431854,0.03000707709681934,0.0,0.0,0.0
755,0.51902174949646,1.0,0.0002946176682598889,0.0002946176682598889,20.0,0.00347849796526134,0.0695699593052268,20.0,8.528551552444696e-05,0.0017057103104889393,10.0,0.011056618764996529,0.11056618764996529,0.0,0.010926581919193268,0.0,5.6578289144572285,0.0011076792143285275,0.006267059486771209,0.0,0.30717116594314575,0.0,500.0,0.0004187306622043252,0.2093653311021626,200.0,0.00045607087668031454,0.09121417533606291,0.37718859429714857,0.07963842153549194,0.03003870427101597,0.0,0.0,0.0
756,0.5200534462928772,1.0,0.00029479427030310035,0.00029479427030310035,20.0,0.003471454605460167,0.06942909210920334,20.0,8.448011794826016e-05,0.0016896023589652032,10.0,0.011058446951210499,0.11058446951210499,0.0,0.010930364951491356,0.0,5.665332666333167,0.0013573383912444115,0.007689773527185073,0.0,0.3071724474430084,0.0,500.0,0.0004181056865490973,0.20905284327454865,200.0,0.0004562436952255666,0.09124873904511333,0.3776888444222111,0.0796002522110939,0.030064127273324612,0.0,0.0,0.0
757,0.5193058848381042,1.0,0.0002940107951872051,0.0002940107951872051,20.0,0.003466739086434245,0.0693347817286849,20.0,8.34645761642605e-05,0.0016692915232852101,10.0,0.011068626306951046,0.11068626306951046,0.0,0.010912636294960976,0.0,5.672836418209105,0.0011582011356949806,0.006570285582181631,0.0,0.3070586323738098,0.0,500.0,0.0004187838057987392,0.2093919028993696,200.0,0.00045636185677722096,0.09127237135544419,0.3781890945472736,0.07955535501241684,0.03008696767853283,0.0,0.0,0.0
758,0.5210378170013428,1.0,0.00029297993751242757,0.00029297993751242757,20.0,0.0034613977186381817,0.06922795437276363,20.0,8.281048212666065e-05,0.001656209642533213,10.0,0.011080578900873661,0.11080578900873661,0.0,0.010896686464548111,0.0,5.680340170085042,0.001297330018132925,0.00736927581585761,0.0,0.30698978900909424,0.0,500.0,0.0004205576842650771,0.21027884213253856,200.0,0.00045649000094272196,0.09129800018854439,0.37868934467233617,0.07950782775878906,0.030108767190296808,0.0,0.0,0.0
759,0.520768404006958,1.0,0.00029261907911859453,0.00029261907911859453,20.0,0.0034541920758783817,0.06908384151756763,20.0,8.157148113241419e-05,0.0016314296226482838,10.0,0.011086857877671719,0.11086857877671719,0.0,0.010885249823331833,0.0,5.68784392196098,0.0012289398582652211,0.006990018103289427,0.0,0.30692166090011597,0.0,500.0,0.0004208612663205713,0.21043063316028565,200.0,0.00045669160317629576,0.09133832063525915,0.3791895947973987,0.07946673780679703,0.03013296010883049,0.0,0.0,0.0
760,0.5212474465370178,1.0,0.00029283412732183933,0.00029283412732183933,20.0,0.0034449822269380093,0.06889964453876019,20.0,8.056771184783429e-05,0.0016113542369566858,10.0,0.011087270453572273,0.11087270453572273,0.0,0.010891905054450035,0.0,5.695347673836919,0.0014323992654681206,0.008158011824589572,0.0,0.3069134056568146,0.0,500.0,0.000419763004174456,0.209881502087228,200.0,0.0004568711738102138,0.09137423476204276,0.3796898449224612,0.07942575961351395,0.030157154350503795,0.0,0.0,0.0
761,0.5207741856575012,1.0,0.00029291477403603494,0.00029291477403603494,20.0,0.003443052526563406,0.06886105053126812,20.0,8.034759957809001e-05,0.0016069519915618002,10.0,0.011089231818914413,0.11089231818914413,0.0,0.010890737175941467,0.0,5.702851425712857,0.0013726456090807915,0.007827993968744885,0.0,0.3069927990436554,0.0,500.0,0.00041951984167099,0.209759920835495,200.0,0.00045676142326556146,0.09135228465311229,0.38019009504752377,0.07938338816165924,0.0301807778903757,0.0,0.0,0.0
762,0.5207133889198303,1.0,0.0002925049629993737,0.0002925049629993737,20.0,0.0034453379921615124,0.06890675984323025,20.0,8.08838740340434e-05,0.001617677480680868,10.0,0.011094735935330391,0.11094735935330391,0.0,0.010885822586715221,0.0,5.710355177588794,0.0012826018501073122,0.007324112115545256,0.0,0.30705025792121887,0.0,500.0,0.00042023492278531194,0.21011746139265597,200.0,0.00045651488471776247,0.0913029769435525,0.3806903451725863,0.07934141159057617,0.030204509364896683,0.0,0.0,0.0
763,0.5201248526573181,1.0,0.0002925727458205074,0.0002925727458205074,20.0,0.003445154055953026,0.06890308111906052,20.0,8.174912363756448e-05,0.0016349824727512896,10.0,0.011096478439867496,0.11096478439867496,0.0,0.010896244086325169,0.0,5.717858929464732,0.0011809549760073423,0.006752533954859391,0.0,0.30709031224250793,0.0,500.0,0.000420115829911083,0.2100579149555415,200.0,0.000456425070296973,0.0912850140593946,0.3811905952976488,0.07931452244520187,0.03023395002663523,0.0,0.0,0.0
764,0.5201160907745361,1.0,0.0002928331959992647,0.0002928331959992647,20.0,0.0034425477497279644,0.06885095499455929,20.0,8.194807742256671e-05,0.0016389615484513342,10.0,0.01109473779797554,0.1109473779797554,0.0,0.010908632539212704,0.0,5.725362681340671,0.001239073695614934,0.007094146296304612,0.0,0.3071305453777313,0.0,500.0,0.00041946006240323186,0.20973003120161593,200.0,0.00045646526268683374,0.09129305253736675,0.38169084542271137,0.07930170744657516,0.0302687357587478,0.0,0.0,0.0
765,0.5200358629226685,1.0,0.0002930244372691959,0.0002930244372691959,20.0,0.003444693051278591,0.06889386102557182,20.0,8.187191269826144e-05,0.0016374382539652288,10.0,0.011096539907157421,0.11096539907157421,0.0,0.010896526277065277,0.0,5.732866433216608,0.0012142170453444123,0.0069609441418944295,0.0,0.3071579039096832,0.0,500.0,0.00041940080700442195,0.20970040350221097,200.0,0.0004564046976156533,0.09128093952313066,0.38219109554777386,0.0792897567152977,0.030303838984736087,0.0,0.0,0.0
766,0.5198658108711243,1.0,0.0002931538037955761,0.0002931538037955761,20.0,0.0034484583884477615,0.06896916776895523,20.0,8.127550245262682e-05,0.0016255100490525365,10.0,0.011099961586296558,0.11099961586296558,0.0,0.01087083201855421,0.0,5.740370185092546,0.0011583541054278612,0.006649381370577643,0.0,0.30719441175460815,0.0,500.0,0.00041946559213101864,0.20973279606550932,200.0,0.00045627966756001115,0.09125593351200223,0.3826913456728364,0.0792812779545784,0.030340258947099786,0.0,0.0,0.0
767,0.5199968814849854,1.0,0.000292837037704885,0.000292837037704885,20.0,0.0034459936432540417,0.06891987286508083,20.0,8.086011803243309e-05,0.0016172023606486619,10.0,0.011105870828032494,0.11105870828032494,0.0,0.0108575988560915,0.0,5.747873936968484,0.0011515093501657248,0.006618730581993085,0.0,0.3071199953556061,0.0,500.0,0.000419714895542711,0.2098574477713555,200.0,0.00045627914369106293,0.09125582873821259,0.38319159579789897,0.07927177101373672,0.030376276436479405,0.0,0.0,0.0
768,0.5212599635124207,1.0,0.00029230868676677346,0.00029230868676677346,20.0,0.003439032007008791,0.06878064014017582,20.0,8.034725033212453e-05,0.0016069450066424906,10.0,0.011112219654023647,0.11112219654023647,0.0,0.010852214880287647,0.0,5.755377688844423,0.0013455027947202325,0.007743876765010644,0.0,0.3071124851703644,0.0,500.0,0.0004200630937702954,0.2100315468851477,200.0,0.0004563692200463265,0.0912738440092653,0.38369184592296146,0.07925257831811905,0.030408568069033172,0.0,0.0,0.0
769,0.5211607813835144,1.0,0.00029191479552537203,0.00029191479552537203,20.0,0.003431189339607954,0.06862378679215908,20.0,7.918469054857269e-05,0.0015836938109714538,10.0,0.0111134834587574,0.111134834587574,0.0,0.010850605554878712,0.0,5.76288144072036,0.0013529101852327585,0.007796660997439408,0.0,0.3071250319480896,0.0,500.0,0.0004199646646156907,0.20998233230784535,200.0,0.00045654119458049536,0.09130823891609907,0.384192096048024,0.079229436814785,0.03043932339857673,0.0,0.0,0.0
770,0.5211715698242188,1.0,0.0002918386016972363,0.0002918386016972363,20.0,0.0034281364642083645,0.06856272928416729,20.0,7.852418639231473e-05,0.0015704837278462946,10.0,0.011114761233329773,0.11114761233329773,0.0,0.010844131000339985,0.0,5.770385192596298,0.001364108407869935,0.007871430957868785,0.0,0.3071267306804657,0.0,500.0,0.00041983649134635925,0.20991824567317963,200.0,0.0004566932620946318,0.09133865241892636,0.38469234617308656,0.07920759171247482,0.030470554290591867,0.0,0.0,0.0
771,0.5208762288093567,1.0,0.0002915598452091217,0.0002915598452091217,20.0,0.0034294999204576015,0.06858999840915203,20.0,7.89715486462228e-05,0.001579430972924456,10.0,0.011119497008621693,0.11119497008621693,0.0,0.010838880203664303,0.0,5.777888944472236,0.0012550463434308767,0.0072515183925095685,0.0,0.3071281611919403,0.0,500.0,0.00042030325857922435,0.21015162928961217,200.0,0.0004566026327665895,0.0913205265533179,0.38519259629814906,0.07917226850986481,0.030496571662129015,0.0,0.0,0.0
772,0.5203316807746887,1.0,0.0002918597310781479,0.0002918597310781479,20.0,0.0034316014498472214,0.06863202899694443,20.0,8.013107435544953e-05,0.0016026214871089906,10.0,0.011123533360660076,0.11123533360660076,0.0,0.010842477902770042,0.0,5.785392696348174,0.0011700097238644958,0.006768965711101997,0.0,0.3071464002132416,0.0,500.0,0.0004199979593977332,0.2099989796988666,200.0,0.0004564185510389507,0.09128371020779014,0.3856928464232116,0.07912563532590866,0.030518191513894736,0.0,0.0,0.0
773,0.5210177302360535,1.0,0.0002924925065599382,0.0002924925065599382,20.0,0.0034290864132344723,0.06858172826468945,20.0,8.017061918508261e-05,0.0016034123837016523,10.0,0.011124569922685623,0.11124569922685623,0.0,0.010846756398677826,0.0,5.792896448224112,0.00137146539054811,0.007944756989768442,0.0,0.30724868178367615,0.0,500.0,0.0004190391337033361,0.20951956685166806,200.0,0.0004564361006487161,0.09128722012974322,0.38619309654827416,0.0790870189666748,0.030542860751512232,0.0,0.0,0.0
774,0.5203455686569214,1.0,0.0002921056584455073,0.0002921056584455073,20.0,0.003429638920351863,0.06859277840703726,20.0,8.01049973233603e-05,0.0016020999464672059,10.0,0.011131366714835167,0.11131366714835167,0.0,0.010835932567715645,0.0,5.80040020010005,0.001183429965749383,0.006864367410137117,0.0,0.3071865141391754,0.0,500.0,0.00041971798054873943,0.20985899027436972,200.0,0.0004562860121950507,0.09125720243901014,0.38669334667333666,0.07904034852981567,0.030564376895221367,0.0,0.0,0.0
775,0.5211002826690674,1.0,0.000291691831080243,0.000291691831080243,20.0,0.0034317427780479193,0.06863485556095839,20.0,8.019917004276067e-05,0.0016039834008552134,10.0,0.011139975860714912,0.11139975860714912,0.0,0.010816707275807858,0.0,5.807903951975988,0.0011686711804941297,0.006787529967752299,0.0,0.30714163184165955,0.0,500.0,0.00042107264744117856,0.21053632372058928,200.0,0.0004562776884995401,0.09125553769990802,0.3871935967983992,0.0790059044957161,0.030590580330007132,0.0,0.0,0.0
776,0.5210629105567932,1.0,0.0002919254475273192,0.0002919254475273192,20.0,0.003425098955631256,0.06850197911262512,20.0,7.916395406937227e-05,0.0015832790813874453,10.0,0.011140354909002781,0.11140354909002781,0.0,0.010815075598657131,0.0,5.815407703851926,0.00126159586943686,0.007336694338270884,0.0,0.30711543560028076,0.0,500.0,0.0004201286064926535,0.21006430324632674,200.0,0.0004563111870083958,0.09126223740167916,0.3876938469234617,0.07897721976041794,0.03061898214823607,0.0,0.0,0.0
777,0.5205593109130859,1.0,0.000291964941425249,0.000291964941425249,20.0,0.003416366409510374,0.06832732819020748,20.0,7.918955816421658e-05,0.0015837911632843316,10.0,0.011142066679894924,0.11142066679894924,0.0,0.010829460807144642,0.0,5.822911455727864,0.0012298226356506348,0.007161148313643516,0.0,0.3071657717227936,0.0,500.0,0.00041967950528487563,0.20983975264243782,200.0,0.00045642739860340953,0.0912854797206819,0.38819409704852426,0.07895317673683167,0.030649157152466917,0.0,0.0,0.0
778,0.5210698246955872,1.0,0.00029118626844137907,0.00029118626844137907,20.0,0.003415275365114212,0.06830550730228424,20.0,7.934647146612406e-05,0.0015869294293224812,10.0,0.011144466698169708,0.11144466698169708,0.0,0.01083100400865078,0.0,5.830415207603802,0.001252602320164442,0.007303191616566569,0.0,0.3071729838848114,0.0,500.0,0.00042028416646644473,0.21014208323322237,200.0,0.0004565592098515481,0.09131184197030962,0.3886943471735868,0.07894238829612732,0.03068446008308701,0.0,0.0,0.0
779,0.5207117199897766,1.0,0.0002907778834924102,0.0002907778834924102,20.0,0.003413488855585456,0.06826977711170912,20.0,7.919623021734878e-05,0.0015839246043469757,10.0,0.011144086718559265,0.11144086718559265,0.0,0.010832139290869236,0.0,5.83791895947974,0.0011632684618234634,0.006791067008244032,0.0,0.30719125270843506,0.0,500.0,0.00042056560050696135,0.21028280025348067,200.0,0.0004566728603094816,0.09133457206189632,0.3891945972986493,0.0789269283413887,0.030717934091846127,0.0,0.0,0.0
780,0.5208109021186829,1.0,0.00029133170028217137,0.00029133170028217137,20.0,0.003409734694287181,0.06819469388574362,20.0,7.867836393415928e-05,0.0015735672786831856,10.0,0.011139919981360435,0.11139919981360435,0.0,0.010835880413651466,0.0,5.845422711355678,0.0013076721224933863,0.007643896323829524,0.0,0.30720484256744385,0.0,500.0,0.00041923823300749063,0.20961911650374532,200.0,0.00045669678365811706,0.09133935673162341,0.38969484742371185,0.07890729606151581,0.030749766699310063,0.0,0.0,0.0
781,0.5204563140869141,1.0,0.0002917741658166051,0.0002917741658166051,20.0,0.0034160944633185863,0.06832188926637173,20.0,7.929716230137274e-05,0.0015859432460274547,10.0,0.011142052710056305,0.11142052710056305,0.0,0.010820520110428333,0.0,5.852926463231616,0.001225490472279489,0.007172705615642832,0.0,0.3072265088558197,0.0,500.0,0.00041913724271580577,0.20956862135790288,200.0,0.00045655376743525267,0.09131075348705053,0.3901950975487744,0.07889426499605179,0.030784155426173285,0.0,0.0,0.0
782,0.5210450291633606,1.0,0.0002916654630098492,0.0002916654630098492,20.0,0.003423374844714999,0.06846749689429998,20.0,8.059465471887961e-05,0.0016118930943775922,10.0,0.01115110982209444,0.1115110982209444,0.0,0.010801340453326702,0.0,5.860430215107554,0.0011812843149527907,0.006922834291981963,0.0,0.30730247497558594,0.0,500.0,0.0004203168791718781,0.21015843958593905,200.0,0.0004563417169265449,0.09126834338530898,0.3906953476738369,0.07886761426925659,0.030813209977133264,0.0,0.0,0.0
783,0.521157443523407,1.0,0.00029190053464844823,0.00029190053464844823,20.0,0.003421743167564273,0.06843486335128546,20.0,8.032555342651904e-05,0.0016065110685303807,10.0,0.011154300533235073,0.11154300533235073,0.0,0.010792423039674759,0.0,5.867933966983491,0.0012172330170869827,0.007142642966698503,0.0,0.30725163221359253,0.0,500.0,0.0004200554685667157,0.21002773428335786,200.0,0.0004563520196825266,0.09127040393650532,0.39119559779889945,0.07883623242378235,0.030840387071234515,0.0,0.0,0.0
784,0.5213670134544373,1.0,0.0002920504193753004,0.0002920504193753004,20.0,0.0034146502148360014,0.06829300429672003,20.0,7.944396929815412e-05,0.0015888793859630823,10.0,0.011154421605169773,0.11154421605169773,0.0,0.010795746929943562,0.0,5.87543771885943,0.0013179377419874072,0.007743461120381239,0.0,0.307175874710083,0.0,500.0,0.0004194565408397466,0.2097282704198733,200.0,0.0004565180861391127,0.09130361722782254,0.391695847923962,0.07882014662027359,0.030873524163919072,0.0,0.0,0.0
785,0.5206047296524048,1.0,0.0002914383076131344,0.0002914383076131344,20.0,0.003408735617995262,0.06817471235990524,20.0,7.890488632256165e-05,0.001578097726451233,10.0,0.011158776469528675,0.11158776469528675,0.0,0.010798379778862,0.0,5.882941470735368,0.0011520043481141329,0.006777174153988095,0.0,0.3071020841598511,0.0,500.0,0.0004199381801299751,0.20996909006498754,200.0,0.00045661316835321486,0.09132263367064297,0.3921960980490245,0.0787968710064888,0.030903825347217216,0.0,0.0,0.0
786,0.5219693183898926,1.0,0.00029100169194862247,0.00029100169194862247,20.0,0.0034069332759827375,0.06813866551965475,20.0,7.904622179921716e-05,0.0015809244359843433,10.0,0.011166282929480076,0.11166282929480076,0.0,0.01079184003174305,0.0,5.890445222611306,0.0012855271343141794,0.007572327166858161,0.0,0.30711930990219116,0.0,500.0,0.0004209119942970574,0.2104559971485287,200.0,0.00045668549137189984,0.09133709827437997,0.39269634817408705,0.07876438647508621,0.030930486934938807,0.0,0.0,0.0
787,0.5222198367118835,1.0,0.00029123915010131896,0.00029123915010131896,20.0,0.0034033339470624924,0.06806667894124985,20.0,7.891243149060756e-05,0.0015782486298121512,10.0,0.011167136020958424,0.11167136020958424,0.0,0.010796982795000076,0.0,5.897948974487243,0.001393267186358571,0.008217418772970261,0.0,0.30712461471557617,0.0,500.0,0.0004202020645607263,0.21010103228036314,200.0,0.0004566901479847729,0.09133802959695458,0.3931965982991496,0.07872853428125381,0.030955791868466986,0.0,0.0,0.0
788,0.521119236946106,1.0,0.00029182349680922925,0.00029182349680922925,20.0,0.0034019146114587784,0.06803829222917557,20.0,7.831816765246913e-05,0.0015663633530493826,10.0,0.011162995360791683,0.11162995360791683,0.0,0.010799882933497429,0.0,5.9054527263631815,0.0012959629530087113,0.007653247954110974,0.0,0.3070947825908661,0.0,500.0,0.00041924515971913934,0.20962257985956967,200.0,0.00045667693484574556,0.09133538696914911,0.3936968484242121,0.0786939263343811,0.03098155078797295,0.0,0.0,0.0
789,0.5209078192710876,1.0,0.00029151723720133305,0.00029151723720133305,20.0,0.003406154690310359,0.06812309380620718,20.0,7.86757082096301e-05,0.001573514164192602,10.0,0.011165604926645756,0.11165604926645756,0.0,0.01079253014177084,0.0,5.91295647823912,0.0011887759901583195,0.007029180692181759,0.0,0.3070773184299469,0.0,500.0,0.00041982100810855627,0.20991050405427814,200.0,0.00045659305760636926,0.09131861152127385,0.39419709854927465,0.07865454256534576,0.031005392466979722,0.0,0.0,0.0
790,0.5217151045799255,1.0,0.0002911854535341263,0.0002911854535341263,20.0,0.003406628966331482,0.06813257932662964,20.0,7.977589120855555e-05,0.001595517824171111,10.0,0.011170465499162674,0.11170465499162674,0.0,0.010796498507261276,0.0,5.920460230115058,0.0012220500502735376,0.007235098721854587,0.0,0.3071289360523224,0.0,500.0,0.0004208191530779004,0.2104095765389502,200.0,0.00045656791189685464,0.09131358237937093,0.39469734867433715,0.07862459868192673,0.031032920640340262,0.0,0.0,0.0
791,0.520775318145752,1.0,0.00029118964448571205,0.00029118964448571205,20.0,0.0034032179974019527,0.06806435994803905,20.0,7.96362292021513e-05,0.001592724584043026,10.0,0.011169123463332653,0.11169123463332653,0.0,0.010802754200994968,0.0,5.927963981990995,0.0010907984105870128,0.0064662136895728365,0.0,0.30714040994644165,0.0,500.0,0.00042057636892423034,0.21028818446211517,200.0,0.0004565949784591794,0.09131899569183588,0.3951975987993997,0.0785997211933136,0.03106242108189982,0.0,0.0,0.0
792,0.5205908417701721,1.0,0.00029147882014513016,0.00029147882014513016,20.0,0.0034048042725771666,0.06809608545154333,20.0,7.946615369291976e-05,0.0015893230738583952,10.0,0.011169047094881535,0.11169047094881535,0.0,0.010790476575493813,0.0,5.9354677338669335,0.001059090020135045,0.006286194641772041,0.0,0.3071243464946747,0.0,500.0,0.0004204611759632826,0.2102305879816413,200.0,0.00045656319707632065,0.09131263941526413,0.39569784892446225,0.078580342233181,0.031094072389417797,0.0,0.0,0.0
793,0.5207918882369995,1.0,0.00029196322429925203,0.00029196322429925203,20.0,0.003409380093216896,0.06818760186433792,20.0,7.904205267550424e-05,0.0015808410535100847,10.0,0.01117007341235876,0.11170073412358761,0.0,0.010764997452497482,0.0,5.942971485742872,0.0010628654854372144,0.006316579273133621,0.0,0.3071870803833008,0.0,500.0,0.00042056935490109026,0.21028467745054513,200.0,0.0004565218696370721,0.09130437392741442,0.39619809904952474,0.0785594955086708,0.03112512278282505,0.0,0.0,0.0
794,0.5212068557739258,1.0,0.00029207143234089017,0.00029207143234089017,20.0,0.003412076737731695,0.0682415347546339,20.0,7.997929060366005e-05,0.001599585812073201,10.0,0.011177468113601208,0.11177468113601208,0.0,0.010752762667834759,0.0,5.950475237618809,0.0010635729413479567,0.006328764450892418,0.0,0.3072187602519989,0.0,500.0,0.00042108906200155616,0.21054453100077808,200.0,0.00045636066352017224,0.09127213270403445,0.3966983491745873,0.07853204011917114,0.03115353067258765,0.0,0.0,0.0
795,0.52201247215271,1.0,0.00029191342764534056,0.00029191342764534056,20.0,0.0034104869700968266,0.06820973940193653,20.0,8.118672121781856e-05,0.0016237344243563712,10.0,0.011185449548065662,0.11185449548065662,0.0,0.010755451396107674,0.0,5.957978989494747,0.0011349399574100971,0.006761948420587422,0.0,0.307211697101593,0.0,500.0,0.0004216462839394808,0.2108231419697404,200.0,0.0004563297552522272,0.09126595105044544,0.39719859929964985,0.07850358635187149,0.031181514538962465,0.0,0.0,0.0
796,0.5222005248069763,1.0,0.000291833421215415,0.000291833421215415,20.0,0.0034048049710690975,0.06809609942138195,20.0,8.067464659688994e-05,0.0016134929319377989,10.0,0.011187196709215641,0.11187196709215641,0.0,0.010758791118860245,0.0,5.9654827413706855,0.0012064875336363912,0.007197280559586776,0.0,0.3071419894695282,0.0,500.0,0.0004212568746879697,0.21062843734398484,200.0,0.0004564422706607729,0.09128845413215458,0.39769884942471234,0.0784839317202568,0.031212969343473815,0.0,0.0,0.0
797,0.5210538506507874,1.0,0.000291993172140792,0.000291993172140792,20.0,0.003396018873900175,0.0679203774780035,20.0,7.953519525472075e-05,0.001590703905094415,10.0,0.011182828806340694,0.11182828806340694,0.0,0.010777544230222702,0.0,5.972986493246624,0.0011464697308838367,0.006847848217485249,0.0,0.3070864975452423,0.0,500.0,0.00041999900713562965,0.20999950356781483,200.0,0.0004566609568428248,0.09133219136856496,0.3981990995497749,0.07846063375473022,0.03124295371123825,0.0,0.0,0.0
798,0.5209023356437683,1.0,0.0002916025696322322,0.0002916025696322322,20.0,0.0033888823818415403,0.0677776476368308,20.0,7.975050539243966e-05,0.0015950101078487933,10.0,0.011183876544237137,0.11183876544237137,0.0,0.0108067337423563,0.0,5.980490245122561,0.0011604765895754099,0.006940218923648837,0.0,0.3071070611476898,0.0,500.0,0.0004196357913315296,0.2098178956657648,200.0,0.00045684893848374486,0.09136978769674897,0.39869934967483744,0.07843360304832458,0.03127142652802136,0.0,0.0,0.0
799,0.5205512046813965,1.0,0.0002915249206125736,0.0002915249206125736,20.0,0.003387120086699724,0.06774240173399448,20.0,8.014123886823654e-05,0.0016028247773647308,10.0,0.011187605559825897,0.11187605559825897,0.0,0.010821297764778137,0.0,5.987993996998499,0.0011025950079783797,0.00660233228889505,0.0,0.3071383833885193,0.0,500.0,0.00041950895683839917,0.20975447841919959,200.0,0.00045691413106396794,0.09138282621279359,0.39919959979989994,0.07840374112129211,0.03129874207843477,0.0,0.0,0.0
800,0.5216396450996399,1.0,0.00029190664645284414,0.00029190664645284414,20.0,0.0033910716883838177,0.06782143376767635,20.0,8.014777267817408e-05,0.0016029554535634816,10.0,0.011195405386388302,0.11195405386388302,0.0,0.010804283432662487,0.0,5.995497748874437,0.0012422791915014386,0.007448082096120431,0.0,0.30708929896354675,0.0,500.0,0.0004196888767182827,0.20984443835914135,200.0,0.0004567592404782772,0.09135184809565544,0.3996998499249625,0.07837117463350296,0.031324946739454164,0.0,0.0,0.0
801,0.5219021439552307,1.0,0.0002924200380221009,0.0002924200380221009,20.0,0.0033938102424144745,0.06787620484828949,20.0,7.927813567221165e-05,0.001585562713444233,10.0,0.011199448257684708,0.11199448257684708,0.0,0.01078457199037075,0.0,6.003001500750375,0.0012833893997594714,0.0077041884928032295,0.0,0.30705463886260986,0.0,500.0,0.0004195297951810062,0.2097648975905031,200.0,0.0004566753632389009,0.09133507264778018,0.400200100050025,0.07833413034677505,0.031349326802111076,0.0,0.0,0.0
802,0.5228272080421448,1.0,0.0002919836842920631,0.0002919836842920631,20.0,0.003397970227524638,0.06795940455049276,20.0,7.903364166850224e-05,0.0015806728333700448,10.0,0.011205264367163181,0.11205264367163181,0.0,0.010766175575554371,0.0,6.010505252626313,0.001298052491620183,0.007801951319067783,0.0,0.30699947476387024,0.0,500.0,0.0004208302707411349,0.21041513537056744,200.0,0.0004567398864310235,0.0913479772862047,0.40070035017508754,0.07830654084682465,0.03137745833832243,0.0,0.0,0.0
803,0.5225833654403687,1.0,0.0002920265542343259,0.0002920265542343259,20.0,0.003399915061891079,0.06799830123782158,20.0,7.843920320738107e-05,0.0015687840641476214,10.0,0.011206026189029217,0.11206026189029217,0.0,0.010753801092505455,0.0,6.018009004502251,0.0012278960784897208,0.007389489656944143,0.0,0.30696091055870056,0.0,500.0,0.0004210154293105006,0.2105077146552503,200.0,0.00045680926996283233,0.09136185399256647,0.4012006003001501,0.07827739417552948,0.0314049375331539,0.0,0.0,0.0
804,0.5215588808059692,1.0,0.00029241753509268165,0.00029241753509268165,20.0,0.00340130552649498,0.0680261105298996,20.0,7.792916585458443e-05,0.0015585833170916885,10.0,0.011202572844922543,0.11202572844922543,0.0,0.010748634114861488,0.0,6.025512756378189,0.0011014128103852272,0.006636576939014539,0.0,0.30696985125541687,0.0,500.0,0.0004204105935059488,0.2102052967529744,200.0,0.0004569185257423669,0.09138370514847338,0.4017008504252126,0.07824340462684631,0.03143044217876818,0.0,0.0,0.0
805,0.5220814347267151,1.0,0.0002927707100752741,0.0002927707100752741,20.0,0.003401372581720352,0.06802745163440704,20.0,8.122509461827576e-05,0.0016245018923655152,10.0,0.011207809671759605,0.11207809671759605,0.0,0.010773560963571072,0.0,6.033016508254127,0.001172530697658658,0.007073897055409412,0.0,0.3071829378604889,0.0,500.0,0.0004203913267701864,0.2101956633850932,200.0,0.00045662967022508383,0.09132593404501677,0.40220110055027514,0.07822735607624054,0.0314631287070022,0.0,0.0,0.0
806,0.5216088891029358,1.0,0.0002925442822743207,0.0002925442822743207,20.0,0.0033970323856920004,0.06794064771384001,20.0,8.027195872273296e-05,0.0016054391744546592,10.0,0.011206219904124737,0.11206219904124737,0.0,0.010770022869110107,0.0,6.040520260130065,0.0011009545996785164,0.006650338564841463,0.0,0.30712080001831055,0.0,500.0,0.00042041190317831933,0.21020595158915967,200.0,0.000456778216175735,0.091355643235147,0.4027013506753377,0.07821206748485565,0.031496105215262034,0.0,0.0,0.0
807,0.5210047960281372,1.0,0.00029188412008807063,0.00029188412008807063,20.0,0.0033910353668034077,0.06782070733606815,20.0,7.894619920989498e-05,0.0015789239841978997,10.0,0.011206449009478092,0.11206449009478092,0.0,0.010767007246613503,0.0,6.048024012006003,0.0009471215307712555,0.005728213760392436,0.0,0.3070243299007416,0.0,500.0,0.0004212249186821282,0.2106124593410641,200.0,0.0004569087759591639,0.09138175519183278,0.4032016008004002,0.07819000631570816,0.03152633571308693,0.0,0.0,0.0
808,0.5217844843864441,1.0,0.00029115573852322996,0.00029115573852322996,20.0,0.0033810269087553024,0.06762053817510605,20.0,7.885470404289663e-05,0.0015770940808579326,10.0,0.011209089308977127,0.11209089308977127,0.0,0.010788681916892529,0.0,6.055527763881941,0.0010887401876971126,0.006592896434253901,0.0,0.30705636739730835,0.0,500.0,0.00042128804489038885,0.21064402244519442,200.0,0.00045708101242780685,0.09141620248556137,0.40370185092546274,0.07815594226121902,0.031551698551677713,0.0,0.0,0.0
809,0.5218890905380249,1.0,0.0002911257615778595,0.0002911257615778595,20.0,0.003372345818206668,0.06744691636413336,20.0,7.93225335655734e-05,0.0015864506713114679,10.0,0.011210335418581963,0.11210335418581963,0.0,0.010817531496286392,0.0,6.063031515757879,0.0012172101996839046,0.007379983801985454,0.0,0.30712851881980896,0.0,500.0,0.0004201108240522444,0.2100554120261222,200.0,0.00045725266681984067,0.09145053336396813,0.4042021010505253,0.07811751216650009,0.03157526254653931,0.0,0.0,0.0
810,0.5219040513038635,1.0,0.00029137590900063515,0.00029137590900063515,20.0,0.003376537933945656,0.06753075867891312,20.0,7.961367373354733e-05,0.0015922734746709466,10.0,0.011214963160455227,0.11214963160455227,0.0,0.010804463177919388,0.0,6.070535267633817,0.0011932722991332412,0.00724380157577883,0.0,0.3070842921733856,0.0,500.0,0.00042016711086034775,0.21008355543017387,200.0,0.00045706029050052166,0.09141205810010433,0.4047023511755878,0.07808360457420349,0.03160061835944503,0.0,0.0,0.0
811,0.5215566754341125,1.0,0.0002920711413025856,0.0002920711413025856,20.0,0.003383395727723837,0.06766791455447674,20.0,7.909863052191213e-05,0.0015819726104382426,10.0,0.011217797175049782,0.11217797175049782,0.0,0.010777668096125126,0.0,6.078039019509755,0.001139803440310061,0.006927769784776008,0.0,0.30701708793640137,0.0,500.0,0.00041986192809417844,0.20993096404708922,200.0,0.0004567367141135037,0.09134734282270074,0.40520260130065033,0.0780612900853157,0.03163063780345459,0.0,0.0,0.0
812,0.5215228796005249,1.0,0.0002923779538832605,0.0002923779538832605,20.0,0.0033902411814779043,0.06780482362955809,20.0,7.92475912021473e-05,0.001584951824042946,10.0,0.011225122027099133,0.11225122027099133,0.0,0.010751480236649513,0.0,6.085542771385692,0.0010514549212530255,0.006398673895469262,0.0,0.3070071041584015,0.0,500.0,0.0004204721190035343,0.21023605950176716,200.0,0.0004565002163872123,0.09130004327744246,0.40570285142571283,0.0780244767665863,0.03165475270520335,0.0,0.0,0.0
813,0.5229275226593018,1.0,0.0002923480933532119,0.0002923480933532119,20.0,0.0033947546035051346,0.06789509207010269,20.0,8.035294013097882e-05,0.0016070588026195765,10.0,0.01123408880084753,0.1123408880084753,0.0,0.010740719735622406,0.0,6.093046523261631,0.0011755670420825481,0.007162784678622029,0.0,0.30705076456069946,0.0,500.0,0.0004213465435896069,0.21067327179480344,200.0,0.0004563753609545529,0.09127507219091058,0.4062031015507754,0.0779930129647255,0.03168100376556133,0.0,0.0,0.0
814,0.5226202607154846,1.0,0.00029240173171274364,0.00029240173171274364,20.0,0.003396350424736738,0.06792700849473476,20.0,8.026230352697894e-05,0.0016052460705395788,10.0,0.01123674213886261,0.1123674213886261,0.0,0.010733731091022491,0.0,6.100550275137569,0.0011071633780375123,0.006754305850508986,0.0,0.3070908486843109,0.0,500.0,0.00042141330777667463,0.21070665388833731,200.0,0.0004563091788440943,0.09126183576881886,0.40670335167583793,0.07795713096857071,0.03170542645194997,0.0,0.0,0.0
815,0.5214013457298279,1.0,0.00029271148378029466,0.00029271148378029466,20.0,0.0033924183808267117,0.06784836761653423,20.0,7.955513865454122e-05,0.0015911027730908245,10.0,0.011233773082494736,0.11233773082494736,0.0,0.010741984471678734,0.0,6.108054027013507,0.0010267288889735937,0.006271315524946263,0.0,0.3071216642856598,0.0,500.0,0.0004200995899736881,0.21004979498684406,200.0,0.0004564143600873649,0.09128287201747298,0.4072036018009004,0.07791543751955032,0.031727446793853906,0.0,0.0,0.0
816,0.5216603875160217,1.0,0.0002924519940279424,0.0002924519940279424,20.0,0.003387611359357834,0.06775222718715668,20.0,7.981724047567695e-05,0.001596344809513539,10.0,0.011235497891902924,0.11235497891902924,0.0,0.010760104283690453,0.0,6.115557778889444,0.00110641831997782,0.006766365163446147,0.0,0.30711430311203003,0.0,500.0,0.00041967982542701066,0.20983991271350533,200.0,0.00045655883150175214,0.09131176630035043,0.407703851925963,0.07786621153354645,0.03174635437710873,0.0,0.0,0.0
817,0.5223305225372314,1.0,0.00029183930018916726,0.00029183930018916726,20.0,0.0033833475317806005,0.06766695063561201,20.0,8.03256407380104e-05,0.0016065128147602081,10.0,0.011240740306675434,0.11240740306675434,0.0,0.010777012445032597,0.0,6.123061530765383,0.0011572721414268017,0.007086048529796924,0.0,0.30709198117256165,0.0,500.0,0.0004203343705739826,0.2101671852869913,200.0,0.0004566884017549455,0.0913376803509891,0.40820410205102553,0.07782117277383804,0.031766921952702275,0.0,0.0,0.0
818,0.5229177474975586,1.0,0.0002912806230597198,0.0002912806230597198,20.0,0.003378042485564947,0.06756084971129894,20.0,7.983708928804845e-05,0.001596741785760969,10.0,0.011242369189858437,0.11242369189858437,0.0,0.010793652385473251,0.0,6.130565282641321,0.00121682311873883,0.007459813566855609,0.0,0.3071191906929016,0.0,500.0,0.0004208292521070689,0.21041462605353445,200.0,0.0004568875301629305,0.0913775060325861,0.408704352176088,0.07779033482074738,0.03179324839847454,0.0,0.0,0.0
819,0.5215970277786255,1.0,0.0002911731135100126,0.0002911731135100126,20.0,0.003373329294845462,0.06746658589690924,20.0,7.805379573255777e-05,0.0015610759146511555,10.0,0.011239557527005672,0.11239557527005672,0.0,0.01080157421529293,0.0,6.138069034517259,0.0010585730196908116,0.0064975942729395995,0.0,0.30707043409347534,0.0,500.0,0.00042027205927297473,0.21013602963648736,200.0,0.0004571334575302899,0.09142669150605798,0.4092046023011506,0.07776620984077454,0.03182229097036197,0.0,0.0,0.0
820,0.5211341977119446,1.0,0.00029127829475328326,0.00029127829475328326,20.0,0.0033688372932374477,0.06737674586474895,20.0,7.681497663725168e-05,0.0015362995327450335,10.0,0.011240734718739986,0.11240734718739986,0.0,0.010806519538164139,0.0,6.145572786393196,0.0010086228139698505,0.006198564917268441,0.0,0.3070167899131775,0.0,500.0,0.0004199902177788317,0.20999510888941586,200.0,0.0004573728365357965,0.0914745673071593,0.40970485242621313,0.07774925231933594,0.03185424594774194,0.0,0.0,0.0
821,0.5219874382019043,1.0,0.0002914250362664461,0.0002914250362664461,20.0,0.003366864984855056,0.06733729969710112,20.0,7.758911669952795e-05,0.001551782333990559,10.0,0.011250044219195843,0.11250044219195843,0.0,0.010814754292368889,0.0,6.153076538269135,0.001137556741014123,0.006999473694083898,0.0,0.3070978820323944,0.0,500.0,0.00041995570063591003,0.20997785031795502,200.0,0.0004572336620185524,0.09144673240371048,0.4102051025512756,0.07772308588027954,0.03188240641412167,0.0,0.0,0.0
822,0.5233763456344604,1.0,0.0002917115925811231,0.0002917115925811231,20.0,0.0033771393354982138,0.06754278670996428,20.0,7.913331501185894e-05,0.0015826663002371788,10.0,0.01126499567180872,0.1126499567180872,0.0,0.010788443498313427,0.0,6.160580290145073,0.0011626792838796973,0.007162779080029251,0.0,0.3070870041847229,0.0,500.0,0.00042171054519712925,0.21085527259856462,200.0,0.0004568655276671052,0.09137310553342104,0.4107053526763382,0.0777151957154274,0.03191804686461525,0.0,0.0,0.0
823,0.5231920480728149,1.0,0.00029240548610687256,0.00029240548610687256,20.0,0.003383934497833252,0.06767868995666504,20.0,7.896107126725838e-05,0.0015792214253451675,10.0,0.011271433904767036,0.11271433904767036,0.0,0.01076257973909378,0.0,6.16808404202101,0.0011058137752115726,0.00682075230032951,0.0,0.3070532977581024,0.0,500.0,0.00042164092883467674,0.21082046441733837,200.0,0.0004566616262309253,0.09133232524618506,0.4112056028014007,0.07770776748657227,0.03195386937166704,0.0,0.0,0.0
824,0.5228889584541321,1.0,0.0002933121286332607,0.0002933121286332607,20.0,0.0033828846644610167,0.06765769328922033,20.0,7.852162525523454e-05,0.0015704325051046908,10.0,0.011269532144069672,0.11269532144069672,0.0,0.010767241008579731,0.0,6.175587793896948,0.0011948400642722845,0.007378839716578965,0.0,0.30713358521461487,0.0,500.0,0.00041997735388576984,0.20998867694288492,200.0,0.0004565822600852698,0.09131645201705396,0.4117058529264632,0.07769674807786942,0.03198820593701177,0.0,0.0,0.0
825,0.5223426818847656,1.0,0.00029287379584275186,0.00029287379584275186,20.0,0.0033783249091356993,0.06756649818271399,20.0,7.786520291119814e-05,0.0015573040582239628,10.0,0.01126841176301241,0.11268411763012409,0.0,0.010778517462313175,0.0,6.1830915457728866,0.0011410820297896862,0.007055414651425974,0.0,0.3070236146450043,0.0,500.0,0.00041964318370446563,0.2098215918522328,200.0,0.0004566993738990277,0.09133987477980554,0.4122061030515258,0.07769172638654709,0.032025003773143976,0.0,0.0,0.0
826,0.5240380764007568,1.0,0.0002911768388003111,0.0002911768388003111,20.0,0.003373702522367239,0.06747405044734478,20.0,7.818033191142604e-05,0.0015636066382285208,10.0,0.01126901526004076,0.1126901526004076,0.0,0.010802477598190308,0.0,6.190595297648825,0.0012460791040211916,0.00771397144185205,0.0,0.3070504069328308,0.0,500.0,0.00042165210470557213,0.21082605235278606,200.0,0.00045711599523201585,0.09142319904640317,0.41270635317658827,0.07767233997583389,0.03205586817411854,0.0,0.0,0.0
827,0.5234501957893372,1.0,0.00029075745260342956,0.00029075745260342956,20.0,0.003366248682141304,0.06732497364282608,20.0,7.79249967308715e-05,0.00155849993461743,10.0,0.011265021748840809,0.11265021748840809,0.0,0.010831030085682869,0.0,6.198099049524762,0.0012382545974105597,0.007674824643280057,0.0,0.30712300539016724,0.0,500.0,0.0004208101308904588,0.2104050654452294,200.0,0.00045729620615020394,0.09145924123004079,0.4132066033016508,0.0776527002453804,0.0320866085055949,0.0,0.0,0.0
828,0.5219376087188721,1.0,0.00029123754939064384,0.00029123754939064384,20.0,0.003359572496265173,0.06719144992530346,20.0,7.809918315615505e-05,0.001561983663123101,10.0,0.011259779334068298,0.11259779334068298,0.0,0.010864210315048695,0.0,6.2056028014007,0.0012100206222385168,0.007508907363115959,0.0,0.30716535449028015,0.0,500.0,0.0004184147110208869,0.20920735551044345,200.0,0.0004573400365188718,0.09146800730377436,0.4137068534267134,0.07761739939451218,0.03211085007466812,0.0,0.0,0.0
829,0.5220617055892944,1.0,0.0002917756501119584,0.0002917756501119584,20.0,0.0033630437683314085,0.06726087536662817,20.0,7.867322710808367e-05,0.0015734645421616733,10.0,0.011264834553003311,0.11264834553003311,0.0,0.010858231224119663,0.0,6.2131065532766385,0.0012561732437461615,0.0078047382127700475,0.0,0.3071557581424713,0.0,500.0,0.0004178342642262578,0.2089171321131289,200.0,0.0004571862518787384,0.09143725037574768,0.41420710355177587,0.07756538689136505,0.032128134240145205,0.0,0.0,0.0
830,0.5224332809448242,1.0,0.00029191497014835477,0.00029191497014835477,20.0,0.0033701478969305754,0.06740295793861151,20.0,7.944706158014014e-05,0.0015889412316028029,10.0,0.011280798353254795,0.11280798353254795,0.0,0.0108284130692482,0.0,6.220610305152576,0.0012168274261057377,0.007569409226425636,0.0,0.3071289658546448,0.0,500.0,0.0004185123252682388,0.2092561626341194,200.0,0.0004568668664433062,0.09137337328866124,0.4147073536768384,0.07750645279884338,0.03214249593308713,0.0,0.0,0.0
831,0.5241257548332214,1.0,0.00029176281532272696,0.00029176281532272696,20.0,0.0033752210438251495,0.06750442087650299,20.0,8.041855471674353e-05,0.0016083710943348706,10.0,0.011297856457531452,0.11297856457531452,0.0,0.01080735307186842,0.0,6.228114057028514,0.0013065093662589788,0.008137089349636962,0.0,0.3071674406528473,0.0,500.0,0.0004202413547318429,0.21012067736592144,200.0,0.0004566493444144726,0.09132986888289452,0.41520760380190097,0.07744316756725311,0.03215499203642826,0.0,0.0,0.0
832,0.5236642360687256,1.0,0.0002923641004599631,0.0002923641004599631,20.0,0.003377748653292656,0.06755497306585312,20.0,7.965714030433446e-05,0.0015931428060866892,10.0,0.01130569539964199,0.1130569539964199,0.0,0.010786520317196846,0.0,6.235617808904452,0.0012921951711177826,0.008057635221602381,0.0,0.3072490692138672,0.0,500.0,0.00041925269761122763,0.20962634880561382,200.0,0.00045653898268938065,0.09130779653787613,0.41570785392696347,0.0773981511592865,0.03217501931634171,0.0,0.0,0.0
833,0.5222734212875366,1.0,0.00029309402452781796,0.00029309402452781796,20.0,0.003378240391612053,0.06756480783224106,20.0,7.853534043533728e-05,0.0015707068087067455,10.0,0.011307446286082268,0.11307446286082268,0.0,0.010778450407087803,0.0,6.2431215607803905,0.0011670086532831192,0.007285776884929129,0.0,0.3071924149990082,0.0,500.0,0.0004179445095360279,0.20897225476801395,200.0,0.00045656549627892673,0.09131309925578535,0.416208104052026,0.07736323028802872,0.03219920340152071,0.0,0.0,0.0
834,0.5225446820259094,1.0,0.00029366445960476995,0.00029366445960476995,20.0,0.0033756145276129246,0.06751229055225849,20.0,7.838649617042392e-05,0.0015677299234084785,10.0,0.011313960887491703,0.11313960887491703,0.0,0.010777944698929787,0.0,6.250625312656328,0.0012219352647662163,0.007637859496375124,0.0,0.30717456340789795,0.0,500.0,0.00041769418749026954,0.20884709374513477,200.0,0.00045659951865673065,0.09131990373134613,0.41670835417708857,0.07733584195375443,0.032226491419448444,0.0,0.0,0.0
835,0.5239369869232178,1.0,0.0002928070316556841,0.0002928070316556841,20.0,0.003377980552613735,0.0675596110522747,20.0,7.92228602222167e-05,0.001584457204444334,10.0,0.011326896958053112,0.11326896958053112,0.0,0.010766238905489445,0.0,6.258129064532266,0.0012780230026692152,0.007998032898145014,0.0,0.3071293532848358,0.0,500.0,0.0004193460918031633,0.20967304590158165,200.0,0.0004565129929687828,0.09130259859375656,0.41720860430215106,0.07731734216213226,0.03225746041181506,0.0,0.0,0.0
836,0.5246396660804749,1.0,0.00029235222609713674,0.00029235222609713674,20.0,0.00337995495647192,0.0675990991294384,20.0,7.897889008745551e-05,0.0015795778017491102,10.0,0.011332955211400986,0.11332955211400986,0.0,0.010747700929641724,0.0,6.265632816408204,0.0012468405766412616,0.0078122452338328175,0.0,0.3069833219051361,0.0,500.0,0.00042078079422935843,0.21039039711467922,200.0,0.0004567273717839271,0.09134547435678542,0.4177088544272136,0.07730487734079361,0.03229093175565916,0.0,0.0,0.0
837,0.5239450931549072,1.0,0.0002925841836258769,0.0002925841836258769,20.0,0.003377951215952635,0.0675590243190527,20.0,7.788253424223512e-05,0.0015576506848447025,10.0,0.011329257860779762,0.11329257860779762,0.0,0.010739607736468315,0.0,6.2731365682841425,0.0012484164908528328,0.00783148714121787,0.0,0.3069390654563904,0.0,500.0,0.0004194580833427608,0.2097290416713804,200.0,0.000456769485026598,0.0913538970053196,0.4182091045522761,0.07730307430028915,0.032328849482261994,0.0,0.0,0.0
838,0.5227217674255371,1.0,0.00029309431556612253,0.00029309431556612253,20.0,0.003372492967173457,0.06744985934346914,20.0,7.75879598222673e-05,0.0015517591964453459,10.0,0.011321861296892166,0.11321861296892166,0.0,0.01075197383761406,0.0,6.28064032016008,0.001206933637149632,0.007580316065239434,0.0,0.3069263994693756,0.0,500.0,0.0004177518712822348,0.2088759356411174,200.0,0.00045691803097724915,0.09138360619544983,0.41870935467733866,0.07730558514595032,0.03236857166941492,0.0,0.0,0.0
839,0.5228580236434937,1.0,0.0002937001991085708,0.0002937001991085708,20.0,0.003364906180649996,0.06729812361299992,20.0,8.090397022897378e-05,0.0016180794045794755,10.0,0.011325448751449585,0.11325448751449585,0.0,0.010791010223329067,0.0,6.288144072036018,0.0012572461273521185,0.007905744782799465,0.0,0.30714449286460876,0.0,500.0,0.0004173557390458882,0.2086778695229441,200.0,0.0004569978918880224,0.09139957837760448,0.4192096048024012,0.0773131400346756,0.032410410879969064,0.0,0.0,0.0
840,0.5243870615959167,1.0,0.00029302859911695123,0.00029302859911695123,20.0,0.0033568027429282665,0.06713605485856533,20.0,8.107464964268729e-05,0.0016214929928537458,10.0,0.011335674673318863,0.11335674673318863,0.0,0.010783503763377666,0.0,6.295647823911956,0.0014406879199668765,0.009070063768275708,0.0,0.3070434629917145,0.0,500.0,0.0004180830146651715,0.20904150733258575,200.0,0.0004571175668388605,0.0914235133677721,0.4197098549274637,0.07730263471603394,0.03244467760217732,0.0,0.0,0.0
841,0.5230170488357544,1.0,0.0002917806850746274,0.0002917806850746274,20.0,0.0033489556517452,0.066979113034904,20.0,7.697685214225203e-05,0.0015395370428450406,10.0,0.01134346704930067,0.1134346704930067,0.0,0.010729538276791573,0.0,6.3031515757878935,0.001149442745372653,0.007245111851773601,0.0,0.3069280982017517,0.0,500.0,0.00041912496089935303,0.2095624804496765,200.0,0.0004574567428790033,0.09149134857580066,0.42021010505252626,0.07727804780006409,0.03247301658431907,0.0,0.0,0.0
842,0.5237709283828735,1.0,0.00029111967887729406,0.00029111967887729406,20.0,0.0033444573637098074,0.06688914727419615,20.0,7.60244729463011e-05,0.001520489458926022,10.0,0.011357896961271763,0.11357896961271763,0.0,0.01069040596485138,0.0,6.310655327663832,0.001056918641552329,0.006669849256219425,0.0,0.3068000376224518,0.0,500.0,0.0004215868248138577,0.21079341240692884,200.0,0.0004576435312628746,0.09152870625257492,0.4207103551775888,0.07724850624799728,0.032499246500533124,0.0,0.0,0.0
843,0.5254318714141846,1.0,0.00029090934549458325,0.00029090934549458325,20.0,0.0033378247171640396,0.06675649434328079,20.0,7.907834515208378e-05,0.0015815669030416757,10.0,0.0113735506311059,0.113735506311059,0.0,0.010704774409532547,0.0,6.31815907953977,0.0011594397947192192,0.007325525066184962,0.0,0.3069835901260376,0.0,500.0,0.0004234297666698694,0.2117148833349347,200.0,0.00045748893171548843,0.09149778634309769,0.4212106053026513,0.07722792029380798,0.03252921905321977,0.0,0.0,0.0
844,0.5255659818649292,1.0,0.0002912035270128399,0.0002912035270128399,20.0,0.0033282579388469458,0.06656515877693892,20.0,7.8644159657415e-05,0.0015728831931483,10.0,0.01137575227767229,0.11375752277672291,0.0,0.010713368654251099,0.0,6.325662831415708,0.0012891378719359636,0.008154651521075668,0.0,0.3070509433746338,0.0,500.0,0.0004223329306114465,0.21116646530572325,200.0,0.0004575044149532914,0.09150088299065828,0.42171085542771386,0.07720263302326202,0.0325571884135117,0.0,0.0,0.0
845,0.5245404839515686,1.0,0.0002912178752012551,0.0002912178752012551,20.0,0.003324255347251892,0.06648510694503784,20.0,7.491864380426705e-05,0.001498372876085341,10.0,0.011364082805812359,0.11364082805812359,0.0,0.010703708976507187,0.0,6.3331665832916455,0.0012559198075905442,0.007953949356726508,0.0,0.306951642036438,0.0,500.0,0.00042108824709430337,0.21054412354715168,200.0,0.00045772624434903264,0.09154524886980653,0.4222111055527764,0.07716907560825348,0.032581640727046494,0.0,0.0,0.0
846,0.5232647061347961,1.0,0.0002910199109464884,0.0002910199109464884,20.0,0.0033266679383814335,0.06653335876762867,20.0,7.478906627511606e-05,0.0014957813255023211,10.0,0.011361809447407722,0.11361809447407722,0.0,0.010712348856031895,0.0,6.340670335167584,0.0010912161087617278,0.006919041610082491,0.0,0.3069878816604614,0.0,500.0,0.00042061135172843933,0.21030567586421967,200.0,0.00045747897820547223,0.09149579564109445,0.4227113556778389,0.07713522762060165,0.03260593663802321,0.0,0.0,0.0
847,0.5272566676139832,1.0,0.0002906930458266288,0.0002906930458266288,20.0,0.003331320360302925,0.0666264072060585,20.0,8.024577255127952e-05,0.0016049154510255903,10.0,0.011370641179382801,0.11370641179382801,0.0,0.010764273814857006,0.0,6.348174087043522,0.0015695160254836082,0.009963560962174581,0.0,0.3071700930595398,0.0,500.0,0.0004219371476210654,0.2109685738105327,200.0,0.0004573265905492008,0.09146531810984015,0.42321160580290146,0.07710281759500504,0.03263080724631028,0.0,0.0,0.0
848,0.5251080393791199,1.0,0.000290889322059229,0.000290889322059229,20.0,0.0033350600861012936,0.06670120172202587,20.0,7.937813643366098e-05,0.0015875627286732197,10.0,0.011366937309503555,0.11366937309503555,0.0,0.010759065859019756,0.0,6.35567783891946,0.0013376250863075256,0.008501514117827472,0.0,0.30716681480407715,0.0,500.0,0.0004205731092952192,0.2102865546476096,200.0,0.00045710179256275296,0.09142035851255059,0.423711855927964,0.07705845683813095,0.032650581761829375,0.0,0.0,0.0
849,0.522739827632904,1.0,0.00029194349190220237,0.00029194349190220237,20.0,0.0033369024749845266,0.06673804949969053,20.0,7.72199928178452e-05,0.001544399856356904,10.0,0.011358462274074554,0.11358462274074554,0.0,0.01074805948883295,0.0,6.3631815907953975,0.0012161636259406805,0.007738669995980718,0.0,0.3071175515651703,0.0,500.0,0.0004176634247414768,0.2088317123707384,200.0,0.00045670924009755254,0.09134184801951051,0.4242121060530265,0.07701005041599274,0.03266859567421803,0.0,0.0,0.0
850,0.5223351120948792,1.0,0.00029278051806613803,0.00029278051806613803,20.0,0.003339160932227969,0.06678321864455938,20.0,7.657994865439832e-05,0.0015315989730879664,10.0,0.011359352618455887,0.11359352618455887,0.0,0.010733647271990776,0.0,6.370685342671336,0.001190295908600092,0.007583000698360266,0.0,0.3070892095565796,0.0,500.0,0.00041709860670380294,0.20854930335190147,200.0,0.0004565611307043582,0.09131222614087164,0.42471235617808906,0.07696846127510071,0.03268945653955003,0.0,0.0,0.0
851,0.523034930229187,1.0,0.00029327464289963245,0.00029327464289963245,20.0,0.0033417646773159504,0.06683529354631901,20.0,7.934014138299972e-05,0.0015868028276599944,10.0,0.011370541527867317,0.11370541527867317,0.0,0.0107413986697793,0.0,6.378189094547274,0.0012488501379266381,0.007965402330447542,0.0,0.30722323060035706,0.0,500.0,0.00041731586679816246,0.20865793339908123,200.0,0.00045639180461876094,0.09127836092375219,0.42521260630315155,0.07693194597959518,0.03271243325795693,0.0,0.0,0.0
852,0.5259125828742981,1.0,0.0002929766196757555,0.0002929766196757555,20.0,0.0033479565754532814,0.06695913150906563,20.0,8.147366315824911e-05,0.0016294732631649822,10.0,0.011386889964342117,0.11386889964342117,0.0,0.01071817334741354,0.0,6.385692846423211,0.0014341860078275204,0.009158271330624461,0.0,0.30726897716522217,0.0,500.0,0.0004200400726404041,0.21002003632020205,200.0,0.0004561809473671019,0.09123618947342038,0.4257128564282141,0.07692427188158035,0.032747651511368124,0.0,0.0,0.0
853,0.5250078439712524,1.0,0.0002924902946688235,0.0002924902946688235,20.0,0.0033503256272524595,0.06700651254504919,20.0,7.767371425870806e-05,0.0015534742851741612,10.0,0.01139051839709282,0.11390518397092819,0.0,0.010651874355971813,0.0,6.393196598299149,0.0012553191045299172,0.0080255018288606,0.0,0.30695009231567383,0.0,500.0,0.00042030285112559795,0.21015142556279898,200.0,0.00045641104225069284,0.09128220845013857,0.42621310655327665,0.07693581283092499,0.03279105179186998,0.0,0.0,0.0
854,0.5247402191162109,1.0,0.0002924977452494204,0.0002924977452494204,20.0,0.0033526024781167507,0.06705204956233501,20.0,7.379241287708282e-05,0.0014758482575416565,10.0,0.011388996616005898,0.11388996616005898,0.0,0.010590823367238045,0.0,6.400700350175088,0.0011008215369656682,0.007046028797136431,0.0,0.30674850940704346,0.0,500.0,0.0004214148793835193,0.21070743969175965,200.0,0.000457212416222319,0.0914424832444638,0.42671335667833915,0.07694610953330994,0.03283393268229783,0.0,0.0,0.0
855,0.5272432565689087,1.0,0.0002922968124039471,0.0002922968124039471,20.0,0.0033611496910452843,0.06722299382090569,20.0,7.258357072714716e-05,0.0014516714145429432,10.0,0.011394268833100796,0.11394268833100796,0.0,0.010525431483983994,0.0,6.408204102051026,0.0010948681738227606,0.00701613872269613,0.0,0.30662667751312256,0.0,500.0,0.00042576753185130656,0.21288376592565328,200.0,0.00045778867206536233,0.09155773441307247,0.4272136068034017,0.07695437967777252,0.032875958101459594,0.0,0.0,0.0
856,0.5253376364707947,1.0,0.00029350040131248534,0.00029350040131248534,20.0,0.00336103024892509,0.0672206049785018,20.0,7.396069122478366e-05,0.0014792138244956732,10.0,0.011396528221666813,0.11396528221666813,0.0,0.010512523353099823,0.0,6.415707853926963,0.0009880338329821825,0.00633893642220935,0.0,0.3067534863948822,0.0,500.0,0.0004233091603964567,0.21165458019822836,200.0,0.00045735982712358236,0.09147196542471647,0.42771385692846425,0.076952263712883,0.03291354951201349,0.0,0.0,0.0
857,0.5264134407043457,1.0,0.00029380235355347395,0.00029380235355347395,20.0,0.0033553154207766056,0.06710630841553211,20.0,7.735819963272661e-05,0.0015471639926545322,10.0,0.011403006501495838,0.11403006501495838,0.0,0.010528922080993652,0.0,6.423211605802901,0.00126248924061656,0.00810923554252958,0.0,0.30681926012039185,0.0,500.0,0.0004220020491629839,0.21100102458149195,200.0,0.0004568724543787539,0.09137449087575078,0.42821410705352675,0.07695069164037704,0.03295137170793534,0.0,0.0,0.0
858,0.5270994901657104,1.0,0.00029331172117963433,0.00029331172117963433,20.0,0.003351024119183421,0.06702048238366842,20.0,8.286474621854722e-05,0.0016572949243709445,10.0,0.011409047059714794,0.11409047059714794,0.0,0.010573114268481731,0.0,6.43071535767884,0.0012348310556262732,0.007940847033554648,0.0,0.306993693113327,0.0,500.0,0.0004233208019286394,0.2116604009643197,200.0,0.00045723491348326206,0.09144698269665241,0.4287143571785893,0.076950304210186,0.032989700204166784,0.0,0.0,0.0
859,0.5284751653671265,1.0,0.00029335508588701487,0.00029335508588701487,20.0,0.003340614028275013,0.06681228056550026,20.0,8.663826156407595e-05,0.001732765231281519,10.0,0.01140524260699749,0.1140524260699749,0.0,0.010638787411153316,0.0,6.438219109554778,0.0013749749632552266,0.008852390083589179,0.0,0.3071230947971344,0.0,500.0,0.00042400977690704167,0.21200488845352083,200.0,0.0004584561684168875,0.0916912336833775,0.42921460730365185,0.07696819305419922,0.03303587275662978,0.0,0.0,0.0
860,0.5252346396446228,1.0,0.00029419598286040127,0.00029419598286040127,20.0,0.0033359499648213387,0.06671899929642677,20.0,8.494496432831511e-05,0.0016988992865663022,10.0,0.011387252248823643,0.11387252248823643,0.0,0.010665622539818287,0.0,6.445722861430715,0.001218632678501308,0.007854968515502428,0.0,0.3071010410785675,0.0,500.0,0.0004200024122837931,0.21000120614189655,200.0,0.0004585505521390587,0.09171011042781174,0.42971485742871435,0.07698994129896164,0.03308372164872839,0.0,0.0,0.0
861,0.5243796110153198,1.0,0.0002944321895483881,0.0002944321895483881,20.0,0.0033314102329313755,0.06662820465862751,20.0,8.200355659937486e-05,0.0016400711319874972,10.0,0.011366943828761578,0.11366943828761578,0.0,0.010698129422962666,0.0,6.453226613306653,0.001276134978979826,0.00823518820852414,0.0,0.3068731725215912,0.0,500.0,0.00041827576933428645,0.20913788466714323,200.0,0.00045823134132660925,0.09164626826532185,0.4302151075537769,0.07700372487306595,0.03312816577830751,0.0,0.0,0.0
862,0.524419903755188,1.0,0.00029375613667070866,0.00029375613667070866,20.0,0.003331189975142479,0.06662379950284958,20.0,7.992403698153794e-05,0.0015984807396307588,10.0,0.011358259245753288,0.11358259245753288,0.0,0.01072013285011053,0.0,6.460730365182592,0.0013788067735731602,0.008908098789743553,0.0,0.30673402547836304,0.0,500.0,0.0004172773624304682,0.2086386812152341,200.0,0.0004580603854265064,0.09161207708530128,0.4307153576788394,0.07699389010667801,0.03316245091638307,0.0,0.0,0.0
863,0.5237461924552917,1.0,0.0002933073556050658,0.0002933073556050658,20.0,0.00333793880417943,0.0667587760835886,20.0,8.023514237720519e-05,0.0016047028475441039,10.0,0.011362498626112938,0.11362498626112938,0.0,0.010726379230618477,0.0,6.468234117058529,0.0012475759722292423,0.008069613467195648,0.0,0.3066565692424774,0.0,500.0,0.0004170942702330649,0.20854713511653244,200.0,0.0004582616384141147,0.09165232768282294,0.43121560780390195,0.07698081433773041,0.03319532864388375,0.0,0.0,0.0
864,0.5255890488624573,1.0,0.00029258651193231344,0.00029258651193231344,20.0,0.0033460166305303574,0.06692033261060715,20.0,8.091843483271077e-05,0.0016183686966542155,10.0,0.011374222114682198,0.11374222114682198,0.0,0.010707739740610123,0.0,6.475737868934467,0.0012776805087924004,0.008273924055186404,0.0,0.30664730072021484,0.0,500.0,0.00041952545871026814,0.20976272935513407,200.0,0.0004588178126141429,0.09176356252282858,0.4317158579289645,0.07693791389465332,0.03321531750429506,0.0,0.0,0.0
865,0.5284965634346008,1.0,0.0002922787389252335,0.0002922787389252335,20.0,0.0033491873182356358,0.06698374636471272,20.0,8.12749785836786e-05,0.001625499571673572,10.0,0.011378582566976547,0.11378582566976547,0.0,0.010697443038225174,0.0,6.483241620810405,0.0015523131005465984,0.010064020901992954,0.0,0.30658024549484253,0.0,500.0,0.0004214896180201322,0.2107448090100661,200.0,0.0004588550655171275,0.0917710131034255,0.432216108054027,0.07688144594430923,0.033229399347615395,0.0,0.0,0.0
866,0.5240716934204102,1.0,0.0002928698086179793,0.0002928698086179793,20.0,0.00334594096057117,0.0669188192114234,20.0,7.985487172845751e-05,0.0015970974345691502,10.0,0.011373757384717464,0.11373757384717464,0.0,0.01068789791315794,0.0,6.4907453726863436,0.0011125421151518822,0.007221227585840756,0.0,0.30654338002204895,0.0,500.0,0.0004187241429463029,0.20936207147315145,200.0,0.00045850034803152084,0.09170006960630417,0.43271635817908954,0.07682154327630997,0.033241938436222175,0.0,0.0,0.0
867,0.524246871471405,1.0,0.00029324949719011784,0.00029324949719011784,20.0,0.0033385837450623512,0.06677167490124702,20.0,7.818853191565722e-05,0.0015637706383131444,10.0,0.011370604857802391,0.11370604857802391,0.0,0.010674470104277134,0.0,6.498249124562281,0.0012673200108110905,0.008235361150793428,0.0,0.3065238893032074,0.0,500.0,0.00041726836934685707,0.20863418467342854,200.0,0.0004589168238453567,0.09178336476907134,0.4332166083041521,0.07677260041236877,0.033259165561336346,0.0,0.0,0.0
868,0.5241667032241821,1.0,0.0002927716705016792,0.0002927716705016792,20.0,0.0033308088313788176,0.06661617662757635,20.0,7.700599962845445e-05,0.001540119992569089,10.0,0.011378762312233448,0.11378762312233448,0.0,0.010639551095664501,0.0,6.505752876438219,0.0012252186425030231,0.007970969707729774,0.0,0.3065493404865265,0.0,500.0,0.00041779334424063563,0.20889667212031782,200.0,0.00045892532216385007,0.09178506443277001,0.4337168584292146,0.0767258033156395,0.033277274374516976,0.0,0.0,0.0
869,0.5236812233924866,1.0,0.0002918219252023846,0.0002918219252023846,20.0,0.0033278614282608032,0.06655722856521606,20.0,7.691858627367765e-05,0.001538371725473553,10.0,0.011390245519578457,0.11390245519578457,0.0,0.010593379847705364,0.0,6.513256628314157,0.0009704935364425182,0.006321073458970279,0.0,0.3065754473209381,0.0,500.0,0.00042030838085338473,0.21015419042669237,200.0,0.00045797706115990877,0.09159541223198175,0.43421710855427714,0.07673738896846771,0.03332068715589293,0.0,0.0,0.0
870,0.5260235071182251,1.0,0.00029095643549226224,0.00029095643549226224,20.0,0.0033229361288249493,0.06645872257649899,20.0,7.916810864116997e-05,0.0015833621728233993,10.0,0.011405635625123978,0.11405635625123978,0.0,0.010579368099570274,0.0,6.520760380190095,0.001072759390808642,0.006995206933061854,0.0,0.30685073137283325,0.0,500.0,0.0004236185341142118,0.2118092670571059,200.0,0.0004572808975353837,0.09145617950707674,0.4347173586793397,0.07677049189805984,0.033373465462438225,0.0,0.0,0.0
871,0.526147723197937,1.0,0.0002907442394644022,0.0002907442394644022,20.0,0.0033145789057016373,0.06629157811403275,20.0,7.841851765988395e-05,0.001568370353197679,10.0,0.011407466605305672,0.11407466605305672,0.0,0.010568886063992977,0.0,6.528264132066033,0.001124928006902337,0.007343827158617058,0.0,0.30687567591667175,0.0,500.0,0.0004233592189848423,0.21167960949242115,200.0,0.0004574048216454685,0.0914809643290937,0.4352176088044022,0.07678454369306564,0.03341798549923317,0.0,0.0,0.0
872,0.5254254937171936,1.0,0.00029124366119503975,0.00029124366119503975,20.0,0.0033055408857762814,0.06611081771552563,20.0,7.732249650871381e-05,0.0015464499301742762,10.0,0.011402258649468422,0.11402258649468422,0.0,0.010580332018435001,0.0,6.535767883941971,0.001202528364956379,0.007859446267211152,0.0,0.30696046352386475,0.0,500.0,0.0004211871128063649,0.21059355640318245,200.0,0.0004577203653752804,0.09154407307505608,0.43571785892946474,0.07678676396608353,0.03345736438942409,0.0,0.0,0.0
873,0.5256454944610596,1.0,0.00029151461785659194,0.00029151461785659194,20.0,0.0033026570454239845,0.06605314090847969,20.0,7.755585829727352e-05,0.0015511171659454703,10.0,0.01139741949737072,0.1139741949737072,0.0,0.010609201155602932,0.0,6.543271635817909,0.0013398847077041864,0.008767229603186974,0.0,0.30706921219825745,0.0,500.0,0.00041984382551163435,0.20992191275581717,200.0,0.0004579239757731557,0.09158479515463114,0.43621810905452724,0.07680005580186844,0.03350157511717322,0.0,0.0,0.0
874,0.5261676907539368,1.0,0.0002911692135967314,0.0002911692135967314,20.0,0.0033034831285476685,0.06606966257095337,20.0,8.065917063504457e-05,0.0016131834127008915,10.0,0.01140070240944624,0.1140070240944624,0.0,0.010659256018698215,0.0,6.550775387693847,0.0013434917200356722,0.008800912493180154,0.0,0.30725687742233276,0.0,500.0,0.0004203443822916597,0.21017219114582986,200.0,0.00045830709859728813,0.09166141971945763,0.4367183591795898,0.07682783901691437,0.03355212779478051,0.0,0.0,0.0
875,0.5275202989578247,1.0,0.0002915243967436254,0.0002915243967436254,20.0,0.003303663805127144,0.06607327610254288,20.0,8.18580956547521e-05,0.0016371619130950421,10.0,0.011397091671824455,0.11397091671824455,0.0,0.01070421189069748,0.0,6.558279139569785,0.0015532821416854858,0.010186857867682201,0.0,0.3073316216468811,0.0,500.0,0.00042036763625219464,0.21018381812609732,200.0,0.00045788075658492744,0.09157615131698549,0.43721860930465234,0.07685073465108871,0.03360057132818987,0.0,0.0,0.0
876,0.5240657329559326,1.0,0.00029170606285333633,0.00029170606285333633,20.0,0.003308077808469534,0.06616155616939068,20.0,7.758468564134091e-05,0.0015516937128268182,10.0,0.011386709287762642,0.11386709287762642,0.0,0.01068140659481287,0.0,6.565782891445723,0.001244076294824481,0.008168334852211762,0.0,0.30716344714164734,0.0,500.0,0.00041807335219345987,0.20903667609672993,200.0,0.0004567328142002225,0.0913465628400445,0.43771885942971483,0.07685787975788116,0.033642143465805914,0.0,0.0,0.0
877,0.5248823761940002,1.0,0.00029200175777077675,0.00029200175777077675,20.0,0.0033095728140324354,0.06619145628064871,20.0,7.405717042274773e-05,0.0014811434084549546,10.0,0.011382758617401123,0.11382758617401123,0.0,0.010657020844519138,0.0,6.573286643321661,0.001389907207340002,0.009136258481464547,0.0,0.30703938007354736,0.0,500.0,0.0004179071693215519,0.20895358466077596,200.0,0.0004566183779388666,0.09132367558777332,0.4382191095547774,0.07684892416000366,0.03367666711563942,0.0,0.0,0.0
878,0.5256390571594238,1.0,0.0002926633460447192,0.0002926633460447192,20.0,0.003313501365482807,0.06627002730965614,20.0,7.374093547696248e-05,0.0014748187095392495,10.0,0.011389809660613537,0.11389809660613537,0.0,0.010638953186571598,0.0,6.580790395197599,0.0014731843257322907,0.00969471726113471,0.0,0.30698850750923157,0.0,500.0,0.00041783438064157963,0.20891719032078981,200.0,0.00045691669220104814,0.09138333844020963,0.43871935967983994,0.07683315128087997,0.03370819093213193,0.0,0.0,0.0
879,0.5249293446540833,1.0,0.0002930015907622874,0.0002930015907622874,20.0,0.003320107702165842,0.06640215404331684,20.0,7.656712841708213e-05,0.0015313425683416426,10.0,0.011406351812183857,0.11406351812183857,0.0,0.01063165720552206,0.0,6.588294147073537,0.0012777289375662804,0.008418054080914414,0.0,0.3070361018180847,0.0,500.0,0.0004182647680863738,0.2091323840431869,200.0,0.00045672577107325196,0.09134515421465039,0.43921960980490243,0.07682652771472931,0.03374371752552893,0.0,0.0,0.0
880,0.5283032059669495,1.0,0.00029289256781339645,0.00029289256781339645,20.0,0.003323902143165469,0.06647804286330938,20.0,7.913451554486528e-05,0.0015826903108973056,10.0,0.011422107927501202,0.11422107927501202,0.0,0.010627360083162785,0.0,6.595797898949475,0.0015477907145395875,0.010208914742973718,0.0,0.30713486671447754,0.0,500.0,0.0004208976752124727,0.21044883760623634,200.0,0.00045650938409380615,0.09130187681876123,0.439719859929965,0.07679642736911774,0.03376891428587018,0.0,0.0,0.0
881,0.5262422561645508,1.0,0.0002926935558207333,0.0002926935558207333,20.0,0.0033239347394555807,0.06647869478911161,20.0,7.632417691638693e-05,0.0015264835383277386,10.0,0.011425771750509739,0.11425771750509739,0.0,0.01057707704603672,0.0,6.603301650825412,0.001271889777854085,0.008398671869771846,0.0,0.3068884313106537,0.0,500.0,0.00042019918328151107,0.21009959164075553,200.0,0.00045695804874412715,0.09139160974882543,0.44022011005502754,0.07677243649959564,0.03379677044504461,0.0,0.0,0.0
882,0.5270065069198608,1.0,0.0002930210903286934,0.0002930210903286934,20.0,0.0033221456687897444,0.06644291337579489,20.0,7.248827023431659e-05,0.0014497654046863317,10.0,0.011423328891396523,0.11423328891396523,0.0,0.010524783283472061,0.0,6.6108054027013505,0.0013569354778155684,0.008970436387860298,0.0,0.3067191541194916,0.0,500.0,0.00042045186273753643,0.21022593136876822,200.0,0.0004578556981869042,0.09157113963738084,0.44072036018009003,0.07673809677362442,0.03382004164960636,0.0,0.0,0.0
883,0.5268995761871338,1.0,0.0002925444860011339,0.0002925444860011339,20.0,0.003319593146443367,0.06639186292886734,20.0,7.391473627649248e-05,0.0014782947255298495,10.0,0.011429263278841972,0.11429263278841972,0.0,0.010528833605349064,0.0,6.618309154577289,0.0013362383469939232,0.008843638484607105,0.0,0.30674242973327637,0.0,500.0,0.0004205752338748425,0.21028761693742126,200.0,0.0004573581099975854,0.09147162199951708,0.4412206103051526,0.07669948786497116,0.03384139484587522,0.0,0.0,0.0
884,0.5285771489143372,1.0,0.00029154555522836745,0.00029154555522836745,20.0,0.003315976355224848,0.06631952710449696,20.0,7.97597094788216e-05,0.0015951941895764321,10.0,0.011439509689807892,0.11439509689807892,0.0,0.010578025132417679,0.0,6.625812906453227,0.0013537089107558131,0.008969421972466605,0.0,0.3069203794002533,0.0,500.0,0.0004235331143718213,0.21176655718591064,200.0,0.00045689073158428073,0.09137814631685615,0.44172086043021513,0.07665844261646271,0.03386163323178418,0.0,0.0,0.0
885,0.5285974144935608,1.0,0.0002914586220867932,0.0002914586220867932,20.0,0.0033130559604614973,0.06626111920922995,20.0,8.093864016700536e-05,0.0016187728033401072,10.0,0.01143546961247921,0.1143546961247921,0.0,0.010592019185423851,0.0,6.633316658329164,0.0014321208000183105,0.00949971075950115,0.0,0.3069614768028259,0.0,500.0,0.00042250039405189455,0.21125019702594727,200.0,0.0004572204779833555,0.0914440955966711,0.44222111055527763,0.07660720497369766,0.033877323260004366,0.0,0.0,0.0
886,0.5251821279525757,1.0,0.00029171566711738706,0.00029171566711738706,20.0,0.0033049113117158413,0.06609822623431683,20.0,7.764461042825133e-05,0.0015528922085650265,10.0,0.011419056914746761,0.11419056914746761,0.0,0.010587888769805431,0.0,6.6408204102051025,0.0012493234826251864,0.008296532882365858,0.0,0.3068843483924866,0.0,500.0,0.00041861829231493175,0.20930914615746588,200.0,0.0004577485960908234,0.09154971921816468,0.4427213606803402,0.07655679434537888,0.03389332816191111,0.0,0.0,0.0
887,0.5262190699577332,1.0,0.00029115885263308883,0.00029115885263308883,20.0,0.0033020898699760437,0.06604179739952087,20.0,7.517334597650915e-05,0.001503466919530183,10.0,0.011409992352128029,0.11409992352128029,0.0,0.010576901957392693,0.0,6.648324162081041,0.001383933937177062,0.009200841433258207,0.0,0.30682510137557983,0.0,500.0,0.0004190851468592882,0.2095425734296441,200.0,0.00045817455975338817,0.09163491195067763,0.4432216108054027,0.07649535685777664,0.03390439528563787,0.0,0.0,0.0
888,0.5251957178115845,1.0,0.0002909066970460117,0.0002909066970460117,20.0,0.0033001478295773268,0.06600295659154654,20.0,7.694471423747018e-05,0.0015388942847494036,10.0,0.011411608196794987,0.11411608196794987,0.0,0.010607406497001648,0.0,6.655827913956979,0.0013027677778154612,0.008670998140987849,0.0,0.30688920617103577,0.0,500.0,0.00041801290353760123,0.20900645176880062,200.0,0.00045823873369954526,0.09164774673990905,0.44372186093046523,0.07644809037446976,0.03392168892554011,0.0,0.0,0.0
889,0.5260021686553955,1.0,0.0002904533175751567,0.0002904533175751567,20.0,0.003303632838651538,0.06607265677303076,20.0,7.997623470146209e-05,0.0015995246940292418,10.0,0.011423647403717041,0.11423647403717041,0.0,0.010625527240335941,0.0,6.663331665832916,0.001294831046834588,0.008627888716276495,0.0,0.3069465458393097,0.0,500.0,0.00041919114300981164,0.20959557150490582,200.0,0.0004582210967782885,0.0916442193556577,0.4442221110555278,0.07639285176992416,0.033935393882787726,0.0,0.0,0.0
890,0.526558518409729,1.0,0.0002902414998970926,0.0002902414998970926,20.0,0.0033029653131961823,0.06605930626392365,20.0,8.083437569439411e-05,0.0016166875138878822,10.0,0.011431400664150715,0.11431400664150715,0.0,0.010631948709487915,0.0,6.6708354177088545,0.0012780714314430952,0.008525804171232453,0.0,0.3069814145565033,0.0,500.0,0.0004203565767966211,0.21017828839831054,200.0,0.00045812438474968076,0.09162487694993615,0.4447223611805903,0.07633818686008453,0.0339492987086619,0.0,0.0,0.0
891,0.5259527564048767,1.0,0.0002897747908718884,0.0002897747908718884,20.0,0.003299195319414139,0.06598390638828278,20.0,7.765956252114847e-05,0.0015531912504229695,10.0,0.01143309473991394,0.1143309473991394,0.0,0.010607640258967876,0.0,6.678339169584793,0.0012390755582600832,0.008274966834803457,0.0,0.3069036304950714,0.0,500.0,0.0004198880633339286,0.2099440316669643,200.0,0.0004580264794640243,0.09160529589280486,0.4452226113056528,0.07630043476819992,0.033970678811254595,0.0,0.0,0.0
892,0.5252171158790588,1.0,0.00028991082217544317,0.00028991082217544317,20.0,0.0032943112310022116,0.06588622462004423,20.0,7.481034845113754e-05,0.0014962069690227509,10.0,0.011430171318352222,0.11430171318352222,0.0,0.010587744414806366,0.0,6.68584292146073,0.00119789969176054,0.008008969174777197,0.0,0.3067009747028351,0.0,500.0,0.00041921233059838414,0.20960616529919207,200.0,0.00045814720215275884,0.09162944043055177,0.4457228614307154,0.07627714425325394,0.03399846699832379,0.0,0.0,0.0
893,0.5254698991775513,1.0,0.00028999854112043977,0.00028999854112043977,20.0,0.0032829109113663435,0.06565821822732687,20.0,7.555569027317688e-05,0.0015111138054635376,10.0,0.011436056345701218,0.11436056345701218,0.0,0.010607384145259857,0.0,6.693346673336668,0.001299463678151369,0.008697760887276296,0.0,0.3068014979362488,0.0,500.0,0.0004185606085229665,0.20928030426148325,200.0,0.0004581285174936056,0.09162570349872112,0.4462231115557779,0.07629867643117905,0.034046232804708206,0.0,0.0,0.0
894,0.5266852378845215,1.0,0.00029000724316574633,0.00029000724316574633,20.0,0.0032780205365270376,0.06556041073054075,20.0,7.729801291134208e-05,0.0015459602582268417,10.0,0.011446722783148289,0.11446722783148289,0.0,0.010617082007229328,0.0,6.700850425212606,0.0013923649676144123,0.009330029385290171,0.0,0.3069619834423065,0.0,500.0,0.0004196402442175895,0.20982012210879475,200.0,0.00045791652519255877,0.09158330503851175,0.4467233616808404,0.07630716264247894,0.03408819221597484,0.0,0.0,0.0
895,0.5278379917144775,1.0,0.00029054592596367,0.00029054592596367,20.0,0.003277772106230259,0.06555544212460518,20.0,7.83150753704831e-05,0.001566301507409662,10.0,0.011452514678239822,0.11452514678239822,0.0,0.010620789602398872,0.0,6.708354177088545,0.001512936782091856,0.010149315781816803,0.0,0.3070622384548187,0.0,500.0,0.00042019897955469787,0.21009948977734894,200.0,0.00045762740774080157,0.09152548154816031,0.447223611805903,0.07630704343318939,0.03412631157042087,0.0,0.0,0.0
896,0.5271605253219604,1.0,0.00029084132984280586,0.00029084132984280586,20.0,0.003284110687673092,0.06568221375346184,20.0,7.519306382164359e-05,0.0015038612764328718,10.0,0.011449533514678478,0.11449533514678478,0.0,0.010578876361250877,0.0,6.715857928964482,0.0014813921879976988,0.009948819471670388,0.0,0.3070051968097687,0.0,500.0,0.00041915540350601077,0.20957770175300539,200.0,0.0004575304628815502,0.09150609257631004,0.44772386193096547,0.07628726959228516,0.03415563095802662,0.0,0.0,0.0
897,0.5266256928443909,1.0,0.00029114048811607063,0.00029114048811607063,20.0,0.0032936185598373413,0.06587237119674683,20.0,7.273236406035721e-05,0.0014546472812071443,10.0,0.011447684839367867,0.11447684839367867,0.0,0.010535212233662605,0.0,6.72336168084042,0.0013391419779509306,0.009003535859760133,0.0,0.3068719804286957,0.0,500.0,0.0004196556401439011,0.20982782007195055,200.0,0.00045755336759611964,0.09151067351922393,0.448224112056028,0.0762757658958435,0.03418863744005792,0.0,0.0,0.0
898,0.5263466835021973,1.0,0.0002909062313847244,0.0002909062313847244,20.0,0.003295514266937971,0.06591028533875942,20.0,7.42924603400752e-05,0.001485849206801504,10.0,0.01145373284816742,0.1145373284816742,0.0,0.010538301430642605,0.0,6.730865432716358,0.0012260577641427517,0.008252429823181954,0.0,0.30692413449287415,0.0,500.0,0.0004204988945275545,0.21024944726377726,200.0,0.00045697117457166314,0.09139423491433263,0.4487243621810905,0.0762743279337883,0.03422614915288049,0.0,0.0,0.0
899,0.5269402265548706,1.0,0.00029114953940734267,0.00029114953940734267,20.0,0.003295747097581625,0.0659149419516325,20.0,7.626428850926459e-05,0.0015252857701852918,10.0,0.011456609703600407,0.11456609703600407,0.0,0.010550152510404587,0.0,6.738369184592296,0.0012929611839354038,0.008712449798704296,0.0,0.30703186988830566,0.0,500.0,0.00042066091555170715,0.21033045777585357,200.0,0.00045670848339796066,0.09134169667959213,0.44922461230615307,0.07626060396432877,0.03425814025010867,0.0,0.0,0.0
900,0.5263025760650635,1.0,0.0002918204991146922,0.0002918204991146922,20.0,0.003293363144621253,0.06586726289242506,20.0,7.619908137712628e-05,0.0015239816275425255,10.0,0.011453402228653431,0.11453402228653431,0.0,0.010549572296440601,0.0,6.745872936468234,0.001300440402701497,0.008772605718073881,0.0,0.3071225583553314,0.0,500.0,0.0004193955101072788,0.2096977550536394,200.0,0.0004566521383821964,0.09133042767643929,0.4497248624312156,0.07623481750488281,0.034284692814852254,0.0,0.0,0.0
901,0.5263382196426392,1.0,0.00029203324811533093,0.00029203324811533093,20.0,0.003290156600996852,0.06580313201993704,20.0,7.533413008786738e-05,0.0015066826017573476,10.0,0.011449470184743404,0.11449470184743404,0.0,0.010541541501879692,0.0,6.753376688344172,0.0013301495928317308,0.008983001252240304,0.0,0.30709540843963623,0.0,500.0,0.0004191753105260432,0.2095876552630216,200.0,0.000456812180345878,0.0913624360691756,0.4502251125562781,0.07620313763618469,0.03430856621939281,0.0,0.0,0.0
902,0.5256223082542419,1.0,0.00029126607114449143,0.00029126607114449143,20.0,0.0032880676444619894,0.06576135288923979,20.0,7.515169272664934e-05,0.0015030338545329869,10.0,0.011451748199760914,0.11451748199760914,0.0,0.010531113483011723,0.0,6.76088044022011,0.0011481153778731823,0.007762270801378719,0.0,0.30698975920677185,0.0,500.0,0.00042013952042907476,0.21006976021453738,200.0,0.0004568756266962737,0.09137512533925474,0.45072536268134067,0.07619290053844452,0.03434207272893372,0.0,0.0,0.0
903,0.5271704792976379,1.0,0.00029021050431765616,0.00029021050431765616,20.0,0.003287162631750107,0.06574325263500214,20.0,7.650623592780903e-05,0.0015301247185561806,10.0,0.011457884684205055,0.11457884684205055,0.0,0.010535635985434055,0.0,6.768384192096048,0.0011588599300011992,0.00784360923107365,0.0,0.3069848418235779,0.0,500.0,0.00042275796295143664,0.21137898147571832,200.0,0.0004571260651573539,0.09142521303147078,0.4512256128064032,0.07619300484657288,0.034380235303456096,0.0,0.0,0.0
904,0.52769935131073,1.0,0.00028992188163101673,0.00028992188163101673,20.0,0.0032872750889509916,0.06574550177901983,20.0,7.652913336642087e-05,0.0015305826673284173,10.0,0.01145878154784441,0.1145878154784441,0.0,0.010533059947192669,0.0,6.775887943971986,0.0011539874831214547,0.00781928987437724,0.0,0.3069787919521332,0.0,500.0,0.00042374664917588234,0.21187332458794117,200.0,0.00045721069909632206,0.09144213981926441,0.4517258629314657,0.07617619633674622,0.034410758025053445,0.0,0.0,0.0
905,0.52581787109375,1.0,0.0002907342277467251,0.0002907342277467251,20.0,0.0032825451344251633,0.06565090268850327,20.0,7.575699419248849e-05,0.0015151398838497698,10.0,0.01145422924309969,0.1145422924309969,0.0,0.01054399460554123,0.0,6.783391695847924,0.0011525118025019765,0.00781793899045863,0.0,0.3069620728492737,0.0,500.0,0.0004202776763122529,0.21013883815612644,200.0,0.0004571372992359102,0.09142745984718204,0.45222611305652827,0.07614454627037048,0.03443455219030261,0.0,0.0,0.0
906,0.5254999995231628,1.0,0.0002916911034844816,0.0002916911034844816,20.0,0.003282038262113929,0.06564076524227858,20.0,7.563983672298491e-05,0.0015127967344596982,10.0,0.011452513746917248,0.11452513746917248,0.0,0.01055051852017641,0.0,6.790895447723862,0.0012128720991313457,0.008236487616662342,0.0,0.30695322155952454,0.0,500.0,0.00041876320028677583,0.2093816001433879,200.0,0.0004572955658659339,0.09145911317318678,0.4527263631815908,0.07609988003969193,0.03445242192892506,0.0,0.0,0.0
907,0.5265805125236511,1.0,0.00029208126943558455,0.00029208126943558455,20.0,0.0032821414060890675,0.06564282812178135,20.0,7.772666140226647e-05,0.0015545332280453295,10.0,0.011459168046712875,0.11459168046712875,0.0,0.010574216954410076,0.0,6.7983991995998,0.00139302434399724,0.009470335585253873,0.0,0.30698323249816895,0.0,500.0,0.0004182242846582085,0.20911214232910424,200.0,0.00045722495997324586,0.09144499199464917,0.4532266133066533,0.07605893909931183,0.0344719353796781,0.0,0.0,0.0
908,0.5276166796684265,1.0,0.00029152780189178884,0.00029152780189178884,20.0,0.003288422478362918,0.06576844956725836,20.0,7.927885599201545e-05,0.001585577119840309,10.0,0.011472317390143871,0.11472317390143871,0.0,0.010565762408077717,0.0,6.805902951475738,0.0013344315811991692,0.009082011837025861,0.0,0.30697935819625854,0.0,500.0,0.0004205395234748721,0.21026976173743606,200.0,0.00045700304326601326,0.09140060865320265,0.45372686343171587,0.07602705806493759,0.03449551859174507,0.0,0.0,0.0
909,0.528217613697052,1.0,0.00029129604808986187,0.00029129604808986187,20.0,0.003288496285676956,0.06576992571353912,20.0,7.880640623625368e-05,0.0015761281247250736,10.0,0.011477991007268429,0.11477991007268429,0.0,0.010557102039456367,0.0,6.813406703351676,0.0013373843394219875,0.009112143423175323,0.0,0.3069349229335785,0.0,500.0,0.00042147492058575153,0.21073746029287577,200.0,0.0004571594763547182,0.09143189527094364,0.4542271135567784,0.07599467039108276,0.034518839777440295,0.0,0.0,0.0
910,0.5264734029769897,1.0,0.0002915370278060436,0.0002915370278060436,20.0,0.003287029918283224,0.06574059836566448,20.0,7.615324284415692e-05,0.0015230648568831384,10.0,0.011474654078483582,0.11474654078483582,0.0,0.01053908932954073,0.0,6.820910455227613,0.0011678260052576661,0.007965636609148712,0.0,0.30680710077285767,0.0,500.0,0.000420345546444878,0.210172773222439,200.0,0.0004574632039293647,0.09149264078587294,0.4547273636818409,0.07595887035131454,0.034540576863104015,0.0,0.0,0.0
911,0.5275452733039856,1.0,0.00029199052369222045,0.00029199052369222045,20.0,0.0032884213142096996,0.06576842628419399,20.0,7.443012145813555e-05,0.001488602429162711,10.0,0.011471932753920555,0.11471932753920555,0.0,0.010520500130951405,0.0,6.828414207103552,0.0012934587430208921,0.008832272057146161,0.0,0.306720107793808,0.0,500.0,0.0004206254961900413,0.21031274809502065,200.0,0.0004578627704177052,0.09157255408354104,0.45522761380690346,0.07591663300991058,0.034559347693355995,0.0,0.0,0.0
912,0.5257596373558044,1.0,0.0002922454150393605,0.0002922454150393605,20.0,0.003288923529908061,0.06577847059816122,20.0,7.835117139620706e-05,0.0015670234279241413,10.0,0.011476345360279083,0.11476345360279083,0.0,0.010567598976194859,0.0,6.83591795897949,0.0010839615715667605,0.00740987237391685,0.0,0.3068152666091919,0.0,500.0,0.00041980601963587105,0.20990300981793553,200.0,0.0004573523183353245,0.0914704636670649,0.45572786393196596,0.07586784660816193,0.034575091675855686,0.0,0.0,0.0
913,0.5284829139709473,1.0,0.00029221753356978297,0.00029221753356978297,20.0,0.0032871689181774855,0.06574337836354971,20.0,8.097922545857728e-05,0.0016195845091715455,10.0,0.01148152444511652,0.1148152444511652,0.0,0.010597948916256428,0.0,6.843421710855428,0.001383600290864706,0.009468560269649415,0.0,0.30689737200737,0.0,500.0,0.00042095768731087446,0.21047884365543723,200.0,0.00045734629384242,0.091469258768484,0.4562281140570285,0.07583002001047134,0.03459578701828407,0.0,0.0,0.0
914,0.5268903374671936,1.0,0.0002915122313424945,0.0002915122313424945,20.0,0.0032859721686691046,0.06571944337338209,20.0,7.793006079737097e-05,0.0015586012159474194,10.0,0.01148209162056446,0.11482091620564461,0.0,0.010561089962720871,0.0,6.850925462731365,0.0010835463181138039,0.007423295060814679,0.0,0.30676835775375366,0.0,500.0,0.0004218624089844525,0.21093120449222624,200.0,0.00045767295523546636,0.09153459104709327,0.45672836418209106,0.0757797583937645,0.03461076508929814,0.0,0.0,0.0
915,0.5258001685142517,1.0,0.00029159203404560685,0.00029159203404560685,20.0,0.0032726689241826534,0.06545337848365307,20.0,7.522658415837213e-05,0.0015045316831674427,10.0,0.011477417312562466,0.11477417312562466,0.0,0.01056093629449606,0.0,6.858429214607304,0.0010929267155006528,0.007495760515014482,0.0,0.30672726035118103,0.0,500.0,0.00042000209214165807,0.21000104607082903,200.0,0.0004581382963806391,0.09162765927612782,0.45722861430715356,0.07578710466623306,0.034652032848892955,0.0,0.0,0.0
916,0.5261022448539734,1.0,0.00029168749460950494,0.00029168749460950494,20.0,0.003256229218095541,0.06512458436191082,20.0,7.616494985995814e-05,0.0015232989971991628,10.0,0.011480339802801609,0.11480339802801609,0.0,0.010605119168758392,0.0,6.865932966483242,0.0012855762615799904,0.00882668043531034,0.0,0.3068322241306305,0.0,500.0,0.00041826494270935655,0.20913247135467827,200.0,0.0004585494752973318,0.09170989505946636,0.4577288644322161,0.07578764110803604,0.034690190902377675,0.0,0.0,0.0
917,0.5277436971664429,1.0,0.0002920185506809503,0.0002920185506809503,20.0,0.003248291090130806,0.06496582180261612,20.0,7.982144597917795e-05,0.001596428919583559,10.0,0.011491684243083,0.11491684243083,0.0,0.010654809884727001,0.0,6.87343671835918,0.001466176239773631,0.010077669602045869,0.0,0.3070526719093323,0.0,500.0,0.00041877481271512806,0.20938740635756403,200.0,0.0004588854790199548,0.09177709580399096,0.45822911455727866,0.07579277455806732,0.03473045597558263,0.0,0.0,0.0
918,0.530201256275177,1.0,0.00029238613205961883,0.00029238613205961883,20.0,0.003264013212174177,0.06528026424348354,20.0,8.19570996100083e-05,0.001639141992200166,10.0,0.011506380513310432,0.11506380513310432,0.0,0.010624864138662815,0.0,6.880940470235117,0.0015962660545483232,0.010983811696004094,0.0,0.3070291578769684,0.0,500.0,0.0004210977931506932,0.2105488965753466,200.0,0.00045809970470145345,0.09161994094029069,0.45872936468234116,0.07580297440290451,0.03477305028887615,0.0,0.0,0.0
919,0.5286064147949219,1.0,0.00029282670584507287,0.00029282670584507287,20.0,0.003284044563770294,0.06568089127540588,20.0,7.813202682882547e-05,0.0015626405365765095,10.0,0.011511990800499916,0.11511990800499916,0.0,0.010532419197261333,0.0,6.888444222111056,0.001334287109784782,0.009191162332034241,0.0,0.30675727128982544,0.0,500.0,0.000420928408857435,0.2104642044287175,200.0,0.00045739213237538934,0.09147842647507787,0.4592296148074037,0.07581465691328049,0.03481633569104126,0.0,0.0,0.0
920,0.5285199880599976,1.0,0.00029376137536019087,0.00029376137536019087,20.0,0.0033010728657245636,0.06602145731449127,20.0,7.371851825155318e-05,0.0014743703650310636,10.0,0.01151087787002325,0.1151087787002325,0.0,0.010447151958942413,0.0,6.895947973986994,0.0011836611665785313,0.008162465823554304,0.0,0.3065297603607178,0.0,500.0,0.0004221507697366178,0.2110753848683089,200.0,0.0004576150677166879,0.09152301354333758,0.45972986493246626,0.07582879811525345,0.03486076311551672,0.0,0.0,0.0
921,0.5304208397865295,1.0,0.0002936185337603092,0.0002936185337603092,20.0,0.00331830233335495,0.066366046667099,20.0,7.199468382168561e-05,0.0014398936764337122,10.0,0.011515697464346886,0.11515697464346886,0.0,0.010372004471719265,0.0,6.903451725862931,0.0010000122711062431,0.006903536438852504,0.0,0.30634456872940063,0.0,500.0,0.0004274288658052683,0.21371443290263414,200.0,0.00045822421088814735,0.09164484217762947,0.46023011505752875,0.07583484798669815,0.034901480814288295,0.0,0.0,0.0
922,0.5298614501953125,1.0,0.0002939300611615181,0.0002939300611615181,20.0,0.0033253133296966553,0.0665062665939331,20.0,7.430481491610408e-05,0.0014860962983220816,10.0,0.011519229970872402,0.11519229970872402,0.0,0.010376929305493832,0.0,6.910955477738869,0.0009679141221567988,0.006689211404500338,0.0,0.3065047562122345,0.0,500.0,0.0004264054005034268,0.2132027002517134,200.0,0.0004577653598971665,0.0915530719794333,0.4607303651825913,0.07583154737949371,0.03493789651651511,0.0,0.0,0.0
923,0.5291191935539246,1.0,0.0002947101602330804,0.0002947101602330804,20.0,0.003321023192256689,0.06642046384513378,20.0,7.925977115519345e-05,0.001585195423103869,10.0,0.011516722850501537,0.11516722850501537,0.0,0.01045677438378334,0.0,6.9184592296148075,0.0012538919690996408,0.008675000466557295,0.0,0.3066954016685486,0.0,500.0,0.0004212666244711727,0.21063331223558635,200.0,0.0004568209405988455,0.0913641881197691,0.4612306153076538,0.07583867758512497,0.034979119926705965,0.0,0.0,0.0
924,0.5302819013595581,1.0,0.00029564352007582784,0.00029564352007582784,20.0,0.0033154503908008337,0.06630900781601667,20.0,8.607409836258739e-05,0.0017214819672517478,10.0,0.011517353355884552,0.11517353355884552,0.0,0.010546010918915272,0.0,6.925962981490746,0.0014056004583835602,0.009735136741530962,0.0,0.3070276379585266,0.0,500.0,0.0004212612402625382,0.2106306201312691,200.0,0.00045697909081354737,0.09139581816270947,0.46173086543271635,0.07584644109010696,0.03502064288452663,0.0,0.0,0.0
925,0.5303013324737549,1.0,0.0002964187297038734,0.0002964187297038734,20.0,0.0033056382089853287,0.06611276417970657,20.0,8.7134656496346e-05,0.00174269312992692,10.0,0.011506362818181515,0.11506362818181515,0.0,0.01060160156339407,0.0,6.933466733366683,0.001465474022552371,0.010160815383979921,0.0,0.30712834000587463,0.0,500.0,0.00042061193380504847,0.21030596690252423,200.0,0.00045776990009471774,0.09155398001894355,0.4622311155577789,0.07586050033569336,0.0350650836969388,0.0,0.0,0.0
926,0.5270755887031555,1.0,0.0002949654881376773,0.0002949654881376773,20.0,0.003286840161308646,0.06573680322617292,20.0,8.138789416989312e-05,0.0016277578833978623,10.0,0.011492326855659485,0.11492326855659485,0.0,0.010606055147945881,0.0,6.940970485242621,0.001286148326471448,0.008927117573682511,0.0,0.30684468150138855,0.0,500.0,0.00041779334424063563,0.20889667212031782,200.0,0.0004577945510391146,0.09155891020782292,0.4627313656828414,0.07587574422359467,0.03511008674678592,0.0,0.0,0.0
927,0.5298131704330444,1.0,0.00029320025350898504,0.00029320025350898504,20.0,0.00327276811003685,0.065455362200737,20.0,7.644172001164407e-05,0.0015288344002328813,10.0,0.011487603187561035,0.11487603187561035,0.0,0.010597272776067257,0.0,6.9484742371185595,0.001699228654615581,0.011807046529569995,0.0,0.3065197765827179,0.0,500.0,0.000418052077293396,0.209026038646698,200.0,0.0004584096313919872,0.09168192627839744,0.46323161580790395,0.07586855441331863,0.035144713049891474,0.0,0.0,0.0
928,0.5282332897186279,1.0,0.0002914621727541089,0.0002914621727541089,20.0,0.003263380378484726,0.06526760756969452,20.0,7.382840703940019e-05,0.0014765681407880038,10.0,0.011490597389638424,0.11490597389638424,0.0,0.010594401508569717,0.0,6.955977988994497,0.001328465063124895,0.009240773738244955,0.0,0.30629342794418335,0.0,500.0,0.00041994190542027354,0.20997095271013677,200.0,0.0004595693026203662,0.09191386052407324,0.4637318659329665,0.07583282142877579,0.035166095780127644,0.0,0.0,0.0
929,0.5313902497291565,1.0,0.0002900648978538811,0.0002900648978538811,20.0,0.003262623678892851,0.06525247357785702,20.0,7.346150232478976e-05,0.0014692300464957952,10.0,0.01150454394519329,0.11504543945193291,0.0,0.01056967955082655,0.0,6.963481740870435,0.0013902890495955944,0.009681252411391032,0.0,0.30622348189353943,0.0,500.0,0.0004247257602401078,0.2123628801200539,200.0,0.00046055830898694694,0.09211166179738939,0.464232116058029,0.07577505707740784,0.03517721509146297,0.0,0.0,0.0
930,0.532746434211731,1.0,0.00029050945886410773,0.00029050945886410773,20.0,0.003274673130363226,0.06549346260726452,20.0,7.530010771006346e-05,0.0015060021542012691,10.0,0.011520524509251118,0.11520524509251118,0.0,0.010533390566706657,0.0,6.970985492746373,0.0013862913474440575,0.009663816871752346,0.0,0.3063604235649109,0.0,500.0,0.00042691631824709475,0.21345815912354738,200.0,0.00045976071851328015,0.09195214370265603,0.46473236618309155,0.07569324225187302,0.03517709957578291,0.0,0.0,0.0
931,0.5286190509796143,1.0,0.00029321093461476266,0.00029321093461476266,20.0,0.003288199659436941,0.06576399318873882,20.0,7.871838170103729e-05,0.0015743676340207458,10.0,0.011528793722391129,0.11528793722391129,0.0,0.010525950230658054,0.0,6.9784892446223115,0.0012001947034150362,0.008375545829234495,0.0,0.3066149652004242,0.0,500.0,0.00042124150786548853,0.21062075393274426,200.0,0.00045766218681819737,0.09153243736363947,0.4652326163081541,0.07559838145971298,0.03517083279516412,0.0,0.0,0.0
932,0.5282262563705444,1.0,0.0002962973085232079,0.0002962973085232079,20.0,0.0032965252175927162,0.06593050435185432,20.0,8.097550016827881e-05,0.0016195100033655763,10.0,0.011529688723385334,0.11529688723385334,0.0,0.010524658486247063,0.0,6.985992996498249,0.001217320212163031,0.008504190476666697,0.0,0.3068355619907379,0.0,500.0,0.00041981099639087915,0.20990549819543958,200.0,0.00045754286111332476,0.09150857222266495,0.4657328664332166,0.07550417631864548,0.03516477646456175,0.0,0.0,0.0
933,0.5283697843551636,1.0,0.00029758462915197015,0.00029758462915197015,20.0,0.0033085807226598263,0.06617161445319653,20.0,8.25253373477608e-05,0.001650506746955216,10.0,0.011533834040164948,0.11533834040164948,0.0,0.010505235753953457,0.0,6.993496748374187,0.0011105057783424854,0.007766318549888918,0.0,0.3069227933883667,0.0,500.0,0.0004207846359349787,0.21039231796748936,200.0,0.0004579300875775516,0.09158601751551032,0.46623311655827915,0.07542811334133148,0.03516708435924009,0.0,0.0,0.0
934,0.5290321707725525,1.0,0.0002966280735563487,0.0002966280735563487,20.0,0.003315139561891556,0.06630279123783112,20.0,8.013455953914672e-05,0.0016026911907829344,10.0,0.011542411521077156,0.11542411521077156,0.0,0.010445751249790192,0.0,7.001000500250125,0.0011745148804038763,0.008222779265258754,0.0,0.30666419863700867,0.0,500.0,0.00042107701301574707,0.21053850650787354,200.0,0.000457344256574288,0.0914688513148576,0.46673336668334164,0.0753660649061203,0.03517585720730877,0.0,0.0,0.0
935,0.5309644341468811,1.0,0.0002950049820356071,0.0002950049820356071,20.0,0.003315984969958663,0.06631969939917326,20.0,7.769854710204527e-05,0.0015539709420409054,10.0,0.011553297750651836,0.11553297750651836,0.0,0.01039132010191679,0.0,7.008504252126063,0.0011088488390669227,0.007771371803565576,0.0,0.30648380517959595,0.0,500.0,0.0004257313848938793,0.21286569244693965,200.0,0.00045712169958278537,0.09142433991655707,0.4672336168084042,0.07534002512693405,0.03520139243049345,0.0,0.0,0.0
936,0.5330538749694824,1.0,0.0002933418727479875,0.0002933418727479875,20.0,0.0033086235634982586,0.06617247126996517,20.0,7.572749018436298e-05,0.0015145498036872596,10.0,0.011561745777726173,0.11561745777726173,0.0,0.010367268696427345,0.0,7.016008004002001,0.0009306236170232296,0.006529262745748271,0.0,0.30622637271881104,0.0,500.0,0.0004322748864069581,0.21613744320347905,200.0,0.0004577590152621269,0.09155180305242538,0.46773386693346675,0.075336754322052,0.03523755142126995,0.0,0.0,0.0
937,0.5316467881202698,1.0,0.00029267132049426436,0.00029267132049426436,20.0,0.0032838033512234688,0.06567606702446938,20.0,7.646876474609599e-05,0.0015293752949219197,10.0,0.011558291502296925,0.11558291502296925,0.0,0.010446320287883282,0.0,7.023511755877939,0.0010856585577130318,0.007625135642966967,0.0,0.30637088418006897,0.0,500.0,0.0004281180736143142,0.2140590368071571,200.0,0.00045795366168022156,0.09159073233604431,0.46823411705852924,0.07537007331848145,0.035290839732915774,0.0,0.0,0.0
938,0.530823290348053,1.0,0.0002922440762631595,0.0002922440762631595,20.0,0.0032580678816884756,0.06516135763376951,20.0,7.715575338806957e-05,0.0015431150677613914,10.0,0.011550141498446465,0.11550141498446465,0.0,0.01054478995501995,0.0,7.031015507753877,0.0013835190329700708,0.009727543776085215,0.0,0.3065608739852905,0.0,500.0,0.0004230489721521735,0.21152448607608676,200.0,0.00045864630374126136,0.09172926074825227,0.4687343671835918,0.07540281116962433,0.03534388897745773,0.0,0.0,0.0
939,0.5279916524887085,1.0,0.0002930526970885694,0.0002930526970885694,20.0,0.0032389569096267223,0.06477913819253445,20.0,7.78899120632559e-05,0.0015577982412651181,10.0,0.011543584987521172,0.11543584987521172,0.0,0.010635280050337315,0.0,7.0385192596298145,0.0011675299610942602,0.008217682117356798,0.0,0.30670467019081116,0.0,500.0,0.00042076018871739507,0.21038009435869753,200.0,0.0004596512299031019,0.09193024598062038,0.46923461730865434,0.07543724775314331,0.03539776808026435,0.0,0.0,0.0
940,0.5280760526657104,1.0,0.0002934399526566267,0.0002934399526566267,20.0,0.0032412621658295393,0.06482524331659079,20.0,7.927180558908731e-05,0.0015854361117817461,10.0,0.011548868380486965,0.11548868380486965,0.0,0.010664896108210087,0.0,7.046023011505753,0.0012188146356493235,0.008587795969545132,0.0,0.3067958950996399,0.0,500.0,0.00041992426849901676,0.20996213424950838,200.0,0.0004594701458700001,0.09189402917400002,0.46973486743371684,0.07544539123773575,0.0354393308515427,0.0,0.0,0.0
941,0.5283852815628052,1.0,0.00029360275948420167,0.00029360275948420167,20.0,0.0032533311750739813,0.06506662350147963,20.0,7.893766451161355e-05,0.001578753290232271,10.0,0.011562596075236797,0.11562596075236797,0.0,0.01063642930239439,0.0,7.053526763381691,0.001261962577700615,0.008901286816197434,0.0,0.3067413866519928,0.0,500.0,0.0004194843349978328,0.2097421674989164,200.0,0.0004584678099490702,0.09169356198981404,0.4702351175587794,0.07545863091945648,0.03548329818123516,0.0,0.0,0.0
942,0.5302090048789978,1.0,0.0002933603245764971,0.0002933603245764971,20.0,0.0032820343039929867,0.06564068607985973,20.0,7.820305472705513e-05,0.0015640610945411026,10.0,0.011584172956645489,0.11584172956645489,0.0,0.010548355989158154,0.0,7.061030515257629,0.001244588172994554,0.008788075068443287,0.0,0.30652451515197754,0.0,500.0,0.00042201532050967216,0.21100766025483608,200.0,0.00045776160550303757,0.09155232110060751,0.47073536768384194,0.07545874267816544,0.03552109897956662,0.0,0.0,0.0
943,0.5321989059448242,1.0,0.00029337621526792645,0.00029337621526792645,20.0,0.003304252400994301,0.06608504801988602,20.0,7.76474698795937e-05,0.001552949397591874,10.0,0.0115981325507164,0.115981325507164,0.0,0.010492367669939995,0.0,7.0685342671335665,0.0011714518768712878,0.00828044773396263,0.0,0.30645501613616943,0.0,500.0,0.0004258068511262536,0.2129034255631268,200.0,0.00045776000479236245,0.09155200095847249,0.47123561780890444,0.07544077932834625,0.035550382254778475,0.0,0.0,0.0
944,0.5320188999176025,1.0,0.0002938024699687958,0.0002938024699687958,20.0,0.0033206255175173283,0.06641251035034657,20.0,7.674114021938294e-05,0.0015348228043876588,10.0,0.011606845073401928,0.11606845073401928,0.0,0.010455692186951637,0.0,7.076038019009505,0.0009997781598940492,0.007074468269985656,0.0,0.30635714530944824,0.0,500.0,0.0004270537756383419,0.21352688781917095,200.0,0.0004577074432745576,0.09154148865491152,0.471735867933967,0.07539477199316025,0.035566418203876994,0.0,0.0,0.0
945,0.5296316742897034,1.0,0.00029461405938491225,0.00029461405938491225,20.0,0.0033191039692610502,0.066382079385221,20.0,7.576269854325801e-05,0.0015152539708651602,10.0,0.011603114195168018,0.11603114195168018,0.0,0.01048155315220356,0.0,7.083541770885443,0.001043356372974813,0.00739065844988662,0.0,0.3064005970954895,0.0,500.0,0.00042196238064207137,0.21098119032103568,200.0,0.00045729632256552577,0.09145926451310515,0.47223611805902954,0.07533832639455795,0.03557747879763017,0.0,0.0,0.0
946,0.5278988480567932,1.0,0.0002944132429547608,0.0002944132429547608,20.0,0.0033046621829271317,0.06609324365854263,20.0,7.717983680777252e-05,0.0015435967361554503,10.0,0.011599712073802948,0.11599712073802948,0.0,0.010560031048953533,0.0,7.091045522761381,0.0011126690078526735,0.007889986586449049,0.0,0.3066573143005371,0.0,500.0,0.0004181484109722078,0.2090742054861039,200.0,0.00045704637886956334,0.09140927577391267,0.47273636818409204,0.07530000805854797,0.035597052333830835,0.0,0.0,0.0
947,0.5291708707809448,1.0,0.00029420360806398094,0.00029420360806398094,20.0,0.003300582990050316,0.06601165980100632,20.0,8.088519098237157e-05,0.0016177038196474314,10.0,0.011602632701396942,0.11602632701396942,0.0,0.010626553557813168,0.0,7.098549274637318,0.0012860551942139864,0.009129126166031249,0.0,0.30693143606185913,0.0,500.0,0.00041806313674896955,0.20903156837448478,200.0,0.0004571745521388948,0.09143491042777896,0.4732366183091546,0.0752803310751915,0.03562540930321719,0.0,0.0,0.0
948,0.5300076007843018,1.0,0.00029432703740894794,0.00029432703740894794,20.0,0.003299357835203409,0.06598715670406818,20.0,8.281211921712384e-05,0.0016562423843424767,10.0,0.011599953286349773,0.11599953286349773,0.0,0.01067893672734499,0.0,7.106053026513257,0.001370361540466547,0.009737861772049675,0.0,0.3070116341114044,0.0,500.0,0.00041830341797322035,0.20915170898661017,200.0,0.00045762615627609193,0.09152523125521839,0.4737368684342171,0.07526438683271408,0.03565551492275149,0.0,0.0,0.0
949,0.5283389687538147,1.0,0.00029454115428961813,0.00029454115428961813,20.0,0.003299796488136053,0.06599592976272106,20.0,8.061867265496403e-05,0.0016123734530992806,10.0,0.011591384187340736,0.11591384187340736,0.0,0.010689398273825645,0.0,7.113556778389195,0.001279934891499579,0.009104889523323669,0.0,0.3069496750831604,0.0,500.0,0.00041635928209871054,0.20817964104935527,200.0,0.0004577225772663951,0.09154451545327902,0.47423711855927964,0.07526454329490662,0.035693240141856666,0.0,0.0,0.0
950,0.5279743671417236,1.0,0.0002946917084045708,0.0002946917084045708,20.0,0.003303521778434515,0.0660704355686903,20.0,7.774456025799736e-05,0.0015548912051599473,10.0,0.011588744819164276,0.11588744819164276,0.0,0.010671775788068771,0.0,7.121060530265132,0.0012892928207293153,0.009181132217649726,0.0,0.30683305859565735,0.0,500.0,0.000415374175645411,0.2076870878227055,200.0,0.00045776908518746495,0.09155381703749299,0.4747373686843422,0.07529396563768387,0.03574485912464332,0.0,0.0,0.0
951,0.5277098417282104,1.0,0.00029491831082850695,0.00029491831082850695,20.0,0.003310150932520628,0.06620301865041256,20.0,7.761039887554944e-05,0.0015522079775109887,10.0,0.011593295261263847,0.11593295261263847,0.0,0.010668163187801838,0.0,7.12856428214107,0.0012248557759448886,0.008731463135174918,0.0,0.3067745566368103,0.0,500.0,0.00041542062535881996,0.20771031267940998,200.0,0.0004574773774947971,0.09149547549895942,0.4752376188094047,0.07530859112739563,0.03578947552327456,0.0,0.0,0.0
952,0.5291339755058289,1.0,0.00029472168534994125,0.00029472168534994125,20.0,0.00331684947013855,0.066336989402771,20.0,7.861475751269609e-05,0.0015722951502539217,10.0,0.011604959145188332,0.11604959145188332,0.0,0.010658763349056244,0.0,7.136068034017009,0.0012558195739984512,0.008961613918503206,0.0,0.30673453211784363,0.0,500.0,0.0004172857152298093,0.20864285761490464,200.0,0.0004572407924570143,0.09144815849140286,0.47573786893446723,0.07530976831912994,0.03582770869009133,0.0,0.0,0.0
953,0.5296185612678528,1.0,0.00029498583171516657,0.00029498583171516657,20.0,0.0033135178964585066,0.06627035792917013,20.0,7.887883839430287e-05,0.0015775767678860575,10.0,0.011616558767855167,0.11616558767855167,0.0,0.010650507174432278,0.0,7.143571785892947,0.0013240715488791466,0.009458600159076645,0.0,0.30660122632980347,0.0,500.0,0.0004170751490164548,0.2085375745082274,200.0,0.0004572706238832325,0.0914541247766465,0.4762381190595298,0.07529795914888382,0.035859758434085745,0.0,0.0,0.0
954,0.5275645852088928,1.0,0.0002952739305328578,0.0002952739305328578,20.0,0.003300366923213005,0.0660073384642601,20.0,7.809278031345457e-05,0.0015618556062690914,10.0,0.011627384461462498,0.11627384461462498,0.0,0.010642164386808872,0.0,7.151075537768884,0.001118144253268838,0.007995934017247642,0.0,0.30656126141548157,0.0,500.0,0.0004161721153650433,0.20808605768252164,200.0,0.0004573006008286029,0.09146012016572058,0.4767383691845923,0.07527010887861252,0.03588414895513643,0.0,0.0,0.0
955,0.5285736322402954,1.0,0.0002944321895483881,0.0002944321895483881,20.0,0.0032885137479752302,0.0657702749595046,20.0,7.72041457821615e-05,0.00154408291564323,10.0,0.01163958664983511,0.1163958664983511,0.0,0.010623149573802948,0.0,7.158579289644822,0.0011799249332398176,0.008446586190426108,0.0,0.30657070875167847,0.0,500.0,0.000417388160713017,0.2086940803565085,200.0,0.0004576423089019954,0.09152846178039908,0.47723861930965483,0.07522400468587875,0.03589980013523178,0.0,0.0,0.0
956,0.5298308730125427,1.0,0.0002931590424850583,0.0002931590424850583,20.0,0.0032746251672506332,0.06549250334501266,20.0,7.596131035825238e-05,0.0015192262071650475,10.0,0.011647072620689869,0.11647072620689869,0.0,0.01061235647648573,0.0,7.166083041520761,0.001256365329027176,0.009003218278296296,0.0,0.30649054050445557,0.0,500.0,0.0004189822939224541,0.20949114696122706,200.0,0.00045824694097973406,0.09164938819594681,0.4777388694347174,0.07516974210739136,0.035911507610084416,0.0,0.0,0.0
957,0.5301116108894348,1.0,0.0002919828111771494,0.0002919828111771494,20.0,0.0032607312314212322,0.06521462462842464,20.0,7.515041215810925e-05,0.001503008243162185,10.0,0.011650621891021729,0.11650621891021729,0.0,0.010620326735079288,0.0,7.173586793396698,0.0012582659255713224,0.00902627982625951,0.0,0.3063802421092987,0.0,500.0,0.0004197248781565577,0.20986243907827884,200.0,0.0004588478186633438,0.09176956373266876,0.4782391195597799,0.07514547556638718,0.035937506073769956,0.0,0.0,0.0
958,0.528904378414154,1.0,0.00029126787558197975,0.00029126787558197975,20.0,0.003250136971473694,0.06500273942947388,20.0,7.557433855254203e-05,0.0015114867710508406,10.0,0.011649413965642452,0.11649413965642452,0.0,0.010651729069650173,0.0,7.181090545272636,0.0011643702164292336,0.008361447952397022,0.0,0.30646851658821106,0.0,500.0,0.00041893532034009695,0.20946766017004848,200.0,0.0004591355100274086,0.09182710200548172,0.47873936968484243,0.07508998364210129,0.0359485314384647,0.0,0.0,0.0
959,0.5288152098655701,1.0,0.0002909288159571588,0.0002909288159571588,20.0,0.0032470091246068478,0.06494018249213696,20.0,7.671003550058231e-05,0.0015342007100116462,10.0,0.011646178551018238,0.11646178551018238,0.0,0.010686776600778103,0.0,7.188594297148574,0.0012314911000430584,0.008852689898758754,0.0,0.3067344129085541,0.0,500.0,0.00041786133078858256,0.20893066539429128,200.0,0.00045919197145849466,0.09183839429169893,0.4792396198099049,0.07504879683256149,0.035966356861227566,0.0,0.0,0.0
960,0.5274108648300171,1.0,0.0002914295473601669,0.0002914295473601669,20.0,0.003253525123000145,0.0650705024600029,20.0,7.70259284763597e-05,0.001540518569527194,10.0,0.011642269790172577,0.11642269790172577,0.0,0.010695350356400013,0.0,7.1960980490245126,0.0011240416206419468,0.008088713713323864,0.0,0.3068598508834839,0.0,500.0,0.00041652063373476267,0.20826031686738133,200.0,0.0004587673756759614,0.09175347513519228,0.4797398699349675,0.07500562816858292,0.035983190301986503,0.0,0.0,0.0
961,0.5280847549438477,1.0,0.0002921409031841904,0.0002921409031841904,20.0,0.0032669014763087034,0.06533802952617407,20.0,7.730514334980398e-05,0.0015461028669960797,10.0,0.01164335384964943,0.1164335384964943,0.0,0.010681448504328728,0.0,7.20360180090045,0.0012244659010320902,0.008820564769815957,0.0,0.3068666458129883,0.0,500.0,0.0004160949611105025,0.20804748055525124,200.0,0.0004580579698085785,0.0916115939617157,0.48024012006003003,0.07495272904634476,0.0359953075960435,0.0,0.0,0.0
962,0.528024435043335,1.0,0.00029299166635610163,0.00029299166635610163,20.0,0.003280875040218234,0.06561750080436468,20.0,7.76430097175762e-05,0.0015528601943515241,10.0,0.011651277542114258,0.11651277542114258,0.0,0.010654065757989883,0.0,7.211105552776388,0.0011861245147883892,0.008553269074874753,0.0,0.3068583011627197,0.0,500.0,0.00041601056000217795,0.20800528000108898,200.0,0.00045740301720798016,0.09148060344159603,0.4807403701850925,0.0749034509062767,0.03600911271682437,0.0,0.0,0.0
963,0.5278369188308716,1.0,0.0002937725221272558,0.0002937725221272558,20.0,0.0032923081889748573,0.06584616377949715,20.0,7.77647364884615e-05,0.0015552947297692299,10.0,0.011664101853966713,0.11664101853966713,0.0,0.010617355816066265,0.0,7.218609304652326,0.0011108767939731479,0.008018985561296911,0.0,0.30694130063056946,0.0,500.0,0.00041612115455791354,0.20806057727895677,200.0,0.0004569578159134835,0.0913915631826967,0.4812406203101551,0.0748681128025055,0.036029577046528406,0.0,0.0,0.0
964,0.5280572175979614,1.0,0.00029420206556096673,0.00029420206556096673,20.0,0.003298715455457568,0.06597430910915136,20.0,7.793918484821916e-05,0.0015587836969643831,10.0,0.011678015813231468,0.11678015813231468,0.0,0.010585317388176918,0.0,7.2261130565282645,0.0010679985862225294,0.007717478528256347,0.0,0.3069135248661041,0.0,500.0,0.00041666539618745446,0.20833269809372723,200.0,0.0004566962015815079,0.09133924031630158,0.4817408704352176,0.07485424727201462,0.03606035023659333,0.0,0.0,0.0
965,0.5287149548530579,1.0,0.0002941759303212166,0.0002941759303212166,20.0,0.003301317570731044,0.06602635141462088,20.0,7.681723218411207e-05,0.0015363446436822414,10.0,0.011689968407154083,0.11689968407154083,0.0,0.010542252101004124,0.0,7.233616808404202,0.0010641916887834668,0.0076979548873481385,0.0,0.3068227171897888,0.0,500.0,0.00041765396599657834,0.20882698299828917,200.0,0.0004566831048578024,0.09133662097156048,0.4822411205602801,0.07485216856002808,0.03609679364275491,0.0,0.0,0.0
966,0.5282683372497559,1.0,0.00029388186521828175,0.00029388186521828175,20.0,0.003297899616882205,0.0659579923376441,20.0,7.549740985268727e-05,0.0015099481970537454,10.0,0.01169547252357006,0.11695472523570061,0.0,0.010518750175833702,0.0,7.24112056028014,0.0009564141510054469,0.006925510172988416,0.0,0.3067474961280823,0.0,500.0,0.00041823554784059525,0.20911777392029762,200.0,0.0004568889853544533,0.09137779707089067,0.4827413706853427,0.0748448371887207,0.036130699293204345,0.0,0.0,0.0
967,0.5286487340927124,1.0,0.00029316911241039634,0.00029316911241039634,20.0,0.003288768697530031,0.06577537395060062,20.0,7.458940672222525e-05,0.001491788134444505,10.0,0.011695466935634613,0.11695466935634613,0.0,0.010522211901843548,0.0,7.248624312156078,0.0010057962499558926,0.0072906391505056945,0.0,0.30661845207214355,0.0,500.0,0.0004184959107078612,0.2092479553539306,200.0,0.0004571627941913903,0.09143255883827806,0.4832416208104052,0.07483334094285965,0.03616258496788516,0.0,0.0,0.0
968,0.5296628475189209,1.0,0.0002924033906310797,0.0002924033906310797,20.0,0.0032769832760095596,0.06553966552019119,20.0,7.468822150258347e-05,0.0014937644300516695,10.0,0.011691225692629814,0.11691225692629814,0.0,0.010552086867392063,0.0,7.256128064032016,0.001197397243231535,0.00868846774040691,0.0,0.3066539168357849,0.0,500.0,0.0004181251861155033,0.20906259305775166,200.0,0.0004574065387714654,0.09148130775429308,0.4837418709354677,0.07481751590967178,0.03619236512488875,0.0,0.0,0.0
969,0.5274641513824463,1.0,0.00029227996128611267,0.00029227996128611267,20.0,0.0032665010076016188,0.06533002015203238,20.0,7.441522757289931e-05,0.0014883045514579862,10.0,0.011684207245707512,0.11684207245707512,0.0,0.010578869841992855,0.0,7.263631815907954,0.0010200438555330038,0.007409223002670943,0.0,0.3067072629928589,0.0,500.0,0.00041667759069241583,0.20833879534620792,200.0,0.00045773759484291077,0.09154751896858215,0.4842421210605303,0.07478894293308258,0.03621595635779087,0.0,0.0,0.0
970,0.5281097292900085,1.0,0.000291789008770138,0.000291789008770138,20.0,0.0032590541522949934,0.06518108304589987,20.0,7.547406130470335e-05,0.001509481226094067,10.0,0.011681939475238323,0.11681939475238323,0.0,0.01061045192182064,0.0,7.271135567783892,0.001124981907196343,0.008179895958528687,0.0,0.30678436160087585,0.0,500.0,0.00041657022666186094,0.20828511333093047,200.0,0.0004580311942845583,0.09160623885691166,0.4847423711855928,0.07475458830595016,0.03623671639242907,0.0,0.0,0.0
971,0.5281447172164917,1.0,0.0002915508230216801,0.0002915508230216801,20.0,0.0032530806493014097,0.0650616129860282,20.0,7.565470150439069e-05,0.0015130940300878137,10.0,0.011679778806865215,0.11679778806865215,0.0,0.010631938464939594,0.0,7.27863931965983,0.0011530861956998706,0.008392898522978047,0.0,0.30682942271232605,0.0,500.0,0.0004163082339800894,0.2081541169900447,200.0,0.00045838241931051016,0.09167648386210203,0.4852426213106553,0.07471970468759537,0.03625718536616684,0.0,0.0,0.0
972,0.5271313190460205,1.0,0.0002916795783676207,0.0002916795783676207,20.0,0.0032493751496076584,0.06498750299215317,20.0,7.474991434719414e-05,0.0014949982869438827,10.0,0.011678937822580338,0.11678937822580338,0.0,0.010634087957441807,0.0,7.286143071535768,0.0010505651589483023,0.007654568054068045,0.0,0.30682286620140076,0.0,500.0,0.00041582464473322034,0.20791232236661017,200.0,0.00045863568084314466,0.09172713616862893,0.48574287143571787,0.0746767446398735,0.03627369637084401,0.0,0.0,0.0
973,0.5296884775161743,1.0,0.000290892698103562,0.000290892698103562,20.0,0.003252106485888362,0.06504212971776724,20.0,7.460045162588358e-05,0.0014920090325176716,10.0,0.011686730198562145,0.11686730198562145,0.0,0.010618355125188828,0.0,7.293646823411706,0.0012467352207750082,0.00909324638264113,0.0,0.3068181574344635,0.0,500.0,0.00041779380990192294,0.20889690495096147,200.0,0.000458574912045151,0.0917149824090302,0.48624312156078037,0.07463555783033371,0.036291026618851606,0.0,0.0,0.0
974,0.5287259221076965,1.0,0.0002908138558268547,0.0002908138558268547,20.0,0.003248955588787794,0.06497911177575588,20.0,7.396941509796306e-05,0.0014793883019592613,10.0,0.011694606393575668,0.11694606393575668,0.0,0.010607872158288956,0.0,7.301150575287644,0.0011208252981305122,0.008183314270242534,0.0,0.30676940083503723,0.0,500.0,0.0004176422953605652,0.2088211476802826,200.0,0.00045860771206207573,0.09172154241241515,0.4867433716858429,0.07458663731813431,0.03630455133093781,0.0,0.0,0.0
975,0.5283860564231873,1.0,0.0002910213079303503,0.0002910213079303503,20.0,0.0032423404045403004,0.06484680809080601,20.0,7.322127930819988e-05,0.0014644255861639977,10.0,0.011700822971761227,0.11700822971761227,0.0,0.01060684397816658,0.0,7.308654327163582,0.001144123263657093,0.008362001441735933,0.0,0.30680060386657715,0.0,500.0,0.00041674001840874553,0.20837000920437276,200.0,0.0004585978458635509,0.09171956917271018,0.48724362181090547,0.07454992830753326,0.036323977074305853,0.0,0.0,0.0
976,0.5294498205184937,1.0,0.00029108618036843836,0.00029108618036843836,20.0,0.0032427608966827393,0.06485521793365479,20.0,7.336432463489473e-05,0.0014672864926978946,10.0,0.011705998331308365,0.11705998331308365,0.0,0.010598496533930302,0.0,7.3161580790395195,0.0012681077932938933,0.009277677077000095,0.0,0.3068089783191681,0.0,500.0,0.00041695410618558526,0.20847705309279263,200.0,0.0004583626869134605,0.0916725373826921,0.48774387193596797,0.07452477514743805,0.03634900238556883,0.0,0.0,0.0
977,0.5298376083374023,1.0,0.0002906268055085093,0.0002906268055085093,20.0,0.0032465425319969654,0.06493085063993931,20.0,7.339345756918192e-05,0.0014678691513836384,10.0,0.011708016507327557,0.11708016507327557,0.0,0.01058714184910059,0.0,7.323661830915458,0.001234804280102253,0.00904328897483591,0.0,0.3068113923072815,0.0,500.0,0.0004179858660791069,0.20899293303955346,200.0,0.0004582420224323869,0.09164840448647738,0.4882441220610305,0.07451905310153961,0.03638348965838052,0.0,0.0,0.0
978,0.529840350151062,1.0,0.00029061397071927786,0.00029061397071927786,20.0,0.0032547719310969114,0.06509543862193823,20.0,7.27465667296201e-05,0.001454931334592402,10.0,0.011707613244652748,0.11707613244652748,0.0,0.010560736991465092,0.0,7.331165582791396,0.001169996103271842,0.008577435164306577,0.0,0.3067765533924103,0.0,500.0,0.00041866343235597014,0.20933171617798507,200.0,0.0004579902160912752,0.09159804321825504,0.48874437218609307,0.0745093822479248,0.03641604124873564,0.0,0.0,0.0
979,0.5279775857925415,1.0,0.00029127817833796144,0.00029127817833796144,20.0,0.003259614808484912,0.06519229616969824,20.0,7.20132957212627e-05,0.0014402659144252539,10.0,0.01170327141880989,0.11703271418809891,0.0,0.010546952486038208,0.0,7.338669334667333,0.0010045727249234915,0.007372227050839229,0.0,0.3067447245121002,0.0,500.0,0.00041734534897841513,0.20867267448920757,200.0,0.000457662419648841,0.0915324839297682,0.48924462231115556,0.07448958605527878,0.036443629395729184,0.0,0.0,0.0
980,0.5293674468994141,1.0,0.00029206351609900594,0.00029206351609900594,20.0,0.0032671967055648565,0.06534393411129713,20.0,7.50705657992512e-05,0.001501411315985024,10.0,0.011706795543432236,0.11706795543432236,0.0,0.01056012511253357,0.0,7.3461730865432715,0.0011797865154221654,0.00866691594746098,0.0,0.30701491236686707,0.0,500.0,0.00041714240796864033,0.20857120398432016,200.0,0.0004572188772726804,0.09144377545453608,0.4897448724362181,0.07448814064264297,0.036480184937042255,0.0,0.0,0.0
981,0.5304338932037354,1.0,0.00029257661662995815,0.00029257661662995815,20.0,0.003273952752351761,0.06547905504703522,20.0,7.662859570700675e-05,0.001532571914140135,10.0,0.011707737110555172,0.11707737110555172,0.0,0.010558861307799816,0.0,7.35367683841921,0.0012645733077079058,0.009299263443374796,0.0,0.30701741576194763,0.0,500.0,0.0004176280926913023,0.20881404634565115,200.0,0.0004571096505969763,0.09142193011939526,0.49024512256128067,0.07448745518922806,0.03651711159852101,0.0,0.0,0.0
982,0.5285099148750305,1.0,0.00029195763636380434,0.00029195763636380434,20.0,0.0032736100256443024,0.06547220051288605,20.0,7.251050556078553e-05,0.0014502101112157106,10.0,0.011705704964697361,0.11705704964697361,0.0,0.010493469424545765,0.0,7.361180590295148,0.0009450269280932844,0.006956513880386534,0.0,0.3068758249282837,0.0,500.0,0.0004184936115052551,0.20924680575262755,200.0,0.0004574134072754532,0.09148268145509064,0.49074537268634316,0.07448357343673706,0.03655246900522214,0.0,0.0,0.0
983,0.5309412479400635,1.0,0.00029134945361875,0.00029134945361875,20.0,0.0032695771660655737,0.06539154332131147,20.0,7.333547546295449e-05,0.0014667095092590898,10.0,0.01171064656227827,0.11710646562278271,0.0,0.010493593290448189,0.0,7.368684342171085,0.0011898668017238379,0.00876775287113163,0.0,0.30683434009552,0.0,500.0,0.00041975596104748547,0.20987798052374274,200.0,0.0004572717589326203,0.09145435178652406,0.4912456228114057,0.07447407394647598,0.03658506283913928,0.0,0.0,0.0
984,0.5294679999351501,1.0,0.00029157352400943637,0.00029157352400943637,20.0,0.003255378920584917,0.06510757841169834,20.0,7.467380783054978e-05,0.0014934761566109955,10.0,0.01171119324862957,0.1171119324862957,0.0,0.010537787340581417,0.0,7.3761880940470235,0.0011717381421476603,0.00864296093345035,0.0,0.30692726373672485,0.0,500.0,0.0004174711648374796,0.2087355824187398,200.0,0.00045735761523246765,0.09147152304649353,0.4917458729364682,0.0744558796286583,0.036613371523247173,0.0,0.0,0.0
985,0.5293598771095276,1.0,0.0002920333936344832,0.0002920333936344832,20.0,0.0032461141236126423,0.06492228247225285,20.0,7.492574513889849e-05,0.0014985149027779698,10.0,0.01170952245593071,0.1170952245593071,0.0,0.010564914904534817,0.0,7.383691845922962,0.0012419541599228978,0.009170206803632803,0.0,0.3069774806499481,0.0,500.0,0.00041642249561846256,0.20821124780923128,200.0,0.00045760575449094176,0.09152115089818835,0.49224612306153076,0.07445304840803146,0.03664922442896596,0.0,0.0,0.0
986,0.5296902656555176,1.0,0.0002918700920417905,0.0002918700920417905,20.0,0.003243178827688098,0.06486357655376196,20.0,7.50081890146248e-05,0.001500163780292496,10.0,0.011708145029842854,0.11708145029842854,0.0,0.010578105226159096,0.0,7.391195597798899,0.001292167929932475,0.009550665915333826,0.0,0.30690404772758484,0.0,500.0,0.00041635974775999784,0.20817987387999892,200.0,0.0004577140789479017,0.09154281578958035,0.4927463731865933,0.07443961501121521,0.036679850318182584,0.0,0.0,0.0
987,0.5307623147964478,1.0,0.00029133446514606476,0.00029133446514606476,20.0,0.003245292231440544,0.06490584462881088,20.0,7.4911025876645e-05,0.0014982205175329,10.0,0.011706610210239887,0.11706610210239887,0.0,0.010577850975096226,0.0,7.398699349674837,0.0013737704139202833,0.010164114268074531,0.0,0.3068566620349884,0.0,500.0,0.0004171030013822019,0.20855150069110096,200.0,0.00045789877185598016,0.09157975437119603,0.4932466233116558,0.07441603392362595,0.036705457453074124,0.0,0.0,0.0
988,0.5308551788330078,1.0,0.0002914331271313131,0.0002914331271313131,20.0,0.0032524156849831343,0.06504831369966269,20.0,7.383973570540547e-05,0.0014767947141081095,10.0,0.011703208088874817,0.11703208088874817,0.0,0.010553411208093166,0.0,7.406203101550775,0.001329707563854754,0.009848084283576605,0.0,0.30675116181373596,0.0,500.0,0.0004176358343102038,0.2088179171551019,200.0,0.00045805939589627087,0.09161187917925417,0.49374687343671836,0.07438770681619644,0.03672869766262426,0.0,0.0,0.0
989,0.5292147994041443,1.0,0.000292372889816761,0.000292372889816761,20.0,0.0032588564790785313,0.06517712958157063,20.0,7.273304072441533e-05,0.0014546608144883066,10.0,0.011700427159667015,0.11700427159667015,0.0,0.010526573285460472,0.0,7.413706853426714,0.0011515009682625532,0.008536890620135587,0.0,0.3065868020057678,0.0,500.0,0.00041684185271151364,0.20842092635575682,200.0,0.0004578741791192442,0.09157483582384884,0.4942471235617809,0.07436303794384003,0.036753717603058504,0.0,0.0,0.0
990,0.5284249186515808,1.0,0.0002934635558631271,0.0002934635558631271,20.0,0.00326350424438715,0.065270084887743,20.0,7.53445056034252e-05,0.001506890112068504,10.0,0.011708755977451801,0.11708755977451801,0.0,0.010523729026317596,0.0,7.421210605302651,0.0010603590635582805,0.007869147927907499,0.0,0.30665943026542664,0.0,500.0,0.0004162652185186744,0.2081326092593372,200.0,0.000457431364338845,0.091486272867769,0.4947473736868434,0.07433871924877167,0.03677888611157337,0.0,0.0,0.0
991,0.5291988849639893,1.0,0.00029401713982224464,0.00029401713982224464,20.0,0.0032695455010980368,0.06539091002196074,20.0,7.765113696223125e-05,0.001553022739244625,10.0,0.011721473187208176,0.11721473187208176,0.0,0.010502402670681477,0.0,7.428714357178589,0.0010336978593841195,0.007679046128991583,0.0,0.3067781627178192,0.0,500.0,0.0004176212241873145,0.20881061209365726,200.0,0.00045727769611403346,0.09145553922280669,0.49524762381190596,0.07430829107761383,0.0368010045857117,0.0,0.0,0.0
992,0.5316957235336304,1.0,0.0002935142838396132,0.0002935142838396132,20.0,0.0032713967375457287,0.06542793475091457,20.0,7.721370639046654e-05,0.0015442741278093308,10.0,0.011726437136530876,0.11726437136530876,0.0,0.010465993545949459,0.0,7.436218109054527,0.0012003550073131919,0.008926101642676636,0.0,0.30660268664360046,0.0,500.0,0.00041985444840975106,0.20992722420487553,200.0,0.000457411864772439,0.0914823729544878,0.4957478739369685,0.0742916390299797,0.03682992210040515,0.0,0.0,0.0
993,0.5296465754508972,1.0,0.0002934041840489954,0.0002934041840489954,20.0,0.003263970371335745,0.0652794074267149,20.0,7.592952897539362e-05,0.0015185905795078725,10.0,0.011724311858415604,0.11724311858415604,0.0,0.010460388846695423,0.0,7.443721860930466,0.0010099990759044886,0.00751815220082981,0.0,0.30651742219924927,0.0,500.0,0.00041875752503983676,0.20937876251991838,200.0,0.00045778468484058976,0.09155693696811795,0.496248124062031,0.07427371293306351,0.03685819071015457,0.0,0.0,0.0
994,0.5287479758262634,1.0,0.0002930622431449592,0.0002930622431449592,20.0,0.0032504915725439787,0.06500983145087957,20.0,7.551212911494076e-05,0.0015102425822988153,10.0,0.01171986572444439,0.1171986572444439,0.0,0.010488968342542648,0.0,7.451225612806403,0.0010287765180692077,0.007665645941291069,0.0,0.30655306577682495,0.0,500.0,0.0004171032924205065,0.20855164621025324,200.0,0.0004581859102472663,0.09163718204945326,0.49674837418709356,0.07424619793891907,0.03688167811573118,0.0,0.0,0.0
995,0.5305153727531433,1.0,0.0002918691898230463,0.0002918691898230463,20.0,0.0032411026768386364,0.06482205353677273,20.0,7.57844973122701e-05,0.001515689946245402,10.0,0.01171757373958826,0.1171757373958826,0.0,0.010515988804399967,0.0,7.458729364682341,0.0012460316065698862,0.009293812533245124,0.0,0.30660638213157654,0.0,500.0,0.0004176176735199988,0.2088088367599994,200.0,0.0004585077113006264,0.09170154226012528,0.49724862431215605,0.07422017306089401,0.03690587895073969,0.0,0.0,0.0
996,0.529106080532074,1.0,0.0002915409568231553,0.0002915409568231553,20.0,0.0032362460624426603,0.0647249212488532,20.0,7.493042357964441e-05,0.0014986084715928882,10.0,0.011714654043316841,0.11714654043316841,0.0,0.010520282201468945,0.0,7.466233116558279,0.0010933717712759972,0.008163368527410834,0.0,0.30660244822502136,0.0,500.0,0.00041718786815181375,0.20859393407590687,200.0,0.0004588064330164343,0.09176128660328686,0.4977488744372186,0.07418574392795563,0.03692587053942764,0.0,0.0,0.0
997,0.5297169089317322,1.0,0.00029192015063017607,0.00029192015063017607,20.0,0.0032362518832087517,0.06472503766417503,20.0,7.689613266848028e-05,0.0015379226533696055,10.0,0.011720262467861176,0.11720262467861176,0.0,0.010532480664551258,0.0,7.473736868434217,0.00118467106949538,0.008853919849055016,0.0,0.30669713020324707,0.0,500.0,0.0004168491286691278,0.2084245643345639,200.0,0.0004586599243339151,0.09173198486678302,0.49824912456228115,0.07415751367807388,0.0369489162698157,0.0,0.0,0.0
998,0.530064046382904,1.0,0.000292490964056924,0.000292490964056924,20.0,0.003238887991756201,0.06477775983512402,20.0,7.738786371191964e-05,0.0015477572742383927,10.0,0.011724978685379028,0.11724978685379028,0.0,0.010524040088057518,0.0,7.481240620310155,0.0012261637020856142,0.009173225695192777,0.0,0.30670347809791565,0.0,500.0,0.00041671760845929384,0.20835880422964692,200.0,0.00045840872917324305,0.09168174583464861,0.49874937468734365,0.07415038347244263,0.0369824573897075,0.0,0.0,0.0
999,0.5296948552131653,1.0,0.00029247539350762963,0.00029247539350762963,20.0,0.0032460882794111967,0.06492176558822393,20.0,7.649012695765123e-05,0.0015298025391530246,10.0,0.011727673932909966,0.11727673932909966,0.0,0.01049097254872322,0.0,7.488744372186093,0.0011051439214497805,0.008276140322212713,0.0,0.30663058161735535,0.0,500.0,0.0004175372305326164,0.2087686152663082,200.0,0.0004580879467539489,0.09161758935078979,0.4992496248124062,0.0741347000002861,0.03701172116072313,0.0,0.0,0.0
1000,0.5312538743019104,1.0,0.0002919162216130644,0.0002919162216130644,20.0,0.003252735361456871,0.06505470722913742,20.0,7.494799501728266e-05,0.0014989599003456533,10.0,0.011727213859558105,0.11727213859558105,0.0,0.010456468909978867,0.0,7.496248124062031,0.0011364035308361053,0.008518762836207623,0.0,0.3065338134765625,0.0,500.0,0.0004198786919005215,0.20993934595026076,200.0,0.0004581501707434654,0.09163003414869308,0.49974987493746875,0.0741330087184906,0.03704796183580396,0.0,0.0,0.0
1001,0.5316300988197327,1.0,0.00029206593171693385,0.00029206593171693385,20.0,0.0032557628583163023,0.06511525716632605,20.0,7.371009269263595e-05,0.001474201853852719,10.0,0.011724046431481838,0.11724046431481838,0.0,0.01044004037976265,0.0,7.503751875937969,0.0011573954252526164,0.008684808093441344,0.0,0.3064826726913452,0.0,500.0,0.00042024743743240833,0.21012371871620417,200.0,0.0004581238026730716,0.09162476053461432,0.5002501250625313,0.07411254197359085,0.03707480839099092,0.0,0.0,0.0
1002,0.5298110842704773,1.0,0.00029259154689498246,0.00029259154689498246,20.0,0.0032544254790991545,0.06508850958198309,20.0,7.469100091839209e-05,0.0014938200183678418,10.0,0.011725795455276966,0.11725795455276966,0.0,0.01045322697609663,0.0,7.511255627813907,0.0010238444665446877,0.007690357511339913,0.0,0.306531697511673,0.0,500.0,0.00041866174433380365,0.20933087216690183,200.0,0.0004578323569148779,0.09156647138297558,0.5007503751875938,0.07406989485025406,0.03709052763637034,0.0,0.0,0.0
1003,0.5294278264045715,1.0,0.00029291684040799737,0.00029291684040799737,20.0,0.0032500289380550385,0.06500057876110077,20.0,7.688943878747523e-05,0.0015377887757495046,10.0,0.011729509569704533,0.11729509569704533,0.0,0.010487225838005543,0.0,7.518759379689845,0.0010526657570153475,0.007914740534237455,0.0,0.3066977560520172,0.0,500.0,0.000417511910200119,0.2087559551000595,200.0,0.000457647955045104,0.0915295910090208,0.5012506253126563,0.07401719689369202,0.037101166226853124,0.0,0.0,0.0
1004,0.530442476272583,1.0,0.0002924907021224499,0.0002924907021224499,20.0,0.0032445532269775867,0.06489106453955173,20.0,7.636251393705606e-05,0.0015272502787411213,10.0,0.0117307398468256,0.117307398468256,0.0,0.010491177439689636,0.0,7.526263131565783,0.001199791906401515,0.009029949590700748,0.0,0.30666762590408325,0.0,500.0,0.00041745317867025733,0.20872658933512866,200.0,0.0004577456275001168,0.09154912550002337,0.5017508754377189,0.07397818565368652,0.03711861941503131,0.0,0.0,0.0
1005,0.5293375253677368,1.0,0.0002922461717389524,0.0002922461717389524,20.0,0.0032397378236055374,0.06479475647211075,20.0,7.484978414140642e-05,0.0014969956828281283,10.0,0.011730282567441463,0.11730282567441463,0.0,0.010484278202056885,0.0,7.533766883441721,0.0010688102338463068,0.008052167144434907,0.0,0.30663079023361206,0.0,500.0,0.0004173712513875216,0.2086856256937608,200.0,0.0004578961816150695,0.0915792363230139,0.5022511255627814,0.07393446564674377,0.037133668588959855,0.0,0.0,0.0
1006,0.5303410291671753,1.0,0.00029225461184978485,0.00029225461184978485,20.0,0.0032407063990831375,0.06481412798166275,20.0,7.404552161460742e-05,0.0014809104322921485,10.0,0.011733124032616615,0.11733124032616615,0.0,0.01046930905431509,0.0,7.541270635317659,0.001161571592092514,0.008759725738266458,0.0,0.30655768513679504,0.0,500.0,0.0004178649396635592,0.2089324698317796,200.0,0.00045791093725711107,0.09158218745142221,0.5027513756878439,0.07388965040445328,0.03714812338993274,0.0,0.0,0.0
1007,0.5311258435249329,1.0,0.00029246154008433223,0.00029246154008433223,20.0,0.00324070081114769,0.0648140162229538,20.0,7.62801937526092e-05,0.0015256038750521839,10.0,0.01174036506563425,0.1174036506563425,0.0,0.01048137154430151,0.0,7.548774387193597,0.0012085363268852234,0.009122968070384202,0.0,0.3066819906234741,0.0,500.0,0.00041847702232189476,0.20923851116094738,200.0,0.0004577397194225341,0.09154794388450682,0.5032516258129065,0.07388097047805786,0.037180718509717964,0.0,0.0,0.0
1008,0.5306563377380371,1.0,0.00029329638346098363,0.00029329638346098363,20.0,0.0032419078052043915,0.06483815610408783,20.0,7.655356603208929e-05,0.0015310713206417859,10.0,0.011743880808353424,0.11743880808353424,0.0,0.01047590933740139,0.0,7.556278139069534,0.0011776088504120708,0.008898340012743537,0.0,0.30670154094696045,0.0,500.0,0.00041783013148233294,0.20891506574116647,200.0,0.0004576246428769082,0.09152492857538164,0.503751875937969,0.07387885451316833,0.037216611553156836,0.0,0.0,0.0
1009,0.5300633311271667,1.0,0.0002938185352832079,0.0002938185352832079,20.0,0.0032467185519635677,0.06493437103927135,20.0,7.590276800328866e-05,0.0015180553600657731,10.0,0.01174237858504057,0.11742378585040569,0.0,0.010465285740792751,0.0,7.563781890945473,0.0011106349993497133,0.008400600895531598,0.0,0.3066355884075165,0.0,500.0,0.00041746519855223596,0.20873259927611798,200.0,0.0004575447819661349,0.09150895639322698,0.5042521260630315,0.07387404888868332,0.03725114621300289,0.0,0.0,0.0
1010,0.5295151472091675,1.0,0.00029371201526373625,0.00029371201526373625,20.0,0.0032511937897652388,0.06502387579530478,20.0,7.479710620827973e-05,0.0014959421241655946,10.0,0.011739794164896011,0.11739794164896011,0.0,0.010449842549860477,0.0,7.571285642821411,0.0009797452948987484,0.007417931484888723,0.0,0.3065783977508545,0.0,500.0,0.0004181687254458666,0.2090843627229333,200.0,0.00045757711632177234,0.09151542326435447,0.5047523761880941,0.07386979460716248,0.03728595435649172,0.0,0.0,0.0
1011,0.5314536690711975,1.0,0.0002931589260697365,0.0002931589260697365,20.0,0.003249380737543106,0.06498761475086212,20.0,7.499651837861165e-05,0.001499930367572233,10.0,0.011736812070012093,0.11736812070012093,0.0,0.010467616841197014,0.0,7.578789394697349,0.0011941783595830202,0.00905042628698487,0.0,0.3065641224384308,0.0,500.0,0.00041877623880282044,0.20938811940141022,200.0,0.00045769961434416473,0.09153992286883295,0.5052526263131566,0.0738767459988594,0.037326419939393694,0.0,0.0,0.0
1012,0.5296000838279724,1.0,0.00029312371043488383,0.00029312371043488383,20.0,0.0032374165020883083,0.06474833004176617,20.0,7.519581413362175e-05,0.001503916282672435,10.0,0.011731349863111973,0.11731349863111973,0.0,0.010516234673559666,0.0,7.586293146573286,0.0011089702602475882,0.008412973485069872,0.0,0.3066522181034088,0.0,500.0,0.0004167782608419657,0.20838913042098284,200.0,0.00045788727584294975,0.09157745516858995,0.5057528764382191,0.07387325167655945,0.03736160952726443,0.0,0.0,0.0
1013,0.529737651348114,1.0,0.00029305851785466075,0.00029305851785466075,20.0,0.003227042034268379,0.06454084068536758,20.0,7.531284791184589e-05,0.0015062569582369179,10.0,0.011729778721928596,0.11729778721928596,0.0,0.010550348088145256,0.0,7.593796898449225,0.0011990276398137212,0.009105172372372329,0.0,0.30668672919273376,0.0,500.0,0.0004159476957283914,0.2079738478641957,200.0,0.0004581584653351456,0.09163169306702912,0.5062531265632816,0.07385436445474625,0.037389002915559376,0.0,0.0,0.0
1014,0.5306315422058105,1.0,0.0002921952400356531,0.0002921952400356531,20.0,0.0032256245613098145,0.06451249122619629,20.0,7.561915117548779e-05,0.0015123830235097557,10.0,0.011735660955309868,0.11735660955309868,0.0,0.010548898950219154,0.0,7.601300650325163,0.0012193478178232908,0.009268629360592749,0.0,0.30669811367988586,0.0,500.0,0.0004172090848442167,0.20860454242210835,200.0,0.0004583466798067093,0.09166933596134186,0.5067533766883442,0.07383348047733307,0.03741536554454147,0.0,0.0,0.0
1015,0.5324848890304565,1.0,0.0002918416867032647,0.0002918416867032647,20.0,0.003227825742214918,0.06455651484429836,20.0,7.555143383797258e-05,0.0015110286767594516,10.0,0.01173955574631691,0.1173955574631691,0.0,0.010539408773183823,0.0,7.608804402201101,0.0013775703264400363,0.010481663164158555,0.0,0.306689590215683,0.0,500.0,0.000418263633036986,0.209131816518493,200.0,0.000458397320471704,0.0916794640943408,0.5072536268134067,0.07380340248346329,0.03743704358090634,0.0,0.0,0.0
1016,0.5298947095870972,1.0,0.0002924219297710806,0.0002924219297710806,20.0,0.0032288185320794582,0.06457637064158916,20.0,7.41318945074454e-05,0.001482637890148908,10.0,0.011739185079932213,0.11739185079932213,0.0,0.010525349527597427,0.0,7.616308154077038,0.0011388955172151327,0.0086741792144074,0.0,0.3066617250442505,0.0,500.0,0.00041673294617794454,0.20836647308897227,200.0,0.000458298425655812,0.0916596851311624,0.5077538769384692,0.07375840097665787,0.0374511140526802,0.0,0.0,0.0
1017,0.5291299223899841,1.0,0.0002930512127932161,0.0002930512127932161,20.0,0.0032325114589184523,0.06465022917836905,20.0,7.345077756326646e-05,0.0014690155512653291,10.0,0.011744106188416481,0.11744106188416481,0.0,0.010501502081751823,0.0,7.6238119059529765,0.0010433683637529612,0.007954444153874501,0.0,0.3066174387931824,0.0,500.0,0.00041643361328169703,0.20821680664084852,200.0,0.00045822965330444276,0.09164593066088855,0.5082541270635318,0.07370208948850632,0.03745939115573908,0.0,0.0,0.0
1018,0.5307615995407104,1.0,0.00029288139194250107,0.00029288139194250107,20.0,0.0032417215406894684,0.06483443081378937,20.0,7.475762686226517e-05,0.0014951525372453034,10.0,0.011758592911064625,0.11758592911064625,0.0,0.010470899753272533,0.0,7.631315657828915,0.0010981342056766152,0.008380208758177472,0.0,0.30656135082244873,0.0,500.0,0.00041826273081824183,0.20913136540912092,200.0,0.0004579059313982725,0.0915811862796545,0.5087543771885943,0.07363169640302658,0.037460447844861446,0.0,0.0,0.0
1019,0.5316157341003418,1.0,0.0002930530463345349,0.0002930530463345349,20.0,0.003246283857151866,0.06492567714303732,20.0,7.582789839943871e-05,0.0015165579679887742,10.0,0.011768771335482597,0.11768771335482597,0.0,0.010458329692482948,0.0,7.638819409704852,0.0011346464743837714,0.008667359511675932,0.0,0.3066226840019226,0.0,500.0,0.00041900016367435455,0.20950008183717728,200.0,0.0004577424842864275,0.0915484968572855,0.5092546273136568,0.07359140366315842,0.03747676284597062,0.0,0.0,0.0
1020,0.5305304527282715,1.0,0.0002935864613391459,0.0002935864613391459,20.0,0.0032469562720507383,0.06493912544101477,20.0,7.613506750203669e-05,0.0015227013500407338,10.0,0.01177226472645998,0.1177226472645998,0.0,0.010459971614181995,0.0,7.64632316158079,0.0010594017803668976,0.008100528370639334,0.0,0.30672338604927063,0.0,500.0,0.00041783612687140703,0.20891806343570352,200.0,0.0004576706560328603,0.09153413120657206,0.5097548774387194,0.0735640749335289,0.037499646001633795,0.0,0.0,0.0
1021,0.5303244590759277,1.0,0.0002934821241069585,0.0002934821241069585,20.0,0.0032459269277751446,0.06491853855550289,20.0,7.609205931657925e-05,0.001521841186331585,10.0,0.01176962349563837,0.1176962349563837,0.0,0.010469850152730942,0.0,7.6538269134567285,0.0010617872467264533,0.008126735805360047,0.0,0.30673831701278687,0.0,500.0,0.0004173791967332363,0.20868959836661816,200.0,0.00045773046440444887,0.09154609288088977,0.5102551275637819,0.07355522364377975,0.03753193002333934,0.0,0.0,0.0
1022,0.5313957929611206,1.0,0.0002928719040937722,0.0002928719040937722,20.0,0.0032432666048407555,0.06486533209681511,20.0,7.55559594836086e-05,0.001511119189672172,10.0,0.011764786206185818,0.11764786206185818,0.0,0.010481773875653744,0.0,7.661330665332667,0.0012013674713671207,0.009204073448718087,0.0,0.30665305256843567,0.0,500.0,0.000417455070419237,0.2087275352096185,200.0,0.00045790168223902583,0.09158033644780517,0.5107553776888444,0.07355114072561264,0.03756664066075563,0.0,0.0,0.0
1023,0.5302512049674988,1.0,0.0002925633161794394,0.0002925633161794394,20.0,0.0032416819594800472,0.06483363918960094,20.0,7.395806460408494e-05,0.0014791612920816988,10.0,0.01175924576818943,0.1175924576818943,0.0,0.010474727489054203,0.0,7.668834417208604,0.0010598755907267332,0.008128010408124471,0.0,0.3065454363822937,0.0,500.0,0.00041739168227650225,0.20869584113825113,200.0,0.00045812566531822085,0.09162513306364417,0.511255627813907,0.07355311512947083,0.037604444053186185,0.0,0.0,0.0
1024,0.5302526950836182,1.0,0.00029237315175123513,0.00029237315175123513,20.0,0.0032384563237428665,0.06476912647485733,20.0,7.39711249480024e-05,0.001479422498960048,10.0,0.011760515160858631,0.11760515160858631,0.0,0.010476555675268173,0.0,7.676338169084542,0.0010583961848169565,0.00812460703152386,0.0,0.3065647482872009,0.0,500.0,0.00041738332947716117,0.20869166473858058,200.0,0.00045824216795153916,0.09164843359030783,0.5117558779389695,0.07355442643165588,0.0376419100748294,0.0,0.0,0.0
1025,0.5311495065689087,1.0,0.00029232961242087185,0.00029232961242087185,20.0,0.0032344895880669355,0.06468979176133871,20.0,7.54131906433031e-05,0.001508263812866062,10.0,0.011768145486712456,0.11768145486712456,0.0,0.010485013015568256,0.0,7.6838419209604805,0.0011592492228373885,0.008907487775278784,0.0,0.306612104177475,0.0,500.0,0.0004174867062829435,0.20874335314147174,200.0,0.0004582699912134558,0.09165399824269116,0.512256128064032,0.07354292273521423,0.03767281284685311,0.0,0.0,0.0
1026,0.5310025811195374,1.0,0.0002928139001596719,0.0002928139001596719,20.0,0.003230450674891472,0.06460901349782944,20.0,7.530254515586421e-05,0.0015060509031172842,10.0,0.011774755083024502,0.11774755083024502,0.0,0.010474988259375095,0.0,7.691345672836418,0.0011752565624192357,0.009039304475835792,0.0,0.30666130781173706,0.0,500.0,0.000416889030020684,0.208444515010342,200.0,0.00045832438627257943,0.09166487725451589,0.5127563781890946,0.073521189391613,0.03769845879259797,0.0,0.0,0.0
1027,0.5308380722999573,1.0,0.00029266037745401263,0.00029266037745401263,20.0,0.00322873517870903,0.0645747035741806,20.0,7.500857464037836e-05,0.0015001714928075671,10.0,0.011779796332120895,0.11779796332120895,0.0,0.010465364903211594,0.0,7.698849424712356,0.0011212959652766585,0.00863268879720249,0.0,0.3065989911556244,0.0,500.0,0.00041730160592123866,0.20865080296061933,200.0,0.0004583435948006809,0.09166871896013618,0.5132566283141571,0.07349217683076859,0.0377203468876281,0.0,0.0,0.0
1028,0.5314834117889404,1.0,0.0002921759441960603,0.0002921759441960603,20.0,0.003230947768315673,0.06461895536631346,20.0,7.442795322276652e-05,0.0014885590644553304,10.0,0.011783087626099586,0.11783087626099586,0.0,0.010449646972119808,0.0,7.706353176588294,0.0011186973424628377,0.008621076818729373,0.0,0.3065745532512665,0.0,500.0,0.00041844556108117104,0.20922278054058552,200.0,0.00045836728531867266,0.09167345706373453,0.5137568784392196,0.07345010340213776,0.0377354958449202,0.0,0.0,0.0
1029,0.5315730571746826,1.0,0.0002920880797319114,0.0002920880797319114,20.0,0.00323108839802444,0.0646217679604888,20.0,7.369756349362433e-05,0.0014739512698724866,10.0,0.011783615685999393,0.11783615685999393,0.0,0.010444036684930325,0.0,7.713856928464232,0.0011209567310288548,0.00864689984615555,0.0,0.3065250515937805,0.0,500.0,0.00041850548586808145,0.20925274293404073,200.0,0.00045844382839277387,0.09168876567855477,0.5142571285642822,0.07342762500047684,0.03776067959004012,0.0,0.0,0.0
1030,0.530025064945221,1.0,0.00029257265850901604,0.00029257265850901604,20.0,0.0032299901358783245,0.06459980271756649,20.0,7.357064168900251e-05,0.0014714128337800503,10.0,0.011781105771660805,0.11781105771660805,0.0,0.010454872623085976,0.0,7.72136068034017,0.0010114312171936035,0.007809625231307288,0.0,0.30654704570770264,0.0,500.0,0.0004171817854512483,0.20859089272562414,200.0,0.0004583420231938362,0.09166840463876724,0.5147573786893447,0.07339635491371155,0.03778131526073496,0.0,0.0,0.0
1031,0.5319949388504028,1.0,0.000292260228889063,0.000292260228889063,20.0,0.0032317116856575012,0.06463423371315002,20.0,7.559164805570617e-05,0.0015118329611141235,10.0,0.011782458052039146,0.11782458052039146,0.0,0.010480728931725025,0.0,7.728864432216108,0.0012074070982635021,0.00933188577697404,0.0,0.3065972626209259,0.0,500.0,0.00041791528929024935,0.20895764464512467,200.0,0.00045822979882359505,0.09164595976471901,0.5152576288144072,0.07335467636585236,0.03779655660671732,0.0,0.0,0.0
1032,0.532835066318512,1.0,0.0002925145090557635,0.0002925145090557635,20.0,0.003233395516872406,0.06466791033744812,20.0,7.674408698221669e-05,0.0015348817396443337,10.0,0.011781481094658375,0.11781481094658375,0.0,0.010499425232410431,0.0,7.736368184092046,0.0013306161854416132,0.010294136722288419,0.0,0.30666884779930115,0.0,500.0,0.0004176188667770475,0.20880943338852376,200.0,0.0004580783424898982,0.09161566849797964,0.5157578789394698,0.07330125570297241,0.03780570016496476,0.0,0.0,0.0
1033,0.5302219390869141,1.0,0.00029316864674910903,0.00029316864674910903,20.0,0.003233542200177908,0.06467084400355816,20.0,7.614512287545949e-05,0.0015229024575091898,10.0,0.011778924614191055,0.11778924614191055,0.0,0.010498791933059692,0.0,7.743871935967984,0.0010947533883154392,0.008477630040581791,0.0,0.3066628575325012,0.0,500.0,0.00041611341293901205,0.20805670646950603,200.0,0.00045794848119840026,0.09158969623968005,0.5162581290645323,0.07326135784387589,0.03782177153320656,0.0,0.0,0.0
1034,0.5301221013069153,1.0,0.0002933564246632159,0.0002933564246632159,20.0,0.003237057477235794,0.06474114954471588,20.0,7.518755592172965e-05,0.001503751118434593,10.0,0.011777915991842747,0.11777915991842747,0.0,0.010479147545993328,0.0,7.751375687843922,0.0010801590979099274,0.008372718970542434,0.0,0.3066045939922333,0.0,500.0,0.0004160181269980967,0.20800906349904835,200.0,0.00045785860856994987,0.09157172171398997,0.5167583791895948,0.07324736565351486,0.03785118995501793,0.0,0.0,0.0
1035,0.5318983197212219,1.0,0.0002931608760263771,0.0002931608760263771,20.0,0.003243237268179655,0.0648647453635931,20.0,7.528842252213508e-05,0.0015057684504427016,10.0,0.011785464361310005,0.11785464361310005,0.0,0.010447489097714424,0.0,7.75887943971986,0.0011752170976251364,0.009118367775970918,0.0,0.30657756328582764,0.0,500.0,0.00041765515925362706,0.20882757962681353,200.0,0.0004577661748044193,0.09155323496088386,0.5172586293146574,0.07323382794857025,0.037880829464142896,0.0,0.0,0.0
1036,0.533231794834137,1.0,0.0002931206545326859,0.0002931206545326859,20.0,0.003245624480769038,0.06491248961538076,20.0,7.499431376345456e-05,0.0014998862752690911,10.0,0.011792738921940327,0.11792738921940327,0.0,0.010417218320071697,0.0,7.766383191595798,0.0012431764043867588,0.009654984331217824,0.0,0.30653122067451477,0.0,500.0,0.00041897204937413335,0.20948602468706667,200.0,0.00045776457409374416,0.09155291481874883,0.5177588794397199,0.07320968061685562,0.037904962200322946,0.0,0.0,0.0
1037,0.5306137800216675,1.0,0.00029377511236816645,0.00029377511236816645,20.0,0.0032410863786935806,0.06482172757387161,20.0,7.417327287839726e-05,0.0014834654575679451,10.0,0.011795619502663612,0.11795619502663612,0.0,0.010404731146991253,0.0,7.7738869434717355,0.0009956560097634792,0.007740117254489478,0.0,0.3064768314361572,0.0,500.0,0.0004176293150521815,0.20881465752609074,200.0,0.00045789420255459845,0.09157884051091969,0.5182591295647824,0.07317772507667542,0.03792502410176875,0.0,0.0,0.0
1038,0.5323536396026611,1.0,0.00029394429293461144,0.00029394429293461144,20.0,0.0032371822744607925,0.06474364548921585,20.0,7.733319944236428e-05,0.0015466639888472855,10.0,0.011803025379776955,0.11803025379776955,0.0,0.010435639880597591,0.0,7.781390695347674,0.0011742034694179893,0.009136935951374098,0.0,0.30666017532348633,0.0,500.0,0.0004181917174719274,0.2090958587359637,200.0,0.000457717920653522,0.0915435841307044,0.5187593796898449,0.07317988574504852,0.03796275213487509,0.0,0.0,0.0
1039,0.532920777797699,1.0,0.00029341422487050295,0.00029341422487050295,20.0,0.0032346860971301794,0.06469372194260359,20.0,7.707977783866227e-05,0.0015415955567732453,10.0,0.011801416054368019,0.11801416054368019,0.0,0.010435455478727818,0.0,7.788894447223612,0.001189068309031427,0.009261527549584451,0.0,0.30662012100219727,0.0,500.0,0.00041910578147508204,0.20955289073754102,200.0,0.00045777601189911366,0.09155520237982273,0.5192596298149075,0.07319709658622742,0.03800829727689048,0.0,0.0,0.0
1040,0.5310903787612915,1.0,0.0002932786592282355,0.0002932786592282355,20.0,0.0032291735988110304,0.06458347197622061,20.0,7.547085988335311e-05,0.0015094171976670623,10.0,0.01179191842675209,0.1179191842675209,0.0,0.010445862077176571,0.0,7.79639819909955,0.0010453874710947275,0.008150256997004167,0.0,0.3065119981765747,0.0,500.0,0.0004179587122052908,0.2089793561026454,200.0,0.0004580316599458456,0.09160633198916912,0.51975987993997,0.07320519536733627,0.03804912355510875,0.0,0.0,0.0
1041,0.5302762389183044,1.0,0.0002929605543613434,0.0002929605543613434,20.0,0.0032252834644168615,0.06450566928833723,20.0,7.358392758760601e-05,0.0014716785517521203,10.0,0.011781683191657066,0.11781683191657066,0.0,0.010450686328113079,0.0,7.8039019509754874,0.0009741800604388118,0.007602405674259862,0.0,0.3064773976802826,0.0,500.0,0.0004176670918241143,0.20883354591205716,200.0,0.0004583654226735234,0.09167308453470469,0.5202601300650325,0.07319431751966476,0.038080085152802076,0.0,0.0,0.0
1042,0.5303328633308411,1.0,0.0002925413427874446,0.0002925413427874446,20.0,0.003220954444259405,0.0644190888851881,20.0,7.426412776112556e-05,0.0014852825552225113,10.0,0.011779089458286762,0.11779089458286762,0.0,0.010478276759386063,0.0,7.811405702851426,0.0009891228983178735,0.007726440248741168,0.0,0.3065114915370941,0.0,500.0,0.0004176108632236719,0.20880543161183596,200.0,0.0004584797425195575,0.0916959485039115,0.5207603801900951,0.07319533079862595,0.038117228294832224,0.0,0.0,0.0
1043,0.5330856442451477,1.0,0.00029220173018984497,0.00029220173018984497,20.0,0.0032154968939721584,0.06430993787944317,20.0,7.585786079289392e-05,0.0015171572158578783,10.0,0.011780821718275547,0.11780821718275547,0.0,0.010510879568755627,0.0,7.818909454727364,0.0013225944712758064,0.010341246416228541,0.0,0.30660033226013184,0.0,500.0,0.0004178716626483947,0.20893583132419735,200.0,0.00045868451707065105,0.09173690341413021,0.5212606303151576,0.0731768012046814,0.03814418552039921,0.0,0.0,0.0
1044,0.5315303206443787,1.0,0.0002924779837485403,0.0002924779837485403,20.0,0.003210057271644473,0.06420114543288946,20.0,7.601239485666156e-05,0.0015202478971332312,10.0,0.011781874112784863,0.11781874112784863,0.0,0.010525628924369812,0.0,7.826413206603302,0.0011945776641368866,0.009349258406914253,0.0,0.3066316843032837,0.0,500.0,0.0004168860032223165,0.20844300161115825,200.0,0.0004587150178849697,0.09174300357699394,0.5217608804402201,0.0731416568160057,0.038162455257175563,0.0,0.0,0.0
1045,0.530524492263794,1.0,0.0002928434405475855,0.0002928434405475855,20.0,0.0032093306072056293,0.06418661214411259,20.0,7.548782741650939e-05,0.0015097565483301878,10.0,0.011783731169998646,0.11783731169998646,0.0,0.010519882664084435,0.0,7.833916958479239,0.001099677407182753,0.00861478148898545,0.0,0.3066064417362213,0.0,500.0,0.00041638623224571347,0.20819311612285674,200.0,0.0004585710703395307,0.09171421406790614,0.5222611305652827,0.07309726625680923,0.03817586091651268,0.0,0.0,0.0
1046,0.5310897827148438,1.0,0.00029295479180291295,0.00029295479180291295,20.0,0.003214360913261771,0.06428721826523542,20.0,7.521388761233538e-05,0.0015042777522467077,10.0,0.011788747273385525,0.11788747273385525,0.0,0.01049515139311552,0.0,7.841420710355178,0.0011208148207515478,0.008788780547914214,0.0,0.30654972791671753,0.0,500.0,0.00041694805258885026,0.20847402629442513,200.0,0.000458314927527681,0.0916629855055362,0.5227613806903452,0.07305829972028732,0.03819205763266646,0.0,0.0,0.0
1047,0.53258216381073,1.0,0.000293042859993875,0.000293042859993875,20.0,0.0032249046489596367,0.06449809297919273,20.0,7.468697731383145e-05,0.001493739546276629,10.0,0.01179528795182705,0.11795287951827049,0.0,0.010451194830238819,0.0,7.848924462231116,0.0011803341330960393,0.009264353450863861,0.0,0.30647024512290955,0.0,500.0,0.00041851081186905503,0.20925540593452752,200.0,0.0004581150133162737,0.09162300266325474,0.5232616308154077,0.07300680875778198,0.038201661811225585,0.0,0.0,0.0
1048,0.53304523229599,1.0,0.00029366882517933846,0.00029366882517933846,20.0,0.003236915450543165,0.0647383090108633,20.0,7.415206346195191e-05,0.0014830412692390382,10.0,0.011798852123320103,0.11798852123320103,0.0,0.010407846421003342,0.0,7.856428214107053,0.001149230170994997,0.009028844339908167,0.0,0.30639350414276123,0.0,500.0,0.0004194144275970757,0.20970721379853785,200.0,0.0004579100350383669,0.09158200700767338,0.5237618809404703,0.07297900319099426,0.038223619980475736,0.0,0.0,0.0
1049,0.5328841805458069,1.0,0.0002949935442302376,0.0002949935442302376,20.0,0.0032411206047981977,0.06482241209596395,20.0,7.78929388616234e-05,0.0015578587772324681,10.0,0.011807063594460487,0.11807063594460487,0.0,0.010428076609969139,0.0,7.863931965982991,0.00117823900654912,0.009265591387169668,0.0,0.30665066838264465,0.0,500.0,0.00041823391802608967,0.20911695901304483,200.0,0.0004575009224936366,0.09150018449872732,0.5242621310655328,0.07297027111053467,0.038255549836838584,0.0,0.0,0.0
1050,0.5328867435455322,1.0,0.0002959304547403008,0.0002959304547403008,20.0,0.0032431092113256454,0.06486218422651291,20.0,7.774711411911994e-05,0.0015549422823823988,10.0,0.011808967217803001,0.11808967217803001,0.0,0.010412616655230522,0.0,7.87143571785893,0.0012163856299594045,0.009574701294352792,0.0,0.3066798448562622,0.0,500.0,0.0004173937486484647,0.20869687432423234,200.0,0.000457653688499704,0.0915307376999408,0.5247623811905953,0.07295046001672745,0.038281657107327206,0.0,0.0,0.0
1051,0.5313993096351624,1.0,0.0002953354560304433,0.0002953354560304433,20.0,0.0032443550880998373,0.06488710176199675,20.0,7.52124105929397e-05,0.001504248211858794,10.0,0.011808649636805058,0.11808649636805058,0.0,0.010370239615440369,0.0,7.878939469734868,0.0009541474864818156,0.007517670291189893,0.0,0.30651116371154785,0.0,500.0,0.0004185099096503109,0.20925495482515544,200.0,0.00045775610487908125,0.09155122097581625,0.5252626313156579,0.07292032241821289,0.03830232042977666,0.0,0.0,0.0
1052,0.5323689579963684,1.0,0.00029438495403155684,0.00029438495403155684,20.0,0.003236947115510702,0.06473894231021404,20.0,7.39815877750516e-05,0.0014796317555010319,10.0,0.01180765125900507,0.1180765125900507,0.0,0.010368268005549908,0.0,7.886443221610805,0.001009626779705286,0.007962364273163498,0.0,0.3063666820526123,0.0,500.0,0.00041978555964305997,0.20989277982152998,200.0,0.00045797921484336257,0.09159584296867251,0.5257628814407204,0.07290075719356537,0.038328512161299254,0.0,0.0,0.0
1053,0.5353828072547913,1.0,0.0002938134130090475,0.0002938134130090475,20.0,0.0032298066653311253,0.0645961333066225,20.0,7.742477464489639e-05,0.0015484954928979278,10.0,0.01181198563426733,0.1181198563426733,0.0,0.010414501652121544,0.0,7.893946973486743,0.001323074335232377,0.010444278644305608,0.0,0.3065384328365326,0.0,500.0,0.00042083743028342724,0.21041871514171362,200.0,0.0004579840460792184,0.09159680921584368,0.5262631315657829,0.07290016114711761,0.03836466709693233,0.0,0.0,0.0
1054,0.5330849885940552,1.0,0.0002946393215097487,0.0002946393215097487,20.0,0.003222009167075157,0.06444018334150314,20.0,7.788844959577546e-05,0.001557768991915509,10.0,0.01180717721581459,0.1180717721581459,0.0,0.010446612723171711,0.0,7.901450725362682,0.0012191107962280512,0.009632743885153611,0.0,0.3065820038318634,0.0,500.0,0.0004181289114058018,0.2090644557029009,200.0,0.00045816029887646437,0.09163205977529287,0.5267633816908455,0.0728815346956253,0.03839132367908627,0.0,0.0,0.0
1055,0.5318443775177002,1.0,0.00029437884222716093,0.00029437884222716093,20.0,0.00321799423545599,0.0643598847091198,20.0,7.616666698595509e-05,0.0015233333397191018,10.0,0.01179792545735836,0.1179792545735836,0.0,0.010452005080878735,0.0,7.908954477238619,0.0011368978302925825,0.008991673185055392,0.0,0.30648529529571533,0.0,500.0,0.00041718146530911326,0.20859073265455663,200.0,0.00045847526052966714,0.09169505210593343,0.527263631815908,0.072847880423069,0.038410038001958344,0.0,0.0,0.0
1056,0.5324645638465881,1.0,0.00029336780426092446,0.00029336780426092446,20.0,0.0032194729428738356,0.06438945885747671,20.0,7.496718899346888e-05,0.0014993437798693776,10.0,0.011791074648499489,0.11791074648499489,0.0,0.010448035784065723,0.0,7.916458229114557,0.0011323658982291818,0.008964327333405103,0.0,0.306382954120636,0.0,500.0,0.00041839899495244026,0.20919949747622013,200.0,0.00045889546163380146,0.09177909232676029,0.5277638819409705,0.07281427085399628,0.038428742246606334,0.0,0.0,0.0
1057,0.5329065322875977,1.0,0.0002931226626969874,0.0002931226626969874,20.0,0.0032158782705664635,0.06431756541132927,20.0,7.500953506678343e-05,0.0015001907013356686,10.0,0.011786475777626038,0.11786475777626038,0.0,0.010470043867826462,0.0,7.923961980990495,0.0012189478147774935,0.009658896141108302,0.0,0.3064255714416504,0.0,500.0,0.0004179886309430003,0.20899431547150016,200.0,0.0004591328324750066,0.09182656649500132,0.5282641320660331,0.07278770208358765,0.03845113226626742,0.0,0.0,0.0
1058,0.5306756496429443,1.0,0.0002939054393209517,0.0002939054393209517,20.0,0.0032117448281496763,0.06423489656299353,20.0,7.451554120052606e-05,0.0014903108240105212,10.0,0.011785641312599182,0.11785641312599182,0.0,0.010473323985934258,0.0,7.9314657328664335,0.0010440369369462132,0.008280743189235724,0.0,0.3064216077327728,0.0,500.0,0.00041640858398750424,0.20820429199375212,200.0,0.00045913434587419033,0.09182686917483807,0.5287643821910956,0.07278900593519211,0.038488233753625846,0.0,0.0,0.0
1059,0.5309033989906311,1.0,0.000293848745059222,0.000293848745059222,20.0,0.0032135823275893927,0.06427164655178785,20.0,7.601136167068034e-05,0.0015202272334136069,10.0,0.011793750338256359,0.11793750338256359,0.0,0.010472852736711502,0.0,7.938969484742371,0.0010199141688644886,0.008097067463671552,0.0,0.306500107049942,0.0,500.0,0.00041694706305861473,0.20847353152930737,200.0,0.00045895983930677176,0.09179196786135435,0.5292646323161581,0.07277575135231018,0.03851763128101259,0.0,0.0,0.0
1060,0.5361294150352478,1.0,0.0002930907066911459,0.0002930907066911459,20.0,0.0032193847000598907,0.06438769400119781,20.0,7.748312782496214e-05,0.0015496625564992428,10.0,0.01180405355989933,0.1180405355989933,0.0,0.010459762066602707,0.0,7.946473236618309,0.0014468524605035782,0.011497374354727034,0.0,0.30650970339775085,0.0,500.0,0.00042011283221654594,0.21005641610827297,200.0,0.00045882174163125455,0.09176434832625091,0.5297648824412207,0.07274983078241348,0.038540305552063975,0.0,0.0,0.0
1061,0.5344660878181458,1.0,0.00029332254780456424,0.00029332254780456424,20.0,0.003219848033040762,0.06439696066081524,20.0,7.670199556741863e-05,0.0015340399113483727,10.0,0.01180601678788662,0.1180601678788662,0.0,0.010448570363223553,0.0,7.953976988494247,0.0012872030492872,0.010238383433550016,0.0,0.30648720264434814,0.0,500.0,0.00041928840801119804,0.20964420400559902,200.0,0.0004586733994074166,0.09173467988148332,0.5302651325662832,0.07272649556398392,0.038564324811317136,0.0,0.0,0.0
1062,0.5311266779899597,1.0,0.00029411070863716304,0.00029411070863716304,20.0,0.0032199888955801725,0.06439977791160345,20.0,7.456594903487712e-05,0.0014913189806975424,10.0,0.011800696142017841,0.11800696142017841,0.0,0.010436502285301685,0.0,7.9614807403701855,0.0010082601802423596,0.008027244006281718,0.0,0.3064250349998474,0.0,500.0,0.00041713565587997437,0.20856782793998718,200.0,0.0004587876028381288,0.09175752056762576,0.5307653826913457,0.07269106060266495,0.03858189859901326,0.0,0.0,0.0
1063,0.5307081341743469,1.0,0.0002941430429928005,0.0002941430429928005,20.0,0.003222532570362091,0.06445065140724182,20.0,7.360374729614705e-05,0.001472074945922941,10.0,0.011800238862633705,0.11800238862633705,0.0,0.010424875654280186,0.0,7.968984492246123,0.0009424980380572379,0.007510752249250525,0.0,0.3063896894454956,0.0,500.0,0.0004172503831796348,0.2086251915898174,200.0,0.00045877706725150347,0.0917554134503007,0.5312656328164082,0.07265200465917587,0.0385975132306377,0.0,0.0,0.0
1064,0.5335487127304077,1.0,0.000293469347525388,0.000293469347525388,20.0,0.003224167972803116,0.06448335945606232,20.0,7.527969137299806e-05,0.0015055938274599612,10.0,0.011808689683675766,0.11808689683675766,0.0,0.010431651957333088,0.0,7.976488244122061,0.0011880779638886452,0.009476689912058254,0.0,0.3064393401145935,0.0,500.0,0.00041883010999299586,0.20941505499649793,200.0,0.00045838282676413655,0.09167656535282731,0.5317658829414708,0.07260914146900177,0.038611064222885884,0.0,0.0,0.0
1065,0.5326464772224426,1.0,0.000293788849376142,0.000293788849376142,20.0,0.0032191420905292034,0.06438284181058407,20.0,7.543043466284871e-05,0.0015086086932569742,10.0,0.011813629418611526,0.11813629418611526,0.0,0.010437794961035252,0.0,7.983991995997999,0.0011513731442391872,0.009192553968012721,0.0,0.3065001964569092,0.0,500.0,0.00041768141090869904,0.20884070545434952,200.0,0.00045825232518836856,0.09165046503767371,0.5322661330665333,0.07259763777256012,0.038641263926965465,0.0,0.0,0.0
1066,0.5324961543083191,1.0,0.0002938965626526624,0.0002938965626526624,20.0,0.003216372337192297,0.06432744674384594,20.0,7.474113954231143e-05,0.0014948227908462286,10.0,0.011810831725597382,0.11810831725597382,0.0,0.010428784415125847,0.0,7.991495747873937,0.0011646475177258253,0.009307275685677869,0.0,0.3065195679664612,0.0,500.0,0.0004172262270003557,0.20861311350017786,200.0,0.00045819219667464495,0.09163843933492899,0.5327663831915957,0.07266374677419662,0.03871280155803872,0.0,0.0,0.0
1067,0.5326488018035889,1.0,0.0002931223716586828,0.0002931223716586828,20.0,0.00321704288944602,0.0643408577889204,20.0,7.421632471960038e-05,0.0014843264943920076,10.0,0.011808864772319794,0.11808864772319794,0.0,0.010411771945655346,0.0,7.998999499749875,0.0011084123980253935,0.008866190217321681,0.0,0.3065106272697449,0.0,500.0,0.0004182790871709585,0.20913954358547926,200.0,0.0004582704568747431,0.09165409137494862,0.5332666333166584,0.07272535562515259,0.038782005550981824,0.0,0.0,0.0
1068,0.534279465675354,1.0,0.0002923188148997724,0.0002923188148997724,20.0,0.0032197129912674427,0.06439425982534885,20.0,7.365425699390471e-05,0.0014730851398780942,10.0,0.01180553250014782,0.1180553250014782,0.0,0.010395067743957043,0.0,8.006503251625812,0.0011837759520858526,0.00947790600957182,0.0,0.3064882755279541,0.0,500.0,0.00042011693585664034,0.21005846792832017,200.0,0.000458429945865646,0.0916859891731292,0.5337668834417209,0.07276982814073563,0.03884212437527009,0.0,0.0,0.0
1069,0.5328242182731628,1.0,0.00029246852500364184,0.00029246852500364184,20.0,0.003214693395420909,0.06429386790841818,20.0,7.360231393249705e-05,0.001472046278649941,10.0,0.011799318715929985,0.11799318715929985,0.0,0.010411693714559078,0.0,8.014007003501751,0.0011224159970879555,0.008995049661505276,0.0,0.3064928352832794,0.0,500.0,0.00041841017082333565,0.20920508541166782,200.0,0.00045832793693989515,0.09166558738797903,0.5342671335667833,0.07282298803329468,0.03890692907431651,0.0,0.0,0.0
1070,0.5314198136329651,1.0,0.0002932506613433361,0.0002932506613433361,20.0,0.0032104409765452147,0.06420881953090429,20.0,7.452092540916055e-05,0.001490418508183211,10.0,0.011795233003795147,0.11795233003795147,0.0,0.010437763296067715,0.0,8.021510755377689,0.0010625467402860522,0.008523230105296072,0.0,0.3066158592700958,0.0,500.0,0.0004166235448792577,0.20831177243962884,200.0,0.0004583661793731153,0.09167323587462306,0.534767383691846,0.0728667601943016,0.03896676670720781,0.0,0.0,0.0
1071,0.5329001545906067,1.0,0.0002931783674284816,0.0002931783674284816,20.0,0.003211564151570201,0.06423128303140402,20.0,7.630336767761037e-05,0.0015260673535522074,10.0,0.011798089370131493,0.11798089370131493,0.0,0.010453315451741219,0.0,8.029014507253628,0.0011990296188741922,0.009627026204567677,0.0,0.30668219923973083,0.0,500.0,0.0004171073087491095,0.20855365437455475,200.0,0.0004583626869134605,0.0916725373826921,0.5352676338169085,0.07288971543312073,0.03901550550947432,0.0,0.0,0.0
1072,0.5332831144332886,1.0,0.0002930520277004689,0.0002930520277004689,20.0,0.003216853365302086,0.06433706730604172,20.0,7.604423444718122e-05,0.0015208846889436245,10.0,0.011802156455814838,0.11802156455814838,0.0,0.01043053437024355,0.0,8.036518259129565,0.0011789901182055473,0.009474975612292205,0.0,0.3066299855709076,0.0,500.0,0.00041791380499489605,0.20895690249744803,200.0,0.00045811565360054374,0.09162313072010875,0.535767883941971,0.07289638370275497,0.03905554124344701,0.0,0.0,0.0
1073,0.5330328345298767,1.0,0.0002929697511717677,0.0002929697511717677,20.0,0.0032221328001469374,0.06444265600293875,20.0,7.469473348464817e-05,0.0014938946696929634,10.0,0.011804815381765366,0.11804815381765366,0.0,0.01039822492748499,0.0,8.044022011005502,0.001073142746463418,0.008632383873502632,0.0,0.3065188229084015,0.0,500.0,0.0004188336315564811,0.20941681577824056,200.0,0.0004580472013913095,0.0916094402782619,0.5362681340670336,0.07290474325418472,0.03909649062955779,0.0,0.0,0.0
1074,0.5325769186019897,1.0,0.00029344577342271805,0.00029344577342271805,20.0,0.0032243579626083374,0.06448715925216675,20.0,7.25748686818406e-05,0.001451497373636812,10.0,0.011804777197539806,0.11804777197539806,0.0,0.010364892892539501,0.0,8.051525762881441,0.0010282472940161824,0.008278959578384421,0.0,0.30642038583755493,0.0,500.0,0.0004184734425507486,0.2092367212753743,200.0,0.00045826472342014313,0.09165294468402863,0.536768384192096,0.07289633899927139,0.03912845009815818,0.0,0.0,0.0
1075,0.5333055257797241,1.0,0.00029402130166999996,0.00029402130166999996,20.0,0.0032224347814917564,0.06444869562983513,20.0,7.547879795311019e-05,0.0015095759590622038,10.0,0.011813272722065449,0.11813272722065449,0.0,0.010395838879048824,0.0,8.059029514757379,0.0011454825289547443,0.009231477509485208,0.0,0.30651912093162537,0.0,500.0,0.00041790117393247783,0.20895058696623892,200.0,0.0004579055239446461,0.09158110478892922,0.5372686343171585,0.07288222759962082,0.0391573348884406,0.0,0.0,0.0
1076,0.5355416536331177,1.0,0.0002940787235274911,0.0002940787235274911,20.0,0.0032215695828199387,0.06443139165639877,20.0,7.756160630378872e-05,0.0015512321260757744,10.0,0.01181996800005436,0.1181996800005436,0.0,0.010417324490845203,0.0,8.066533266633316,0.0013394691050052643,0.010804872095152518,0.0,0.30657079815864563,0.0,500.0,0.0004190370091237128,0.2095185045618564,200.0,0.0004578005173243582,0.09156010346487164,0.5377688844422212,0.07285988330841064,0.0391817781673544,0.0,0.0,0.0
1077,0.5337190628051758,1.0,0.0002938309626188129,0.0002938309626188129,20.0,0.003225637599825859,0.06451275199651718,20.0,7.525550608988851e-05,0.0015051101217977703,10.0,0.011821111664175987,0.11821111664175987,0.0,0.010374770499765873,0.0,8.074037018509255,0.0011038994416594505,0.008912924956670102,0.0,0.3064363896846771,0.0,500.0,0.000418963871197775,0.2094819355988875,200.0,0.0004580161185003817,0.09160322370007634,0.5382691345672836,0.07282263040542603,0.03919817424524182,0.0,0.0,0.0
1078,0.5325737595558167,1.0,0.00029392659780569375,0.00029392659780569375,20.0,0.0032250001095235348,0.0645000021904707,20.0,7.255053787957877e-05,0.0014510107575915754,10.0,0.011816765181720257,0.11816765181720257,0.0,0.010348952375352383,0.0,8.081540770385192,0.0009980471804738045,0.00806575897976704,0.0,0.30623531341552734,0.0,500.0,0.0004183935816399753,0.20919679081998765,200.0,0.0004584716516546905,0.0916943303309381,0.5387693846923461,0.07276635617017746,0.03920428494011061,0.0,0.0,0.0
1079,0.5331763029098511,1.0,0.00029407761758193374,0.00029407761758193374,20.0,0.00322321685962379,0.0644643371924758,20.0,7.504975656047463e-05,0.0015009951312094927,10.0,0.011821707710623741,0.11821707710623741,0.0,0.010376136749982834,0.0,8.08904452226113,0.0011041333200410008,0.008931383584323653,0.0,0.3063832223415375,0.0,500.0,0.0004178244271315634,0.2089122135657817,200.0,0.00045818823855370283,0.09163764771074057,0.5392696348174087,0.07272537052631378,0.03921858400568597,0.0,0.0,0.0
1080,0.5329554080963135,1.0,0.00029448021086864173,0.00029448021086864173,20.0,0.003221775172278285,0.0644355034455657,20.0,7.69477483117953e-05,0.0015389549662359059,10.0,0.01182484719902277,0.1182484719902277,0.0,0.010394757613539696,0.0,8.096548274137069,0.001088098855689168,0.008809844912120652,0.0,0.3064410388469696,0.0,500.0,0.00041755681741051376,0.20877840870525688,200.0,0.0004581150133162737,0.09162300266325474,0.5397698849424712,0.07267297804355621,0.03922668499699707,0.0,0.0,0.0
1081,0.5330002307891846,1.0,0.0002949060290120542,0.0002949060290120542,20.0,0.0032239535357803106,0.06447907071560621,20.0,7.696049578953534e-05,0.0015392099157907069,10.0,0.01182724442332983,0.1182724442332983,0.0,0.010378642939031124,0.0,8.104052026013006,0.0010998405050486326,0.008913164673230538,0.0,0.3064146637916565,0.0,500.0,0.00041725262417458,0.20862631208729,200.0,0.0004581632383633405,0.0916326476726681,0.5402701350675337,0.07263486832380295,0.03924245011991355,0.0,0.0,0.0
1082,0.5333248376846313,1.0,0.0002947620814666152,0.0002947620814666152,20.0,0.0032302753534168005,0.06460550706833601,20.0,7.6286043622531e-05,0.00152572087245062,10.0,0.011828810907900333,0.11828810907900333,0.0,0.010343123227357864,0.0,8.111555777888945,0.0010555341141298413,0.008562023842228804,0.0,0.30629289150238037,0.0,500.0,0.0004183090932201594,0.2091545466100797,200.0,0.0004582316323649138,0.09164632647298276,0.5407703851925963,0.07257764786481857,0.039247842592230554,0.0,0.0,0.0
1083,0.534613311290741,1.0,0.0002947128377854824,0.0002947128377854824,20.0,0.0032320618629455566,0.06464123725891113,20.0,7.570715388283134e-05,0.0015141430776566267,10.0,0.011829010210931301,0.11829010210931301,0.0,0.010325365699827671,0.0,8.119059529764883,0.00115793920122087,0.00940137730656064,0.0,0.3062106966972351,0.0,500.0,0.0004190647159703076,0.2095323579851538,200.0,0.00045838553342036903,0.0916771066840738,0.5412706353176588,0.07253717631101608,0.039262243506012706,0.0,0.0,0.0
1084,0.5321102738380432,1.0,0.000294789468171075,0.000294789468171075,20.0,0.0032191441860049963,0.06438288372009993,20.0,7.6245931268204e-05,0.00152491862536408,10.0,0.011830434203147888,0.11830434203147888,0.0,0.010361004620790482,0.0,8.12656328164082,0.0009695381158962846,0.007879012852793969,0.0,0.306280255317688,0.0,500.0,0.0004174465429969132,0.2087232714984566,200.0,0.00045865593710914254,0.09173118742182851,0.5417708854427213,0.07248426973819733,0.03926986699673222,0.0,0.0,0.0
1085,0.5340026021003723,1.0,0.0002942982828244567,0.0002942982828244567,20.0,0.0032046239357441664,0.06409247871488333,20.0,7.774936239002272e-05,0.0015549872478004545,10.0,0.011834446340799332,0.11834446340799332,0.0,0.010411962866783142,0.0,8.134067033516759,0.0012319820234552026,0.010021024362872234,0.0,0.3064092993736267,0.0,500.0,0.00041721330489963293,0.20860665244981647,200.0,0.00045908475294709206,0.09181695058941841,0.542271135567784,0.07242082804441452,0.039271724662403876,0.0,0.0,0.0
1086,0.5335964560508728,1.0,0.0002940226695500314,0.0002940226695500314,20.0,0.0031950674019753933,0.06390134803950787,20.0,7.757975981803611e-05,0.0015515951963607222,10.0,0.011837593279778957,0.11837593279778957,0.0,0.010434051975607872,0.0,8.141570785392696,0.001197346020489931,0.009748277380427028,0.0,0.3063661456108093,0.0,500.0,0.00041714683175086975,0.20857341587543488,200.0,0.00045939208939671516,0.09187841787934303,0.5427713856928464,0.07235720008611679,0.03927341775559616,0.0,0.0,0.0
1087,0.5335442423820496,1.0,0.00029369257390499115,0.00029369257390499115,20.0,0.0031938764732331038,0.06387752946466208,20.0,7.58719106670469e-05,0.001517438213340938,10.0,0.011841987259685993,0.11841987259685993,0.0,0.010415087454020977,0.0,8.149074537268634,0.0011692633852362633,0.009528414479989358,0.0,0.30633747577667236,0.0,500.0,0.0004174959904048592,0.2087479952024296,200.0,0.00045939660049043596,0.09187932009808719,0.5432716358179089,0.07230272889137268,0.03928002179891482,0.0,0.0,0.0
1088,0.5327560305595398,1.0,0.0002937542158178985,0.0002937542158178985,20.0,0.003195304423570633,0.06390608847141266,20.0,7.378414738923311e-05,0.0014756829477846622,10.0,0.011845373548567295,0.11845373548567295,0.0,0.010388344526290894,0.0,8.156578289144573,0.0010397282894700766,0.00848062519250105,0.0,0.306210994720459,0.0,500.0,0.0004179112729616463,0.20895563648082316,200.0,0.00045945626334287226,0.09189125266857445,0.5437718859429714,0.07227157801389694,0.03929925227669133,0.0,0.0,0.0
1089,0.5350651741027832,1.0,0.0002935219672508538,0.0002935219672508538,20.0,0.0031989342533051968,0.06397868506610394,20.0,7.45386496419087e-05,0.001490772992838174,10.0,0.01185070350766182,0.1185070350766182,0.0,0.010382574051618576,0.0,8.16408204102051,0.0012218491174280643,0.009975276436431221,0.0,0.3062360882759094,0.0,500.0,0.0004192502237856388,0.2096251118928194,200.0,0.0004593213088810444,0.09186426177620888,0.544272136068034,0.07226262986660004,0.03933053591538811,0.0,0.0,0.0
1090,0.5333403944969177,1.0,0.00029412246658466756,0.00029412246658466756,20.0,0.003198103979229927,0.06396207958459854,20.0,7.552777969976887e-05,0.0015105555939953774,10.0,0.01185271143913269,0.1185271143913269,0.0,0.010395989753305912,0.0,8.171585792896447,0.0010828064987435937,0.008848246201589095,0.0,0.306318461894989,0.0,500.0,0.00041811037226580083,0.20905518613290042,200.0,0.00045882549602538347,0.0917650992050767,0.5447723861930965,0.07228334248065948,0.03937796896520169,0.0,0.0,0.0
1091,0.5335618257522583,1.0,0.0002947456669062376,0.0002947456669062376,20.0,0.0031997438054531813,0.06399487610906363,20.0,7.597636431455612e-05,0.0015195272862911224,10.0,0.01185171864926815,0.1185171864926815,0.0,0.01040327176451683,0.0,8.179089544772387,0.00116233981680125,0.009506881443071755,0.0,0.3063725531101227,0.0,500.0,0.00041722162859514356,0.20861081429757178,200.0,0.0004584540147334337,0.09169080294668674,0.545272636318159,0.07230696827173233,0.039427011213700965,0.0,0.0,0.0
1092,0.5337833166122437,1.0,0.0002947412431240082,0.0002947412431240082,20.0,0.0032049398869276047,0.0640987977385521,20.0,7.603028643643484e-05,0.0015206057287286967,10.0,0.011849263682961464,0.11849263682961464,0.0,0.010398004204034805,0.0,8.186593296648324,0.0011775190941989422,0.009639869923244466,0.0,0.30643609166145325,0.0,500.0,0.0004172460176050663,0.20862300880253315,200.0,0.00045824667904525995,0.09164933580905199,0.5457728864432216,0.0723089948296547,0.039464288823988634,0.0,0.0,0.0
1093,0.5336123704910278,1.0,0.00029457753407768905,0.00029457753407768905,20.0,0.0032113022170960903,0.0642260443419218,20.0,7.512338925153017e-05,0.0015024677850306034,10.0,0.011845875531435013,0.11845875531435013,0.0,0.0103766405954957,0.0,8.194097048524263,0.0011182737071067095,0.009163243282845374,0.0,0.3063771426677704,0.0,500.0,0.0004176813527010381,0.20884067635051906,200.0,0.0004581483080983162,0.09162966161966324,0.5462731365682841,0.07230249047279358,0.03949690825227143,0.0,0.0,0.0
1094,0.5324355959892273,1.0,0.0002947620814666152,0.0002947620814666152,20.0,0.0032145201694220304,0.06429040338844061,20.0,7.348268991336226e-05,0.0014696537982672453,10.0,0.011844432912766933,0.11844432912766933,0.0,0.010346747003495693,0.0,8.2016008004002,0.0009672000305727124,0.007932588544892257,0.0,0.3063329756259918,0.0,500.0,0.00041768449591472745,0.20884224795736372,200.0,0.0004581707180477679,0.09163414360955358,0.5467733866933466,0.07229223847389221,0.0395274720620131,0.0,0.0,0.0
1095,0.5347481966018677,1.0,0.00029483422986231744,0.00029483422986231744,20.0,0.003215308766812086,0.06430617533624172,20.0,7.609494787175208e-05,0.0015218989574350417,10.0,0.011853272095322609,0.11853272095322609,0.0,0.010359419509768486,0.0,8.209104552276138,0.001202322542667389,0.009869991458315084,0.0,0.3064197897911072,0.0,500.0,0.00041817245073616505,0.20908622536808252,200.0,0.0004579277301672846,0.09158554603345692,0.5472736368184092,0.07226875424385071,0.03955078396336802,0.0,0.0,0.0
1096,0.5343957543373108,1.0,0.00029507398721762,0.00029507398721762,20.0,0.0032136626541614532,0.06427325308322906,20.0,7.72262501413934e-05,0.0015445250028278679,10.0,0.011860405094921589,0.11860405094921589,0.0,0.010361523367464542,0.0,8.216608304152077,0.0011251253308728337,0.009244714136861579,0.0,0.30650612711906433,0.0,500.0,0.00041857094038277864,0.20928547019138932,200.0,0.00045790107105858624,0.09158021421171725,0.5477738869434717,0.07223502546548843,0.039568460672691264,0.0,0.0,0.0
1097,0.5337475538253784,1.0,0.0002946307649835944,0.0002946307649835944,20.0,0.0032097180373966694,0.06419436074793339,20.0,7.494956662412733e-05,0.0014989913324825466,10.0,0.01186070591211319,0.1186070591211319,0.0,0.010336324572563171,0.0,8.224112056028014,0.00106516620144248,0.008760046198956664,0.0,0.30641868710517883,0.0,500.0,0.000418379670009017,0.2091898350045085,200.0,0.00045806908747181296,0.09161381749436259,0.5482741370685342,0.07220619171857834,0.03958878745550868,0.0,0.0,0.0
1098,0.5330991148948669,1.0,0.00029412348521873355,0.00029412348521873355,20.0,0.0032057310454547405,0.06411462090909481,20.0,7.302135782083496e-05,0.0014604271564166993,10.0,0.011856785975396633,0.11856785975396633,0.0,0.010326709598302841,0.0,8.231615807903951,0.0009928003419190645,0.00817235098863342,0.0,0.30635085701942444,0.0,500.0,0.0004184262943454087,0.20921314717270434,200.0,0.0004583275003824383,0.09166550007648766,0.5487743871935968,0.07218099385499954,0.03961108066980215,0.0,0.0,0.0
1099,0.5340524911880493,1.0,0.0002933884388767183,0.0002933884388767183,20.0,0.0032005542889237404,0.06401108577847481,20.0,7.28139712009579e-05,0.0014562794240191579,10.0,0.011853307485580444,0.11853307485580444,0.0,0.0103463064879179,0.0,8.23911955977989,0.001098204287700355,0.009048236427426137,0.0,0.30632272362709045,0.0,500.0,0.0004187110753264278,0.2093555376632139,200.0,0.0004586323630064726,0.09172647260129452,0.5492746373186593,0.0721467062830925,0.039628355927381474,0.0,0.0,0.0
1100,0.5344913601875305,1.0,0.00029324699426069856,0.00029324699426069856,20.0,0.003196943551301956,0.06393887102603912,20.0,7.347182690864429e-05,0.0014694365381728858,10.0,0.011849300004541874,0.11849300004541874,0.0,0.010375218465924263,0.0,8.246623311655828,0.001190365757793188,0.00981649800761416,0.0,0.306380957365036,0.0,500.0,0.00041814870201051235,0.20907435100525618,200.0,0.0004587784060277045,0.0917556812055409,0.5497748874437218,0.07212090492248535,0.03965026238609875,0.0,0.0,0.0
1101,0.5333445072174072,1.0,0.0002937359386123717,0.0002937359386123717,20.0,0.003196369856595993,0.06392739713191986,20.0,7.444756920449436e-05,0.0014889513840898871,10.0,0.01184688787907362,0.1184688787907362,0.0,0.01040046475827694,0.0,8.254127063531765,0.001111567486077547,0.00917501926977465,0.0,0.3064641058444977,0.0,500.0,0.0004171261971350759,0.20856309856753796,200.0,0.0004587741568684578,0.09175483137369156,0.5502751375687844,0.07209588587284088,0.0396725735168209,0.0,0.0,0.0
1102,0.5333342552185059,1.0,0.0002941227867268026,0.0002941227867268026,20.0,0.0031994227319955826,0.06398845463991165,20.0,7.541476952610537e-05,0.0015082953905221075,10.0,0.011848542839288712,0.11848542839288712,0.0,0.010408098809421062,0.0,8.261630815407704,0.0010969499126076698,0.009062595200958314,0.0,0.30651357769966125,0.0,500.0,0.000417116389144212,0.208558194572106,200.0,0.00045874534407630563,0.09174906881526113,0.5507753876938469,0.0720585286617279,0.03968806406031137,0.0,0.0,0.0
1103,0.5353679060935974,1.0,0.00029425788670778275,0.00029425788670778275,20.0,0.0032041892409324646,0.06408378481864929,20.0,7.578334043500945e-05,0.001515666808700189,10.0,0.011852577328681946,0.11852577328681946,0.0,0.010397318750619888,0.0,8.269134567283642,0.001286000246182084,0.010634109089239544,0.0,0.3064762353897095,0.0,500.0,0.0004177715163677931,0.20888575818389654,200.0,0.00045864307321608067,0.09172861464321613,0.5512756378189094,0.07201460003852844,0.03969989456851342,0.0,0.0,0.0
1104,0.5344143509864807,1.0,0.00029470326262526214,0.00029470326262526214,20.0,0.003207095433026552,0.06414190866053104,20.0,7.452709542121738e-05,0.0014905419084243476,10.0,0.01185485627502203,0.1185485627502203,0.0,0.010370589792728424,0.0,8.276638319159579,0.0011868607252836227,0.009823216958387962,0.0,0.30636870861053467,0.0,500.0,0.000417308445321396,0.208654222660698,200.0,0.00045869805035181344,0.09173961007036269,0.551775887943972,0.07198870927095413,0.039721633979921164,0.0,0.0,0.0
1105,0.5325719118118286,1.0,0.00029504287522286177,0.00029504287522286177,20.0,0.0032066460698843002,0.064132921397686,20.0,7.282703882083297e-05,0.0014565407764166594,10.0,0.011858678422868252,0.11858678422868252,0.0,0.01033861842006445,0.0,8.284142071035518,0.0009512774413451552,0.007880517473074423,0.0,0.30626925826072693,0.0,500.0,0.0004173426132183522,0.2086713066091761,200.0,0.000458990631159395,0.091798126231879,0.5522761380690345,0.07197603583335876,0.03975064710356582,0.0,0.0,0.0
1106,0.5335124135017395,1.0,0.000294896075502038,0.000294896075502038,20.0,0.0032062213867902756,0.06412442773580551,20.0,7.269600610015914e-05,0.0014539201220031828,10.0,0.011869936250150204,0.11869936250150204,0.0,0.010310066863894463,0.0,8.291645822911455,0.0009817550890147686,0.00814036548295137,0.0,0.3062090277671814,0.0,500.0,0.0004185167490504682,0.2092583745252341,200.0,0.0004588792216964066,0.09177584433928132,0.552776388194097,0.07193729281425476,0.03976523689832492,0.0,0.0,0.0
1107,0.5349036455154419,1.0,0.0002945088199339807,0.0002945088199339807,20.0,0.003201854880899191,0.06403709761798382,20.0,7.362623000517488e-05,0.0014725246001034975,10.0,0.011881246231496334,0.11881246231496334,0.0,0.010305555537343025,0.0,8.299149574787394,0.0010743547463789582,0.00891623073658175,0.0,0.3062165379524231,0.0,500.0,0.00041966704884544015,0.20983352442272007,200.0,0.00045874202623963356,0.09174840524792671,0.5532766383191596,0.07191506028175354,0.03978892279720832,0.0,0.0,0.0
1108,0.5360969305038452,1.0,0.0002944634179584682,0.0002944634179584682,20.0,0.003196964506059885,0.0639392901211977,20.0,7.417611050186679e-05,0.0014835222100373358,10.0,0.011886699125170708,0.11886699125170708,0.0,0.0103119146078825,0.0,8.306653326663332,0.0012218509800732136,0.010149492508312012,0.0,0.30624762177467346,0.0,500.0,0.00041960569797083735,0.20980284898541868,200.0,0.00045874621719121933,0.09174924343824387,0.5537768884442221,0.07189010083675385,0.03981107635131891,0.0,0.0,0.0
1109,0.535581111907959,1.0,0.0002943791332654655,0.0002943791332654655,20.0,0.0031986255198717117,0.06397251039743423,20.0,7.374580309260637e-05,0.0014749160618521273,10.0,0.01188706699758768,0.11887066997587681,0.0,0.010300617665052414,0.0,8.314157078539269,0.0011618570424616337,0.009659861953833091,0.0,0.3062353730201721,0.0,500.0,0.00041943974792957306,0.20971987396478653,200.0,0.00045880413381382823,0.09176082676276565,0.5542771385692846,0.07185589522123337,0.039828079992559565,0.0,0.0,0.0
1110,0.5340522527694702,1.0,0.0002943278232123703,0.0002943278232123703,20.0,0.003203132888302207,0.06406265776604414,20.0,7.314686081372201e-05,0.0014629372162744403,10.0,0.011881782673299313,0.11881782673299313,0.0,0.010290948674082756,0.0,8.321660830415208,0.0009841345017775893,0.008189633535302752,0.0,0.30620428919792175,0.0,500.0,0.0004192351480014622,0.2096175740007311,200.0,0.00045884872088208795,0.09176974417641759,0.5547773886943472,0.07180812209844589,0.03983752246482066,0.0,0.0,0.0
1111,0.5364972352981567,1.0,0.00029468454886227846,0.00029468454886227846,20.0,0.0032085494603961706,0.06417098920792341,20.0,7.712357910349965e-05,0.001542471582069993,10.0,0.011882845312356949,0.11882845312356949,0.0,0.01032689306885004,0.0,8.329164582291146,0.0012697750935330987,0.010576165736531312,0.0,0.3063441216945648,0.0,500.0,0.00041896896436810493,0.20948448218405247,200.0,0.0004586428985930979,0.09172857971861959,0.5552776388194097,0.0718044638633728,0.03987141315074728,0.0,0.0,0.0
1112,0.5349712371826172,1.0,0.0002956166281364858,0.0002956166281364858,20.0,0.003212608862668276,0.06425217725336552,20.0,7.845592335797846e-05,0.0015691184671595693,10.0,0.011874418705701828,0.11874418705701828,0.0,0.010346151888370514,0.0,8.336668334167083,0.0011694938875734806,0.009749682659535795,0.0,0.30653417110443115,0.0,500.0,0.00041741953464224935,0.20870976732112467,200.0,0.0004586415598168969,0.09172831196337938,0.5557778889444722,0.07183152437210083,0.03992237297518961,0.0,0.0,0.0
1113,0.5333355069160461,1.0,0.00029571913182735443,0.00029571913182735443,20.0,0.0032167285680770874,0.06433457136154175,20.0,7.661990821361542e-05,0.0015323981642723083,10.0,0.011869387701153755,0.11869387701153755,0.0,0.010312280617654324,0.0,8.344172086043022,0.0010044316295534372,0.008381150365658497,0.0,0.30641141533851624,0.0,500.0,0.0004168361774645746,0.2084180887322873,200.0,0.00045854935888201,0.091709871776402,0.5562781390695347,0.07185224443674088,0.03996983282323954,0.0,0.0,0.0
1114,0.5356283783912659,1.0,0.0002945085579995066,0.0002945085579995066,20.0,0.0032179001718759537,0.06435800343751907,20.0,7.542497769463807e-05,0.0015084995538927615,10.0,0.011872578412294388,0.11872578412294388,0.0,0.010279129259288311,0.0,8.35167583791896,0.0011310649570077658,0.009446287872558605,0.0,0.3061802387237549,0.0,500.0,0.00041914626490324736,0.20957313245162368,200.0,0.0004585422284435481,0.09170844568870962,0.5567783891945973,0.07186650484800339,0.040013716806317046,0.0,0.0,0.0
1115,0.5371986627578735,1.0,0.0002934939111582935,0.0002934939111582935,20.0,0.0032057110220193863,0.06411422044038773,20.0,7.591625035274774e-05,0.0015183250070549548,10.0,0.01187921967357397,0.11879219673573971,0.0,0.010297994129359722,0.0,8.359179589794897,0.0012760680401697755,0.010666881916576762,0.0,0.3062470257282257,0.0,500.0,0.0004199938557576388,0.2099969278788194,200.0,0.00045882677659392357,0.09176535531878471,0.5572786393196598,0.07186943292617798,0.04005129978977602,0.0,0.0,0.0
1116,0.5350723266601562,1.0,0.0002934631484095007,0.0002934631484095007,20.0,0.003190675750374794,0.06381351500749588,20.0,7.516898767789826e-05,0.0015033797535579652,10.0,0.011882413178682327,0.11882413178682327,0.0,0.010319509543478489,0.0,8.366683341670836,0.00116258196067065,0.009726955123670146,0.0,0.3062824010848999,0.0,500.0,0.0004180041723884642,0.2090020861942321,200.0,0.0004591851611621678,0.09183703223243356,0.5577788894447223,0.07184157520532608,0.04007171403398628,0.0,0.0,0.0
1117,0.5343560576438904,1.0,0.00029403355438262224,0.00029403355438262224,20.0,0.0031828328501433134,0.06365665700286627,20.0,7.413149432977661e-05,0.0014826298865955323,10.0,0.011885317973792553,0.11885317973792553,0.0,0.010325380600988865,0.0,8.374187093546773,0.001135681290179491,0.00951040760260364,0.0,0.3062688112258911,0.0,500.0,0.00041716074338182807,0.20858037169091403,200.0,0.0004594693600665778,0.09189387201331556,0.5582791395697849,0.07180079072713852,0.040084883667577086,0.0,0.0,0.0
1118,0.5351492762565613,1.0,0.0002939805272035301,0.0002939805272035301,20.0,0.0031841062009334564,0.06368212401866913,20.0,7.473032746929675e-05,0.001494606549385935,10.0,0.011895897798240185,0.11895897798240185,0.0,0.010321239940822124,0.0,8.381690845422712,0.0011868332512676716,0.009947669397193517,0.0,0.30624067783355713,0.0,500.0,0.0004176757065579295,0.20883785327896476,200.0,0.0004591925535351038,0.09183851070702076,0.5587793896948474,0.07175556570291519,0.040095531210683474,0.0,0.0,0.0
1119,0.5357578992843628,1.0,0.00029365980299189687,0.00029365980299189687,20.0,0.003192105796188116,0.06384211592376232,20.0,7.507459667976946e-05,0.0015014919335953891,10.0,0.011903776787221432,0.11903776787221432,0.0,0.010302501730620861,0.0,8.38919459729865,0.0011421802919358015,0.00958197273424882,0.0,0.3061939775943756,0.0,500.0,0.0004191662301309407,0.20958311506547034,200.0,0.00045898917596787214,0.09179783519357443,0.5592796398199099,0.07173500210046768,0.04011992613723005,0.0,0.0,0.0
1120,0.5377808809280396,1.0,0.00029345607617869973,0.00029345607617869973,20.0,0.0032031815499067307,0.06406363099813461,20.0,7.477769395336509e-05,0.0014955538790673018,10.0,0.011905665509402752,0.11905665509402752,0.0,0.010279177688062191,0.0,8.396698349174587,0.0012261697556823492,0.010295777563345787,0.0,0.30613675713539124,0.0,500.0,0.00042123362072743475,0.21061681036371738,200.0,0.0004590841708704829,0.09181683417409658,0.5597798899449725,0.07171060144901276,0.040142152587016144,0.0,0.0,0.0
1121,0.5350020527839661,1.0,0.00029402575455605984,0.00029402575455605984,20.0,0.0032032430171966553,0.0640648603439331,20.0,7.366520003415644e-05,0.0014733040006831288,10.0,0.011900107376277447,0.11900107376277447,0.0,0.010285463184118271,0.0,8.404202101050526,0.001042742282152176,0.008763416878517538,0.0,0.30613410472869873,0.0,500.0,0.00041892315493896604,0.20946157746948302,200.0,0.0004588532028719783,0.09177064057439566,0.560280140070035,0.07170187681913376,0.04017313758750866,0.0,0.0,0.0
1122,0.5338780879974365,1.0,0.0002948325709439814,0.0002948325709439814,20.0,0.003199110273271799,0.06398220546543598,20.0,7.347566133830696e-05,0.0014695132267661393,10.0,0.011894283816218376,0.11894283816218376,0.0,0.010311318561434746,0.0,8.411705852926463,0.0010550272418186069,0.008874578825002439,0.0,0.30620908737182617,0.0,500.0,0.00041674781823530793,0.20837390911765397,200.0,0.00045870040776208043,0.09174008155241609,0.5607803901950975,0.0716860443353653,0.04020012791392921,0.0,0.0,0.0
1123,0.5347655415534973,1.0,0.00029462494421750307,0.00029462494421750307,20.0,0.0032019212376326323,0.06403842475265265,20.0,7.55011715227738e-05,0.001510023430455476,10.0,0.011896936222910881,0.11896936222910881,0.0,0.010330821387469769,0.0,8.4192096048024,0.00112621090374887,0.009481805657875677,0.0,0.3063075840473175,0.0,500.0,0.0004171151667833328,0.2085575833916664,200.0,0.0004584594862535596,0.09169189725071192,0.5612806403201601,0.07166080176830292,0.04022182070236913,0.0,0.0,0.0
1124,0.5369538068771362,1.0,0.00029420870123431087,0.00029420870123431087,20.0,0.003205686341971159,0.06411372683942318,20.0,7.648500468349084e-05,0.0015297000936698169,10.0,0.01190186757594347,0.1190186757594347,0.0,0.010323239490389824,0.0,8.42671335667834,0.0012665216345340014,0.010672614774249752,0.0,0.30630627274513245,0.0,500.0,0.0004188136663287878,0.2094068331643939,200.0,0.0004583743866533041,0.09167487733066082,0.5617808904452226,0.07163498550653458,0.040243165944891614,0.0,0.0,0.0
1125,0.5354135632514954,1.0,0.0002942423743661493,0.0002942423743661493,20.0,0.003206003922969103,0.06412007845938206,20.0,7.58349196985364e-05,0.001516698393970728,10.0,0.011904952116310596,0.11904952116310596,0.0,0.010302174836397171,0.0,8.434217108554277,0.0010850345715880394,0.009151417147060702,0.0,0.3063046634197235,0.0,500.0,0.0004186845908407122,0.2093422954203561,200.0,0.0004583545960485935,0.0916709192097187,0.5622811405702851,0.07161611318588257,0.04026838980536868,0.0,0.0,0.0
1126,0.5345811247825623,1.0,0.00029466859996318817,0.00029466859996318817,20.0,0.003207202535122633,0.06414405070245266,20.0,7.379394810413942e-05,0.0014758789620827883,10.0,0.011907224543392658,0.11907224543392658,0.0,0.010257860645651817,0.0,8.441720860430214,0.0010009144898504019,0.008449440728477003,0.0,0.3062109053134918,0.0,500.0,0.0004182647680863738,0.2091323840431869,200.0,0.0004585986025631428,0.09171972051262856,0.5627813906953477,0.0715957060456276,0.04029273101617361,0.0,0.0,0.0
1127,0.535935640335083,1.0,0.00029485428240150213,0.00029485428240150213,20.0,0.003201122162863612,0.06402244325727224,20.0,7.408644160022959e-05,0.0014817288320045918,10.0,0.011914917267858982,0.11914917267858982,0.0,0.01025791373103857,0.0,8.449224612306153,0.0011694170534610748,0.009880667350153855,0.0,0.3062475323677063,0.0,500.0,0.00041811910341493785,0.20905955170746893,200.0,0.00045863064588047564,0.09172612917609513,0.5632816408204102,0.07158254832029343,0.04032113527196118,0.0,0.0,0.0
1128,0.5367761850357056,1.0,0.0002940742124337703,0.0002940742124337703,20.0,0.0031937528401613235,0.06387505680322647,20.0,7.63003044994548e-05,0.001526006089989096,10.0,0.011924685910344124,0.11924685910344124,0.0,0.010286407545208931,0.0,8.45672836418209,0.0011915327049791813,0.010076468423048053,0.0,0.30634915828704834,0.0,500.0,0.0004194276116322726,0.2097138058161363,200.0,0.0004584270063787699,0.09168540127575397,0.5637818909454727,0.07158535718917847,0.040358528040122126,0.0,0.0,0.0
1129,0.5372180938720703,1.0,0.0002934589865617454,0.0002934589865617454,20.0,0.003192110685631633,0.06384221371263266,20.0,7.712545630056411e-05,0.0015425091260112822,10.0,0.011927484534680843,0.11927484534680843,0.0,0.010298768058419228,0.0,8.46423211605803,0.0011388321872800589,0.009639339974376488,0.0,0.30637386441230774,0.0,500.0,0.00042104191379621625,0.21052095689810812,200.0,0.0004585800343193114,0.09171600686386228,0.5642821410705353,0.07157546281814575,0.04038875540713777,0.0,0.0,0.0
1130,0.5357168912887573,1.0,0.0002940529375337064,0.0002940529375337064,20.0,0.0031920697074383497,0.063841394148767,20.0,7.556800846941769e-05,0.0015113601693883538,10.0,0.011920846067368984,0.11920846067368984,0.0,0.010299296118319035,0.0,8.471735867933967,0.001118008396588266,0.009471471834028156,0.0,0.30633559823036194,0.0,500.0,0.00041852056165225804,0.20926028082612902,200.0,0.0004584805283229798,0.09169610566459596,0.5647823911955978,0.07159171253442764,0.040433738594981894,0.0,0.0,0.0
1131,0.5344932079315186,1.0,0.00029463315149769187,0.00029463315149769187,20.0,0.0031966790556907654,0.06393358111381531,20.0,7.376062421826646e-05,0.0014752124843653291,10.0,0.011912086978554726,0.11912086978554726,0.0,0.01029124204069376,0.0,8.479239619809904,0.0010449992259964347,0.008860798839739654,0.0,0.3062552809715271,0.0,500.0,0.0004172828048467636,0.2086414024233818,200.0,0.00045850075548514724,0.09170015109702945,0.5652826413206603,0.07158634066581726,0.04046651573405378,0.0,0.0,0.0
1132,0.534191370010376,1.0,0.0002947136526927352,0.0002947136526927352,20.0,0.0032017582561820745,0.06403516512364149,20.0,7.374231063295156e-05,0.0014748462126590312,10.0,0.011910883709788322,0.11910883709788322,0.0,0.010289717465639114,0.0,8.486743371685844,0.0009793252684175968,0.008311282230467499,0.0,0.30621880292892456,0.0,500.0,0.0004175304202362895,0.20876521011814475,200.0,0.00045851347385905683,0.09170269477181137,0.5657828914457229,0.07157980650663376,0.04049862989444862,0.0,0.0,0.0
1133,0.5374152064323425,1.0,0.00029452552553266287,0.00029452552553266287,20.0,0.003202111227437854,0.06404222454875708,20.0,7.65951699577272e-05,0.0015319033991545439,10.0,0.011917715892195702,0.11917715892195702,0.0,0.010320814326405525,0.0,8.494247123561781,0.0012906813062727451,0.010963365973242227,0.0,0.3063225746154785,0.0,500.0,0.00041837731259875,0.209188656299375,200.0,0.00045843064435757697,0.0916861288715154,0.5662831415707854,0.0715741217136383,0.04053121849916887,0.0,0.0,0.0
1134,0.5355818271636963,1.0,0.00029498490039259195,0.00029498490039259195,20.0,0.0031988676637411118,0.06397735327482224,20.0,7.67255769460462e-05,0.001534511538920924,10.0,0.011921724304556847,0.11921724304556847,0.0,0.01031438633799553,0.0,8.501750875437718,0.0011221148306503892,0.009539940743823593,0.0,0.30634090304374695,0.0,500.0,0.0004175204085186124,0.2087602042593062,200.0,0.00045841842074878514,0.09168368414975703,0.5667833916958479,0.07158621400594711,0.04057387717295552,0.0,0.0,0.0
1135,0.5355868935585022,1.0,0.00029523909324780107,0.00029523909324780107,20.0,0.003194659948348999,0.06389319896697998,20.0,7.609417662024498e-05,0.0015218835324048996,10.0,0.01192465890198946,0.1192465890198946,0.0,0.010301989503204823,0.0,8.509254627313657,0.0011486480943858624,0.009774139112307914,0.0,0.3063199520111084,0.0,500.0,0.00041706973570398986,0.20853486785199493,200.0,0.0004585670540109277,0.09171341080218554,0.5672836418209104,0.07158245891332626,0.04060755798284741,0.0,0.0,0.0
1136,0.5358835458755493,1.0,0.0002945937740150839,0.0002945937740150839,20.0,0.0031974036246538162,0.06394807249307632,20.0,7.525335240643471e-05,0.0015050670481286943,10.0,0.011928705498576164,0.11928705498576164,0.0,0.0102680129930377,0.0,8.516758379189595,0.001073199324309826,0.009140179337856321,0.0,0.3061734139919281,0.0,500.0,0.00041864957893267274,0.20932478946633637,200.0,0.00045869979658164084,0.09173995931632817,0.567783891945973,0.07158318907022476,0.04064378168819665,0.0,0.0,0.0
1137,0.5356850624084473,1.0,0.00029416554025374353,0.00029416554025374353,20.0,0.003197213402017951,0.06394426804035902,20.0,7.456711318809539e-05,0.0014913422637619078,10.0,0.011929315514862537,0.11929315514862537,0.0,0.010255301371216774,0.0,8.524262131065532,0.0009750769240781665,0.008311811298795376,0.0,0.30611905455589294,0.0,500.0,0.00041978684021160007,0.20989342010580003,200.0,0.0004589323652908206,0.09178647305816412,0.5682841420710355,0.0715670958161354,0.0406704456463881,0.0,0.0,0.0
1138,0.5368232727050781,1.0,0.0002942901919595897,0.0002942901919595897,20.0,0.0031949959229677916,0.06389991845935583,20.0,7.509050192311406e-05,0.0015018100384622812,10.0,0.011929151602089405,0.11929151602089405,0.0,0.010269594378769398,0.0,8.531765882941471,0.0011446529533714056,0.009765911015382352,0.0,0.3061644732952118,0.0,500.0,0.000419171730754897,0.2095858653774485,200.0,0.0004589760792441666,0.09179521584883332,0.568784392196098,0.0715363621711731,0.040688766277450626,0.0,0.0,0.0
1139,0.5351440906524658,1.0,0.0002951048663817346,0.0002951048663817346,20.0,0.0031975486781448126,0.06395097356289625,20.0,7.533979078289121e-05,0.0015067958156578243,10.0,0.011928627267479897,0.11928627267479897,0.0,0.010268958285450935,0.0,8.539269634817408,0.0010175375500693917,0.008689027503594056,0.0,0.30614155530929565,0.0,500.0,0.00041786371730268,0.20893185865134,200.0,0.0004589250893332064,0.09178501786664128,0.5692846423211606,0.071491539478302,0.04069903548089429,0.0,0.0,0.0
1140,0.5352576375007629,1.0,0.00029571616323664784,0.00029571616323664784,20.0,0.0031978334300220013,0.06395666860044003,20.0,7.658960385015234e-05,0.0015317920770030469,10.0,0.011931025423109531,0.11931025423109531,0.0,0.01028380449861288,0.0,8.546773386693348,0.001057925052009523,0.009041845679631165,0.0,0.30617067217826843,0.0,500.0,0.0004172651097178459,0.20863255485892296,200.0,0.0004589238087646663,0.09178476175293326,0.5697848924462231,0.07143750041723251,0.040704008491859844,0.0,0.0,0.0
1141,0.536465585231781,1.0,0.0002958824625238776,0.0002958824625238776,20.0,0.003202685620635748,0.06405371241271496,20.0,7.760773587506264e-05,0.0015521547175012529,10.0,0.011933958157896996,0.11933958157896996,0.0,0.010285304859280586,0.0,8.554277138569285,0.0011458880035206676,0.009802243551877646,0.0,0.3061757981777191,0.0,500.0,0.00041789322858676314,0.20894661429338157,200.0,0.00045878347009420395,0.09175669401884079,0.5702851425712856,0.07140059024095535,0.040718695785237166,0.0,0.0,0.0
1142,0.536281943321228,1.0,0.0002959827543236315,0.0002959827543236315,20.0,0.003207137808203697,0.06414275616407394,20.0,7.677127723582089e-05,0.0015354255447164178,10.0,0.011934238485991955,0.11934238485991955,0.0,0.010264595970511436,0.0,8.561780890445222,0.001089556491933763,0.009328543951699027,0.0,0.30610817670822144,0.0,500.0,0.000418313080444932,0.209156540222466,200.0,0.000458714144770056,0.0917428289540112,0.5707853926963482,0.07137098163366318,0.04073751377889429,0.0,0.0,0.0
1143,0.5368976593017578,1.0,0.0002958733239211142,0.0002958733239211142,20.0,0.0032081417739391327,0.06416283547878265,20.0,7.557462231488898e-05,0.0015114924462977797,10.0,0.011933726258575916,0.11933726258575916,0.0,0.010245829820632935,0.0,8.569284642321161,0.0011166741605848074,0.009569098734776264,0.0,0.3060341477394104,0.0,500.0,0.0004189701285213232,0.2094850642606616,200.0,0.00045881106052547693,0.09176221210509539,0.5712856428214107,0.07137209177017212,0.04077385132643149,0.0,0.0,0.0
1144,0.5349811911582947,1.0,0.0002957708202302456,0.0002957708202302456,20.0,0.0031953565776348114,0.06390713155269623,20.0,7.559938239865005e-05,0.001511987647973001,10.0,0.011935249902307987,0.11935249902307987,0.0,0.01027321070432663,0.0,8.576788394197099,0.0009806279558688402,0.008410638470921094,0.0,0.30607476830482483,0.0,500.0,0.0004178244562353939,0.20891222811769694,200.0,0.00045893940841779113,0.09178788168355823,0.5717858929464732,0.07136071473360062,0.040803049995250376,0.0,0.0,0.0
1145,0.5354123711585999,1.0,0.00029529439052566886,0.00029529439052566886,20.0,0.0031826775521039963,0.06365355104207993,20.0,7.636147347511724e-05,0.0015272294695023447,10.0,0.011936740018427372,0.11936740018427372,0.0,0.010311005637049675,0.0,8.584292146073036,0.001058408641256392,0.00908568898647308,0.0,0.3061487674713135,0.0,500.0,0.0004176306538283825,0.20881532691419125,200.0,0.000459209899418056,0.0918419798836112,0.5722861430715358,0.07133831828832626,0.04082593102643584,0.0,0.0,0.0
1146,0.5375323295593262,1.0,0.00029446010012179613,0.00029446010012179613,20.0,0.0031780856661498547,0.0635617133229971,20.0,7.658827234990895e-05,0.001531765446998179,10.0,0.01193737518042326,0.1193737518042326,0.0,0.010324899107217789,0.0,8.591795897948975,0.0012352610938251019,0.010613111198822474,0.0,0.3061891794204712,0.0,500.0,0.0004188145394437015,0.20940726972185075,200.0,0.0004594502388499677,0.09189004776999354,0.5727863931965983,0.0713358074426651,0.0408601798508512,0.0,0.0,0.0
1147,0.5372069478034973,1.0,0.0002942218561656773,0.0002942218561656773,20.0,0.003179200692102313,0.06358401384204626,20.0,7.52836640458554e-05,0.001505673280917108,10.0,0.011933132074773312,0.11933132074773312,0.0,0.010316425934433937,0.0,8.599299649824912,0.0011950090993195772,0.010276241329316425,0.0,0.3060767352581024,0.0,500.0,0.0004188420425634831,0.20942102128174156,200.0,0.00045953193330205977,0.09190638666041195,0.5732866433216608,0.07132218778133392,0.04088805762751809,0.0,0.0,0.0
1148,0.5363988876342773,1.0,0.0002947969187516719,0.0002947969187516719,20.0,0.003183022839948535,0.0636604567989707,20.0,7.365033525275066e-05,0.0014730067050550133,10.0,0.011926477774977684,0.11926477774977684,0.0,0.010302988812327385,0.0,8.60680340170085,0.001171321957372129,0.010081337807197338,0.0,0.30603423714637756,0.0,500.0,0.0004176574293524027,0.20882871467620134,200.0,0.0004593960475176573,0.09187920950353146,0.5737868934467234,0.07130972295999527,0.040916584409762174,0.0,0.0,0.0
1149,0.5358890891075134,1.0,0.0002959247794933617,0.0002959247794933617,20.0,0.003189487848430872,0.06378975696861744,20.0,7.61443079682067e-05,0.001522886159364134,10.0,0.011931110173463821,0.11931110173463821,0.0,0.01031673513352871,0.0,8.614307153576789,0.0011376363690942526,0.009799949112457743,0.0,0.3062102496623993,0.0,500.0,0.00041692162631079555,0.20846081315539777,200.0,0.0004588069277815521,0.09176138555631042,0.5742871435717859,0.07130111753940582,0.04094731512518153,0.0,0.0,0.0
1150,0.5362579822540283,1.0,0.0002967703330796212,0.0002967703330796212,20.0,0.003198669757694006,0.06397339515388012,20.0,7.740571163594723e-05,0.0015481142327189445,10.0,0.011938661336898804,0.11938661336898804,0.0,0.010298021137714386,0.0,8.621810905452726,0.0011152741499245167,0.009615682828388717,0.0,0.3062075078487396,0.0,500.0,0.0004175332433078438,0.2087666216539219,200.0,0.00045851070899516344,0.09170214179903269,0.5747873936968484,0.07127615064382553,0.04096863286130842,0.0,0.0,0.0
1151,0.53844153881073,1.0,0.00029641855508089066,0.00029641855508089066,20.0,0.0032081620302051306,0.06416324060410261,20.0,7.634804205736145e-05,0.001526960841147229,10.0,0.011943385004997253,0.11943385004997253,0.0,0.01024895440787077,0.0,8.629314657328665,0.0012346303556114435,0.010654013824060731,0.0,0.3061039447784424,0.0,500.0,0.0004193877102807164,0.2096938551403582,200.0,0.0004583991249091923,0.09167982498183846,0.575287643821911,0.07125724107027054,0.040993410320565846,0.0,0.0,0.0
1152,0.5360543131828308,1.0,0.00029631005600094795,0.00029631005600094795,20.0,0.0032024949323385954,0.06404989864677191,20.0,7.45007346267812e-05,0.001490014692535624,10.0,0.011942245997488499,0.11942245997488499,0.0,0.010241162031888962,0.0,8.636818409204603,0.0010103278327733278,0.008726018025428467,0.0,0.30610328912734985,0.0,500.0,0.0004186722217127681,0.20933611085638404,200.0,0.0004586156865116209,0.09172313730232418,0.5757878939469735,0.07122472673654556,0.041010335404584264,0.0,0.0,0.0
1153,0.5354347229003906,1.0,0.0002957777469418943,0.0002957777469418943,20.0,0.0031922627240419388,0.06384525448083878,20.0,7.364048360614106e-05,0.0014728096721228212,10.0,0.01194363459944725,0.1194363459944725,0.0,0.010251968167722225,0.0,8.64432216108054,0.0009647388942539692,0.008339513803255922,0.0,0.30611011385917664,0.0,500.0,0.00041851517744362354,0.20925758872181177,200.0,0.0004588380397763103,0.09176760795526206,0.576288144072036,0.0711793527007103,0.0410198170641412,0.0,0.0,0.0
1154,0.5363249778747559,1.0,0.0002951627830043435,0.0002951627830043435,20.0,0.0031776614487171173,0.06355322897434235,20.0,7.458003528881818e-05,0.0014916007057763636,10.0,0.011945604346692562,0.11945604346692562,0.0,0.010292239487171173,0.0,8.651825912956479,0.0011066098231822252,0.009574195543740163,0.0,0.30619558691978455,0.0,500.0,0.00041819410398602486,0.20909705199301243,200.0,0.0004590819007717073,0.09181638015434146,0.5767883941970986,0.07115490734577179,0.04104132474721105,0.0,0.0,0.0
1155,0.537760853767395,1.0,0.0002944879815913737,0.0002944879815913737,20.0,0.003168311668559909,0.06336623337119818,20.0,7.534133328590542e-05,0.0015068266657181084,10.0,0.011945673264563084,0.11945673264563084,0.0,0.010324877686798573,0.0,8.659329664832416,0.001254769042134285,0.01086545878906677,0.0,0.3062424063682556,0.0,500.0,0.0004186144797131419,0.20930723985657096,200.0,0.0004594491038005799,0.09188982076011598,0.5772886443221611,0.07114992290735245,0.04107404253881177,0.0,0.0,0.0
1156,0.5375606417655945,1.0,0.00029442604864016175,0.00029442604864016175,20.0,0.003166109323501587,0.06332218647003174,20.0,7.416435983031988e-05,0.0014832871966063976,10.0,0.011943282559514046,0.11943282559514046,0.0,0.010322300717234612,0.0,8.666833416708354,0.0012680550571531057,0.010990021943560559,0.0,0.3061962425708771,0.0,500.0,0.00041805353248491883,0.20902676624245942,200.0,0.0004595627833623439,0.09191255667246878,0.5777888944472236,0.07113080471754074,0.04109858901888922,0.0,0.0,0.0
1157,0.5352203845977783,1.0,0.00029481935780495405,0.00029481935780495405,20.0,0.003173472359776497,0.06346944719552994,20.0,7.244083099067211e-05,0.0014488166198134422,10.0,0.011941005475819111,0.11941005475819111,0.0,0.010289947502315044,0.0,8.674337168584293,0.000992442830465734,0.008608783732003916,0.0,0.3060773015022278,0.0,500.0,0.0004179802490398288,0.2089901245199144,200.0,0.00045936816604807973,0.09187363320961595,0.5782891445722862,0.0711144357919693,0.041124706240878696,0.0,0.0,0.0
1158,0.5377677083015442,1.0,0.0002950762864202261,0.0002950762864202261,20.0,0.003182377200573683,0.06364754401147366,20.0,7.547899440396577e-05,0.0015095798880793154,10.0,0.011947055347263813,0.11947055347263813,0.0,0.010303156450390816,0.0,8.68184092046023,0.0012000994756817818,0.01041907273659696,0.0,0.30623388290405273,0.0,500.0,0.00041898107156157494,0.20949053578078747,200.0,0.00045891996705904603,0.0917839934118092,0.5787893946973487,0.07109903544187546,0.041151367686968435,0.0,0.0,0.0
1159,0.537032425403595,1.0,0.00029615298262797296,0.00029615298262797296,20.0,0.003191420342773199,0.06382840685546398,20.0,7.61935007176362e-05,0.001523870014352724,10.0,0.011950111016631126,0.11950111016631126,0.0,0.010292007587850094,0.0,8.689344672336167,0.0011320519261062145,0.009836789372918932,0.0,0.3062150478363037,0.0,500.0,0.00041831869748421013,0.20915934874210507,200.0,0.000458581984275952,0.0917163968551904,0.5792896448224112,0.07107043266296387,0.04117036569470343,0.0,0.0,0.0
1160,0.5359687209129333,1.0,0.0002966892789117992,0.0002966892789117992,20.0,0.003195473924279213,0.06390947848558426,20.0,7.426239608321339e-05,0.0014852479216642678,10.0,0.011950448155403137,0.11950448155403137,0.0,0.010259430855512619,0.0,8.696848424212106,0.001042068819515407,0.009062714570923138,0.0,0.30611181259155273,0.0,500.0,0.0004176087095402181,0.20880435477010906,200.0,0.0004586168215610087,0.09172336431220174,0.5797898949474737,0.0710299164056778,0.04118242777097577,0.0,0.0,0.0
1161,0.5369148254394531,1.0,0.00029654716490767896,0.00029654716490767896,20.0,0.0031948452815413475,0.06389690563082695,20.0,7.274221570696682e-05,0.0014548443141393363,10.0,0.01195496879518032,0.11954968795180321,0.0,0.01023388747125864,0.0,8.704352176088044,0.0011153769446536899,0.009708633735354778,0.0,0.30606627464294434,0.0,500.0,0.00041808333480730653,0.20904166740365326,200.0,0.0004587781149893999,0.09175562299787998,0.5802901450725363,0.07101772725582123,0.041210887252002316,0.0,0.0,0.0
1162,0.5372963547706604,1.0,0.0002955400268547237,0.0002955400268547237,20.0,0.0031881935428828,0.063763870857656,20.0,7.427376112900674e-05,0.0014854752225801349,10.0,0.011963795870542526,0.11963795870542526,0.0,0.01025468111038208,0.0,8.711855927963981,0.0010829693637788296,0.009434673071639978,0.0,0.3061459958553314,0.0,500.0,0.0004193793865852058,0.2096896932926029,200.0,0.00045877567026764154,0.09175513405352831,0.5807903951975988,0.07099638134241104,0.04123401637745834,0.0,0.0,0.0
1163,0.5381578207015991,1.0,0.0002950231428258121,0.0002950231428258121,20.0,0.003177450504153967,0.06354901008307934,20.0,7.529543654527515e-05,0.001505908730905503,10.0,0.011967355385422707,0.11967355385422707,0.0,0.010292722843587399,0.0,8.71935967983992,0.0011812390293926,0.01029964796513908,0.0,0.3061807155609131,0.0,500.0,0.0004195734509266913,0.20978672546334565,200.0,0.0004589639720506966,0.09179279441013932,0.5812906453226613,0.07097162306308746,0.04125514056993878,0.0,0.0,0.0
1164,0.5368733406066895,1.0,0.000295240490231663,0.000295240490231663,20.0,0.0031705850269645452,0.0634117005392909,20.0,7.4070441769436e-05,0.00148140883538872,10.0,0.011965133249759674,0.11965133249759674,0.0,0.010302959941327572,0.0,8.726863431715858,0.0011454214109107852,0.009995936224781714,0.0,0.30619797110557556,0.0,500.0,0.0004178896779194474,0.2089448389597237,200.0,0.00045912328641861677,0.09182465728372335,0.5817908954477239,0.07093308120965958,0.04126822083383396,0.0,0.0,0.0
1165,0.5354862213134766,1.0,0.0002952720387838781,0.0002952720387838781,20.0,0.0031726404558867216,0.06345280911773443,20.0,7.253176590893418e-05,0.0014506353181786835,10.0,0.011962219141423702,0.11962219141423702,0.0,0.010288090445101261,0.0,8.734367183591797,0.0010156419593840837,0.008870989800323213,0.0,0.30611157417297363,0.0,500.0,0.000417339033447206,0.208669516723603,200.0,0.00045926141319796443,0.09185228263959289,0.5822911455727864,0.07087951898574829,0.041272516307859435,0.0,0.0,0.0
1166,0.5390148162841797,1.0,0.0002950445923488587,0.0002950445923488587,20.0,0.0031835008412599564,0.06367001682519913,20.0,7.526738772867247e-05,0.0015053477545734495,10.0,0.011967611499130726,0.11967611499130726,0.0,0.010293261148035526,0.0,8.741870935467734,0.0012785937869921327,0.011177301864776147,0.0,0.30617085099220276,0.0,500.0,0.0004191995249129832,0.2095997624564916,200.0,0.00045896487426944077,0.09179297485388815,0.5827913956978489,0.07086286693811417,0.0412982691260145,0.0,0.0,0.0
1167,0.5398118495941162,1.0,0.00029566913144662976,0.00029566913144662976,20.0,0.003190342802554369,0.06380685605108738,20.0,7.642236596439034e-05,0.0015284473192878067,10.0,0.011966840364038944,0.11966840364038944,0.0,0.0102995028719306,0.0,8.749374687343671,0.001376227242872119,0.012041127802818088,0.0,0.3062320053577423,0.0,500.0,0.00041881081415340304,0.20940540707670152,200.0,0.00045873946510255337,0.09174789302051067,0.5832916458229115,0.07083605974912643,0.04131808187467805,0.0,0.0,0.0
1168,0.5356640815734863,1.0,0.0002967710024677217,0.0002967710024677217,20.0,0.003189901588484645,0.0637980317696929,20.0,7.391054532490671e-05,0.0014782109064981341,10.0,0.011959755793213844,0.11959755793213844,0.0,0.010284984484314919,0.0,8.75687843921961,0.0010608427692204714,0.00928967117318877,0.0,0.30611544847488403,0.0,500.0,0.0004160976968705654,0.2080488484352827,200.0,0.0004590200260281563,0.09180400520563126,0.583791895947974,0.07083172351121902,0.04135098616187724,0.0,0.0,0.0
1169,0.5356491804122925,1.0,0.0002964139566756785,0.0002964139566756785,20.0,0.003192765172570944,0.06385530345141888,20.0,7.289326458703727e-05,0.0014578652917407453,10.0,0.011963803321123123,0.11963803321123123,0.0,0.010257584974169731,0.0,8.764382191095548,0.0010080656502395868,0.008835072632414988,0.0,0.30606386065483093,0.0,500.0,0.0004167903680354357,0.20839518401771784,200.0,0.0004590342578012496,0.09180685156024992,0.5842921460730365,0.07079414278268814,0.04136446161589782,0.0,0.0,0.0
1170,0.5402542352676392,1.0,0.00029569637263193727,0.00029569637263193727,20.0,0.0031952043063938618,0.06390408612787724,20.0,7.609151361975819e-05,0.0015218302723951638,10.0,0.011975215747952461,0.11975215747952461,0.0,0.010275947861373425,0.0,8.771885942971485,0.001384894596412778,0.012148137442770414,0.0,0.30617430806159973,0.0,500.0,0.00041900394717231393,0.20950197358615696,200.0,0.0004587811999954283,0.09175623999908566,0.5847923961980991,0.07075013220310211,0.04137413934238438,0.0,0.0,0.0
1171,0.5392151474952698,1.0,0.0002959211415145546,0.0002959211415145546,20.0,0.0031930822879076004,0.06386164575815201,20.0,7.720052963122725e-05,0.001544010592624545,10.0,0.011979932896792889,0.11979932896792889,0.0,0.010289267636835575,0.0,8.779389694847424,0.0012809166219085455,0.011245666190342658,0.0,0.30620840191841125,0.0,500.0,0.00041865912498906255,0.20932956249453127,200.0,0.00045875334762968123,0.09175066952593625,0.5852926463231616,0.07071394473314285,0.041388351844810975,0.0,0.0,0.0
1172,0.5366023778915405,1.0,0.0002962691360153258,0.0002962691360153258,20.0,0.0031919206958264112,0.06383841391652822,20.0,7.427280070260167e-05,0.0014854560140520334,10.0,0.011980870738625526,0.11980870738625526,0.0,0.010247688740491867,0.0,8.786893446723361,0.0010736016556620598,0.009433623352528304,0.0,0.3060759902000427,0.0,500.0,0.00041709886863827705,0.20854943431913853,200.0,0.00045890980982221663,0.09178196196444333,0.5857928964482241,0.07068786770105362,0.04140845076434907,0.0,0.0,0.0
1173,0.5370305180549622,1.0,0.0002956931130029261,0.0002956931130029261,20.0,0.0031886461656540632,0.06377292331308126,20.0,7.301554433070123e-05,0.0014603108866140246,10.0,0.011984087526798248,0.11984087526798248,0.0,0.010223211720585823,0.0,8.794397198599299,0.0010556462220847607,0.009283772178214153,0.0,0.30599313974380493,0.0,500.0,0.0004181916010566056,0.2090958005283028,200.0,0.00045920847333036363,0.09184169466607273,0.5862931465732867,0.07068042457103729,0.0414394485228893,0.0,0.0,0.0
1174,0.541326105594635,1.0,0.00029525914578698575,0.00029525914578698575,20.0,0.0031930352561175823,0.06386070512235165,20.0,7.618510426254943e-05,0.0015237020852509886,10.0,0.011997193098068237,0.11997193098068237,0.0,0.010221980512142181,0.0,8.801900950475238,0.0013381701428443193,0.011778441052199,0.0,0.30608654022216797,0.0,500.0,0.00042120926082134247,0.21060463041067123,200.0,0.00045904406579211354,0.09180881315842271,0.5867933966983492,0.070693738758564,0.041482619091443504,0.0,0.0,0.0
1175,0.5402193069458008,1.0,0.00029556482331827283,0.00029556482331827283,20.0,0.003190262708812952,0.06380525417625904,20.0,7.721765723545104e-05,0.0015443531447090209,10.0,0.012001801282167435,0.12001801282167435,0.0,0.010228313505649567,0.0,8.809404702351175,0.0012237313203513622,0.010780344447917704,0.0,0.3061356842517853,0.0,500.0,0.00042092858348041773,0.21046429174020886,200.0,0.0004589846939779818,0.09179693879559636,0.5872936468234117,0.07068778574466705,0.04151448747585749,0.0,0.0,0.0
1176,0.5395153164863586,1.0,0.00029615708626806736,0.00029615708626806736,20.0,0.0031833096873015165,0.06366619374603033,20.0,7.64628202887252e-05,0.001529256405774504,10.0,0.012001384049654007,0.12001384049654007,0.0,0.010233953595161438,0.0,8.816908454227114,0.001256574410945177,0.011079101547227988,0.0,0.3061092495918274,0.0,500.0,0.0004190966719761491,0.20954833598807454,200.0,0.00045919755939394236,0.09183951187878847,0.5877938969484743,0.07067602872848511,0.04154293834715858,0.0,0.0,0.0
1177,0.5372692346572876,1.0,0.0002961515565402806,0.0002961515565402806,20.0,0.0031812209635972977,0.06362441927194595,20.0,7.478645420633256e-05,0.0014957290841266513,10.0,0.011992345564067364,0.11992345564067364,0.0,0.010238793678581715,0.0,8.824412206103052,0.0010772099485620856,0.009505744618626908,0.0,0.30608975887298584,0.0,500.0,0.0004179186071269214,0.2089593035634607,200.0,0.00045948370825499296,0.09189674165099859,0.5882941470735368,0.07065805792808533,0.04156772192267551,0.0,0.0,0.0
1178,0.5373566746711731,1.0,0.00029580784030258656,0.00029580784030258656,20.0,0.003188203787431121,0.06376407574862242,20.0,7.316486880881712e-05,0.0014632973761763424,10.0,0.011983156204223633,0.11983156204223633,0.0,0.01022670604288578,0.0,8.831915957978989,0.0010380520252510905,0.009167988247027515,0.0,0.30592113733291626,0.0,500.0,0.0004186503356322646,0.2093251678161323,200.0,0.0004595621139742434,0.09191242279484868,0.5887943971985993,0.070646733045578,0.041596400597621465,0.0,0.0,0.0
1179,0.5402264595031738,1.0,0.00029581127455458045,0.00029581127455458045,20.0,0.0031955826561897993,0.06391165312379599,20.0,7.598759839311242e-05,0.0015197519678622484,10.0,0.0119839608669281,0.119839608669281,0.0,0.010254895314574242,0.0,8.839419709854928,0.0012408855836838484,0.010968708486089846,0.0,0.30601105093955994,0.0,500.0,0.00042046484304592013,0.21023242152296007,200.0,0.0004590902244672179,0.09181804489344358,0.5892946473236619,0.0706615298986435,0.041640461340971505,0.0,0.0,0.0
1180,0.5401362180709839,1.0,0.0002962765865959227,0.0002962765865959227,20.0,0.0031985787209123373,0.06397157441824675,20.0,7.73890787968412e-05,0.001547781575936824,10.0,0.011980699375271797,0.11980699375271797,0.0,0.010284669697284698,0.0,8.846923461730865,0.0012322026304900646,0.01090120236128904,0.0,0.3060925602912903,0.0,500.0,0.0004203047719784081,0.21015238598920405,200.0,0.00045891571789979935,0.09178314357995987,0.5897948974487244,0.07066334038972855,0.04167687759854425,0.0,0.0,0.0
1181,0.5374990105628967,1.0,0.00029587215976789594,0.00029587215976789594,20.0,0.003183673834428191,0.06367347668856382,20.0,7.388880476355553e-05,0.0014777760952711105,10.0,0.01197332888841629,0.1197332888841629,0.0,0.010285626165568829,0.0,8.854427213606803,0.0011120616691187024,0.009846669106253642,0.0,0.3060074746608734,0.0,500.0,0.0004177663358859718,0.2088831679429859,200.0,0.00045939956908114254,0.09187991381622851,0.5902951475737869,0.0706576555967331,0.04170887123769137,0.0,0.0,0.0
1182,0.5364531874656677,1.0,0.0002954913943540305,0.0002954913943540305,20.0,0.003168781055137515,0.0633756211027503,20.0,7.217105303425342e-05,0.0014434210606850684,10.0,0.011974568478763103,0.11974568478763103,0.0,0.010294915176928043,0.0,8.861930965482742,0.001064872252754867,0.009436824390971722,0.0,0.3059314489364624,0.0,500.0,0.00041690494981594384,0.20845247490797192,200.0,0.00045988900819793344,0.09197780163958669,0.5907953976988495,0.07062652707099915,0.0417258271489995,0.0,0.0,0.0
1183,0.5376409292221069,1.0,0.00029512285254895687,0.00029512285254895687,20.0,0.0031587909907102585,0.06317581981420517,20.0,7.491961150662974e-05,0.0014983922301325947,10.0,0.011986231431365013,0.11986231431365013,0.0,0.010336433537304401,0.0,8.86943471735868,0.0011984120355919003,0.010629237314179286,0.0,0.30611807107925415,0.0,500.0,0.0004169137100689113,0.20845685503445566,200.0,0.00045988743659108877,0.09197748731821775,0.591295647823912,0.0706004649400711,0.04174574765340873,0.0,0.0,0.0
1184,0.5413034558296204,1.0,0.00029419720522128046,0.00029419720522128046,20.0,0.0031609302386641502,0.063218604773283,20.0,7.747829658910632e-05,0.0015495659317821264,10.0,0.01199575886130333,0.1199575886130333,0.0,0.0103466110303998,0.0,8.876938469234616,0.0013703966978937387,0.01216492716564502,0.0,0.30616047978401184,0.0,500.0,0.0004206193261779845,0.21030966308899224,200.0,0.00046016951091587543,0.09203390218317509,0.5917958979489745,0.07059026509523392,0.04177502931849011,0.0,0.0,0.0
1185,0.5425669550895691,1.0,0.0002943605068139732,0.0002943605068139732,20.0,0.003170539392158389,0.06341078784316778,20.0,7.630129402969033e-05,0.0015260258805938065,10.0,0.011997687630355358,0.11997687630355358,0.0,0.010311693884432316,0.0,8.884442221110556,0.001490517519414425,0.01324241678079049,0.0,0.30611807107925415,0.0,500.0,0.0004207444144412875,0.21037220722064376,200.0,0.00045972398947924376,0.09194479789584875,0.592296148074037,0.07057195901870728,0.041799499488819114,0.0,0.0,0.0
1186,0.5374767780303955,1.0,0.0002953197981696576,0.0002953197981696576,20.0,0.0031767624896019697,0.0635352497920394,20.0,7.181358523666859e-05,0.0014362717047333717,10.0,0.011993671767413616,0.11993671767413616,0.0,0.01025590393692255,0.0,8.891945972986493,0.0010505991522222757,0.009341870900825888,0.0,0.305961549282074,0.0,500.0,0.0004185022262390703,0.20925111311953515,200.0,0.0004593840567395091,0.09187681134790182,0.5927963981990996,0.07051906734704971,0.0418034491276908,0.0,0.0,0.0
1187,0.538238525390625,1.0,0.00029585545416921377,0.00029585545416921377,20.0,0.0031901057809591293,0.06380211561918259,20.0,6.984199717408046e-05,0.0013968399434816092,10.0,0.012002088129520416,0.12002088129520416,0.0,0.010184712707996368,0.0,8.899449724862432,0.0009504299378022552,0.008458303448475297,0.0,0.30583035945892334,0.0,500.0,0.0004211400810163468,0.2105700405081734,200.0,0.00045948754996061325,0.09189750999212265,0.5932966483241621,0.07044865936040878,0.04179695347746114,0.0,0.0,0.0
1188,0.5426183342933655,1.0,0.00029582102433778346,0.00029582102433778346,20.0,0.0032047275453805923,0.06409455090761185,20.0,7.052223372738808e-05,0.0014104446745477617,10.0,0.012017660774290562,0.12017660774290562,0.0,0.010130069218575954,0.0,8.90695347673837,0.0011670941021293402,0.010395252870641771,0.0,0.30582156777381897,0.0,500.0,0.0004252371145412326,0.2126185572706163,200.0,0.0004592547193169594,0.09185094386339188,0.5937968984492246,0.07035423815250397,0.04177612840771496,0.0,0.0,0.0
1189,0.540534496307373,1.0,0.00029661942971870303,0.00029661942971870303,20.0,0.003208704059943557,0.06417408119887114,20.0,7.3474962846376e-05,0.00146949925692752,10.0,0.012032140977680683,0.12032140977680683,0.0,0.010140092112123966,0.0,8.914457228614307,0.001000353367999196,0.0089176073125291,0.0,0.30597344040870667,0.0,500.0,0.00042371649760752916,0.21185824880376458,200.0,0.00045864179264754057,0.09172835852950811,0.5942971485742872,0.07028251141309738,0.04176869612744357,0.0,0.0,0.0
1190,0.5412856936454773,1.0,0.00029773981077596545,0.00029773981077596545,20.0,0.0032111438922584057,0.06422287784516811,20.0,7.591435132781044e-05,0.0015182870265562087,10.0,0.012037904001772404,0.12037904001772404,0.0,0.010162933729588985,0.0,8.921960980490246,0.0011727014789357781,0.010462796836828216,0.0,0.30620819330215454,0.0,500.0,0.0004217246896587312,0.2108623448293656,200.0,0.00045884435530751944,0.09176887106150389,0.5947973986993497,0.07023195177316666,0.0417737822202577,0.0,0.0,0.0
1191,0.5428831577301025,1.0,0.000298230501357466,0.000298230501357466,20.0,0.003205542452633381,0.06411084905266762,20.0,7.74269865360111e-05,0.001548539730720222,10.0,0.01203259825706482,0.1203259825706482,0.0,0.01021847128868103,0.0,8.929464732366183,0.0014668614603579044,0.013098287677533063,0.0,0.3063136637210846,0.0,500.0,0.00041963241528719664,0.20981620764359832,200.0,0.0004594206693582237,0.09188413387164474,0.5952976488244122,0.07021857053041458,0.041800949940566955,0.0,0.0,0.0
1192,0.5406520962715149,1.0,0.0002983915328513831,0.0002983915328513831,20.0,0.003203549887984991,0.06407099775969982,20.0,7.830242975614965e-05,0.001566048595122993,10.0,0.012025010772049427,0.12025010772049427,0.0,0.010266156867146492,0.0,8.93696848424212,0.0012963155750185251,0.01158513143957276,0.0,0.30636167526245117,0.0,500.0,0.0004183403216302395,0.20917016081511974,200.0,0.0004593821940943599,0.09187643881887197,0.5957978989494748,0.07021652162075043,0.041834856053183475,0.0,0.0,0.0
1193,0.53937828540802,1.0,0.0002978675183840096,0.0002978675183840096,20.0,0.0032049864530563354,0.06409972906112671,20.0,7.753174577374011e-05,0.0015506349154748023,10.0,0.012011498212814331,0.12011498212814331,0.0,0.010296168737113476,0.0,8.94447223611806,0.0011937180534005165,0.010677177986393815,0.0,0.30613768100738525,0.0,500.0,0.0004179937532171607,0.20899687660858035,200.0,0.0004588212468661368,0.09176424937322736,0.5962981490745373,0.07022794336080551,0.04187679263935976,0.0,0.0,0.0
1194,0.5422181487083435,1.0,0.0002973595983348787,0.0002973595983348787,20.0,0.003207096830010414,0.06414193660020828,20.0,7.62480340199545e-05,0.00152496068039909,10.0,0.012000576592981815,0.12000576592981815,0.0,0.010310635901987553,0.0,8.951975987993997,0.0014406940899789333,0.012897058899536275,0.0,0.3059748709201813,0.0,500.0,0.00041925994446501136,0.20962997223250568,200.0,0.0004589309683069587,0.09178619366139174,0.5967983991995998,0.070266492664814,0.04193493033973141,0.0,0.0,0.0
1195,0.5410968065261841,1.0,0.0002973738592118025,0.0002973738592118025,20.0,0.0032033787574619055,0.06406757514923811,20.0,7.609932799823582e-05,0.0015219865599647164,10.0,0.01199513953179121,0.1199513953179121,0.0,0.010341232642531395,0.0,8.959479739869934,0.0013385785277932882,0.01199296719998889,0.0,0.3058626055717468,0.0,500.0,0.0004188639868516475,0.20943199342582375,200.0,0.00045924930600449443,0.09184986120089889,0.5972986493246624,0.0702892616391182,0.0419836810390731,0.0,0.0,0.0
1196,0.5394366979598999,1.0,0.00029840029310435057,0.00029840029310435057,20.0,0.00320067978464067,0.0640135956928134,20.0,7.904337689979002e-05,0.0015808675379958004,10.0,0.011996845714747906,0.11996845714747906,0.0,0.010391578078269958,0.0,8.966983491745873,0.0012379094259813428,0.011100313387051312,0.0,0.30600234866142273,0.0,500.0,0.0004172909539192915,0.20864547695964575,200.0,0.00045889575267210603,0.0917791505344212,0.5977988994497249,0.07034210860729218,0.04205043511041228,0.0,0.0,0.0
1197,0.5398671627044678,1.0,0.000299159117275849,0.000299159117275849,20.0,0.0032048500142991543,0.06409700028598309,20.0,7.930384890642017e-05,0.0015860769781284034,10.0,0.011998320929706097,0.11998320929706097,0.0,0.0103786401450634,0.0,8.97448724362181,0.0012959630694240332,0.011630604034750953,0.0,0.30594608187675476,0.0,500.0,0.0004167990991845727,0.20839954959228635,200.0,0.00045880404650233686,0.09176080930046737,0.5982991495747874,0.07038407027721405,0.04211072939046923,0.0,0.0,0.0
1198,0.5382822751998901,1.0,0.00029931182507425547,0.00029931182507425547,20.0,0.003212131094187498,0.06424262188374996,20.0,7.681349234189838e-05,0.0015362698468379676,10.0,0.012000590562820435,0.12000590562820435,0.0,0.010312415659427643,0.0,8.98199099549775,0.0010868278332054615,0.009761877811507785,0.0,0.3057614862918854,0.0,500.0,0.0004168528539594263,0.20842642697971314,200.0,0.00045924700680188835,0.09184940136037767,0.59879939969985,0.07040832191705704,0.04216046089780754,0.0,0.0,0.0
1199,0.5381488800048828,1.0,0.00029934546910226345,0.00029934546910226345,20.0,0.0032156500965356827,0.06431300193071365,20.0,7.484396337531507e-05,0.0014968792675063014,10.0,0.012005474418401718,0.12005474418401718,0.0,0.010249689221382141,0.0,8.989494747373687,0.000952947128098458,0.008566513202565929,0.0,0.30557918548583984,0.0,500.0,0.00041846942622214556,0.20923471311107278,200.0,0.0004598840605467558,0.09197681210935116,0.5992996498249125,0.07042698562145233,0.04220686782116053,0.0,0.0,0.0
1200,0.5411359071731567,1.0,0.0002991421497426927,0.0002991421497426927,20.0,0.0032239556312561035,0.06447911262512207,20.0,7.707568147452548e-05,0.0015415136294905096,10.0,0.012018690817058086,0.12018690817058086,0.0,0.010215161368250847,0.0,8.996998499249624,0.0010736819822341204,0.009659915182831743,0.0,0.3056495189666748,0.0,500.0,0.00042170879896730185,0.21085439948365092,200.0,0.000459398259408772,0.0918796518817544,0.599799899949975,0.07041555643081665,0.04223524370212564,0.0,0.0,0.0
1201,0.5419337153434753,1.0,0.00029875579639337957,0.00029875579639337957,20.0,0.0032208047341555357,0.06441609468311071,20.0,7.891641871538013e-05,0.0015783283743076026,10.0,0.012025750242173672,0.12025750242173672,0.0,0.010219652205705643,0.0,9.004502251125563,0.0010679702972993255,0.009616540946167013,0.0,0.30569618940353394,0.0,500.0,0.00042336632031947374,0.21168316015973687,200.0,0.0004591758770402521,0.09183517540805042,0.6003001500750376,0.07037834823131561,0.04224813300529202,0.0,0.0,0.0
1202,0.542587161064148,1.0,0.0002984695020131767,0.0002984695020131767,20.0,0.0031994925811886787,0.06398985162377357,20.0,7.955729233799502e-05,0.0015911458467599005,10.0,0.012020658701658249,0.12020658701658249,0.0,0.01028371974825859,0.0,9.0120060030015,0.0013412554981186986,0.01208740260060448,0.0,0.30588406324386597,0.0,500.0,0.0004204041906632483,0.21020209533162415,200.0,0.00045974471140652895,0.09194894228130579,0.6008004002001001,0.07034396380186081,0.042262681603819324,0.0,0.0,0.0
1203,0.5403457283973694,1.0,0.00029745252686552703,0.00029745252686552703,20.0,0.003181782318279147,0.06363564636558294,20.0,7.88512552389875e-05,0.0015770251047797501,10.0,0.012012260966002941,0.12012260966002941,0.0,0.010335782542824745,0.0,9.019509754877438,0.0011914421338588,0.010746223948711437,0.0,0.305923193693161,0.0,500.0,0.00041909440187737346,0.20954720093868673,200.0,0.0004607727751135826,0.09215455502271652,0.6013006503251626,0.070289246737957,0.04226496977439936,0.0,0.0,0.0
1204,0.5389633178710938,1.0,0.00029609265038743615,0.00029609265038743615,20.0,0.003172055585309863,0.06344111170619726,20.0,7.694245869060978e-05,0.0015388491738121957,10.0,0.01199995819479227,0.1199995819479227,0.0,0.010372345335781574,0.0,9.027013506753377,0.001073833554983139,0.009693510004837792,0.0,0.30569642782211304,0.0,500.0,0.0004188895982224494,0.2094447991112247,200.0,0.00046136503806337714,0.09227300761267543,0.6018009004502252,0.07024973630905151,0.04227635456717808,0.0,0.0,0.0
1205,0.5397964119911194,1.0,0.00029545131837949157,0.00029545131837949157,20.0,0.003165564266964793,0.06331128533929586,20.0,7.494587043765932e-05,0.0014989174087531865,10.0,0.011988193728029728,0.11988193728029728,0.0,0.010409572161734104,0.0,9.034517258629315,0.0012156388256698847,0.010982709950774446,0.0,0.30570465326309204,0.0,500.0,0.00041842623613774776,0.20921311806887388,200.0,0.0004616969090420753,0.09233938180841506,0.6023011505752877,0.07018674910068512,0.04227355973848168,0.0,0.0,0.0
1206,0.5376372933387756,1.0,0.0002959956764243543,0.0002959956764243543,20.0,0.003159335581585765,0.0631867116317153,20.0,7.662628922844306e-05,0.0015325257845688611,10.0,0.011986629106104374,0.11986629106104374,0.0,0.01047444622963667,0.0,9.042021010505252,0.0011170519283041358,0.010100407005551402,0.0,0.30587244033813477,0.0,500.0,0.0004161628894507885,0.20808144472539425,200.0,0.0004614130884874612,0.09228261769749224,0.6028014007003502,0.0701579675078392,0.04229132108401513,0.0,0.0,0.0
1207,0.5395673513412476,1.0,0.00029691861709579825,0.00029691861709579825,20.0,0.003158809617161751,0.06317619234323502,20.0,7.799723243806511e-05,0.0015599446487613022,10.0,0.01199493557214737,0.1199493557214737,0.0,0.010503972880542278,0.0,9.049524762381191,0.0013291161740198731,0.01202786972887419,0.0,0.3062024712562561,0.0,500.0,0.0004161853576079011,0.20809267880395055,200.0,0.00046066779759712517,0.09213355951942503,0.6033016508254128,0.070165254175663,0.04233081367476217,0.0,0.0,0.0
1208,0.538478434085846,1.0,0.0002968281623907387,0.0002968281623907387,20.0,0.0031675039790570736,0.06335007958114147,20.0,7.637665839865804e-05,0.0015275331679731607,10.0,0.012008730322122574,0.12008730322122574,0.0,0.010453891009092331,0.0,9.057028514257128,0.001137994695454836,0.010306850405807805,0.0,0.30614787340164185,0.0,500.0,0.0004172222688794136,0.2086111344397068,200.0,0.00045966595644131303,0.0919331912882626,0.6038019009504753,0.07016457617282867,0.042365504472538375,0.0,0.0,0.0
1209,0.5410388112068176,1.0,0.00029615109087899327,0.00029615109087899327,20.0,0.0031746458262205124,0.06349291652441025,20.0,7.312925299629569e-05,0.0014625850599259138,10.0,0.012022105976939201,0.12022105976939201,0.0,0.010379321873188019,0.0,9.064532266133067,0.0012270491570234299,0.01112262667597026,0.0,0.30590519309043884,0.0,500.0,0.00042006646981462836,0.21003323490731418,200.0,0.0004600983811542392,0.09201967623084784,0.6043021510755378,0.07014787942171097,0.042390514427927385,0.0,0.0,0.0
1210,0.5424736738204956,1.0,0.0002965634339489043,0.0002965634339489043,20.0,0.0031812116503715515,0.06362423300743103,20.0,7.042072684271261e-05,0.0014084145368542522,10.0,0.012033282779157162,0.12033282779157162,0.0,0.010317853651940823,0.0,9.072036018009005,0.001264235470443964,0.0114691897231122,0.0,0.30576592683792114,0.0,500.0,0.0004217569949105382,0.2108784974552691,200.0,0.00046032248064875603,0.0920644961297512,0.6048024012006002,0.0701046884059906,0.042399483883362996,0.0,0.0,0.0
1211,0.5406299233436584,1.0,0.0002978434204123914,0.0002978434204123914,20.0,0.0031969042029231787,0.06393808405846357,20.0,7.063463272061199e-05,0.0014126926544122398,10.0,0.012052517384290695,0.12052517384290695,0.0,0.010253875516355038,0.0,9.079539769884942,0.0009576872107572854,0.008695359117180954,0.0,0.30577024817466736,0.0,500.0,0.00042292982107028365,0.21146491053514183,200.0,0.0004594943020492792,0.09189886040985584,0.6053026513256629,0.07004266232252121,0.0423970092097302,0.0,0.0,0.0
1212,0.5429138541221619,1.0,0.0002986938052345067,0.0002986938052345067,20.0,0.003217363730072975,0.0643472746014595,20.0,7.263413135660812e-05,0.0014526826271321625,10.0,0.012072836980223656,0.12072836980223656,0.0,0.010196817107498646,0.0,9.087043521760881,0.0009959001326933503,0.009049787849111911,0.0,0.30581673979759216,0.0,500.0,0.00042581185698509216,0.21290592849254608,200.0,0.0004587391740642488,0.09174783481284976,0.6058029014507254,0.06996208429336548,0.042383233656461024,0.0,0.0,0.0
1213,0.5422461032867432,1.0,0.0002992218069266528,0.0002992218069266528,20.0,0.0032251118682324886,0.06450223736464977,20.0,7.285769970621914e-05,0.0014571539941243827,10.0,0.012080177664756775,0.12080177664756775,0.0,0.010173077695071697,0.0,9.094547273636818,0.0008618164574727416,0.007837830513684063,0.0,0.3059971332550049,0.0,500.0,0.0004265343304723501,0.21326716523617506,200.0,0.0004585892311297357,0.09171784622594714,0.6063031515757878,0.06987076997756958,0.042362868040427375,0.0,0.0,0.0
1214,0.541812539100647,1.0,0.0002994866808876395,0.0002994866808876395,20.0,0.0032125203870236874,0.06425040774047375,20.0,7.220939005492255e-05,0.001444187801098451,10.0,0.012075448408722878,0.12075448408722878,0.0,0.010218433104455471,0.0,9.102051025512756,0.0010239934781566262,0.009320440887973893,0.0,0.30611300468444824,0.0,500.0,0.0004232757491990924,0.2116378745995462,200.0,0.0004587731964420527,0.09175463928841054,0.6068034017008505,0.06979361921548843,0.04235100555697222,0.0,0.0,0.0
1215,0.5401818752288818,1.0,0.0002987410989589989,0.0002987410989589989,20.0,0.0031929980032145977,0.06385996006429195,20.0,7.248814654303715e-05,0.001449762930860743,10.0,0.01207001879811287,0.12070018798112869,0.0,0.010297950357198715,0.0,9.109554777388695,0.001022279029712081,0.009312506818937966,0.0,0.30612829327583313,0.0,500.0,0.0004207997699268162,0.2103998849634081,200.0,0.0004590979660861194,0.09181959321722388,0.607303651825913,0.06972000747919083,0.04234121514744255,0.0,0.0,0.0
1216,0.5416889786720276,1.0,0.0002975877723656595,0.0002975877723656595,20.0,0.0031849618535488844,0.06369923707097769,20.0,7.575449853902683e-05,0.0015150899707805365,10.0,0.012073690071702003,0.12073690071702003,0.0,0.010370500385761261,0.0,9.117058529264632,0.0012018007691949606,0.010956887953265711,0.0,0.3063427209854126,0.0,500.0,0.0004204410361126065,0.21022051805630326,200.0,0.0004595662758219987,0.09191325516439974,0.6078039019509754,0.06967625021934509,0.04234949675663045,0.0,0.0,0.0
1217,0.5444602370262146,1.0,0.0002965001040138304,0.0002965001040138304,20.0,0.003179088933393359,0.06358177866786718,20.0,7.84332660259679e-05,0.001568665320519358,10.0,0.012069209478795528,0.12069209478795528,0.0,0.010451477020978928,0.0,9.12456228114057,0.0013993327738717198,0.0127682990472337,0.0,0.30648428201675415,0.0,500.0,0.000422156706918031,0.2110783534590155,200.0,0.0004604817077051848,0.09209634154103696,0.608304152076038,0.06966613978147507,0.04237820208818093,0.0,0.0,0.0
1218,0.5430342555046082,1.0,0.00029674923280254006,0.00029674923280254006,20.0,0.0031761310528963804,0.06352262105792761,20.0,7.79644469730556e-05,0.001559288939461112,10.0,0.012058690190315247,0.12058690190315247,0.0,0.010500871576368809,0.0,9.132066033016509,0.0014125320594757795,0.01289933604088562,0.0,0.30650290846824646,0.0,500.0,0.0004192592459730804,0.2096296229865402,200.0,0.0004606391885317862,0.09212783770635724,0.6088044022011005,0.06966423243284225,0.04241189138107505,0.0,0.0,0.0
1219,0.5377688407897949,1.0,0.000297740800306201,0.000297740800306201,20.0,0.0031691330950707197,0.0633826619014144,20.0,7.417712185997516e-05,0.0014835424371995032,10.0,0.012044377624988556,0.12044377624988556,0.0,0.01052333414554596,0.0,9.139569784892446,0.0010879449546337128,0.009943348834996464,0.0,0.306358277797699,0.0,500.0,0.000415301532484591,0.2076507662422955,200.0,0.0004605869180522859,0.09211738361045718,0.609304652326163,0.0696689561009407,0.042449619075010395,0.0,0.0,0.0
1220,0.5387079119682312,1.0,0.0002979047712869942,0.0002979047712869942,20.0,0.003176347119733691,0.06352694239467382,20.0,7.244871085276827e-05,0.0014489742170553654,10.0,0.012040517292916775,0.12040517292916775,0.0,0.010511732660233974,0.0,9.147073536768383,0.0011719693429768085,0.010720089763046994,0.0,0.3062162399291992,0.0,500.0,0.0004155501374043524,0.2077750687021762,200.0,0.0004601438413374126,0.09202876826748252,0.6098049024512256,0.0697026327252388,0.04250500714960786,0.0,0.0,0.0
1221,0.5388376116752625,1.0,0.00029798003379255533,0.00029798003379255533,20.0,0.0031897923909127712,0.06379584781825542,20.0,7.46439618524164e-05,0.001492879237048328,10.0,0.012047803029417992,0.12047803029417992,0.0,0.010525298304855824,0.0,9.154577288644322,0.0011221265885978937,0.01027259458296221,0.0,0.3062003552913666,0.0,500.0,0.00041612633503973484,0.20806316751986742,200.0,0.00045940326526761055,0.09188065305352211,0.6103051525762881,0.0697297751903534,0.0425564410866589,0.0,0.0,0.0
1222,0.543367326259613,1.0,0.0002981411525979638,0.0002981411525979638,20.0,0.003195438999682665,0.0639087799936533,20.0,7.709952478762716e-05,0.0015419904957525432,10.0,0.012058917433023453,0.12058917433023453,0.0,0.010551725514233112,0.0,9.16208104052026,0.0014960088301450014,0.01370655413912241,0.0,0.30624741315841675,0.0,500.0,0.0004177289083600044,0.2088644541800022,200.0,0.00045924403821118176,0.09184880764223635,0.6108054027013506,0.06975949555635452,0.04260947677554221,0.0,0.0,0.0
1223,0.5403209328651428,1.0,0.00029847538098692894,0.00029847538098692894,20.0,0.0031944764778017998,0.063889529556036,20.0,7.5393239967525e-05,0.0015078647993505,10.0,0.01206415519118309,0.1206415519118309,0.0,0.010538853704929352,0.0,9.169584792396199,0.0012283591786399484,0.011263543644057156,0.0,0.3061259984970093,0.0,500.0,0.00041636102832853794,0.20818051416426897,200.0,0.0004593952326104045,0.0918790465220809,0.6113056528264132,0.06978566944599152,0.042660374218610124,0.0,0.0,0.0
1224,0.5385892391204834,1.0,0.00029920891392976046,0.00029920891392976046,20.0,0.0031966431997716427,0.06393286399543285,20.0,7.27860169718042e-05,0.001455720339436084,10.0,0.012066464871168137,0.12066464871168137,0.0,0.010505249723792076,0.0,9.177088544272136,0.0010847020894289017,0.009954407118846023,0.0,0.30593550205230713,0.0,500.0,0.00041515505290590227,0.20757752645295113,200.0,0.0004599898820742965,0.0919979764148593,0.6118059029514757,0.06980466842651367,0.042706908196911565,0.0,0.0,0.0
1225,0.5398123264312744,1.0,0.00029897497734054923,0.00029897497734054923,20.0,0.003208694513887167,0.06417389027774334,20.0,7.288561027962714e-05,0.0014577122055925429,10.0,0.01207468006759882,0.1207468006759882,0.0,0.010462663136422634,0.0,9.184592296148073,0.001070203259587288,0.009829380613317961,0.0,0.3058330714702606,0.0,500.0,0.00041699293069541454,0.20849646534770727,200.0,0.0004603590932674706,0.09207181865349412,0.6123061530765382,0.06979718804359436,0.04273724770653301,0.0,0.0,0.0
1226,0.5440834760665894,1.0,0.0002989384229294956,0.0002989384229294956,20.0,0.0032210189383476973,0.06442037876695395,20.0,7.34955319785513e-05,0.001469910639571026,10.0,0.012084728106856346,0.12084728106856346,0.0,0.010415934026241302,0.0,9.192096048024013,0.0013496717438101768,0.012406312302407204,0.0,0.3057737350463867,0.0,500.0,0.0004197038942947984,0.2098519471473992,200.0,0.000460177194327116,0.0920354388654232,0.6128064032016008,0.06976626068353653,0.04275321127430328,0.0,0.0,0.0
1227,0.5402483940124512,1.0,0.00029949506279081106,0.00029949506279081106,20.0,0.003221224993467331,0.06442449986934662,20.0,7.20497191650793e-05,0.001440994383301586,10.0,0.012094923295080662,0.12094923295080662,0.0,0.010364290326833725,0.0,9.19959979989995,0.0009318281663581729,0.008572446212769785,0.0,0.30571645498275757,0.0,500.0,0.0004195752553641796,0.2097876276820898,200.0,0.00046009698417037725,0.09201939683407545,0.6133066533266633,0.06971176713705063,0.042754690600312194,0.0,0.0,0.0
1228,0.5409706234931946,1.0,0.00030021838028915226,0.00030021838028915226,20.0,0.0032208457123488188,0.06441691424697638,20.0,7.296224066521972e-05,0.0014592448133043945,10.0,0.012104388326406479,0.12104388326406479,0.0,0.010354213416576385,0.0,9.207103551775887,0.0010481274221092463,0.009650217710815746,0.0,0.3057381510734558,0.0,500.0,0.0004188430611975491,0.20942153059877455,200.0,0.00045960169518366456,0.09192033903673291,0.6138069034517258,0.06966077536344528,0.04275826481788262,0.0,0.0,0.0
1229,0.5414908528327942,1.0,0.0003005297912750393,0.0003005297912750393,20.0,0.003231712616980076,0.06463425233960152,20.0,7.46945952414535e-05,0.00149389190482907,10.0,0.012116664089262486,0.12116664089262486,0.0,0.010326895862817764,0.0,9.214607303651826,0.0010218138340860605,0.00941561321854189,0.0,0.3057921230792999,0.0,500.0,0.00041974574560299516,0.20987287280149758,200.0,0.0004592504701577127,0.09185009403154254,0.6143071535767884,0.06960193067789078,0.04275696391818403,0.0,0.0,0.0
1230,0.5425530076026917,1.0,0.00030017897370271385,0.00030017897370271385,20.0,0.0032391920685768127,0.06478384137153625,20.0,7.576111238449812e-05,0.0015152222476899624,10.0,0.012123298831284046,0.12123298831284046,0.0,0.010313454084098339,0.0,9.222111055527764,0.0010110801085829735,0.009324293047387251,0.0,0.305793434381485,0.0,500.0,0.00042158583528362215,0.21079291764181107,200.0,0.00045921013224869967,0.09184202644973993,0.6148074037018509,0.0695527195930481,0.04276152695340476,0.0,0.0,0.0
1231,0.542896032333374,1.0,0.00029948283918201923,0.00029948283918201923,20.0,0.0032307635992765427,0.06461527198553085,20.0,7.619738607900217e-05,0.0015239477215800434,10.0,0.012118709273636341,0.12118709273636341,0.0,0.010360903106629848,0.0,9.229614807403701,0.0011042283149436116,0.010191602006357995,0.0,0.30589303374290466,0.0,500.0,0.0004207684542052448,0.2103842271026224,200.0,0.00045958004193380475,0.09191600838676095,0.6153076538269134,0.06952358037233353,0.04277839112454739,0.0,0.0,0.0
1232,0.5404805541038513,1.0,0.0002989614149555564,0.0002989614149555564,20.0,0.0032127785962074995,0.06425557192414999,20.0,7.536343764513731e-05,0.0015072687529027462,10.0,0.01211116649210453,0.1211116649210453,0.0,0.01042738277465105,0.0,9.23711855927964,0.001030719024129212,0.009520873827186542,0.0,0.3058970272541046,0.0,500.0,0.00041800399776548147,0.20900199888274074,200.0,0.00045991752995178103,0.0919835059903562,0.615807903951976,0.06950340420007706,0.04280074565797642,0.0,0.0,0.0
1233,0.5413501858711243,1.0,0.0002983498270623386,0.0002983498270623386,20.0,0.0032072667963802814,0.06414533592760563,20.0,7.711715443292633e-05,0.0015423430886585265,10.0,0.012113643810153008,0.12113643810153008,0.0,0.010483266785740852,0.0,9.244622311155577,0.0011211440432816744,0.010364553236540942,0.0,0.3060031235218048,0.0,500.0,0.0004180588584858924,0.2090294292429462,200.0,0.0004600518732331693,0.09201037464663386,0.6163081540770385,0.06948374211788177,0.042823396843036696,0.0,0.0,0.0
1234,0.5396120548248291,1.0,0.0002985629253089428,0.0002985629253089428,20.0,0.0031983484514057636,0.06396696902811527,20.0,7.747220661258325e-05,0.001549444132251665,10.0,0.012113812379539013,0.12113812379539013,0.0,0.010539124719798565,0.0,9.252126063031517,0.0010542392265051603,0.00975395422421858,0.0,0.3061225712299347,0.0,500.0,0.00041609472827985883,0.2080473641399294,200.0,0.000459978764411062,0.0919957528822124,0.616808404202101,0.06948981434106827,0.0428619014920146,0.0,0.0,0.0
1235,0.5390759110450745,1.0,0.00029860727954655886,0.00029860727954655886,20.0,0.003192545846104622,0.06385091692209244,20.0,7.723590533714741e-05,0.0015447181067429483,10.0,0.012112590484321117,0.12112590484321117,0.0,0.010580255649983883,0.0,9.259629814907454,0.0010543627431616187,0.009763008692306934,0.0,0.30618247389793396,0.0,500.0,0.0004152267356403172,0.2076133678201586,200.0,0.00045985018368810415,0.09197003673762083,0.6173086543271635,0.06951045244932175,0.042909403863163095,0.0,0.0,0.0
1236,0.5406651496887207,1.0,0.0002970657660625875,0.0002970657660625875,20.0,0.0031825429759919643,0.06365085951983929,20.0,7.499642379116267e-05,0.0014999284758232534,10.0,0.012114249169826508,0.12114249169826508,0.0,0.010592035949230194,0.0,9.267133566783391,0.0012100802268832922,0.01121397508905102,0.0,0.30601152777671814,0.0,500.0,0.000415701768361032,0.207850884180516,200.0,0.0004602083645295352,0.09204167290590703,0.6178089044522261,0.06954946368932724,0.04296827796714314,0.0,0.0,0.0
1237,0.5413076877593994,1.0,0.00029606453608721495,0.00029606453608721495,20.0,0.003177038859575987,0.06354077719151974,20.0,7.351247768383473e-05,0.0014702495536766946,10.0,0.012119114398956299,0.12119114398956299,0.0,0.010597163811326027,0.0,9.27463731865933,0.0012114179553464055,0.011235462177149755,0.0,0.3058100640773773,0.0,500.0,0.00041676324326545,0.208381621632725,200.0,0.0004607800510711968,0.09215601021423936,0.6183091545772886,0.06960327178239822,0.04303634013158789,0.0,0.0,0.0
1238,0.540634274482727,1.0,0.0002960776328109205,0.0002960776328109205,20.0,0.003168485825881362,0.06336971651762724,20.0,7.348113285843283e-05,0.0014696226571686566,10.0,0.012123046442866325,0.12123046442866325,0.0,0.010630879551172256,0.0,9.282141070535268,0.0012184788938611746,0.011310092984289193,0.0,0.3059461712837219,0.0,500.0,0.00041547330329194665,0.20773665164597332,200.0,0.0004607071168720722,0.09214142337441444,0.6188094047023511,0.06961794197559357,0.043080237230519874,0.0,0.0,0.0
1239,0.5407721400260925,1.0,0.0002966740867123008,0.0002966740867123008,20.0,0.0031695968937128782,0.06339193787425756,20.0,7.371095853159204e-05,0.0014742191706318408,10.0,0.01212942972779274,0.1212942972779274,0.0,0.010635057464241982,0.0,9.289644822411205,0.001259643118828535,0.011701637176911403,0.0,0.3060723841190338,0.0,500.0,0.0004149569140281528,0.2074784570140764,200.0,0.00046002172166481614,0.09200434433296323,0.6193096548274137,0.06964295357465744,0.0431305535394827,0.0,0.0,0.0
1240,0.5406208634376526,1.0,0.00029718823498114944,0.00029718823498114944,20.0,0.003186217276379466,0.06372434552758932,20.0,7.472526340279728e-05,0.0014945052680559456,10.0,0.012137836776673794,0.12137836776673794,0.0,0.010606533847749233,0.0,9.297148574287144,0.0011568794725462794,0.010755680338805706,0.0,0.30615153908729553,0.0,500.0,0.00041597755625844,0.20798877812922,200.0,0.00045910009066574275,0.09182001813314855,0.6198099049524762,0.06963746249675751,0.0431619890112469,0.0,0.0,0.0
1241,0.5403873920440674,1.0,0.0002982248552143574,0.0002982248552143574,20.0,0.0032058414071798325,0.06411682814359665,20.0,7.461491622962058e-05,0.0014922983245924115,10.0,0.012144343927502632,0.12144343927502632,0.0,0.010554964654147625,0.0,9.304652326163081,0.0010905391536653042,0.01014708767292379,0.0,0.306122750043869,0.0,500.0,0.00041605846490710974,0.20802923245355487,200.0,0.0004584319540299475,0.0916863908059895,0.6203101550775387,0.06960044801235199,0.04317386470000824,0.0,0.0,0.0
1242,0.5393398404121399,1.0,0.00029959913808852434,0.00029959913808852434,20.0,0.0032244506292045116,0.06448901258409023,20.0,7.39513779990375e-05,0.00147902755998075,10.0,0.012146838009357452,0.12146838009357452,0.0,0.010502982884645462,0.0,9.312156078039019,0.0009606378152966499,0.008945609270508822,0.0,0.30606988072395325,0.0,500.0,0.00041560811223462224,0.20780405611731112,200.0,0.0004583566333167255,0.0916713266633451,0.6208104052026013,0.0695587545633316,0.04318279860585019,0.0,0.0,0.0
1243,0.5402089357376099,1.0,0.0003004640166182071,0.0003004640166182071,20.0,0.003235624637454748,0.06471249274909496,20.0,7.450177508872002e-05,0.0014900355017744005,10.0,0.012152516283094883,0.12152516283094883,0.0,0.010475823655724525,0.0,9.319659829914958,0.0010029602563008666,0.009347248411648397,0.0,0.3061917722225189,0.0,500.0,0.00041594490176066756,0.20797245088033378,200.0,0.0004583901318255812,0.09167802636511624,0.6213106553276638,0.06950318068265915,0.043183066737299984,0.0,0.0,0.0
1244,0.5430909991264343,1.0,0.00030032076756469905,0.00030032076756469905,20.0,0.0032421667128801346,0.06484333425760269,20.0,7.671686762478203e-05,0.0015343373524956405,10.0,0.012159286998212337,0.12159286998212337,0.0,0.010477839969098568,0.0,9.327163581790895,0.0011769909178838134,0.010977986825384542,0.0,0.3063874840736389,0.0,500.0,0.0004180411924608052,0.2090205962304026,200.0,0.0004582201945595443,0.09164403891190886,0.6218109054527263,0.06943827867507935,0.04317747893602983,0.0,0.0,0.0
1245,0.5415852665901184,1.0,0.0003001560689881444,0.0003001560689881444,20.0,0.003224928630515933,0.06449857261031866,20.0,7.813736738171428e-05,0.0015627473476342857,10.0,0.012158641591668129,0.12158641591668129,0.0,0.010542402043938637,0.0,9.334667333666834,0.0011226112255826592,0.010479202335854138,0.0,0.3064931333065033,0.0,500.0,0.00041653349762782454,0.20826674881391227,200.0,0.0004585831193253398,0.09171662386506796,0.6223111555777889,0.06937822699546814,0.04317484461348793,0.0,0.0,0.0
1246,0.5398283004760742,1.0,0.00029894948238506913,0.00029894948238506913,20.0,0.003203047439455986,0.06406094878911972,20.0,7.484106754418463e-05,0.0014968213508836925,10.0,0.012154116295278072,0.12154116295278072,0.0,0.010551643557846546,0.0,9.342171085542772,0.001052312320098281,0.00983088172978259,0.0,0.3061886429786682,0.0,500.0,0.00041523631080053747,0.20761815540026873,200.0,0.000459033326478675,0.091806665295735,0.6228114057028514,0.0693223625421524,0.04317475806152063,0.0,0.0,0.0
1247,0.5400428175926208,1.0,0.00029786399682052433,0.00029786399682052433,20.0,0.0031858196016401052,0.0637163920328021,20.0,7.292609370779246e-05,0.0014585218741558492,10.0,0.012153071351349354,0.12153071351349354,0.0,0.010566004551947117,0.0,9.349674837418709,0.0010794230038300157,0.010092254097840416,0.0,0.30606332421302795,0.0,500.0,0.00041560997487977147,0.20780498743988574,200.0,0.0004596840590238571,0.09193681180477142,0.6233116558279139,0.06931566447019577,0.04320526159572983,0.0,0.0,0.0
1248,0.5431103110313416,1.0,0.0002970995847135782,0.0002970995847135782,20.0,0.0031846845522522926,0.06369369104504585,20.0,7.410634134430438e-05,0.0014821268268860877,10.0,0.012159956619143486,0.12159956619143486,0.0,0.01056496612727642,0.0,9.357178589294648,0.0012532159453257918,0.011726565411365152,0.0,0.30603817105293274,0.0,500.0,0.0004181333933956921,0.20906669669784606,200.0,0.0004600632528308779,0.09201265056617558,0.6238119059529765,0.06930279731750488,0.04323191008250555,0.0,0.0,0.0
1249,0.5420811772346497,1.0,0.00029757633456029,0.00029757633456029,20.0,0.0031908887904137373,0.06381777580827475,20.0,7.426309457514435e-05,0.001485261891502887,10.0,0.012163610197603703,0.12163610197603703,0.0,0.010542542673647404,0.0,9.364682341170585,0.001108725555241108,0.010382862628370956,0.0,0.3059309124946594,0.0,500.0,0.00041843726648949087,0.20921863324474543,200.0,0.00045991147635504603,0.0919822952710092,0.624312156078039,0.0692933201789856,0.043260662122748386,0.0,0.0,0.0
1250,0.5411204099655151,1.0,0.00029882165836170316,0.00029882165836170316,20.0,0.0032041501253843307,0.06408300250768661,20.0,7.416331209242344e-05,0.0014832662418484688,10.0,0.01216463278979063,0.1216463278979063,0.0,0.010507596656680107,0.0,9.372186093046523,0.0010313126258552074,0.009665653849623467,0.0,0.30592256784439087,0.0,500.0,0.00041750119999051094,0.20875059999525547,200.0,0.00045947401667945087,0.09189480333589017,0.6248124062031015,0.06929752975702286,0.04329795631141648,0.0,0.0,0.0
1251,0.5407940149307251,1.0,0.0002998565323650837,0.0002998565323650837,20.0,0.003221754916012287,0.06443509832024574,20.0,7.447748066624627e-05,0.0014895496133249253,10.0,0.012162838131189346,0.12162838131189346,0.0,0.010471779853105545,0.0,9.379689844922462,0.0009622439974918962,0.009025550251612334,0.0,0.3058716356754303,0.0,500.0,0.0004174633650109172,0.2087316825054586,200.0,0.00045928414328955114,0.09185682865791023,0.6253126563281641,0.06928860396146774,0.04332704099641555,0.0,0.0,0.0
1252,0.5425312519073486,1.0,0.0003005232138093561,0.0003005232138093561,20.0,0.0032387650571763515,0.06477530114352703,20.0,7.661955896764994e-05,0.0015323911793529987,10.0,0.012161687016487122,0.12161687016487122,0.0,0.01046015229076147,0.0,9.387193596798399,0.0010755346156656742,0.010096251657311844,0.0,0.30598020553588867,0.0,500.0,0.0004180633113719523,0.20903165568597615,200.0,0.0004591495089698583,0.09182990179397166,0.6258129064532266,0.06926726549863815,0.04334834874377005,0.0,0.0,0.0
1253,0.542829692363739,1.0,0.00030111169326119125,0.00030111169326119125,20.0,0.0032402556389570236,0.06480511277914047,20.0,7.831856783013791e-05,0.0015663713566027582,10.0,0.012157440185546875,0.12157440185546875,0.0,0.010485418140888214,0.0,9.394697348674336,0.0011808755807578564,0.0110939686876601,0.0,0.30608299374580383,0.0,500.0,0.00041654586675576866,0.20827293337788433,200.0,0.0004591754695866257,0.09183509391732514,0.6263131565782891,0.06926356256008148,0.04338068050286244,0.0,0.0,0.0
1254,0.5399381518363953,1.0,0.00030155054992064834,0.00030155054992064834,20.0,0.003232866059988737,0.06465732119977474,20.0,7.805961649864912e-05,0.0015611923299729824,10.0,0.012153376825153828,0.12153376825153828,0.0,0.01050205435603857,0.0,9.402201100550275,0.0009790033800527453,0.009204786657374361,0.0,0.3060454726219177,0.0,500.0,0.00041467027040198445,0.20733513520099223,200.0,0.00045968551421537995,0.09193710284307599,0.6268134067033517,0.06925077736377716,0.043407315676244514,0.0,0.0,0.0
1255,0.5411859154701233,1.0,0.00030101253651082516,0.00030101253651082516,20.0,0.0032288553193211555,0.06457710638642311,20.0,7.847185770515352e-05,0.0015694371541030705,10.0,0.012153987772762775,0.12153987772762775,0.0,0.010513166896998882,0.0,9.409704852426213,0.0010893006110563874,0.010249997245608128,0.0,0.3059367537498474,0.0,500.0,0.0004151961184106767,0.20759805920533836,200.0,0.00045961292926222086,0.09192258585244417,0.6273136568284142,0.06922832131385803,0.043427871399488734,0.0,0.0,0.0
1256,0.5415410399436951,1.0,0.0003002593875862658,0.0003002593875862658,20.0,0.0032195195090025663,0.06439039018005133,20.0,7.832179107936099e-05,0.0015664358215872198,10.0,0.01215486042201519,0.1215486042201519,0.0,0.010534228757023811,0.0,9.417208604302152,0.0011176693951711059,0.010525325844970521,0.0,0.30586913228034973,0.0,500.0,0.0004156307550147176,0.2078153775073588,200.0,0.0004597281222231686,0.09194562444463372,0.6278139069534767,0.06920678913593292,0.04344898467513548,0.0,0.0,0.0
1257,0.5398354530334473,1.0,0.0002999539137817919,0.0002999539137817919,20.0,0.0032029002904891968,0.06405800580978394,20.0,7.665434532100335e-05,0.001533086906420067,10.0,0.012151232920587063,0.12151232920587063,0.0,0.010565163567662239,0.0,9.42471235617809,0.0010458215838298202,0.009856567603478646,0.0,0.30576014518737793,0.0,500.0,0.00041410818812437356,0.20705409406218678,200.0,0.0004602349072229117,0.09204698144458234,0.6283141570785392,0.06919214874505997,0.043474406615205255,0.0,0.0,0.0
1258,0.5401372909545898,1.0,0.00029937486397102475,0.00029937486397102475,20.0,0.003191265743225813,0.06382531486451626,20.0,7.596131763420999e-05,0.0015192263526841998,10.0,0.012151838280260563,0.12151838280260563,0.0,0.010588809847831726,0.0,9.432216108054027,0.0010872097918763757,0.010254797711770416,0.0,0.3056168556213379,0.0,500.0,0.00041418729233555496,0.20709364616777748,200.0,0.0004606114816851914,0.09212229633703828,0.6288144072036018,0.06918460130691528,0.04350427405842547,0.0,0.0,0.0
1259,0.5414636731147766,1.0,0.0002985226456075907,0.0002985226456075907,20.0,0.0031845157500356436,0.06369031500071287,20.0,7.626210572198033e-05,0.0015252421144396067,10.0,0.01215776801109314,0.1215776801109314,0.0,0.010603690519928932,0.0,9.439719859929966,0.0011508322786539793,0.010863534316258425,0.0,0.30567145347595215,0.0,500.0,0.00041554245399311185,0.20777122699655592,200.0,0.0004610574687831104,0.09221149375662208,0.6293146573286643,0.06916355341672897,0.04352563791808156,0.0,0.0,0.0
1260,0.5425183176994324,1.0,0.0002982421428896487,0.0002982421428896487,20.0,0.0031812582165002823,0.06362516433000565,20.0,7.633626228198409e-05,0.0015267252456396818,10.0,0.012163590639829636,0.12163590639829636,0.0,0.010609316639602184,0.0,9.447223611805903,0.0012160749174654484,0.011488531674004498,0.0,0.30577054619789124,0.0,500.0,0.0004162824188824743,0.20814120944123715,200.0,0.00046121503692120314,0.09224300738424063,0.6298149074537268,0.06916239857673645,0.04355950965888503,0.0,0.0,0.0
1261,0.5405452251434326,1.0,0.00029860378708690405,0.00029860378708690405,20.0,0.0031813359819352627,0.06362671963870525,20.0,7.570727029815316e-05,0.0015141454059630632,10.0,0.012165728956460953,0.12165728956460953,0.0,0.01060436386615038,0.0,9.45472736368184,0.0010531579609960318,0.009957321392108554,0.0,0.3058413565158844,0.0,500.0,0.00041550741298124194,0.20775370649062097,200.0,0.0004608008894138038,0.09216017788276076,0.6303151575787894,0.06913567334413528,0.04357726283822434,0.0,0.0,0.0
1262,0.5406509637832642,1.0,0.0002991619403474033,0.0002991619403474033,20.0,0.003182342043146491,0.06364684086292982,20.0,7.513765740441158e-05,0.0015027531480882317,10.0,0.01216698344796896,0.1216698344796896,0.0,0.010600659996271133,0.0,9.46223111555778,0.0011206434573978186,0.010603787392035888,0.0,0.30590665340423584,0.0,500.0,0.0004145381972193718,0.2072690986096859,200.0,0.00046029227087274194,0.09205845417454839,0.6308154077038519,0.06911853700876236,0.0436010381030762,0.0,0.0,0.0
1263,0.5401540398597717,1.0,0.0002992686931975186,0.0002992686931975186,20.0,0.0031888368539512157,0.06377673707902431,20.0,7.488714618375525e-05,0.001497742923675105,10.0,0.01217147707939148,0.1217147707939148,0.0,0.010579437017440796,0.0,9.469734867433717,0.0010496268514543772,0.009939687993012186,0.0,0.30600181221961975,0.0,500.0,0.00041465420508757234,0.20732710254378617,200.0,0.00045987358316779137,0.09197471663355827,0.6313156578289144,0.06910008937120438,0.043623968377418665,0.0,0.0,0.0
1264,0.5411654710769653,1.0,0.00029908085707575083,0.00029908085707575083,20.0,0.0031959989573806524,0.06391997914761305,20.0,7.533688039984554e-05,0.0015067376079969108,10.0,0.012177891097962856,0.12177891097962856,0.0,0.010561089962720871,0.0,9.477238619309654,0.0010896897874772549,0.01032725013694677,0.0,0.30596837401390076,0.0,500.0,0.00041555389179848135,0.20777694589924067,200.0,0.0004595431964844465,0.0919086392968893,0.631815907953977,0.0690833032131195,0.043647929944057,0.0,0.0,0.0
1265,0.541739284992218,1.0,0.00029906845884397626,0.00029906845884397626,20.0,0.0032003349624574184,0.06400669924914837,20.0,7.584937702631578e-05,0.0015169875405263156,10.0,0.012181252241134644,0.12181252241134644,0.0,0.010556873865425587,0.0,9.484742371185593,0.0011158472625538707,0.010583523810916153,0.0,0.30610838532447815,0.0,500.0,0.0004160187963861972,0.2080093981930986,200.0,0.00045927055180072784,0.09185411036014557,0.6323161580790395,0.06904298067092896,0.04365699228016718,0.0,0.0,0.0
1266,0.5403386354446411,1.0,0.00029971596086397767,0.00029971596086397767,20.0,0.0032007903791964054,0.06401580758392811,20.0,7.462083885911852e-05,0.0014924167771823704,10.0,0.012181350030004978,0.12181350030004978,0.0,0.010544882155954838,0.0,9.49224612306153,0.0010562435491010547,0.010026123733963237,0.0,0.30606475472450256,0.0,500.0,0.00041431718273088336,0.20715859136544168,200.0,0.00045930949272587895,0.09186189854517579,0.632816408204102,0.06900988519191742,0.04367058767772663,0.0,0.0,0.0
1267,0.5406163930892944,1.0,0.00030018400866538286,0.00030018400866538286,20.0,0.0032053757458925247,0.0641075149178505,20.0,7.502466178266332e-05,0.0015004932356532663,10.0,0.012186102569103241,0.12186102569103241,0.0,0.010536438785493374,0.0,9.49974987493747,0.0010780831798911095,0.010241520553342758,0.0,0.3060908317565918,0.0,500.0,0.000414167414419353,0.2070837072096765,200.0,0.0004591630131471902,0.09183260262943804,0.6333166583291646,0.06898494809865952,0.043689316804853905,0.0,0.0,0.0
1268,0.5422547459602356,1.0,0.0003002406738232821,0.0003002406738232821,20.0,0.0032124025747179985,0.06424805149435997,20.0,7.618148083565757e-05,0.0015236296167131513,10.0,0.012194543145596981,0.12194543145596981,0.0,0.010524134151637554,0.0,9.507253626813407,0.0011588851921260357,0.011017815445900605,0.0,0.30612096190452576,0.0,500.0,0.0004155435017310083,0.20777175086550415,200.0,0.00045873166527599096,0.09174633305519819,0.6338169084542271,0.06894964724779129,0.043701452257604585,0.0,0.0,0.0
1269,0.5419739484786987,1.0,0.0003004535101354122,0.0003004535101354122,20.0,0.003214082680642605,0.0642816536128521,20.0,7.61152186896652e-05,0.001522304373793304,10.0,0.012197701260447502,0.12197701260447502,0.0,0.010520350188016891,0.0,9.514757378689344,0.0011246383655816317,0.010700661187274954,0.0,0.30613231658935547,0.0,500.0,0.00041551640606485307,0.20775820303242654,200.0,0.00045861181570217013,0.09172236314043403,0.6343171585792896,0.06891077011823654,0.04371128389691042,0.0,0.0,0.0
1270,0.5406398773193359,1.0,0.00030082830926403403,0.00030082830926403403,20.0,0.003209281712770462,0.06418563425540924,20.0,7.527780689997599e-05,0.0015055561379995197,10.0,0.012195711024105549,0.12195711024105549,0.0,0.010533344000577927,0.0,9.522261130565283,0.0010711501818150282,0.01019977174129518,0.0,0.3060569763183594,0.0,500.0,0.00041406028321944177,0.20703014160972089,200.0,0.00045866359141655266,0.09173271828331053,0.6348174087043522,0.06888299435377121,0.043728123979457564,0.0,0.0,0.0
1271,0.5404689311981201,1.0,0.000300892919767648,0.000300892919767648,20.0,0.0032035717740654945,0.06407143548130989,20.0,7.500918582081795e-05,0.001500183716416359,10.0,0.012197521515190601,0.12197521515190601,0.0,0.010543021373450756,0.0,9.52976488244122,0.0010796827264130116,0.01028912253034911,0.0,0.3060579299926758,0.0,500.0,0.00041369866812601686,0.20684933406300843,200.0,0.00045869580935686827,0.09173916187137365,0.6353176588294147,0.06885308027267456,0.04374357776202936,0.0,0.0,0.0
1272,0.5415055155754089,1.0,0.00030022067949175835,0.00030022067949175835,20.0,0.003201216459274292,0.06402432918548584,20.0,7.55509827286005e-05,0.00151101965457201,10.0,0.012200908735394478,0.12200908735394478,0.0,0.01054378505796194,0.0,9.537268634317158,0.0011101600248366594,0.01058789438394743,0.0,0.3060605823993683,0.0,500.0,0.00041508747381158173,0.20754373690579087,200.0,0.0004588359734043479,0.09176719468086958,0.6358179089544772,0.06882794201374054,0.04376203816881652,0.0,0.0,0.0
1273,0.5407960414886475,1.0,0.00030014582443982363,0.00030014582443982363,20.0,0.003199098166078329,0.06398196332156658,20.0,7.474972517229617e-05,0.0014949945034459233,10.0,0.012203531339764595,0.12203531339764595,0.0,0.010522253811359406,0.0,9.544772386193097,0.0010228074388578534,0.009762464198803323,0.0,0.3059968650341034,0.0,500.0,0.00041526241693645716,0.20763120846822858,200.0,0.0004590469179674983,0.09180938359349966,0.6363181590795398,0.06880297511816025,0.04378058246638311,0.0,0.0,0.0
1274,0.5405639410018921,1.0,0.0003002044977620244,0.0003002044977620244,20.0,0.0031923819333314896,0.06384763866662979,20.0,7.424726209137589e-05,0.0014849452418275177,10.0,0.012203904800117016,0.12203904800117016,0.0,0.01052063051611185,0.0,9.552276138069034,0.0010402475018054247,0.009936731389181884,0.0,0.30597731471061707,0.0,500.0,0.0004146077553741634,0.2073038776870817,200.0,0.00045919494004920125,0.09183898800984025,0.6368184092046023,0.0687989741563797,0.043812453277174264,0.0,0.0,0.0
1275,0.5408995747566223,1.0,0.00029996305238455534,0.00029996305238455534,20.0,0.0031843981705605984,0.06368796341121197,20.0,7.450002885889262e-05,0.0014900005771778524,10.0,0.012206625193357468,0.12206625193357468,0.0,0.010524342767894268,0.0,9.559779889944972,0.0010806811042129993,0.010331073487498958,0.0,0.30595993995666504,0.0,500.0,0.00041459023486822844,0.20729511743411422,200.0,0.0004594388010445982,0.09188776020891964,0.6373186593296648,0.06879042834043503,0.04384142356463943,0.0,0.0,0.0
1276,0.54133141040802,1.0,0.0002992843510583043,0.0002992843510583043,20.0,0.003181103616952896,0.06362207233905792,20.0,7.520995859522372e-05,0.0015041991719044745,10.0,0.012211003340780735,0.12211003340780735,0.0,0.0105188162997365,0.0,9.56728364182091,0.0010580928064882755,0.010123073999043657,0.0,0.30595695972442627,0.0,500.0,0.0004157198709435761,0.20785993547178805,200.0,0.00045972829684615135,0.09194565936923027,0.6378189094547274,0.06877680867910385,0.04386714910748245,0.0,0.0,0.0
1277,0.5454421043395996,1.0,0.0002985050086863339,0.0002985050086863339,20.0,0.003180465428158641,0.06360930856317282,20.0,7.615973299834877e-05,0.0015231946599669755,10.0,0.01221271138638258,0.1221271138638258,0.0,0.010518718510866165,0.0,9.574787393696848,0.001370048150420189,0.013117919759400907,0.0,0.30595260858535767,0.0,500.0,0.00041773502016440034,0.20886751008220017,200.0,0.00046004168689250946,0.09200833737850189,0.6383191595797899,0.06875894963741302,0.04389015494614258,0.0,0.0,0.0
1278,0.5413644909858704,1.0,0.0002987994230352342,0.0002987994230352342,20.0,0.0031730791088193655,0.06346158217638731,20.0,7.48521852074191e-05,0.001497043704148382,10.0,0.012209816835820675,0.12209816835820675,0.0,0.010515489615499973,0.0,9.582291145572787,0.0010733006056398153,0.010284678889960312,0.0,0.30595043301582336,0.0,500.0,0.00041551177855581045,0.20775588927790523,200.0,0.0004602670087479055,0.0920534017495811,0.6388194097048524,0.06874388456344604,0.04391492775763912,0.0,0.0,0.0
1279,0.5411381125450134,1.0,0.00029912180616520345,0.00029912180616520345,20.0,0.0031718756072223186,0.06343751214444637,20.0,7.389488018816337e-05,0.0014778976037632674,10.0,0.012204418890178204,0.12204418890178204,0.0,0.010509796440601349,0.0,9.589794897448725,0.0010994935873895884,0.010543917994126267,0.0,0.3058612644672394,0.0,500.0,0.0004145507118664682,0.2072753559332341,200.0,0.00046051526442170143,0.09210305288434029,0.639319659829915,0.06875599175691605,0.04395705726130001,0.0,0.0,0.0
1280,0.5417344570159912,1.0,0.00029914453625679016,0.00029914453625679016,20.0,0.0031824219040572643,0.06364843808114529,20.0,7.472028664778918e-05,0.0014944057329557836,10.0,0.01220657303929329,0.12206573039293289,0.0,0.010488051921129227,0.0,9.597298649324662,0.0010753929382190108,0.010320867193462592,0.0,0.3058777451515198,0.0,500.0,0.0004157820367254317,0.20789101836271584,200.0,0.0004601217806339264,0.09202435612678528,0.6398199099549775,0.06875444203615189,0.04399046091257542,0.0,0.0,0.0
1281,0.5426532626152039,1.0,0.0002996426192112267,0.0002996426192112267,20.0,0.0031930850818753242,0.06386170163750648,20.0,7.545830158051103e-05,0.0015091660316102207,10.0,0.012208150699734688,0.12208150699734688,0.0,0.010471710935235023,0.0,9.604802401200601,0.0011187068885192275,0.010744958609089129,0.0,0.3058859407901764,0.0,500.0,0.00041637258254922926,0.20818629127461463,200.0,0.000459781673271209,0.0919563346542418,0.64032016008004,0.0687369629740715,0.04401366313497325,0.0,0.0,0.0
1282,0.541065514087677,1.0,0.00030052915099076927,0.00030052915099076927,20.0,0.0031934292055666447,0.0638685841113329,20.0,7.566199928987771e-05,0.0015132399857975543,10.0,0.012206939049065113,0.12206939049065113,0.0,0.010482186451554298,0.0,9.612306153076538,0.0010519488714635372,0.010111654609890879,0.0,0.3059026598930359,0.0,500.0,0.0004144819686189294,0.2072409843094647,200.0,0.00045966447214595973,0.09193289442919195,0.6408204102051025,0.06870605051517487,0.044028239474706854,0.0,0.0,0.0
1283,0.5404999256134033,1.0,0.0003007918712683022,0.0003007918712683022,20.0,0.00319477217271924,0.0638954434543848,20.0,7.627641753060743e-05,0.0015255283506121486,10.0,0.012208865955471992,0.12208865955471992,0.0,0.010488472878932953,0.0,9.619809904952476,0.0010006611701101065,0.009626170235726537,0.0,0.3059949278831482,0.0,500.0,0.0004142339457757771,0.20711697288788855,200.0,0.00045953475637361407,0.09190695127472281,0.6413206603301651,0.06866993010044098,0.044039444916841086,0.0,0.0,0.0
1284,0.5443485975265503,1.0,0.0003004483587574214,0.0003004483587574214,20.0,0.0032006739638745785,0.06401347927749157,20.0,7.711181388003752e-05,0.0015422362776007503,10.0,0.012213753536343575,0.12213753536343575,0.0,0.010478360578417778,0.0,9.627313656828415,0.0012965856585651636,0.012482636817952263,0.0,0.3059506416320801,0.0,500.0,0.0004158224619459361,0.20791123097296804,200.0,0.00045947323087602854,0.09189464617520571,0.6418209104552276,0.06865838915109634,0.04406638983534598,0.0,0.0,0.0
1285,0.5418140292167664,1.0,0.00030062696896493435,0.00030062696896493435,20.0,0.0031965402886271477,0.06393080577254295,20.0,7.65976874390617e-05,0.001531953748781234,10.0,0.012213786132633686,0.12213786132633686,0.0,0.010480692610144615,0.0,9.634817408704352,0.0010979098733514547,0.010578161160954986,0.0,0.3059639632701874,0.0,500.0,0.0004147263243794441,0.20736316218972206,200.0,0.0004594872589223087,0.09189745178446174,0.6423211605802901,0.06861680746078491,0.04407402740352567,0.0,0.0,0.0
1286,0.5410494804382324,1.0,0.00030114565743133426,0.00030114565743133426,20.0,0.00319545972160995,0.063909194432199,20.0,7.475054007954895e-05,0.001495010801590979,10.0,0.012215065769851208,0.12215065769851208,0.0,0.010446595959365368,0.0,9.64232116058029,0.001060660695657134,0.010227231069930594,0.0,0.30583104491233826,0.0,500.0,0.0004139280063100159,0.20696400315500796,200.0,0.00045954197412356734,0.09190839482471347,0.6428214107053527,0.06859426945447922,0.04409386505703142,0.0,0.0,0.0
1287,0.5415520071983337,1.0,0.00030057562980800867,0.00030057562980800867,20.0,0.0032001896761357784,0.06400379352271557,20.0,7.489780546166003e-05,0.0014979561092332006,10.0,0.012223952449858189,0.12223952449858189,0.0,0.010409954003989697,0.0,9.649824912456229,0.0009960992028936744,0.009612182903361171,0.0,0.3057555556297302,0.0,500.0,0.00041572476038709283,0.20786238019354641,200.0,0.0004596049548126757,0.09192099096253514,0.6433216608304152,0.06857313215732574,0.04411458126779435,0.0,0.0,0.0
1288,0.5444072484970093,1.0,0.0002998102572746575,0.0002998102572746575,20.0,0.0031953505240380764,0.06390701048076153,20.0,7.599736272823066e-05,0.001519947254564613,10.0,0.012231776490807533,0.12231776490807533,0.0,0.010413256473839283,0.0,9.657328664332166,0.0011851020390167832,0.011444919891555277,0.0,0.3057880103588104,0.0,500.0,0.000417705305153504,0.208852652576752,200.0,0.00045968254562467337,0.09193650912493467,0.6438219109554777,0.06854160875082016,0.04412858952591573,0.0,0.0,0.0
1289,0.5432852506637573,1.0,0.000299368635751307,0.000299368635751307,20.0,0.0031792724039405584,0.06358544807881117,20.0,7.606326107634231e-05,0.0015212652215268463,10.0,0.012230753898620605,0.12230753898620605,0.0,0.010450195521116257,0.0,9.664832416208103,0.0011536318343132734,0.01114965834864054,0.0,0.3058585822582245,0.0,500.0,0.0004165738937444985,0.20828694687224925,200.0,0.0004599224484991282,0.09198448969982564,0.6443221610805403,0.06852244585752487,0.044150530397444744,0.0,0.0,0.0
1290,0.5418965220451355,1.0,0.0002993245143443346,0.0002993245143443346,20.0,0.0031642531976103783,0.06328506395220757,20.0,7.488674600608647e-05,0.0014977349201217294,10.0,0.012225501239299774,0.12225501239299774,0.0,0.010479693301022053,0.0,9.672336168084042,0.0011350882705301046,0.010978955333016295,0.0,0.30588236451148987,0.0,500.0,0.0004146314167883247,0.20731570839416236,200.0,0.00046045947237871587,0.09209189447574317,0.6448224112056028,0.06850387156009674,0.0441728316363005,0.0,0.0,0.0
1291,0.540926456451416,1.0,0.0002987901389133185,0.0002987901389133185,20.0,0.0031640673987567425,0.06328134797513485,20.0,7.351615931838751e-05,0.0014703231863677502,10.0,0.012221683748066425,0.12221683748066425,0.0,0.010466568171977997,0.0,9.67983991995998,0.0010281039867550135,0.009951882012861185,0.0,0.3057664632797241,0.0,500.0,0.000414801063016057,0.2074005315080285,200.0,0.0004605904978234321,0.09211809956468642,0.6453226613306653,0.06847527623176575,0.04418864749323552,0.0,0.0,0.0
1292,0.5430433750152588,1.0,0.00029830457060597837,0.00029830457060597837,20.0,0.003167581744492054,0.06335163488984108,20.0,7.39751267246902e-05,0.001479502534493804,10.0,0.01222312543541193,0.1222312543541193,0.0,0.010462788864970207,0.0,9.687343671835919,0.0011631794041022658,0.01126811863953996,0.0,0.30579227209091187,0.0,500.0,0.00041620293632149696,0.20810146816074848,200.0,0.0004604283603839576,0.09208567207679152,0.6458229114557279,0.06848224997520447,0.0442274060620255,0.0,0.0,0.0
1293,0.5420659780502319,1.0,0.00029852392617613077,0.00029852392617613077,20.0,0.0031665905844420195,0.06333181168884039,20.0,7.462417852366343e-05,0.0014924835704732686,10.0,0.01222528237849474,0.1222528237849474,0.0,0.010477371513843536,0.0,9.694847423711856,0.001090910518541932,0.010576211030186416,0.0,0.3059101402759552,0.0,500.0,0.00041559740202501416,0.20779870101250708,200.0,0.0004602731787599623,0.09205463575199246,0.6463231615807904,0.06848090887069702,0.044260797529234897,0.0,0.0,0.0
1294,0.5421901941299438,1.0,0.00029901950620114803,0.00029901950620114803,20.0,0.0031653332989662886,0.06330666597932577,20.0,7.474276208085939e-05,0.0014948552416171879,10.0,0.012226411141455173,0.12226411141455173,0.0,0.010488850995898247,0.0,9.702351175587793,0.0011640535667538643,0.01129405649184152,0.0,0.3059838116168976,0.0,500.0,0.0004144535050727427,0.20722675253637135,200.0,0.00046007701894268394,0.09201540378853679,0.6468234117058529,0.06847210228443146,0.04428935880628808,0.0,0.0,0.0
1295,0.5414925217628479,1.0,0.00029933254700154066,0.00029933254700154066,20.0,0.0031706984154880047,0.0634139683097601,20.0,7.443033973686397e-05,0.0014886067947372794,10.0,0.012226932682096958,0.12226932682096958,0.0,0.010474138893187046,0.0,9.709854927463732,0.0010923139052465558,0.010606209555195423,0.0,0.3060242831707001,0.0,500.0,0.00041427818359807134,0.20713909179903567,200.0,0.00045978184789419174,0.09195636957883835,0.6473236618309155,0.06846589595079422,0.044319594477402566,0.0,0.0,0.0
1296,0.5420722961425781,1.0,0.0002991974470205605,0.0002991974470205605,20.0,0.0031795701943337917,0.06359140388667583,20.0,7.416873995680362e-05,0.0014833747991360724,10.0,0.012230866588652134,0.12230866588652134,0.0,0.010441171936690807,0.0,9.71735867933967,0.001072706887498498,0.010423877583620973,0.0,0.30595481395721436,0.0,500.0,0.00041539903031662107,0.20769951515831053,200.0,0.0004595619975589216,0.09191239951178432,0.647823911955978,0.06846586614847183,0.04435382524375739,0.0,0.0,0.0
1297,0.543472945690155,1.0,0.000299395207548514,0.000299395207548514,20.0,0.0031868701335042715,0.06373740267008543,20.0,7.37306909286417e-05,0.0014746138185728341,10.0,0.012233455665409565,0.12233455665409565,0.0,0.010411660186946392,0.0,9.724862431215607,0.0011747501557692885,0.011424283655905436,0.0,0.30591288208961487,0.0,500.0,0.00041587528539821506,0.20793764269910753,200.0,0.00045938711264170706,0.09187742252834141,0.6483241620810405,0.06846515089273453,0.044387611584284115,0.0,0.0,0.0
1298,0.5413625240325928,1.0,0.00029990673647262156,0.00029990673647262156,20.0,0.003181368811056018,0.06362737622112036,20.0,7.345980702666566e-05,0.0014691961405333132,10.0,0.01223697979003191,0.1223697979003191,0.0,0.010413311421871185,0.0,9.732366183091546,0.0010293023660779,0.010017547539792669,0.0,0.30596214532852173,0.0,500.0,0.00041457152110524476,0.20728576055262238,200.0,0.0004593566700350493,0.09187133400700986,0.6488244122061031,0.0684647411108017,0.044421595408058935,0.0,0.0,0.0
1299,0.5418427586555481,1.0,0.00029973144410178065,0.00029973144410178065,20.0,0.003178497776389122,0.06356995552778244,20.0,7.435056613758206e-05,0.0014870113227516413,10.0,0.01224430836737156,0.12244308367371559,0.0,0.010415510274469852,0.0,9.739869934967484,0.001042520976625383,0.010154018716806506,0.0,0.30600300431251526,0.0,500.0,0.00041516765486449003,0.20758382743224502,200.0,0.00045929462066851556,0.09185892413370311,0.6493246623311656,0.06844991445541382,0.04444621759035875,0.0,0.0,0.0
1300,0.5442267060279846,1.0,0.0002994095266330987,0.0002994095266330987,20.0,0.003180610714480281,0.06361221428960562,20.0,7.51446932554245e-05,0.00150289386510849,10.0,0.012249182909727097,0.12249182909727097,0.0,0.010409739799797535,0.0,9.74737368684342,0.0012074958067387342,0.011769912853578908,0.0,0.3060062527656555,0.0,500.0,0.0004164952551946044,0.2082476275973022,200.0,0.0004592250334098935,0.0918450066819787,0.6498249124562281,0.06841502338647842,0.04445778658280914,0.0,0.0,0.0
1301,0.5420335531234741,1.0,0.00029982096748426557,0.00029982096748426557,20.0,0.0031812775414437056,0.06362555082887411,20.0,7.364139310084283e-05,0.0014728278620168567,10.0,0.012248337268829346,0.12248337268829346,0.0,0.01038695964962244,0.0,9.75487743871936,0.0010336888954043388,0.010083508484434522,0.0,0.30593645572662354,0.0,500.0,0.0004154490598011762,0.2077245299005881,200.0,0.00045936746755614877,0.09187349351122975,0.6503251625812907,0.0683819055557251,0.04447047384814539,0.0,0.0,0.0
1302,0.5420834422111511,1.0,0.0002997729752678424,0.0002997729752678424,20.0,0.00318549363873899,0.0637098727747798,20.0,7.318545976886526e-05,0.0014637091953773052,10.0,0.012248174287378788,0.12248174287378788,0.0,0.01037038303911686,0.0,9.762381190595297,0.0010035105515271425,0.009796652532792488,0.0,0.3058776557445526,0.0,500.0,0.0004159203381277621,0.20796016906388104,200.0,0.0004594238998834044,0.09188477997668087,0.6508254127063532,0.06835435330867767,0.04448675020239602,0.0,0.0,0.0
1303,0.543476939201355,1.0,0.00029933583573438227,0.00029933583573438227,20.0,0.003180296625941992,0.06360593251883984,20.0,7.447475218214095e-05,0.001489495043642819,10.0,0.012247310020029545,0.12247310020029545,0.0,0.010404166765511036,0.0,9.769884942471236,0.0011315197916701436,0.011054818174746326,0.0,0.30595850944519043,0.0,500.0,0.00041634609806351364,0.20817304903175682,200.0,0.00045944296289235353,0.09188859257847071,0.6513256628314157,0.06831084936857224,0.044492609243562305,0.0,0.0,0.0
1304,0.5422220230102539,1.0,0.0002997851697728038,0.0002997851697728038,20.0,0.0031694988720119,0.063389977440238,20.0,7.416985317831859e-05,0.0014833970635663718,10.0,0.012242240831255913,0.12242240831255913,0.0,0.010434657335281372,0.0,9.777388694347174,0.0011274211574345827,0.011023234878468693,0.0,0.30601587891578674,0.0,500.0,0.0004143204423598945,0.20716022117994726,200.0,0.00045967503683641553,0.0919350073672831,0.6518259129564783,0.06828204542398453,0.04450800659702443,0.0,0.0,0.0
1305,0.5413627624511719,1.0,0.0002998265263158828,0.0002998265263158828,20.0,0.0031652662437409163,0.06330532487481833,20.0,7.452066347468644e-05,0.0014904132694937289,10.0,0.01224250253289938,0.1224250253289938,0.0,0.010445871390402317,0.0,9.784892446223111,0.0010473482543602586,0.010248190022654655,0.0,0.3060121238231659,0.0,500.0,0.0004142241086810827,0.20711205434054136,200.0,0.00045980550930835307,0.09196110186167061,0.6523261630815408,0.06824938207864761,0.04452085754405027,0.0,0.0,0.0
1306,0.5429707765579224,1.0,0.0002992288791574538,0.0002992288791574538,20.0,0.003168487921357155,0.0633697584271431,20.0,7.500560604967177e-05,0.0015001121209934354,10.0,0.012245971709489822,0.12245971709489822,0.0,0.010431717149913311,0.0,9.79239619809905,0.0011107523459941149,0.010876927049942371,0.0,0.3059343993663788,0.0,500.0,0.00041586701991036534,0.20793350995518267,200.0,0.0004599020758178085,0.0919804151635617,0.6528264132066033,0.06824341416358948,0.04455110329338883,0.0,0.0,0.0
1307,0.5426491498947144,1.0,0.00029938959050923586,0.00029938959050923586,20.0,0.003171690506860614,0.06343381013721228,20.0,7.397360604954883e-05,0.0014794721209909767,10.0,0.01224461104720831,0.12244611047208309,0.0,0.010399545542895794,0.0,9.799899949974987,0.001061924733221531,0.010406756139974882,0.0,0.30582258105278015,0.0,500.0,0.00041603404679335654,0.20801702339667827,200.0,0.00045991092338226736,0.09198218467645347,0.6533266633316658,0.06824212521314621,0.044584399964166556,0.0,0.0,0.0
1308,0.5426243543624878,1.0,0.00029968679882586,0.00029968679882586,20.0,0.0031713037751615047,0.0634260755032301,20.0,7.377535803243518e-05,0.0014755071606487036,10.0,0.012245752848684788,0.12245752848684788,0.0,0.010383873246610165,0.0,9.807403701850925,0.001067431876435876,0.010468735336430888,0.0,0.3057880103588104,0.0,500.0,0.00041579134995117784,0.20789567497558892,200.0,0.00045989768113940954,0.09197953622788191,0.6538269134567284,0.06824687123298645,0.04462164117134232,0.0,0.0,0.0
1309,0.5417155623435974,1.0,0.00030013255309313536,0.00030013255309313536,20.0,0.0031709731556475163,0.06341946311295033,20.0,7.458843174390495e-05,0.001491768634878099,10.0,0.01225017849355936,0.1225017849355936,0.0,0.01037631742656231,0.0,9.814907453726864,0.0009706249693408608,0.009526594246357024,0.0,0.30583325028419495,0.0,500.0,0.0004157084331382066,0.2078542165691033,200.0,0.0004597991064656526,0.09195982129313052,0.6543271635817909,0.06825601309537888,0.04466176344610084,0.0,0.0,0.0
1310,0.5438203811645508,1.0,0.00030041043646633625,0.00030041043646633625,20.0,0.0031722988933324814,0.06344597786664963,20.0,7.558002835139632e-05,0.0015116005670279264,10.0,0.012255080975592136,0.12255080975592136,0.0,0.010368441231548786,0.0,9.822411205602801,0.0011500166729092598,0.011295936654613965,0.0,0.30587682127952576,0.0,500.0,0.0004161339020356536,0.2080669510178268,200.0,0.000459692208096385,0.091938441619277,0.6548274137068534,0.0682779923081398,0.04471030111623561,0.0,0.0,0.0
1311,0.5437191128730774,1.0,0.0003003476595040411,0.0003003476595040411,20.0,0.003177216276526451,0.06354432553052902,20.0,7.578635995741934e-05,0.0015157271991483867,10.0,0.01225612498819828,0.1225612498819828,0.0,0.010350092314183712,0.0,9.829914957478739,0.0010832914849743247,0.010648663171458468,0.0,0.30582737922668457,0.0,500.0,0.00041693527600727975,0.20846763800363988,200.0,0.0004596649669110775,0.0919329933822155,0.655327663831916,0.06828366219997406,0.04474817282739671,0.0,0.0,0.0
1312,0.5431831479072571,1.0,0.00030032405629754066,0.00030032405629754066,20.0,0.0031743869185447693,0.06348773837089539,20.0,7.494348392356187e-05,0.0014988696784712374,10.0,0.012252562679350376,0.12252562679350376,0.0,0.010347520001232624,0.0,9.837418709354678,0.0010647122981026769,0.010474020681435289,0.0,0.3057592809200287,0.0,500.0,0.0004163149860687554,0.2081574930343777,200.0,0.0004598110681399703,0.09196221362799406,0.6558279139569785,0.0682753473520279,0.044776878628568564,0.0,0.0,0.0
1313,0.5419905781745911,1.0,0.0003000965516548604,0.0003000965516548604,20.0,0.0031665924470871687,0.06333184894174337,20.0,7.37698283046484e-05,0.001475396566092968,10.0,0.012245417572557926,0.12245417572557926,0.0,0.010364032350480556,0.0,9.844922461230615,0.001010730629786849,0.009950564679442315,0.0,0.30570998787879944,0.0,500.0,0.00041530487942509353,0.20765243971254677,200.0,0.00046014992403797805,0.09202998480759561,0.656328164082041,0.0682525709271431,0.04479608457049111,0.0,0.0,0.0
1314,0.5427438020706177,1.0,0.0002994874375872314,0.0002994874375872314,20.0,0.003164272289723158,0.06328544579446316,20.0,7.436552550643682e-05,0.0014873105101287365,10.0,0.01224538404494524,0.1224538404494524,0.0,0.01037914864718914,0.0,9.852426213106554,0.0010516305919736624,0.010361112810866074,0.0,0.30569931864738464,0.0,500.0,0.00041598454117774963,0.20799227058887482,200.0,0.00046025682240724564,0.09205136448144913,0.6568284142071036,0.06822630017995834,0.044812972554419864,0.0,0.0,0.0
1315,0.5448950529098511,1.0,0.00029926333809271455,0.00029926333809271455,20.0,0.0031623616814613342,0.06324723362922668,20.0,7.513321179430932e-05,0.0015026642358861864,10.0,0.012246089056134224,0.12246089056134224,0.0,0.0103951720520854,0.0,9.859929964982491,0.001245175488293171,0.012277343108683541,0.0,0.3057394027709961,0.0,500.0,0.0004164542770013213,0.20822713850066066,200.0,0.00046032716636545956,0.09206543327309191,0.6573286643321661,0.06817760318517685,0.04481509283908073,0.0,0.0,0.0
1316,0.5434370040893555,1.0,0.0002998384297825396,0.0002998384297825396,20.0,0.0031560822390019894,0.06312164478003979,20.0,7.491519500035793e-05,0.0014983039000071585,10.0,0.01224453467875719,0.12244534678757191,0.0,0.010412660427391529,0.0,9.867433716858429,0.0011953972280025482,0.011795502912631447,0.0,0.3057977259159088,0.0,500.0,0.00041469442658126354,0.20734721329063177,200.0,0.0004603775159921497,0.09207550319842994,0.6578289144572286,0.06818438321352005,0.044853658792285575,0.0,0.0,0.0
1317,0.5420133471488953,1.0,0.0003003573801834136,0.0003003573801834136,20.0,0.0031593777239322662,0.06318755447864532,20.0,7.431238191202283e-05,0.0014862476382404566,10.0,0.012246723286807537,0.12246723286807537,0.0,0.010392033495008945,0.0,9.874937468734368,0.0010541450465098023,0.01040961641726038,0.0,0.30576393008232117,0.0,500.0,0.0004144652921240777,0.20723264606203884,200.0,0.0004602488479577005,0.0920497695915401,0.6583291645822912,0.06817246973514557,0.04487992504824991,0.0,0.0,0.0
1318,0.5458608865737915,1.0,0.00029996951343491673,0.00029996951343491673,20.0,0.0031728390604257584,0.06345678120851517,20.0,7.515047036577016e-05,0.0015030094073154032,10.0,0.012253211811184883,0.12253211811184883,0.0,0.010356146842241287,0.0,9.882441220610305,0.0012692692689597607,0.012543478943621848,0.0,0.30576956272125244,0.0,500.0,0.0004172625776845962,0.2086312888422981,200.0,0.0004599433741532266,0.09198867483064532,0.6588294147073537,0.06815963983535767,0.04490557561939272,0.0,0.0,0.0
1319,0.5433791279792786,1.0,0.00030032952781766653,0.00030032952781766653,20.0,0.0031715743243694305,0.06343148648738861,20.0,7.40972172934562e-05,0.001481944345869124,10.0,0.01225628424435854,0.1225628424435854,0.0,0.0103383120149374,0.0,9.889944972486242,0.001052285311743617,0.010407043828499904,0.0,0.3057641088962555,0.0,500.0,0.0004165744758211076,0.2082872379105538,200.0,0.0004598645318765193,0.09197290637530386,0.6593296648324162,0.0681530088186264,0.04493530046170565,0.0,0.0,0.0
1320,0.5423911213874817,1.0,0.000300801417324692,0.000300801417324692,20.0,0.0031615542247891426,0.06323108449578285,20.0,7.367163198068738e-05,0.0014734326396137476,10.0,0.012257442809641361,0.12257442809641361,0.0,0.01035706140100956,0.0,9.897448724362182,0.00104113994166255,0.01030462918749052,0.0,0.30579033493995667,0.0,500.0,0.0004151045868638903,0.20755229343194515,200.0,0.00045999223948456347,0.0919984478969127,0.6598299149574788,0.06813262403011322,0.044955943519619485,0.0,0.0,0.0
1321,0.5424396991729736,1.0,0.00030068124760873616,0.00030068124760873616,20.0,0.00315722799859941,0.0631445599719882,20.0,7.436727901222184e-05,0.0014873455802444369,10.0,0.012264116667211056,0.12264116667211056,0.0,0.0103647131472826,0.0,9.904952476238119,0.0010262280702590942,0.010164740265697882,0.0,0.30583512783050537,0.0,500.0,0.000415513088228181,0.2077565441140905,200.0,0.00045988598139956594,0.09197719627991319,0.6603301650825413,0.06809844076633453,0.04496745463309734,0.0,0.0,0.0
1322,0.5449331998825073,1.0,0.0003001239965669811,0.0003001239965669811,20.0,0.0031617041677236557,0.06323408335447311,20.0,7.495818135794252e-05,0.0014991636271588504,10.0,0.012271315790712833,0.12271315790712833,0.0,0.010345314629375935,0.0,9.912456228114056,0.0011564356973394752,0.011463118230506102,0.0,0.30581122636795044,0.0,500.0,0.0004175648791715503,0.20878243958577514,200.0,0.00045978662092238665,0.09195732418447733,0.6608304152076038,0.06807165592908859,0.04498382065148876,0.0,0.0,0.0
1323,0.545822262763977,1.0,0.0003000760916620493,0.0003000760916620493,20.0,0.00316528114490211,0.0633056228980422,20.0,7.460873894160613e-05,0.0014921747788321227,10.0,0.01227373257279396,0.1227373257279396,0.0,0.010327565483748913,0.0,9.919959979989995,0.0012031302321702242,0.011935003753844696,0.0,0.3057623505592346,0.0,500.0,0.00041819328907877207,0.20909664453938603,200.0,0.00045978944399394095,0.09195788879878819,0.6613306653326664,0.06804083287715912,0.0449974892764404,0.0,0.0,0.0
1324,0.5424230098724365,1.0,0.00030092676752246916,0.00030092676752246916,20.0,0.0031565676908940077,0.06313135381788015,20.0,7.311029912671074e-05,0.0014622059825342149,10.0,0.012270502746105194,0.12270502746105194,0.0,0.010339128784835339,0.0,9.927463731865933,0.0010234992951154709,0.010160752131849185,0.0,0.30576759576797485,0.0,500.0,0.00041539318044669926,0.20769659022334963,200.0,0.00045979974674992263,0.09195994934998453,0.6618309154577289,0.0680026113986969,0.04500623055551576,0.0,0.0,0.0
1325,0.5423997640609741,1.0,0.0003010887303389609,0.0003010887303389609,20.0,0.0031517143361270428,0.06303428672254086,20.0,7.333232497330755e-05,0.001466646499466151,10.0,0.01227402314543724,0.1227402314543724,0.0,0.010349624790251255,0.0,9.934967483741872,0.0010410400573164225,0.010342699118711432,0.0,0.3057953715324402,0.0,500.0,0.00041507004061713815,0.20753502030856907,200.0,0.0004598522209562361,0.09197044419124722,0.6623311655827914,0.06795591861009598,0.045009322781274175,0.0,0.0,0.0
1326,0.5437758564949036,1.0,0.0003006099141202867,0.0003006099141202867,20.0,0.00315753067843616,0.0631506135687232,20.0,7.500946230720729e-05,0.0015001892461441457,10.0,0.012286828830838203,0.12286828830838203,0.0,0.010334785096347332,0.0,9.942471235617809,0.0010810786625370383,0.010748593505714676,0.0,0.30581268668174744,0.0,500.0,0.0004164596030022949,0.20822980150114745,200.0,0.00045971444342285395,0.09194288868457079,0.662831415707854,0.06794317811727524,0.04503487293916443,0.0,0.0,0.0
1327,0.546700119972229,1.0,0.000300063838949427,0.000300063838949427,20.0,0.003165552858263254,0.06331105716526508,20.0,7.653229840798303e-05,0.0015306459681596607,10.0,0.012293605133891106,0.12293605133891106,0.0,0.010321182198822498,0.0,9.949974987493746,0.0011887921718880534,0.011828452375614498,0.0,0.3057897984981537,0.0,500.0,0.0004194860521238297,0.20974302606191486,200.0,0.0004599084204528481,0.09198168409056962,0.6633316658329165,0.0679435208439827,0.045069088863992524,0.0,0.0,0.0
1328,0.546443521976471,1.0,0.0002999131102114916,0.0002999131102114916,20.0,0.003161738160997629,0.06323476321995258,20.0,7.703052688157186e-05,0.0015406105376314372,10.0,0.012293859384953976,0.12293859384953976,0.0,0.01033344678580761,0.0,9.957478739369686,0.001170202624052763,0.011652267749760005,0.0,0.3058326840400696,0.0,500.0,0.0004194083740003407,0.20970418700017035,200.0,0.0004598818486556411,0.09197636973112822,0.663831915957979,0.0679340660572052,0.04509680122957043,0.0,0.0,0.0
1329,0.5442017912864685,1.0,0.00030051395879127085,0.00030051395879127085,20.0,0.0031480472534894943,0.06296094506978989,20.0,7.527093112003058e-05,0.0015054186224006116,10.0,0.012289704754948616,0.12289704754948616,0.0,0.010351299308240414,0.0,9.964982491245623,0.0011590025387704372,0.011549440006156634,0.0,0.30585160851478577,0.0,500.0,0.00041565432911738753,0.20782716455869377,200.0,0.0004601027467288077,0.09202054934576154,0.6643321660830416,0.06794897466897964,0.04514068952496497,0.0,0.0,0.0
1330,0.5433457493782043,1.0,0.0003008114581461996,0.0003008114581461996,20.0,0.0031506444793194532,0.06301288958638906,20.0,7.319092401303351e-05,0.0014638184802606702,10.0,0.012284417636692524,0.12284417636692524,0.0,0.010326595045626163,0.0,9.97248624312156,0.0011007848661392927,0.010977561934210504,0.0,0.30574193596839905,0.0,500.0,0.000414932903368026,0.207466451684013,200.0,0.00046054026461206377,0.09210805292241275,0.6648324162081041,0.06794489175081253,0.04517196655169077,0.0,0.0,0.0
1331,0.5438447594642639,1.0,0.0003004288300871849,0.0003004288300871849,20.0,0.0031608170829713345,0.06321634165942669,20.0,7.249293412314728e-05,0.0014498586824629456,10.0,0.012287289835512638,0.12287289835512638,0.0,0.010287424549460411,0.0,9.9799899949975,0.0010655345395207405,0.010634024043741258,0.0,0.3056477904319763,0.0,500.0,0.0004161779652349651,0.20808898261748254,200.0,0.00046042175381444395,0.09208435076288879,0.6653326663331666,0.06793274730443954,0.045197875895399996,0.0,0.0,0.0
1332,0.54896080493927,1.0,0.00030001727282069623,0.00030001727282069623,20.0,0.003176937811076641,0.06353875622153282,20.0,7.583919068565592e-05,0.0015167838137131184,10.0,0.012297477573156357,0.12297477573156357,0.0,0.010277891531586647,0.0,9.987493746873437,0.0013197844382375479,0.01318133882411838,0.0,0.30571478605270386,0.0,500.0,0.00042050122283399105,0.21025061141699553,200.0,0.00045988557394593954,0.09197711478918791,0.6658329164582291,0.06791702657938004,0.04522139188451967,0.0,0.0,0.0
1333,0.5489726066589355,1.0,0.0003000750148203224,0.0003000750148203224,20.0,0.0031789299100637436,0.06357859820127487,20.0,7.770686352159828e-05,0.0015541372704319656,10.0,0.012302707880735397,0.12302707880735397,0.0,0.010293464176356792,0.0,9.994997498749374,0.001245048944838345,0.012444261089479805,0.0,0.3058115839958191,0.0,500.0,0.00042174896225333214,0.21087448112666607,200.0,0.0004598042578436434,0.09196085156872869,0.6663331665832917,0.06788364052772522,0.04523312115204102,0.0,0.0,0.0
1334,0.5482723116874695,1.0,0.0003004313912242651,0.0003004313912242651,20.0,0.003167802467942238,0.06335604935884476,20.0,7.779394218232483e-05,0.0015558788436464965,10.0,0.01230018213391304,0.1230018213391304,0.0,0.01033517811447382,0.0,10.002501250625313,0.0013835285790264606,0.013838746341988034,0.0,0.30590757727622986,0.0,500.0,0.00041802471969276667,0.20901235984638333,200.0,0.0004598811501637101,0.09197623003274202,0.6668334167083542,0.06782922893762589,0.045230796485170234,0.0,0.0,0.0
1335,0.543167233467102,1.0,0.00030102586606517434,0.00030102586606517434,20.0,0.0031527080573141575,0.06305416114628315,20.0,7.432543497998267e-05,0.0014865086995996535,10.0,0.012293515726923943,0.12293515726923943,0.0,0.010343074798583984,0.0,10.01000500250125,0.0010872742859646678,0.0108836210415973,0.0,0.30577078461647034,0.0,500.0,0.0004142335965298116,0.2071167982649058,200.0,0.0004608092422131449,0.09216184844262898,0.6673336668334167,0.06777441501617432,0.04522814889023338,0.0,0.0,0.0
1336,0.5440338850021362,1.0,0.00030064236489124596,0.00030064236489124596,20.0,0.003150281496345997,0.06300562992691994,20.0,7.185629510786384e-05,0.0014371259021572769,10.0,0.012298757210373878,0.12298757210373878,0.0,0.010305424220860004,0.0,10.01750875437719,0.001131345285102725,0.011333261297739905,0.0,0.3055891692638397,0.0,500.0,0.0004150336026214063,0.20751680131070316,200.0,0.0004610355827026069,0.09220711654052138,0.6678339169584793,0.06774992495775223,0.0452456977581787,0.0,0.0,0.0
1337,0.5433250665664673,1.0,0.00029997373349033296,0.00029997373349033296,20.0,0.0031556468456983566,0.06311293691396713,20.0,7.288804044947028e-05,0.0014577608089894056,10.0,0.012309597805142403,0.12309597805142403,0.0,0.010290024802088737,0.0,10.025012506253127,0.0009994725696742535,0.01001972501064134,0.0,0.30554595589637756,0.0,500.0,0.00041593750938773155,0.20796875469386578,200.0,0.0004605925059877336,0.09211850119754672,0.6683341670835418,0.06770778447389603,0.04525142574143326,0.0,0.0,0.0
1338,0.5500172972679138,1.0,0.00029964710120111704,0.00029964710120111704,20.0,0.003168313531205058,0.06336627062410116,20.0,7.81700509833172e-05,0.001563401019666344,10.0,0.012325682677328587,0.12325682677328587,0.0,0.010304627008736134,0.0,10.032516258129064,0.001358686713501811,0.013631046542910865,0.0,0.30576327443122864,0.0,500.0,0.00042099261190742254,0.21049630595371127,200.0,0.0004606240545399487,0.09212481090798974,0.6688344172086043,0.06769831478595734,0.04527896291587041,0.0,0.0,0.0
1339,0.5524868965148926,1.0,0.0002999239368364215,0.0002999239368364215,20.0,0.0031666699796915054,0.06333339959383011,20.0,8.06819589342922e-05,0.001613639178685844,10.0,0.012331021018326283,0.12331021018326283,0.0,0.010334026999771595,0.0,10.040020010005003,0.001509952126070857,0.015159949559901001,0.0,0.30588963627815247,0.0,500.0,0.00042263971408829093,0.21131985704414546,200.0,0.00046066747745499015,0.09213349549099803,0.6693346673336669,0.06770376861095428,0.04531647944044864,0.0,0.0,0.0
1340,0.5474680662155151,1.0,0.00030076655093580484,0.00030076655093580484,20.0,0.0031674921046942472,0.06334984209388494,20.0,7.933275628602132e-05,0.0015866551257204264,10.0,0.01233223918825388,0.1233223918825388,0.0,0.010309324599802494,0.0,10.04752376188094,0.0011745322262868285,0.011801140452711831,0.0,0.30589818954467773,0.0,500.0,0.00041948971920646727,0.20974485960323364,200.0,0.0004600341198965907,0.09200682397931814,0.6698349174587294,0.06771159917116165,0.045355593441813634,0.0,0.0,0.0
1341,0.5465089678764343,1.0,0.0003012681845575571,0.0003012681845575571,20.0,0.0031726236920803785,0.06345247384160757,20.0,7.414373976644129e-05,0.0014828747953288257,10.0,0.01232875231653452,0.12328752316534519,0.0,0.010222199372947216,0.0,10.055027513756878,0.0011861342936754227,0.011926612957916955,0.0,0.3055574297904968,0.0,500.0,0.0004172893241047859,0.20864466205239296,200.0,0.0004600899410434067,0.09201798820868134,0.6703351675837919,0.06772071868181229,0.04539557930646746,0.0,0.0,0.0
1342,0.5467352271080017,1.0,0.00030132668325677514,0.00030132668325677514,20.0,0.0031819648575037718,0.06363929715007544,20.0,6.957488949410617e-05,0.0013914977898821235,10.0,0.012324512004852295,0.12324512004852295,0.0,0.010131098330020905,0.0,10.062531265632817,0.000961989164352417,0.009680046043496182,0.0,0.3052501380443573,0.0,500.0,0.0004214678192511201,0.21073390962556005,200.0,0.0004615982761606574,0.09231965523213148,0.6708354177088545,0.06771320104598999,0.04542441350809034,0.0,0.0,0.0
1343,0.5477073192596436,1.0,0.00030095840338617563,0.00030095840338617563,20.0,0.0031833022367209196,0.06366604473441839,20.0,6.84174447087571e-05,0.001368348894175142,10.0,0.012326517142355442,0.12326517142355442,0.0,0.010098660364747047,0.0,10.070035017508754,0.0008855877094902098,0.008917899245641783,0.0,0.3051401674747467,0.0,500.0,0.0004246822209097445,0.21234111045487225,200.0,0.00046201079385355115,0.09240215877071023,0.671335667833917,0.06769436597824097,0.045445642392595985,0.0,0.0,0.0
1344,0.5497291088104248,1.0,0.0002998679119627923,0.0002998679119627923,20.0,0.00318153272382915,0.063630654476583,20.0,7.055634341668338e-05,0.0014111268683336675,10.0,0.012332538142800331,0.12332538142800331,0.0,0.010117634199559689,0.0,10.077538769384692,0.001063411240465939,0.010716568003594967,0.0,0.3051810562610626,0.0,500.0,0.0004253456718288362,0.2126728359144181,200.0,0.0004610107571352273,0.09220215142704546,0.6718359179589795,0.06768099218606949,0.04547052151370251,0.0,0.0,0.0
1345,0.5470169186592102,1.0,0.000299748033285141,0.000299748033285141,20.0,0.003170170821249485,0.0634034164249897,20.0,7.529160939157009e-05,0.0015058321878314018,10.0,0.012337909080088139,0.12337909080088139,0.0,0.010214628651738167,0.0,10.08504252126063,0.001044674776494503,0.010535589541835508,0.0,0.305551677942276,0.0,500.0,0.00042052497155964375,0.21026248577982187,200.0,0.0004607108421623707,0.09214216843247414,0.6723361680840421,0.06765753030776978,0.04548860466915587,0.0,0.0,0.0
1346,0.546544075012207,1.0,0.0003001020522788167,0.0003001020522788167,20.0,0.0031512444838881493,0.06302488967776299,20.0,7.920132338767871e-05,0.0015840264677535743,10.0,0.01233478169888258,0.1233478169888258,0.0,0.010342252440750599,0.0,10.092546273136568,0.001196886645630002,0.012079633854720006,0.0,0.30594250559806824,0.0,500.0,0.00041647907346487045,0.20823953673243523,200.0,0.000462289375718683,0.0924578751437366,0.6728364182091046,0.06763928383588791,0.045510173466367806,0.0,0.0,0.0
1347,0.5482968688011169,1.0,0.00030008520116098225,0.00030008520116098225,20.0,0.0031431661918759346,0.06286332383751869,20.0,8.130852074827999e-05,0.0016261704149655998,10.0,0.012325909920036793,0.12325909920036793,0.0,0.010433226823806763,0.0,10.100050025012505,0.0014119296101853251,0.01426055969466819,0.0,0.3061055839061737,0.0,500.0,0.0004157487128395587,0.20787435641977936,200.0,0.00046291796024888754,0.09258359204977751,0.673336668334167,0.06761796772480011,0.04552965710734414,0.0,0.0,0.0
1348,0.5454196333885193,1.0,0.0002988306514453143,0.0002988306514453143,20.0,0.003130910452455282,0.06261820904910564,20.0,7.870559784350917e-05,0.0015741119568701833,10.0,0.01231406256556511,0.12314062565565109,0.0,0.010459329932928085,0.0,10.107553776888444,0.001245585735887289,0.012589824809205941,0.0,0.30583012104034424,0.0,500.0,0.0004139563534408808,0.2069781767204404,200.0,0.00046328926691785455,0.09265785338357091,0.6738369184592297,0.06761574745178223,0.045561986902226445,0.0,0.0,0.0
1349,0.5463161468505859,1.0,0.00029783486388623714,0.00029783486388623714,20.0,0.0031285500153899193,0.06257100030779839,20.0,7.563927647424862e-05,0.0015127855294849724,10.0,0.012303810566663742,0.12303810566663742,0.0,0.010447573848068714,0.0,10.115057528764382,0.0013357223942875862,0.013510908860677835,0.0,0.30548906326293945,0.0,500.0,0.00041416293242946267,0.20708146621473134,200.0,0.00046357684186659753,0.0927153683733195,0.6743371685842922,0.06760519742965698,0.04558869741629695,0.0,0.0,0.0
1350,0.5485711693763733,1.0,0.00029772863490507007,0.00029772863490507007,20.0,0.0031360758002847433,0.06272151600569487,20.0,7.649321196367964e-05,0.0015298642392735928,10.0,0.012307011522352695,0.12307011522352695,0.0,0.01044248603284359,0.0,10.122561280640321,0.001468808390200138,0.014868102939319557,0.0,0.3055453300476074,0.0,500.0,0.00041557569056749344,0.20778784528374672,200.0,0.000463290314655751,0.0926580629311502,0.6748374187093547,0.06762810796499252,0.0456379778112931,0.0,0.0,0.0
1351,0.549991250038147,1.0,0.0002990814682561904,0.0002990814682561904,20.0,0.003148665651679039,0.06297331303358078,20.0,8.096559758996591e-05,0.0016193119517993182,10.0,0.012319112196564674,0.12319112196564674,0.0,0.010462738573551178,0.0,10.130065032516258,0.0015061143785715103,0.01525703660133721,0.0,0.30604287981987,0.0,500.0,0.0004170117899775505,0.20850589498877525,200.0,0.00046229915460571647,0.0924598309211433,0.6753376688344173,0.06764855980873108,0.0456856206812341,0.0,0.0,0.0
1352,0.549893319606781,1.0,0.00030079548014327884,0.00030079548014327884,20.0,0.0031608769204467535,0.06321753840893507,20.0,8.131834329105914e-05,0.0016263668658211827,10.0,0.012326507829129696,0.12326507829129696,0.0,0.010432453826069832,0.0,10.137568784392196,0.0015248543350026011,0.01545831570726749,0.0,0.30611884593963623,0.0,500.0,0.0004160807002335787,0.20804035011678934,200.0,0.00046129542170092463,0.09225908434018493,0.6758379189594798,0.06765788048505783,0.04572576114823068,0.0,0.0,0.0
1353,0.5444365739822388,1.0,0.00030104012694209814,0.00030104012694209814,20.0,0.0031591858714818954,0.06318371742963791,20.0,7.68563331803307e-05,0.0015371266636066139,10.0,0.01232829038053751,0.1232829038053751,0.0,0.010367081500589848,0.0,10.145072536268135,0.0011026819702237844,0.011186788572355352,0.0,0.30585795640945435,0.0,500.0,0.00041399497422389686,0.20699748711194843,200.0,0.00046087134978733957,0.09217426995746791,0.6763381690845423,0.06767798960208893,0.04577320757479952,0.0,0.0,0.0
1354,0.5448959469795227,1.0,0.0003005964681506157,0.0003005964681506157,20.0,0.00316996849142015,0.063399369828403,20.0,7.288868073374033e-05,0.0014577736146748066,10.0,0.012332571670413017,0.12332571670413017,0.0,0.010273968800902367,0.0,10.152576288144072,0.0009900603909045458,0.010051663648528142,0.0,0.3055453896522522,0.0,500.0,0.0004168422310613096,0.2084211155306548,200.0,0.00046069984091445804,0.09213996818289161,0.6768384192096047,0.06766721606254578,0.04579977155208826,0.0,0.0,0.0
1355,0.5516537427902222,1.0,0.00030015039374120533,0.00030015039374120533,20.0,0.0031938045285642147,0.0638760905712843,20.0,7.230679329950362e-05,0.0014461358659900725,10.0,0.01234939694404602,0.1234939694404602,0.0,0.01017635129392147,0.0,10.16008004002001,0.001113523030653596,0.011313483117846189,0.0,0.30535638332366943,0.0,500.0,0.0004264063318260014,0.2132031659130007,200.0,0.0004609688767232001,0.09219377534464002,0.6773386693346674,0.06765741109848022,0.04582698080407315,0.0,0.0,0.0
1356,0.5542581677436829,1.0,0.00030046829488128424,0.00030046829488128424,20.0,0.0032003007363528013,0.06400601472705603,20.0,7.140699017327279e-05,0.0014281398034654558,10.0,0.012355990707874298,0.12355990707874298,0.0,0.01013987883925438,0.0,10.167583791895948,0.0012368707684800029,0.012575987178267163,0.0,0.3052911162376404,0.0,500.0,0.00042853961349464953,0.21426980674732476,200.0,0.000461237650597468,0.0922475301194936,0.6778389194597298,0.06767141819000244,0.04587032098421876,0.0,0.0,0.0
1357,0.5490723848342896,1.0,0.0003014268877450377,0.0003014268877450377,20.0,0.0031891223043203354,0.06378244608640671,20.0,7.061957148835063e-05,0.0014123914297670126,10.0,0.012354741804301739,0.12354741804301739,0.0,0.010170996189117432,0.0,10.175087543771886,0.001067906734533608,0.010866044512463023,0.0,0.3054007291793823,0.0,500.0,0.0004221999552100897,0.21109997760504484,200.0,0.00046068261144682765,0.09213652228936553,0.6783391695847923,0.06770379841327667,0.04592613839339828,0.0,0.0,0.0
1358,0.5465569496154785,1.0,0.0003027729981113225,0.0003027729981113225,20.0,0.003174105193465948,0.06348210386931896,20.0,7.002164784353226e-05,0.0014004329568706453,10.0,0.012353533878922462,0.12353533878922462,0.0,0.010210476815700531,0.0,10.182591295647823,0.0010146955028176308,0.010332229594723798,0.0,0.3054847717285156,0.0,500.0,0.0004188615712337196,0.2094307856168598,200.0,0.00046055909479036927,0.09211181895807385,0.678839419709855,0.06770601868629456,0.045961514435868794,0.0,0.0,0.0
1359,0.5487176775932312,1.0,0.00030331412563100457,0.00030331412563100457,20.0,0.0031711403280496597,0.0634228065609932,20.0,7.162530528148636e-05,0.0014325061056297272,10.0,0.012362534180283546,0.12362534180283546,0.0,0.010229180566966534,0.0,10.190095047523762,0.001246310188435018,0.012700019278850084,0.0,0.305593878030777,0.0,500.0,0.00041852903086692095,0.20926451543346047,200.0,0.00045996703556738794,0.09199340711347759,0.6793396698349174,0.0676770955324173,0.045975735734378534,0.0,0.0,0.0
1360,0.5495855808258057,1.0,0.00030320900259539485,0.00030320900259539485,20.0,0.0031805275939404964,0.06361055187880993,20.0,7.509841088904068e-05,0.0015019682177808136,10.0,0.01238230336457491,0.12382303364574909,0.0,0.010219591669738293,0.0,10.1975987993997,0.0012666699476540089,0.0129169919374322,0.0,0.305777907371521,0.0,500.0,0.0004191541229374707,0.20957706146873534,200.0,0.0004593623452819884,0.09187246905639768,0.6798399199599799,0.06763400137424469,0.04598029408083968,0.0,0.0,0.0
1361,0.5503546595573425,1.0,0.0003023479366675019,0.0003023479366675019,20.0,0.003189121140167117,0.06378242280334234,20.0,7.820867176633328e-05,0.0015641734353266656,10.0,0.012397250160574913,0.12397250160574913,0.0,0.01020846888422966,0.0,10.205102551275639,0.00109556270763278,0.01118032978274573,0.0,0.3057614862918854,0.0,500.0,0.0004231091879773885,0.21155459398869425,200.0,0.00046000798465684056,0.09200159693136811,0.6803401700850426,0.06760834157466888,0.04599667060607788,0.0,0.0,0.0
1362,0.5505415797233582,1.0,0.0003013320965692401,0.0003013320965692401,20.0,0.0031827297061681747,0.0636545941233635,20.0,8.01334681455046e-05,0.0016026693629100919,10.0,0.012388170696794987,0.12388170696794987,0.0,0.010263205505907536,0.0,10.212606303151576,0.0010535670444369316,0.010759665438809385,0.0,0.30574074387550354,0.0,500.0,0.00042437738738954067,0.21218869369477034,200.0,0.000460588198620826,0.0921176397241652,0.680840420210105,0.0676153227686882,0.04603524476647556,0.0,0.0,0.0
1363,0.5488927364349365,1.0,0.00030128832440823317,0.00030128832440823317,20.0,0.0031709466129541397,0.0634189322590828,20.0,7.942576485220343e-05,0.0015885152970440686,10.0,0.012370582669973373,0.12370582669973373,0.0,0.010322600603103638,0.0,10.220110055027513,0.0011659925803542137,0.011916572494565575,0.0,0.30575382709503174,0.0,500.0,0.00041967001743614674,0.20983500871807337,200.0,0.0004602214612532407,0.09204429225064814,0.6813406703351675,0.06763478368520737,0.046082328854053244,0.0,0.0,0.0
1364,0.5445903539657593,1.0,0.00030175159918144345,0.00030175159918144345,20.0,0.0031587649136781693,0.06317529827356339,20.0,7.551252201665193e-05,0.0015102504403330386,10.0,0.012346641160547733,0.12346641160547733,0.0,0.01034859661012888,0.0,10.227613806903452,0.0010450822301208973,0.010688697446133941,0.0,0.30553001165390015,0.0,500.0,0.00041451401193626225,0.20725700596813112,200.0,0.00046033115359023213,0.09206623071804643,0.6818409204602301,0.06764739006757736,0.04612475871040918,0.0,0.0,0.0
1365,0.5442245006561279,1.0,0.000302170286886394,0.000302170286886394,20.0,0.0031630597077310085,0.06326119415462017,20.0,7.521310908487067e-05,0.0015042621816974133,10.0,0.012331749312579632,0.12331749312579632,0.0,0.010366588830947876,0.0,10.23511755877939,0.001051614759489894,0.010763400689926579,0.0,0.30548763275146484,0.0,500.0,0.00041349322418682277,0.20674661209341139,200.0,0.00046072056284174323,0.09214411256834865,0.6823411705852926,0.06768649816513062,0.046185284390814485,0.0,0.0,0.0
1366,0.5447834134101868,1.0,0.00030203163623809814,0.00030203163623809814,20.0,0.0031737755052745342,0.06347551010549068,20.0,7.701978029217571e-05,0.0015403956058435142,10.0,0.012328481301665306,0.12328481301665306,0.0,0.01038000825792551,0.0,10.242621310655327,0.0010460249613970518,0.010714037561082858,0.0,0.30554860830307007,0.0,500.0,0.00041438289918005466,0.20719144959002733,200.0,0.00046015874249860644,0.09203174849972129,0.6828414207103551,0.06772206723690033,0.04624343260548722,0.0,0.0,0.0
1367,0.5500518679618835,1.0,0.0003017299168277532,0.0003017299168277532,20.0,0.0031785087194293737,0.06357017438858747,20.0,7.921261567389593e-05,0.0015842523134779185,10.0,0.012330152094364166,0.12330152094364166,0.0,0.010407999157905579,0.0,10.250125062531266,0.0014281636103987694,0.014638855616343564,0.0,0.30564308166503906,0.0,500.0,0.0004168112063780427,0.20840560318902135,200.0,0.0004597354563884437,0.09194709127768874,0.6833416708354177,0.06775908917188644,0.04630260920900295,0.0,0.0,0.0
1368,0.5493192672729492,1.0,0.00030100852018222213,0.00030100852018222213,20.0,0.0031777466647326946,0.06355493329465389,20.0,7.703976734774187e-05,0.0015407953469548374,10.0,0.012329726479947567,0.12329726479947567,0.0,0.010381844826042652,0.0,10.257628814407203,0.0012997296871617436,0.013332144689970762,0.0,0.3053775727748871,0.0,500.0,0.00041778659215196967,0.20889329607598484,200.0,0.0004602594126481563,0.09205188252963126,0.6838419209604802,0.06777582317590714,0.04634794911529017,0.0,0.0,0.0
1369,0.5465156435966492,1.0,0.00030096719274297357,0.00030096719274297357,20.0,0.0031705601140856743,0.06341120228171349,20.0,7.429194374708459e-05,0.0014858388749416918,10.0,0.012324896641075611,0.12324896641075611,0.0,0.010374704375863075,0.0,10.26513256628314,0.0011443495750427246,0.011746900089983345,0.0,0.3051920235157013,0.0,500.0,0.00041555112693458796,0.20777556346729398,200.0,0.0004608157614711672,0.09216315229423344,0.6843421710855427,0.06777764856815338,0.04638310317220301,0.0,0.0,0.0
1370,0.5441100001335144,1.0,0.0003013451932929456,0.0003013451932929456,20.0,0.003157847560942173,0.06315695121884346,20.0,7.335155532928184e-05,0.0014670311065856367,10.0,0.012324421666562557,0.12324421666562557,0.0,0.010393020696938038,0.0,10.27263631815908,0.001036897418089211,0.01065167007526861,0.0,0.3052242398262024,0.0,500.0,0.0004134475893806666,0.2067237946903333,200.0,0.00046084445784799755,0.09216889156959951,0.6848424212106053,0.06774711608886719,0.04639609901233576,0.0,0.0,0.0
1371,0.5448781847953796,1.0,0.00030170896206982434,0.00030170896206982434,20.0,0.0031544282101094723,0.06308856420218945,20.0,7.614800415467471e-05,0.0015229600830934942,10.0,0.012333961203694344,0.12333961203694344,0.0,0.01042457576841116,0.0,10.280140070035017,0.001111501595005393,0.011426392084722774,0.0,0.3055519163608551,0.0,500.0,0.0004134828341193497,0.20674141705967486,200.0,0.00046024011680856347,0.0920480233617127,0.6853426713356678,0.06771721690893173,0.04640949833178413,0.0,0.0,0.0
1372,0.547906756401062,1.0,0.00030139466980472207,0.00030139466980472207,20.0,0.0031569572165608406,0.06313914433121681,20.0,7.883891521487385e-05,0.001576778304297477,10.0,0.012346708215773106,0.12346708215773106,0.0,0.010432316921651363,0.0,10.287643821910956,0.0012615772429853678,0.012978657329661875,0.0,0.3057554364204407,0.0,500.0,0.0004160259268246591,0.20801296341232955,200.0,0.0004600918327923864,0.09201836655847728,0.6858429214607303,0.0676720067858696,0.046412366835131176,0.0,0.0,0.0
1373,0.5505108833312988,1.0,0.00029982911655679345,0.00029982911655679345,20.0,0.003159340936690569,0.06318681873381138,20.0,7.794929842930287e-05,0.0015589859685860574,10.0,0.012355965562164783,0.12355965562164783,0.0,0.01038072258234024,0.0,10.295147573786894,0.0012906402116641402,0.013287331443745876,0.0,0.3056027591228485,0.0,500.0,0.0004201370174996555,0.21006850874982774,200.0,0.00046067690709605813,0.09213538141921163,0.6863431715857929,0.06762559711933136,0.04641436680726495,0.0,0.0,0.0
1374,0.5498465299606323,1.0,0.00029956226353533566,0.00029956226353533566,20.0,0.003157731844112277,0.06315463688224554,20.0,7.562367682112381e-05,0.0015124735364224762,10.0,0.012357146479189396,0.12357146479189396,0.0,0.01035066694021225,0.0,10.302651325662831,0.0012613842263817787,0.012995601872102417,0.0,0.30546241998672485,0.0,500.0,0.00041955526103265584,0.20977763051632792,200.0,0.00046070344978943467,0.09214068995788693,0.6868434217108554,0.06754741817712784,0.04639449982851252,0.0,0.0,0.0
1375,0.5463353991508484,1.0,0.00030020863050594926,0.00030020863050594926,20.0,0.003148364834487438,0.06296729668974876,20.0,7.20077587175183e-05,0.001440155174350366,10.0,0.012353839352726936,0.12353839352726936,0.0,0.010335681959986687,0.0,10.31015507753877,0.0011107116006314754,0.011451608848931821,0.0,0.3054485619068146,0.0,500.0,0.0004162870463915169,0.20814352319575846,200.0,0.0004606260918080807,0.09212521836161613,0.6873436718359179,0.06746117025613785,0.0463690084702018,0.0,0.0,0.0
1376,0.5466759204864502,1.0,0.00030072731897234917,0.00030072731897234917,20.0,0.003160878550261259,0.06321757100522518,20.0,7.069780258461833e-05,0.0014139560516923666,10.0,0.012360645458102226,0.12360645458102226,0.0,0.010274196043610573,0.0,10.317658829414707,0.0010379995219409466,0.010709724932482253,0.0,0.30536532402038574,0.0,500.0,0.000418019772041589,0.2090098860207945,200.0,0.0004604724235832691,0.09209448471665382,0.6878439219609805,0.06734536588191986,0.04632310059411696,0.0,0.0,0.0
1377,0.5486845970153809,1.0,0.00030114181572571397,0.00030114181572571397,20.0,0.0031803071033209562,0.06360614206641912,20.0,7.104934775270522e-05,0.0014209869550541043,10.0,0.012371508404612541,0.12371508404612541,0.0,0.010214916430413723,0.0,10.325162581290645,0.0010585043346509337,0.010929229348271771,0.0,0.3054204285144806,0.0,500.0,0.0004208133032079786,0.2104066516039893,200.0,0.0004600353422574699,0.09200706845149398,0.688344172086043,0.06726031005382538,0.04629824243825099,0.0,0.0,0.0
1378,0.5516671538352966,1.0,0.00030164478812366724,0.00030164478812366724,20.0,0.0031972655560821295,0.06394531112164259,20.0,7.382335024885833e-05,0.0014764670049771667,10.0,0.012381824664771557,0.12381824664771557,0.0,0.010200520977377892,0.0,10.332666333166584,0.0012325835414230824,0.012735874461277523,0.0,0.30554085969924927,0.0,500.0,0.00042242940980941057,0.21121470490470529,200.0,0.00045957957627251744,0.09191591525450349,0.6888444222111055,0.06715450435876846,0.04625900575388903,0.0,0.0,0.0
1379,0.5480462312698364,1.0,0.00030255704768933356,0.00030255704768933356,20.0,0.003196891862899065,0.0639378372579813,20.0,7.52709383959882e-05,0.001505418767919764,10.0,0.012379845604300499,0.12379845604300499,0.0,0.010242469608783722,0.0,10.340170085042521,0.0010684257140383124,0.011047703606389153,0.0,0.3057526648044586,0.0,500.0,0.00041857914766296744,0.20928957383148372,200.0,0.00045962241711094975,0.09192448342218995,0.689344672336168,0.06707847118377686,0.046240186738991745,0.0,0.0,0.0
1380,0.5453013181686401,1.0,0.0003031827509403229,0.0003031827509403229,20.0,0.0031811825465410948,0.0636236509308219,20.0,7.582536636618897e-05,0.0015165073273237795,10.0,0.012374578043818474,0.12374578043818474,0.0,0.010318761691451073,0.0,10.347673836918458,0.0010147831635549664,0.010500645191663072,0.0,0.3058958351612091,0.0,500.0,0.0004146372084505856,0.2073186042252928,200.0,0.00046037236461415887,0.09207447292283177,0.6898449224612306,0.06699836999177933,0.04621848535200785,0.0,0.0,0.0
1381,0.5452768802642822,1.0,0.000302820117212832,0.000302820117212832,20.0,0.0031714411452412605,0.06342882290482521,20.0,7.738719432381913e-05,0.0015477438864763826,10.0,0.01237553358078003,0.12375533580780029,0.0,0.010383829474449158,0.0,10.355177588794398,0.001045479322783649,0.010826124052837185,0.0,0.3059564232826233,0.0,500.0,0.0004142365069128573,0.20711825345642865,200.0,0.0004604852292686701,0.09209704585373402,0.6903451725862931,0.0669240728020668,0.04620071058872045,0.0,0.0,0.0
1382,0.5472808480262756,1.0,0.00030215480364859104,0.00030215480364859104,20.0,0.0031662164255976677,0.06332432851195335,20.0,7.776689017191529e-05,0.0015553378034383059,10.0,0.012376254424452782,0.12376254424452782,0.0,0.010421107523143291,0.0,10.362681340670335,0.0012272242456674576,0.01271733379139639,0.0,0.3059331774711609,0.0,500.0,0.0004147870931774378,0.2073935465887189,200.0,0.0004601003020070493,0.09202006040140986,0.6908454227113556,0.0668826624751091,0.04620558122967767,0.0,0.0,0.0
1383,0.5477886199951172,1.0,0.00030187866650521755,0.00030187866650521755,20.0,0.003165086731314659,0.06330173462629318,20.0,7.669156912015751e-05,0.0015338313824031502,10.0,0.01237224880605936,0.1237224880605936,0.0,0.010435153730213642,0.0,10.370185092546274,0.001287484890781343,0.01335145662125925,0.0,0.3057484030723572,0.0,500.0,0.0004146701539866626,0.2073350769933313,200.0,0.0004599692183546722,0.09199384367093444,0.6913456728364182,0.06689605861902237,0.046248300656072494,0.0,0.0,0.0
1384,0.5454342365264893,1.0,0.00030200404580682516,0.00030200404580682516,20.0,0.003161644097417593,0.06323288194835186,20.0,7.453506259480491e-05,0.0014907012518960983,10.0,0.012368141673505306,0.12368141673505306,0.0,0.01043152716010809,0.0,10.377688844422211,0.0011264919303357601,0.011690382738777061,0.0,0.3055313527584076,0.0,500.0,0.0004134394694119692,0.2067197347059846,200.0,0.00046003464376553893,0.09200692875310779,0.6918459229614807,0.0669371709227562,0.04631020879748465,0.0,0.0,0.0
1385,0.5445093512535095,1.0,0.0003019986907020211,0.0003019986907020211,20.0,0.003159802407026291,0.06319604814052582,20.0,7.32481712475419e-05,0.001464963424950838,10.0,0.012368818745017052,0.12368818745017052,0.0,0.010419759899377823,0.0,10.385192596298149,0.0010324863251298666,0.010722569339517775,0.0,0.30543291568756104,0.0,500.0,0.00041335891000926495,0.20667945500463247,200.0,0.0004603695124387741,0.09207390248775482,0.6923461730865432,0.06699281930923462,0.04638222207302687,0.0,0.0,0.0
1386,0.5453984141349792,1.0,0.000301808409858495,0.000301808409858495,20.0,0.003162076696753502,0.06324153393507004,20.0,7.40192990633659e-05,0.0014803859812673181,10.0,0.012377859093248844,0.12377859093248844,0.0,0.010402861051261425,0.0,10.392696348174088,0.00103520299308002,0.010758550365801608,0.0,0.30546024441719055,0.0,500.0,0.00041462323861196637,0.20731161930598319,200.0,0.0004603498091455549,0.09206996182911098,0.6928464232116058,0.06705094128847122,0.04645600484468867,0.0,0.0,0.0
1387,0.5485492944717407,1.0,0.000301713909721002,0.000301713909721002,20.0,0.0031658182851970196,0.06331636570394039,20.0,7.537251804023981e-05,0.0015074503608047962,10.0,0.012386967428028584,0.12386967428028584,0.0,0.010384397581219673,0.0,10.400200100050025,0.0012337176594883204,0.012830910525643911,0.0,0.30550721287727356,0.0,500.0,0.00041636673267930746,0.20818336633965373,200.0,0.00046002783346921206,0.09200556669384241,0.6933466733366683,0.0671154335141182,0.04653426255656219,0.0,0.0,0.0
1388,0.5473619103431702,1.0,0.0003020635340362787,0.0003020635340362787,20.0,0.0031640268862247467,0.06328053772449493,20.0,7.534114411100745e-05,0.001506822882220149,10.0,0.012387821450829506,0.12387821450829506,0.0,0.01037357933819294,0.0,10.407703851925962,0.0011616902193054557,0.012090527770210108,0.0,0.30557847023010254,0.0,500.0,0.00041556399082764983,0.20778199541382492,200.0,0.00045966776087880135,0.09193355217576027,0.6938469234617308,0.0671447291970253,0.04658816378002706,0.0,0.0,0.0
1389,0.546548068523407,1.0,0.0003023982571903616,0.0003023982571903616,20.0,0.0031695785000920296,0.06339157000184059,20.0,7.446018571499735e-05,0.001489203714299947,10.0,0.012383155524730682,0.12383155524730682,0.0,0.01034229900687933,0.0,10.415207603801901,0.0010927675757557154,0.011381401164199096,0.0,0.3055407702922821,0.0,500.0,0.00041514969780109823,0.2075748489005491,200.0,0.0004596843500621617,0.09193687001243234,0.6943471735867934,0.06717133522033691,0.046640226756291966,0.0,0.0,0.0
1390,0.5465171337127686,1.0,0.0003025419428013265,0.0003025419428013265,20.0,0.0031754467636346817,0.06350893527269363,20.0,7.370361709035933e-05,0.0014740723418071866,10.0,0.012376450933516026,0.12376450933516026,0.0,0.010319660417735577,0.0,10.422711355677839,0.0010747411288321018,0.011201716567892367,0.0,0.3055993914604187,0.0,500.0,0.00041517807403579354,0.20758903701789677,200.0,0.00045990271610207856,0.09198054322041571,0.6948474237118559,0.06720291823148727,0.046695774599067444,0.0,0.0,0.0
1391,0.5464416146278381,1.0,0.0003024004981853068,0.0003024004981853068,20.0,0.0031784307211637497,0.063568614423275,20.0,7.389017264358699e-05,0.0014778034528717399,10.0,0.01237773522734642,0.1237773522734642,0.0,0.010301957838237286,0.0,10.430215107553776,0.0010118948994204402,0.010554281467191683,0.0,0.30557888746261597,0.0,500.0,0.00041609094478189945,0.20804547239094973,200.0,0.0004598917730618268,0.09197835461236537,0.6953476738369184,0.06721428036689758,0.04673729350174469,0.0,0.0,0.0
1392,0.5499646663665771,1.0,0.0003020424919668585,0.0003020424919668585,20.0,0.0031849313527345657,0.06369862705469131,20.0,7.5079697126057e-05,0.00150159394252114,10.0,0.012387236580252647,0.12387236580252647,0.0,0.010274971835315228,0.0,10.437718859429715,0.0011846793349832296,0.012365349837131109,0.0,0.30558130145072937,0.0,500.0,0.0004190446634311229,0.20952233171556145,200.0,0.000459688511909917,0.0919377023819834,0.695847923961981,0.06720520555973053,0.04676460276817668,0.0,0.0,0.0
1393,0.5499734878540039,1.0,0.0003023209283128381,0.0003023209283128381,20.0,0.003182516433298588,0.06365032866597176,20.0,7.544111576862633e-05,0.0015088223153725266,10.0,0.01239673513919115,0.1239673513919115,0.0,0.010264622047543526,0.0,10.445222611305653,0.001184317865408957,0.012370463746742883,0.0,0.3055582642555237,0.0,500.0,0.00041890618740580976,0.20945309370290488,200.0,0.0004597255028784275,0.0919451005756855,0.6963481740870435,0.0671732947230339,0.046776001127795494,0.0,0.0,0.0
1394,0.5482612252235413,1.0,0.0003028726496268064,0.0003028726496268064,20.0,0.0031731813214719296,0.06346362642943859,20.0,7.449801341863349e-05,0.0014899602683726698,10.0,0.012403407134115696,0.12403407134115696,0.0,0.010264039039611816,0.0,10.452726363181592,0.0011005967389792204,0.011504236548759785,0.0,0.3055272400379181,0.0,500.0,0.0004173342604190111,0.20866713020950556,200.0,0.000459989532828331,0.0919979065656662,0.696848424212106,0.06716158986091614,0.04680144806215917,0.0,0.0,0.0
1395,0.5470834970474243,1.0,0.00030280277132987976,0.00030280277132987976,20.0,0.0031670224852859974,0.06334044970571995,20.0,7.364813063759357e-05,0.0014729626127518713,10.0,0.012408551760017872,0.12408551760017872,0.0,0.010263375006616116,0.0,10.460230115057529,0.0009780807886272669,0.010230950120158155,0.0,0.30541127920150757,0.0,500.0,0.0004176075162831694,0.2088037581415847,200.0,0.0004601335967890918,0.09202671935781837,0.6973486743371686,0.06714048981666565,0.04682033156799996,0.0,0.0,0.0
1396,0.5487623810768127,1.0,0.0003021098382305354,0.0003021098382305354,20.0,0.0031650501769036055,0.06330100353807211,20.0,7.427595846820623e-05,0.0014855191693641245,10.0,0.012418942525982857,0.12418942525982857,0.0,0.010270407423377037,0.0,10.467733866933466,0.0010606859577819705,0.011102978322455093,0.0,0.3053252398967743,0.0,500.0,0.0004190179752185941,0.20950898760929704,200.0,0.00046015437692403793,0.09203087538480759,0.6978489244622311,0.06712266057729721,0.04684147649091026,0.0,0.0,0.0
1397,0.5524314641952515,1.0,0.00030079419957473874,0.00030079419957473874,20.0,0.0031563485972583294,0.06312697194516659,20.0,7.466276292689145e-05,0.001493255258537829,10.0,0.012429717928171158,0.12429717928171158,0.0,0.01029477920383215,0.0,10.475237618809405,0.0012759603559970856,0.013365987921250112,0.0,0.3051626980304718,0.0,500.0,0.0004216563538648188,0.2108281769324094,200.0,0.0004608609597198665,0.0921721919439733,0.6983491745872936,0.06708239018917084,0.046846931817950216,0.0,0.0,0.0
1398,0.5494629144668579,1.0,0.000300815561786294,0.000300815561786294,20.0,0.0031456914730370045,0.06291382946074009,20.0,7.365480269072577e-05,0.0014730960538145155,10.0,0.01243740413337946,0.1243740413337946,0.0,0.01031632348895073,0.0,10.482741370685343,0.0010934066958725452,0.011461899605807497,0.0,0.30519071221351624,0.0,500.0,0.00041975046042352915,0.20987523021176457,200.0,0.0004610593896359205,0.0922118779271841,0.6988494247123562,0.06704181432723999,0.04685213337426427,0.0,0.0,0.0
1399,0.546886682510376,1.0,0.0003010460641235113,0.0003010460641235113,20.0,0.0031365137547254562,0.06273027509450912,20.0,7.146694406401366e-05,0.0014293388812802732,10.0,0.012441569939255714,0.12441569939255714,0.0,0.010328719392418861,0.0,10.49024512256128,0.0009457840351387858,0.009921506361610974,0.0,0.3050957918167114,0.0,500.0,0.0004179795505478978,0.2089897752739489,200.0,0.0004612857010215521,0.09225714020431042,0.6993496748374187,0.06697926670312881,0.04684192838968188,0.0,0.0,0.0
1400,0.5483940243721008,1.0,0.00030150203383527696,0.00030150203383527696,20.0,0.0031511220149695873,0.06302244029939175,20.0,7.206476584542543e-05,0.0014412953169085085,10.0,0.012457363307476044,0.12457363307476044,0.0,0.01029853243380785,0.0,10.49774887443722,0.0010065610986202955,0.010566625640093499,0.0,0.3051469922065735,0.0,500.0,0.0004190419858787209,0.20952099293936044,200.0,0.00046065275091677904,0.09213055018335581,0.6998499249624812,0.0669243261218071,0.04683698461451132,0.0,0.0,0.0
1401,0.5508031845092773,1.0,0.0003018511924892664,0.0003018511924892664,20.0,0.0031697857193648815,0.06339571438729763,20.0,7.515548350056633e-05,0.0015031096700113267,10.0,0.012476113624870777,0.12476113624870777,0.0,0.010289524681866169,0.0,10.505252626313156,0.001110421260818839,0.011665255866531075,0.0,0.30549609661102295,0.0,500.0,0.00042069965275004506,0.21034982637502253,200.0,0.0004599994863383472,0.09199989726766944,0.7003501750875438,0.06686139851808548,0.04682639215873921,0.0,0.0,0.0
1402,0.5522148609161377,1.0,0.00030224124202504754,0.00030224124202504754,20.0,0.0031781960278749466,0.06356392055749893,20.0,7.729931530775502e-05,0.0015459863061551005,10.0,0.01248575933277607,0.1248575933277607,0.0,0.010312801226973534,0.0,10.512756378189094,0.0012228062842041254,0.012855064563556624,0.0,0.30571335554122925,0.0,500.0,0.0004206201701890677,0.21031008509453386,200.0,0.0004597467486746609,0.09194934973493218,0.7008504252126063,0.0668197050690651,0.046830618710235215,0.0,0.0,0.0
1403,0.5504668951034546,1.0,0.0003029182553291321,0.0003029182553291321,20.0,0.00317906285636127,0.0635812571272254,20.0,7.668026955798268e-05,0.0015336053911596537,10.0,0.01248769648373127,0.1248769648373127,0.0,0.01032983884215355,0.0,10.520260130065033,0.001204904867336154,0.012675912636357839,0.0,0.30573251843452454,0.0,500.0,0.0004174359200987965,0.20871796004939824,200.0,0.00045970926294103265,0.09194185258820653,0.7013506753376688,0.06678033620119095,0.046836433893981844,0.0,0.0,0.0
1404,0.5491440892219543,1.0,0.00030268297996371984,0.00030268297996371984,20.0,0.0031797594856470823,0.06359518971294165,20.0,7.555107004009187e-05,0.0015110214008018374,10.0,0.012484196573495865,0.12484196573495865,0.0,0.010349787771701813,0.0,10.52776388194097,0.0011484245769679546,0.01209034278253657,0.0,0.3057328760623932,0.0,500.0,0.0004159537493251264,0.2079768746625632,200.0,0.0004597978258971125,0.0919595651794225,0.7018509254627313,0.06677556037902832,0.04686648885031352,0.0,0.0,0.0
1405,0.549035370349884,1.0,0.0003021598095074296,0.0003021598095074296,20.0,0.0031832633540034294,0.06366526708006859,20.0,7.315259426832199e-05,0.0014630518853664398,10.0,0.012477177195250988,0.12477177195250988,0.0,0.010353129357099533,0.0,10.53526763381691,0.001146215246990323,0.012075684393004606,0.0,0.3055892884731293,0.0,500.0,0.00041573616908863187,0.20786808454431593,200.0,0.00045999526628293097,0.0919990532565862,0.7023511755877939,0.06676194816827774,0.04689033278052124,0.0,0.0,0.0
1406,0.548675000667572,1.0,0.0003018250281456858,0.0003018250281456858,20.0,0.003180371131747961,0.06360742263495922,20.0,7.107751298462972e-05,0.0014215502596925944,10.0,0.012473833747208118,0.12473833747208118,0.0,0.010366982780396938,0.0,10.542771385692847,0.0011166022159159184,0.01177208189115957,0.0,0.30545279383659363,0.0,500.0,0.0004156685317866504,0.2078342658933252,200.0,0.00046048653894104064,0.09209730778820813,0.7028514257128564,0.06673138588666916,0.0469022497102402,0.0,0.0,0.0
1407,0.5476816296577454,1.0,0.00030196254374459386,0.00030196254374459386,20.0,0.0031800472643226385,0.06360094528645277,20.0,7.15439673513174e-05,0.0014308793470263481,10.0,0.0124864112585783,0.124864112585783,0.0,0.010376903228461742,0.0,10.550275137568784,0.0010391437681391835,0.010963252661358369,0.0,0.3054787814617157,0.0,500.0,0.00041507798596285284,0.20753899298142642,200.0,0.0004602870321832597,0.09205740643665195,0.7033516758379189,0.06671494245529175,0.046924066579359776,0.0,0.0,0.0
1408,0.5517325401306152,1.0,0.000302131287753582,0.000302131287753582,20.0,0.0031873113475739956,0.06374622695147991,20.0,7.509787246817723e-05,0.0015019574493635446,10.0,0.012510759755969048,0.12510759755969048,0.0,0.0103900833055377,0.0,10.557778889444723,0.001322699012234807,0.013964763708462034,0.0,0.305728554725647,0.0,500.0,0.00041640689596533775,0.20820344798266888,200.0,0.00045983504969626665,0.09196700993925333,0.7038519259629815,0.06668933480978012,0.04693941674705385,0.0,0.0,0.0
1409,0.550079345703125,1.0,0.0003028638893738389,0.0003028638893738389,20.0,0.003186927642673254,0.06373855285346508,20.0,7.617817027494311e-05,0.0015235634054988623,10.0,0.012534426525235176,0.12534426525235176,0.0,0.010384800843894482,0.0,10.56528264132066,0.0011257617734372616,0.011893991323159062,0.0,0.3058073818683624,0.0,500.0,0.00041675157262943685,0.20837578631471843,200.0,0.00045978237176313996,0.09195647435262799,0.704352176088044,0.06664826720952988,0.046943852041529795,0.0,0.0,0.0
1410,0.5506398677825928,1.0,0.00030283312662504613,0.00030283312662504613,20.0,0.0031867618672549725,0.06373523734509945,20.0,7.632556662429124e-05,0.0015265113324858248,10.0,0.012553337961435318,0.12553337961435318,0.0,0.010374852456152439,0.0,10.572786393196598,0.001091974088922143,0.011545208789079286,0.0,0.3057868480682373,0.0,500.0,0.0004181613912805915,0.20908069564029574,200.0,0.00045992681407369673,0.09198536281473935,0.7048524262131065,0.06658228486776352,0.046930685031855324,0.0,0.0,0.0
1411,0.5507813692092896,1.0,0.0003022171731572598,0.0003022171731572598,20.0,0.0031791094224900007,0.06358218844980001,20.0,7.577045471407473e-05,0.0015154090942814946,10.0,0.012557859532535076,0.12557859532535076,0.0,0.010404308326542377,0.0,10.580290145072537,0.001128745498135686,0.01194245487021999,0.0,0.3057059645652771,0.0,500.0,0.00041776924626901746,0.20888462313450873,200.0,0.00046021753223612905,0.09204350644722581,0.7053526763381691,0.06653743982315063,0.04693236125594918,0.0,0.0,0.0
1412,0.548710823059082,1.0,0.0003015487745869905,0.0003015487745869905,20.0,0.003169791540130973,0.06339583080261946,20.0,7.409663521684706e-05,0.0014819327043369412,10.0,0.012549293227493763,0.12549293227493763,0.0,0.010445020161569118,0.0,10.587793896948474,0.001047136029228568,0.011086860459541091,0.0,0.3056013584136963,0.0,500.0,0.00041578884702175856,0.20789442351087928,200.0,0.00046041031600907445,0.09208206320181489,0.7058529264632316,0.06655094027519226,0.0469751759521242,0.0,0.0,0.0
1413,0.5477470755577087,1.0,0.00030095060355961323,0.00030095060355961323,20.0,0.0031615551561117172,0.06323110312223434,20.0,7.139128865674138e-05,0.0014278257731348276,10.0,0.012533482164144516,0.12533482164144516,0.0,0.010484493337571621,0.0,10.595297648824411,0.001080403453670442,0.011447196172456209,0.0,0.30541571974754333,0.0,500.0,0.0004135987546760589,0.20679937733802944,200.0,0.0004609177995007485,0.0921835599001497,0.7063531765882941,0.06657052785158157,0.04702230381512415,0.0,0.0,0.0
1414,0.5482701063156128,1.0,0.00030105572659522295,0.00030105572659522295,20.0,0.003179186722263694,0.06358373444527388,20.0,7.128738070605323e-05,0.0014257476141210645,10.0,0.012527046725153923,0.12527046725153923,0.0,0.010478973388671875,0.0,10.60280140070035,0.0010667399037629366,0.011310431345800622,0.0,0.30540502071380615,0.0,500.0,0.00041443511145189404,0.20721755572594702,200.0,0.0004604810965247452,0.09209621930494905,0.7068534267133567,0.06658366322517395,0.04706489051384232,0.0,0.0,0.0
1415,0.550123393535614,1.0,0.0003019712748937309,0.0003019712748937309,20.0,0.0032008797861635685,0.06401759572327137,20.0,7.306085171876475e-05,0.001461217034375295,10.0,0.012527555227279663,0.12527555227279663,0.0,0.010478567332029343,0.0,10.610305152576288,0.0011904933489859104,0.012631497714853007,0.0,0.305600643157959,0.0,500.0,0.0004147496074438095,0.20737480372190475,200.0,0.00045977107947692275,0.09195421589538455,0.7073536768384192,0.0665953978896141,0.04710649955773604,0.0,0.0,0.0
1416,0.5520548224449158,1.0,0.0003029892104677856,0.0003029892104677856,20.0,0.0032083753030747175,0.06416750606149435,20.0,7.515912147937343e-05,0.0015031824295874685,10.0,0.012529018335044384,0.12529018335044384,0.0,0.010518571361899376,0.0,10.617808904452225,0.001434842124581337,0.01523487948686287,0.0,0.30579236149787903,0.0,500.0,0.0004130640591029078,0.2065320295514539,200.0,0.0004594479687511921,0.09188959375023842,0.7078539269634817,0.06658779829740524,0.04713443451267054,0.0,0.0,0.0
1417,0.5470998883247375,1.0,0.00030427618185058236,0.00030427618185058236,20.0,0.0032051163725554943,0.06410232745110989,20.0,7.710930367466062e-05,0.0015421860734932125,10.0,0.012532027438282967,0.12532027438282967,0.0,0.010578620247542858,0.0,10.625312656328164,0.0010326908668503165,0.010972663337619171,0.0,0.3060727119445801,0.0,500.0,0.00041154964128509164,0.20577482064254582,200.0,0.0004596796352416277,0.09193592704832554,0.7083541770885443,0.06655906140804291,0.04714738917148012,0.0,0.0,0.0
1418,0.5489214062690735,1.0,0.0003046081983484328,0.0003046081983484328,20.0,0.0032051249872893095,0.06410249974578619,20.0,7.829698733985424e-05,0.0015659397467970848,10.0,0.012538759037852287,0.12538759037852287,0.0,0.010605394840240479,0.0,10.632816408204102,0.0011553175281733274,0.01228427917024716,0.0,0.30608266592025757,0.0,500.0,0.0004124369006603956,0.2062184503301978,200.0,0.00045951124047860503,0.091902248095721,0.7088544272136068,0.0665239617228508,0.04715580478303131,0.0,0.0,0.0
1419,0.5485725402832031,1.0,0.0003033717512153089,0.0003033717512153089,20.0,0.003197158221155405,0.0639431644231081,20.0,7.52147170715034e-05,0.001504294341430068,10.0,0.012541833333671093,0.12541833333671093,0.0,0.01058241631835699,0.0,10.64032016008004,0.001160360756330192,0.012346609948545867,0.0,0.30573001503944397,0.0,500.0,0.0004120018857065588,0.2060009428532794,200.0,0.00045933318324387074,0.09186663664877415,0.7093546773386693,0.06652410328388214,0.04718918382018253,0.0,0.0,0.0
1420,0.5488965511322021,1.0,0.0003023779718205333,0.0003023779718205333,20.0,0.0031925372313708067,0.06385074462741613,20.0,7.21602700650692e-05,0.001443205401301384,10.0,0.012543626129627228,0.12543626129627228,0.0,0.010549111291766167,0.0,10.647823911955978,0.0011345117818564177,0.012080081679246549,0.0,0.3054254949092865,0.0,500.0,0.00041310774395242333,0.20655387197621167,200.0,0.00046007108176127076,0.09201421635225415,0.7098549274637319,0.066514752805233,0.04721582502782673,0.0,0.0,0.0
1421,0.5501774549484253,1.0,0.000302142376312986,0.000302142376312986,20.0,0.003195186611264944,0.06390373222529888,20.0,7.127132266759872e-05,0.0014254264533519745,10.0,0.012551815249025822,0.12551815249025822,0.0,0.010514936409890652,0.0,10.655327663831915,0.001148120267316699,0.012233597645745716,0.0,0.3053334653377533,0.0,500.0,0.0004148958541918546,0.2074479270959273,200.0,0.0004605976864695549,0.09211953729391098,0.7103551775887944,0.06648355722427368,0.047226939098783706,0.0,0.0,0.0
1422,0.5484194159507751,1.0,0.0003032865934073925,0.0003032865934073925,20.0,0.0031965093221515417,0.06393018644303083,20.0,7.157368236221373e-05,0.0014314736472442746,10.0,0.012558270245790482,0.12558270245790482,0.0,0.010508266277611256,0.0,10.662831415707855,0.001075741252861917,0.011470447626188976,0.0,0.3053217828273773,0.0,500.0,0.0004128808213863522,0.2064404106931761,200.0,0.00046015449333935976,0.09203089866787195,0.7108554277138569,0.06644107401371002,0.04722999808578386,0.0,0.0,0.0
1423,0.5490599274635315,1.0,0.00030373106710612774,0.00030373106710612774,20.0,0.00320246210321784,0.0640492420643568,20.0,7.243477739393711e-05,0.0014486955478787422,10.0,0.012567509897053242,0.12567509897053242,0.0,0.010484549216926098,0.0,10.670335167583792,0.0011008158326148987,0.011746073891783787,0.0,0.30538079142570496,0.0,500.0,0.0004133254406042397,0.20666272030211985,200.0,0.00045978627167642117,0.09195725433528423,0.7113556778389195,0.06637629866600037,0.04721715692999126,0.0,0.0,0.0
1424,0.5488294959068298,1.0,0.00030339948716573417,0.00030339948716573417,20.0,0.003208027221262455,0.0641605444252491,20.0,7.321059092646465e-05,0.001464211818529293,10.0,0.012576321139931679,0.1257632113993168,0.0,0.010460072197020054,0.0,10.67783891945973,0.0009760911343619227,0.010422543903429334,0.0,0.30545878410339355,0.0,500.0,0.0004151950706727803,0.20759753533639014,200.0,0.00045958830742165446,0.09191766148433089,0.711855927963982,0.06630607694387436,0.047200373932532874,0.0,0.0,0.0
1425,0.5516705513000488,1.0,0.0003027896163985133,0.0003027896163985133,20.0,0.003211251925677061,0.06422503851354122,20.0,7.318320422200486e-05,0.0014636640844400972,10.0,0.012577978894114494,0.12577978894114494,0.0,0.010442488826811314,0.0,10.685342671335668,0.0011266887886449695,0.012039055790623586,0.0,0.3054279386997223,0.0,500.0,0.00041746877832338214,0.20873438916169107,200.0,0.0004596533835865557,0.09193067671731114,0.7123561780890445,0.0662521943449974,0.04719515995361496,0.0,0.0,0.0
1426,0.5492408871650696,1.0,0.00030265527311712503,0.00030265527311712503,20.0,0.003199145896360278,0.06398291792720556,20.0,7.171774632297456e-05,0.0014343549264594913,10.0,0.012573422864079475,0.12573422864079475,0.0,0.010455041192471981,0.0,10.692846423211606,0.00098703452385962,0.01055420857803871,0.0,0.3054702579975128,0.0,500.0,0.00041607648017816246,0.20803824008908123,200.0,0.0004600421234499663,0.09200842468999326,0.7128564282141071,0.0661926418542862,0.04718585024630207,0.0,0.0,0.0
1427,0.5475524067878723,1.0,0.0003017202252522111,0.0003017202252522111,20.0,0.0031736816745251417,0.06347363349050283,20.0,7.079375063767657e-05,0.0014158750127535313,10.0,0.012572760693728924,0.12572760693728924,0.0,0.01050571072846651,0.0,10.700350175087543,0.0009050583466887474,0.00968444123845538,0.0,0.3054514527320862,0.0,500.0,0.0004151541506871581,0.20757707534357905,200.0,0.00046101014595478773,0.09220202919095755,0.7133566783391696,0.06612405180931091,0.04717003395701719,0.0,0.0,0.0
1428,0.5477275848388672,1.0,0.00030040284036658704,0.00030040284036658704,20.0,0.003162977285683155,0.0632595457136631,20.0,7.184881542343646e-05,0.0014369763084687293,10.0,0.01257852278649807,0.1257852278649807,0.0,0.010542456991970539,0.0,10.707853926963482,0.0009008846245706081,0.009646540964949409,0.0,0.3055412173271179,0.0,500.0,0.0004156754584982991,0.20783772924914956,200.0,0.0004614435601979494,0.09228871203958988,0.7138569284642321,0.06608103960752487,0.04717240796395097,0.0,0.0,0.0
1429,0.5508421063423157,1.0,0.000299434905173257,0.000299434905173257,20.0,0.003162380075082183,0.06324760150164366,20.0,7.28428567526862e-05,0.001456857135053724,10.0,0.012590005993843079,0.1259000599384308,0.0,0.010551052168011665,0.0,10.71535767883942,0.0010539868380874395,0.011293845958895925,0.0,0.3055398762226105,0.0,500.0,0.0004183491109870374,0.2091745554935187,200.0,0.0004614941426552832,0.09229882853105664,0.7143571785892946,0.06603273749351501,0.047170960050394915,0.0,0.0,0.0
1430,0.549036979675293,1.0,0.0002993015805259347,0.0002993015805259347,20.0,0.0031508326064795256,0.06301665212959051,20.0,7.241290586534888e-05,0.0014482581173069775,10.0,0.01259497832506895,0.1259497832506895,0.0,0.0105899004265666,0.0,10.722861430715358,0.0010027727112174034,0.010752592828886966,0.0,0.3056216239929199,0.0,500.0,0.0004161096876487136,0.2080548438243568,200.0,0.00046175444731488824,0.09235088946297765,0.7148574287143572,0.06597774475812912,0.04716468097016834,0.0,0.0,0.0
1431,0.5485727787017822,1.0,0.00029926246497780085,0.00029926246497780085,20.0,0.003138887695968151,0.06277775391936302,20.0,7.153989281505346e-05,0.0014307978563010693,10.0,0.01259559579193592,0.1259559579193592,0.0,0.010638123378157616,0.0,10.730365182591296,0.0010837458539754152,0.011628988778275466,0.0,0.3056199848651886,0.0,500.0,0.00041386467637494206,0.20693233818747103,200.0,0.0004618746170308441,0.09237492340616882,0.7153576788394197,0.0659429058432579,0.047172764059959384,0.0,0.0,0.0
1432,0.547299325466156,1.0,0.00029935085331089795,0.00029935085331089795,20.0,0.0031447461806237698,0.0628949236124754,20.0,7.042328070383519e-05,0.0014084656140767038,10.0,0.012597113847732544,0.12597113847732544,0.0,0.010636852122843266,0.0,10.737868934467233,0.0009839792037382722,0.010565839723982997,0.0,0.30564433336257935,0.0,500.0,0.00041347218211740255,0.20673609105870128,200.0,0.0004612370685208589,0.09224741370417178,0.7158579289644822,0.0659015104174614,0.04717611876307516,0.0,0.0,0.0
1433,0.5493519306182861,1.0,0.0002991404617205262,0.0002991404617205262,20.0,0.0031662299297749996,0.06332459859549999,20.0,7.03909172443673e-05,0.001407818344887346,10.0,0.012603404931724072,0.12603404931724072,0.0,0.010600331239402294,0.0,10.745372686343172,0.0009995056316256523,0.010740060513916464,0.0,0.3056074380874634,0.0,500.0,0.00041641213465481997,0.20820606732740998,200.0,0.000460775219835341,0.0921550439670682,0.7163581790895448,0.0658680722117424,0.047185132269742434,0.0,0.0,0.0
1434,0.5531642436981201,1.0,0.0002990422071889043,0.0002990422071889043,20.0,0.0031771797221153975,0.06354359444230795,20.0,7.078122871462256e-05,0.0014156245742924511,10.0,0.012609279714524746,0.12609279714524746,0.0,0.010594812221825123,0.0,10.75287643821911,0.0012421649880707264,0.013356846632606435,0.0,0.30563366413116455,0.0,500.0,0.0004182698321528733,0.20913491607643664,200.0,0.00046072673285380006,0.09214534657076001,0.7168584292146073,0.06580942124128342,0.047176038338548845,0.0,0.0,0.0
1435,0.5495117902755737,1.0,0.00029975554207339883,0.00029975554207339883,20.0,0.003176736645400524,0.06353473290801048,20.0,7.004283543210477e-05,0.0014008567086420953,10.0,0.012614511884748936,0.12614511884748936,0.0,0.010597355663776398,0.0,10.760380190095047,0.001064833952113986,0.011458018164067952,0.0,0.30571258068084717,0.0,500.0,0.00041497714119032025,0.20748857059516013,200.0,0.00046010417281650007,0.09202083456330001,0.7173586793396698,0.06574659049510956,0.04716388732865788,0.0,0.0,0.0
1436,0.5474677085876465,1.0,0.00030095415422692895,0.00030095415422692895,20.0,0.0031688809394836426,0.06337761878967285,20.0,6.935778947081417e-05,0.0013871557894162834,10.0,0.012622307986021042,0.12622307986021042,0.0,0.010604165494441986,0.0,10.767883941970986,0.0010076566832140088,0.01085033021819987,0.0,0.305873304605484,0.0,500.0,0.000412318273447454,0.206159136723727,200.0,0.0004600972752086818,0.09201945504173636,0.7178589294647324,0.06568148732185364,0.047150042174517244,0.0,0.0,0.0
1437,0.5484413504600525,1.0,0.0003011786029674113,0.0003011786029674113,20.0,0.0031686488073319197,0.0633729761466384,20.0,7.026999082881957e-05,0.0014053998165763915,10.0,0.012635731138288975,0.12635731138288975,0.0,0.010604647919535637,0.0,10.775387693846923,0.0010788757354021072,0.011625304322441916,0.0,0.3060171604156494,0.0,500.0,0.00041245989268645644,0.20622994634322822,200.0,0.000460080656921491,0.0920161313842982,0.7183591795897949,0.06561217457056046,0.04713310789561021,0.0,0.0,0.0
1438,0.5500157475471497,1.0,0.00030100124422460794,0.00030100124422460794,20.0,0.0031750276684761047,0.0635005533695221,20.0,7.284517050720751e-05,0.0014569034101441503,10.0,0.012651336379349232,0.12651336379349232,0.0,0.010616162791848183,0.0,10.78289144572286,0.001141791115514934,0.012311809652288345,0.0,0.3062131404876709,0.0,500.0,0.0004137659561820328,0.2068829780910164,200.0,0.0004595860664267093,0.09191721328534186,0.7188594297148574,0.0655648335814476,0.04713189887770895,0.0,0.0,0.0
1439,0.5517950057983398,1.0,0.0003007083432748914,0.0003007083432748914,20.0,0.003182449145242572,0.06364898290485144,20.0,7.462605572072789e-05,0.0014925211144145578,10.0,0.012656931765377522,0.12656931765377522,0.0,0.010631279088556767,0.0,10.7903951975988,0.0011783652007579803,0.012715026203276457,0.0,0.3062761127948761,0.0,500.0,0.0004160217649769038,0.2080108824884519,200.0,0.00045944825978949666,0.09188965195789933,0.71935967983992,0.06556929647922516,0.047167908122624204,0.0,0.0,0.0
1440,0.5539414286613464,1.0,0.0003001503646373749,0.0003001503646373749,20.0,0.003199206665158272,0.06398413330316544,20.0,7.33076740289107e-05,0.001466153480578214,10.0,0.012656431645154953,0.12656431645154953,0.0,0.010575876571238041,0.0,10.797898949474737,0.0012188866967335343,0.013161415382187763,0.0,0.30613139271736145,0.0,500.0,0.0004186209989711642,0.2093104994855821,200.0,0.00045971490908414125,0.09194298181682825,0.7198599299649825,0.0655846893787384,0.04721178990295376,0.0,0.0,0.0
1441,0.5518187880516052,1.0,0.0003002589219249785,0.0003002589219249785,20.0,0.0032021934166550636,0.06404386833310127,20.0,7.083865784807131e-05,0.0014167731569614261,10.0,0.012646777555346489,0.1264677755534649,0.0,0.010551118291914463,0.0,10.805402701350676,0.001118440181016922,0.012085196553259387,0.0,0.30595681071281433,0.0,500.0,0.00041655695531517267,0.20827847765758634,200.0,0.00045981898438185453,0.0919637968763709,0.720360180090045,0.06560967117547989,0.04726259454361733,0.0,0.0,0.0
1442,0.5479367971420288,1.0,0.0003010155342053622,0.0003010155342053622,20.0,0.0031903432682156563,0.06380686536431313,20.0,6.830597703810781e-05,0.0013661195407621562,10.0,0.012630620039999485,0.12630620039999485,0.0,0.010570913553237915,0.0,10.812906453226613,0.000991884502582252,0.010725154338827102,0.0,0.30593475699424744,0.0,500.0,0.0004121691163163632,0.2060845581581816,200.0,0.0004601169493980706,0.09202338987961411,0.7208604302151076,0.06564854830503464,0.04732344077416454,0.0,0.0,0.0
1443,0.5485950112342834,1.0,0.00030149033409543335,0.00030149033409543335,20.0,0.003192076925188303,0.06384153850376606,20.0,6.855848914710805e-05,0.001371169782942161,10.0,0.012623762711882591,0.1262376271188259,0.0,0.01058287639170885,0.0,10.82041020510255,0.001077884342521429,0.011663150739739125,0.0,0.3059813678264618,0.0,500.0,0.000411526532843709,0.2057632664218545,200.0,0.0004602751578204334,0.09205503156408668,0.7213606803401701,0.06565612554550171,0.04736174739200273,0.0,0.0,0.0
1444,0.5486613512039185,1.0,0.00030152819817885756,0.00030152819817885756,20.0,0.00320720998570323,0.0641441997140646,20.0,7.038716285023838e-05,0.0014077432570047677,10.0,0.012627961114048958,0.12627961114048958,0.0,0.010565838776528835,0.0,10.82791395697849,0.0010181211400777102,0.01102412810254229,0.0,0.30596962571144104,0.0,500.0,0.00041226373286917806,0.20613186643458903,200.0,0.0004597306251525879,0.09194612503051758,0.7218609304652326,0.06569989770650864,0.047426189289890924,0.0,0.0,0.0
1445,0.5522672533988953,1.0,0.0003013220557477325,0.0003013220557477325,20.0,0.0032190955244004726,0.06438191048800945,20.0,7.26909565855749e-05,0.001453819131711498,10.0,0.012635459192097187,0.12635459192097187,0.0,0.010550769045948982,0.0,10.835417708854427,0.0011753346771001816,0.012735242174082008,0.0,0.3059205412864685,0.0,500.0,0.0004152764449827373,0.20763822249136865,200.0,0.000459593313280493,0.0919186626560986,0.7223611805902952,0.06573370844125748,0.047483479234205005,0.0,0.0,0.0
1446,0.5500539541244507,1.0,0.0003016619011759758,0.0003016619011759758,20.0,0.0032126042060554028,0.06425208412110806,20.0,7.43331402190961e-05,0.0014866628043819219,10.0,0.012635375373065472,0.12635375373065472,0.0,0.01058481726795435,0.0,10.842921460730365,0.0010319078573957086,0.011188895852452217,0.0,0.3060395419597626,0.0,500.0,0.0004140794917475432,0.2070397458737716,200.0,0.0004594804486259818,0.09189608972519636,0.7228614307153577,0.06575961410999298,0.04753508873883935,0.0,0.0,0.0
1447,0.550402820110321,1.0,0.00030194126884453,0.00030194126884453,20.0,0.0031986781395971775,0.06397356279194355,20.0,7.545862172264606e-05,0.0015091724344529212,10.0,0.012628692202270031,0.1262869220227003,0.0,0.0106422808021307,0.0,10.850425212606304,0.0011747535318136215,0.012746575340188821,0.0,0.3060902953147888,0.0,500.0,0.00041211608913727105,0.20605804456863552,200.0,0.0004597501247189939,0.09195002494379878,0.7233616808404202,0.06577150523662567,0.04757658657937004,0.0,0.0,0.0
1448,0.5495612025260925,1.0,0.00030205375514924526,0.00030205375514924526,20.0,0.0031859013251960278,0.06371802650392056,20.0,7.543095853179693e-05,0.0015086191706359386,10.0,0.012623459100723267,0.12623459100723267,0.0,0.010678153485059738,0.0,10.857928964482241,0.0011670063249766827,0.012671271777698298,0.0,0.3060072064399719,0.0,500.0,0.0004109699511900544,0.2054849755950272,200.0,0.0004601716354954988,0.09203432709909976,0.7238619309654828,0.06576859951019287,0.04760738543834372,0.0,0.0,0.0
1449,0.5485593676567078,1.0,0.0003021059965249151,0.0003021059965249151,20.0,0.003184235654771328,0.06368471309542656,20.0,7.522654777858406e-05,0.0015045309555716813,10.0,0.012619237415492535,0.12619237415492535,0.0,0.01068427786231041,0.0,10.865432716358178,0.0011061136610805988,0.01201840356111586,0.0,0.3058969974517822,0.0,500.0,0.0004103973042219877,0.20519865211099386,200.0,0.00046010714140720665,0.09202142828144133,0.7243621810905453,0.06576427817344666,0.04763715597556316,0.0,0.0,0.0
1450,0.5519595146179199,1.0,0.0003018795687239617,0.0003018795687239617,20.0,0.0031936541199684143,0.06387308239936829,20.0,7.506028487114236e-05,0.0015012056974228472,10.0,0.012618044391274452,0.12618044391274452,0.0,0.010655846446752548,0.0,10.872936468234117,0.0013253566576167941,0.01441051873601852,0.0,0.30567625164985657,0.0,500.0,0.00041205924935638905,0.20602962467819452,200.0,0.0004600244574248791,0.09200489148497581,0.7248624312156078,0.06574741750955582,0.04765783290212425,0.0,0.0,0.0
1451,0.5503780245780945,1.0,0.00030230768606998026,0.00030230768606998026,20.0,0.0031965679954737425,0.06393135990947485,20.0,7.42617849027738e-05,0.001485235698055476,10.0,0.012617279775440693,0.12617279775440693,0.0,0.010633514262735844,0.0,10.880440220110055,0.0011588847264647484,0.012609175988298287,0.0,0.3054952621459961,0.0,500.0,0.0004123048565816134,0.2061524282908067,200.0,0.00046027559437789023,0.09205511887557805,0.7253626813406704,0.06571827828884125,0.04766958655268625,0.0,0.0,0.0
1452,0.5477125644683838,1.0,0.0003033886314369738,0.0003033886314369738,20.0,0.00319475750438869,0.0638951500877738,20.0,7.402127084787935e-05,0.001480425416957587,10.0,0.01262000110000372,0.1262000110000372,0.0,0.010623023845255375,0.0,10.887943971985994,0.0009770229225978255,0.010637770840591133,0.0,0.3054294288158417,0.0,500.0,0.00041098473593592644,0.20549236796796322,200.0,0.0004601833061315119,0.09203666122630239,0.7258629314657329,0.06566909700632095,0.04766676325971571,0.0,0.0,0.0
1453,0.5493411421775818,1.0,0.00030378749943338335,0.00030378749943338335,20.0,0.0031993340235203505,0.06398668047040701,20.0,7.483502849936485e-05,0.001496700569987297,10.0,0.012629142962396145,0.12629142962396145,0.0,0.010596671141684055,0.0,10.895447723861931,0.0010561024537310004,0.011506709075668429,0.0,0.30544206500053406,0.0,500.0,0.00041215011151507497,0.20607505575753748,200.0,0.00046002556337043643,0.09200511267408729,0.7263631815907954,0.06563611328601837,0.04767565607368618,0.0,0.0,0.0
1454,0.5525296926498413,1.0,0.0003037889255210757,0.0003037889255210757,20.0,0.00320455152541399,0.0640910305082798,20.0,7.562827522633597e-05,0.0015125655045267195,10.0,0.012638646177947521,0.1263864617794752,0.0,0.010562904179096222,0.0,10.902951475737868,0.0012215252500027418,0.013318230527168462,0.0,0.3054583668708801,0.0,500.0,0.0004144932026974857,0.20724660134874284,200.0,0.00045995539403520525,0.09199107880704105,0.7268634317158579,0.06559682637453079,0.047679934328260745,0.0,0.0,0.0
1455,0.5506443381309509,1.0,0.00030414742650464177,0.00030414742650464177,20.0,0.0031990446150302887,0.06398089230060577,20.0,7.525295222876593e-05,0.0015050590445753187,10.0,0.012646730989217758,0.12646730989217758,0.0,0.010536755435168743,0.0,10.910455227613808,0.0010367094073444605,0.011310971572877781,0.0,0.3054213523864746,0.0,500.0,0.0004148351144976914,0.2074175572488457,200.0,0.00045994832180440426,0.09198966436088085,0.7273636818409205,0.06553636491298676,0.047668771677580164,0.0,0.0,0.0
1456,0.5519614219665527,1.0,0.00030362402321770787,0.00030362402321770787,20.0,0.003190495539456606,0.06380991078913212,20.0,7.499964704038575e-05,0.001499992940807715,10.0,0.012652857229113579,0.1265285722911358,0.0,0.01053034607321024,0.0,10.917958979489745,0.0011038866359740496,0.012052189009571602,0.0,0.3053028881549835,0.0,500.0,0.0004160371609032154,0.2080185804516077,200.0,0.0004602730623446405,0.0920546124689281,0.727863931965983,0.0655258521437645,0.04769390438678206,0.0,0.0,0.0
1457,0.5510776042938232,1.0,0.00030245515517890453,0.00030245515517890453,20.0,0.0031774863600730896,0.06354972720146179,20.0,7.4547620897647e-05,0.0014909524179529399,10.0,0.012659967876970768,0.12659967876970768,0.0,0.010534298606216908,0.0,10.925462731365682,0.0009436819236725569,0.010310161687347994,0.0,0.3052368462085724,0.0,500.0,0.00041788798989728093,0.20894399494864047,200.0,0.0004608963499777019,0.09217926999554038,0.7283641820910455,0.06549106538295746,0.04770134627192899,0.0,0.0,0.0
1458,0.5496186017990112,1.0,0.00030136818531900644,0.00030136818531900644,20.0,0.0031528263352811337,0.06305652670562267,20.0,7.27190199540928e-05,0.001454380399081856,10.0,0.01265664305537939,0.1265664305537939,0.0,0.010577613487839699,0.0,10.932966483241621,0.0009033622918650508,0.009876429659184935,0.0,0.3052014112472534,0.0,500.0,0.0004164191195741296,0.2082095597870648,200.0,0.0004621964762918651,0.09243929525837302,0.7288644322161081,0.06546426564455032,0.04771457480945964,0.0,0.0,0.0
1459,0.5497525930404663,1.0,0.000300431449431926,0.000300431449431926,20.0,0.0031483513303101063,0.06296702660620213,20.0,7.192408520495519e-05,0.0014384817040991038,10.0,0.012654666788876057,0.12654666788876057,0.0,0.010592925362288952,0.0,10.940470235117559,0.0008940080879256129,0.00978086887590453,0.0,0.3051680028438568,0.0,500.0,0.00041695137042552233,0.20847568521276116,200.0,0.00046250445302575827,0.09250089060515165,0.7293646823411706,0.06545770913362503,0.04774254122902716,0.0,0.0,0.0
1460,0.5549083352088928,1.0,0.00030039792181923985,0.00030039792181923985,20.0,0.0031572734005749226,0.06314546801149845,20.0,7.433907012455165e-05,0.001486781402491033,10.0,0.012652481906116009,0.1265248190611601,0.0,0.01063369307667017,0.0,10.947973986993496,0.0013693111250177026,0.014991182576794607,0.0,0.30534908175468445,0.0,500.0,0.00041657264227978885,0.20828632113989443,200.0,0.00046197097981348634,0.09239419596269727,0.7298649324662331,0.06546305865049362,0.04777919088097558,0.0,0.0,0.0
1461,0.5498999953269958,1.0,0.00030179155874066055,0.00030179155874066055,20.0,0.003166907001286745,0.0633381400257349,20.0,7.5399802881293e-05,0.00150799605762586,10.0,0.012649981305003166,0.12649981305003166,0.0,0.01066017895936966,0.0,10.955477738869435,0.001058771158568561,0.011599343858254871,0.0,0.30563005805015564,0.0,500.0,0.0004132039030082524,0.2066019515041262,200.0,0.0004611728072632104,0.09223456145264208,0.7303651825912957,0.06546913832426071,0.04781637916629347,0.0,0.0,0.0
1462,0.5488174557685852,1.0,0.00030346756102517247,0.00030346756102517247,20.0,0.003181583946570754,0.06363167893141508,20.0,7.58248133934103e-05,0.001516496267868206,10.0,0.012646235525608063,0.12646235525608063,0.0,0.010669882409274578,0.0,10.962981490745372,0.0010473098373040557,0.01148163836143991,0.0,0.3058813214302063,0.0,500.0,0.00041100510861724615,0.20550255430862308,200.0,0.00046033080434426665,0.09206616086885333,0.7308654327163582,0.06547461450099945,0.047853132459209705,0.0,0.0,0.0
1463,0.5502116084098816,1.0,0.00030383665580302477,0.00030383665580302477,20.0,0.0032011941075325012,0.06402388215065002,20.0,7.410673424601555e-05,0.001482134684920311,10.0,0.01264358963817358,0.1264358963817358,0.0,0.010618425905704498,0.0,10.970485242621312,0.0011261017061769962,0.012353882149305417,0.0,0.3057098984718323,0.0,500.0,0.0004115154151804745,0.20575770759023726,200.0,0.00045973321539349854,0.09194664307869971,0.7313656828414207,0.065504290163517,0.04790758990448316,0.0,0.0,0.0
1464,0.5507213473320007,1.0,0.00030433747451752424,0.00030433747451752424,20.0,0.003211179282516241,0.06422358565032482,20.0,7.327957428060472e-05,0.0014655914856120944,10.0,0.012648939155042171,0.12648939155042171,0.0,0.010580905713140965,0.0,10.977988994497249,0.0011155542451888323,0.012246542226447686,0.0,0.3056392967700958,0.0,500.0,0.0004122116952203214,0.2061058476101607,200.0,0.0004596909857355058,0.09193819714710116,0.7318659329664833,0.06551455706357956,0.047947872428222564,0.0,0.0,0.0
1465,0.5531753301620483,1.0,0.0003043268225155771,0.0003043268225155771,20.0,0.0032127401791512966,0.06425480358302593,20.0,7.48479797039181e-05,0.001496959594078362,10.0,0.012663519009947777,0.12663519009947777,0.0,0.010576212778687477,0.0,10.985492746373186,0.0012923565227538347,0.014197173206440325,0.0,0.30569159984588623,0.0,500.0,0.0004128034634049982,0.2064017317024991,200.0,0.00045951252104714513,0.09190250420942903,0.7323661830915458,0.06551723927259445,0.04798261045276552,0.0,0.0,0.0
1466,0.5523568987846375,1.0,0.000304722401779145,0.000304722401779145,20.0,0.0032031226437538862,0.06406245287507772,20.0,7.53990825614892e-05,0.001507981651229784,10.0,0.012677472084760666,0.12677472084760666,0.0,0.010579923167824745,0.0,10.992996498249125,0.0012403586879372597,0.013635258713067176,0.0,0.3057369589805603,0.0,500.0,0.00041237022378481925,0.20618511189240962,200.0,0.0004593853955157101,0.09187707910314202,0.7328664332166083,0.06550926715135574,0.048009542959848,0.0,0.0,0.0
1467,0.5519956350326538,1.0,0.00030408171005547047,0.00030408171005547047,20.0,0.003195135621353984,0.06390271242707968,20.0,7.660221308469772e-05,0.0015320442616939545,10.0,0.012687732465565205,0.12687732465565205,0.0,0.010592669248580933,0.0,11.000500250125063,0.0011360803619027138,0.012497452305272974,0.0,0.305692195892334,0.0,500.0,0.00041389904799871147,0.20694952399935573,200.0,0.00045949919149279594,0.09189983829855919,0.7333666833416709,0.0654960423707962,0.04803261536547636,0.0,0.0,0.0
1468,0.5516486167907715,1.0,0.0003033146494999528,0.0003033146494999528,20.0,0.0031849131919443607,0.06369826383888721,20.0,7.70523984101601e-05,0.0015410479682032019,10.0,0.012689858675003052,0.12689858675003052,0.0,0.0106198126450181,0.0,11.008004002001,0.0010773472022265196,0.011859442313654107,0.0,0.30566373467445374,0.0,500.0,0.00041467125993222,0.20733562996611,200.0,0.0004598333907779306,0.09196667815558612,0.7338669334667334,0.06546911597251892,0.048045619375530396,0.0,0.0,0.0
1469,0.5509796738624573,1.0,0.0003029174404218793,0.0003029174404218793,20.0,0.0031758826225996017,0.06351765245199203,20.0,7.592348993057385e-05,0.001518469798611477,10.0,0.01268542930483818,0.1268542930483818,0.0,0.010635227896273136,0.0,11.015507753876939,0.0010765601182356477,0.011858856329939452,0.0,0.30551978945732117,0.0,500.0,0.00041365501238033175,0.20682750619016588,200.0,0.00046029500663280487,0.09205900132656097,0.7343671835917959,0.06541819125413895,0.04804097286697147,0.0,0.0,0.0
1470,0.5493090748786926,1.0,0.0003030296938959509,0.0003030296938959509,20.0,0.0031717936508357525,0.06343587301671505,20.0,7.325887418119237e-05,0.0014651774836238474,10.0,0.012676067650318146,0.12676067650318146,0.0,0.010628702118992805,0.0,11.023011505752876,0.001008214894682169,0.011113564384352972,0.0,0.30537688732147217,0.0,500.0,0.0004120453668292612,0.2060226834146306,200.0,0.0004607953305821866,0.09215906611643732,0.7348674337168585,0.0653846338391304,0.048049038073878225,0.0,0.0,0.0
1471,0.5487776398658752,1.0,0.00030382222030311823,0.00030382222030311823,20.0,0.003188811242580414,0.06377622485160828,20.0,7.354094123002142e-05,0.0014708188246004283,10.0,0.01267556194216013,0.1267556194216013,0.0,0.01060289517045021,0.0,11.030515257628814,0.0009279778460040689,0.010236073789089403,0.0,0.3054671287536621,0.0,500.0,0.0004121684469282627,0.20608422346413136,200.0,0.0004603499255608767,0.09206998511217535,0.735367683841921,0.06538344919681549,0.04808087559745811,0.0,0.0,0.0
1472,0.5508200526237488,1.0,0.00030510235228575766,0.00030510235228575766,20.0,0.003217022866010666,0.06434045732021332,20.0,7.574923074571416e-05,0.0015149846149142832,10.0,0.012681713327765465,0.12681713327765465,0.0,0.010565795935690403,0.0,11.038019009504753,0.0010161064565181732,0.01121580238272811,0.0,0.305565744638443,0.0,500.0,0.00041309313382953405,0.20654656691476703,200.0,0.0004598905215971172,0.09197810431942344,0.7358679339669835,0.06536757946014404,0.04810190564575882,0.0,0.0,0.0
1473,0.55101078748703,1.0,0.000306355650536716,0.000306355650536716,20.0,0.003228837624192238,0.06457675248384476,20.0,7.691943028476089e-05,0.0015383886056952178,10.0,0.012686123140156269,0.1268612314015627,0.0,0.010553271509706974,0.0,11.04552276138069,0.0010450268164277077,0.011542867487105445,0.0,0.30563750863075256,0.0,500.0,0.0004121515667065978,0.2060757833532989,200.0,0.00045989907812327147,0.09197981562465429,0.7363681840920461,0.06536082178354263,0.048129629647511135,0.0,0.0,0.0
1474,0.5504775643348694,1.0,0.00030683589284308255,0.00030683589284308255,20.0,0.0032302418258041143,0.06460483651608229,20.0,7.713650120422244e-05,0.0015427300240844488,10.0,0.012692566029727459,0.1269256602972746,0.0,0.010540991090238094,0.0,11.053026513256627,0.000989808700978756,0.01094038181497029,0.0,0.3056176006793976,0.0,500.0,0.0004120197263546288,0.2060098631773144,200.0,0.0004599440726451576,0.09198881452903152,0.7368684342171086,0.06535559892654419,0.04815847784832396,0.0,0.0,0.0
1475,0.5507907867431641,1.0,0.00030679459450766444,0.00030679459450766444,20.0,0.003230003174394369,0.06460006348788738,20.0,7.738224667264149e-05,0.0015476449334528297,10.0,0.012701209634542465,0.12701209634542465,0.0,0.010524961166083813,0.0,11.060530265132567,0.0009643741650506854,0.010666489639455054,0.0,0.30546268820762634,0.0,500.0,0.00041298114228993654,0.20649057114496827,200.0,0.0004599361272994429,0.09198722545988858,0.7373686843421711,0.06534026563167572,0.048179865703396704,0.0,0.0,0.0
1476,0.5518060326576233,1.0,0.0003062851610593498,0.0003062851610593498,20.0,0.0032265670597553253,0.0645313411951065,20.0,7.699609705014154e-05,0.0015399219410028309,10.0,0.012703588232398033,0.12703588232398033,0.0,0.010518273338675499,0.0,11.068034017008504,0.0010065019596368074,0.011139997927445905,0.0,0.30542686581611633,0.0,500.0,0.0004140636301599443,0.20703181507997215,200.0,0.00046007349737919867,0.09201469947583973,0.7378689344672336,0.06533146649599075,0.04820605957057847,0.0,0.0,0.0
1477,0.5493316650390625,1.0,0.00030599869205616415,0.00030599869205616415,20.0,0.003210619557648897,0.06421239115297794,20.0,7.532638846896589e-05,0.0015065277693793178,10.0,0.01270083524286747,0.1270083524286747,0.0,0.01053720060735941,0.0,11.075537768884443,0.000858873943798244,0.009512490803248185,0.0,0.3052809536457062,0.0,500.0,0.0004128432192374021,0.20642160961870104,200.0,0.00046065100468695164,0.09213020093739033,0.7383691845922962,0.06532518565654755,0.04823410406656537,0.0,0.0,0.0
1478,0.5493085384368896,1.0,0.0003049256047233939,0.0003049256047233939,20.0,0.0031953370198607445,0.06390674039721489,20.0,7.443775393767282e-05,0.0014887550787534565,10.0,0.012699552811682224,0.12699552811682224,0.0,0.010564173571765423,0.0,11.08304152076038,0.0008510841289535165,0.009432600738852005,0.0,0.30491524934768677,0.0,500.0,0.00041327934013679624,0.20663967006839812,200.0,0.000461408169940114,0.0922816339880228,0.7388694347173587,0.06531421095132828,0.04825867412461824,0.0,0.0,0.0
1479,0.5517423748970032,1.0,0.00030360574601218104,0.00030360574601218104,20.0,0.0031779396813362837,0.06355879362672567,20.0,7.474939775420353e-05,0.0014949879550840706,10.0,0.01270289346575737,0.1270289346575737,0.0,0.010613569989800453,0.0,11.090545272636318,0.0010657277889549732,0.011819502291711734,0.0,0.3050026297569275,0.0,500.0,0.0004136510251555592,0.2068255125777796,200.0,0.000462154159322381,0.0924308318644762,0.7393696848424212,0.0652991384267807,0.04828020339909048,0.0,0.0,0.0
1480,0.5540674328804016,1.0,0.00030295841861516237,0.00030295841861516237,20.0,0.0031651731114834547,0.0633034622296691,20.0,7.57675152271986e-05,0.001515350304543972,10.0,0.01270983088761568,0.1270983088761568,0.0,0.010664964094758034,0.0,11.098049024512257,0.001305712154135108,0.014490857498492932,0.0,0.3050694465637207,0.0,500.0,0.0004130738670937717,0.20653693354688585,200.0,0.00046259176451712847,0.0925183529034257,0.7398699349674838,0.0652834102511406,0.04830123249696695,0.0,0.0,0.0
1481,0.5496785044670105,1.0,0.0003034910769201815,0.0003034910769201815,20.0,0.00315661053173244,0.0631322106346488,20.0,7.535619079135358e-05,0.0015071238158270717,10.0,0.012718004174530506,0.12718004174530506,0.0,0.010689843446016312,0.0,11.105552776388194,0.00100068433675915,0.011113152714383756,0.0,0.30512702465057373,0.0,500.0,0.00041117033106274903,0.20558516553137451,200.0,0.00046264060074463487,0.09252812014892697,0.7403701850925463,0.06527706235647202,0.04832919073915887,0.0,0.0,0.0
1482,0.5494019985198975,1.0,0.0003037292044609785,0.0003037292044609785,20.0,0.00316123990342021,0.0632247980684042,20.0,7.589733286295086e-05,0.0015179466572590172,10.0,0.012725581414997578,0.12725581414997578,0.0,0.010700507089495659,0.0,11.113056528264131,0.0009776639053598046,0.010864834245906983,0.0,0.30525293946266174,0.0,500.0,0.0004109768196940422,0.2054884098470211,200.0,0.0004620148683898151,0.09240297367796302,0.7408704352176088,0.06525228172540665,0.04834348636084404,0.0,0.0,0.0
1483,0.5540262460708618,1.0,0.0003037368005607277,0.0003037368005607277,20.0,0.003177573438733816,0.06355146877467632,20.0,7.706940959906206e-05,0.001541388191981241,10.0,0.01273166760802269,0.1273166760802269,0.0,0.01069588866084814,0.0,11.12056028014007,0.0013053666334599257,0.014516408335074612,0.0,0.3053857982158661,0.0,500.0,0.0004123672842979431,0.20618364214897156,200.0,0.0004612451884895563,0.09224903769791126,0.7413706853426714,0.06523576378822327,0.04836388290852771,0.0,0.0,0.0
1484,0.5491248965263367,1.0,0.0003047422505915165,0.0003047422505915165,20.0,0.003187353489920497,0.06374706979840994,20.0,7.675593224121258e-05,0.0015351186448242515,10.0,0.012733528390526772,0.12733528390526772,0.0,0.010696684941649437,0.0,11.128064032016008,0.0009242835221812129,0.010285486218569825,0.0,0.30557170510292053,0.0,500.0,0.0004109004803467542,0.2054502401733771,200.0,0.0004604122950695455,0.0920824590139091,0.7418709354677339,0.06521962583065033,0.04838454482584014,0.0,0.0,0.0
1485,0.5506049394607544,1.0,0.00030482711736112833,0.00030482711736112833,20.0,0.0032033638563007116,0.06406727712601423,20.0,7.464879308827221e-05,0.0014929758617654443,10.0,0.012735094875097275,0.12735094875097275,0.0,0.01064077764749527,0.0,11.135567783891945,0.0009669662686064839,0.010767718428804567,0.0,0.3055112361907959,0.0,500.0,0.0004123789840377867,0.20618949201889336,200.0,0.00046005650074221194,0.09201130014844239,0.7423711855927964,0.06522402167320251,0.0484204342986656,0.0,0.0,0.0
1486,0.5512220859527588,1.0,0.00030459469417110085,0.00030459469417110085,20.0,0.003200279315933585,0.0640055863186717,20.0,7.379343878710642e-05,0.0014758687757421285,10.0,0.01274064276367426,0.1274064276367426,0.0,0.010639376007020473,0.0,11.143071535767884,0.001050784601829946,0.011708967986874461,0.0,0.30554431676864624,0.0,500.0,0.0004118233046028763,0.20591165230143815,200.0,0.0004599142703227699,0.09198285406455398,0.742871435717859,0.06518775224685669,0.048426119102842516,0.0,0.0,0.0
1487,0.5499743223190308,1.0,0.00030372588662430644,0.00030372588662430644,20.0,0.003184798639267683,0.06369597278535366,20.0,7.515921606682241e-05,0.0015031843213364482,10.0,0.012752117589116096,0.12752117589116096,0.0,0.01069050282239914,0.0,11.150575287643822,0.0010126983979716897,0.011292169730259611,0.0,0.30562809109687805,0.0,500.0,0.0004104787658434361,0.20523938292171806,200.0,0.0004598184605129063,0.09196369210258126,0.7433716858429215,0.06518276780843735,0.04845502399366578,0.0,0.0,0.0
1488,0.5539262890815735,1.0,0.00030270498245954514,0.00030270498245954514,20.0,0.0031806975603103638,0.06361395120620728,20.0,7.731209188932553e-05,0.0015462418377865106,10.0,0.012761568650603294,0.12761568650603294,0.0,0.0107258390635252,0.0,11.15807903951976,0.0012711387826129794,0.014183467006594551,0.0,0.30576327443122864,0.0,500.0,0.0004124281113035977,0.20621405565179884,200.0,0.00045984151074662805,0.09196830214932561,0.743871935967984,0.06517504155635834,0.04848188433932208,0.0,0.0,0.0
1489,0.5519710183143616,1.0,0.0003026081249117851,0.0003026081249117851,20.0,0.003174448385834694,0.06348896771669388,20.0,7.795055716997012e-05,0.0015590111433994025,10.0,0.012766489759087563,0.12766489759087563,0.0,0.010759323835372925,0.0,11.165582791395698,0.0011166251497343183,0.012467770556313148,0.0,0.3058260679244995,0.0,500.0,0.0004119951627217233,0.20599758136086166,200.0,0.00045993385720066726,0.09198677144013345,0.7443721860930466,0.06516013294458389,0.048503390606073456,0.0,0.0,0.0
1490,0.5518006086349487,1.0,0.0003024403122253716,0.0003024403122253716,20.0,0.003171610413119197,0.06343220826238394,20.0,7.51133484300226e-05,0.001502266968600452,10.0,0.012765198945999146,0.12765198945999146,0.0,0.01074240729212761,0.0,11.173086543271635,0.0011877163778990507,0.013270457879127211,0.0,0.3057326376438141,0.0,500.0,0.0004102219536434859,0.20511097682174295,200.0,0.00046007230412214994,0.09201446082442999,0.7448724362181091,0.06513305753469467,0.048515819244202285,0.0,0.0,0.0
1491,0.5502161979675293,1.0,0.000302456202916801,0.000302456202916801,20.0,0.003180873114615679,0.06361746229231358,20.0,7.180307147791609e-05,0.0014360614295583218,10.0,0.012765122577548027,0.12765122577548027,0.0,0.010683204047381878,0.0,11.180590295147574,0.0009840130805969238,0.011001847099220235,0.0,0.30554264783859253,0.0,500.0,0.0004112697206437588,0.2056348603218794,200.0,0.0004601908440236002,0.09203816880472004,0.7453726863431716,0.06511383503675461,0.048534074139451905,0.0,0.0,0.0
1492,0.5553925037384033,1.0,0.0003030713996849954,0.0003030713996849954,20.0,0.0032102789264172316,0.06420557852834463,20.0,7.10046588210389e-05,0.001420093176420778,10.0,0.012772295624017715,0.12772295624017715,0.0,0.010596727952361107,0.0,11.188094047023512,0.0011943753343075514,0.013362783567678033,0.0,0.3055078089237213,0.0,500.0,0.00041558919474482536,0.20779459737241268,200.0,0.00046019404544495046,0.09203880908899009,0.7458729364682342,0.0650843009352684,0.04854461865657088,0.0,0.0,0.0
1493,0.5519418120384216,1.0,0.00030508829513564706,0.00030508829513564706,20.0,0.003232797607779503,0.06465595215559006,20.0,7.103737880242988e-05,0.0014207475760485977,10.0,0.012783979997038841,0.1278397999703884,0.0,0.010534806177020073,0.0,11.195597798899449,0.0008350985590368509,0.00934942758941707,0.0,0.3054708242416382,0.0,500.0,0.0004155849455855787,0.20779247279278934,200.0,0.0004601944820024073,0.09203889640048146,0.7463731865932967,0.06503377109766006,0.04853946297033958,0.0,0.0,0.0
1494,0.5512351989746094,1.0,0.00030666321981698275,0.00030666321981698275,20.0,0.003243830054998398,0.06487660109996796,20.0,7.390434620901942e-05,0.0014780869241803885,10.0,0.012799091637134552,0.12799091637134552,0.0,0.010536224581301212,0.0,11.203101550775388,0.000844654394313693,0.009462748954804982,0.0,0.3057304918766022,0.0,500.0,0.0004132314643356949,0.20661573216784745,200.0,0.0004598638624884188,0.09197277249768376,0.7468734367183592,0.06497980654239655,0.048531691429613825,0.0,0.0,0.0
1495,0.5544687509536743,1.0,0.00030676726601086557,0.00030676726601086557,20.0,0.003245358122512698,0.06490716245025396,20.0,7.728099444648251e-05,0.0015456198889296502,10.0,0.012812270782887936,0.12812270782887936,0.0,0.010562348179519176,0.0,11.210605302651325,0.0011107714381068945,0.01245242017407479,0.0,0.305834025144577,0.0,500.0,0.0004133017791900784,0.2066508895950392,200.0,0.00045986316399648786,0.09197263279929757,0.7473736868434218,0.06490805745124817,0.04851057420318398,0.0,0.0,0.0
1496,0.5546720623970032,1.0,0.0003057430440094322,0.0003057430440094322,20.0,0.0032343431375920773,0.06468686275184155,20.0,8.008001168491319e-05,0.0016016002336982638,10.0,0.012808226980268955,0.12808226980268955,0.0,0.010640628635883331,0.0,11.218109054527263,0.0011118152178823948,0.012472464362687695,0.0,0.30596062541007996,0.0,500.0,0.00041398999746888876,0.20699499873444438,200.0,0.0004601595865096897,0.09203191730193794,0.7478739369684843,0.06484543532133102,0.04849621100819904,0.0,0.0,0.0
1497,0.5528669357299805,1.0,0.0003052566898986697,0.0003052566898986697,20.0,0.00320984423160553,0.0641968846321106,20.0,8.065116708166897e-05,0.0016130233416333795,10.0,0.012797624804079533,0.12797624804079533,0.0,0.01073430199176073,0.0,11.225612806403202,0.0011173355160281062,0.01254277587777424,0.0,0.3059488832950592,0.0,500.0,0.00041110184974968433,0.20555092487484217,200.0,0.00046083249617367983,0.09216649923473597,0.7483741870935467,0.06482759863138199,0.04851530142698722,0.0,0.0,0.0
1498,0.5538730025291443,1.0,0.00030381520627997816,0.00030381520627997816,20.0,0.00316814798861742,0.0633629597723484,20.0,7.90595804573968e-05,0.001581191609147936,10.0,0.012781664729118347,0.12781664729118347,0.0,0.010844433680176735,0.0,11.23311655827914,0.0013791036326438189,0.015491631851434193,0.0,0.3058899939060211,0.0,500.0,0.0004086607659701258,0.2043303829850629,200.0,0.0004621401894837618,0.09242803789675236,0.7488744372186094,0.06484178453683853,0.04855835490327528,0.0,0.0,0.0
1499,0.5497454404830933,1.0,0.00030155418789945543,0.00030155418789945543,20.0,0.0031332368962466717,0.06266473792493343,20.0,7.430407276842743e-05,0.0014860814553685486,10.0,0.012767240405082703,0.12767240405082703,0.0,0.010871466249227524,0.0,11.240620310155078,0.0010811366373673081,0.01215264644404373,0.0,0.30544325709342957,0.0,500.0,0.0004079954233020544,0.2039977116510272,200.0,0.00046426907647401094,0.09285381529480219,0.7493746873436719,0.06487611681222916,0.04861651975223576,0.0,0.0,0.0
1500,0.5539562702178955,1.0,0.0002995535614900291,0.0002995535614900291,20.0,0.003123651724308729,0.06247303448617458,20.0,7.160473614931107e-05,0.0014320947229862213,10.0,0.01276258286088705,0.1276258286088705,0.0,0.010849779471755028,0.0,11.248124062031016,0.0012759834062308073,0.01435241965437704,0.0,0.3051409125328064,0.0,500.0,0.00041192310163751245,0.20596155081875622,200.0,0.0004656756645999849,0.09313513291999698,0.7498749374687343,0.0649130791425705,0.04867669116293805,0.0,0.0,0.0
1501,0.552382230758667,1.0,0.00029916982748545706,0.00029916982748545706,20.0,0.0031166248954832554,0.06233249790966511,20.0,7.129652658477426e-05,0.0014259305316954851,10.0,0.012770473025739193,0.12770473025739193,0.0,0.010843239724636078,0.0,11.255627813906953,0.0010625661816447973,0.011959849468238089,0.0,0.3050622344017029,0.0,500.0,0.0004134316404815763,0.20671582024078816,200.0,0.00046606414252892137,0.09321282850578427,0.7503751875937968,0.06494265049695969,0.04873135354949451,0.0,0.0,0.0
1502,0.5515325665473938,1.0,0.0003002659068442881,0.0003002659068442881,20.0,0.0031109775882214308,0.062219551764428616,20.0,7.331499364227057e-05,0.0014662998728454113,10.0,0.012784251011908054,0.12784251011908054,0.0,0.0108711589127779,0.0,11.263131565782892,0.0010836910223588347,0.012205754561485326,0.0,0.30538150668144226,0.0,500.0,0.0004115339834243059,0.20576699171215296,200.0,0.0004647222813218832,0.09294445626437664,0.7508754377188595,0.06497319787740707,0.04878677839619211,0.0,0.0,0.0
1503,0.5542429685592651,1.0,0.0003022439777851105,0.0003022439777851105,20.0,0.0031306296586990356,0.06261259317398071,20.0,7.49542741687037e-05,0.001499085483374074,10.0,0.012797261588275433,0.12797261588275433,0.0,0.01083406712859869,0.0,11.27063531765883,0.001282682758755982,0.01445664960218723,0.0,0.3055258095264435,0.0,500.0,0.0004122007521800697,0.20610037609003484,200.0,0.0004623056738637388,0.09246113477274776,0.751375687843922,0.06499853730201721,0.048838320674152,0.0,0.0,0.0
1504,0.5536467432975769,1.0,0.0003033556276932359,0.0003033556276932359,20.0,0.003159699961543083,0.06319399923086166,20.0,7.425859075738117e-05,0.0014851718151476234,10.0,0.012806829996407032,0.12806829996407032,0.0,0.010736298747360706,0.0,11.278139069534767,0.0011349363485351205,0.012799969973849069,0.0,0.3055340349674225,0.0,500.0,0.00041351455729454756,0.20675727864727378,200.0,0.00046095548896119,0.092191097792238,0.7518759379689844,0.06496760994195938,0.04884758266271383,0.0,0.0,0.0
1505,0.5548121929168701,1.0,0.00030308691202662885,0.00030308691202662885,20.0,0.003187035908922553,0.06374071817845106,20.0,7.274787640199065e-05,0.001454957528039813,10.0,0.012809958308935165,0.12809958308935165,0.0,0.010640517808496952,0.0,11.285642821410706,0.0009955125860869884,0.011234999470796628,0.0,0.30550768971443176,0.0,500.0,0.0004177478840574622,0.2088739420287311,200.0,0.0004613155033439398,0.09226310066878796,0.752376188094047,0.06491672992706299,0.048841801806054394,0.0,0.0,0.0
1506,0.5552065968513489,1.0,0.00030302483355626464,0.00030302483355626464,20.0,0.003196658566594124,0.06393317133188248,20.0,7.030235428828746e-05,0.0014060470857657492,10.0,0.012812751345336437,0.12812751345336437,0.0,0.010582607239484787,0.0,11.293146573286643,0.0009453744860365987,0.010676252637456836,0.0,0.30544137954711914,0.0,500.0,0.00041941594099625945,0.20970797049812973,200.0,0.0004611819167621434,0.09223638335242867,0.7528764382191095,0.06483956426382065,0.04881618019862435,0.0,0.0,0.0
1507,0.5523506999015808,1.0,0.0003033644752576947,0.0003033644752576947,20.0,0.003187950700521469,0.06375901401042938,20.0,6.883493915665895e-05,0.001376698783133179,10.0,0.012811381369829178,0.12811381369829178,0.0,0.010598490945994854,0.0,11.30065032516258,0.0009089867817237973,0.010272141770455517,0.0,0.30559107661247253,0.0,500.0,0.00041529288864694536,0.20764644432347268,200.0,0.00046054250560700893,0.09210850112140179,0.753376688344172,0.06473616510629654,0.04877071768388323,0.0,0.0,0.0
1508,0.5513700246810913,1.0,0.0003033020766451955,0.0003033020766451955,20.0,0.003167005954310298,0.06334011908620596,20.0,6.912096432643011e-05,0.0013824192865286022,10.0,0.012817071750760078,0.12817071750760078,0.0,0.010655829682946205,0.0,11.30815407703852,0.000996584421955049,0.011269530194244063,0.0,0.30580002069473267,0.0,500.0,0.00041194207733497024,0.20597103866748512,200.0,0.0004609274910762906,0.09218549821525812,0.7538769384692346,0.06466231495141983,0.0487474280299098,0.0,0.0,0.0
1509,0.5533050298690796,1.0,0.0003026703489013016,0.0003026703489013016,20.0,0.003160313470289111,0.06320626940578222,20.0,7.083827222231776e-05,0.001416765444446355,10.0,0.012829742394387722,0.12829742394387722,0.0,0.010682852938771248,0.0,11.315657828914457,0.0011714075226336718,0.013255246704338997,0.0,0.3059409260749817,0.0,500.0,0.00041165604488924146,0.20582802244462073,200.0,0.0004613064811564982,0.09226129623129964,0.7543771885942971,0.06460604071617126,0.04873732336167397,0.0,0.0,0.0
1510,0.5546178817749023,1.0,0.00030178186716511846,0.00030178186716511846,20.0,0.0031696148216724396,0.06339229643344879,20.0,7.407789235003293e-05,0.0014815578470006585,10.0,0.012848041020333767,0.12848041020333767,0.0,0.010679615661501884,0.0,11.323161580790396,0.0011051562614738941,0.012513862920691144,0.0,0.3060324490070343,0.0,500.0,0.0004149912274442613,0.20749561372213066,200.0,0.0004611054318957031,0.09222108637914062,0.7548774387193596,0.06455522030591965,0.04873127936049662,0.0,0.0,0.0
1511,0.5606057643890381,1.0,0.0003016666742041707,0.0003016666742041707,20.0,0.0031915537547320127,0.06383107509464025,20.0,7.69395410316065e-05,0.00153879082063213,10.0,0.012858430854976177,0.12858430854976177,0.0,0.010656884871423244,0.0,11.330665332666333,0.0013359584845602512,0.015137298486888289,0.0,0.30610543489456177,0.0,500.0,0.0004205611767247319,0.21028058836236596,200.0,0.0004608886083588004,0.09217772167176008,0.7553776888444222,0.06454295665025711,0.04875430942565695,0.0,0.0,0.0
1512,0.5614206194877625,1.0,0.0003020475269295275,0.0003020475269295275,20.0,0.003198796883225441,0.06397593766450882,20.0,7.74694635765627e-05,0.001549389271531254,10.0,0.012861267663538456,0.12861267663538456,0.0,0.010655054822564125,0.0,11.33816908454227,0.0013800085289403796,0.01564677003923647,0.0,0.3060843050479889,0.0,500.0,0.0004208804457448423,0.21044022287242115,200.0,0.00046057539293542504,0.09211507858708501,0.7558779389694847,0.06453220546245575,0.04877847046211638,0.0,0.0,0.0
1513,0.5545582175254822,1.0,0.00030284340027719736,0.00030284340027719736,20.0,0.0031906645745038986,0.06381329149007797,20.0,7.628868479514495e-05,0.001525773695902899,10.0,0.012857730500400066,0.12857730500400066,0.0,0.010678512044250965,0.0,11.34567283641821,0.001025066478177905,0.011630068896985937,0.0,0.30601635575294495,0.0,500.0,0.00041578811942599714,0.20789405971299857,200.0,0.0004600661341100931,0.09201322682201862,0.7563781890945472,0.06452017277479172,0.04880165144346427,0.0,0.0,0.0
1514,0.5533723831176758,1.0,0.00030340292141772807,0.00030340292141772807,20.0,0.003175555495545268,0.06351110991090536,20.0,7.346768688876182e-05,0.0014693537377752364,10.0,0.012841762974858284,0.12841762974858284,0.0,0.010718774981796741,0.0,11.353176588294147,0.0011780858039855957,0.013375016168810953,0.0,0.30604133009910583,0.0,500.0,0.00041074439650401473,0.20537219825200737,200.0,0.00046046735951676965,0.09209347190335393,0.7568784392196098,0.06451522558927536,0.04883018324991177,0.0,0.0,0.0
1515,0.552098274230957,1.0,0.00030385516583919525,0.00030385516583919525,20.0,0.0031839380972087383,0.06367876194417477,20.0,7.221901614684612e-05,0.0014443803229369223,10.0,0.012831628322601318,0.12831628322601318,0.0,0.010704359970986843,0.0,11.360680340170084,0.0011347217950969934,0.01289121158912092,0.0,0.3059157729148865,0.0,500.0,0.0004089802096132189,0.20449010480660945,200.0,0.0004605790600180626,0.09211581200361252,0.7573786893446723,0.06450919806957245,0.04885789188460865,0.0,0.0,0.0
1516,0.5543212890625,1.0,0.000303923268802464,0.000303923268802464,20.0,0.0032064225524663925,0.06412845104932785,20.0,7.277068652911112e-05,0.0014554137305822223,10.0,0.012831714935600758,0.12831714935600758,0.0,0.01065360102802515,0.0,11.368184092046024,0.0012112337863072753,0.01376952866124704,0.0,0.30577483773231506,0.0,500.0,0.0004106847627554089,0.20534238137770444,200.0,0.0004605621797963977,0.09211243595927954,0.7578789394697348,0.06451161950826645,0.048891997776400034,0.0,0.0,0.0
1517,0.5538966059684753,1.0,0.0003043555188924074,0.0003043555188924074,20.0,0.0032180107664316893,0.06436021532863379,20.0,7.178900705184788e-05,0.0014357801410369575,10.0,0.0128345200791955,0.128345200791955,0.0,0.010593902319669724,0.0,11.37568784392196,0.0010323221795260906,0.011743374868645974,0.0,0.305618554353714,0.0,500.0,0.0004131319001317024,0.2065659500658512,200.0,0.0004610135802067816,0.09220271604135633,0.7583791895947974,0.06453114002943039,0.048939073679147814,0.0,0.0,0.0
1518,0.5536138415336609,1.0,0.00030524443718604743,0.00030524443718604743,20.0,0.003211581613868475,0.0642316322773695,20.0,7.099560752976686e-05,0.0014199121505953372,10.0,0.012839351780712605,0.12839351780712605,0.0,0.010580775327980518,0.0,11.383191595797898,0.00102433527354151,0.011660204677057058,0.0,0.3055473566055298,0.0,500.0,0.00041280692676082253,0.20640346338041127,200.0,0.0004611024050973356,0.09222048101946712,0.7588794397198599,0.06454174965620041,0.04897940681763683,0.0,0.0,0.0
1519,0.5538243651390076,1.0,0.0003048705402761698,0.0003048705402761698,20.0,0.003198177320882678,0.06396354641765356,20.0,7.208638271549717e-05,0.0014417276543099433,10.0,0.012845095247030258,0.12845095247030258,0.0,0.010612097568809986,0.0,11.390695347673837,0.0010382161708548665,0.011826004107236273,0.0,0.3055596947669983,0.0,500.0,0.00041319633601233363,0.20659816800616682,200.0,0.0004609888419508934,0.09219776839017868,0.7593796898449224,0.0645807534456253,0.04904131252149035,0.0,0.0,0.0
1520,0.5556623935699463,1.0,0.0003033986722584814,0.0003033986722584814,20.0,0.0031865821219980717,0.06373164243996143,20.0,7.374178676400334e-05,0.0014748357352800667,10.0,0.012850017286837101,0.128500172868371,0.0,0.01064383052289486,0.0,11.398199099549775,0.001048215781338513,0.011947772174986502,0.0,0.30544212460517883,0.0,500.0,0.0004166251455899328,0.2083125727949664,200.0,0.00046153977746143937,0.09230795549228787,0.759879939969985,0.06459452211856842,0.049084081589847645,0.0,0.0,0.0
1521,0.5564649701118469,1.0,0.00030261100619100034,0.00030261100619100034,20.0,0.003161442233249545,0.0632288446649909,20.0,7.495666795875877e-05,0.0014991333591751754,10.0,0.012847782112658024,0.12847782112658024,0.0,0.010729067958891392,0.0,11.405702851425714,0.001216731034219265,0.013877672626412828,0.0,0.30548569560050964,0.0,500.0,0.00041512606549076736,0.20756303274538368,200.0,0.00046198241761885583,0.09239648352377117,0.7603801900950475,0.06459840387105942,0.049119346615312816,0.0,0.0,0.0
1522,0.5536125898361206,1.0,0.00030329241417348385,0.00030329241417348385,20.0,0.0031446225475519896,0.06289245095103979,20.0,7.48501333873719e-05,0.001497002667747438,10.0,0.012840738520026207,0.12840738520026207,0.0,0.010788722895085812,0.0,11.413206603301651,0.0011717956513166428,0.013373945865327266,0.0,0.30548834800720215,0.0,500.0,0.00041122609400190413,0.20561304700095206,200.0,0.00046179688069969416,0.09235937613993883,0.76088044022011,0.0646173357963562,0.04916606690658218,0.0,0.0,0.0
1523,0.5542125105857849,1.0,0.00030377338407561183,0.00030377338407561183,20.0,0.0031424767803400755,0.06284953560680151,20.0,7.43952696211636e-05,0.0014879053924232721,10.0,0.012831452302634716,0.12831452302634716,0.0,0.01080416887998581,0.0,11.420710355177588,0.001312649343162775,0.014991387946176165,0.0,0.3054295480251312,0.0,500.0,0.0004094229079782963,0.20471145398914814,200.0,0.0004617604427039623,0.09235208854079247,0.7613806903451726,0.06462188810110092,0.049201857773824714,0.0,0.0,0.0
1524,0.5524352788925171,1.0,0.0003039386938326061,0.0003039386938326061,20.0,0.003155656158924103,0.06311312317848206,20.0,7.467270188499242e-05,0.0014934540376998484,10.0,0.01282194722443819,0.1282194722443819,0.0,0.010786766186356544,0.0,11.428214107053527,0.0011826264671981335,0.013515308475808585,0.0,0.30543291568756104,0.0,500.0,0.0004086653352715075,0.20433266763575375,200.0,0.00046110778930597007,0.09222155786119401,0.7618809404702351,0.06462394446134567,0.04923575158310629,0.0,0.0,0.0
1525,0.5547109246253967,1.0,0.000304090091958642,0.000304090091958642,20.0,0.0031822759192436934,0.06364551838487387,20.0,7.55747314542532e-05,0.001511494629085064,10.0,0.012814473360776901,0.128144733607769,0.0,0.010736687108874321,0.0,11.435717858929465,0.0012569156242534518,0.014373732451442675,0.0,0.30543971061706543,0.0,500.0,0.00041083013638854027,0.20541506819427013,200.0,0.0004602376720868051,0.09204753441736102,0.7623811905952976,0.06462488323450089,0.049268795422400875,0.0,0.0,0.0
1526,0.5543262362480164,1.0,0.00030483742011711,0.00030483742011711,20.0,0.003200951498001814,0.06401902996003628,20.0,7.571716560050845e-05,0.001514343312010169,10.0,0.012808769941329956,0.12808769941329956,0.0,0.01069464161992073,0.0,11.443221610805402,0.001167794456705451,0.01336333076395057,0.0,0.3055891990661621,0.0,500.0,0.0004116381169296801,0.20581905846484005,200.0,0.00045967879123054445,0.09193575824610889,0.7628814407203601,0.06460006535053253,0.04928219092524368,0.0,0.0,0.0
1527,0.5542296767234802,1.0,0.00030544097535312176,0.00030544097535312176,20.0,0.003205313812941313,0.06410627625882626,20.0,7.629349420312792e-05,0.0015258698840625584,10.0,0.012806706130504608,0.12806706130504608,0.0,0.010689256712794304,0.0,11.450725362681341,0.0011965507874265313,0.013701374449321312,0.0,0.30557525157928467,0.0,500.0,0.0004105465777684003,0.20527328888420016,200.0,0.0004597230872604996,0.09194461745209992,0.7633816908454227,0.06458855420351028,0.04930571971713692,0.0,0.0,0.0
1528,0.5553017854690552,1.0,0.00030562153551727533,0.00030562153551727533,20.0,0.0031972434371709824,0.06394486874341965,20.0,7.809155795257539e-05,0.0015618311590515077,10.0,0.012812403030693531,0.1281240303069353,0.0,0.010721610859036446,0.0,11.458229114557279,0.0013253523502498865,0.015186190886680166,0.0,0.30570319294929504,0.0,500.0,0.00040956115117296576,0.20478057558648288,200.0,0.00046038927393965423,0.09207785478793085,0.7638819409704852,0.0645659938454628,0.04932079669936053,0.0,0.0,0.0
1529,0.5513426065444946,1.0,0.00030613000853918493,0.00030613000853918493,20.0,0.0031829241197556257,0.06365848239511251,20.0,7.793490658514202e-05,0.0015586981317028403,10.0,0.012818897143006325,0.12818897143006325,0.0,0.010742639191448689,0.0,11.465732866433216,0.001025961129926145,0.01176339624707716,0.0,0.3057892322540283,0.0,500.0,0.00040865683695301414,0.20432841847650707,200.0,0.0004609613388311118,0.09219226776622236,0.7643821910955477,0.0645570158958435,0.049346233261054966,0.0,0.0,0.0
1530,0.5540009140968323,1.0,0.00030626123771071434,0.00030626123771071434,20.0,0.0031812700908631086,0.06362540181726217,20.0,7.692860526731238e-05,0.0015385721053462476,10.0,0.01283003855496645,0.1283003855496645,0.0,0.010705357417464256,0.0,11.473236618309155,0.001212138682603836,0.01390715391971935,0.0,0.30572596192359924,0.0,500.0,0.00040963932406157255,0.20481966203078628,200.0,0.0004606500151567161,0.09213000303134322,0.7648824412206103,0.06455038487911224,0.04937345596806535,0.0,0.0,0.0
1531,0.5528028607368469,1.0,0.00030557747231796384,0.00030557747231796384,20.0,0.0031908955425024033,0.06381791085004807,20.0,7.56199297029525e-05,0.00151239859405905,10.0,0.012844104319810867,0.12844104319810867,0.0,0.010621827095746994,0.0,11.480740370185092,0.0009452920639887452,0.010852652760651177,0.0,0.3055466413497925,0.0,500.0,0.0004129695880692452,0.2064847940346226,200.0,0.0004599868261720985,0.0919973652344197,0.7653826913456728,0.06453120708465576,0.049391068954238775,0.0,0.0,0.0
1532,0.5597077012062073,1.0,0.0003049012157134712,0.0003049012157134712,20.0,0.00319780595600605,0.063956119120121,20.0,7.462613575626165e-05,0.001492522715125233,10.0,0.012849655002355576,0.12849655002355576,0.0,0.010573670268058777,0.0,11.48824412206103,0.001350116217508912,0.01551046469989603,0.0,0.3052734136581421,0.0,500.0,0.000417005066992715,0.2085025334963575,200.0,0.0004601831315085292,0.09203662630170584,0.7658829414707353,0.06451109796762466,0.049407949468951155,0.0,0.0,0.0
1533,0.5557621717453003,1.0,0.00030526178306899965,0.00030526178306899965,20.0,0.00319952005520463,0.0639904011040926,20.0,7.225210720207542e-05,0.0014450421440415084,10.0,0.012851908802986145,0.12851908802986145,0.0,0.010531716048717499,0.0,11.495747873936969,0.0009581086342222989,0.011014175294861645,0.0,0.30518636107444763,0.0,500.0,0.0004178414528723806,0.2089207264361903,200.0,0.000460676325019449,0.0921352650038898,0.7663831915957979,0.06450069695711136,0.049432249994144375,0.0,0.0,0.0
1534,0.5544151663780212,1.0,0.0003058855654671788,0.0003058855654671788,20.0,0.003191420342773199,0.06382840685546398,20.0,7.073780579958111e-05,0.0014147561159916222,10.0,0.012848079204559326,0.12848079204559326,0.0,0.010548132471740246,0.0,11.503251625812906,0.0009447252377867699,0.010867412127517144,0.0,0.30521324276924133,0.0,500.0,0.000415745482314378,0.207872741157189,200.0,0.0004610413743648678,0.09220827487297356,0.7668834417208604,0.06446467339992523,0.04943689060634586,0.0,0.0,0.0
1535,0.5523027777671814,1.0,0.0003057951107621193,0.0003057951107621193,20.0,0.003189416602253914,0.06378833204507828,20.0,7.177001680247486e-05,0.0014354003360494971,10.0,0.01284695602953434,0.1284695602953434,0.0,0.010577542707324028,0.0,11.510755377688845,0.0008330653654411435,0.009589211635217965,0.0,0.30527594685554504,0.0,500.0,0.00041426782263442874,0.20713391131721437,200.0,0.0004608159651979804,0.09216319303959608,0.7673836918459229,0.06439720839262009,0.049417367520900056,0.0,0.0,0.0
1536,0.554478645324707,1.0,0.00030549662187695503,0.00030549662187695503,20.0,0.0032012066803872585,0.06402413360774517,20.0,7.514937169617042e-05,0.0015029874339234084,10.0,0.012846886180341244,0.12846886180341244,0.0,0.010603987611830235,0.0,11.518259129564782,0.0009786688024178147,0.011272560868269227,0.0,0.3053615093231201,0.0,500.0,0.0004148423904553056,0.2074211952276528,200.0,0.00046033418038859963,0.09206683607771993,0.7678839419709855,0.06435418128967285,0.049416542411029434,0.0,0.0,0.0
1537,0.5565289855003357,1.0,0.00030566693749278784,0.00030566693749278784,20.0,0.003195249242708087,0.06390498485416174,20.0,7.763297617202625e-05,0.001552659523440525,10.0,0.01283997856080532,0.1283997856080532,0.0,0.010672553442418575,0.0,11.52576288144072,0.0012888156343251467,0.014854583399125251,0.0,0.30557891726493835,0.0,500.0,0.0004121385281905532,0.2060692640952766,200.0,0.0004599640378728509,0.09199280757457018,0.768384192096048,0.06435489654541016,0.049449285189469734,0.0,0.0,0.0
1538,0.5529992580413818,1.0,0.0003065472701564431,0.0003065472701564431,20.0,0.0031851748935878277,0.06370349787175655,20.0,7.780618034303188e-05,0.0015561236068606377,10.0,0.012836046516895294,0.12836046516895294,0.0,0.010707187466323376,0.0,11.533266633316659,0.001128518721088767,0.013015507311006267,0.0,0.3056875467300415,0.0,500.0,0.0004092005256097764,0.2046002628048882,200.0,0.00045990245416760445,0.09198049083352089,0.7688844422211105,0.06434829533100128,0.04947640316345621,0.0,0.0,0.0
1539,0.5534666180610657,1.0,0.0003065821365453303,0.0003065821365453303,20.0,0.003176172263920307,0.06352344527840614,20.0,7.948436541482806e-05,0.0015896873082965612,10.0,0.012830737046897411,0.1283073704689741,0.0,0.010762265883386135,0.0,11.540770385192596,0.0011946667218580842,0.013787374323794899,0.0,0.3057725131511688,0.0,500.0,0.00040871533565223217,0.20435766782611609,200.0,0.00046039820881560445,0.09207964176312089,0.7693846923461731,0.06435640156269073,0.04951483021681759,0.0,0.0,0.0
1540,0.5522105693817139,1.0,0.0003055603592656553,0.0003055603592656553,20.0,0.0031707431189715862,0.06341486237943172,20.0,7.811729301465675e-05,0.001562345860293135,10.0,0.012825294397771358,0.12825294397771358,0.0,0.010754089802503586,0.0,11.548274137068534,0.0010953694581985474,0.012649626784649056,0.0,0.3054812252521515,0.0,500.0,0.0004086433909833431,0.20432169549167156,200.0,0.00046063840272836387,0.09212768054567277,0.7698849424712356,0.06439388543367386,0.04957588278260334,0.0,0.0,0.0
1541,0.5537063479423523,1.0,0.0003046731580980122,0.0003046731580980122,20.0,0.003172531258314848,0.06345062516629696,20.0,7.729778735665604e-05,0.001545955747133121,10.0,0.012823164463043213,0.12823164463043213,0.0,0.01073063537478447,0.0,11.555777888944473,0.0011201583547517657,0.012944301147956873,0.0,0.30532005429267883,0.0,500.0,0.00041088071884587407,0.20544035942293704,200.0,0.0004607910814229399,0.09215821628458798,0.7703851925962981,0.06442306935787201,0.0496305786949089,0.0,0.0,0.0
1542,0.5525054931640625,1.0,0.00030499708373099566,0.00030499708373099566,20.0,0.0031709112226963043,0.06341822445392609,20.0,7.522498344769701e-05,0.0015044996689539403,10.0,0.01282345037907362,0.1282345037907362,0.0,0.01069905050098896,0.0,11.56328164082041,0.0010073950979858637,0.011648793241592416,0.0,0.3051460385322571,0.0,500.0,0.00041112053440883756,0.20556026720441878,200.0,0.00046074698911979795,0.09214939782395959,0.7708854427213607,0.06445163488388062,0.0496848270915758,0.0,0.0,0.0
1543,0.5523530840873718,1.0,0.00030649994732812047,0.00030649994732812047,20.0,0.0031845546327531338,0.06369109265506268,20.0,7.485105015803128e-05,0.0014970210031606257,10.0,0.012832210399210453,0.12832210399210453,0.0,0.010642535984516144,0.0,11.570785392696347,0.0009433790110051632,0.010915636080314869,0.0,0.3052818775177002,0.0,500.0,0.0004116981872357428,0.2058490936178714,200.0,0.00046019270666874945,0.09203854133374989,0.7713856928464232,0.06447242200374603,0.04973310391684661,0.0,0.0,0.0
1544,0.5546181201934814,1.0,0.00030792650068178773,0.00030792650068178773,20.0,0.003216162323951721,0.06432324647903442,20.0,7.679381815250963e-05,0.0015358763630501926,10.0,0.012845554389059544,0.12845554389059544,0.0,0.010568625293672085,0.0,11.578289144572286,0.0009559066384099424,0.011067763454726421,0.0,0.30538102984428406,0.0,500.0,0.00041441299254074693,0.20720649627037346,200.0,0.00045979261631146073,0.09195852326229215,0.7718859429714857,0.06446900963783264,0.04976272229673625,0.0,0.0,0.0
1545,0.5592769980430603,1.0,0.00030900764977559447,0.00030900764977559447,20.0,0.0032462263479828835,0.06492452695965767,20.0,7.828277011867613e-05,0.0015656554023735225,10.0,0.012850810773670673,0.12850810773670673,0.0,0.010505003854632378,0.0,11.585792896448224,0.001143115689046681,0.013243901629975553,0.0,0.30529236793518066,0.0,500.0,0.00041784296627156436,0.20892148313578218,200.0,0.0004601214313879609,0.09202428627759218,0.7723861930965483,0.0644497498869896,0.049780096961236586,0.0,0.0,0.0
1546,0.5568190813064575,1.0,0.0003099882451351732,0.0003099882451351732,20.0,0.003254937008023262,0.06509874016046524,20.0,7.755999104119837e-05,0.0015511998208239675,10.0,0.012849265709519386,0.12849265709519386,0.0,0.010474012233316898,0.0,11.593296648324163,0.000934809329919517,0.010837521871378094,0.0,0.30525052547454834,0.0,500.0,0.00041730288648977876,0.20865144324488938,200.0,0.00046038944856263697,0.0920778897125274,0.7728864432216108,0.06443331390619278,0.04979963480993889,0.0,0.0,0.0
1547,0.5545563101768494,1.0,0.00031064823269844055,0.00031064823269844055,20.0,0.0032386984676122665,0.06477396935224533,20.0,7.596652721986175e-05,0.001519330544397235,10.0,0.012839826755225658,0.12839826755225658,0.0,0.010507052764296532,0.0,11.6008004002001,0.0009047537459991872,0.010495867618669911,0.0,0.30518639087677,0.0,500.0,0.0004141154931858182,0.2070577465929091,200.0,0.0004609979805536568,0.09219959611073136,0.7733866933466733,0.06439324468374252,0.04980087857982288,0.0,0.0,0.0
1548,0.5533758401870728,1.0,0.00030997165595181286,0.00030997165595181286,20.0,0.003221017774194479,0.06442035548388958,20.0,7.60016409913078e-05,0.001520032819826156,10.0,0.012835497036576271,0.1283549703657627,0.0,0.010555527172982693,0.0,11.608304152076037,0.0008899096865206957,0.010330342309010877,0.0,0.305267870426178,0.0,500.0,0.0004128319560550153,0.20641597802750766,200.0,0.00046105426736176014,0.09221085347235203,0.7738869434717359,0.06436768174171448,0.04981330848145688,0.0,0.0,0.0
1549,0.5542227029800415,1.0,0.0003081569157075137,0.0003081569157075137,20.0,0.003205586224794388,0.06411172449588776,20.0,7.720744906691834e-05,0.0015441489813383669,10.0,0.012836595997214317,0.12836595997214317,0.0,0.01060713641345501,0.0,11.615807903951977,0.001005600905045867,0.011680866941053043,0.0,0.3052191436290741,0.0,500.0,0.00041246681939810514,0.20623340969905257,200.0,0.0004607935552485287,0.09215871104970574,0.7743871935967984,0.06433439254760742,0.04981972969669649,0.0,0.0,0.0
1550,0.5601469874382019,1.0,0.00030573835829272866,0.00030573835829272866,20.0,0.003200563369318843,0.06401126738637686,20.0,7.966785778990015e-05,0.001593357155798003,10.0,0.012838524766266346,0.12838524766266346,0.0,0.010647116228938103,0.0,11.623311655827914,0.0012580226175487041,0.014622388953848995,0.0,0.3050553500652313,0.0,500.0,0.0004181652329862118,0.2090826164931059,200.0,0.0004616043297573924,0.09232086595147848,0.7748874437218609,0.06430031359195709,0.04982550562978566,0.0,0.0,0.0
1551,0.564738929271698,1.0,0.00030456212698481977,0.00030456212698481977,20.0,0.003188442438840866,0.06376884877681732,20.0,8.15803578007035e-05,0.00163160715601407,10.0,0.012835805304348469,0.1283580530434847,0.0,0.01071854867041111,0.0,11.630815407703851,0.0015584593638777733,0.01812615318166995,0.0,0.30507692694664,0.0,500.0,0.0004202477866783738,0.2101238933391869,200.0,0.0004629475879482925,0.0925895175896585,0.7753876938469234,0.06427271664142609,0.04983627353387215,0.0,0.0,0.0
1552,0.5613034963607788,1.0,0.0003043134929612279,0.0003043134929612279,20.0,0.0031715184450149536,0.06343036890029907,20.0,8.143463492160663e-05,0.0016286926984321326,10.0,0.01282682828605175,0.1282682828605175,0.0,0.010794559493660927,0.0,11.63831915957979,0.0014841356314718723,0.017272844155174143,0.0,0.3051123321056366,0.0,500.0,0.000415775750298053,0.2078878751490265,200.0,0.0004633490461856127,0.09266980923712254,0.775887943971986,0.06423778086900711,0.0498413197237769,0.0,0.0,0.0
1553,0.5536291003227234,1.0,0.0003051948151551187,0.0003051948151551187,20.0,0.0031543883960694075,0.06308776792138815,20.0,7.980834197951481e-05,0.0015961668395902961,10.0,0.01281729619950056,0.1281729619950056,0.0,0.010859625414013863,0.0,11.645822911455728,0.0011745649389922619,0.013678775277508682,0.0,0.30520564317703247,0.0,500.0,0.00040849909419193864,0.20424954709596932,200.0,0.00046351930359378457,0.09270386071875691,0.7763881940970485,0.06418794393539429,0.04983476187480337,0.0,0.0,0.0
1554,0.5526803135871887,1.0,0.0003065533237531781,0.0003065533237531781,20.0,0.0031472831033170223,0.06294566206634045,20.0,7.795778947183862e-05,0.0015591557894367725,10.0,0.012814130634069443,0.12814130634069443,0.0,0.01088642980903387,0.0,11.653326663331665,0.0011984683806076646,0.01396614353489522,0.0,0.3053445816040039,0.0,500.0,0.00040641138912178576,0.20320569456089288,200.0,0.00046359325642697513,0.09271865128539503,0.776888444222111,0.06414960324764252,0.04983708546452668,0.0,0.0,0.0
1555,0.5532299280166626,1.0,0.00030695967143401504,0.00030695967143401504,20.0,0.0031512673012912273,0.06302534602582455,20.0,7.642107084393501e-05,0.0015284214168787003,10.0,0.012821855023503304,0.12821855023503304,0.0,0.01086037140339613,0.0,11.660830415207604,0.0012330093886703253,0.014377913381643462,0.0,0.30526110529899597,0.0,500.0,0.00040667885332368314,0.20333942666184157,200.0,0.00046286245924420655,0.09257249184884131,0.7773886943471736,0.06413891166448593,0.049860864795703425,0.0,0.0,0.0
1556,0.5516403317451477,1.0,0.0003067789366468787,0.0003067789366468787,20.0,0.0031658634543418884,0.06331726908683777,20.0,7.644807192264125e-05,0.001528961438452825,10.0,0.012837431393563747,0.12837431393563747,0.0,0.010811232030391693,0.0,11.668334167083541,0.001041798503138125,0.012156053069383074,0.0,0.3052026629447937,0.0,500.0,0.00040752114728093147,0.20376057364046574,200.0,0.0004615944344550371,0.09231888689100742,0.7778889444722361,0.0641191154718399,0.049877551054882965,0.0,0.0,0.0
1557,0.5587586760520935,1.0,0.00030614895513281226,0.00030614895513281226,20.0,0.0031892850529402494,0.06378570105880499,20.0,7.863986684242263e-05,0.0015727973368484527,10.0,0.012858882546424866,0.12858882546424866,0.0,0.010752549394965172,0.0,11.67583791895948,0.0013220233377069235,0.015435730216147872,0.0,0.3052852153778076,0.0,500.0,0.00041389354737475514,0.20694677368737757,200.0,0.00046115744044072926,0.09223148808814585,0.7783891945972986,0.0640953928232193,0.04989116119706315,0.0,0.0,0.0
1558,0.5598808526992798,1.0,0.0003064167685806751,0.0003064167685806751,20.0,0.003205179003998637,0.06410358007997274,20.0,7.923826342448592e-05,0.0015847652684897184,10.0,0.01287505030632019,0.1287505030632019,0.0,0.010696475394070148,0.0,11.683341670835418,0.001183409709483385,0.013826179972478468,0.0,0.3053508400917053,0.0,500.0,0.0004183588025625795,0.20917940128128976,200.0,0.0004610777832567692,0.09221555665135384,0.7788894447223612,0.06408413499593735,0.049914456322498475,0.0,0.0,0.0
1559,0.5591695308685303,1.0,0.00030719477217644453,0.00030719477217644453,20.0,0.0032058339565992355,0.06411667913198471,20.0,7.879918848630041e-05,0.0015759837697260082,10.0,0.012882167473435402,0.12882167473435402,0.0,0.010684279724955559,0.0,11.690845422711355,0.0012444470776244998,0.014548638421252907,0.0,0.30550724267959595,0.0,500.0,0.0004156066570430994,0.2078033285215497,200.0,0.0004603529814630747,0.09207059629261494,0.7793896948474237,0.06405714154243469,0.04992547599955641,0.0,0.0,0.0
1560,0.5541449785232544,1.0,0.0003082116600126028,0.0003082116600126028,20.0,0.0031935577280819416,0.06387115456163883,20.0,7.640806870767847e-05,0.0015281613741535693,10.0,0.012886600568890572,0.12886600568890572,0.0,0.01067428383976221,0.0,11.698349174587294,0.0010248619364574552,0.011989192788423007,0.0,0.3055369555950165,0.0,500.0,0.0004113090690225363,0.20565453451126814,200.0,0.0004599503881763667,0.09199007763527334,0.7798899449724862,0.06403171271085739,0.049937688902564614,0.0,0.0,0.0
1561,0.5535005927085876,1.0,0.00030822076951153576,0.00030822076951153576,20.0,0.003186288755387068,0.06372577510774136,20.0,7.471718708984554e-05,0.0014943437417969108,10.0,0.012886252254247665,0.12886252254247665,0.0,0.010659509338438511,0.0,11.705852926463232,0.000985416118055582,0.011535136149324972,0.0,0.3055249750614166,0.0,500.0,0.0004111800226382911,0.20559001131914556,200.0,0.00046022702008485794,0.09204540401697159,0.7803901950975488,0.06399255990982056,0.049939166312816446,0.0,0.0,0.0
1562,0.5563212037086487,1.0,0.0003072849358431995,0.0003072849358431995,20.0,0.0031862191390246153,0.0637243827804923,20.0,7.424319483106956e-05,0.0014848638966213912,10.0,0.012890283018350601,0.128902830183506,0.0,0.010629444383084774,0.0,11.713356678339169,0.0011517212260514498,0.013490521514754725,0.0,0.3054352104663849,0.0,500.0,0.0004129084409214556,0.2064542204607278,200.0,0.000460068229585886,0.0920136459171772,0.7808904452226113,0.06395701318979263,0.049943420504885594,0.0,0.0,0.0
1563,0.5571016669273376,1.0,0.0003051348903682083,0.0003051348903682083,20.0,0.003181605599820614,0.06363211199641228,20.0,7.514593744417652e-05,0.0015029187488835305,10.0,0.012894135899841785,0.12894135899841785,0.0,0.010627551935613155,0.0,11.720860430215108,0.0009916413109749556,0.011622889402772991,0.0,0.30535343289375305,0.0,500.0,0.00041821575723588467,0.20910787861794233,200.0,0.0004603309789672494,0.09206619579344988,0.7813906953476738,0.06389012187719345,0.04992314675946782,0.0,0.0,0.0
1564,0.5581362843513489,1.0,0.00030402845004573464,0.00030402845004573464,20.0,0.0031666874419897795,0.06333374883979559,20.0,7.662820280529559e-05,0.0015325640561059117,10.0,0.012889454141259193,0.12889454141259193,0.0,0.010690559633076191,0.0,11.728364182091045,0.0011115232482552528,0.013036349452398401,0.0,0.3054361045360565,0.0,500.0,0.00041787675581872463,0.20893837790936232,200.0,0.0004609279567375779,0.09218559134751558,0.7818909454727364,0.06383383274078369,0.04991109583483988,0.0,0.0,0.0
1565,0.5569748878479004,1.0,0.00030445284210145473,0.00030445284210145473,20.0,0.0031502663623541594,0.06300532724708319,20.0,7.796978752594441e-05,0.0015593957505188882,10.0,0.012881830334663391,0.1288183033466339,0.0,0.010776958428323269,0.0,11.735867933966983,0.0012722350656986237,0.014930782712000854,0.0,0.3056026101112366,0.0,500.0,0.00041212450014427304,0.20606225007213652,200.0,0.0004617715021595359,0.09235430043190718,0.7823911955977989,0.06383001059293747,0.04994003830282852,0.0,0.0,0.0
1566,0.5551810264587402,1.0,0.00030585238710045815,0.00030585238710045815,20.0,0.0031323309522122145,0.06264661904424429,20.0,7.758646097499877e-05,0.0015517292194999754,10.0,0.012872184626758099,0.12872184626758099,0.0,0.010855552740395069,0.0,11.743371685842922,0.0013096547918394208,0.015379763000715559,0.0,0.30577853322029114,0.0,500.0,0.00040808311314322054,0.20404155657161027,200.0,0.00046280742390081286,0.09256148478016257,0.7828914457228614,0.06383028626441956,0.04997218509445553,0.0,0.0,0.0
1567,0.5548732876777649,1.0,0.0003069854574277997,0.0003069854574277997,20.0,0.0031354855746030807,0.06270971149206161,20.0,7.753526733722538e-05,0.0015507053467445076,10.0,0.012870168313384056,0.12870168313384056,0.0,0.010858564637601376,0.0,11.75087543771886,0.0012725578853860497,0.014953669198458383,0.0,0.3059003949165344,0.0,500.0,0.00040819207788445055,0.20409603894222528,200.0,0.0004627089365385473,0.09254178730770946,0.783391695847924,0.06384126096963882,0.05001271369607524,0.0,0.0,0.0
1568,0.5539330840110779,1.0,0.00030703877564519644,0.00030703877564519644,20.0,0.00314703187905252,0.0629406375810504,20.0,7.71993218222633e-05,0.001543986436445266,10.0,0.012874905951321125,0.12874905951321125,0.0,0.01081041432917118,0.0,11.758379189594798,0.0012024722527712584,0.01413912471305074,0.0,0.30586808919906616,0.0,500.0,0.0004077250196132809,0.20386250980664045,200.0,0.0004616981605067849,0.09233963210135698,0.7838919459729865,0.06384948641061783,0.05005109815179497,0.0,0.0,0.0
1569,0.5558906197547913,1.0,0.0003067041398026049,0.0003067041398026049,20.0,0.0031717419624328613,0.06343483924865723,20.0,7.801249739713967e-05,0.0015602499479427934,10.0,0.01288656610995531,0.1288656610995531,0.0,0.010723474435508251,0.0,11.765882941470736,0.0012071490054950118,0.014203173891567123,0.0,0.30573615431785583,0.0,500.0,0.00041075650369748473,0.20537825184874237,200.0,0.0004602261178661138,0.09204522357322276,0.784392196098049,0.06386666744947433,0.05009651553815696,0.0,0.0,0.0
1570,0.5597434639930725,1.0,0.0003067611251026392,0.0003067611251026392,20.0,0.0031929032411426306,0.06385806482285261,20.0,7.735965482424945e-05,0.001547193096484989,10.0,0.012899455614387989,0.1289945561438799,0.0,0.010624985210597515,0.0,11.773386693346673,0.0012367202434688807,0.014560385657848977,0.0,0.30551663041114807,0.0,500.0,0.0004166896687820554,0.2083448343910277,200.0,0.000460011069662869,0.0920022139325738,0.7848924462231116,0.0638679713010788,0.050129488229811225,0.0,0.0,0.0
1571,0.5586264133453369,1.0,0.0003076830180361867,0.0003076830180361867,20.0,0.003204835345968604,0.06409670691937208,20.0,7.550719601567835e-05,0.001510143920313567,10.0,0.01290502492338419,0.1290502492338419,0.0,0.010556350462138653,0.0,11.780890445222612,0.0010797301074489951,0.01272018210626505,0.0,0.30530858039855957,0.0,500.0,0.00041756045538932085,0.20878022769466043,200.0,0.00045998679706826806,0.09199735941365361,0.7853926963481741,0.06387095898389816,0.05016378469470741,0.0,0.0,0.0
1572,0.5541775226593018,1.0,0.00030906274332664907,0.00030906274332664907,20.0,0.003201540093868971,0.06403080187737942,20.0,7.3265764513053e-05,0.00146531529026106,10.0,0.012905288487672806,0.12905288487672806,0.0,0.010537389665842056,0.0,11.78839419709855,0.0008415922056883574,0.00992102067386,0.0,0.3052412271499634,0.0,500.0,0.00041423720540478826,0.20711860270239413,200.0,0.000460424751508981,0.0920849503017962,0.7858929464732366,0.0638698861002922,0.05019489297826866,0.0,0.0,0.0
1573,0.5542210936546326,1.0,0.0003094881831202656,0.0003094881831202656,20.0,0.0031921728514134884,0.06384345702826977,20.0,7.370012463070452e-05,0.0014740024926140904,10.0,0.012905562296509743,0.12905562296509743,0.0,0.010575021617114544,0.0,11.795897948974487,0.0009611803106963634,0.011337984855537893,0.0,0.30533093214035034,0.0,500.0,0.0004118477227166295,0.20592386135831475,200.0,0.00046034794650040567,0.09206958930008113,0.7863931965982992,0.06384480744600296,0.05020712221366516,0.0,0.0,0.0
1574,0.5556414723396301,1.0,0.0003086776123382151,0.0003086776123382151,20.0,0.00318184494972229,0.0636368989944458,20.0,7.5684511102736e-05,0.00151369022205472,10.0,0.012909576296806335,0.12909576296806335,0.0,0.010623580776154995,0.0,11.803401700850426,0.0011191371595486999,0.013209625452502038,0.0,0.3053385019302368,0.0,500.0,0.000411293120123446,0.205646560061723,200.0,0.0004600311513058841,0.09200623026117682,0.7868934467233617,0.06382572650909424,0.0502240459223638,0.0,0.0,0.0
1575,0.5545679926872253,1.0,0.00030700344359502196,0.00030700344359502196,20.0,0.0031719643156975508,0.06343928631395102,20.0,7.724635361228138e-05,0.0015449270722456276,10.0,0.012910781428217888,0.12910781428217888,0.0,0.010660963132977486,0.0,11.810905452726363,0.0009334323112852871,0.01102468077511037,0.0,0.3052869737148285,0.0,500.0,0.0004136754432693124,0.2068377216346562,200.0,0.00046030653174966574,0.09206130634993315,0.7873936968484242,0.06381213665008545,0.0502452741807076,0.0,0.0,0.0
1576,0.5562891960144043,1.0,0.00030617290758527815,0.00030617290758527815,20.0,0.0031600254587829113,0.06320050917565823,20.0,7.648424070794135e-05,0.001529684814158827,10.0,0.012902546674013138,0.12902546674013138,0.0,0.010688931681215763,0.0,11.8184092046023,0.0011229895753785968,0.013271950334326836,0.0,0.3052656054496765,0.0,500.0,0.00041299290023744106,0.20649645011872053,200.0,0.0004609114839695394,0.09218229679390788,0.7878939469734867,0.06381147354841232,0.050276673756252825,0.0,0.0,0.0
1577,0.5530816316604614,1.0,0.0003067630168516189,0.0003067630168516189,20.0,0.003151427488774061,0.06302854977548122,20.0,7.49473983887583e-05,0.001498947967775166,10.0,0.012889758683741093,0.12889758683741093,0.0,0.010715743526816368,0.0,11.82591295647824,0.0010245933663100004,0.012116751965767088,0.0,0.3051780164241791,0.0,500.0,0.0004093758179806173,0.20468790899030864,200.0,0.0004611663753166795,0.0922332750633359,0.7883941970985493,0.06381554901599884,0.05031180852887152,0.0,0.0,0.0
1578,0.5536285042762756,1.0,0.00030770126613788307,0.00030770126613788307,20.0,0.003158513456583023,0.06317026913166046,20.0,7.695236126892269e-05,0.0015390472253784537,10.0,0.012885295785963535,0.12885295785963535,0.0,0.010740161873400211,0.0,11.833416708354177,0.0010970367584377527,0.012981693106976009,0.0,0.3053864538669586,0.0,500.0,0.00040853634709492326,0.20426817354746163,200.0,0.0004607464652508497,0.09214929305016994,0.7888944472236118,0.06383538246154785,0.05035937876031064,0.0,0.0,0.0
1579,0.5560062527656555,1.0,0.00030825016438029706,0.00030825016438029706,20.0,0.0031750830821692944,0.06350166164338589,20.0,7.928839477244765e-05,0.001585767895448953,10.0,0.012884711846709251,0.12884711846709251,0.0,0.010731684044003487,0.0,11.840920460230116,0.0012152496492490172,0.01438967443608016,0.0,0.3056701421737671,0.0,500.0,0.0004098055651411414,0.2049027825705707,200.0,0.00046033906983211637,0.09206781396642327,0.7893946973486743,0.06385043263435364,0.050403192944977505,0.0,0.0,0.0
1580,0.55702143907547,1.0,0.00030790476012043655,0.00030790476012043655,20.0,0.0031896582804620266,0.06379316560924053,20.0,7.812159310560673e-05,0.0015624318621121347,10.0,0.012884911149740219,0.1288491114974022,0.0,0.010657625272870064,0.0,11.848424212106053,0.001191810704767704,0.014121078810616843,0.0,0.3055265247821808,0.0,500.0,0.0004117764183320105,0.20588820916600525,200.0,0.0004603089182637632,0.09206178365275264,0.7898949474737369,0.06385374069213867,0.050437747150018496,0.0,0.0,0.0
1581,0.5552358627319336,1.0,0.0003082825569435954,0.0003082825569435954,20.0,0.003198075806722045,0.0639615161344409,20.0,7.506027759518474e-05,0.0015012055519036949,10.0,0.012886757962405682,0.12886757962405682,0.0,0.010571005754172802,0.0,11.85592796398199,0.0009705906850285828,0.011507253244210812,0.0,0.30537569522857666,0.0,500.0,0.00041303166653960943,0.20651583326980472,200.0,0.000460513198049739,0.0921026396099478,0.7903951975987994,0.06385607272386551,0.05047153321846298,0.0,0.0,0.0
1582,0.5531355142593384,1.0,0.00030801870161667466,0.00030801870161667466,20.0,0.00318792718462646,0.0637585436925292,20.0,7.383024058071896e-05,0.0014766048116143793,10.0,0.012892769649624825,0.12892769649624825,0.0,0.010556414723396301,0.0,11.86343171585793,0.0007917911279946566,0.009393359980186734,0.0,0.3051984906196594,0.0,500.0,0.0004132204339839518,0.2066102169919759,200.0,0.0004607895971275866,0.09215791942551732,0.7908954477238619,0.06385566294193268,0.05050315313216386,0.0,0.0,0.0
1583,0.5541802644729614,1.0,0.0003082145703956485,0.0003082145703956485,20.0,0.0031790200155228376,0.06358040031045675,20.0,7.517669291701168e-05,0.0015035338583402336,10.0,0.012903251685202122,0.12903251685202122,0.0,0.010575332678854465,0.0,11.870935467733867,0.000928243447560817,0.011019118064341265,0.0,0.30537888407707214,0.0,500.0,0.0004121956299059093,0.20609781495295465,200.0,0.0004606225702445954,0.09212451404891908,0.7913956978489245,0.06382919102907181,0.050514147177584595,0.0,0.0,0.0
1584,0.5555271506309509,1.0,0.00030777568463236094,0.00030777568463236094,20.0,0.00317380391061306,0.0634760782122612,20.0,7.741639274172485e-05,0.001548327854834497,10.0,0.012908819131553173,0.12908819131553173,0.0,0.01060435175895691,0.0,11.878439219609804,0.0010122719686478376,0.0120242110532981,0.0,0.3054639995098114,0.0,500.0,0.0004128646105527878,0.2064323052763939,200.0,0.00046066471259109676,0.09213294251821935,0.791895947973987,0.0637928918004036,0.050517332526282585,0.0,0.0,0.0
1585,0.5561016201972961,1.0,0.00030723464442417026,0.00030723464442417026,20.0,0.0031652841717004776,0.06330568343400955,20.0,7.884006481617689e-05,0.0015768012963235378,10.0,0.01290607638657093,0.1290607638657093,0.0,0.010650585405528545,0.0,11.885942971485743,0.0010627814335748553,0.012632159510624593,0.0,0.3055196702480316,0.0,500.0,0.0004129631270188838,0.2064815635094419,200.0,0.0004610722535289824,0.09221445070579648,0.7923961980990495,0.06375973671674728,0.05052297296614692,0.0,0.0,0.0
1586,0.554688036441803,1.0,0.0003068340593017638,0.0003068340593017638,20.0,0.0031587290577590466,0.06317458115518093,20.0,7.789322989992797e-05,0.0015578645979985595,10.0,0.012894785962998867,0.12894785962998867,0.0,0.010676226578652859,0.0,11.89344672336168,0.0010241938289254904,0.012181194738721127,0.0,0.30539432168006897,0.0,500.0,0.0004114406183362007,0.20572030916810036,200.0,0.00046127598034217954,0.09225519606843591,0.7928964482241121,0.06374625861644745,0.050544182044556886,0.0,0.0,0.0
1587,0.5544698238372803,1.0,0.00030701811192557216,0.00030701811192557216,20.0,0.003158262697979808,0.06316525395959616,20.0,7.554818876087666e-05,0.0015109637752175331,10.0,0.012883014976978302,0.12883014976978302,0.0,0.010667143389582634,0.0,11.900950475237618,0.001091863727197051,0.012994216143080462,0.0,0.30519962310791016,0.0,500.0,0.0004096850170753896,0.2048425085376948,200.0,0.00046117775491438806,0.09223555098287761,0.7933966983491746,0.06375640630722046,0.0505841222627572,0.0,0.0,0.0
1588,0.5552160143852234,1.0,0.00030796846840530634,0.00030796846840530634,20.0,0.0031829453073441982,0.06365890614688396,20.0,7.523556996602565e-05,0.001504711399320513,10.0,0.012884814292192459,0.1288481429219246,0.0,0.010597323067486286,0.0,11.908454227113557,0.0010544814867898822,0.012557244518775962,0.0,0.3051897883415222,0.0,500.0,0.0004112099122721702,0.2056049561360851,200.0,0.0004604804562404752,0.09209609124809504,0.7938969484742371,0.06378412246704102,0.05063802018769089,0.0,0.0,0.0
1589,0.5556949973106384,1.0,0.0003100103931501508,0.0003100103931501508,20.0,0.00321115180850029,0.0642230361700058,20.0,7.639671093784273e-05,0.0015279342187568545,10.0,0.012894867919385433,0.12894867919385433,0.0,0.010528966784477234,0.0,11.915957978989494,0.0010218797251582146,0.01217667586456662,0.0,0.30524978041648865,0.0,500.0,0.0004116100608371198,0.2058050304185599,200.0,0.0004600798129104078,0.09201596258208156,0.7943971985992997,0.06380645185709,0.05068766660783337,0.0,0.0,0.0
1590,0.5592281818389893,1.0,0.0003103064955212176,0.0003103064955212176,20.0,0.0032287619542330503,0.064575239084661,20.0,7.854329305700958e-05,0.0015708658611401916,10.0,0.012905088253319263,0.12905088253319263,0.0,0.010490268468856812,0.0,11.923461730865434,0.001145311282016337,0.013656075241050222,0.0,0.30521395802497864,0.0,500.0,0.00041468432755209506,0.20734216377604753,200.0,0.0004600192769430578,0.09200385538861156,0.7948974487243622,0.06380544602870941,0.0507187862629411,0.0,0.0,0.0
1591,0.5589668154716492,1.0,0.00031077524181455374,0.00031077524181455374,20.0,0.003227757988497615,0.0645551597699523,20.0,7.913866284070536e-05,0.0015827732568141073,10.0,0.012906772084534168,0.12906772084534168,0.0,0.010491600260138512,0.0,11.930965482741371,0.001159425126388669,0.013833061162766261,0.0,0.30531075596809387,0.0,500.0,0.0004138018994126469,0.20690094970632344,200.0,0.00045981642324477434,0.09196328464895487,0.7953976988494247,0.06380842626094818,0.050753075415161386,0.0,0.0,0.0
1592,0.5568090677261353,1.0,0.00030959054129198194,0.00030959054129198194,20.0,0.0032054949551820755,0.06410989910364151,20.0,7.946490950416774e-05,0.0015892981900833547,10.0,0.012903106398880482,0.12903106398880482,0.0,0.010551494546234608,0.0,11.938469234617308,0.001067404169589281,0.012743171839543868,0.0,0.30537140369415283,0.0,500.0,0.00041262179729528725,0.20631089864764363,200.0,0.0004597660736180842,0.09195321472361684,0.7958979489744873,0.06377945840358734,0.05076194013011879,0.0,0.0,0.0
1593,0.5574576258659363,1.0,0.00030672509456053376,0.00030672509456053376,20.0,0.0031789448112249374,0.06357889622449875,20.0,7.768653449602425e-05,0.001553730689920485,10.0,0.012898372486233711,0.1289837248623371,0.0,0.01057931873947382,0.0,11.945972986493247,0.00105905975215137,0.0126514991902825,0.0,0.3050636351108551,0.0,500.0,0.0004149324959143996,0.2074662479571998,200.0,0.0004607615992426872,0.09215231984853745,0.7963981990995498,0.06374259293079376,0.050764486216019845,0.0,0.0,0.0
1594,0.5566983819007874,1.0,0.00030489248456433415,0.00030489248456433415,20.0,0.003147983690723777,0.06295967381447554,20.0,7.460924098268151e-05,0.0014921848196536303,10.0,0.012891476973891258,0.12891476973891258,0.0,0.010611211881041527,0.0,11.953476738369185,0.0010598431108519435,0.012668809971889539,0.0,0.30479660630226135,0.0,500.0,0.0004141604295000434,0.2070802147500217,200.0,0.0004625276196748018,0.09250552393496037,0.7968984492246123,0.06371238827705383,0.05077230341438057,0.0,0.0,0.0
1595,0.5553709268569946,1.0,0.00030498794512823224,0.00030498794512823224,20.0,0.0031260158866643906,0.06252031773328781,20.0,7.23617195035331e-05,0.001447234390070662,10.0,0.012886500917375088,0.12886500917375088,0.0,0.010640439577400684,0.0,11.960980490245122,0.0010654962388798594,0.012744379725671554,0.0,0.3048045039176941,0.0,500.0,0.0004118747601751238,0.2059373800875619,200.0,0.0004638605169020593,0.09277210338041186,0.7973986993496749,0.06368142366409302,0.05077948440248338,0.0,0.0,0.0
1596,0.5566585659980774,1.0,0.0003048279613722116,0.0003048279613722116,20.0,0.0031210873275995255,0.06242174655199051,20.0,7.187746814452112e-05,0.0014375493628904223,10.0,0.012890609912574291,0.1289060991257429,0.0,0.010636529885232449,0.0,11.968484242121061,0.0011357604525983334,0.013593331079747438,0.0,0.304852157831192,0.0,500.0,0.000412808614782989,0.2064043073914945,200.0,0.00046398735139518976,0.09279747027903795,0.7978989494747374,0.0636587142944336,0.050793221260441015,0.0,0.0,0.0
1597,0.5566319823265076,1.0,0.0003046977217309177,0.0003046977217309177,20.0,0.003135119332000613,0.06270238664001226,20.0,7.310659566428512e-05,0.0014621319132857025,10.0,0.012902314774692059,0.12902314774692059,0.0,0.010600214824080467,0.0,11.975987993996998,0.0010441546328365803,0.012504783346727229,0.0,0.3048342168331146,0.0,500.0,0.0004145554848946631,0.20727774244733155,200.0,0.0004627786693163216,0.09255573386326432,0.7983991995997999,0.06362899392843246,0.05080133782380101,0.0,0.0,0.0
1598,0.5587489604949951,1.0,0.00030523643363267183,0.00030523643363267183,20.0,0.003164547262713313,0.06329094525426626,20.0,7.586446008644998e-05,0.0015172892017289996,10.0,0.012914534658193588,0.12914534658193588,0.0,0.010555251501500607,0.0,11.983491745872936,0.0010475103044882417,0.01255283108755169,0.0,0.30509454011917114,0.0,500.0,0.0004176293732598424,0.2088146866299212,200.0,0.00046166550600901246,0.09233310120180249,0.7988994497248624,0.06357433646917343,0.050789502421845906,0.0,0.0,0.0
1599,0.5594401955604553,1.0,0.0003065156051889062,0.0003065156051889062,20.0,0.003188248723745346,0.06376497447490692,20.0,7.669770275242627e-05,0.0015339540550485253,10.0,0.012918860651552677,0.12918860651552677,0.0,0.010515645146369934,0.0,11.990995497748875,0.0010709333000704646,0.012841556379534286,0.0,0.305276483297348,0.0,500.0,0.0004177077207714319,0.20885386038571596,200.0,0.00046090074465610087,0.09218014893122017,0.799399699849925,0.06351086497306824,0.050770566396679866,0.0,0.0,0.0
1600,0.5571162700653076,1.0,0.00030867481837049127,0.00030867481837049127,20.0,0.0032023785170167685,0.06404757034033537,20.0,7.732238009339198e-05,0.0015464476018678397,10.0,0.012916387990117073,0.12916387990117073,0.0,0.010514826513826847,0.0,11.998499249624812,0.001043905271217227,0.012525296613379283,0.0,0.3054622411727905,0.0,500.0,0.0004134391201660037,0.20671956008300185,200.0,0.00046016674605198205,0.09203334921039641,0.7998999499749875,0.06347232311964035,0.050771508088196554,0.0,0.0,0.0
1601,0.5570998191833496,1.0,0.00030995113775134087,0.00030995113775134087,20.0,0.0032091874163597822,0.06418374832719564,20.0,7.804250344634056e-05,0.0015608500689268112,10.0,0.01290231291204691,0.1290231291204691,0.0,0.010552073828876019,0.0,12.00600300150075,0.0011701909825205803,0.014049316448471199,0.0,0.3055746853351593,0.0,500.0,0.0004103562969248742,0.2051781484624371,200.0,0.00046010108781047165,0.09202021756209433,0.80040020010005,0.0634363666176796,0.05077448053441088,0.0,0.0,0.0
1602,0.5562978982925415,1.0,0.0003098777960985899,0.0003098777960985899,20.0,0.0032140719704329967,0.06428143940865993,20.0,7.943926902953535e-05,0.001588785380590707,10.0,0.012889377772808075,0.12889377772808075,0.0,0.010592609643936157,0.0,12.013506753376689,0.001120441360399127,0.013460429849917476,0.0,0.3056233823299408,0.0,500.0,0.00040995905874297023,0.20497952937148511,200.0,0.0004598956147674471,0.09197912295348942,0.8009004502251126,0.06343472748994827,0.0508049018066069,0.0,0.0,0.0
1603,0.5549238920211792,1.0,0.0003094318672083318,0.0003094318672083318,20.0,0.0032061473466455936,0.06412294693291187,20.0,7.732350786682218e-05,0.0015464701573364437,10.0,0.012873830273747444,0.12873830273747444,0.0,0.01061052456498146,0.0,12.021010505252626,0.0010816846042871475,0.01300294199150583,0.0,0.3054162561893463,0.0,500.0,0.0004087591660209,0.20437958301045,200.0,0.0004599764943122864,0.09199529886245728,0.8014007003501751,0.06342514604330063,0.050828956458913256,0.0,0.0,0.0
1604,0.55290287733078,1.0,0.00030868774047121406,0.00030868774047121406,20.0,0.0031865816563367844,0.06373163312673569,20.0,7.527678098995239e-05,0.0015055356197990477,10.0,0.012868556194007397,0.12868556194007397,0.0,0.010630806908011436,0.0,12.028514257128565,0.000957049778662622,0.011511886907425085,0.0,0.30524978041648865,0.0,500.0,0.00040832292870618403,0.20416146435309201,200.0,0.0004606261500157416,0.09212523000314832,0.8019009504752376,0.06344035267829895,0.05087287911121221,0.0,0.0,0.0
1605,0.5563088655471802,1.0,0.00030726054683327675,0.00030726054683327675,20.0,0.003174771321937442,0.06349542643874884,20.0,7.489590643672273e-05,0.0014979181287344545,10.0,0.01287123467773199,0.1287123467773199,0.0,0.010638870298862457,0.0,12.036018009004502,0.0011817440390586853,0.014223492536144057,0.0,0.305021733045578,0.0,500.0,0.0004098692734260112,0.2049346367130056,200.0,0.00046101948828436434,0.09220389765687287,0.8024012006003002,0.06347683817148209,0.05093389115910819,0.0,0.0,0.0
1606,0.5556734800338745,1.0,0.0003069537051487714,0.0003069537051487714,20.0,0.003161676926538348,0.06323353853076696,20.0,7.500183710362762e-05,0.0015000367420725524,10.0,0.012882228009402752,0.12882228009402752,0.0,0.010640155524015427,0.0,12.04352176088044,0.001109966542571783,0.013367906209312495,0.0,0.3050064444541931,0.0,500.0,0.00041051290463656187,0.20525645231828094,200.0,0.0004611336044035852,0.09222672088071704,0.8029014507253627,0.0634693130850792,0.05095960355255233,0.0,0.0,0.0
1607,0.5545599460601807,1.0,0.00030695469467900693,0.00030695469467900693,20.0,0.0031513511203229427,0.06302702240645885,20.0,7.561565143987536e-05,0.0015123130287975073,10.0,0.012895718216896057,0.12895718216896057,0.0,0.010643300600349903,0.0,12.051025512756379,0.0009850836358964443,0.011871268028386867,0.0,0.3050664961338043,0.0,500.0,0.0004113555187359452,0.2056777593679726,200.0,0.0004609733005054295,0.0921946601010859,0.8034017008504252,0.06349595636129379,0.05101275933778781,0.0,0.0,0.0
1608,0.5573810935020447,1.0,0.00030578082078136504,0.00030578082078136504,20.0,0.0031455790158361197,0.06291158031672239,20.0,7.40331452107057e-05,0.001480662904214114,10.0,0.012907801195979118,0.12907801195979118,0.0,0.010591810569167137,0.0,12.058529264632316,0.0010715213138610125,0.012920971120870288,0.0,0.3048551082611084,0.0,500.0,0.00041460178908891976,0.20730089454445988,200.0,0.00046163107617758214,0.09232621523551643,0.8039019509754878,0.06351148337125778,0.05105700539150138,0.0,0.0,0.0
1609,0.5579538345336914,1.0,0.0003049708902835846,0.0003049708902835846,20.0,0.0031366627663373947,0.0627332553267479,20.0,7.234800432343036e-05,0.0014469600864686072,10.0,0.012917415238916874,0.12917415238916874,0.0,0.010562351904809475,0.0,12.066033016508253,0.0010298759443685412,0.012426517147658436,0.0,0.30478793382644653,0.0,500.0,0.0004167036968283355,0.20835184841416776,200.0,0.00046222948003560305,0.09244589600712061,0.8044022011005503,0.0634884163737297,0.05107022187541639,0.0,0.0,0.0
1610,0.5571195483207703,1.0,0.00030451364000327885,0.00030451364000327885,20.0,0.003135086502879858,0.06270173005759716,20.0,7.136579370126128e-05,0.0014273158740252256,10.0,0.012922372668981552,0.12922372668981552,0.0,0.010541724041104317,0.0,12.073536768384193,0.0009207029361277819,0.011116140752098057,0.0,0.3047577738761902,0.0,500.0,0.00041764607885852456,0.20882303942926228,200.0,0.00046230561565607786,0.09246112313121557,0.8049024512256128,0.06343863159418106,0.051061910072554936,0.0,0.0,0.0
1611,0.5561910271644592,1.0,0.0003047271748073399,0.0003047271748073399,20.0,0.003134526312351227,0.06269052624702454,20.0,7.187142182374373e-05,0.0014374284364748746,10.0,0.012922832742333412,0.12922832742333412,0.0,0.010562904179096222,0.0,12.08104052026013,0.0009479254367761314,0.011451925611877726,0.0,0.30498743057250977,0.0,500.0,0.0004152789479121566,0.2076394739560783,200.0,0.00046197063056752086,0.09239412611350417,0.8054027013506754,0.06337762624025345,0.05104451137909358,0.0,0.0,0.0
1612,0.5542223453521729,1.0,0.00030508424970321357,0.00030508424970321357,20.0,0.003144083544611931,0.06288167089223862,20.0,7.289925997611135e-05,0.001457985199522227,10.0,0.012905954383313656,0.12905954383313656,0.0,0.010582168586552143,0.0,12.088544272136067,0.0008762785000726581,0.010592931442849314,0.0,0.30526259541511536,0.0,500.0,0.0004129544831812382,0.2064772415906191,200.0,0.00046176230534911156,0.09235246106982231,0.8059029514757379,0.0634014680981636,0.051095430268204886,0.0,0.0,0.0
1613,0.5600102543830872,1.0,0.00030590457026846707,0.00030590457026846707,20.0,0.0031761527061462402,0.0635230541229248,20.0,7.61912961024791e-05,0.001523825922049582,10.0,0.012898466549813747,0.12898466549813747,0.0,0.010561850853264332,0.0,12.096048024012006,0.0012587194796651602,0.015225531274789181,0.0,0.30556991696357727,0.0,500.0,0.0004141677636653185,0.20708388183265924,200.0,0.00046110834227874875,0.09222166845574975,0.8064032016008004,0.06341955810785294,0.0511417347022806,0.0,0.0,0.0
1614,0.5597158074378967,1.0,0.00030738761415705085,0.00030738761415705085,20.0,0.0032002502121031284,0.06400500424206257,20.0,7.741182344034314e-05,0.0015482364688068628,10.0,0.012891393154859543,0.12891393154859543,0.0,0.01053414586931467,0.0,12.103551775887944,0.0012478982098400593,0.015104000593837034,0.0,0.30559414625167847,0.0,500.0,0.0004128823056817055,0.20644115284085274,200.0,0.0004609374445863068,0.09218748891726136,0.806903451725863,0.06346314400434494,0.05120862995448144,0.0,0.0,0.0
1615,0.5552563071250916,1.0,0.00030900465208105743,0.00030900465208105743,20.0,0.0032103187404572964,0.06420637480914593,20.0,7.698534318478778e-05,0.0015397068636957556,10.0,0.012886439450085163,0.12886439450085163,0.0,0.010509819723665714,0.0,12.111055527763883,0.0009698026115074754,0.011745333278937458,0.0,0.3055092990398407,0.0,500.0,0.00041013272129930556,0.20506636064965278,200.0,0.0004612652992364019,0.09225305984728038,0.8074037018509255,0.06350239366292953,0.05127206771984406,0.0,0.0,0.0
1616,0.5563748478889465,1.0,0.00030926623730920255,0.00030926623730920255,20.0,0.0032184328883886337,0.06436865776777267,20.0,7.736467523500323e-05,0.0015472935047000647,10.0,0.012884547933936119,0.1288454793393612,0.0,0.01049103494733572,0.0,12.11855927963982,0.00103667750954628,0.012563037853305968,0.0,0.30546361207962036,0.0,500.0,0.0004104547842871398,0.2052273921435699,200.0,0.00046092341654002666,0.09218468330800533,0.807903951975988,0.06353361904621124,0.05132906191077096,0.0,0.0,0.0
1617,0.559081494808197,1.0,0.0003085912321694195,0.0003085912321694195,20.0,0.0032212412916123867,0.06442482583224773,20.0,7.81334238126874e-05,0.001562668476253748,10.0,0.012885810807347298,0.12885810807347298,0.0,0.010480871424078941,0.0,12.126063031515757,0.0011620010482147336,0.01409049795333924,0.0,0.30548417568206787,0.0,500.0,0.0004126845742575824,0.2063422871287912,200.0,0.0004604744026437402,0.09209488052874804,0.8084042021010506,0.06358164548873901,0.05139966938959593,0.0,0.0,0.0
1618,0.5595764517784119,1.0,0.0003084894851781428,0.0003084894851781428,20.0,0.003214852884411812,0.06429705768823624,20.0,7.710936915827915e-05,0.001542187383165583,10.0,0.012889385223388672,0.12889385223388672,0.0,0.010459203273057938,0.0,12.133566783391696,0.0012068916112184525,0.014643899965034301,0.0,0.30524715781211853,0.0,500.0,0.0004125593404751271,0.20627967023756355,200.0,0.00046059279702603817,0.09211855940520763,0.8089044522261131,0.06365742534399033,0.05149277477800518,0.0,0.0,0.0
1619,0.5570255517959595,1.0,0.0003086289798375219,0.0003086289798375219,20.0,0.003198409453034401,0.06396818906068802,20.0,7.538366480730474e-05,0.0015076732961460948,10.0,0.012894499115645885,0.12894499115645885,0.0,0.010447293519973755,0.0,12.141070535267634,0.0010421157348901033,0.01265240064321301,0.0,0.3052156865596771,0.0,500.0,0.00041181856067851186,0.20590928033925593,200.0,0.0004609075840562582,0.09218151681125164,0.8094047023511756,0.06369231641292572,0.051552860408261035,0.0,0.0,0.0
1620,0.5577120184898376,1.0,0.00030767632415518165,0.00030767632415518165,20.0,0.0031834333203732967,0.06366866640746593,20.0,7.46467339922674e-05,0.001492934679845348,10.0,0.012901006266474724,0.12901006266474724,0.0,0.010445751249790192,0.0,12.148574287143571,0.0010528499260544777,0.012790625539886438,0.0,0.30490347743034363,0.0,500.0,0.00041325122583657503,0.20662561291828752,200.0,0.0004610298201441765,0.0922059640288353,0.8099049524762382,0.0637240782380104,0.0516104465569479,0.0,0.0,0.0
1621,0.5591895580291748,1.0,0.00030590855749323964,0.00030590855749323964,20.0,0.003175355028361082,0.06350710056722164,20.0,7.459147309418768e-05,0.0014918294618837535,10.0,0.012908539734780788,0.12908539734780788,0.0,0.010437114164233208,0.0,12.15607803901951,0.000966507475823164,0.011748940301402144,0.0,0.30466195940971375,0.0,500.0,0.000417990202549845,0.2089951012749225,200.0,0.0004619777319021523,0.09239554638043046,0.8104052026013007,0.06374549120664597,0.05165967771624135,0.0,0.0,0.0
1622,0.5594050884246826,1.0,0.0003045477787964046,0.0003045477787964046,20.0,0.003151223063468933,0.06302446126937866,20.0,7.380966417258605e-05,0.001476193283451721,10.0,0.012909441255033016,0.12909441255033016,0.0,0.010479274205863476,0.0,12.163581790895448,0.0009842223953455687,0.011971669606216859,0.0,0.3045338988304138,0.0,500.0,0.0004183368000667542,0.2091684000333771,200.0,0.0004634298093151301,0.09268596186302602,0.8109054527263632,0.06373061239719391,0.0516795010984749,0.0,0.0,0.0
1623,0.5581325888633728,1.0,0.0003040117444470525,0.0003040117444470525,20.0,0.0031181438826024532,0.062362877652049065,20.0,7.35647845431231e-05,0.001471295690862462,10.0,0.012904628179967403,0.12904628179967403,0.0,0.010580253787338734,0.0,12.171085542771385,0.001104233437217772,0.01343971962356598,0.0,0.3047124743461609,0.0,500.0,0.00041383714415133,0.206918572075665,200.0,0.00046458918950520456,0.09291783790104091,0.8114057028514257,0.06368202716112137,0.05167196000767326,0.0,0.0,0.0
1624,0.5576995015144348,1.0,0.0003042296739295125,0.0003042296739295125,20.0,0.00310950493440032,0.0621900986880064,20.0,7.383085903711617e-05,0.0014766171807423234,10.0,0.012898394837975502,0.12898394837975502,0.0,0.010640863329172134,0.0,12.178589294647324,0.0011898728553205729,0.014490972817798573,0.0,0.30480706691741943,0.0,500.0,0.00041135126957669854,0.20567563478834927,200.0,0.0004646540037356317,0.09293080074712634,0.8119059529764883,0.06361229717731476,0.05164720276077131,0.0,0.0,0.0
1625,0.5560937523841858,1.0,0.00030492013320326805,0.00030492013320326805,20.0,0.003125570248812437,0.06251140497624874,20.0,7.469393312931061e-05,0.0014938786625862122,10.0,0.012896943837404251,0.1289694383740425,0.0,0.0106412498280406,0.0,12.186093046523261,0.0010923983063548803,0.013312067405104995,0.0,0.3049195408821106,0.0,500.0,0.00041046334081329405,0.20523167040664703,200.0,0.00046327640302479267,0.09265528060495853,0.8124062031015508,0.06353355944156647,0.0516150577954497,0.0,0.0,0.0
1626,0.5575549006462097,1.0,0.0003058181027881801,0.0003058181027881801,20.0,0.0031592126470059156,0.06318425294011831,20.0,7.519232894992456e-05,0.0015038465789984912,10.0,0.01289998646825552,0.1289998646825552,0.0,0.010575498454272747,0.0,12.1935967983992,0.0011078184470534325,0.013508291469198309,0.0,0.30504077672958374,0.0,500.0,0.0004122905957046896,0.2061452978523448,200.0,0.0004616610240191221,0.09233220480382442,0.8129064532266133,0.06344561278820038,0.051575348064445026,0.0,0.0,0.0
1627,0.5595265626907349,1.0,0.0003075539134442806,0.0003075539134442806,20.0,0.003185712732374668,0.06371425464749336,20.0,7.459262269549072e-05,0.0014918524539098144,10.0,0.012904126197099686,0.12904126197099686,0.0,0.010505610145628452,0.0,12.201100550275138,0.0012372620403766632,0.015095958561674245,0.0,0.3053017258644104,0.0,500.0,0.00041233203955926,0.20616601977963,200.0,0.00046080310130491853,0.0921606202609837,0.8134067033516759,0.06337419897317886,0.05154899826432658,0.0,0.0,0.0
1628,0.5560241341590881,1.0,0.0003096721484325826,0.0003096721484325826,20.0,0.003199352417141199,0.06398704834282398,20.0,7.327615458052605e-05,0.001465523091610521,10.0,0.012914944440126419,0.1291494444012642,0.0,0.010437849909067154,0.0,12.208604302151075,0.0009167558746412396,0.01119230971516731,0.0,0.30516305565834045,0.0,500.0,0.0004120728117413819,0.20603640587069094,200.0,0.0004618027596734464,0.09236055193468928,0.8139069534767384,0.06330355256795883,0.05152320161484193,0.0,0.0,0.0
1629,0.5570880174636841,1.0,0.0003103666822426021,0.0003103666822426021,20.0,0.003211152506992221,0.06422305013984442,20.0,7.314216054510325e-05,0.001462843210902065,10.0,0.012931513600051403,0.12931513600051403,0.0,0.010377190075814724,0.0,12.216108054027014,0.0008658128790557384,0.010576863685113123,0.0,0.30513083934783936,0.0,500.0,0.00041436022729612887,0.20718011364806443,200.0,0.00046257994836196303,0.0925159896723926,0.8144072036018009,0.06324063986539841,0.05150363266676768,0.0,0.0,0.0
1630,0.5602154731750488,1.0,0.0003098215674981475,0.0003098215674981475,20.0,0.0032173064537346363,0.06434612907469273,20.0,7.442961941706017e-05,0.0014885923883412033,10.0,0.012951536104083061,0.1295153610408306,0.0,0.010347279720008373,0.0,12.223611805902951,0.0010021687485277653,0.012250121746010978,0.0,0.3051891326904297,0.0,500.0,0.00041698626591823995,0.20849313295911998,200.0,0.00046166370157152414,0.09233274031430483,0.8149074537268635,0.0631723403930664,0.05147961105568043,0.0,0.0,0.0
1631,0.5601084232330322,1.0,0.00030858005629852414,0.00030858005629852414,20.0,0.0031969610136002302,0.0639392202720046,20.0,7.602359255542979e-05,0.0015204718511085957,10.0,0.012969126924872398,0.12969126924872398,0.0,0.010398774407804012,0.0,12.231115557778889,0.001039983006194234,0.012720152326887953,0.0,0.3053102195262909,0.0,500.0,0.000416693976148963,0.2083469880744815,200.0,0.000460643379483372,0.0921286758966744,0.815407703851926,0.06310100853443146,0.05145304847980154,0.0,0.0,0.0
1632,0.5600084066390991,1.0,0.0003073238767683506,0.0003073238767683506,20.0,0.0031731221824884415,0.06346244364976883,20.0,7.717062544543296e-05,0.0015434125089086592,10.0,0.012977038510143757,0.12977038510143757,0.0,0.010477590374648571,0.0,12.238619309654828,0.0010971659794449806,0.013427796741931692,0.0,0.3053542375564575,0.0,500.0,0.00041587260784581304,0.20793630392290652,200.0,0.00046055199345573783,0.09211039869114757,0.8159079539769885,0.06305903196334839,0.0514503657489851,0.0,0.0,0.0
1633,0.5584590435028076,1.0,0.0003062864998355508,0.0003062864998355508,20.0,0.0031459960155189037,0.06291992031037807,20.0,7.681793795200065e-05,0.001536358759040013,10.0,0.012970341369509697,0.12970341369509697,0.0,0.010573853738605976,0.0,12.246123061530765,0.0011260815663263202,0.013790133438553436,0.0,0.30529680848121643,0.0,500.0,0.0004129951121285558,0.2064975560642779,200.0,0.0004611758340615779,0.09223516681231558,0.8164082041020511,0.06304474174976349,0.05147024439000201,0.0,0.0,0.0
1634,0.5567928552627563,1.0,0.0003062332980334759,0.0003062332980334759,20.0,0.0031339838169515133,0.06267967633903027,20.0,7.51326879253611e-05,0.001502653758507222,10.0,0.012957394123077393,0.12957394123077393,0.0,0.010622834786772728,0.0,12.253626813406703,0.0011455877684056759,0.014037604996046537,0.0,0.3051612675189972,0.0,500.0,0.00040980096673592925,0.20490048336796463,200.0,0.00046139105688780546,0.09227821137756109,0.8169084542271136,0.06305975466966629,0.051514046711138094,0.0,0.0,0.0
1635,0.5559111833572388,1.0,0.00030644232174381614,0.00030644232174381614,20.0,0.0031456858851015568,0.06291371770203114,20.0,7.509082206524909e-05,0.0015018164413049817,10.0,0.012952931225299835,0.12952931225299835,0.0,0.010615620762109756,0.0,12.261130565282642,0.0010766456834971905,0.013200893297907024,0.0,0.3050804138183594,0.0,500.0,0.0004093795723747462,0.2046897861873731,200.0,0.00046099419705569744,0.09219883941113949,0.817408704352176,0.06309008598327637,0.05157038544105732,0.0,0.0,0.0
1636,0.5586745738983154,1.0,0.00030703909578733146,0.00030703909578733146,20.0,0.0031698811799287796,0.06339762359857559,20.0,7.821489998605102e-05,0.0015642979997210205,10.0,0.012956022284924984,0.12956022284924984,0.0,0.01060841977596283,0.0,12.268634317158579,0.001170279923826456,0.014357736434138986,0.0,0.30530881881713867,0.0,500.0,0.00041151809273287654,0.20575904636643827,200.0,0.00046054553240537643,0.09210910648107529,0.8179089544772387,0.0631115585565567,0.05161950887442232,0.0,0.0,0.0
1637,0.560061514377594,1.0,0.0003082756884396076,0.0003082756884396076,20.0,0.0031854286789894104,0.06370857357978821,20.0,7.933790038805455e-05,0.001586758007761091,10.0,0.012957706116139889,0.1295770611613989,0.0,0.010596959851682186,0.0,12.276138069034518,0.0012543671764433384,0.015398784647283404,0.0,0.3053493797779083,0.0,500.0,0.00041169358883053064,0.20584679441526532,200.0,0.00045984043390490115,0.09196808678098023,0.8184092046023012,0.0631311908364296,0.05166714767803843,0.0,0.0,0.0
1638,0.5559223294258118,1.0,0.00030894094379618764,0.00030894094379618764,20.0,0.0031857737340033054,0.06371547468006611,20.0,7.707816257607192e-05,0.0015415632515214384,10.0,0.012956099584698677,0.12956099584698677,0.0,0.01057029515504837,0.0,12.283641820910455,0.000994297442957759,0.012213593652740256,0.0,0.3052798807621002,0.0,500.0,0.00040983373764902353,0.20491686882451177,200.0,0.0004596974467858672,0.09193948935717344,0.8189094547273637,0.06316374242305756,0.05172538586620571,0.0,0.0,0.0
1639,0.5577012896537781,1.0,0.0003084178897552192,0.0003084178897552192,20.0,0.00319100683555007,0.0638201367110014,20.0,7.35288776922971e-05,0.001470577553845942,10.0,0.012954707257449627,0.12954707257449627,0.0,0.010497593320906162,0.0,12.291145572786393,0.0010213806526735425,0.012553938287238088,0.0,0.30501267313957214,0.0,500.0,0.0004121910023968667,0.20609550119843334,200.0,0.0004607377341017127,0.09214754682034254,0.8194097048524263,0.06316513568162918,0.05175812518584723,0.0,0.0,0.0
1640,0.5568445920944214,1.0,0.00030751980375498533,0.00030751980375498533,20.0,0.0031824391335248947,0.0636487826704979,20.0,7.253242074511945e-05,0.001450648414902389,10.0,0.012960126623511314,0.12960126623511314,0.0,0.010490413755178452,0.0,12.298649324662332,0.0008982631261460483,0.011047423189745172,0.0,0.30478301644325256,0.0,500.0,0.00041351845720782876,0.20675922860391438,200.0,0.0004613554337993264,0.09227108675986528,0.8199099549774888,0.06312721967697144,0.051758635843199695,0.0,0.0,0.0
1641,0.557709813117981,1.0,0.0003069772501476109,0.0003069772501476109,20.0,0.0031704853754490614,0.06340970750898123,20.0,7.431420090142637e-05,0.0014862840180285275,10.0,0.01297570951282978,0.1297570951282978,0.0,0.010525410063564777,0.0,12.30615307653827,0.0009983998024836183,0.01228646080094898,0.0,0.3048866093158722,0.0,500.0,0.0004129818989895284,0.2064909494947642,200.0,0.00046087877126410604,0.09217575425282121,0.8204102051025512,0.06313492357730865,0.05179653560119369,0.0,0.0,0.0
1642,0.5571858286857605,1.0,0.00030636449810117483,0.00030636449810117483,20.0,0.0031568293925374746,0.06313658785074949,20.0,7.590449240524322e-05,0.0015180898481048644,10.0,0.01297704316675663,0.1297704316675663,0.0,0.010571811348199844,0.0,12.313656828414207,0.0009603557409718633,0.011825491027524969,0.0,0.30503344535827637,0.0,500.0,0.00041324523044750094,0.20662261522375047,200.0,0.0004609703319147229,0.09219406638294458,0.8209104552276139,0.06311547011137009,0.051812149301029675,0.0,0.0,0.0
1643,0.5567931532859802,1.0,0.0003057645517401397,0.0003057645517401397,20.0,0.0031500826589763165,0.06300165317952633,20.0,7.632366032339633e-05,0.0015264732064679265,10.0,0.012971148826181889,0.12971148826181889,0.0,0.010600785724818707,0.0,12.321160580290146,0.0009211100405082107,0.011349144721219225,0.0,0.30505043268203735,0.0,500.0,0.000413570087403059,0.2067850437015295,200.0,0.0004612831398844719,0.09225662797689438,0.8214107053526764,0.06313161551952362,0.051856984833945866,0.0,0.0,0.0
1644,0.5583059191703796,1.0,0.00030625390354543924,0.00030625390354543924,20.0,0.0031489066313952208,0.06297813262790442,20.0,7.583298429381102e-05,0.0015166596858762205,10.0,0.012959564104676247,0.12959564104676247,0.0,0.010622917674481869,0.0,12.328664332166083,0.0011607647174969316,0.01431067857064126,0.0,0.3051060438156128,0.0,500.0,0.0004109522560611367,0.20547612803056836,200.0,0.00046121401828713715,0.09224280365742743,0.8219109554777388,0.06312067806720734,0.05187957682062114,0.0,0.0,0.0
1645,0.556088387966156,1.0,0.0003069725935347378,0.0003069725935347378,20.0,0.00315810926258564,0.0631621852517128,20.0,7.390605605905876e-05,0.0014781211211811751,10.0,0.012953735888004303,0.12953735888004303,0.0,0.010584432631731033,0.0,12.33616808404202,0.0009994792053475976,0.012329743473672715,0.0,0.3051587641239166,0.0,500.0,0.00041033135494217277,0.20516567747108638,200.0,0.00046110962284728885,0.09222192456945777,0.8224112056028015,0.06309057027101517,0.05188639195875385,0.0,0.0,0.0
1646,0.5574889779090881,1.0,0.00030783453257754445,0.00030783453257754445,20.0,0.0031845306511968374,0.06369061302393675,20.0,7.452642603311688e-05,0.0014905285206623375,10.0,0.012957172468304634,0.12957172468304634,0.0,0.010527700185775757,0.0,12.34367183591796,0.0009993474232032895,0.01233561664209163,0.0,0.30527129769325256,0.0,500.0,0.0004121781967114657,0.20608909835573286,200.0,0.0004605649155564606,0.09211298311129212,0.822911455727864,0.06305735558271408,0.05189062027692079,0.0,0.0,0.0
1647,0.5558541417121887,1.0,0.00030912982765585184,0.00030912982765585184,20.0,0.0032019242644309998,0.06403848528862,20.0,7.538712088717148e-05,0.0015077424177434295,10.0,0.012964637018740177,0.12964637018740177,0.0,0.01048895064741373,0.0,12.351175587793897,0.000814206781797111,0.010056410926748709,0.0,0.30520302057266235,0.0,500.0,0.00041260605212301016,0.20630302606150508,200.0,0.0004604525165632367,0.09209050331264734,0.8234117058529264,0.06303346902132034,0.05190249625267298,0.0,0.0,0.0
1648,0.5597319006919861,1.0,0.00030936309485696256,0.00030936309485696256,20.0,0.00320628983899951,0.0641257967799902,20.0,7.775276753818616e-05,0.0015550553507637233,10.0,0.01297378446906805,0.1297378446906805,0.0,0.010504829697310925,0.0,12.358679339669836,0.0010873433202505112,0.013438127427107994,0.0,0.3053390383720398,0.0,500.0,0.00041320768650621176,0.20660384325310588,200.0,0.0004603177949320525,0.0920635589864105,0.8239119559779889,0.06299009919166565,0.051898295832252785,0.0,0.0,0.0
1649,0.5591734647750854,1.0,0.0003100103931501508,0.0003100103931501508,20.0,0.0031976867467164993,0.06395373493432999,20.0,7.847709639463574e-05,0.0015695419278927147,10.0,0.01297666970640421,0.1297666970640421,0.0,0.010539798066020012,0.0,12.366183091545773,0.0011318810284137726,0.013997048035211835,0.0,0.30540528893470764,0.0,500.0,0.000411153887398541,0.2055769436992705,200.0,0.0004604035639204085,0.0920807127840817,0.8244122061030515,0.06297670304775238,0.05191876269269431,0.0,0.0,0.0
1650,0.557763397693634,1.0,0.00030950200743973255,0.00030950200743973255,20.0,0.0031887865625321865,0.06377573125064373,20.0,7.949614519020543e-05,0.0015899229038041085,10.0,0.012977903708815575,0.12977903708815575,0.0,0.010581271722912788,0.0,12.37368684342171,0.0010115137556567788,0.012516154450310367,0.0,0.3053719699382782,0.0,500.0,0.00041155083454214036,0.20577541727107018,200.0,0.0004603325214702636,0.09206650429405272,0.824912456228114,0.06297775357961655,0.05195113339309039,0.0,0.0,0.0
1651,0.5616783499717712,1.0,0.0003083159390371293,0.0003083159390371293,20.0,0.0031859534792602062,0.06371906958520412,20.0,7.94142106315121e-05,0.0015882842126302421,10.0,0.012977632693946362,0.12977632693946362,0.0,0.010589580982923508,0.0,12.38119059529765,0.00122548989020288,0.015173023903212245,0.0,0.3053944408893585,0.0,500.0,0.0004141289391554892,0.2070644695777446,200.0,0.0004603401175700128,0.09206802351400256,0.8254127063531765,0.06297560036182404,0.05198086072886926,0.0,0.0,0.0
1652,0.560520589351654,1.0,0.0003077866858802736,0.0003077866858802736,20.0,0.0031744111329317093,0.06348822265863419,20.0,7.760978769510984e-05,0.0015521957539021969,10.0,0.012970617040991783,0.12970617040991783,0.0,0.010608545504510403,0.0,12.388694347173587,0.001213297713547945,0.015031174525270065,0.0,0.3051047921180725,0.0,500.0,0.00041258620331063867,0.20629310165531933,200.0,0.0004606143629644066,0.09212287259288132,0.8259129564782391,0.0629836842417717,0.052019040862013546,0.0,0.0,0.0
1653,0.5550567507743835,1.0,0.00030816756770946085,0.00030816756770946085,20.0,0.003160230815410614,0.06320461630821228,20.0,7.464316149707884e-05,0.0014928632299415767,10.0,0.012967050075531006,0.12967050075531006,0.0,0.010609887540340424,0.0,12.396198099049524,0.0008935836376622319,0.011077039790530319,0.0,0.3048512041568756,0.0,500.0,0.0004100061487406492,0.2050030743703246,200.0,0.00046125578228384256,0.09225115645676851,0.8264132066033016,0.06298215687274933,0.05204928622000095,0.0,0.0,0.0
1654,0.5555762052536011,1.0,0.00030838148086331785,0.00030838148086331785,20.0,0.0031630415469408035,0.06326083093881607,20.0,7.393294072244316e-05,0.0014786588144488633,10.0,0.012970303185284138,0.12970303185284138,0.0,0.010585526004433632,0.0,12.403701850925463,0.0008897731313481927,0.011036480636207322,0.0,0.30479544401168823,0.0,500.0,0.00041081529343500733,0.20540764671750367,200.0,0.0004614746430888772,0.09229492861777544,0.8269134567283641,0.0629887655377388,0.05208625784586405,0.0,0.0,0.0
1655,0.5584816932678223,1.0,0.0003084044437855482,0.0003084044437855482,20.0,0.003179972991347313,0.06359945982694626,20.0,7.530301081715152e-05,0.0015060602163430303,10.0,0.012979892082512379,0.1297989208251238,0.0,0.01054481603205204,0.0,12.4112056028014,0.0009668837301433086,0.01200019276881215,0.0,0.3048107624053955,0.0,500.0,0.0004138578078709543,0.20692890393547714,200.0,0.00046111270785331726,0.09222254157066345,0.8274137068534267,0.06298811733722687,0.05211723165371348,0.0,0.0,0.0
1656,0.5577926635742188,1.0,0.0003085491480305791,0.0003085491480305791,20.0,0.0031776074320077896,0.06355214864015579,20.0,7.645350706297904e-05,0.0015290701412595809,10.0,0.01298491656780243,0.1298491656780243,0.0,0.010563704185187817,0.0,12.418709354677338,0.000933716946747154,0.011595559381189642,0.0,0.3049439787864685,0.0,500.0,0.0004133164184167981,0.20665820920839906,200.0,0.0004607861046679318,0.09215722093358636,0.8279139569784892,0.06298087537288666,0.052142745743935674,0.0,0.0,0.0
1657,0.5577990412712097,1.0,0.0003086123615503311,0.0003086123615503311,20.0,0.0031673647463321686,0.06334729492664337,20.0,7.749743235763162e-05,0.0015499486471526325,10.0,0.012983410619199276,0.12983410619199276,0.0,0.010614226572215557,0.0,12.426213106553277,0.0010177275398746133,0.012646499294890142,0.0,0.305120050907135,0.0,500.0,0.00041157339001074433,0.20578669500537217,200.0,0.0004608699236996472,0.09217398473992944,0.8284142071035517,0.06295394152402878,0.05215193955167166,0.0,0.0,0.0
1658,0.5584374070167542,1.0,0.0003081471659243107,0.0003081471659243107,20.0,0.0031645987182855606,0.06329197436571121,20.0,7.796031422913074e-05,0.001559206284582615,10.0,0.012983090244233608,0.12983090244233608,0.0,0.010635925456881523,0.0,12.433716858429214,0.0010653514182195067,0.013246277888867354,0.0,0.3052055537700653,0.0,500.0,0.0004116173950023949,0.20580869750119746,200.0,0.00046116640442050993,0.09223328088410199,0.8289144572286143,0.06292430311441422,0.052158864562573466,0.0,0.0,0.0
1659,0.5605152249336243,1.0,0.00030718150082975626,0.00030718150082975626,20.0,0.00317315268330276,0.0634630536660552,20.0,7.79533147579059e-05,0.001559066295158118,10.0,0.01298374030739069,0.1298374030739069,0.0,0.010622363537549973,0.0,12.441220610305152,0.0011100956471636891,0.013810944844902926,0.0,0.30517494678497314,0.0,500.0,0.00041421278729103506,0.20710639364551753,200.0,0.00046137443860061467,0.09227488772012293,0.8294147073536768,0.06288324296474457,0.052156286561053776,0.0,0.0,0.0
1660,0.5615966320037842,1.0,0.00030699867056682706,0.00030699867056682706,20.0,0.0031743980944156647,0.0634879618883133,20.0,7.629045285284519e-05,0.0015258090570569038,10.0,0.012980972416698933,0.12980972416698933,0.0,0.010612031444907188,0.0,12.44872436218109,0.0012275774497538805,0.015281773305215266,0.0,0.3051378130912781,0.0,500.0,0.0004133959882892668,0.2066979941446334,200.0,0.0004614831123035401,0.09229662246070802,0.8299149574787393,0.06288564950227737,0.052189741132705435,0.0,0.0,0.0
1661,0.5566840171813965,1.0,0.0003079181187786162,0.0003079181187786162,20.0,0.003171902848407626,0.06343805696815252,20.0,7.408702367683873e-05,0.0014817404735367745,10.0,0.01297725085169077,0.1297725085169077,0.0,0.010606827214360237,0.0,12.456228114057028,0.0009615999297238886,0.011977908079101963,0.0,0.3051164746284485,0.0,500.0,0.0004103121464140713,0.20515607320703566,200.0,0.0004616975493263453,0.09233950986526906,0.8304152076038019,0.0628724917769432,0.052210273311518625,0.0,0.0,0.0
1662,0.5554082989692688,1.0,0.0003086914657615125,0.0003086914657615125,20.0,0.0031865485943853855,0.06373097188770771,20.0,7.395203283522278e-05,0.0014790406567044556,10.0,0.012981283478438854,0.12981283478438854,0.0,0.010572478175163269,0.0,12.463731865932967,0.000820374523755163,0.010224928093726807,0.0,0.3051394820213318,0.0,500.0,0.00041073618922382593,0.20536809461191297,200.0,0.00046134882722981274,0.09226976544596255,0.8309154577288644,0.0628390982747078,0.05221397810619792,0.0,0.0,0.0
1663,0.557999312877655,1.0,0.00030847382731735706,0.00030847382731735706,20.0,0.0032018607016652822,0.06403721403330564,20.0,7.519700739067048e-05,0.0015039401478134096,10.0,0.012990918010473251,0.1299091801047325,0.0,0.010544571094214916,0.0,12.471235617808905,0.0009022384183481336,0.011252027898658814,0.0,0.3051277697086334,0.0,500.0,0.00041321790195070207,0.20660895097535104,200.0,0.0004607955925166607,0.09215911850333214,0.8314157078539269,0.0628090426325798,0.05222042463999381,0.0,0.0,0.0
1664,0.5618300437927246,1.0,0.00030872414936311543,0.00030872414936311543,20.0,0.0032039606012403965,0.06407921202480793,20.0,7.752234523650259e-05,0.0015504469047300518,10.0,0.012999679893255234,0.12999679893255234,0.0,0.010571361519396305,0.0,12.478739369684842,0.0012181337224319577,0.015200773239652418,0.0,0.3053283989429474,0.0,500.0,0.0004126792191527784,0.2063396095763892,200.0,0.00046058063162490726,0.09211612632498145,0.8319159579789895,0.06279284507036209,0.05223836986093655,0.0,0.0,0.0
1665,0.5604616403579712,1.0,0.00030958603019826114,0.00030958603019826114,20.0,0.0031968019902706146,0.06393603980541229,20.0,7.827192894183099e-05,0.0015654385788366199,10.0,0.013005118817090988,0.13005118817090988,0.0,0.010603062808513641,0.0,12.486243121560781,0.0012216676259413362,0.015254038991243498,0.0,0.3053875267505646,0.0,500.0,0.0004099520156159997,0.20497600780799985,200.0,0.0004605900903698057,0.09211801807396114,0.832416208104052,0.06277068704366684,0.0522513372889753,0.0,0.0,0.0
1666,0.56086665391922,1.0,0.00030923899612389505,0.00030923899612389505,20.0,0.003193284384906292,0.06386568769812584,20.0,7.917950279079378e-05,0.0015835900558158755,10.0,0.013011484406888485,0.13011484406888485,0.0,0.010615788400173187,0.0,12.493746873436718,0.0012102918699383736,0.015121080265988435,0.0,0.30537882447242737,0.0,500.0,0.0004110191366635263,0.20550956833176315,200.0,0.0004604837449733168,0.09209674899466336,0.8329164582291145,0.06275055557489395,0.05226597050134989,0.0,0.0,0.0
1667,0.5588048100471497,1.0,0.0003091879771091044,0.0003091879771091044,20.0,0.0031909651588648558,0.06381930317729712,20.0,7.869908586144447e-05,0.0015739817172288895,10.0,0.013022142462432384,0.13022142462432384,0.0,0.01059669442474842,0.0,12.501250625312656,0.001002807286567986,0.012536345218276122,0.0,0.3052651882171631,0.0,500.0,0.00041194685036316514,0.20597342518158257,200.0,0.0004604058340191841,0.09208116680383682,0.8334167083541771,0.06274166703224182,0.05228995361466477,0.0,0.0,0.0
1668,0.5591051578521729,1.0,0.0003087056102231145,0.0003087056102231145,20.0,0.0031897909939289093,0.06379581987857819,20.0,7.699146954109892e-05,0.0015398293908219784,10.0,0.01302858255803585,0.1302858255803585,0.0,0.010562161915004253,0.0,12.508754377188595,0.0009498477447777987,0.011881412135152003,0.0,0.305027037858963,0.0,500.0,0.00041373365093022585,0.20686682546511292,200.0,0.0004606179427355528,0.09212358854711056,0.8339169584792396,0.06271983683109283,0.052303135566499126,0.0,0.0,0.0
1669,0.5575851202011108,1.0,0.00030872266506776214,0.00030872266506776214,20.0,0.0031769084744155407,0.06353816948831081,20.0,7.498552440665662e-05,0.0014997104881331325,10.0,0.013028030283749104,0.13028030283749104,0.0,0.010570214129984379,0.0,12.516258129064532,0.0009099741582758725,0.011389471455759043,0.0,0.30475741624832153,0.0,500.0,0.0004120452213101089,0.20602261065505445,200.0,0.0004611632029991597,0.09223264059983194,0.8344172086043021,0.06269466131925583,0.05231350429240556,0.0,0.0,0.0
1670,0.5574294328689575,1.0,0.0003079984453506768,0.0003079984453506768,20.0,0.0031561374198645353,0.0631227483972907,20.0,7.381057366728783e-05,0.0014762114733457565,10.0,0.013029605150222778,0.13029605150222778,0.0,0.010607576929032803,0.0,12.52376188094047,0.0009515666170045733,0.011917193725217354,0.0,0.30473729968070984,0.0,500.0,0.00041124934796243906,0.20562467398121953,200.0,0.00046189501881599426,0.09237900376319885,0.8349174587293647,0.06264758855104446,0.052305565428560886,0.0,0.0,0.0
1671,0.557834267616272,1.0,0.000307345821056515,0.000307345821056515,20.0,0.0031548950355499983,0.06309790071099997,20.0,7.471874414477497e-05,0.0014943748828954995,10.0,0.013036612421274185,0.13036612421274185,0.0,0.01061748806387186,0.0,12.531265632816408,0.0009182558278553188,0.011506907697736737,0.0,0.30474853515625,0.0,500.0,0.00041280058212578297,0.20640029106289148,200.0,0.0004618613456841558,0.09237226913683116,0.8354177088544272,0.06259025633335114,0.05228900854261951,0.0,0.0,0.0
1672,0.5621157884597778,1.0,0.0003072204126510769,0.0003072204126510769,20.0,0.003160563763231039,0.06321127526462078,20.0,7.661398558411747e-05,0.0015322797116823494,10.0,0.013038722798228264,0.13038722798228264,0.0,0.010637972503900528,0.0,12.538769384692346,0.0011995804961770773,0.015041263199939191,0.0,0.30491921305656433,0.0,500.0,0.0004140303935855627,0.20701519679278135,200.0,0.00046169268898665905,0.09233853779733181,0.8359179589794897,0.06254535168409348,0.05228278272342181,0.0,0.0,0.0
1673,0.5625579357147217,1.0,0.0003079517628066242,0.0003079517628066242,20.0,0.0031634685583412647,0.0632693711668253,20.0,7.677874236833304e-05,0.0015355748473666608,10.0,0.013038278557360172,0.13038278557360172,0.0,0.010646502487361431,0.0,12.546273136568285,0.0013195902574807405,0.01655593979870784,0.0,0.3050422668457031,0.0,500.0,0.0004118636716157198,0.2059318358078599,200.0,0.00046145450323820114,0.09229090064764023,0.8364182091045522,0.06250888109207153,0.05228356637615988,0.0,0.0,0.0
1674,0.5574371218681335,1.0,0.0003095662104897201,0.0003095662104897201,20.0,0.0031644951086491346,0.06328990217298269,20.0,7.574741175631061e-05,0.0015149482351262122,10.0,0.013038516975939274,0.13038516975939274,0.0,0.01064067892730236,0.0,12.553776888444222,0.0010303836315870285,0.012935206220448464,0.0,0.30511674284935,0.0,500.0,0.0004088243003934622,0.2044121501967311,200.0,0.0004613999626599252,0.09227999253198504,0.8369184592296148,0.06250327080488205,0.05231014109883325,0.0,0.0,0.0
1675,0.5566275119781494,1.0,0.00031066639348864555,0.00031066639348864555,20.0,0.003176990430802107,0.06353980861604214,20.0,7.575464405817911e-05,0.0015150928811635822,10.0,0.013038611970841885,0.13038611970841885,0.0,0.01060840580612421,0.0,12.56128064032016,0.0009417214314453304,0.011829227185388817,0.0,0.3052307069301605,0.0,500.0,0.0004089911817573011,0.20449559087865055,200.0,0.00046108357491903007,0.09221671498380601,0.8374187093546773,0.062494803220033646,0.05233431745389511,0.0,0.0,0.0
1676,0.5588093400001526,1.0,0.0003107772208750248,0.0003107772208750248,20.0,0.003191894618794322,0.06383789237588644,20.0,7.707437907811254e-05,0.0015414875815622509,10.0,0.013043377548456192,0.13043377548456192,0.0,0.010580680333077908,0.0,12.568784392196099,0.0010527166305109859,0.013231368354971747,0.0,0.305335134267807,0.0,500.0,0.00040996441384777427,0.20498220692388713,200.0,0.00046046896022744477,0.09209379204548895,0.8379189594797398,0.06250962615013123,0.05237800090118549,0.0,0.0,0.0
1677,0.5635117292404175,1.0,0.0003098298329859972,0.0003098298329859972,20.0,0.003206558059900999,0.06413116119801998,20.0,7.8397206380032e-05,0.00156794412760064,10.0,0.013047491200268269,0.13047491200268269,0.0,0.010545224882662296,0.0,12.576288144072036,0.0012078688014298677,0.015190506087016945,0.0,0.3053120970726013,0.0,500.0,0.0004146475694142282,0.2073237847071141,200.0,0.0004604574351105839,0.09209148702211678,0.8384192096048024,0.06252489984035492,0.05242207710476981,0.0,0.0,0.0
1678,0.5627134442329407,1.0,0.0003095815482083708,0.0003095815482083708,20.0,0.0032119564712047577,0.06423912942409515,20.0,7.817352161509916e-05,0.0015634704323019832,10.0,0.013046561740338802,0.13046561740338802,0.0,0.010519410483539104,0.0,12.583791895947973,0.001063732197508216,0.013385784606462817,0.0,0.305209755897522,0.0,500.0,0.00041636894457042217,0.2081844722852111,200.0,0.0004604787682183087,0.09209575364366174,0.8389194597298649,0.0625443235039711,0.05246965008312133,0.0,0.0,0.0
1679,0.5598617792129517,1.0,0.00030994851840659976,0.00030994851840659976,20.0,0.0032048902940005064,0.06409780588001013,20.0,7.708282646490261e-05,0.0015416565292980522,10.0,0.01304053794592619,0.1304053794592619,0.0,0.01052542869001627,0.0,12.591295647823912,0.0009844428859651089,0.012395411425583687,0.0,0.30511248111724854,0.0,500.0,0.0004130398156121373,0.20651990780606866,200.0,0.00046030792873352766,0.09206158574670553,0.8394197098549274,0.06257898360490799,0.052530032260648125,0.0,0.0,0.0
1680,0.5587450265884399,1.0,0.00030989202787168324,0.00030989202787168324,20.0,0.003179982304573059,0.06359964609146118,20.0,7.63112839194946e-05,0.001526225678389892,10.0,0.01302612479776144,0.1302612479776144,0.0,0.010603311471641064,0.0,12.59879939969985,0.0011037844233214855,0.013906358529940776,0.0,0.3051353693008423,0.0,500.0,0.0004088632413186133,0.20443162065930665,200.0,0.0004607165465131402,0.09214330930262804,0.83991995997999,0.06258535385131836,0.052566687902132835,0.0,0.0,0.0
1681,0.5578833818435669,1.0,0.00030872851493768394,0.00030872851493768394,20.0,0.0031588550191372633,0.06317710038274527,20.0,7.638210081495345e-05,0.001527642016299069,10.0,0.013014073483645916,0.13014073483645916,0.0,0.010675684548914433,0.0,12.606303151575787,0.0011023477418348193,0.013896529812024735,0.0,0.30509036779403687,0.0,500.0,0.00040788151090964675,0.20394075545482337,200.0,0.0004614062490873039,0.09228124981746078,0.8404202101050525,0.06260039657354355,0.05261063844099708,0.0,0.0,0.0
1682,0.5587694644927979,1.0,0.0003071177052333951,0.0003071177052333951,20.0,0.003149135038256645,0.0629827007651329,20.0,7.764838665025309e-05,0.0015529677330050617,10.0,0.013007450848817825,0.13007450848817825,0.0,0.01072581298649311,0.0,12.613806903451726,0.0011220753658562899,0.01415364199603119,0.0,0.3050249516963959,0.0,500.0,0.00040934706339612603,0.20467353169806302,200.0,0.00046192907029762864,0.09238581405952573,0.840920460230115,0.06259708851575851,0.052639172483736896,0.0,0.0,0.0
1683,0.56423419713974,1.0,0.0003059831215068698,0.0003059831215068698,20.0,0.0031444798223674297,0.0628895964473486,20.0,7.826066575944424e-05,0.0015652133151888847,10.0,0.013000698760151863,0.13000698760151863,0.0,0.010755803436040878,0.0,12.621310655327663,0.0014570510247722268,0.018389893624313796,0.0,0.30500492453575134,0.0,500.0,0.00041183969005942345,0.20591984502971172,200.0,0.00046226487029343843,0.09245297405868769,0.8414207103551776,0.06263650953769684,0.05270365634937773,0.0,0.0,0.0
1684,0.561948299407959,1.0,0.00030597508884966373,0.00030597508884966373,20.0,0.0031375261023640633,0.06275052204728127,20.0,7.736404950264841e-05,0.0015472809900529683,10.0,0.012993203476071358,0.12993203476071358,0.0,0.010782214812934399,0.0,12.628814407203603,0.0013509520795196295,0.017060923085279164,0.0,0.3050546646118164,0.0,500.0,0.0004104002146050334,0.2052001073025167,200.0,0.00046204979298636317,0.09240995859727263,0.8419209604802401,0.06264430284500122,0.052741551619878466,0.0,0.0,0.0
1685,0.5572753548622131,1.0,0.00030687666730955243,0.00030687666730955243,20.0,0.0031319642439484596,0.06263928487896919,20.0,7.557676144642755e-05,0.001511535228928551,10.0,0.012988834641873837,0.12988834641873837,0.0,0.010792985558509827,0.0,12.63631815907954,0.001111524412408471,0.014045576116777378,0.0,0.30516019463539124,0.0,500.0,0.0004074694006703794,0.2037347003351897,200.0,0.0004619508108589798,0.09239016217179596,0.8424212106053026,0.06262768805027008,0.05275889278471976,0.0,0.0,0.0
1686,0.5586527585983276,1.0,0.00030794492340646684,0.00030794492340646684,20.0,0.003136951941996813,0.06273903883993626,20.0,7.432559505105019e-05,0.0014865119010210037,10.0,0.012994129210710526,0.12994129210710526,0.0,0.010763203725218773,0.0,12.643821910955477,0.0012361144181340933,0.01562921056445183,0.0,0.30514729022979736,0.0,500.0,0.00040688173612579703,0.20344086806289852,200.0,0.0004617410886567086,0.09234821773134172,0.8429214607303652,0.06259142607450485,0.0527596562959183,0.0,0.0,0.0
1687,0.5578143000602722,1.0,0.00030838113161735237,0.00030838113161735237,20.0,0.0031526077073067427,0.06305215414613485,20.0,7.428752724081278e-05,0.0014857505448162556,10.0,0.01300877146422863,0.1300877146422863,0.0,0.01070090476423502,0.0,12.651325662831416,0.0010930849239230156,0.013828973349681374,0.0,0.3053240180015564,0.0,500.0,0.00040808040648698807,0.20404020324349403,200.0,0.0004612174234353006,0.09224348468706012,0.8434217108554277,0.06256379187107086,0.05276766037750149,0.0,0.0,0.0
1688,0.5625051856040955,1.0,0.0003089962701778859,0.0003089962701778859,20.0,0.0031730865593999624,0.06346173118799925,20.0,7.440138142555952e-05,0.0014880276285111904,10.0,0.013027507811784744,0.13027507811784744,0.0,0.0106106698513031,0.0,12.658829414707354,0.0013033878058195114,0.016499363895078906,0.0,0.3053501844406128,0.0,500.0,0.0004110806330572814,0.2055403165286407,200.0,0.00046085374196991324,0.09217074839398265,0.8439219609804902,0.06251870095729828,0.052760904709836014,0.0,0.0,0.0
1689,0.559865415096283,1.0,0.0003102149930782616,0.0003102149930782616,20.0,0.003184795379638672,0.06369590759277344,20.0,7.3379444074817e-05,0.00146758888149634,10.0,0.013048507273197174,0.13048507273197174,0.0,0.010515442118048668,0.0,12.666333166583291,0.0009799764957278967,0.012412708790310327,0.0,0.3052186965942383,0.0,500.0,0.00041316193528473377,0.2065809676423669,200.0,0.00046079669846221805,0.09215933969244361,0.8444222111055528,0.062473051249980927,0.052753632071019414,0.0,0.0,0.0
1690,0.5615850687026978,1.0,0.0003101384500041604,0.0003101384500041604,20.0,0.0031859425362199545,0.06371885072439909,20.0,7.312717207241803e-05,0.0014625434414483607,10.0,0.013070144690573215,0.13070144690573215,0.0,0.010458827018737793,0.0,12.67383691845923,0.0009637330658733845,0.012214195709806001,0.0,0.3052496910095215,0.0,500.0,0.0004166725848335773,0.20833629241678864,200.0,0.00046045726048760116,0.09209145209752023,0.8449224612306153,0.06243198364973068,0.05275018528483998,0.0,0.0,0.0
1691,0.5610621571540833,1.0,0.0003091184189543128,0.0003091184189543128,20.0,0.0031652171164751053,0.0633043423295021,20.0,7.372392428806052e-05,0.0014744784857612103,10.0,0.013078883290290833,0.13078883290290833,0.0,0.010495821945369244,0.0,12.681340670335167,0.0009584910003468394,0.012154950904848614,0.0,0.3052036166191101,0.0,500.0,0.00041657904512248933,0.20828952256124467,200.0,0.0004600158426910639,0.09200316853821278,0.8454227113556778,0.062380351126194,0.05273776558442614,0.0,0.0,0.0
1692,0.5581324100494385,1.0,0.000307384500047192,0.000307384500047192,20.0,0.0031375926919281483,0.06275185383856297,20.0,7.408953388221562e-05,0.0014817906776443124,10.0,0.013074074871838093,0.13074074871838093,0.0,0.01057397946715355,0.0,12.688844422211105,0.000815760693512857,0.010351060525739678,0.0,0.3051362633705139,0.0,500.0,0.0004152951296418905,0.20764756482094526,200.0,0.00046072539407759905,0.09214507881551981,0.8459229614807404,0.06230704113841057,0.052706956760906594,0.0,0.0,0.0
1693,0.5607883334159851,1.0,0.00030615125433541834,0.00030615125433541834,20.0,0.0031232754699885845,0.06246550939977169,20.0,7.41489275242202e-05,0.001482978550484404,10.0,0.013061292469501495,0.13061292469501495,0.0,0.010633232071995735,0.0,12.696348174087044,0.0011040818644687533,0.014017807763990475,0.0,0.3051462173461914,0.0,500.0,0.0004137438372708857,0.20687191863544285,200.0,0.000461749208625406,0.0923498417250812,0.8464232116058029,0.06223982572555542,0.05268123318041009,0.0,0.0,0.0
1694,0.5634217262268066,1.0,0.00030583463376387954,0.00030583463376387954,20.0,0.0031284429132938385,0.06256885826587677,20.0,7.352326792897657e-05,0.0014704653585795313,10.0,0.01304613146930933,0.1304613146930933,0.0,0.010643665678799152,0.0,12.703851925962981,0.001350602600723505,0.017157855450411912,0.0,0.3051503300666809,0.0,500.0,0.0004128889413550496,0.2064444706775248,200.0,0.0004617964441422373,0.09235928882844746,0.8469234617308654,0.06217043846845627,0.052653602965030744,0.0,0.0,0.0
1695,0.5617102384567261,1.0,0.0003075767308473587,0.0003075767308473587,20.0,0.003148948773741722,0.06297897547483444,20.0,7.434188592014834e-05,0.0014868377184029669,10.0,0.013041434809565544,0.13041434809565544,0.0,0.010623913258314133,0.0,12.71135567783892,0.00129251170437783,0.01642957599211639,0.0,0.3052958846092224,0.0,500.0,0.00041052981396205723,0.20526490698102862,200.0,0.0004609352326951921,0.09218704653903842,0.847423711855928,0.062118858098983765,0.052640993306492495,0.0,0.0,0.0
1696,0.5577329397201538,1.0,0.00031088461400941014,0.00031088461400941014,20.0,0.0031758963596075773,0.06351792719215155,20.0,7.707308395765722e-05,0.0015414616791531444,10.0,0.013046987354755402,0.13046987354755402,0.0,0.010601850226521492,0.0,12.718859429714858,0.0010024688672274351,0.012750260604931235,0.0,0.3054674565792084,0.0,500.0,0.00040860616718418896,0.20430308359209448,200.0,0.0004608413437381387,0.09216826874762774,0.8479239619809905,0.062117815017700195,0.05267118381941062,0.0,0.0,0.0
1697,0.5598199367523193,1.0,0.00031248125014826655,0.00031248125014826655,20.0,0.0031996634788811207,0.06399326957762241,20.0,7.929923594929278e-05,0.0015859847189858556,10.0,0.013054940849542618,0.13054940849542618,0.0,0.01056294422596693,0.0,12.726363181590795,0.0010591794271022081,0.013479502063771973,0.0,0.3055865168571472,0.0,500.0,0.0004099746001884341,0.20498730009421706,200.0,0.00046092504635453224,0.09218500927090645,0.848424212106053,0.06214696168899536,0.05272698700577095,0.0,0.0,0.0
1698,0.5611383318901062,1.0,0.00031370966462418437,0.00031370966462418437,20.0,0.0032307382207363844,0.06461476441472769,20.0,8.114171214401722e-05,0.0016228342428803444,10.0,0.013058170676231384,0.13058170676231384,0.0,0.010512716136872768,0.0,12.733866933466734,0.0010276921093463898,0.013086494568990671,0.0,0.3057466447353363,0.0,500.0,0.00041192700155079365,0.20596350077539682,200.0,0.0004610562464222312,0.09221124928444624,0.8489244622311155,0.06213047355413437,0.05274407885010806,0.0,0.0,0.0
1699,0.5661768317222595,1.0,0.0003149043186567724,0.0003149043186567724,20.0,0.003274221671745181,0.06548443343490362,20.0,8.256127330241725e-05,0.001651225466048345,10.0,0.01305376272648573,0.1305376272648573,0.0,0.010434940457344055,0.0,12.741370685342671,0.0011728571262210608,0.014943807406128273,0.0,0.30565711855888367,0.0,500.0,0.0004159071249887347,0.20795356249436736,200.0,0.00046234618639573455,0.09246923727914691,0.8494247123561781,0.06218571215867996,0.052822080663050816,0.0,0.0,0.0
1700,0.5650339722633362,1.0,0.00031661480898037553,0.00031661480898037553,20.0,0.0033022407442331314,0.06604481488466263,20.0,8.312934369314462e-05,0.0016625868738628924,10.0,0.013043807819485664,0.13043807819485664,0.0,0.010399236343801022,0.0,12.748874437218609,0.0010333643294870853,0.01317423208453145,0.0,0.30561837553977966,0.0,500.0,0.0004157530493102968,0.2078765246551484,200.0,0.00046309063327498734,0.09261812665499747,0.8499249624812406,0.062244344502687454,0.05290302216611605,0.0,0.0,0.0
1701,0.5617583394050598,1.0,0.0003171983116772026,0.0003171983116772026,20.0,0.0032967496663331985,0.06593499332666397,20.0,8.334390440722927e-05,0.0016668780881445855,10.0,0.013031573966145515,0.13031573966145515,0.0,0.010434906929731369,0.0,12.756378189094548,0.0009176429011859,0.011705799890065257,0.0,0.30530300736427307,0.0,500.0,0.00041276460979133844,0.20638230489566922,200.0,0.00046230648877099156,0.09246129775419831,0.8504252126063031,0.06229128688573837,0.052974080893324275,0.0,0.0,0.0
1702,0.5613568425178528,1.0,0.0003162320936098695,0.0003162320936098695,20.0,0.0032697096467018127,0.06539419293403625,20.0,8.42905865283683e-05,0.0016858117305673659,10.0,0.013022028841078281,0.13022028841078281,0.0,0.010524190030992031,0.0,12.763881940970485,0.0010263188742101192,0.0130998129442077,0.0,0.3050452768802643,0.0,500.0,0.00041084669646807015,0.20542334823403507,200.0,0.0004607047885656357,0.09214095771312714,0.8509254627313657,0.06237459182739258,0.05307612841340409,0.0,0.0,0.0
1703,0.5626652836799622,1.0,0.00031374531681649387,0.00031374531681649387,20.0,0.0032397385220974684,0.06479477044194937,20.0,8.465394785162061e-05,0.0016930789570324123,10.0,0.013013827614486217,0.13013827614486217,0.0,0.010588768869638443,0.0,12.771385692846422,0.0011349783744663,0.014495246573348993,0.0,0.30492156744003296,0.0,500.0,0.0004118866636417806,0.2059433318208903,200.0,0.00046045304043218493,0.09209060808643699,0.8514257128564282,0.062479034066200256,0.05319625611839562,0.0,0.0,0.0
1704,0.5624479055404663,1.0,0.000312741962261498,0.000312741962261498,20.0,0.0032178135588765144,0.06435627117753029,20.0,8.407146378885955e-05,0.001681429275777191,10.0,0.013002712279558182,0.13002712279558182,0.0,0.010636165738105774,0.0,12.778889444722362,0.0011764309601858258,0.015033481179563242,0.0,0.30445370078086853,0.0,500.0,0.0004107818240299821,0.20539091201499104,200.0,0.0004616634687408805,0.0923326937481761,0.8519259629814907,0.0625796690583229,0.053313244825574736,0.0,0.0,0.0
1705,0.559496283531189,1.0,0.00031325698364526033,0.00031325698364526033,20.0,0.0032154840882867575,0.06430968176573515,20.0,8.245298522524536e-05,0.0016490597045049071,10.0,0.012994320131838322,0.12994320131838322,0.0,0.010628417134284973,0.0,12.786393196598299,0.0010170156601816416,0.01300396211818047,0.0,0.30433425307273865,0.0,500.0,0.00040867284405976534,0.20433642202988267,200.0,0.0004626680165529251,0.09253360331058502,0.8524262131065533,0.06265300512313843,0.053407063896862374,0.0,0.0,0.0
1706,0.5598317980766296,1.0,0.0003137899038847536,0.0003137899038847536,20.0,0.003223184496164322,0.06446368992328644,20.0,8.096110832411796e-05,0.0016192221664823592,10.0,0.01299128495156765,0.1299128495156765,0.0,0.010593809187412262,0.0,12.793896948474238,0.0010476951720193028,0.01340410406422895,0.0,0.3041682243347168,0.0,500.0,0.00040807866025716066,0.20403933012858033,200.0,0.00046313402708619833,0.09262680541723967,0.8529264632316158,0.06266897171735764,0.05345202440124801,0.0,0.0,0.0
1707,0.55975741147995,1.0,0.0003132318379357457,0.0003132318379357457,20.0,0.0032321177423000336,0.06464235484600067,20.0,8.047898882068694e-05,0.0016095797764137387,10.0,0.01299417857080698,0.1299417857080698,0.0,0.010561665520071983,0.0,12.801400700350175,0.0009912342065945268,0.012689186266510225,0.0,0.3040514886379242,0.0,500.0,0.00040885788621380925,0.20442894310690463,200.0,0.00046331010526046157,0.09266202105209231,0.8534267133566783,0.06265369802713394,0.05347033958693872,0.0,0.0,0.0
1708,0.5646573305130005,1.0,0.00031166698317974806,0.00031166698317974806,20.0,0.0032432503066956997,0.064865006133914,20.0,8.075332152657211e-05,0.0016150664305314422,10.0,0.013002930209040642,0.13002930209040642,0.0,0.010522016324102879,0.0,12.808904452226113,0.00110627431422472,0.014170161988856405,0.0,0.30395716428756714,0.0,500.0,0.0004147784784436226,0.2073892392218113,200.0,0.0004640280385501683,0.09280560771003366,0.8539269634817409,0.06261810660362244,0.05347128963100726,0.0,0.0,0.0
1709,0.5653976798057556,1.0,0.0003107388038188219,0.0003107388038188219,20.0,0.0032386789098381996,0.06477357819676399,20.0,8.107063331408426e-05,0.0016214126662816852,10.0,0.013010221533477306,0.13010221533477306,0.0,0.010524587705731392,0.0,12.816408204102052,0.00104144134093076,0.013347537345996034,0.0,0.30396410822868347,0.0,500.0,0.00041784311179071665,0.20892155589535832,200.0,0.000464272074168548,0.0928544148337096,0.8544272136068034,0.06257548928260803,0.05346620094782117,0.0,0.0,0.0
1710,0.5643072724342346,1.0,0.0003104071947745979,0.0003104071947745979,20.0,0.0032227931078523397,0.0644558621570468,20.0,8.04474693723023e-05,0.0016089493874460459,10.0,0.013013514690101147,0.13013514690101147,0.0,0.010551142506301403,0.0,12.823911955977989,0.0010933607118204236,0.014021161504510535,0.0,0.30405479669570923,0.0,500.0,0.00041496052290312946,0.20748026145156473,200.0,0.00046414427924901247,0.0928288558498025,0.8549274637318659,0.06253933161497116,0.05346659216107339,0.0,0.0,0.0
1711,0.5594714283943176,1.0,0.00031073129503056407,0.00031073129503056407,20.0,0.003197322366759181,0.06394644733518362,20.0,7.941000512801111e-05,0.0015882001025602221,10.0,0.013013986870646477,0.13013986870646477,0.0,0.010603395290672779,0.0,12.831415707853926,0.0009700816590338945,0.012447521037628511,0.0,0.30425727367401123,0.0,500.0,0.00040937733137980103,0.20468866568990052,200.0,0.0004642768471967429,0.09285536943934858,0.8554277138569285,0.06253545731306076,0.053494563284309106,0.0,0.0,0.0
1712,0.5601599216461182,1.0,0.0003102780901826918,0.0003102780901826918,20.0,0.003182278946042061,0.06364557892084122,20.0,7.920549251139164e-05,0.0015841098502278328,10.0,0.013018561527132988,0.13018561527132988,0.0,0.010636191815137863,0.0,12.838919459729865,0.001063939300365746,0.013659830987437154,0.0,0.3044004738330841,0.0,500.0,0.0004085589898750186,0.2042794949375093,200.0,0.00046500199823640287,0.09300039964728057,0.855927963981991,0.06249891594052315,0.05349456987205358,0.0,0.0,0.0
1713,0.5627617835998535,1.0,0.000309179158648476,0.000309179158648476,20.0,0.0031744842417538166,0.06348968483507633,20.0,7.999394438229501e-05,0.0015998788876459002,10.0,0.013030119240283966,0.13030119240283966,0.0,0.010661802254617214,0.0,12.846423211605803,0.0012123147025704384,0.015573907734871864,0.0,0.30452701449394226,0.0,500.0,0.0004099205834791064,0.2049602917395532,200.0,0.00046522379852831364,0.09304475970566273,0.8564282141070535,0.062448758631944656,0.0534828788283588,0.0,0.0,0.0
1714,0.56573885679245,1.0,0.00030790071468800306,0.00030790071468800306,20.0,0.0031753815710544586,0.06350763142108917,20.0,8.064546273089945e-05,0.001612909254617989,10.0,0.013049781322479248,0.13049781322479248,0.0,0.01065180916339159,0.0,12.85392696348174,0.0012120997998863459,0.015580242300189923,0.0,0.30458056926727295,0.0,500.0,0.00041570718167349696,0.20785359083674848,200.0,0.0004645935259759426,0.09291870519518852,0.8569284642321161,0.0623856782913208,0.0534600634882604,0.0,0.0,0.0
1715,0.565668523311615,1.0,0.0003074014384765178,0.0003074014384765178,20.0,0.0031694932840764523,0.06338986568152905,20.0,7.98292167019099e-05,0.001596584334038198,10.0,0.013063550926744938,0.13063550926744938,0.0,0.010651962831616402,0.0,12.86143071535768,0.0011557323159649968,0.014864371107283676,0.0,0.3046656548976898,0.0,500.0,0.0004171914770267904,0.2085957385133952,200.0,0.00046410609502345324,0.09282121900469065,0.8574287143571786,0.06234664469957352,0.05345780340923913,0.0,0.0,0.0
1716,0.5632787346839905,1.0,0.00030755787156522274,0.00030755787156522274,20.0,0.0031574673485010862,0.06314934697002172,20.0,7.752764213364571e-05,0.0015505528426729143,10.0,0.013071262277662754,0.13071262277662754,0.0,0.010659540072083473,0.0,12.868934467233617,0.0011240325402468443,0.014465101099474771,0.0,0.30481022596359253,0.0,500.0,0.00041376965236850083,0.20688482618425041,200.0,0.00046379934065043926,0.09275986813008785,0.8579289644822411,0.06229983642697334,0.05344883415320624,0.0,0.0,0.0
1717,0.559389591217041,1.0,0.00030843581771478057,0.00030843581771478057,20.0,0.003142494475468993,0.06284988950937986,20.0,7.412084960378706e-05,0.0014824169920757413,10.0,0.013075055554509163,0.13075055554509163,0.0,0.010667259804904461,0.0,12.876438219109556,0.0009818478720262647,0.012642703464710383,0.0,0.30486956238746643,0.0,500.0,0.00041025382233783603,0.205126911168918,200.0,0.0004639850230887532,0.09279700461775064,0.8584292146073037,0.06224353611469269,0.05343166982131699,0.0,0.0,0.0
1718,0.5600438117980957,1.0,0.0003087813383899629,0.0003087813383899629,20.0,0.0031389794312417507,0.06277958862483501,20.0,7.221158011816442e-05,0.0014442316023632884,10.0,0.013086680322885513,0.13086680322885513,0.0,0.010662118904292583,0.0,12.883941970985493,0.0010270674247294664,0.013232677100503956,0.0,0.3049013912677765,0.0,500.0,0.00041071459418162704,0.20535729709081352,200.0,0.00046333635691553354,0.09266727138310671,0.8589294647323662,0.06215546652674675,0.05338716159400909,0.0,0.0,0.0
1719,0.5598737597465515,1.0,0.00030902912840247154,0.00030902912840247154,20.0,0.003149426309391856,0.06298852618783712,20.0,7.218641985673457e-05,0.0014437283971346915,10.0,0.013105321675539017,0.13105321675539017,0.0,0.010646769776940346,0.0,12.89144572286143,0.0010009614052250981,0.012903839626138459,0.0,0.3050427734851837,0.0,500.0,0.00041098520159721375,0.20549260079860687,200.0,0.00046166148968040943,0.09233229793608189,0.8594297148574287,0.062076665461063385,0.0533505308965017,0.0,0.0,0.0
1720,0.5602563619613647,1.0,0.00030932138906791806,0.00030932138906791806,20.0,0.00317218154668808,0.0634436309337616,20.0,7.444803486578166e-05,0.0014889606973156333,10.0,0.013127144426107407,0.13127144426107407,0.0,0.010631907731294632,0.0,12.89894947473737,0.0009273880859836936,0.011962332064577058,0.0,0.30522462725639343,0.0,500.0,0.000412766239605844,0.206383119802922,200.0,0.00046032207319512963,0.09206441463902593,0.8599299649824912,0.062020301818847656,0.0533331159712852,0.0,0.0,0.0
1721,0.5650572180747986,1.0,0.0003089465026278049,0.0003089465026278049,20.0,0.003187665482982993,0.06375330965965986,20.0,7.650947372894734e-05,0.0015301894745789468,10.0,0.013135973364114761,0.1313597336411476,0.0,0.010645094327628613,0.0,12.906453226613307,0.0011085360310971737,0.014307268435371227,0.0,0.305428147315979,0.0,500.0,0.00041683122981339693,0.20841561490669847,200.0,0.0004603911656886339,0.09207823313772678,0.8604302151075538,0.06195036694407463,0.05330396755568202,0.0,0.0,0.0
1722,0.5655394196510315,1.0,0.0003090894315391779,0.0003090894315391779,20.0,0.0031928028911352158,0.06385605782270432,20.0,7.676734094275162e-05,0.0015353468188550323,10.0,0.013138349168002605,0.13138349168002605,0.0,0.010663220658898354,0.0,12.913956978489244,0.001129101263359189,0.01458116513937842,0.0,0.30557981133461,0.0,500.0,0.00041707430500537157,0.20853715250268579,200.0,0.00046020009904168546,0.09204001980833709,0.8609304652326163,0.06190642714500427,0.05329712912283759,0.0,0.0,0.0
1723,0.5635267496109009,1.0,0.00030972849344834685,0.00030972849344834685,20.0,0.00318827829323709,0.0637655658647418,20.0,7.547637505922467e-05,0.0015095275011844933,10.0,0.013133044354617596,0.13133044354617596,0.0,0.010693410411477089,0.0,12.921460730365183,0.001170853152871132,0.015129133035848593,0.0,0.30563274025917053,0.0,500.0,0.0004126123967580497,0.20630619837902486,200.0,0.0004594263737089932,0.09188527474179864,0.8614307153576788,0.06186317279934883,0.05329083719883876,0.0,0.0,0.0
1724,0.5602509379386902,1.0,0.0003099684545304626,0.0003099684545304626,20.0,0.003164950292557478,0.06329900585114956,20.0,7.221542182378471e-05,0.0014443084364756942,10.0,0.01312311738729477,0.1312311738729477,0.0,0.010733147151768208,0.0,12.92896448224112,0.001120466273277998,0.014486468650760309,0.0,0.30560943484306335,0.0,500.0,0.0004085692053195089,0.20428460265975446,200.0,0.0004594623460434377,0.09189246920868754,0.8619309654827414,0.06184132397174835,0.053302952077700055,0.0,0.0,0.0
1725,0.559810221195221,1.0,0.00030896029784344137,0.00030896029784344137,20.0,0.0031456544529646635,0.06291308905929327,20.0,6.810831109760329e-05,0.0013621662219520658,10.0,0.01311422698199749,0.1311422698199749,0.0,0.010730085894465446,0.0,12.936468234117058,0.001112485071644187,0.014391627790254463,0.0,0.3053431212902069,0.0,500.0,0.0004085418186150491,0.20427090930752456,200.0,0.00046063802437856793,0.09212760487571359,0.8624312156078039,0.06179459020495415,0.0532935835484447,0.0,0.0,0.0
1726,0.5595408082008362,1.0,0.0003075132262893021,0.0003075132262893021,20.0,0.0031355777755379677,0.06271155551075935,20.0,6.598248000955209e-05,0.0013196496001910418,10.0,0.01311453152447939,0.1311453152447939,0.0,0.010715002194046974,0.0,12.943971985992997,0.0010500244097784162,0.01359148654478065,0.0,0.3051777482032776,0.0,500.0,0.00040974930743686855,0.20487465371843427,200.0,0.00046139193000271916,0.09227838600054383,0.8629314657328664,0.061780475080013275,0.05331231591446868,0.0,0.0,0.0
1727,0.5602723360061646,1.0,0.00030612529371865094,0.00030612529371865094,20.0,0.00313962041400373,0.0627924082800746,20.0,6.598090840270743e-05,0.0013196181680541486,10.0,0.013124831952154636,0.13124831952154636,0.0,0.010682731866836548,0.0,12.951475737868934,0.0009655839530751109,0.012505737141127874,0.0,0.3051934540271759,0.0,500.0,0.0004130821907892823,0.20654109539464116,200.0,0.0004611177137121558,0.09222354274243116,0.863431715857929,0.061771541833877563,0.05333550835681475,0.0,0.0,0.0
1728,0.5660285353660583,1.0,0.00030524178873747587,0.00030524178873747587,20.0,0.003151068463921547,0.06302136927843094,20.0,6.808539183111861e-05,0.0013617078366223723,10.0,0.01313827559351921,0.1313827559351921,0.0,0.010651159100234509,0.0,12.958979489744872,0.001124308560974896,0.014569891581818248,0.0,0.30518606305122375,0.0,500.0,0.00041978713124990463,0.20989356562495232,200.0,0.00046079145977273583,0.09215829195454717,0.8639319659829915,0.06173594668507576,0.05333565779145865,0.0,0.0,0.0
1729,0.5674574375152588,1.0,0.00030528547358699143,0.00030528547358699143,20.0,0.0031550887506455183,0.06310177501291037,20.0,6.917096470715478e-05,0.0013834192941430956,10.0,0.013147950172424316,0.13147950172424316,0.0,0.01063635852187872,0.0,12.96648324162081,0.001127346302382648,0.014617716937347792,0.0,0.3053678274154663,0.0,500.0,0.00042218994349241257,0.21109497174620628,200.0,0.00046064183698035777,0.09212836739607155,0.864432216108054,0.06171267107129097,0.05334642101610345,0.0,0.0,0.0
1730,0.5632487535476685,1.0,0.0003061728202737868,0.0003061728202737868,20.0,0.003149634227156639,0.06299268454313278,20.0,6.968034722376615e-05,0.001393606944475323,10.0,0.013153224252164364,0.13153224252164364,0.0,0.010654491372406483,0.0,12.973986993496748,0.0009526588837616146,0.012359783967162318,0.0,0.3054847717285156,0.0,500.0,0.000418500741943717,0.2092503709718585,200.0,0.0004602981498464942,0.09205962996929884,0.8649324662331166,0.06168600916862488,0.053354232042297355,0.0,0.0,0.0
1731,0.5616908669471741,1.0,0.0003079289454035461,0.0003079289454035461,20.0,0.003145330585539341,0.06290661171078682,20.0,6.887144991196692e-05,0.0013774289982393384,10.0,0.013149809092283249,0.1314980909228325,0.0,0.010668938048183918,0.0,12.981490745372687,0.0010378204751759768,0.013472456893855227,0.0,0.3056581914424896,0.0,500.0,0.0004134874034207314,0.2067437017103657,200.0,0.0004600517568178475,0.0920103513635695,0.8654327163581791,0.061673544347286224,0.05337430301190854,0.0,0.0,0.0
1732,0.5608693957328796,1.0,0.00030979918665252626,0.00030979918665252626,20.0,0.003155730664730072,0.06311461329460144,20.0,6.858057895442471e-05,0.0013716115790884942,10.0,0.013135678134858608,0.13135678134858608,0.0,0.010659726336598396,0.0,12.988994497248624,0.0010292856022715569,0.013369385024002488,0.0,0.3056996464729309,0.0,500.0,0.0004117502539884299,0.20587512699421495,200.0,0.00046040237066335976,0.09208047413267195,0.8659329664832416,0.06165795773267746,0.053391658246755715,0.0,0.0,0.0
1733,0.5616872906684875,1.0,0.00031138950726017356,0.00031138950726017356,20.0,0.0031798973213881254,0.06359794642776251,20.0,7.003222708590329e-05,0.0014006445417180657,10.0,0.013129138387739658,0.13129138387739658,0.0,0.010628484189510345,0.0,12.996498249124562,0.0010736959520727396,0.01395428756120549,0.0,0.3056901693344116,0.0,500.0,0.00041117146611213684,0.20558573305606842,200.0,0.0004605677677318454,0.09211355354636908,0.8664332166083042,0.061669304966926575,0.053432334268492664,0.0,0.0,0.0
1734,0.562468409538269,1.0,0.00031201442470774055,0.00031201442470774055,20.0,0.0032048369757831097,0.0640967395156622,20.0,7.257388642756268e-05,0.0014514777285512537,10.0,0.013127756305038929,0.1312775630503893,0.0,0.010600601322948933,0.0,13.0040020010005,0.00107210548594594,0.013941661884524618,0.0,0.30563634634017944,0.0,500.0,0.0004116379132028669,0.20581895660143346,200.0,0.00046050851233303547,0.0921017024666071,0.8669334667333667,0.06167517974972725,0.05346827739183458,0.0,0.0,0.0
1735,0.5653497576713562,1.0,0.0003115092113148421,0.0003115092113148421,20.0,0.003222736297175288,0.06445472594350576,20.0,7.543848914792761e-05,0.0015087697829585522,10.0,0.01312476396560669,0.1312476396560669,0.0,0.010589495301246643,0.0,13.011505752876438,0.0010773807298392057,0.01401834556434104,0.0,0.30566251277923584,0.0,500.0,0.000416241236962378,0.208120618481189,200.0,0.0004608840390574187,0.09217680781148374,0.8674337168584292,0.061689309775829315,0.053511387269278655,0.0,0.0,0.0
1736,0.5667871832847595,1.0,0.00031140266219154,0.00031140266219154,20.0,0.003227395936846733,0.06454791873693466,20.0,7.643050776096061e-05,0.0015286101552192122,10.0,0.013115964829921722,0.13115964829921722,0.0,0.010591262020170689,0.0,13.019009504752376,0.0011041754623875022,0.01437527083973724,0.0,0.30551689863204956,0.0,500.0,0.0004182102857157588,0.2091051428578794,200.0,0.0004609503084793687,0.09219006169587374,0.8679339669834918,0.06172019988298416,0.053569057927452486,0.0,0.0,0.0
1737,0.5658537745475769,1.0,0.0003117843298241496,0.0003117843298241496,20.0,0.0032219463028013706,0.06443892605602741,20.0,7.574389746878296e-05,0.0015148779493756592,10.0,0.013102528639137745,0.13102528639137745,0.0,0.010603969916701317,0.0,13.026513256628315,0.0011746224481612444,0.015301234892505655,0.0,0.30542463064193726,0.0,500.0,0.0004149790038354695,0.20748950191773474,200.0,0.0004606967559084296,0.09213935118168592,0.8684342171085543,0.06175803765654564,0.053632793082422824,0.0,0.0,0.0
1738,0.5601112842559814,1.0,0.000312560994643718,0.000312560994643718,20.0,0.003204947803169489,0.06409895606338978,20.0,7.401999027933925e-05,0.001480399805586785,10.0,0.013084792532026768,0.13084792532026768,0.0,0.010640139691531658,0.0,13.034017008504252,0.0009795526275411248,0.012767505608096051,0.0,0.30521059036254883,0.0,500.0,0.00040951085975393653,0.20475542987696826,200.0,0.0004607661976478994,0.09215323952957988,0.8689344672336168,0.06179439276456833,0.05369527775490505,0.0,0.0,0.0
1739,0.5590609312057495,1.0,0.0003121512709185481,0.0003121512709185481,20.0,0.0031796954572200775,0.06359390914440155,20.0,7.388414087472484e-05,0.0014776828174944967,10.0,0.013068941421806812,0.13068941421806812,0.0,0.010713229887187481,0.0,13.04152076038019,0.0010030146222561598,0.013080836019118601,0.0,0.30522602796554565,0.0,500.0,0.0004077961202710867,0.20389806013554335,200.0,0.0004613139317370951,0.09226278634741902,0.8694347173586794,0.06181730329990387,0.05374610962242768,0.0,0.0,0.0
1740,0.5616927742958069,1.0,0.00031068758107721806,0.00031068758107721806,20.0,0.003159720916301012,0.06319441832602024,20.0,7.433399878209457e-05,0.0014866799756418914,10.0,0.013061498291790485,0.13061498291790485,0.0,0.010761656798422337,0.0,13.049024512256128,0.001224034815095365,0.015972460306034317,0.0,0.30511847138404846,0.0,500.0,0.0004078034544363618,0.2039017272181809,200.0,0.00046199330245144665,0.09239866049028933,0.8699349674837419,0.06185882166028023,0.05381315200961847,0.0,0.0,0.0
1741,0.5635571479797363,1.0,0.00030823214910924435,0.00030823214910924435,20.0,0.003146054921671748,0.06292109843343496,20.0,7.341477612499148e-05,0.0014682955224998295,10.0,0.013056349940598011,0.1305634994059801,0.0,0.010758932679891586,0.0,13.056528264132066,0.0012748688459396362,0.01664536112007229,0.0,0.3048929274082184,0.0,500.0,0.0004101728554815054,0.2050864277407527,200.0,0.00046341150300577283,0.09268230060115457,0.8704352176088044,0.061902303248643875,0.05388194479871953,0.0,0.0,0.0
1742,0.5621066093444824,1.0,0.0003072456456720829,0.0003072456456720829,20.0,0.003134512808173895,0.0626902561634779,20.0,7.187821029219776e-05,0.0014375642058439553,10.0,0.01305475551635027,0.1305475551635027,0.0,0.010744018480181694,0.0,13.064032016008005,0.001107269898056984,0.014465409398578358,0.0,0.3047085106372833,0.0,500.0,0.0004116540076211095,0.20582700381055474,200.0,0.00046450330410152674,0.09290066082030535,0.870935467733867,0.061922937631607056,0.053930882649638766,0.0,0.0,0.0
1743,0.5618165135383606,1.0,0.00030821823747828603,0.00030821823747828603,20.0,0.003144314046949148,0.06288628093898296,20.0,7.285060564754531e-05,0.0014570121129509062,10.0,0.013064823113381863,0.13064823113381863,0.0,0.010700722225010395,0.0,13.071535767883942,0.0010384144261479378,0.013573671313279446,0.0,0.30476757884025574,0.0,500.0,0.00041248431080020964,0.20624215540010482,200.0,0.00046357070095837116,0.09271414019167423,0.8714357178589295,0.06195154786109924,0.05398679158280885,0.0,0.0,0.0
1744,0.5618501305580139,1.0,0.00030998181318864226,0.00030998181318864226,20.0,0.0031558643095195293,0.06311728619039059,20.0,7.341650052694604e-05,0.0014683300105389208,10.0,0.013074086047708988,0.13074086047708988,0.0,0.010662843473255634,0.0,13.07903951975988,0.0010616809595376253,0.013885767227169192,0.0,0.3048252761363983,0.0,500.0,0.0004116726340726018,0.2058363170363009,200.0,0.0004622905980795622,0.09245811961591244,0.871935967983992,0.06196953356266022,0.05403346523247462,0.0,0.0,0.0
1745,0.5621538758277893,1.0,0.0003110805409960449,0.0003110805409960449,20.0,0.0031764188315719366,0.06352837663143873,20.0,7.43717682780698e-05,0.0014874353655613959,10.0,0.013087250292301178,0.13087250292301178,0.0,0.010601997375488281,0.0,13.086543271635819,0.0009900073055177927,0.012955773442894176,0.0,0.30500972270965576,0.0,500.0,0.000413289584685117,0.2066447923425585,200.0,0.0004615294747054577,0.09230589494109154,0.8724362181090545,0.06195066496729851,0.054048003853411,0.0,0.0,0.0
1746,0.5636049509048462,1.0,0.00031184169347397983,0.00031184169347397983,20.0,0.0031897376757115126,0.06379475351423025,20.0,7.528394053224474e-05,0.0015056788106448948,10.0,0.013093586079776287,0.13093586079776287,0.0,0.010577654466032982,0.0,13.094047023511756,0.0010635292856022716,0.013925902476558009,0.0,0.3050738573074341,0.0,500.0,0.00041373015847057104,0.20686507923528552,200.0,0.00046122021740302444,0.09224404348060489,0.8729364682341171,0.061885181814432144,0.054021832049116605,0.0,0.0,0.0
1747,0.5648645162582397,1.0,0.00031208957079797983,0.00031208957079797983,20.0,0.0031970911659300327,0.06394182331860065,20.0,7.531542360084131e-05,0.0015063084720168263,10.0,0.013090795837342739,0.1309079583734274,0.0,0.010571963153779507,0.0,13.101550775387693,0.0011743619106709957,0.015385962201337356,0.0,0.30504167079925537,0.0,500.0,0.00041318690637126565,0.20659345318563282,200.0,0.0004611385229509324,0.09222770459018648,0.8734367183591796,0.061812400817871094,0.053989220524263595,0.0,0.0,0.0
1748,0.5619934797286987,1.0,0.00031164841493591666,0.00031164841493591666,20.0,0.003194941906258464,0.06389883812516928,20.0,7.449916301993653e-05,0.0014899832603987306,10.0,0.013077853247523308,0.13077853247523308,0.0,0.010594077408313751,0.0,13.109054527263632,0.0010194265050813556,0.013363717641649286,0.0,0.30503806471824646,0.0,500.0,0.0004119003424420953,0.20595017122104764,200.0,0.0004612079937942326,0.09224159875884652,0.8739369684842421,0.06174248829483986,0.05395904304706615,0.0,0.0,0.0
1749,0.5631434917449951,1.0,0.000311526091536507,0.000311526091536507,20.0,0.0031832463573664427,0.06366492714732885,20.0,7.307578925974667e-05,0.0014615157851949334,10.0,0.01306592021137476,0.1306592021137476,0.0,0.010630030184984207,0.0,13.11655827913957,0.001214781659655273,0.015933754435298278,0.0,0.3050174117088318,0.0,500.0,0.00040972951683215797,0.20486475841607898,200.0,0.00046164068044163287,0.09232813608832657,0.8744372186093047,0.06166214868426323,0.05391967778894054,0.0,0.0,0.0
1750,0.5627825856208801,1.0,0.00031030428363010287,0.00031030428363010287,20.0,0.0031714006327092648,0.0634280126541853,20.0,7.281472790054977e-05,0.0014562945580109954,10.0,0.013065652921795845,0.13065652921795845,0.0,0.010654360987246037,0.0,13.124062031015507,0.001184315886348486,0.01554303515675464,0.0,0.3048345148563385,0.0,500.0,0.00041034980677068233,0.20517490338534117,200.0,0.00046164123341441154,0.09232824668288231,0.8749374687343672,0.06158757209777832,0.0538852744367255,0.0,0.0,0.0
1751,0.563235878944397,1.0,0.00031025565112940967,0.00031025565112940967,20.0,0.0031695887446403503,0.063391774892807,20.0,7.360354356933385e-05,0.001472070871386677,10.0,0.013081169687211514,0.13081169687211514,0.0,0.010646919719874859,0.0,13.131565782891446,0.0012017155531793833,0.015780406838898857,0.0,0.30494046211242676,0.0,500.0,0.00041067542042583227,0.20533771021291614,200.0,0.0004613130586221814,0.09226261172443628,0.8754377188594297,0.06153423711657524,0.05386939217308988,0.0,0.0,0.0
1752,0.5646910667419434,1.0,0.00031153851887211204,0.00031153851887211204,20.0,0.003177611157298088,0.06355222314596176,20.0,7.542221283074468e-05,0.0015084442566148937,10.0,0.013105533085763454,0.13105533085763454,0.0,0.010616889223456383,0.0,13.139069534767383,0.00128803844563663,0.01692362670067338,0.0,0.30507850646972656,0.0,500.0,0.00041070111910812557,0.20535055955406278,200.0,0.0004606783913914114,0.09213567827828228,0.8759379689844923,0.061481159180402756,0.053853681703294264,0.0,0.0,0.0
1753,0.5664879679679871,1.0,0.00031161471270024776,0.00031161471270024776,20.0,0.003185400739312172,0.06370801478624344,20.0,7.63983407523483e-05,0.001527966815046966,10.0,0.013127467595040798,0.13127467595040798,0.0,0.01057096291333437,0.0,13.146573286643322,0.0012792659690603614,0.01681796381536083,0.0,0.3050980567932129,0.0,500.0,0.00041387262172065675,0.20693631086032838,200.0,0.0004603505658451468,0.09207011316902936,0.8764382191095548,0.061431970447301865,0.053841326775224047,0.0,0.0,0.0
1754,0.5642051100730896,1.0,0.00031136497273109853,0.00031136497273109853,20.0,0.0031816826667636633,0.06363365333527327,20.0,7.609078602399677e-05,0.0015218157204799354,10.0,0.013134790584445,0.13134790584445,0.0,0.010561787523329258,0.0,13.15407703851926,0.0010751024819910526,0.014141980872413572,0.0,0.30499985814094543,0.0,500.0,0.0004146761493757367,0.20733807468786836,200.0,0.00046037466381676495,0.09207493276335299,0.8769384692346173,0.061390187591314316,0.053835417132353174,0.0,0.0,0.0
1755,0.5619911551475525,1.0,0.0003108142118435353,0.0003108142118435353,20.0,0.0031633346807211637,0.06326669361442327,20.0,7.54260690882802e-05,0.001508521381765604,10.0,0.013127089478075504,0.13127089478075504,0.0,0.010618505999445915,0.0,13.161580790395197,0.0010338155552744865,0.013606646953112426,0.0,0.3050526976585388,0.0,500.0,0.00041217257967218757,0.20608628983609378,200.0,0.00046058354200795293,0.09211670840159059,0.8774387193596799,0.061342887580394745,0.05382462472036638,0.0,0.0,0.0
1756,0.5631201267242432,1.0,0.000309747236315161,0.000309747236315161,20.0,0.0031519155018031597,0.0630383100360632,20.0,7.482359069399536e-05,0.0014964718138799071,10.0,0.013121072202920914,0.13121072202920914,0.0,0.010650848038494587,0.0,13.169084542271136,0.001144163659773767,0.015067587965755086,0.0,0.3050524592399597,0.0,500.0,0.00041192336357198656,0.20596168178599328,200.0,0.00046102661872282624,0.09220532374456525,0.8779389694847424,0.061314359307289124,0.053830265424858637,0.0,0.0,0.0
1757,0.5651865005493164,1.0,0.00030886672902852297,0.00030886672902852297,20.0,0.0031507606618106365,0.06301521323621273,20.0,7.404923962894827e-05,0.0014809847925789654,10.0,0.013113334774971008,0.13113334774971008,0.0,0.010646522976458073,0.0,13.176588294147074,0.0012520200107246637,0.016497352217352497,0.0,0.30491718649864197,0.0,500.0,0.00041330052772536874,0.20665026386268437,200.0,0.00046140176709741354,0.09228035341948271,0.8784392196098049,0.06126789748668671,0.0538201240553386,0.0,0.0,0.0
1758,0.560164213180542,1.0,0.0003092177212238312,0.0003092177212238312,20.0,0.0031541227363049984,0.06308245472609997,20.0,7.218398968689144e-05,0.0014436797937378287,10.0,0.013106835074722767,0.13106835074722767,0.0,0.010612957179546356,0.0,13.18409204602301,0.0008886022260412574,0.011715413540428883,0.0,0.30487358570098877,0.0,500.0,0.0004128188593313098,0.2064094296656549,200.0,0.0004614899808075279,0.09229799616150558,0.8789394697348675,0.06125306338071823,0.05383773504748471,0.0,0.0,0.0
1759,0.5605178475379944,1.0,0.00031057780142873526,0.00031057780142873526,20.0,0.003164546098560095,0.0632909219712019,20.0,7.321560406126082e-05,0.0014643120812252164,10.0,0.013108117505908012,0.13108117505908012,0.0,0.010597708635032177,0.0,13.19159579789895,0.0009586155647411942,0.012645669055640466,0.0,0.30501502752304077,0.0,500.0,0.00041129073360934854,0.20564536680467427,200.0,0.0004610576434060931,0.09221152868121862,0.87943971985993,0.06125297024846077,0.05386829499589496,0.0,0.0,0.0
1760,0.5619558691978455,1.0,0.00031066586961969733,0.00031066586961969733,20.0,0.0031736106611788273,0.06347221322357655,20.0,7.495722820749506e-05,0.0014991445641499013,10.0,0.013112392276525497,0.13112392276525497,0.0,0.010584534145891666,0.0,13.199099549774887,0.001002351171337068,0.013230132894311426,0.0,0.30503374338150024,0.0,500.0,0.00041254929965361953,0.20627464982680976,200.0,0.0004606971924658865,0.0921394384931773,0.8799399699849925,0.06126070022583008,0.05390573871797654,0.0,0.0,0.0
1761,0.5644620656967163,1.0,0.00031047401716932654,0.00031047401716932654,20.0,0.0031763415317982435,0.06352683063596487,20.0,7.619108509970829e-05,0.0015238217019941658,10.0,0.013111548498272896,0.13111548498272896,0.0,0.010588875971734524,0.0,13.206603301650825,0.001140507636591792,0.015062231918971141,0.0,0.3052215278148651,0.0,500.0,0.00041366912773810327,0.20683456386905164,200.0,0.0004606804286595434,0.09213608573190868,0.8804402201100551,0.061279065907001495,0.05395255427529897,0.0,0.0,0.0
1762,0.563162088394165,1.0,0.0003108427918050438,0.0003108427918050438,20.0,0.003170805051922798,0.06341610103845596,20.0,7.577780343126506e-05,0.0015155560686253011,10.0,0.013106142170727253,0.13106142170727253,0.0,0.01059785671532154,0.0,13.214107053526764,0.0011097332462668419,0.014664133917027828,0.0,0.3052651584148407,0.0,500.0,0.0004120534867979586,0.2060267433989793,200.0,0.00046080152969807386,0.09216030593961477,0.8809404702351176,0.061306070536375046,0.05400699860658152,0.0,0.0,0.0
1763,0.5624203085899353,1.0,0.00031010594102554023,0.00031010594102554023,20.0,0.0031687417067587376,0.06337483413517475,20.0,7.484297384507954e-05,0.0014968594769015908,10.0,0.013097094371914864,0.13097094371914864,0.0,0.010593749582767487,0.0,13.221610805402701,0.0010462498757988214,0.013833108663012931,0.0,0.3050384223461151,0.0,500.0,0.0004123508697375655,0.20617543486878276,200.0,0.00046091782860457897,0.0921835657209158,0.8814407203601801,0.06134890764951706,0.05407542535190048,0.0,0.0,0.0
1764,0.5638394951820374,1.0,0.00030949164647608995,0.00030949164647608995,20.0,0.003169171279296279,0.06338342558592558,20.0,7.378699956461787e-05,0.0014757399912923574,10.0,0.013086153194308281,0.1308615319430828,0.0,0.01058398000895977,0.0,13.22911455727864,0.0011281035840511322,0.014923811545889041,0.0,0.3049338161945343,0.0,500.0,0.00041308585787191987,0.20654292893595994,200.0,0.00046111264964565635,0.09222252992913127,0.8819409704852427,0.06136472895741463,0.05412006861026613,0.0,0.0,0.0
1765,0.5607375502586365,1.0,0.0003101153124589473,0.0003101153124589473,20.0,0.003166073001921177,0.06332146003842354,20.0,7.275055395439267e-05,0.0014550110790878534,10.0,0.013078444637358189,0.1307844463735819,0.0,0.010582290589809418,0.0,13.236618309154577,0.0009670618455857038,0.012800628531364544,0.0,0.30493462085723877,0.0,500.0,0.0004112970782443881,0.20564853912219405,200.0,0.0004613248456735164,0.09226496913470328,0.8824412206103052,0.061366576701402664,0.05415239684906168,0.0,0.0,0.0
1766,0.5608206987380981,1.0,0.0003102791088167578,0.0003102791088167578,20.0,0.003163732122629881,0.06327464245259762,20.0,7.375843415502459e-05,0.0014751686831004918,10.0,0.013079668395221233,0.13079668395221233,0.0,0.010601453483104706,0.0,13.244122061030515,0.0010025762021541595,0.013278241596814094,0.0,0.30497393012046814,0.0,500.0,0.0004105377593077719,0.20526887965388596,200.0,0.00046116969315335155,0.09223393863067031,0.8829414707353677,0.06136630102992058,0.05418285208494738,0.0,0.0,0.0
1767,0.5656616687774658,1.0,0.00030963303288444877,0.00030963303288444877,20.0,0.003165199188515544,0.06330398377031088,20.0,7.547696441179141e-05,0.0015095392882358283,10.0,0.013088928535580635,0.13088928535580635,0.0,0.010604143142700195,0.0,13.251625812906454,0.0012553223641589284,0.016635062244407212,0.0,0.30501145124435425,0.0,500.0,0.00041313565452583134,0.20656782726291567,200.0,0.00046112254494801164,0.09222450898960233,0.8834417208604303,0.06137574464082718,0.05422189346458269,0.0,0.0,0.0
1768,0.5647671818733215,1.0,0.00030968606006354094,0.00030968606006354094,20.0,0.003158770501613617,0.06317541003227234,20.0,7.578884833492339e-05,0.0015157769666984677,10.0,0.013095961883664131,0.1309596188366413,0.0,0.010609271936118603,0.0,13.259129564782391,0.0011870458256453276,0.015739194401565487,0.0,0.30501818656921387,0.0,500.0,0.0004131622554268688,0.2065811277134344,200.0,0.0004611339536495507,0.09222679072991014,0.8839419709854928,0.06138361990451813,0.05425955796462408,0.0,0.0,0.0
1769,0.5620926022529602,1.0,0.00031044165370985866,0.00031044165370985866,20.0,0.0031479974277317524,0.06295994855463505,20.0,7.468449621228501e-05,0.0014936899242457002,10.0,0.013101080432534218,0.13101080432534218,0.0,0.010606029070913792,0.0,13.266633316658329,0.0010636725928634405,0.01411135425849847,0.0,0.304991751909256,0.0,500.0,0.00041136701474897563,0.20568350737448782,200.0,0.0004611085751093924,0.09222171502187848,0.8844422211105553,0.06139594316482544,0.05430116433987563,0.0,0.0,0.0
1770,0.5613760948181152,1.0,0.00031035509891808033,0.00031035509891808033,20.0,0.003147025592625141,0.06294051185250282,20.0,7.409534737234935e-05,0.001481906947446987,10.0,0.013109412044286728,0.13109412044286728,0.0,0.010575559921562672,0.0,13.274137068534268,0.0009507238864898682,0.012620039183596124,0.0,0.3049456477165222,0.0,500.0,0.00041275302646681666,0.20637651323340833,200.0,0.00046108767855912447,0.0922175357118249,0.8849424712356178,0.06139962002635002,0.05433513147904612,0.0,0.0,0.0
1771,0.5617407560348511,1.0,0.0003095626598224044,0.0003095626598224044,20.0,0.0031492614652961493,0.06298522930592299,20.0,7.385622302535921e-05,0.0014771244605071843,10.0,0.01311892457306385,0.1311892457306385,0.0,0.010544497519731522,0.0,13.281640820410205,0.0008434922201558948,0.011202960702920964,0.0,0.30487751960754395,0.0,500.0,0.0004159583477303386,0.2079791738651693,200.0,0.000461222545709461,0.0922445091418922,0.8854427213606804,0.061385102570056915,0.05435299227063569,0.0,0.0,0.0
1772,0.5641111135482788,1.0,0.00030922627774998546,0.00030922627774998546,20.0,0.0031498074531555176,0.06299614906311035,20.0,7.369081140495837e-05,0.0014738162280991673,10.0,0.013121272437274456,0.13121272437274456,0.0,0.010539453476667404,0.0,13.289144572286142,0.0009746148134581745,0.01295179715833737,0.0,0.30486467480659485,0.0,500.0,0.00041710585355758667,0.20855292677879333,200.0,0.00046129972906783223,0.09225994581356645,0.8859429714857429,0.061352163553237915,0.05435451808543489,0.0,0.0,0.0
1773,0.5591326951980591,1.0,0.00030967092607170343,0.00030967092607170343,20.0,0.003140553366392851,0.06281106732785702,20.0,7.362435280811042e-05,0.0014724870561622083,10.0,0.013117529451847076,0.13117529451847076,0.0,0.010583063587546349,0.0,13.296648324162081,0.000754763837903738,0.010035829320400879,0.0,0.30496832728385925,0.0,500.0,0.00041345966747030616,0.20672983373515308,200.0,0.0004612520569935441,0.09225041139870882,0.8864432216108054,0.06131031736731529,0.05434811524506388,0.0,0.0,0.0
1774,0.5604454874992371,1.0,0.00031043938361108303,0.00031043938361108303,20.0,0.003143325448036194,0.06286650896072388,20.0,7.447032839991152e-05,0.0014894065679982305,10.0,0.0131108732894063,0.131108732894063,0.0,0.010617492720484734,0.0,13.304152076038019,0.0009508152725175023,0.012649790981792383,0.0,0.30503949522972107,0.0,500.0,0.0004108959110453725,0.20544795552268624,200.0,0.0004611601179931313,0.09223202359862626,0.886943471735868,0.06126725673675537,0.05434059339383055,0.0,0.0,0.0
1775,0.5660022497177124,1.0,0.0003104759380221367,0.0003104759380221367,20.0,0.00315520609728992,0.0631041219457984,20.0,7.60199036449194e-05,0.001520398072898388,10.0,0.013108779676258564,0.13108779676258564,0.0,0.010627521201968193,0.0,13.311655827913958,0.0013283905573189259,0.01768307790408035,0.0,0.30513590574264526,0.0,500.0,0.00041157874511554837,0.2057893725577742,200.0,0.0004608677700161934,0.09217355400323868,0.8874437218609305,0.06122467666864395,0.05433345493255346,0.0,0.0,0.0
1776,0.5634880661964417,1.0,0.00031149742426350713,0.00031149742426350713,20.0,0.003165474161505699,0.06330948323011398,20.0,7.642902346560732e-05,0.0015285804693121463,10.0,0.013112346641719341,0.1311234664171934,0.0,0.010611382313072681,0.0,13.319159579789895,0.0011435234919190407,0.015230771872108284,0.0,0.30525660514831543,0.0,500.0,0.0004110552545171231,0.20552762725856155,200.0,0.0004606051370501518,0.09212102741003036,0.887943971985993,0.061192598193883896,0.05433559869642016,0.0,0.0,0.0
1777,0.5621545910835266,1.0,0.0003125096554867923,0.0003125096554867923,20.0,0.0031733703799545765,0.06346740759909153,20.0,7.645765435881913e-05,0.0015291530871763825,10.0,0.0131185632199049,0.131185632199049,0.0,0.010584819130599499,0.0,13.326663331665833,0.0010362110333517194,0.013809235582035919,0.0,0.3052547872066498,0.0,500.0,0.00041081412928178906,0.20540706464089453,200.0,0.00046047981595620513,0.09209596319124103,0.8884442221110556,0.06117171049118042,0.054347652742539485,0.0,0.0,0.0
1778,0.5625186562538147,1.0,0.00031248561572283506,0.00031248561572283506,20.0,0.0031782861333340406,0.06356572266668081,20.0,7.633920176886022e-05,0.0015267840353772044,10.0,0.013119728304445744,0.13119728304445744,0.0,0.010557716712355614,0.0,13.334167083541772,0.001009082538075745,0.013455275163786386,0.0,0.30520084500312805,0.0,500.0,0.00041201512794941664,0.20600756397470832,200.0,0.0004604510322678834,0.09209020645357668,0.888944472236118,0.06115493178367615,0.0543633385590758,0.0,0.0,0.0
1779,0.563726544380188,1.0,0.000312194402795285,0.000312194402795285,20.0,0.0031696497462689877,0.06339299492537975,20.0,7.65630611567758e-05,0.001531261223135516,10.0,0.013126811012625694,0.13126811012625694,0.0,0.01055960264056921,0.0,13.341670835417709,0.0010837804293259978,0.014459441745935149,0.0,0.30513209104537964,0.0,500.0,0.0004125431878492236,0.2062715939246118,200.0,0.0004605504509527236,0.09211009019054472,0.8894447223611806,0.06114020198583603,0.05438082998039843,0.0,0.0,0.0
1780,0.5666376352310181,1.0,0.0003109735553152859,0.0003109735553152859,20.0,0.0031662937253713608,0.06332587450742722,20.0,7.64186552260071e-05,0.001528373104520142,10.0,0.013135896064341068,0.13135896064341068,0.0,0.010529312305152416,0.0,13.349174587293646,0.0011355937458574772,0.015159239173690234,0.0,0.30489474534988403,0.0,500.0,0.000416666705859825,0.2083333529299125,200.0,0.00046106381341814995,0.09221276268362999,0.8899449724862432,0.061136431992053986,0.05440806028707556,0.0,0.0,0.0
1781,0.564315140247345,1.0,0.0003104041679762304,0.0003104041679762304,20.0,0.0031523401848971844,0.06304680369794369,20.0,7.5347168603912e-05,0.00150694337207824,10.0,0.01313819084316492,0.1313819084316492,0.0,0.010529743507504463,0.0,13.356678339169585,0.0009756903164088726,0.013031981714915907,0.0,0.30477389693260193,0.0,500.0,0.0004165899590589106,0.2082949795294553,200.0,0.0004615281359292567,0.09230562718585134,0.8904452226113057,0.06113405153155327,0.054436524125144985,0.0,0.0,0.0
1782,0.561797022819519,1.0,0.00031000381568446755,0.00031000381568446755,20.0,0.0031390467192977667,0.06278093438595533,20.0,7.414896390400827e-05,0.0014829792780801654,10.0,0.013129619881510735,0.13129619881510735,0.0,0.010550322011113167,0.0,13.364182091045523,0.0008731146808713675,0.011668463581530055,0.0,0.3046361804008484,0.0,500.0,0.00041481503285467625,0.20740751642733812,200.0,0.0004620163526851684,0.09240327053703368,0.8909454727363681,0.06111220270395279,0.054447640328033974,0.0,0.0,0.0
1783,0.5609922409057617,1.0,0.000309893541270867,0.000309893541270867,20.0,0.003136744722723961,0.06273489445447922,20.0,7.301464211195707e-05,0.0014602928422391415,10.0,0.013118677772581577,0.13118677772581577,0.0,0.010548240505158901,0.0,13.37168584292146,0.0008432131726294756,0.011275181643014448,0.0,0.30458804965019226,0.0,500.0,0.00041417512693442404,0.20708756346721202,200.0,0.000462407770100981,0.0924815540201962,0.8914457228614308,0.061087436974048615,0.05445613441108286,0.0,0.0,0.0
1784,0.5622208118438721,1.0,0.00031017212313599885,0.00031017212313599885,20.0,0.0031536142341792583,0.06307228468358517,20.0,7.437837484758347e-05,0.0014875674969516695,10.0,0.013110908679664135,0.13110908679664135,0.0,0.01053371001034975,0.0,13.379189594797399,0.0008883763803169131,0.01188575602379982,0.0,0.30479201674461365,0.0,500.0,0.0004150340682826936,0.2075170341413468,200.0,0.00046182190999388695,0.09236438199877739,0.8919459729864933,0.06107382848858833,0.05447455537526413,0.0,0.0,0.0
1785,0.5658252239227295,1.0,0.00031148979905992746,0.00031148979905992746,20.0,0.0031669004820287228,0.06333800964057446,20.0,7.795493002049625e-05,0.001559098600409925,10.0,0.013105405494570732,0.13105405494570732,0.0,0.010574969463050365,0.0,13.386693346673336,0.0012359144166111946,0.016544807297906736,0.0,0.30505964159965515,0.0,500.0,0.0004124848928768188,0.2062424464384094,200.0,0.00046131538692861795,0.09226307738572359,0.8924462231115557,0.06108177453279495,0.05451219898274447,0.0,0.0,0.0
1786,0.5641462206840515,1.0,0.0003131742705591023,0.0003131742705591023,20.0,0.003171004354953766,0.06342008709907532,20.0,7.961142546264455e-05,0.001592228509252891,10.0,0.01310615986585617,0.1310615986585617,0.0,0.010598022490739822,0.0,13.394197098549274,0.0011695034336298704,0.015664559497468623,0.0,0.305245965719223,0.0,500.0,0.00041048837010748684,0.20524418505374342,200.0,0.00046156311873346567,0.09231262374669313,0.8929464732366184,0.06107621267437935,0.05453778870623669,0.0,0.0,0.0
1787,0.5636365413665771,1.0,0.00031319711706601083,0.00031319711706601083,20.0,0.003170514013618231,0.06341028027236462,20.0,7.93936342233792e-05,0.001587872684467584,10.0,0.013104386627674103,0.13104386627674103,0.0,0.010600396431982517,0.0,13.401700850425213,0.0011440938105806708,0.015332802994225198,0.0,0.30523014068603516,0.0,500.0,0.00041020530625246465,0.20510265312623233,200.0,0.0004614892532117665,0.0922978506423533,0.8934467233616809,0.061053503304719925,0.05454805247735357,0.0,0.0,0.0
1788,0.5636143088340759,1.0,0.0003125542716588825,0.0003125542716588825,20.0,0.003172233235090971,0.06344466470181942,20.0,7.921297219581902e-05,0.0015842594439163804,10.0,0.013103683479130268,0.13103683479130268,0.0,0.01059039682149887,0.0,13.40920460230115,0.0010961191728711128,0.014698086257533856,0.0,0.3051222264766693,0.0,500.0,0.0004114522016607225,0.20572610083036125,200.0,0.00046126131201162934,0.09225226240232587,0.8939469734867433,0.06103215366601944,0.054559509055115925,0.0,0.0,0.0
1789,0.566397488117218,1.0,0.00031176788615994155,0.00031176788615994155,20.0,0.003171054646372795,0.0634210929274559,20.0,7.690062921028584e-05,0.0015380125842057168,10.0,0.013108260929584503,0.13108260929584503,0.0,0.010533229447901249,0.0,13.41670835417709,0.0011824454413726926,0.01586452563162362,0.0,0.304733544588089,0.0,500.0,0.00041461424552835524,0.20730712276417762,200.0,0.000461391027783975,0.092278205556795,0.894447223611806,0.06103675812482834,0.05459415884301805,0.0,0.0,0.0
1790,0.5631552934646606,1.0,0.0003120413748547435,0.0003120413748547435,20.0,0.0031676606740802526,0.06335321348160505,20.0,7.388659287244081e-05,0.0014777318574488163,10.0,0.013113911263644695,0.13113911263644695,0.0,0.010474340058863163,0.0,13.424212106053027,0.0008603688329458237,0.01154977370290204,0.0,0.3045167624950409,0.0,500.0,0.00041665081516839564,0.20832540758419782,200.0,0.00046184653183445334,0.09236930636689067,0.8949474737368684,0.06104130297899246,0.054628759894656084,0.0,0.0,0.0
1791,0.5648093819618225,1.0,0.00031221879180520773,0.00031221879180520773,20.0,0.0031637661159038544,0.06327532231807709,20.0,7.331491360673681e-05,0.0014662982721347362,10.0,0.01312565803527832,0.1312565803527832,0.0,0.010445530526340008,0.0,13.431715857928964,0.0009081172756850719,0.01219757321267843,0.0,0.30440887808799744,0.0,500.0,0.0004184814461041242,0.2092407230520621,200.0,0.0004620758700184524,0.09241517400369048,0.8954477238619309,0.0610259473323822,0.05464554563529972,0.0,0.0,0.0
1792,0.5657666325569153,1.0,0.00031212728936225176,0.00031212728936225176,20.0,0.003170716343447566,0.06341432686895132,20.0,7.485036621801555e-05,0.001497007324360311,10.0,0.013142263516783714,0.13142263516783714,0.0,0.010417143814265728,0.0,13.439219609804903,0.0008450773311778903,0.011357179840967496,0.0,0.30440303683280945,0.0,500.0,0.0004215244553051889,0.21076222765259445,200.0,0.00046184760867618024,0.09236952173523605,0.8959479739869936,0.06097638979554176,0.05463167289835683,0.0,0.0,0.0
1793,0.5701647400856018,1.0,0.00031263567507267,0.00031263567507267,20.0,0.0031824789475649595,0.06364957895129919,20.0,7.617543451488018e-05,0.0015235086902976036,10.0,0.01316208578646183,0.1316208578646183,0.0,0.01037880964577198,0.0,13.44672336168084,0.0010217505041509867,0.01373919637397625,0.0,0.3043656051158905,0.0,500.0,0.0004247830365784466,0.2123915182892233,200.0,0.0004615056386683136,0.09230112773366272,0.896448224112056,0.060936376452445984,0.05462630645461891,0.0,0.0,0.0
1794,0.5681071281433105,1.0,0.00031366333132609725,0.00031366333132609725,20.0,0.003188155125826597,0.06376310251653194,20.0,7.593494956381619e-05,0.0015186989912763238,10.0,0.013174032792448997,0.13174032792448997,0.0,0.010354220867156982,0.0,13.454227113556778,0.0008510645129717886,0.011450415245811033,0.0,0.3043924570083618,0.0,500.0,0.0004248511977493763,0.21242559887468815,200.0,0.00046126105007715523,0.09225221001543105,0.8969484742371185,0.06092112511396408,0.05464311021977869,0.0,0.0,0.0
1795,0.5772436857223511,1.0,0.00031367313931696117,0.00031367313931696117,20.0,0.0032019091304391623,0.06403818260878325,20.0,7.477193867089227e-05,0.0014954387734178454,10.0,0.013186745345592499,0.131867453455925,0.0,0.010293991304934025,0.0,13.461730865432717,0.0012447221670299768,0.016756114814795737,0.0,0.30431729555130005,0.0,500.0,0.0004316453996580094,0.2158226998290047,200.0,0.0004614400677382946,0.09228801354765892,0.897448724362181,0.06090833619236946,0.054662108618864835,0.0,0.0,0.0
1796,0.5731139779090881,1.0,0.0003140299813821912,0.0003140299813821912,20.0,0.0032128188759088516,0.06425637751817703,20.0,7.202355482149869e-05,0.0014404710964299738,10.0,0.013184783980250359,0.13184783980250359,0.0,0.01025371067225933,0.0,13.469234617308654,0.0006802057614549994,0.009161850989082471,0.0,0.304134726524353,0.0,500.0,0.00043801256106235087,0.21900628053117543,200.0,0.00046199659118428826,0.09239931823685765,0.8979489744872436,0.060902997851371765,0.05468778446383808,0.0,0.0,0.0
1797,0.5756943225860596,1.0,0.0003143560024909675,0.0003143560024909675,20.0,0.003218581434339285,0.0643716286867857,20.0,7.228094909805804e-05,0.001445618981961161,10.0,0.01318247802555561,0.1318247802555561,0.0,0.010273385792970657,0.0,13.476738369184591,0.0008813749300315976,0.011878059337194217,0.0,0.30416807532310486,0.0,500.0,0.0004374835407361388,0.2187417703680694,200.0,0.0004621410043910146,0.09242820087820292,0.8984492246123061,0.060871440917253494,0.05468989889314021,0.0,0.0,0.0
1798,0.5689420104026794,1.0,0.00031440137536264956,0.00031440137536264956,20.0,0.003221541177481413,0.06443082354962826,20.0,7.503680535592139e-05,0.0015007361071184278,10.0,0.013182360678911209,0.1318236067891121,0.0,0.010327176190912724,0.0,13.48424212106053,0.0005788686103187501,0.007805604497819865,0.0,0.304344117641449,0.0,500.0,0.0004319145227782428,0.2159572613891214,200.0,0.0004620957770384848,0.09241915540769696,0.8989494747373686,0.06083814054727554,0.05469041448897156,0.0,0.0,0.0
1799,0.574151337146759,1.0,0.0003141610068269074,0.0003141610068269074,20.0,0.0032239684369415045,0.06447936873883009,20.0,8.01253627287224e-05,0.0016025072545744479,10.0,0.01318296417593956,0.1318296417593956,0.0,0.010411667637526989,0.0,13.491745872936468,0.001171104609966278,0.015800245788289403,0.0,0.3045826256275177,0.0,500.0,0.00042584171751514077,0.21292085875757039,200.0,0.0004625959263648838,0.09251918527297676,0.8994497248624312,0.0607987679541111,0.05468543510830003,0.0,0.0,0.0
1800,0.5723364353179932,1.0,0.00031421222956851125,0.00031421222956851125,20.0,0.0032164107542485,0.06432821508497,20.0,8.284766227006912e-05,0.0016569532454013824,10.0,0.013173858635127544,0.13173858635127544,0.0,0.010507473722100258,0.0,13.499249624812407,0.0012488397769629955,0.016858399890618526,0.0,0.304839164018631,0.0,500.0,0.0004201055271551013,0.21005276357755065,200.0,0.0004634502111002803,0.09269004222005606,0.8999499749874937,0.060778163373470306,0.05469730660774041,0.0,0.0,0.0
1801,0.5656545758247375,1.0,0.0003140711924061179,0.0003140711924061179,20.0,0.0031996257603168488,0.06399251520633698,20.0,8.220303425332531e-05,0.0016440606850665063,10.0,0.013161499053239822,0.13161499053239822,0.0,0.010584305040538311,0.0,13.506753376688344,0.000962951744440943,0.013006351725815638,0.0,0.30478551983833313,0.0,500.0,0.0004152561305090785,0.20762806525453925,200.0,0.0004634619690477848,0.09269239380955696,0.9004502251125562,0.060816388577222824,0.05476213078489298,0.0,0.0,0.0
1802,0.5641913414001465,1.0,0.0003140818444080651,0.0003140818444080651,20.0,0.003189107868820429,0.06378215737640858,20.0,8.11824866104871e-05,0.001623649732209742,10.0,0.013156469911336899,0.131564699113369,0.0,0.010629091411828995,0.0,13.514257128564282,0.0009705597767606378,0.013116394381785206,0.0,0.30475008487701416,0.0,500.0,0.0004127652500756085,0.20638262503780425,200.0,0.0004628378082998097,0.09256756165996194,0.9009504752376188,0.0608692429959774,0.054840173404579945,0.0,0.0,0.0
1803,0.5630645751953125,1.0,0.00031399226281791925,0.00031399226281791925,20.0,0.003189944429323077,0.06379888858646154,20.0,8.109498594421893e-05,0.0016218997188843787,10.0,0.013156675733625889,0.1315667573362589,0.0,0.010650255717337132,0.0,13.52176088044022,0.0009381178533658385,0.012685005290884751,0.0,0.30468955636024475,0.0,500.0,0.0004115642514079809,0.20578212570399046,200.0,0.00046178451157175004,0.09235690231435001,0.9014507253626813,0.06094508618116379,0.05493899214530122,0.0,0.0,0.0
1804,0.5650382041931152,1.0,0.0003133308491669595,0.0003133308491669595,20.0,0.0031950832344591618,0.06390166468918324,20.0,8.059661922743544e-05,0.0016119323845487088,10.0,0.013157619163393974,0.13157619163393974,0.0,0.010640673339366913,0.0,13.529264632316158,0.001024262746796012,0.013857521754426285,0.0,0.30458950996398926,0.0,500.0,0.00041271609370596707,0.20635804685298353,200.0,0.00046174731687642634,0.09234946337528527,0.9019509754877438,0.061056558042764664,0.05507002208659564,0.0,0.0,0.0
1805,0.5667699575424194,1.0,0.0003126326482743025,0.0003126326482743025,20.0,0.003191759344190359,0.06383518688380718,20.0,7.950185681693256e-05,0.0015900371363386512,10.0,0.013156987726688385,0.13156987726688385,0.0,0.010639386251568794,0.0,13.536768384192095,0.0011018773075193167,0.014915857899686196,0.0,0.304264098405838,0.0,500.0,0.00041373667772859335,0.20686833886429667,200.0,0.00046248058788478374,0.09249611757695675,0.9024512256128064,0.061146702617406845,0.05518191671926061,0.0,0.0,0.0
1806,0.5651503205299377,1.0,0.0003125346847809851,0.0003125346847809851,20.0,0.0031813252717256546,0.06362650543451309,20.0,7.728429045528173e-05,0.0015456858091056347,10.0,0.013156121596693993,0.13156121596693993,0.0,0.010636890307068825,0.0,13.544272136068034,0.0010498932097107172,0.014220039346131901,0.0,0.3041653037071228,0.0,500.0,0.00041202158899977803,0.20601079449988902,200.0,0.00046309485333040357,0.09261897066608071,0.9029514757378689,0.06119322031736374,0.05525450859071613,0.0,0.0,0.0
1807,0.5626301765441895,1.0,0.0003132075071334839,0.0003132075071334839,20.0,0.003168031107634306,0.06336062215268612,20.0,7.446006929967552e-05,0.0014892013859935105,10.0,0.013159148395061493,0.13159148395061493,0.0,0.01062302477657795,0.0,13.551775887943972,0.0009076639544218779,0.01230045849189028,0.0,0.3041163682937622,0.0,500.0,0.0004109221918042749,0.20546109590213746,200.0,0.0004640196275431663,0.09280392550863326,0.9034517258629314,0.06122088432312012,0.055310113600577755,0.0,0.0,0.0
1808,0.5641540884971619,1.0,0.00031294397194869816,0.00031294397194869816,20.0,0.0031592175364494324,0.06318435072898865,20.0,7.307133637368679e-05,0.0014614267274737358,10.0,0.01316884346306324,0.1316884346306324,0.0,0.010610193945467472,0.0,13.55927963981991,0.0009581518243066967,0.012991848523178095,0.0,0.30406442284584045,0.0,500.0,0.0004125772975385189,0.20628864876925945,200.0,0.0004643777501769364,0.09287555003538728,0.903951975987994,0.06123209372162819,0.05535087211354785,0.0,0.0,0.0
1809,0.5648095011711121,1.0,0.00031211256282404065,0.00031211256282404065,20.0,0.0031530100386589766,0.06306020077317953,20.0,7.338167051784694e-05,0.0014676334103569388,10.0,0.013183937408030033,0.13183937408030033,0.0,0.010616108775138855,0.0,13.566783391695848,0.0009694647742435336,0.013152518598041337,0.0,0.3041228652000427,0.0,500.0,0.0004136413335800171,0.20682066679000854,200.0,0.00046386817120946944,0.09277363424189389,0.9044522261130565,0.06123420223593712,0.05538341052655043,0.0,0.0,0.0
1810,0.565778374671936,1.0,0.00031079829204827547,0.00031079829204827547,20.0,0.0031511958222836256,0.06302391644567251,20.0,7.537955389125273e-05,0.0015075910778250545,10.0,0.013197668828070164,0.13197668828070164,0.0,0.010640441440045834,0.0,13.574287143571786,0.0009389905026182532,0.012746126707626964,0.0,0.3043023347854614,0.0,500.0,0.00041637965478003025,0.20818982739001513,200.0,0.00046329869655892253,0.0926597393117845,0.904952476238119,0.0611785352230072,0.055363666942681355,0.0,0.0,0.0
1811,0.5709680914878845,1.0,0.0003091184189543128,0.0003091184189543128,20.0,0.0031488407403230667,0.06297681480646133,20.0,7.670107152080163e-05,0.0015340214304160327,10.0,0.013197808526456356,0.13197808526456356,0.0,0.010676257312297821,0.0,13.581790895447725,0.0011481093242764473,0.015593380767436492,0.0,0.3045164942741394,0.0,500.0,0.0004209841135889292,0.2104920567944646,200.0,0.0004637084202840924,0.09274168405681849,0.9054527263631816,0.061121851205825806,0.055342946814679696,0.0,0.0,0.0
1812,0.5717374682426453,1.0,0.0003085622447542846,0.0003085622447542846,20.0,0.0031412639655172825,0.06282527931034565,20.0,7.745761831756681e-05,0.0015491523663513362,10.0,0.013194314204156399,0.131943142041564,0.0,0.010729334317147732,0.0,13.589294647323662,0.001223118626512587,0.01662131940430937,0.0,0.3046775162220001,0.0,500.0,0.0004207055317237973,0.21035276586189866,200.0,0.00046388449845835567,0.09277689969167113,0.9059529764882441,0.0611073262989521,0.05536036414577402,0.0,0.0,0.0
1813,0.5693231225013733,1.0,0.0003089987440034747,0.0003089987440034747,20.0,0.003130874363705516,0.06261748727411032,20.0,7.719075074419379e-05,0.0015438150148838758,10.0,0.013186542317271233,0.13186542317271233,0.0,0.010786640457808971,0.0,13.5967983991996,0.0012701274827122688,0.017269667323721594,0.0,0.3049614727497101,0.0,500.0,0.0004153590998612344,0.2076795499306172,200.0,0.00046337995445355773,0.09267599089071155,0.9064532266133066,0.061075594276189804,0.05536216949897745,0.0,0.0,0.0
1814,0.5634863972663879,1.0,0.00031025835778564215,0.00031025835778564215,20.0,0.003122828435152769,0.06245656870305538,20.0,7.538757927250117e-05,0.0015077515854500234,10.0,0.013176803477108479,0.13176803477108479,0.0,0.01081703882664442,0.0,13.604302151075538,0.001060590147972107,0.014428588831466457,0.0,0.30512070655822754,0.0,500.0,0.00041007413528859615,0.20503706764429808,200.0,0.0004630647017620504,0.09261294035241008,0.9069534767383692,0.06104523316025734,0.05536518645299978,0.0,0.0,0.0
1815,0.5638790130615234,1.0,0.00031028903322294354,0.00031028903322294354,20.0,0.003119042841717601,0.062380856834352016,20.0,7.239816477522254e-05,0.0014479632955044508,10.0,0.013169919140636921,0.1316991914063692,0.0,0.01080295443534851,0.0,13.611805902951476,0.0011264777276664972,0.015333396182994192,0.0,0.3050081431865692,0.0,500.0,0.00040942273335531354,0.20471136667765677,200.0,0.00046314659994095564,0.09262931998819113,0.9074537268634317,0.061013177037239075,0.05536663489022095,0.0,0.0,0.0
1816,0.5631335377693176,1.0,0.00030980692827142775,0.00030980692827142775,20.0,0.0031233669724315405,0.06246733944863081,20.0,7.083746459102258e-05,0.0014167492918204516,10.0,0.013170620426535606,0.13170620426535606,0.0,0.010781885124742985,0.0,13.619309654827413,0.0010451668640598655,0.014234451162596216,0.0,0.30503958463668823,0.0,500.0,0.0004102507373318076,0.2051253686659038,200.0,0.0004625758156180382,0.09251516312360764,0.9079539769884942,0.06097058206796646,0.05535848246791352,0.0,0.0,0.0
1817,0.5640249848365784,1.0,0.00030934804817661643,0.00030934804817661643,20.0,0.003136648563668132,0.06273297127336264,20.0,7.163532427512109e-05,0.0014327064855024219,10.0,0.013178965076804161,0.1317896507680416,0.0,0.010768508538603783,0.0,13.626813406703352,0.0010356837883591652,0.01411306973231799,0.0,0.3051433563232422,0.0,500.0,0.0004119754594285041,0.20598772971425205,200.0,0.00046160275815054774,0.09232055163010955,0.9084542271135568,0.06091545894742012,0.055338906177346145,0.0,0.0,0.0
1818,0.5668945908546448,1.0,0.00031043298076838255,0.00031043298076838255,20.0,0.0031577195040881634,0.06315439008176327,20.0,7.381208706647158e-05,0.0014762417413294315,10.0,0.013196870684623718,0.13196870684623718,0.0,0.010750491172075272,0.0,13.63431715857929,0.0011804476380348206,0.016094597486062547,0.0,0.30548349022865295,0.0,500.0,0.0004128447617404163,0.20642238087020814,200.0,0.0004607930313795805,0.0921586062759161,0.9089544772386193,0.06084930896759033,0.0553092518229673,0.0,0.0,0.0
1819,0.563761293888092,1.0,0.000312601012410596,0.000312601012410596,20.0,0.0031750048510730267,0.06350009702146053,20.0,7.550233567599207e-05,0.0015100467135198414,10.0,0.013213311322033405,0.13213311322033405,0.0,0.010735960677266121,0.0,13.641820910455227,0.0009664293611422181,0.013183856267307796,0.0,0.3055133521556854,0.0,500.0,0.00041147141018882394,0.20573570509441197,200.0,0.00046043351176194847,0.0920867023523897,0.9094547273636818,0.06080479919910431,0.05529921207802483,0.0,0.0,0.0
1820,0.5661296844482422,1.0,0.00031386991031467915,0.00031386991031467915,20.0,0.0031908093951642513,0.06381618790328503,20.0,7.71588966017589e-05,0.001543177932035178,10.0,0.013223711401224136,0.13223711401224136,0.0,0.010724225081503391,0.0,13.649324662331166,0.0010753305396065116,0.01467753565440904,0.0,0.3055746555328369,0.0,500.0,0.0004123449616599828,0.2061724808299914,200.0,0.0004604122368618846,0.09208244737237692,0.9099549774887443,0.060757797211408615,0.055286859993773016,0.0,0.0,0.0
1821,0.5671393871307373,1.0,0.0003136787854600698,0.0003136787854600698,20.0,0.0031983740627765656,0.06396748125553131,20.0,7.585181447211653e-05,0.0015170362894423306,10.0,0.013227210380136967,0.13227210380136967,0.0,0.010685401037335396,0.0,13.656828414207103,0.0010836853180080652,0.014799704443031607,0.0,0.3054112195968628,0.0,500.0,0.0004138059157412499,0.20690295787062496,200.0,0.00046047894284129143,0.09209578856825829,0.9104552276138069,0.06070660799741745,0.055270648601950856,0.0,0.0,0.0
1822,0.5633959770202637,1.0,0.00031386857153847814,0.00031386857153847814,20.0,0.0031944240909069777,0.06388848181813955,20.0,7.333012035815045e-05,0.001466602407163009,10.0,0.013223103247582912,0.13223103247582912,0.0,0.01066313125193119,0.0,13.664332166083042,0.0008435862837359309,0.011527043191719337,0.0,0.305168092250824,0.0,500.0,0.00041296734707430005,0.20648367353715003,200.0,0.0004609982715919614,0.09219965431839228,0.9109554777388694,0.060689669102430344,0.055285586511018336,0.0,0.0,0.0
1823,0.5652161836624146,1.0,0.0003128432435914874,0.0003128432435914874,20.0,0.003184385597705841,0.06368771195411682,20.0,7.096273475326598e-05,0.0014192546950653195,10.0,0.013217953033745289,0.1321795303374529,0.0,0.010649559088051319,0.0,13.67183591795898,0.0009063277393579483,0.012391164140396562,0.0,0.30501800775527954,0.0,500.0,0.000415234942920506,0.207617471460253,200.0,0.00046163430670276284,0.09232686134055257,0.9114557278639319,0.060651734471321106,0.05528137078876791,0.0,0.0,0.0
1824,0.5625642538070679,1.0,0.0003120821784250438,0.0003120821784250438,20.0,0.003163823625072837,0.06327647250145674,20.0,7.080179057084024e-05,0.0014160358114168048,10.0,0.013215276412665844,0.13215276412665844,0.0,0.010706308297812939,0.0,13.679339669834917,0.0007977173081599176,0.010912246018825886,0.0,0.30499550700187683,0.0,500.0,0.00041375274304300547,0.20687637152150273,200.0,0.0004616816295310855,0.0923363259062171,0.9119559779889945,0.060619138181209564,0.05528198544489497,0.0,0.0,0.0
1825,0.5652336478233337,1.0,0.00031154631869867444,0.00031154631869867444,20.0,0.003153989790007472,0.06307979580014944,20.0,7.234586519189179e-05,0.0014469173038378358,10.0,0.013216052204370499,0.132160522043705,0.0,0.010757619515061378,0.0,13.686843421710856,0.001033620210364461,0.014146997976774213,0.0,0.3049919307231903,0.0,500.0,0.0004130591405555606,0.2065295702777803,200.0,0.00046139792539179325,0.09227958507835865,0.912456228114057,0.060582295060157776,0.05527869244108443,0.0,0.0,0.0
1826,0.5693789124488831,1.0,0.00031194451730698347,0.00031194451730698347,20.0,0.0031721233390271664,0.06344246678054333,20.0,7.507021655328572e-05,0.0015014043310657144,10.0,0.01322141382843256,0.1322141382843256,0.0,0.010742627084255219,0.0,13.694347173586793,0.001212644507177174,0.016606374879427285,0.0,0.30503612756729126,0.0,500.0,0.00041558395605534315,0.20779197802767158,200.0,0.00046115496661514044,0.09223099332302809,0.9129564782391195,0.06055011227726936,0.05527961726163911,0.0,0.0,0.0
1827,0.5703559517860413,1.0,0.000313053373247385,0.000313053373247385,20.0,0.003182379063218832,0.06364758126437664,20.0,7.663803989998996e-05,0.0015327607979997993,10.0,0.013221495784819126,0.13221495784819126,0.0,0.01074270997196436,0.0,13.70185092546273,0.0013151277089491487,0.018019683815966574,0.0,0.30510157346725464,0.0,500.0,0.0004142970428802073,0.20714852144010365,200.0,0.0004610546166077256,0.09221092332154512,0.9134567283641821,0.0605047382414341,0.05526846024455161,0.0,0.0,0.0
1828,0.5644175410270691,1.0,0.00031467911321669817,0.00031467911321669817,20.0,0.0031864556949585676,0.06372911389917135,20.0,7.667071622563526e-05,0.0015334143245127052,10.0,0.013215823099017143,0.13215823099017143,0.0,0.010744755156338215,0.0,13.70935467733867,0.0009960592724382877,0.013655329845508393,0.0,0.3051053285598755,0.0,500.0,0.00041099643567577004,0.20549821783788502,200.0,0.0004611293552443385,0.0922258710488677,0.9139569784892446,0.0605090893805027,0.05530270450133989,0.0,0.0,0.0
1829,0.5638157725334167,1.0,0.00031491630943492055,0.00031491630943492055,20.0,0.003189320443198085,0.0637864088639617,20.0,7.708804332651198e-05,0.0015417608665302396,10.0,0.013206340372562408,0.13206340372562408,0.0,0.010748264379799366,0.0,13.716858429214607,0.0009636991308070719,0.013218924545637774,0.0,0.3050181269645691,0.0,500.0,0.0004105610423721373,0.20528052118606865,200.0,0.00046137283788993955,0.09227456757798791,0.9144572286143071,0.06051164120435715,0.05533530771463975,0.0,0.0,0.0
1830,0.5645079612731934,1.0,0.00031443045008927584,0.00031443045008927584,20.0,0.0031915907748043537,0.06383181549608707,20.0,7.739526336081326e-05,0.0015479052672162652,10.0,0.013196291401982307,0.13196291401982307,0.0,0.010748366825282574,0.0,13.724362181090545,0.0009833595249801874,0.013495982275053246,0.0,0.30489492416381836,0.0,500.0,0.0004112888127565384,0.2056444063782692,200.0,0.00046150159323588014,0.09230031864717603,0.9149574787393697,0.0605604387819767,0.05541022637930735,0.0,0.0,0.0
1831,0.5649974942207336,1.0,0.000314332457492128,0.000314332457492128,20.0,0.003195637371391058,0.06391274742782116,20.0,7.649973122170195e-05,0.001529994624434039,10.0,0.013189615681767464,0.13189615681767464,0.0,0.01071536261588335,0.0,13.731865932966484,0.0009706785203889012,0.013329227305990666,0.0,0.3047882616519928,0.0,500.0,0.0004124692059122026,0.2062346029561013,200.0,0.0004615557845681906,0.09231115691363811,0.9154577288644322,0.060591842979192734,0.05546927096144207,0.0,0.0,0.0
1832,0.5627905130386353,1.0,0.0003148611285723746,0.0003148611285723746,20.0,0.00319413049146533,0.0638826098293066,20.0,7.481501961592585e-05,0.001496300392318517,10.0,0.013186616823077202,0.13186616823077202,0.0,0.010676105506718159,0.0,13.739369684842421,0.0007893931469880044,0.010845764273149346,0.0,0.30463942885398865,0.0,500.0,0.00041288844658993185,0.20644422329496592,200.0,0.0004619592509698123,0.09239185019396245,0.9159579789894947,0.060645509511232376,0.05554873832669659,0.0,0.0,0.0
1833,0.567401111125946,1.0,0.00031457399018108845,0.00031457399018108845,20.0,0.003199387341737747,0.06398774683475494,20.0,7.415586151182652e-05,0.0014831172302365303,10.0,0.013191103003919125,0.13191103003919125,0.0,0.010625092312693596,0.0,13.74687343671836,0.0009739869856275618,0.013389275820432917,0.0,0.3044215738773346,0.0,500.0,0.00041648640763014555,0.20824320381507277,200.0,0.00046226364793255925,0.09245272958651185,0.9164582291145573,0.060689594596624374,0.055619478389702784,0.0,0.0,0.0
1834,0.5662750005722046,1.0,0.00031432934338226914,0.00031432934338226914,20.0,0.0031900759786367416,0.06380151957273483,20.0,7.528615242335945e-05,0.001505723048467189,10.0,0.01319955661892891,0.1319955661892891,0.0,0.010644912719726562,0.0,13.754377188594297,0.000913276569917798,0.012561550420155006,0.0,0.3043833076953888,0.0,500.0,0.0004160095122642815,0.20800475613214076,200.0,0.0004622284905053675,0.0924456981010735,0.9169584792396198,0.06068520247936249,0.05564581097782463,0.0,0.0,0.0
1835,0.5645397901535034,1.0,0.0003143920039292425,0.0003143920039292425,20.0,0.0031717726960778236,0.06343545392155647,20.0,7.697123510297388e-05,0.0015394247020594776,10.0,0.013203941285610199,0.132039412856102,0.0,0.010720103047788143,0.0,13.761880940470235,0.0009179002372547984,0.012632033780329916,0.0,0.3045383095741272,0.0,500.0,0.0004128300352022052,0.2064150176011026,200.0,0.00046234906767494977,0.09246981353498995,0.9174587293646823,0.060704849660396576,0.05569419423570151,0.0,0.0,0.0
1836,0.5663917064666748,1.0,0.00031408522045239806,0.00031408522045239806,20.0,0.0031593977473676205,0.06318795494735241,20.0,7.835167343728244e-05,0.0015670334687456489,10.0,0.013200856745243073,0.13200856745243073,0.0,0.010790463536977768,0.0,13.769384692346174,0.0011128578335046768,0.015323367617416823,0.0,0.30461129546165466,0.0,500.0,0.00041140452958643436,0.20570226479321718,200.0,0.0004627470625564456,0.09254941251128912,0.9179589794897449,0.060720641165971756,0.05573905779867843,0.0,0.0,0.0
1837,0.5665346384048462,1.0,0.00031315613887272775,0.00031315613887272775,20.0,0.0031509059481322765,0.06301811896264553,20.0,7.950799772515893e-05,0.0015901599545031786,10.0,0.013193766586482525,0.13193766586482525,0.0,0.010856444016098976,0.0,13.776888444222111,0.0011307825334370136,0.015578664817836596,0.0,0.3046237826347351,0.0,500.0,0.00041132629849016666,0.20566314924508333,200.0,0.00046326802112162113,0.09265360422432423,0.9184592296148074,0.06073226407170296,0.055780108472059345,0.0,0.0,0.0
1838,0.5662087798118591,1.0,0.0003128227253910154,0.0003128227253910154,20.0,0.003152674064040184,0.06305348128080368,20.0,7.842740160413086e-05,0.0015685480320826173,10.0,0.013185395859181881,0.1318539585918188,0.0,0.010863150469958782,0.0,13.784392196098048,0.001145695336163044,0.015792713850911792,0.0,0.3045894205570221,0.0,500.0,0.00041035309550352395,0.20517654775176197,200.0,0.0004632191266864538,0.09264382533729076,0.9189594797398699,0.06072842329740524,0.05580696027880612,0.0,0.0,0.0
1839,0.5636491179466248,1.0,0.0003132789279334247,0.0003132789279334247,20.0,0.003159746527671814,0.06319493055343628,20.0,7.56954395910725e-05,0.00151390879182145,10.0,0.013179651461541653,0.13179651461541653,0.0,0.010821220465004444,0.0,13.791895947973988,0.0009996485896408558,0.01378704933286563,0.0,0.30442720651626587,0.0,500.0,0.0004093436000403017,0.20467180002015084,200.0,0.00046267049037851393,0.09253409807570279,0.9194597298649325,0.06072866544127464,0.05583756232169225,0.0,0.0,0.0
1840,0.5654571056365967,1.0,0.0003139825421385467,0.0003139825421385467,20.0,0.0031856410205364227,0.06371282041072845,20.0,7.509489660151303e-05,0.0015018979320302606,10.0,0.013184396550059319,0.13184396550059319,0.0,0.010745257139205933,0.0,13.799399699849925,0.0009944086195901036,0.013722242006699853,0.0,0.30452123284339905,0.0,500.0,0.00041223352309316397,0.20611676154658198,200.0,0.00046194600872695446,0.09238920174539089,0.919959979989995,0.060715965926647186,0.055856258798951564,0.0,0.0,0.0
1841,0.56507807970047,1.0,0.00031448184745386243,0.00031448184745386243,20.0,0.003191700205206871,0.06383400410413742,20.0,7.56437293603085e-05,0.00151287458720617,10.0,0.013195077888667583,0.13195077888667583,0.0,0.010729064233601093,0.0,13.806903451725862,0.0009601669735275209,0.013256932701030302,0.0,0.3045938313007355,0.0,500.0,0.0004121829988434911,0.20609149942174554,200.0,0.0004613580531440675,0.0922716106288135,0.9204602301150575,0.06067175045609474,0.05584593338630031,0.0,0.0,0.0
1842,0.5638846755027771,1.0,0.00031522862263955176,0.00031522862263955176,20.0,0.003181764390319586,0.06363528780639172,20.0,7.686786557314917e-05,0.0015373573114629835,10.0,0.01320844516158104,0.1320844516158104,0.0,0.010760420002043247,0.0,13.814407203601801,0.0009780792752280831,0.01351158538540446,0.0,0.3047977685928345,0.0,500.0,0.0004095903714187443,0.20479518570937216,200.0,0.00046096532605588436,0.09219306521117687,0.92096048024012,0.06060253456234932,0.0558125393343097,0.0,0.0,0.0
1843,0.5677018761634827,1.0,0.00031499817850999534,0.00031499817850999534,20.0,0.003174480516463518,0.06348961032927036,20.0,7.912798901088536e-05,0.0015825597802177072,10.0,0.013223832473158836,0.13223832473158836,0.0,0.01079434435814619,0.0,13.821910955477739,0.0012132949195802212,0.01677005434117134,0.0,0.30492058396339417,0.0,500.0,0.0004106626729480922,0.2053313364740461,200.0,0.00046094838762655854,0.09218967752531171,0.9214607303651826,0.060540080070495605,0.05578530639812552,0.0,0.0,0.0
1844,0.5674262642860413,1.0,0.00031341303838416934,0.00031341303838416934,20.0,0.0031662355177104473,0.06332471035420895,20.0,7.907683902885765e-05,0.001581536780577153,10.0,0.013235663063824177,0.13235663063824177,0.0,0.01079424750059843,0.0,13.829414707353676,0.0010823631891980767,0.014968449407394111,0.0,0.3048837184906006,0.0,500.0,0.0004137442447245121,0.20687212236225605,200.0,0.00046117446618154645,0.09223489323630929,0.9219609804902451,0.060495525598526,0.05577451409608975,0.0,0.0,0.0
1845,0.5695770382881165,1.0,0.0003124086942989379,0.0003124086942989379,20.0,0.0031538885086774826,0.06307777017354965,20.0,7.710394856985658e-05,0.0015420789713971317,10.0,0.01323699951171875,0.1323699951171875,0.0,0.010791492648422718,0.0,13.836918459229615,0.0012424869928508997,0.017192191206731308,0.0,0.30479249358177185,0.0,500.0,0.00041398347821086645,0.20699173910543323,200.0,0.0004615561047103256,0.09231122094206512,0.9224612306153076,0.06046826019883156,0.05577962571618078,0.0,0.0,0.0
1846,0.5639445185661316,1.0,0.00031211116584017873,0.00031211116584017873,20.0,0.0031467906665056944,0.06293581333011389,20.0,7.342065509874374e-05,0.0014684131019748747,10.0,0.013229183852672577,0.13229183852672577,0.0,0.010766205377876759,0.0,13.844422211105552,0.0008857578504830599,0.012262805658888785,0.0,0.3046061098575592,0.0,500.0,0.0004130069864913821,0.20650349324569106,200.0,0.00046190136345103383,0.09238027269020677,0.9229614807403702,0.060446470975875854,0.055789764357424186,0.0,0.0,0.0
1847,0.5632889866828918,1.0,0.0003127303789369762,0.0003127303789369762,20.0,0.003161689266562462,0.06323378533124924,20.0,7.213016215246171e-05,0.0014426032430492342,10.0,0.013225560076534748,0.13225560076534748,0.0,0.010724063962697983,0.0,13.851925962981491,0.000794174789916724,0.011000850391592841,0.0,0.30470138788223267,0.0,500.0,0.00041386339580640197,0.20693169790320098,200.0,0.00046152513823471963,0.09230502764694393,0.9234617308654327,0.060432069003582,0.055806703041827097,0.0,0.0,0.0
1848,0.5667522549629211,1.0,0.0003131731355097145,0.0003131731355097145,20.0,0.0031873448751866817,0.06374689750373363,20.0,7.264284795382991e-05,0.0014528569590765983,10.0,0.013229952193796635,0.13229952193796635,0.0,0.010670566000044346,0.0,13.859429714857429,0.0008937203674577177,0.012386454617516793,0.0,0.30481866002082825,0.0,500.0,0.0004170856554992497,0.20854282774962485,200.0,0.0004611596232280135,0.0922319246456027,0.9239619809904952,0.060368962585926056,0.055778626261233324,0.0,0.0,0.0
1849,0.5675222277641296,1.0,0.0003140102489851415,0.0003140102489851415,20.0,0.0031981596257537603,0.0639631925150752,20.0,7.459418702637777e-05,0.0014918837405275553,10.0,0.013236859813332558,0.13236859813332558,0.0,0.010678961873054504,0.0,13.866933466733366,0.000984005630016327,0.013645140602327454,0.0,0.3050285875797272,0.0,500.0,0.000415609625633806,0.207804812816903,200.0,0.0004608612507581711,0.09217225015163422,0.9244622311155578,0.06031870096921921,0.05576236087599655,0.0,0.0,0.0
1850,0.5652827024459839,1.0,0.0003151814453303814,0.0003151814453303814,20.0,0.0031933817081153393,0.06386763416230679,20.0,7.668431499041617e-05,0.0015336862998083234,10.0,0.013238830491900444,0.13238830491900444,0.0,0.010743265971541405,0.0,13.874437218609305,0.0009903310565277934,0.013740286069433892,0.0,0.30515554547309875,0.0,500.0,0.00041096005588769913,0.20548002794384956,200.0,0.00046091608237475157,0.09218321647495031,0.9249624812406203,0.060299020260572433,0.055774331396597515,0.0,0.0,0.0
1851,0.566582202911377,1.0,0.0003152277786284685,0.0003152277786284685,20.0,0.0031912035774439573,0.06382407154887915,20.0,7.899188494775444e-05,0.0015798376989550889,10.0,0.013235370628535748,0.13235370628535748,0.0,0.010801401920616627,0.0,13.881940970485243,0.0011047220323234797,0.015335686041509035,0.0,0.3052665889263153,0.0,500.0,0.0004103144456166774,0.2051572228083387,200.0,0.00046115380246192217,0.09223076049238443,0.9254627313656828,0.060278743505477905,0.055785730607870995,0.0,0.0,0.0
1852,0.567534327507019,1.0,0.0003149304538965225,0.0003149304538965225,20.0,0.0031915022991597652,0.0638300459831953,20.0,7.934183668112382e-05,0.0015868367336224765,10.0,0.013228398747742176,0.13228398747742176,0.0,0.010818269103765488,0.0,13.88944472236118,0.0011755679734051228,0.01632798638398861,0.0,0.3052999675273895,0.0,500.0,0.00041035772301256657,0.20517886150628328,200.0,0.00046097396989353,0.092194793978706,0.9259629814907454,0.06027984619140625,0.05581690610319809,0.0,0.0,0.0
1853,0.5664110779762268,1.0,0.00031369796488434076,0.00031369796488434076,20.0,0.0031772132497280836,0.06354426499456167,20.0,7.629205356352031e-05,0.0015258410712704062,10.0,0.013222015462815762,0.13222015462815762,0.0,0.010810049250721931,0.0,13.896948474237119,0.0011254324344918132,0.01564007655336797,0.0,0.30494582653045654,0.0,500.0,0.00041025373502634466,0.20512686751317233,200.0,0.000461007934063673,0.0922015868127346,0.9264632316158079,0.06027067080140114,0.055838560442318615,0.0,0.0,0.0
1854,0.562641978263855,1.0,0.0003130926052108407,0.0003130926052108407,20.0,0.0031567267142236233,0.06313453428447247,20.0,7.227031164802611e-05,0.0014454062329605222,10.0,0.013219150714576244,0.13219150714576244,0.0,0.01079387217760086,0.0,13.904452226113056,0.0008619760628789663,0.011985304986353612,0.0,0.3046368658542633,0.0,500.0,0.00041045062243938446,0.20522531121969223,200.0,0.0004622582346200943,0.09245164692401886,0.9269634817408704,0.06029917299747467,0.0558951313478342,0.0,0.0,0.0
1855,0.5642891526222229,1.0,0.00031244155252352357,0.00031244155252352357,20.0,0.003154120873659849,0.06308241747319698,20.0,7.007065141806379e-05,0.0014014130283612758,10.0,0.013222364708781242,0.13222364708781242,0.0,0.010742266662418842,0.0,13.911955977988994,0.0008165996987372637,0.011360499060471888,0.0,0.3043231964111328,0.0,500.0,0.0004146052524447441,0.20730262622237206,200.0,0.0004633369971998036,0.09266739943996072,0.927463731865933,0.0603136345744133,0.055938708604783526,0.0,0.0,0.0
1856,0.567103385925293,1.0,0.0003114208811894059,0.0003114208811894059,20.0,0.003146667731925845,0.0629333546385169,20.0,7.024196384008974e-05,0.0014048392768017948,10.0,0.0132333068177104,0.132333068177104,0.0,0.01073424331843853,0.0,13.919459729864933,0.0009244813700206578,0.012868281201012908,0.0,0.30425381660461426,0.0,500.0,0.0004170978791080415,0.20854893955402076,200.0,0.0004635778605006635,0.0927155721001327,0.9279639819909955,0.06033414602279663,0.05598791439334055,0.0,0.0,0.0
1857,0.5648675560951233,1.0,0.0003112106351181865,0.0003112106351181865,20.0,0.003136660438030958,0.06273320876061916,20.0,7.209998148027807e-05,0.0014419996296055615,10.0,0.01324913464486599,0.1324913464486599,0.0,0.01076254528015852,0.0,13.92696348174087,0.0008044864516705275,0.011204053433970728,0.0,0.30447813868522644,0.0,500.0,0.0004161189717706293,0.20805948588531464,200.0,0.0004630530020222068,0.09261060040444136,0.928464232116058,0.060331523418426514,0.05601566156308135,0.0,0.0,0.0
1858,0.5687879323959351,1.0,0.0003115932922810316,0.0003115932922810316,20.0,0.0031433410476893187,0.06286682095378637,20.0,7.491589349228889e-05,0.0014983178698457778,10.0,0.013263082131743431,0.1326308213174343,0.0,0.010772744193673134,0.0,13.93446723361681,0.0010414577554911375,0.014512158969087361,0.0,0.30474853515625,0.0,500.0,0.00041688402416184545,0.20844201208092272,200.0,0.00046251085586845875,0.09250217117369175,0.9289644822411206,0.060308050364255905,0.056024036781602414,0.0,0.0,0.0
1859,0.5731163620948792,1.0,0.00031195947667583823,0.00031195947667583823,20.0,0.0031553860753774643,0.06310772150754929,20.0,7.682733121328056e-05,0.0015365466242656112,10.0,0.0132676362991333,0.132676362991333,0.0,0.01077278982847929,0.0,13.941970985492746,0.0012869997881352901,0.017943313704517527,0.0,0.30494046211242676,0.0,500.0,0.00041810059337876737,0.20905029668938369,200.0,0.0004623096901923418,0.09246193803846836,0.9294647323661831,0.060280121862888336,0.05602824733429041,0.0,0.0,0.0
1860,0.5662076473236084,1.0,0.000313028518576175,0.000313028518576175,20.0,0.003161350265145302,0.06322700530290604,20.0,7.73289575590752e-05,0.0015465791511815041,10.0,0.01326722837984562,0.1326722837984562,0.0,0.01077925693243742,0.0,13.949474737368684,0.0008820701623335481,0.012304415446058523,0.0,0.30504536628723145,0.0,500.0,0.0004153348272666335,0.20766741363331676,200.0,0.0004622162668965757,0.09244325337931514,0.9299649824912456,0.06025358662009239,0.05603372562618897,0.0,0.0,0.0
1861,0.5656590461730957,1.0,0.0003137642634101212,0.0003137642634101212,20.0,0.0031627207063138485,0.06325441412627697,20.0,7.659279071958736e-05,0.0015318558143917471,10.0,0.013251593336462975,0.13251593336462975,0.0,0.010809678584337234,0.0,13.956978489244623,0.0009992255363613367,0.013946169316899097,0.0,0.30514368414878845,0.0,500.0,0.00041118229273706675,0.20559114636853337,200.0,0.000462205964140594,0.0924411928281188,0.9304652326163082,0.06025432422757149,0.05606455380854576,0.0,0.0,0.0
1862,0.5648139715194702,1.0,0.0003138901083730161,0.0003138901083730161,20.0,0.003168785944581032,0.06337571889162064,20.0,7.560054655186832e-05,0.0015120109310373664,10.0,0.013236919417977333,0.13236919417977333,0.0,0.010819295421242714,0.0,13.96448224112056,0.0009973737178370357,0.013927807570495674,0.0,0.305093914270401,0.0,500.0,0.00040973140858113766,0.20486570429056883,200.0,0.00046185398241505027,0.09237079648301005,0.9309654827413707,0.06023731827735901,0.05607886408912712,0.0,0.0,0.0
1863,0.5660186409950256,1.0,0.00031295069493353367,0.00031295069493353367,20.0,0.0031741708517074585,0.06348341703414917,20.0,7.475707388948649e-05,0.0014951414777897298,10.0,0.013229221105575562,0.13229221105575562,0.0,0.010812473483383656,0.0,13.971985992996498,0.0010080889333039522,0.0140850044558176,0.0,0.30496734380722046,0.0,500.0,0.00041197327664121985,0.20598663832060993,200.0,0.0004614366334863007,0.09228732669726014,0.9314657328664332,0.06020187586545944,0.056075984422954216,0.0,0.0,0.0
1864,0.5684225559234619,1.0,0.00031237438088282943,0.00031237438088282943,20.0,0.0031639859080314636,0.06327971816062927,20.0,7.482803630409762e-05,0.0014965607260819525,10.0,0.01322756428271532,0.1322756428271532,0.0,0.01085323840379715,0.0,13.979489744872437,0.0012135561555624008,0.016964895831511402,0.0,0.3049689829349518,0.0,500.0,0.0004114114854019135,0.20570574270095676,200.0,0.00046151329297572374,0.09230265859514475,0.9319659829914958,0.06017918884754181,0.05608495688993016,0.0,0.0,0.0
1865,0.5640011429786682,1.0,0.0003130041586700827,0.0003130041586700827,20.0,0.0031543176155537367,0.06308635231107473,20.0,7.433399150613695e-05,0.001486679830122739,10.0,0.013230368494987488,0.13230368494987488,0.0,0.010875947773456573,0.0,13.986993496748374,0.0009910163935273886,0.013861339851438611,0.0,0.3049895465373993,0.0,500.0,0.00040899895248003304,0.20449947624001652,200.0,0.0004615480429492891,0.09230960858985782,0.9324662331165583,0.06020701304078102,0.05614100665733658,0.0,0.0,0.0
1866,0.5663560032844543,1.0,0.00031411650707013905,0.00031411650707013905,20.0,0.0031636650674045086,0.06327330134809017,20.0,7.644304423592985e-05,0.001528860884718597,10.0,0.01324101909995079,0.1324101909995079,0.0,0.010874412022531033,0.0,13.994497248624311,0.0011306959204375744,0.015823520947594368,0.0,0.30504515767097473,0.0,500.0,0.00040922980406321585,0.20461490203160793,200.0,0.0004610451287589967,0.09220902575179935,0.9329664832416208,0.06021873280405998,0.05618205936947067,0.0,0.0,0.0
1867,0.5696924328804016,1.0,0.0003145846421830356,0.0003145846421830356,20.0,0.003182383719831705,0.0636476743966341,20.0,7.8318509622477e-05,0.00156637019244954,10.0,0.013253220357000828,0.13253220357000828,0.0,0.010834253393113613,0.0,14.00200100050025,0.001203781459480524,0.01685534920002995,0.0,0.3051643371582031,0.0,500.0,0.0004128336440771818,0.2064168220385909,200.0,0.0004607749870046973,0.09215499740093946,0.9334667333666833,0.060210417956113815,0.05620442216413626,0.0,0.0,0.0
1868,0.5685774087905884,1.0,0.00031543633667752147,0.00031543633667752147,20.0,0.0031907353550195694,0.06381470710039139,20.0,7.848827954148874e-05,0.0015697655908297747,10.0,0.013257660903036594,0.13257660903036594,0.0,0.010809757746756077,0.0,14.009504752376188,0.0011008528526872396,0.015422403271388767,0.0,0.3051937520503998,0.0,500.0,0.0004129731096327305,0.20648655481636524,200.0,0.0004606667789630592,0.09213335579261184,0.9339669834917459,0.06023615598678589,0.05625858090411669,0.0,0.0,0.0
1869,0.5676512718200684,1.0,0.00031645968556404114,0.00031645968556404114,20.0,0.003191219177097082,0.06382438354194164,20.0,7.6607997471001e-05,0.00153215994942002,10.0,0.013254838064312935,0.13254838064312935,0.0,0.01078595221042633,0.0,14.017008504252127,0.0011115889064967632,0.015581151155597453,0.0,0.3050425946712494,0.0,500.0,0.0004107463755644858,0.2053731877822429,200.0,0.0004608281305991113,0.09216562611982226,0.9344672336168084,0.06025884672999382,0.056309917804716586,0.0,0.0,0.0
1870,0.5646699666976929,1.0,0.000316621211823076,0.000316621211823076,20.0,0.0031947707757353783,0.06389541551470757,20.0,7.44312274036929e-05,0.001488624548073858,10.0,0.013248325325548649,0.1324832532554865,0.0,0.010744544677436352,0.0,14.024512256128064,0.0008761759381741285,0.01228794018344757,0.0,0.30483853816986084,0.0,500.0,0.00041112207691185176,0.20556103845592588,200.0,0.000461399438790977,0.0922798877581954,0.9349674837418709,0.060277145355939865,0.05635717092058609,0.0,0.0,0.0
1871,0.5660912990570068,1.0,0.00031560109346173704,0.00031560109346173704,20.0,0.003195789409801364,0.06391578819602728,20.0,7.343399192905053e-05,0.0014686798385810107,10.0,0.013241670094430447,0.13241670094430447,0.0,0.01071904506534338,0.0,14.032016008004002,0.0008766801911406219,0.012301590475985214,0.0,0.3047373294830322,0.0,500.0,0.00041386322118341923,0.2069316105917096,200.0,0.0004616115475073457,0.09232230950146914,0.9354677338669335,0.06031103804707527,0.05641903008905991,0.0,0.0,0.0
1872,0.5669266581535339,1.0,0.0003142888890579343,0.0003142888890579343,20.0,0.003183667315170169,0.06367334630340338,20.0,7.439630280714482e-05,0.0014879260561428964,10.0,0.013238955289125443,0.13238955289125443,0.0,0.010754525661468506,0.0,14.03951975987994,0.0009246827103197575,0.012982101183153573,0.0,0.30468428134918213,0.0,500.0,0.00041468974086456,0.20734487043228,200.0,0.00046144126099534333,0.09228825219906867,0.935967983991996,0.060307953506708145,0.05644631366235665,0.0,0.0,0.0
1873,0.5652580857276917,1.0,0.00031393178505823016,0.00031393178505823016,20.0,0.0031632650643587112,0.06326530128717422,20.0,7.575283234473318e-05,0.0015150566468946636,10.0,0.013239115476608276,0.13239115476608276,0.0,0.010822773911058903,0.0,14.047023511755878,0.0009261874947696924,0.013010177515324144,0.0,0.30479899048805237,0.0,500.0,0.00041196541860699654,0.20598270930349827,200.0,0.00046163221122696996,0.09232644224539399,0.9364682341170585,0.06028321385383606,0.05645331482460285,0.0,0.0,0.0
1874,0.5664557218551636,1.0,0.0003140111221000552,0.0003140111221000552,20.0,0.003147011622786522,0.06294023245573044,20.0,7.770698721287772e-05,0.0015541397442575544,10.0,0.01323759276419878,0.1323759276419878,0.0,0.010899459943175316,0.0,14.054527263631815,0.0010877526365220547,0.015287849086086606,0.0,0.30499398708343506,0.0,500.0,0.00040995716699399054,0.20497858349699527,200.0,0.00046260360977612436,0.09252072195522487,0.9369684842421211,0.06028405949473381,0.05648426384874259,0.0,0.0,0.0
1875,0.5683607459068298,1.0,0.00031401944579556584,0.00031401944579556584,20.0,0.0031450591050088406,0.06290118210017681,20.0,7.889440166763961e-05,0.0015778880333527923,10.0,0.013238065876066685,0.13238065876066685,0.0,0.010924180969595909,0.0,14.062031015507754,0.001212181756272912,0.017045737453142352,0.0,0.3049669563770294,0.0,500.0,0.0004100288497284055,0.20501442486420274,200.0,0.00046314336941577494,0.09262867388315499,0.9374687343671836,0.06026671081781387,0.056498157114849026,0.0,0.0,0.0
1876,0.5674175024032593,1.0,0.00031389156356453896,0.00031389156356453896,20.0,0.00315773650072515,0.063154730014503,20.0,7.885901140980422e-05,0.0015771802281960845,10.0,0.013239147141575813,0.13239147141575813,0.0,0.01089104637503624,0.0,14.069534767383692,0.0010750151704996824,0.01512496331681019,0.0,0.3048892021179199,0.0,500.0,0.00041170319309458137,0.20585159654729068,200.0,0.0004625482251867652,0.09250964503735304,0.9379689844922461,0.060230229049921036,0.056494086777689814,0.0,0.0,0.0
1877,0.5663453936576843,1.0,0.0003147362149320543,0.0003147362149320543,20.0,0.0031666101422160864,0.06333220284432173,20.0,7.780419400660321e-05,0.0015560838801320642,10.0,0.013236519880592823,0.13236519880592823,0.0,0.010868983343243599,0.0,14.077038519259629,0.0010496519971638918,0.014775991595893904,0.0,0.30480968952178955,0.0,500.0,0.0004102476523257792,0.2051238261628896,200.0,0.0004619508981704712,0.09239017963409424,0.9384692346173087,0.06019076704978943,0.05648718308424461,0.0,0.0,0.0
1878,0.5657487511634827,1.0,0.0003164327936246991,0.0003164327936246991,20.0,0.003171721938997507,0.06343443877995014,20.0,7.61974515626207e-05,0.001523949031252414,10.0,0.01323083695024252,0.1323083695024252,0.0,0.010854172520339489,0.0,14.084542271135568,0.0011017328361049294,0.015517402701617954,0.0,0.3047617971897125,0.0,500.0,0.0004075447213836014,0.2037723606918007,200.0,0.0004618341918103397,0.09236683836206794,0.9389694847423712,0.060181863605976105,0.05650893346093904,0.0,0.0,0.0
1879,0.5664688944816589,1.0,0.00031736958771944046,0.00031736958771944046,20.0,0.0031859062146395445,0.06371812429279089,20.0,7.586279389215633e-05,0.0015172558778431267,10.0,0.013232468627393246,0.13232468627393246,0.0,0.010814550332725048,0.0,14.092046023011505,0.0011209631338715553,0.015796664072617164,0.0,0.30468806624412537,0.0,500.0,0.00040775607340037823,0.2038780367001891,200.0,0.00046183730592019856,0.09236746118403971,0.9394697348674337,0.06019279733300209,0.056549311351364644,0.0,0.0,0.0
1880,0.5646268129348755,1.0,0.00031725334702059627,0.00031725334702059627,20.0,0.0032037701457738876,0.06407540291547775,20.0,7.605075370520353e-05,0.0015210150741040707,10.0,0.013241695240139961,0.1324169524013996,0.0,0.010747775435447693,0.0,14.099549774887445,0.0008617527200840414,0.012150325370469589,0.0,0.30463486909866333,0.0,500.0,0.0004104127292521298,0.2052063646260649,200.0,0.0004618073580786586,0.09236147161573172,0.9399699849924963,0.06019134446978569,0.05657805715794263,0.0,0.0,0.0
1881,0.5698575377464294,1.0,0.00031632112222723663,0.00031632112222723663,20.0,0.0032072640024125576,0.06414528004825115,20.0,7.796341378707439e-05,0.0015592682757414877,10.0,0.013256805948913097,0.13256805948913097,0.0,0.010728763416409492,0.0,14.107053526763382,0.0010796093847602606,0.01523010737880908,0.0,0.30460125207901,0.0,500.0,0.0004142546677030623,0.20712733385153115,200.0,0.0004615856450982392,0.09231712901964784,0.9404702351175588,0.06017635390162468,0.05659406970237839,0.0,0.0,0.0
1882,0.5703773498535156,1.0,0.00031584338285028934,0.00031584338285028934,20.0,0.0031977954786270857,0.06395590957254171,20.0,7.893433212302625e-05,0.001578686642460525,10.0,0.01326603814959526,0.1326603814959526,0.0,0.010739162564277649,0.0,14.11455727863932,0.001117090112529695,0.015767232378702024,0.0,0.30463311076164246,0.0,500.0,0.0004143791738897562,0.2071895869448781,200.0,0.0004613890778273344,0.09227781556546688,0.9409704852426213,0.06018452346324921,0.05663186024730953,0.0,0.0,0.0
1883,0.5676792860031128,1.0,0.00031589908758178353,0.00031589908758178353,20.0,0.003180247265845537,0.06360494531691074,20.0,7.860115147195756e-05,0.0015720230294391513,10.0,0.013270564377307892,0.13270564377307892,0.0,0.010760987177491188,0.0,14.122061030515258,0.0010523906676098704,0.014861925235931288,0.0,0.3046823740005493,0.0,500.0,0.00041137912194244564,0.20568956097122282,200.0,0.0004613124765455723,0.09226249530911446,0.9414707353676839,0.06018966808915138,0.05666681107743017,0.0,0.0,0.0
1884,0.5672977566719055,1.0,0.0003156455932185054,0.0003156455932185054,20.0,0.0031619954388588667,0.06323990877717733,20.0,7.734141399851069e-05,0.0015468282799702138,10.0,0.013269065879285336,0.13269065879285336,0.0,0.010778356343507767,0.0,14.129564782391196,0.0011057308875024319,0.015623496206856522,0.0,0.30468979477882385,0.0,500.0,0.0004096172342542559,0.20480861712712795,200.0,0.0004617599188350141,0.09235198376700282,0.9419709854927464,0.06021479517221451,0.05672058994961477,0.0,0.0,0.0
1885,0.566233217716217,1.0,0.00031463237246498466,0.00031463237246498466,20.0,0.0031516007147729397,0.0630320142954588,20.0,7.67539459047839e-05,0.001535078918095678,10.0,0.01326841488480568,0.1326841488480568,0.0,0.010777316987514496,0.0,14.137068534267133,0.001013140077702701,0.014322830713295813,0.0,0.30460724234580994,0.0,500.0,0.00041033682646229863,0.20516841323114932,200.0,0.00046213605673983693,0.09242721134796739,0.9424712356178089,0.0602128766477108,0.056748904254270705,0.0,0.0,0.0
1886,0.5673832297325134,1.0,0.00031284778378903866,0.00031284778378903866,20.0,0.003147617680951953,0.06295235361903906,20.0,7.661008567083627e-05,0.0015322017134167254,10.0,0.013273298740386963,0.13273298740386963,0.0,0.010755741968750954,0.0,14.144572286143072,0.000928003340959549,0.013126210337984615,0.0,0.30452409386634827,0.0,500.0,0.0004148632287979126,0.2074316143989563,200.0,0.0004626538138836622,0.09253076277673244,0.9429714857428715,0.06019722670316696,0.05676426830188581,0.0,0.0,0.0
1887,0.5705220699310303,1.0,0.00031198293436318636,0.00031198293436318636,20.0,0.00313507579267025,0.062701515853405,20.0,7.66888988437131e-05,0.001533777976874262,10.0,0.013270975090563297,0.13270975090563297,0.0,0.010788200423121452,0.0,14.15207603801901,0.001156018115580082,0.016360056273016767,0.0,0.30455341935157776,0.0,500.0,0.00041499303188174963,0.20749651594087481,200.0,0.0004632117343135178,0.09264234686270356,0.943471735867934,0.06016721576452255,0.056766067499694615,0.0,0.0,0.0
1888,0.5675114989280701,1.0,0.0003122715570498258,0.0003122715570498258,20.0,0.003121002344414592,0.062420046888291836,20.0,7.617618393851444e-05,0.0015235236787702888,10.0,0.013266108930110931,0.13266108930110931,0.0,0.01082955114543438,0.0,14.159579789894947,0.0010903681395575404,0.015439154672424302,0.0,0.3046512007713318,0.0,500.0,0.0004113254544790834,0.2056627272395417,200.0,0.00046354945516213775,0.09270989103242755,0.9439719859929965,0.06015303358435631,0.05678277857612824,0.0,0.0,0.0
1889,0.5649152398109436,1.0,0.0003129099786747247,0.0003129099786747247,20.0,0.003125174902379513,0.06250349804759026,20.0,7.559897494502366e-05,0.0015119794989004731,10.0,0.013262540102005005,0.13262540102005005,0.0,0.010822657495737076,0.0,14.167083541770886,0.0009565231157466769,0.013551142890418155,0.0,0.3047734797000885,0.0,500.0,0.000409967266023159,0.2049836330115795,200.0,0.000463197473436594,0.0926394946873188,0.9444722361180591,0.06012585386633873,0.05678719964964859,0.0,0.0,0.0
1890,0.5655973553657532,1.0,0.0003132191486656666,0.0003132191486656666,20.0,0.003140021115541458,0.06280042231082916,20.0,7.536669727414846e-05,0.0015073339454829693,10.0,0.013267457485198975,0.13267457485198975,0.0,0.010778987780213356,0.0,14.174587293646823,0.0009402098366990685,0.013327086404636371,0.0,0.30476105213165283,0.0,500.0,0.00041141718975268304,0.20570859487634152,200.0,0.00046239938819780946,0.09247987763956189,0.9449724862431216,0.06009301170706749,0.05678624267866458,0.0,0.0,0.0
1891,0.5717328786849976,1.0,0.0003146412782371044,0.0003146412782371044,20.0,0.0031699487008154392,0.06339897401630878,20.0,7.843037019483745e-05,0.001568607403896749,10.0,0.013281525112688541,0.13281525112688541,0.0,0.010732428170740604,0.0,14.182091045522762,0.0012466262560337782,0.01767976706281021,0.0,0.3050316274166107,0.0,500.0,0.00041379377944394946,0.20689688972197473,200.0,0.00046137714525684714,0.09227542905136943,0.9454727363681841,0.06005813926458359,0.056783333271667326,0.0,0.0,0.0
1892,0.5704362392425537,1.0,0.00031654644408263266,0.00031654644408263266,20.0,0.003190104616805911,0.06380209233611822,20.0,7.987536810105667e-05,0.0015975073620211333,10.0,0.013290678150951862,0.13290678150951862,0.0,0.010697259567677975,0.0,14.1895947973987,0.0011441779788583517,0.016235421896106626,0.0,0.3050282597541809,0.0,500.0,0.00041317089926451445,0.20658544963225722,200.0,0.0004609788302332163,0.09219576604664326,0.9459729864932466,0.06004048138856888,0.05679667348963669,0.0,0.0,0.0
1893,0.5664275884628296,1.0,0.0003177194157615304,0.0003177194157615304,20.0,0.003192933276295662,0.06385866552591324,20.0,7.83402647357434e-05,0.001566805294714868,10.0,0.013292902149260044,0.13292902149260044,0.0,0.010657412931323051,0.0,14.197098549274637,0.0009192427969537675,0.013050580579063492,0.0,0.30494579672813416,0.0,500.0,0.00041134870843961835,0.20567435421980917,200.0,0.0004609891038853675,0.0921978207770735,0.9464732366183092,0.0600467249751091,0.05683261813552097,0.0,0.0,0.0
1894,0.567233145236969,1.0,0.00031779182609170675,0.00031779182609170675,20.0,0.0031933411955833435,0.06386682391166687,20.0,7.776633719913661e-05,0.0015553267439827323,10.0,0.01329373475164175,0.1329373475164175,0.0,0.010633234865963459,0.0,14.204602301150576,0.0009585955995135009,0.013616469258722291,0.0,0.30487051606178284,0.0,500.0,0.00041175459045916796,0.20587729522958398,200.0,0.0004610333126038313,0.09220666252076626,0.9469734867433717,0.060039110481739044,0.05685544579386294,0.0,0.0,0.0
1895,0.5671584606170654,1.0,0.0003168923140037805,0.0003168923140037805,20.0,0.0031881965696811676,0.06376393139362335,20.0,7.748129428364336e-05,0.0015496258856728673,10.0,0.013291844166815281,0.1329184416681528,0.0,0.010629442520439625,0.0,14.212106053026513,0.0009174788137897849,0.013039306202985388,0.0,0.3048405349254608,0.0,500.0,0.0004129533772356808,0.2064766886178404,200.0,0.0004610356700140983,0.09220713400281966,0.9474737368684342,0.060040123760700226,0.05688644042159391,0.0,0.0,0.0
1896,0.5661798715591431,1.0,0.0003153749566990882,0.0003153749566990882,20.0,0.003172751050442457,0.06345502100884914,20.0,7.670102058909833e-05,0.0015340204117819667,10.0,0.013280506245791912,0.13280506245791912,0.0,0.010659808292984962,0.0,14.21960980490245,0.000859282270539552,0.012218658599343053,0.0,0.30466586351394653,0.0,500.0,0.00041340303141623735,0.20670151570811868,200.0,0.0004613282217178494,0.09226564434356987,0.9479739869934968,0.0600065141916275,0.05688461450381897,0.0,0.0,0.0
1897,0.5659320950508118,1.0,0.00031427404610440135,0.00031427404610440135,20.0,0.003149288473650813,0.06298576947301626,20.0,7.562276732642204e-05,0.0015124553465284407,10.0,0.013267030008137226,0.13267030008137226,0.0,0.010713985189795494,0.0,14.22711355677839,0.0009400668786838651,0.013374438234001562,0.0,0.30465564131736755,0.0,500.0,0.00041157397208735347,0.20578698604367673,200.0,0.0004618904204107821,0.09237808408215642,0.9484742371185593,0.06000141426920891,0.056909795625022554,0.0,0.0,0.0
1898,0.5666745901107788,1.0,0.00031463929917663336,0.00031463929917663336,20.0,0.0031377084087580442,0.06275416817516088,20.0,7.634104986209422e-05,0.0015268209972418845,10.0,0.013257713988423347,0.13257713988423347,0.0,0.010769229382276535,0.0,14.234617308654327,0.0011058333329856396,0.01574111430220429,0.0,0.30470627546310425,0.0,500.0,0.00040886399801820517,0.20443199900910258,200.0,0.00046213564928621054,0.09242712985724211,0.9489744872436218,0.05996115133166313,0.05690160283950223,0.0,0.0,0.0
1899,0.5683490037918091,1.0,0.00031490009860135615,0.00031490009860135615,20.0,0.003143209032714367,0.06286418065428734,20.0,7.83604773459956e-05,0.001567209546919912,10.0,0.013255721889436245,0.13255721889436245,0.0,0.01078561320900917,0.0,14.242121060530264,0.0012092654360458255,0.017222504734479564,0.0,0.3048365116119385,0.0,500.0,0.0004090018046554178,0.2045009023277089,200.0,0.0004620212712325156,0.09240425424650311,0.9494747373686844,0.059946633875370026,0.056917814454953634,0.0,0.0,0.0
1900,0.5680656433105469,1.0,0.0003147859242744744,0.0003147859242744744,20.0,0.0031578238122165203,0.0631564762443304,20.0,7.974541222210974e-05,0.0015949082444421947,10.0,0.01325682457536459,0.1325682457536459,0.0,0.010754444636404514,0.0,14.249624812406203,0.0010686151217669249,0.01522736455404245,0.0,0.30480754375457764,0.0,500.0,0.00041181332198902965,0.20590666099451482,200.0,0.00046187470434233546,0.09237494086846709,0.9499749874937469,0.05991975590586662,0.05692226936730401,0.0,0.0,0.0
1901,0.5688148140907288,1.0,0.00031524128280580044,0.00031524128280580044,20.0,0.0031620007939636707,0.06324001587927341,20.0,7.97430839156732e-05,0.001594861678313464,10.0,0.013251392170786858,0.13251392170786858,0.0,0.010741046629846096,0.0,14.25712856428214,0.0011280961334705353,0.01608341160775901,0.0,0.3047862946987152,0.0,500.0,0.0004115344490855932,0.2057672245427966,200.0,0.0004618014791049063,0.09236029582098126,0.9504752376188094,0.059906650334596634,0.05693978771172266,0.0,0.0,0.0
1902,0.5679429769515991,1.0,0.0003160506603308022,0.0003160506603308022,20.0,0.0031565348617732525,0.06313069723546505,20.0,7.847664528526366e-05,0.0015695329057052732,10.0,0.01324178371578455,0.1324178371578455,0.0,0.010744232684373856,0.0,14.26463231615808,0.0011656139977276325,0.0166270551001518,0.0,0.3047448992729187,0.0,500.0,0.0004090408910997212,0.2045204455498606,200.0,0.0004618973471224308,0.09237946942448616,0.950975487743872,0.059919364750385284,0.05698184711880062,0.0,0.0,0.0
1903,0.5689929127693176,1.0,0.00031609617872163653,0.00031609617872163653,20.0,0.0031592256855219603,0.0631845137104392,20.0,7.764051406411454e-05,0.0015528102812822908,10.0,0.013238376006484032,0.13238376006484032,0.0,0.01071751955896616,0.0,14.272136068034017,0.0012227019760757685,0.01745056897320744,0.0,0.3046867847442627,0.0,500.0,0.0004094308824278414,0.2047154412139207,200.0,0.0004619268875103444,0.09238537750206888,0.9514757378689345,0.059911467134952545,0.05700430739903939,0.0,0.0,0.0
1904,0.5692980289459229,1.0,0.0003153484722133726,0.0003153484722133726,20.0,0.0031682238914072514,0.06336447782814503,20.0,7.740889850538224e-05,0.0015481779701076448,10.0,0.013238980434834957,0.13238980434834957,0.0,0.010669213719666004,0.0,14.279639819909955,0.0010864307405427098,0.01551383966422794,0.0,0.3045116066932678,0.0,500.0,0.0004134528571739793,0.20672642858698964,200.0,0.00046202074736356735,0.09240414947271347,0.951975987993997,0.05991309881210327,0.057035831435433976,0.0,0.0,0.0
1905,0.5680522322654724,1.0,0.00031515670707449317,0.00031515670707449317,20.0,0.003164829220622778,0.06329658441245556,20.0,7.655779336346313e-05,0.0015311558672692627,10.0,0.013238480314612389,0.13238480314612389,0.0,0.010648504830896854,0.0,14.287143571785894,0.0009684304241091013,0.013836104508532234,0.0,0.3043980896472931,0.0,500.0,0.00041433656588196754,0.20716828294098377,200.0,0.00046232357271946967,0.09246471454389393,0.9524762381190596,0.059902217239141464,0.05705543853092814,0.0,0.0,0.0
1906,0.5675466656684875,1.0,0.0003151780692860484,0.0003151780692860484,20.0,0.0031468719244003296,0.06293743848800659,20.0,7.641785487066954e-05,0.0015283570974133909,10.0,0.01323638204485178,0.1323638204485178,0.0,0.01068864669650793,0.0,14.294647323661831,0.0010650228941813111,0.015224126663947457,0.0,0.3043675124645233,0.0,500.0,0.0004112345050089061,0.20561725250445306,200.0,0.0004624606226570904,0.09249212453141809,0.9529764882441221,0.05988432839512825,0.05706835697484708,0.0,0.0,0.0
1907,0.5656729340553284,1.0,0.0003151148557662964,0.0003151148557662964,20.0,0.0031362674199044704,0.06272534839808941,20.0,7.629688479937613e-05,0.0015259376959875226,10.0,0.013240814208984375,0.13240814208984375,0.0,0.01069892942905426,0.0,14.302151075537768,0.0009643813828006387,0.013792728231250755,0.0,0.30437803268432617,0.0,500.0,0.00041063586832024157,0.20531793416012079,200.0,0.0004626650479622185,0.0925330095924437,0.9534767383691846,0.0598386749625206,0.05705478463159793,0.0,0.0,0.0
1908,0.5673316121101379,1.0,0.0003148515825159848,0.0003148515825159848,20.0,0.003134594764560461,0.06269189529120922,20.0,7.716406253166497e-05,0.0015432812506332994,10.0,0.013250187039375305,0.13250187039375305,0.0,0.010694622062146664,0.0,14.309654827413707,0.0010344277834519744,0.014802304525084407,0.0,0.3044416010379791,0.0,500.0,0.0004119037766940892,0.2059518883470446,200.0,0.00046254886547103524,0.09250977309420705,0.9539769884942472,0.05976635962724686,0.057015731770465115,0.0,0.0,0.0
1909,0.5694355368614197,1.0,0.00031478097662329674,0.00031478097662329674,20.0,0.003139117732644081,0.06278235465288162,20.0,7.754362013656646e-05,0.0015508724027313292,10.0,0.013256480917334557,0.13256480917334557,0.0,0.010673838667571545,0.0,14.317158579289645,0.0011202041059732437,0.016038139826390314,0.0,0.30444812774658203,0.0,500.0,0.00041338748997077346,0.20669374498538673,200.0,0.0004624072462320328,0.09248144924640656,0.9544772386193097,0.059728384017944336,0.05700938304464122,0.0,0.0,0.0
1910,0.5657346248626709,1.0,0.0003157700994051993,0.0003157700994051993,20.0,0.0031425971537828445,0.06285194307565689,20.0,7.710933277849108e-05,0.0015421866555698216,10.0,0.013258867897093296,0.13258867897093296,0.0,0.010657338425517082,0.0,14.324662331165582,0.0009204116649925709,0.013184586306684475,0.0,0.3045463562011719,0.0,500.0,0.00041167234303429723,0.20583617151714861,200.0,0.0004620763356797397,0.09241526713594794,0.9549774887443722,0.05968723073601723,0.056999961718387636,0.0,0.0,0.0
1911,0.5660725235939026,1.0,0.0003161633503623307,0.0003161633503623307,20.0,0.0031469331588596106,0.06293866317719221,20.0,7.668957550777122e-05,0.0015337915101554245,10.0,0.013260950334370136,0.13260950334370136,0.0,0.010638035833835602,0.0,14.332166083041521,0.0009443429880775511,0.013534480544483161,0.0,0.3045414388179779,0.0,500.0,0.00041151963523589075,0.20575981761794537,200.0,0.0004619326500687748,0.09238653001375496,0.9554777388694348,0.059649255126714706,0.056993535413719404,0.0,0.0,0.0
1912,0.5665857791900635,1.0,0.0003156920720357448,0.0003156920720357448,20.0,0.003148423507809639,0.06296847015619278,20.0,7.606536382809281e-05,0.0015213072765618563,10.0,0.013261985033750534,0.13261985033750534,0.0,0.010619916953146458,0.0,14.339669834917459,0.0009342675330117345,0.013397087960871119,0.0,0.30457860231399536,0.0,500.0,0.0004127754655200988,0.2063877327600494,200.0,0.0004618536331690848,0.09237072663381696,0.9559779889944973,0.05962996184825897,0.057004931011517206,0.0,0.0,0.0
1913,0.5681126713752747,1.0,0.00031556852627545595,0.00031556852627545595,20.0,0.0031456337310373783,0.06291267462074757,20.0,7.67854435252957e-05,0.001535708870505914,10.0,0.013260013423860073,0.13260013423860073,0.0,0.010643796995282173,0.0,14.347173586793396,0.0010740382131189108,0.015409412682466412,0.0,0.3046407401561737,0.0,500.0,0.00041189847979694605,0.20594923989847302,200.0,0.00046176850446499884,0.09235370089299977,0.9564782391195598,0.059631459414958954,0.057036193297349436,0.0,0.0,0.0
1914,0.5659934878349304,1.0,0.00031625089468434453,0.00031625089468434453,20.0,0.003137294203042984,0.06274588406085968,20.0,7.659285620320588e-05,0.0015318571240641177,10.0,0.013256044127047062,0.13256044127047062,0.0,0.010670187883079052,0.0,14.354677338669335,0.0010212240740656853,0.014659342073694267,0.0,0.30463922023773193,0.0,500.0,0.0004094724135939032,0.2047362067969516,200.0,0.000461834657471627,0.0923669314943254,0.9569784892446224,0.05964245647192001,0.057076547889336166,0.0,0.0,0.0
1915,0.5685203671455383,1.0,0.000316588266286999,0.000316588266286999,20.0,0.0031421310268342495,0.06284262053668499,20.0,7.792806718498468e-05,0.0015585613436996937,10.0,0.013259097002446651,0.13259097002446651,0.0,0.01066945306956768,0.0,14.362181090545272,0.0011827109847217798,0.016986309340351325,0.0,0.3047597408294678,0.0,500.0,0.00040959398029372096,0.20479699014686048,200.0,0.0004615525249391794,0.09231050498783588,0.9574787393696849,0.05965442210435867,0.057117840874308407,0.0,0.0,0.0
1916,0.5721696615219116,1.0,0.00031617589411325753,0.00031617589411325753,20.0,0.003154883859679103,0.06309767719358206,20.0,7.963531243149191e-05,0.0015927062486298382,10.0,0.013263487257063389,0.1326348725706339,0.0,0.01064388733357191,0.0,14.369684842421211,0.0013124480610713363,0.01885946500964189,0.0,0.30486923456192017,0.0,500.0,0.0004125229315832257,0.20626146579161286,200.0,0.00046123110223561525,0.09224622044712305,0.9579789894947474,0.059668414294719696,0.05716108723080951,0.0,0.0,0.0
1917,0.571871280670166,1.0,0.0003162505745422095,0.0003162505745422095,20.0,0.0031618671491742134,0.06323734298348427,20.0,7.919112977106124e-05,0.0015838225954212248,10.0,0.013266493566334248,0.13266493566334248,0.0,0.0106046749278903,0.0,14.377188594297149,0.0012365456204861403,0.017778049591181427,0.0,0.30479446053504944,0.0,500.0,0.00041368778329342604,0.20684389164671302,200.0,0.00046114492579363286,0.09222898515872657,0.9584792396198099,0.05969666689634323,0.057218015894644134,0.0,0.0,0.0
1918,0.5680944919586182,1.0,0.00031686382135376334,0.00031686382135376334,20.0,0.003161609871312976,0.06323219742625952,20.0,7.728819036856294e-05,0.0015457638073712587,10.0,0.013265869580209255,0.13265869580209255,0.0,0.010571597144007683,0.0,14.384692346173086,0.0010291310027241707,0.014803732858095811,0.0,0.30472302436828613,0.0,500.0,0.0004120383528061211,0.20601917640306056,200.0,0.0004612448101397604,0.09224896202795208,0.9589794897448725,0.05971881374716759,0.05726911753542785,0.0,0.0,0.0
1919,0.5677342414855957,1.0,0.0003163725486956537,0.0003163725486956537,20.0,0.0031631337478756905,0.06326267495751381,20.0,7.607643055962399e-05,0.0015215286111924797,10.0,0.013266806490719318,0.13266806490719318,0.0,0.010533844120800495,0.0,14.392196098049025,0.0009300073143094778,0.01338484764016192,0.0,0.30451419949531555,0.0,500.0,0.00041392474668100476,0.20696237334050238,200.0,0.00046163902152329683,0.09232780430465937,0.959479739869935,0.05970999598503113,0.05729053141535253,0.0,0.0,0.0
1920,0.5661711096763611,1.0,0.00031606678385287523,0.00031606678385287523,20.0,0.0031474996358156204,0.06294999271631241,20.0,7.514323806390166e-05,0.0015028647612780333,10.0,0.013264046981930733,0.13264046981930733,0.0,0.010555468499660492,0.0,14.399699849924962,0.0008946675807237625,0.012882944627880692,0.0,0.30447548627853394,0.0,500.0,0.00041235011303797364,0.20617505651898682,200.0,0.0004618755483534187,0.09237510967068374,0.9599799899949975,0.059718530625104904,0.05732859443200416,0.0,0.0,0.0
1921,0.5654852986335754,1.0,0.00031463164486922324,0.00031463164486922324,20.0,0.003130385186523199,0.06260770373046398,20.0,7.513409218518063e-05,0.0015026818437036127,10.0,0.013264662586152554,0.13264662586152554,0.0,0.010583074763417244,0.0,14.4072036018009,0.0008401586092077196,0.012104336140661491,0.0,0.3044019639492035,0.0,500.0,0.00041308411164209247,0.20654205582104623,200.0,0.0004621735424734652,0.09243470849469304,0.9604802401200601,0.059691548347473145,0.05733255268991918,0.0,0.0,0.0
1922,0.5686033368110657,1.0,0.00031449951347894967,0.00031449951347894967,20.0,0.0031222261022776365,0.06244452204555273,20.0,7.73289575590752e-05,0.0015465791511815041,10.0,0.013264954090118408,0.13264954090118408,0.0,0.01063190121203661,0.0,14.414707353676839,0.001098279608413577,0.015831379147792507,0.0,0.3045596182346344,0.0,500.0,0.0004120205994695425,0.20601029973477125,200.0,0.00046224240213632584,0.09244848042726517,0.9609804902451226,0.059686992317438126,0.05735803513846855,0.0,0.0,0.0
1923,0.5706828236579895,1.0,0.0003144436050206423,0.0003144436050206423,20.0,0.003126295283436775,0.0625259056687355,20.0,7.896234455984086e-05,0.0015792468911968172,10.0,0.013269293121993542,0.13269293121993542,0.0,0.010631934739649296,0.0,14.422211105552776,0.0011792732402682304,0.01700772762227768,0.0,0.3046760857105255,0.0,500.0,0.00041346775833517313,0.20673387916758657,200.0,0.0004623525310307741,0.09247050620615482,0.961480740370185,0.05965603142976761,0.05735812526663999,0.0,0.0,0.0
1924,0.5692716240882874,1.0,0.00031514602596871555,0.00031514602596871555,20.0,0.003130389377474785,0.0626077875494957,20.0,7.86362070357427e-05,0.001572724140714854,10.0,0.01327197253704071,0.1327197253704071,0.0,0.010610556229948997,0.0,14.429714857428714,0.0011117142857983708,0.016041720147000504,0.0,0.30465957522392273,0.0,500.0,0.00041240674909204245,0.20620337454602122,200.0,0.000462266500107944,0.0924533000215888,0.9619809904952477,0.059624746441841125,0.05735787264015032,0.0,0.0,0.0
1925,0.5680380463600159,1.0,0.0003156486782245338,0.0003156486782245338,20.0,0.003140899818390608,0.06281799636781216,20.0,7.706385804340243e-05,0.0015412771608680487,10.0,0.013270611874759197,0.13270611874759197,0.0,0.010561282746493816,0.0,14.437218609304653,0.0010268952464684844,0.014825511162121292,0.0,0.30453774333000183,0.0,500.0,0.0004121290403418243,0.20606452017091215,200.0,0.0004620998806785792,0.09241997613571584,0.9624812406203102,0.05958244949579239,0.057346989909907234,0.0,0.0,0.0
1926,0.5676130652427673,1.0,0.0003156219027005136,0.0003156219027005136,20.0,0.0031519762706011534,0.06303952541202307,20.0,7.488187839044258e-05,0.0014976375678088516,10.0,0.013273883610963821,0.13273883610963821,0.0,0.010488269850611687,0.0,14.44472236118059,0.0008776535978540778,0.012677462550293395,0.0,0.30435284972190857,0.0,500.0,0.0004150822351220995,0.20754111756104976,200.0,0.0004622268897946924,0.09244537795893848,0.9629814907453726,0.05956239625811577,0.05735748514100693,0.0,0.0,0.0
1927,0.5668371915817261,1.0,0.000315586308715865,0.000315586308715865,20.0,0.003149426309391856,0.06298852618783712,20.0,7.465953240171075e-05,0.001493190648034215,10.0,0.013278593309223652,0.13278593309223652,0.0,0.01048583909869194,0.0,14.452226113056529,0.0008304900256916881,0.012002429635934403,0.0,0.3042888045310974,0.0,500.0,0.0004148795851506293,0.20743979257531464,200.0,0.0004622880951501429,0.09245761903002858,0.9634817408704353,0.05952797085046768,0.05735411298549312,0.0,0.0,0.0
1928,0.566922128200531,1.0,0.00031555123860016465,0.00031555123860016465,20.0,0.0031374297104775906,0.06274859420955181,20.0,7.646234007552266e-05,0.0015292468015104532,10.0,0.013286701403558254,0.13286701403558254,0.0,0.010538971982896328,0.0,14.459729864932466,0.0009321742691099644,0.013478988118370946,0.0,0.3043961226940155,0.0,500.0,0.0004123822145629674,0.2061911072814837,200.0,0.00046214956091716886,0.09242991218343377,0.9639819909954978,0.059504907578229904,0.057361659281265145,0.0,0.0,0.0
1929,0.5679509043693542,1.0,0.0003148064133711159,0.0003148064133711159,20.0,0.0031292946077883244,0.06258589215576649,20.0,7.922025542939082e-05,0.0015844051085878164,10.0,0.013288014568388462,0.13288014568388462,0.0,0.010601124726235867,0.0,14.467233616808404,0.0009904179023578763,0.01432860717168073,0.0,0.3044794499874115,0.0,500.0,0.0004128163564018905,0.20640817820094526,200.0,0.00046237476635724306,0.09247495327144861,0.9644822411205602,0.0594867542386055,0.05737391804503822,0.0,0.0,0.0
1930,0.5681145191192627,1.0,0.00031429785303771496,0.00031429785303771496,20.0,0.003121575340628624,0.06243150681257248,20.0,8.037056977627799e-05,0.0016074113955255598,10.0,0.013283336535096169,0.13283336535096169,0.0,0.010650908574461937,0.0,14.474737368684343,0.0010113248135894537,0.014638661071140993,0.0,0.30457690358161926,0.0,500.0,0.00041264574974775314,0.20632287487387657,200.0,0.00046273169573396444,0.09254633914679289,0.9649824912456229,0.05950374901294708,0.057420075960967945,0.0,0.0,0.0
1931,0.568509042263031,1.0,0.0003144692163914442,0.0003144692163914442,20.0,0.0031186318956315517,0.062372637912631035,20.0,7.92833961895667e-05,0.001585667923791334,10.0,0.01327456720173359,0.1327456720173359,0.0,0.010664924047887325,0.0,14.48224112056028,0.0011254255659878254,0.01629868440987871,0.0,0.3045954406261444,0.0,500.0,0.00041040132055059075,0.20520066027529538,200.0,0.00046261190436780453,0.0925223808735609,0.9654827413706853,0.059523485600948334,0.05746889805394211,0.0,0.0,0.0
1932,0.5676010251045227,1.0,0.00031418228172697127,0.00031418228172697127,20.0,0.003128883196040988,0.06257766392081976,20.0,7.798441220074892e-05,0.0015596882440149784,10.0,0.013270198367536068,0.13270198367536068,0.0,0.010629300028085709,0.0,14.489744872436217,0.0010289823403581977,0.014909691590032614,0.0,0.30450350046157837,0.0,500.0,0.0004111574380658567,0.20557871903292835,200.0,0.000462355965282768,0.0924711930565536,0.9659829914957478,0.05951232463121414,0.05748789337812631,0.0,0.0,0.0
1933,0.5691708922386169,1.0,0.00031431851675733924,0.00031431851675733924,20.0,0.003135446459054947,0.06270892918109894,20.0,7.568237924715504e-05,0.0015136475849431008,10.0,0.013270854018628597,0.13270854018628597,0.0,0.010574688203632832,0.0,14.497248624312157,0.0011024156119674444,0.015981993214015278,0.0,0.30440953373908997,0.0,500.0,0.00041192607022821903,0.20596303511410952,200.0,0.00046243268297985196,0.09248653659597039,0.9664832416208105,0.05948774144053459,0.05749390518414849,0.0,0.0,0.0
1934,0.5668141841888428,1.0,0.00031572073930874467,0.00031572073930874467,20.0,0.0031489196699112654,0.06297839339822531,20.0,7.465437374776229e-05,0.0014930874749552459,10.0,0.013278666883707047,0.13278666883707047,0.0,0.010513397864997387,0.0,14.504752376188094,0.0009113872656598687,0.013219446607207551,0.0,0.304382860660553,0.0,500.0,0.00041198369581252337,0.20599184790626168,200.0,0.0004624242428690195,0.0924848485738039,0.966983491745873,0.05950894206762314,0.05754416459065309,0.0,0.0,0.0
1935,0.5677207708358765,1.0,0.00031640639645047486,0.00031640639645047486,20.0,0.0031685258727520704,0.06337051745504141,20.0,7.519448990933597e-05,0.0015038897981867194,10.0,0.013291297480463982,0.13291297480463982,0.0,0.010445130988955498,0.0,14.512256128064031,0.0008654224220663309,0.012559231847996127,0.0,0.3043628931045532,0.0,500.0,0.0004140846140217036,0.2070423070108518,200.0,0.0004622258129529655,0.0924451625905931,0.9674837418709354,0.059505145996809006,0.05757026130956909,0.0,0.0,0.0
1936,0.5728895664215088,1.0,0.00031621119705960155,0.00031621119705960155,20.0,0.003190147690474987,0.06380295380949974,20.0,7.692976214457303e-05,0.0015385952428914607,10.0,0.013305420987308025,0.13305420987308025,0.0,0.01038319617509842,0.0,14.51975987993997,0.0010082591325044632,0.014639680500721383,0.0,0.3045250177383423,0.0,500.0,0.00041907778359018266,0.20953889179509133,200.0,0.0004621167900040746,0.09242335800081491,0.967983991995998,0.0594799667596817,0.057575655667825965,0.0,0.0,0.0
1937,0.5760098099708557,1.0,0.00031651515746489167,0.00031651515746489167,20.0,0.003197755664587021,0.06395511329174042,20.0,7.79917390900664e-05,0.001559834781801328,10.0,0.013314303010702133,0.13314303010702133,0.0,0.010359718464314938,0.0,14.527263631815908,0.0011681369505822659,0.016969833439174086,0.0,0.3044726848602295,0.0,500.0,0.0004201228730380535,0.21006143651902676,200.0,0.0004620135005097836,0.09240270010195673,0.9684842421210605,0.059475839138031006,0.05760141299211007,0.0,0.0,0.0
1938,0.5711659789085388,1.0,0.0003169553820043802,0.0003169553820043802,20.0,0.003188903210684657,0.06377806421369314,20.0,7.807092333678156e-05,0.0015614184667356312,10.0,0.013318467885255814,0.13318467885255814,0.0,0.010374627076089382,0.0,14.534767383691847,0.0009508543880656362,0.013820447346296678,0.0,0.30451732873916626,0.0,500.0,0.0004170559113845229,0.20852795569226146,200.0,0.00046175363240763545,0.09235072648152709,0.968984492246123,0.05947020277380943,0.05762570423855371,0.0,0.0,0.0
1939,0.5690075755119324,1.0,0.0003162508364766836,0.0003162508364766836,20.0,0.003174171783030033,0.06348343566060066,20.0,7.790621020831168e-05,0.0015581242041662335,10.0,0.013310343958437443,0.13310343958437443,0.0,0.010423668660223484,0.0,14.542271135567784,0.000900635845027864,0.013097290652806405,0.0,0.30462077260017395,0.0,500.0,0.0004148641601204872,0.2074320800602436,200.0,0.00046179216587916017,0.09235843317583203,0.9694847423711856,0.05947339907288551,0.057658552978115125,0.0,0.0,0.0
1940,0.570244312286377,1.0,0.00031489983666688204,0.00031489983666688204,20.0,0.003161360276862979,0.06322720553725958,20.0,7.779950828989968e-05,0.0015559901657979935,10.0,0.013298120349645615,0.13298120349645615,0.0,0.010478987358510494,0.0,14.549774887443721,0.0010339277796447277,0.015043416443705306,0.0,0.30459484457969666,0.0,500.0,0.00041405082447454333,0.20702541223727167,200.0,0.0004620139952749014,0.09240279905498028,0.9699849924962481,0.05947864055633545,0.05769338871372408,0.0,0.0,0.0
1941,0.5678658485412598,1.0,0.00031457128352485597,0.00031457128352485597,20.0,0.003146990668028593,0.06293981336057186,20.0,7.685666059842333e-05,0.0015371332119684666,10.0,0.013284924440085888,0.13284924440085888,0.0,0.010522928088903427,0.0,14.55727863931966,0.0009723232360556722,0.014154380274747405,0.0,0.3044341206550598,0.0,500.0,0.0004116626805625856,0.2058313402812928,200.0,0.0004624738357961178,0.09249476715922356,0.9704852426213106,0.05950068309903145,0.057744534873497254,0.0,0.0,0.0
1942,0.5703887343406677,1.0,0.0003141139750368893,0.0003141139750368893,20.0,0.0031461957842111588,0.06292391568422318,20.0,7.645512232556939e-05,0.0015291024465113878,10.0,0.013279372826218605,0.13279372826218605,0.0,0.010528726503252983,0.0,14.564782391195598,0.0011316642630845308,0.016482443731718917,0.0,0.3043566346168518,0.0,500.0,0.0004120668745599687,0.20603343727998435,200.0,0.0004625283763743937,0.09250567527487874,0.9709854927463731,0.05953366681933403,0.057806326811569456,0.0,0.0,0.0
1943,0.5658979415893555,1.0,0.00031478103483095765,0.00031478103483095765,20.0,0.0031439706217497587,0.06287941243499517,20.0,7.57561283535324e-05,0.001515122567070648,10.0,0.013280852697789669,0.1328085269778967,0.0,0.010524973273277283,0.0,14.572286143071535,0.0008605727925896645,0.012540512980558742,0.0,0.3042985200881958,0.0,500.0,0.0004109193105250597,0.20545965526252985,200.0,0.00046253763139247894,0.09250752627849579,0.9714857428714357,0.05957101657986641,0.057872393295698134,0.0,0.0,0.0
1944,0.5690228939056396,1.0,0.0003148087998852134,0.0003148087998852134,20.0,0.003149262396618724,0.06298524793237448,20.0,7.609731983393431e-05,0.0015219463966786861,10.0,0.013289745897054672,0.13289745897054672,0.0,0.010503062047064304,0.0,14.579789894947474,0.0010135914199054241,0.014777949941542565,0.0,0.3042203187942505,0.0,500.0,0.0004122598620597273,0.20612993102986366,200.0,0.0004623793065547943,0.09247586131095886,0.9719859929964982,0.05958898365497589,0.05791965744953385,0.0,0.0,0.0
1945,0.5680170655250549,1.0,0.00031520656193606555,0.00031520656193606555,20.0,0.003146153874695301,0.06292307749390602,20.0,7.772949174977839e-05,0.0015545898349955678,10.0,0.013305313885211945,0.13305313885211945,0.0,0.010517483577132225,0.0,14.587293646823412,0.0009444213937968016,0.013776552197656194,0.0,0.30426323413848877,0.0,500.0,0.0004119738005101681,0.20598690025508404,200.0,0.00046228375867940485,0.09245675173588097,0.9724862431215607,0.05959039926528931,0.05795084350761501,0.0,0.0,0.0
1946,0.5736895203590393,1.0,0.00031527160899713635,0.00031527160899713635,20.0,0.0031433943659067154,0.06286788731813431,20.0,7.925170211819932e-05,0.0015850340423639864,10.0,0.013318181969225407,0.13318181969225407,0.0,0.010528691112995148,0.0,14.594797398699349,0.0012686650734394789,0.018515909713655226,0.0,0.3043382465839386,0.0,500.0,0.0004135053022764623,0.20675265113823116,200.0,0.000462279946077615,0.092455989215523,0.9729864932466233,0.05962560698390007,0.058014910246966304,0.0,0.0,0.0
1947,0.571526825428009,1.0,0.0003159144544042647,0.0003159144544042647,20.0,0.003133996156975627,0.06267992313951254,20.0,7.941181684145704e-05,0.0015882363368291408,10.0,0.013326895423233509,0.1332689542323351,0.0,0.01054416410624981,0.0,14.602301150575288,0.00115410634316504,0.0168526083826851,0.0,0.3043253719806671,0.0,500.0,0.0004126050043851137,0.20630250219255686,200.0,0.00046222435776144266,0.09244487155228853,0.9734867433716858,0.05965539813041687,0.058073739250520874,0.0,0.0,0.0
1948,0.5683095455169678,1.0,0.00031545921228826046,0.00031545921228826046,20.0,0.003130978439003229,0.06261956878006458,20.0,7.849628309486434e-05,0.0015699256618972868,10.0,0.01333114504814148,0.1333114504814148,0.0,0.010529334656894207,0.0,14.609804902451225,0.0008934875368140638,0.013053678595625179,0.0,0.3042609691619873,0.0,500.0,0.00041370425606146455,0.20685212803073227,200.0,0.00046239467337727547,0.0924789346754551,0.9739869934967483,0.05966031551361084,0.058108371338169235,0.0,0.0,0.0
1949,0.5695237517356873,1.0,0.0003147565294057131,0.0003147565294057131,20.0,0.0031293209176510572,0.06258641835302114,20.0,7.691655628150329e-05,0.0015383311256300658,10.0,0.013325432315468788,0.13325432315468788,0.0,0.01052145566791296,0.0,14.617308654327164,0.0009503772016614676,0.013891956894721402,0.0,0.30407246947288513,0.0,500.0,0.0004144672129768878,0.2072336064884439,200.0,0.00046287529403343797,0.0925750588066876,0.9744872436218109,0.05965117737650871,0.0581293114204297,0.0,0.0,0.0
1950,0.5721272230148315,1.0,0.00031416272395290434,0.00031416272395290434,20.0,0.003113572020083666,0.06227144040167332,20.0,7.624634599778801e-05,0.0015249269199557602,10.0,0.013318401761353016,0.13318401761353016,0.0,0.010578397661447525,0.0,14.624812406203102,0.0012333572376519442,0.01803761823049254,0.0,0.3041256368160248,0.0,500.0,0.0004119708901271224,0.2059854450635612,200.0,0.000463393225800246,0.0926786451600492,0.9749874937468734,0.05962229520082474,0.058130992169288354,0.0,0.0,0.0
1951,0.5675530433654785,1.0,0.00031457794830203056,0.00031457794830203056,20.0,0.003100913716480136,0.06201827432960272,20.0,7.460665074177086e-05,0.0014921330148354173,10.0,0.01331847719848156,0.1331847719848156,0.0,0.010603226721286774,0.0,14.632316158079039,0.0010214888025075197,0.014946747110227589,0.0,0.3041118383407593,0.0,500.0,0.00040932907722890377,0.20466453861445189,200.0,0.00046395004028454423,0.09279000805690885,0.9754877438719359,0.059602927416563034,0.05814192519374583,0.0,0.0,0.0
1952,0.5678727030754089,1.0,0.00031504075741395354,0.00031504075741395354,20.0,0.0031033209525048733,0.062066419050097466,20.0,7.527091656811535e-05,0.001505418331362307,10.0,0.013326332904398441,0.1332633290439844,0.0,0.010613517835736275,0.0,14.639819909954978,0.0010651109041646123,0.01559303182109924,0.0,0.304203063249588,0.0,500.0,0.0004086608241777867,0.20433041208889335,200.0,0.00046332133933901787,0.09266426786780357,0.9759879939969985,0.059565018862485886,0.05813474327199098,0.0,0.0,0.0
1953,0.5701008439064026,1.0,0.0003155924496240914,0.0003155924496240914,20.0,0.003120248904451728,0.06240497808903456,20.0,7.799258310114965e-05,0.001559851662022993,10.0,0.013340984471142292,0.13340984471142292,0.0,0.010606045834720135,0.0,14.647323661830915,0.0011618086136877537,0.01701738679778761,0.0,0.3045414686203003,0.0,500.0,0.00040977896424010396,0.20488948212005198,200.0,0.00046196140465326607,0.09239228093065321,0.976488244122061,0.059510648250579834,0.058111448416774306,0.0,0.0,0.0
1954,0.5742360949516296,1.0,0.00031593546736985445,0.00031593546736985445,20.0,0.003146139672026038,0.06292279344052076,20.0,8.048657036852092e-05,0.0016097314073704183,10.0,0.01335846446454525,0.1335846446454525,0.0,0.010557400994002819,0.0,14.654827413706853,0.001226422842592001,0.01797301509441354,0.0,0.304731547832489,0.0,500.0,0.00041493732715025544,0.20746866357512772,200.0,0.0004613508062902838,0.09227016125805676,0.9769884942471235,0.05945941433310509,0.058091163678116176,0.0,0.0,0.0
1955,0.5763979554176331,1.0,0.00031596707412973046,0.00031596707412973046,20.0,0.0031534754671156406,0.06306950934231281,20.0,8.052901830524206e-05,0.0016105803661048412,10.0,0.013369850814342499,0.133698508143425,0.0,0.01052195392549038,0.0,14.662331165582792,0.0012837030226364732,0.01882207883615559,0.0,0.30475831031799316,0.0,500.0,0.0004170824831817299,0.20854124159086496,200.0,0.0004612982156686485,0.0922596431337297,0.9774887443721861,0.059418026357889175,0.05808045197764655,0.0,0.0,0.0
1956,0.5723158717155457,1.0,0.000315879937261343,0.000315879937261343,20.0,0.003148819087073207,0.06297638174146414,20.0,7.811248360667378e-05,0.0015622496721334755,10.0,0.013374248519539833,0.13374248519539833,0.0,0.01048604678362608,0.0,14.66983491745873,0.0010705781169235706,0.01570520424151261,0.0,0.30471283197402954,0.0,500.0,0.00041536311618983746,0.20768155809491873,200.0,0.0004612410848494619,0.09224821696989238,0.9779889944972486,0.059391144663095474,0.05808388585110138,0.0,0.0,0.0
1957,0.5690560340881348,1.0,0.00031611809390597045,0.00031611809390597045,20.0,0.0031303062569350004,0.06260612513870001,20.0,7.566974818473682e-05,0.0015133949636947364,10.0,0.013371559791266918,0.13371559791266918,0.0,0.010497529059648514,0.0,14.677338669334667,0.0010135906049981713,0.014876812581613979,0.0,0.3046594262123108,0.0,500.0,0.0004113264149054885,0.20566320745274425,200.0,0.0004613877390511334,0.09227754781022668,0.9784892446223111,0.05936417728662491,0.058087208990814564,0.0,0.0,0.0
1958,0.5683333277702332,1.0,0.0003152420395053923,0.0003152420395053923,20.0,0.003114070277661085,0.0622814055532217,20.0,7.406533404719085e-05,0.001481306680943817,10.0,0.013372466899454594,0.13372466899454594,0.0,0.0104986522346735,0.0,14.684842421210606,0.00096510024741292,0.0141723450539301,0.0,0.3045305907726288,0.0,500.0,0.000411749177146703,0.2058745885733515,200.0,0.00046188844135031104,0.09237768827006221,0.9789894947473737,0.059353090822696686,0.058106052396206816,0.0,0.0,0.0
1959,0.5674418210983276,1.0,0.0003144198562949896,0.0003144198562949896,20.0,0.003112917300313711,0.06225834600627422,20.0,7.451904093613848e-05,0.0014903808187227696,10.0,0.013379008509218693,0.13379008509218693,0.0,0.010484888218343258,0.0,14.692346173086543,0.0008287373930215836,0.01217609666485438,0.0,0.30452388525009155,0.0,500.0,0.0004138302756473422,0.2069151378236711,200.0,0.00046180514618754387,0.09236102923750877,0.9794897448724362,0.05935371667146683,0.058136356799765906,0.0,0.0,0.0
1960,0.5741570591926575,1.0,0.0003143516951240599,0.0003143516951240599,20.0,0.0031266380101442337,0.06253276020288467,20.0,7.746768824290484e-05,0.0015493537648580968,10.0,0.013386163860559464,0.13386163860559464,0.0,0.010472993366420269,0.0,14.699849924962482,0.0011465838178992271,0.01685461004950915,0.0,0.30473703145980835,0.0,500.0,0.00041721967863850296,0.20860983931925148,200.0,0.0004614833160303533,0.09229666320607066,0.9799899949974987,0.0593249537050724,0.05813786108466075,0.0,0.0,0.0
1961,0.5720289945602417,1.0,0.00031491395202465355,0.00031491395202465355,20.0,0.0031335894018411636,0.06267178803682327,20.0,7.869100954849273e-05,0.0015738201909698546,10.0,0.013385651633143425,0.13385651633143425,0.0,0.010470148175954819,0.0,14.70735367683842,0.0009937144350260496,0.014614909649707783,0.0,0.30485960841178894,0.0,500.0,0.0004171173495706171,0.20855867478530854,200.0,0.00046143250074237585,0.09228650014847517,0.9804902451225613,0.05930892750620842,0.05815182486851851,0.0,0.0,0.0
1962,0.5701383948326111,1.0,0.0003157421015202999,0.0003157421015202999,20.0,0.0031303013674914837,0.06260602734982967,20.0,7.820066093700007e-05,0.0015640132187400013,10.0,0.01337443757802248,0.1337443757802248,0.0,0.010489610023796558,0.0,14.714857428714357,0.0010063637746497989,0.014808499465394614,0.0,0.3049364686012268,0.0,500.0,0.0004132439207751304,0.2066219603875652,200.0,0.0004614915233105421,0.09229830466210842,0.9809904952476238,0.059306856244802475,0.05817946227916841,0.0,0.0,0.0
1963,0.5699306726455688,1.0,0.0003160462947562337,0.0003160462947562337,20.0,0.0031244992278516293,0.062489984557032585,20.0,7.68051395425573e-05,0.001536102790851146,10.0,0.013356387615203857,0.13356387615203857,0.0,0.010508805513381958,0.0,14.722361180590296,0.0010994834592565894,0.016186992599260343,0.0,0.3049039840698242,0.0,500.0,0.0004105389234609902,0.2052694617304951,200.0,0.0004617844242602587,0.09235688485205173,0.9814907453726863,0.059309083968400955,0.05821131703151709,0.0,0.0,0.0
1964,0.568159282207489,1.0,0.00031555810710415244,0.00031555810710415244,20.0,0.003124454990029335,0.0624890998005867,20.0,7.619753887411207e-05,0.0015239507774822414,10.0,0.013345890678465366,0.13345890678465366,0.0,0.010509511455893517,0.0,14.729864932466233,0.0009875271935015917,0.01454614217741589,0.0,0.3047020733356476,0.0,500.0,0.0004104662803001702,0.2052331401500851,200.0,0.0004617708327714354,0.09235416655428708,0.9819909954977488,0.05930635705590248,0.058238308604670615,0.0,0.0,0.0
1965,0.5717294216156006,1.0,0.00031444322667084634,0.00031444322667084634,20.0,0.003129577962681651,0.06259155925363302,20.0,7.67545061535202e-05,0.001535090123070404,10.0,0.013340254314243793,0.13340254314243793,0.0,0.010504762642085552,0.0,14.73736868434217,0.001126935239881277,0.016608060113507964,0.0,0.30461710691452026,0.0,500.0,0.00041330992826260626,0.20665496413130313,200.0,0.00046187773114070296,0.09237554622814059,0.9824912456228114,0.05928518623113632,0.05824717646720948,0.0,0.0,0.0
1966,0.5718383193016052,1.0,0.00031413609394803643,0.00031413609394803643,20.0,0.003125007962808013,0.06250015925616026,20.0,7.679408008698374e-05,0.0015358816017396748,10.0,0.013340526260435581,0.1334052626043558,0.0,0.010510158725082874,0.0,14.74487243621811,0.00112137570977211,0.0165345417936633,0.0,0.3045809864997864,0.0,500.0,0.00041371953557245433,0.20685976778622717,200.0,0.0004621657426469028,0.09243314852938056,0.9829914957478739,0.0592634417116642,0.05825545921131573,0.0,0.0,0.0
1967,0.5692636966705322,1.0,0.00031458691228181124,0.00031458691228181124,20.0,0.0031131186988204718,0.062262373976409435,20.0,7.60984476073645e-05,0.0015219689521472901,10.0,0.013339449651539326,0.13339449651539326,0.0,0.010529134422540665,0.0,14.752376188094047,0.0010590737219899893,0.015623853957721253,0.0,0.304592490196228,0.0,500.0,0.00041084096301347017,0.2054204815067351,200.0,0.0004622961569111794,0.09245923138223588,0.9834917458729364,0.05924472585320473,0.05826669886313181,0.0,0.0,0.0
1968,0.5695510506629944,1.0,0.0003147218085359782,0.0003147218085359782,20.0,0.003107929602265358,0.06215859204530716,20.0,7.599500531796366e-05,0.0015199001063592732,10.0,0.01334479358047247,0.1334479358047247,0.0,0.010522647760808468,0.0,14.759879939969984,0.0010753374081104994,0.015871851038669477,0.0,0.30452486872673035,0.0,500.0,0.00041093816980719566,0.20546908490359783,200.0,0.0004624699358828366,0.09249398717656732,0.983991995997999,0.0592229999601841,0.05827495793981097,0.0,0.0,0.0
1969,0.5720223188400269,1.0,0.0003142316418234259,0.0003142316418234259,20.0,0.0031121789943426847,0.062243579886853695,20.0,7.654860382899642e-05,0.0015309720765799284,10.0,0.013354560360312462,0.13354560360312462,0.0,0.01048840582370758,0.0,14.767383691845923,0.001113248523324728,0.016439768088317146,0.0,0.3044041693210602,0.0,500.0,0.0004142759134992957,0.20713795674964786,200.0,0.00046260279486887157,0.09252055897377431,0.9844922461230615,0.05920781195163727,0.05828963177629922,0.0,0.0,0.0
1970,0.5715238451957703,1.0,0.0003148224495816976,0.0003148224495816976,20.0,0.0031165636610239744,0.06233127322047949,20.0,7.602251571370289e-05,0.0015204503142740577,10.0,0.013361632823944092,0.13361632823944092,0.0,0.010449699126183987,0.0,14.77488744372186,0.0010530110448598862,0.015558119664800769,0.0,0.3043498992919922,0.0,500.0,0.00041476456681266427,0.20738228340633214,200.0,0.00046251880121417344,0.09250376024283469,0.984992496248124,0.05918500944972038,0.05829679019834889,0.0,0.0,0.0
1971,0.5688236951828003,1.0,0.0003162007487844676,0.0003162007487844676,20.0,0.0031188223510980606,0.06237644702196121,20.0,7.565502164652571e-05,0.0015131004329305142,10.0,0.013362986035645008,0.13362986035645008,0.0,0.010442370548844337,0.0,14.782391195597798,0.0009469867218285799,0.01399872817910682,0.0,0.30433160066604614,0.0,500.0,0.0004123917024116963,0.20619585120584816,200.0,0.00046249449951574206,0.09249889990314841,0.9854927463731866,0.05915272235870361,0.058294578812729425,0.0,0.0,0.0
1972,0.5701170563697815,1.0,0.0003169642877765,0.0003169642877765,20.0,0.0031273826025426388,0.06254765205085278,20.0,7.667523459531367e-05,0.0015335046919062734,10.0,0.013364131562411785,0.13364131562411785,0.0,0.010438073426485062,0.0,14.789894947473737,0.0010463681537657976,0.015475675070578192,0.0,0.30438846349716187,0.0,500.0,0.00041174323996528983,0.20587161998264492,200.0,0.0004622555279638618,0.09245110559277236,0.9859929964982491,0.05910712480545044,0.058279211101322066,0.0,0.0,0.0
1973,0.5702434182167053,1.0,0.0003168631810694933,0.0003168631810694933,20.0,0.003137805964797735,0.0627561192959547,20.0,7.693396764807403e-05,0.0015386793529614806,10.0,0.01336308941245079,0.1336308941245079,0.0,0.01041219662874937,0.0,14.797398699349674,0.0010076680919155478,0.014910866512687295,0.0,0.30434122681617737,0.0,500.0,0.00041277235141023993,0.20638617570511997,200.0,0.0004620469990186393,0.09240939980372787,0.9864932466233116,0.05909249559044838,0.05829434782609515,0.0,0.0,0.0
1974,0.5717638731002808,1.0,0.0003159348852932453,0.0003159348852932453,20.0,0.0031441855244338512,0.06288371048867702,20.0,7.730680954409763e-05,0.0015461361908819526,10.0,0.013360463082790375,0.13360463082790375,0.0,0.010391123592853546,0.0,14.804902451225614,0.0009684799006208777,0.014338250454664771,0.0,0.30428144335746765,0.0,500.0,0.00041662174044176936,0.20831087022088468,200.0,0.0004622396663762629,0.09244793327525258,0.9869934967483742,0.05908491834998131,0.058316430167340234,0.0,0.0,0.0
1975,0.5722023248672485,1.0,0.0003154485602863133,0.0003154485602863133,20.0,0.0031367498449981213,0.06273499689996243,20.0,7.695822569075972e-05,0.0015391645138151944,10.0,0.013353138230741024,0.13353138230741024,0.0,0.010404000990092754,0.0,14.81240620310155,0.0010201999684795737,0.015111616341510845,0.0,0.30427634716033936,0.0,500.0,0.0004162999102845788,0.2081499551422894,200.0,0.0004624184803105891,0.09248369606211782,0.9874937468734367,0.05907488241791725,0.058336076984976816,0.0,0.0,0.0
1976,0.5688607096672058,1.0,0.00031546916579827666,0.00031546916579827666,20.0,0.0031193564645946026,0.06238712929189205,20.0,7.580203237012029e-05,0.0015160406474024057,10.0,0.013343527913093567,0.13343527913093567,0.0,0.010434753261506557,0.0,14.819909954977488,0.0009561617043800652,0.014170230361310371,0.0,0.3042866885662079,0.0,500.0,0.0004122779064346105,0.20613895321730524,200.0,0.00046265829587355256,0.09253165917471051,0.9879939969984992,0.05907522514462471,0.05836596781422401,0.0,0.0,0.0
1977,0.5699403882026672,1.0,0.00031587612465955317,0.00031587612465955317,20.0,0.0031088246032595634,0.06217649206519127,20.0,7.737259147688746e-05,0.0015474518295377493,10.0,0.013344810344278812,0.13344810344278812,0.0,0.010477207601070404,0.0,14.827413706853427,0.0011160734575241804,0.01654848288194933,0.0,0.30440670251846313,0.0,500.0,0.000409853586461395,0.2049267932306975,200.0,0.0004628390888683498,0.09256781777366996,0.9884942471235618,0.05908925458788872,0.05840938822694753,0.0,0.0,0.0
1978,0.5723143219947815,1.0,0.0003157626779284328,0.0003157626779284328,20.0,0.0031103247310966253,0.06220649462193251,20.0,7.936209294712171e-05,0.0015872418589424342,10.0,0.013348224572837353,0.13348224572837353,0.0,0.010485080070793629,0.0,14.834917458729365,0.0012217452749609947,0.018124490309638967,0.0,0.30444708466529846,0.0,500.0,0.00041118403896689415,0.20559201948344707,200.0,0.00046269455924630165,0.09253891184926033,0.9889944972486243,0.059117767959833145,0.05846714720189601,0.0,0.0,0.0
1979,0.5722411274909973,1.0,0.00031599000794813037,0.00031599000794813037,20.0,0.0031175147742033005,0.06235029548406601,20.0,7.985788397490978e-05,0.0015971576794981956,10.0,0.01335096638649702,0.1335096638649702,0.0,0.010457800701260567,0.0,14.842421210605302,0.0011617427226155996,0.01724307482741613,0.0,0.304476797580719,0.0,500.0,0.0004124399274587631,0.20621996372938156,200.0,0.0004622802953235805,0.0924560590647161,0.9894947473736868,0.059170547872781754,0.05854894631934082,0.0,0.0,0.0
1980,0.5709096789360046,1.0,0.00031680709798820317,0.00031680709798820317,20.0,0.0031240987591445446,0.06248197518289089,20.0,7.838736928533763e-05,0.0015677473857067525,10.0,0.013354718685150146,0.13354718685150146,0.0,0.010402971878647804,0.0,14.849924962481241,0.0010799025185406208,0.016036471367122725,0.0,0.3043404519557953,0.0,500.0,0.0004118882061447948,0.2059441030723974,200.0,0.00046194129390642047,0.0923882587812841,0.9899949974987494,0.0592196062207222,0.0586271139123608,0.0,0.0,0.0
1981,0.5707193613052368,1.0,0.00031653110636398196,0.00031653110636398196,20.0,0.003132045269012451,0.06264090538024902,20.0,7.750341319479048e-05,0.0015500682638958097,10.0,0.013362002559006214,0.13362002559006214,0.0,0.010345843620598316,0.0,14.857428714357178,0.0009648719569668174,0.014335516319116797,0.0,0.30422651767730713,0.0,500.0,0.0004143827245570719,0.20719136227853596,200.0,0.0004619345418177545,0.0923869083635509,0.9904952476238119,0.05924108251929283,0.058678010699449626,0.0,0.0,0.0
1982,0.5694215893745422,1.0,0.0003158840409014374,0.0003158840409014374,20.0,0.003119282191619277,0.06238564383238554,20.0,7.652436761418357e-05,0.0015304873522836715,10.0,0.013359676115214825,0.13359676115214825,0.0,0.010361035354435444,0.0,14.864932466233116,0.000918085512239486,0.013647279137666996,0.0,0.30424734950065613,0.0,500.0,0.00041358600719831884,0.20679300359915942,200.0,0.00046222051605582237,0.09244410321116447,0.9909954977488744,0.0592418871819973,0.05870844347550608,0.0,0.0,0.0
1983,0.5700525641441345,1.0,0.00031459200545214117,0.00031459200545214117,20.0,0.0031079472973942757,0.06215894594788551,20.0,7.509783608838916e-05,0.0015019567217677832,10.0,0.013354113325476646,0.13354113325476646,0.0,0.01036718487739563,0.0,14.872436218109055,0.0009493626421317458,0.014119335342959881,0.0,0.30413904786109924,0.0,500.0,0.00041425536619499326,0.20712768309749663,200.0,0.0004628953756764531,0.09257907513529062,0.991495747873937,0.059213392436504364,0.05870982681798482,0.0,0.0,0.0
1984,0.5726943612098694,1.0,0.0003137836465612054,0.0003137836465612054,20.0,0.003098372370004654,0.06196744740009308,20.0,7.494035526178777e-05,0.0014988071052357554,10.0,0.013349765911698341,0.1334976591169834,0.0,0.010394697077572346,0.0,14.879939969984992,0.0011561810970306396,0.017203905318247312,0.0,0.30414149165153503,0.0,500.0,0.0004137516370974481,0.20687581854872406,200.0,0.0004632547206711024,0.09265094413422048,0.9919959979989995,0.0591595433652401,0.05868603026176644,0.0,0.0,0.0
1985,0.5698567032814026,1.0,0.00031464724452234805,0.00031464724452234805,20.0,0.0030980498995631933,0.061960997991263866,20.0,7.533148163929582e-05,0.0015066296327859163,10.0,0.013350018300116062,0.13350018300116062,0.0,0.01040623988956213,0.0,14.887443721860931,0.0010547784622758627,0.015702954996162918,0.0,0.3042890131473541,0.0,500.0,0.000411183456890285,0.2055917284451425,200.0,0.00046307704178616405,0.09261540835723281,0.992496248124062,0.05910765379667282,0.05866412462861374,0.0,0.0,0.0
1986,0.5718706250190735,1.0,0.00031530833803117275,0.00031530833803117275,20.0,0.0031123689841479063,0.062247379682958126,20.0,7.716632535448298e-05,0.0015433265070896596,10.0,0.013355615548789501,0.133556155487895,0.0,0.01039075292646885,0.0,14.894947473736869,0.00116162549238652,0.01730235069325094,0.0,0.3043704032897949,0.0,500.0,0.00041154661448672414,0.20577330724336207,200.0,0.00046245858538895845,0.09249171707779169,0.9929964982491246,0.05905468761920929,0.05864109801107076,0.0,0.0,0.0
1987,0.5762664675712585,1.0,0.00031535985181108117,0.00031535985181108117,20.0,0.0031325779855251312,0.06265155971050262,20.0,7.901707431301475e-05,0.001580341486260295,10.0,0.013367055915296078,0.13367055915296078,0.0,0.01034509390592575,0.0,14.902451225612806,0.0012857704423367977,0.01916113130425873,0.0,0.3044571578502655,0.0,500.0,0.00041576678631827235,0.20788339315913618,200.0,0.0004619763058144599,0.09239526116289198,0.9934967483741871,0.058992523699998856,0.05860888047433603,0.0,0.0,0.0
1988,0.5740041136741638,1.0,0.0003159097977913916,0.0003159097977913916,20.0,0.003143537323921919,0.06287074647843838,20.0,7.926994294393808e-05,0.0015853988588787615,10.0,0.01337323896586895,0.1337323896586895,0.0,0.010311233811080456,0.0,14.909954977488745,0.0010881242342293262,0.016223883342273673,0.0,0.3045347034931183,0.0,500.0,0.0004165646678302437,0.20828233391512185,200.0,0.0004618386155925691,0.09236772311851382,0.9939969984992496,0.05897980183362961,0.05862574599470837,0.0,0.0,0.0
1989,0.5722713470458984,1.0,0.00031695555662736297,0.00031695555662736297,20.0,0.003144214628264308,0.06288429256528616,20.0,7.850732072256505e-05,0.001570146414451301,10.0,0.013372893445193768,0.13372893445193768,0.0,0.010299216024577618,0.0,14.917458729364682,0.0010720879072323442,0.015992827110389445,0.0,0.3045376241207123,0.0,500.0,0.00041352518019266427,0.20676259009633213,200.0,0.00046181463403627276,0.09236292680725455,0.9944972486243121,0.058977190405130386,0.05865265358949435,0.0,0.0,0.0
1990,0.5695961117744446,1.0,0.00031740558915771544,0.00031740558915771544,20.0,0.003126220777630806,0.06252441555261612,20.0,7.727564661763608e-05,0.0015455129323527217,10.0,0.013364840298891068,0.13364840298891068,0.0,0.010333227925002575,0.0,14.92496248124062,0.001007782993838191,0.015041123372267347,0.0,0.3044810891151428,0.0,500.0,0.0004107684944756329,0.20538424723781645,200.0,0.0004622600390575826,0.09245200781151652,0.9949974987493747,0.058978062123060226,0.05868302429353016,0.0,0.0,0.0
1991,0.5694854259490967,1.0,0.0003168684779666364,0.0003168684779666364,20.0,0.0031106879469007254,0.06221375893801451,20.0,7.702277798671275e-05,0.001540455559734255,10.0,0.013361521065235138,0.13361521065235138,0.0,0.01036791130900383,0.0,14.932466233116559,0.0010320814326405525,0.015411521142731612,0.0,0.30440181493759155,0.0,500.0,0.00041040731593966484,0.20520365796983242,200.0,0.0004623372224159539,0.09246744448319077,0.9954977488744372,0.05898207426071167,0.058716522150483355,0.0,0.0,0.0
1992,0.5696980953216553,1.0,0.0003152039716951549,0.0003152039716951549,20.0,0.0030961434822529554,0.06192286964505911,20.0,7.695068052271381e-05,0.0015390136104542762,10.0,0.013361524790525436,0.13361524790525436,0.0,0.010392461903393269,0.0,14.939969984992496,0.001053137006238103,0.015733835263282113,0.0,0.30431053042411804,0.0,500.0,0.0004106491105630994,0.2053245552815497,200.0,0.000462477735709399,0.0924955471418798,0.9959979989994997,0.058987874537706375,0.05875180500478909,0.0,0.0,0.0
1993,0.5733546614646912,1.0,0.00031308422330766916,0.00031308422330766916,20.0,0.0030928540509194136,0.06185708101838827,20.0,7.686391472816467e-05,0.0015372782945632935,10.0,0.013362940400838852,0.13362940400838852,0.0,0.010379722341895103,0.0,14.947473736868433,0.0011605356121435761,0.017347075583216635,0.0,0.30416053533554077,0.0,500.0,0.00041443598456680775,0.20721799228340387,200.0,0.00046343199210241437,0.09268639842048287,0.9964982491245623,0.05897290259599686,0.058766394182704226,0.0,0.0,0.0
1994,0.5757270455360413,1.0,0.00031204085098579526,0.00031204085098579526,20.0,0.0030888596083968878,0.061777192167937756,20.0,7.560788071714342e-05,0.0015121576143428683,10.0,0.013363314792513847,0.13363314792513847,0.0,0.01035695243626833,0.0,14.954977488744372,0.0012172458227723837,0.01820388387782912,0.0,0.30398058891296387,0.0,500.0,0.00041726359631866217,0.20863179815933108,200.0,0.00046424660831689835,0.09284932166337967,0.9969984992496248,0.058984555304050446,0.05880751311704479,0.0,0.0,0.0
1995,0.5725998282432556,1.0,0.00031227385625243187,0.00031227385625243187,20.0,0.003086543409153819,0.06173086818307638,20.0,7.38846865715459e-05,0.001477693731430918,10.0,0.013363411650061607,0.13363411650061607,0.0,0.010333164595067501,0.0,14.96248124062031,0.0010387521469965577,0.015542309513090066,0.0,0.30386853218078613,0.0,500.0,0.0004164390848018229,0.20821954240091145,200.0,0.0004642567364498973,0.09285134728997946,0.9974987493746873,0.058979202061891556,0.058831680295853804,0.0,0.0,0.0
1996,0.5691826939582825,1.0,0.00031403970206156373,0.00031403970206156373,20.0,0.003089196514338255,0.0617839302867651,20.0,7.359092705883086e-05,0.0014718185411766171,10.0,0.013365084305405617,0.13365084305405617,0.0,0.010323791764676571,0.0,14.969984992496249,0.0009243740933015943,0.013837866304177193,0.0,0.30400630831718445,0.0,500.0,0.0004132070462219417,0.20660352311097085,200.0,0.00046329619362950325,0.09265923872590065,0.9979989994997499,0.05897943302989006,0.058861415154892786,0.0,0.0,0.0
1997,0.5716485977172852,1.0,0.00031581049552187324,0.00031581049552187324,20.0,0.003107351018115878,0.06214702036231756,20.0,7.541013474110514e-05,0.0015082026948221028,10.0,0.0133711788803339,0.133711788803339,0.0,0.010300872847437859,0.0,14.977488744372186,0.0010845628567039967,0.016244027978848254,0.0,0.30424290895462036,0.0,500.0,0.0004127878346480429,0.20639391732402146,200.0,0.00046222718083299696,0.09244543616659939,0.9984992496248124,0.058970917016267776,0.05888241639043046,0.0,0.0,0.0
1998,0.5721418261528015,1.0,0.00031659516389481723,0.00031659516389481723,20.0,0.0031266219448298216,0.06253243889659643,20.0,7.792902761138976e-05,0.0015585805522277951,10.0,0.013380489312112331,0.13380489312112331,0.0,0.01027639675885439,0.0,14.984992496248124,0.0010241764830425382,0.015347276913226227,0.0,0.30447351932525635,0.0,500.0,0.00041464081732556224,0.20732040866278112,200.0,0.0004617698723450303,0.09235397446900606,0.9989994997498749,0.058966636657714844,0.05890764052298977,0.0,0.0,0.0
1999,0.5757076144218445,1.0,0.00031629030127078295,0.00031629030127078295,20.0,0.0031404010951519012,0.06280802190303802,20.0,8.012210309971124e-05,0.0016024420619942248,10.0,0.013379541225731373,0.13379541225731373,0.0,0.010278602130711079,0.0,14.992496248124063,0.0011352584697306156,0.01702035834808732,0.0,0.304548054933548,0.0,500.0,0.0004177617374807596,0.2088808687403798,200.0,0.00046186181134544313,0.09237236226908863,0.9994997498749375,0.058941323310136795,0.05891183790577955,0.0,0.0,0.0
2000,0.5765476226806641,1.0,0.00031653157202526927,0.00031653157202526927,20.0,0.003146423026919365,0.0629284605383873,20.0,8.055023499764502e-05,0.0016110046999529004,10.0,0.013374002650380135,0.13374002650380135,0.0,0.010282672010362148,0.0,15.0,0.001185850240290165,0.017787753604352474,0.0,0.3045600652694702,0.0,500.0,0.0004177466034889221,0.20887330174446106,200.0,0.0004618190578185022,0.09236381156370044,1.0,0.05892672389745712,0.05892672389745712,0.0,0.0,0.0
