iter,total,cd3d,cd3d_fwd,cd3d_bwd,cd3d_raw,cd3d_raw_fwd,cd3d_raw_bwd,cd2d,cd2d_fwd,cd2d_bwd,scale,tx,ty,tz
0,0.06566182,0.00005882,0.00011126,0.00000637,0.00654359,0.01056271,0.00252448,6.84560394,7.21417713,6.47703075,0.95097691,0.00000000,0.00000000,0.00000000
1,0.05607163,0.00004902,0.00009490,0.00000313,0.00576165,0.00975349,0.00176982,7.05323029,7.60003138,6.50642920,0.94623393,0.00500000,-0.00500000,-0.00500000
2,0.05369278,0.00004657,0.00009080,0.00000234,0.00553510,0.00953990,0.00153030,7.12035751,7.58255196,6.65816259,0.94201148,0.00441549,-0.00434036,-0.00940978
3,0.05471267,0.00004758,0.00009237,0.00000279,0.00564638,0.00962180,0.00167095,7.13409328,7.42653131,6.84165478,0.93869185,0.00209587,-0.00216098,-0.01274051
4,0.05678928,0.00004954,0.00009544,0.00000364,0.00584448,0.00978097,0.00190799,7.24963570,7.36127090,7.13800049,0.93663168,-0.00028280,-0.00055494,-0.01455461
5,0.05770826,0.00005038,0.00009672,0.00000403,0.00592685,0.00984680,0.00200689,7.33216286,7.33587503,7.32845068,0.93592215,-0.00188454,-0.00011965,-0.01482311
6,0.05705164,0.00004973,0.00009570,0.00000377,0.00586767,0.00979427,0.00194108,7.31883430,7.30095816,7.33671093,0.93627417,-0.00248003,-0.00085791,-0.01393537
7,0.05562250,0.00004838,0.00009357,0.00000319,0.00573588,0.00968457,0.00178720,7.23981857,7.27006245,7.20957470,0.93733662,-0.00220003,-0.00214369,-0.01229813
8,0.05431509,0.00004718,0.00009170,0.00000267,0.00560992,0.00958723,0.00163262,7.13034630,7.25395823,7.00673437,0.93879390,-0.00116884,-0.00330810,-0.01024534
9,0.05359232,0.00004657,0.00009076,0.00000237,0.00553917,0.00953752,0.00154082,7.02635956,7.28451014,6.76820898,0.94038504,0.00043449,-0.00396179,-0.00804667
10,0.05355228,0.00004660,0.00009086,0.00000235,0.00553753,0.00954276,0.00153230,6.94971037,7.33795834,6.56146240,0.94190139,0.00203381,-0.00380423,-0.00591073
11,0.05398302,0.00004708,0.00009166,0.00000251,0.00558383,0.00958473,0.00158292,6.90202236,7.38794804,6.41609716,0.94315159,0.00326786,-0.00292624,-0.00402991
12,0.05456293,0.00004769,0.00009266,0.00000272,0.00564386,0.00963741,0.00165031,6.86901760,7.40657282,6.33146191,0.94399267,0.00378140,-0.00165403,-0.00254952
13,0.05493025,0.00004808,0.00009330,0.00000286,0.00568139,0.00967067,0.00169211,6.84685946,7.39814568,6.29557323,0.94433266,0.00367660,-0.00058733,-0.00156940
14,0.05486751,0.00004803,0.00009322,0.00000285,0.00567736,0.00966621,0.00168852,6.83317423,7.36054182,6.30580664,0.94416153,0.00305875,-0.00006389,-0.00110934
15,0.05445158,0.00004762,0.00009253,0.00000271,0.00563847,0.00963055,0.00164638,6.82991171,7.31304169,6.34678173,0.94354767,0.00223529,-0.00015945,-0.00110675
16,0.05393097,0.00004710,0.00009167,0.00000252,0.00558712,0.00958520,0.00158905,6.83577490,7.27518749,6.39636230,0.94261664,0.00148780,-0.00081385,-0.00143300
17,0.05353163,0.00004668,0.00009099,0.00000238,0.00554559,0.00954977,0.00154140,6.84838390,7.24567699,6.45109081,0.94150138,0.00096182,-0.00171558,-0.00194591
18,0.05335490,0.00004649,0.00009068,0.00000231,0.00552690,0.00953321,0.00152059,6.86082745,7.22942686,6.49222851,0.94033629,0.00075078,-0.00257517,-0.00250175
19,0.05341682,0.00004655,0.00009076,0.00000233,0.00553267,0.00953745,0.00152789,6.87142754,7.23683310,6.50602245,0.93923813,0.00087114,-0.00311571,-0.00297615
20,0.05362624,0.00004675,0.00009108,0.00000241,0.00555413,0.00955472,0.00155353,6.87717533,7.25335407,6.50099707,0.93832511,0.00112037,-0.00319779,-0.00323897
21,0.05382499,0.00004696,0.00009142,0.00000249,0.00557544,0.00957245,0.00157843,6.86815262,7.26289558,6.47340918,0.93767816,0.00141658,-0.00284583,-0.00320508
22,0.05391277,0.00004705,0.00009158,0.00000253,0.00558526,0.00958073,0.00158979,6.85901308,7.27596855,6.44205761,0.93733376,0.00161164,-0.00216647,-0.00283889
23,0.05384684,0.00004700,0.00009150,0.00000250,0.00557950,0.00957641,0.00158259,6.84572601,7.28273964,6.40871191,0.93729001,0.00166957,-0.00148424,-0.00214280
24,0.05365863,0.00004683,0.00009123,0.00000244,0.00556187,0.00956247,0.00156127,6.82380962,7.27190638,6.37571239,0.93750882,0.00157190,-0.00101776,-0.00115955
25,0.05343456,0.00004664,0.00009092,0.00000236,0.00554092,0.00954602,0.00153581,6.79558897,7.25267696,6.33850098,0.93792140,0.00141867,-0.00081330,0.00003715
26,0.05326618,0.00004650,0.00009070,0.00000230,0.00552585,0.00953454,0.00151716,6.76470089,7.23274994,6.29665136,0.93844521,0.00127991,-0.00086877,0.00136025
27,0.05320252,0.00004648,0.00009067,0.00000228,0.00552180,0.00953286,0.00151073,6.72670460,7.21089554,6.24251318,0.93898910,0.00122683,-0.00103031,0.00271358
28,0.05324763,0.00004655,0.00009081,0.00000230,0.00552778,0.00954050,0.00151506,6.69278097,7.20192719,6.18363476,0.93945134,0.00135427,-0.00119340,0.00399043
29,0.05332730,0.00004667,0.00009102,0.00000232,0.00553776,0.00955117,0.00152435,6.65696049,7.19473934,6.11918163,0.93976390,0.00161073,-0.00128043,0.00511791
30,0.05338925,0.00004676,0.00009118,0.00000235,0.00554548,0.00955947,0.00153150,6.62899113,7.19780207,6.06018066,0.93988156,0.00199480,-0.00137067,0.00604861
31,0.05339235,0.00004679,0.00009123,0.00000235,0.00554682,0.00956211,0.00153153,6.60693932,7.20533323,6.00854492,0.93978512,0.00244888,-0.00150850,0.00676152
32,0.05333214,0.00004674,0.00009116,0.00000232,0.00554124,0.00955845,0.00152402,6.59298182,7.21526051,5.97070312,0.93948567,0.00283364,-0.00166918,0.00726688
33,0.05323422,0.00004665,0.00009101,0.00000229,0.00553173,0.00955089,0.00151257,6.58433676,7.21538544,5.95328808,0.93901944,0.00292425,-0.00171467,0.00760287
34,0.05313143,0.00004655,0.00009085,0.00000226,0.00552239,0.00954249,0.00150230,6.57691717,7.19944763,5.95438671,0.93844259,0.00266876,-0.00155225,0.00782827
35,0.05306863,0.00004649,0.00009074,0.00000224,0.00551676,0.00953668,0.00149683,6.57749224,7.18340635,5.97157812,0.93781340,0.00222924,-0.00141228,0.00800468
36,0.05305803,0.00004648,0.00009072,0.00000224,0.00551643,0.00953565,0.00149721,6.57610512,7.16576052,5.98645020,0.93719566,0.00184258,-0.00130620,0.00819977
37,0.05308444,0.00004651,0.00009077,0.00000225,0.00551967,0.00953805,0.00150129,6.57362652,7.15303135,5.99422216,0.93666303,0.00154377,-0.00120874,0.00849239
38,0.05311476,0.00004655,0.00009083,0.00000227,0.00552343,0.00954121,0.00150565,6.56733894,7.14208317,5.99259472,0.93626046,0.00133887,-0.00106327,0.00892977
39,0.05311533,0.00004656,0.00009085,0.00000227,0.00552468,0.00954261,0.00150675,6.55296326,7.12936449,5.97656250,0.93601459,0.00123798,-0.00096516,0.00953922
40,0.05308061,0.00004655,0.00009084,0.00000226,0.00552233,0.00954159,0.00150308,6.53350830,7.12194777,5.94506836,0.93592292,0.00126295,-0.00099882,0.01031778
41,0.05302318,0.00004651,0.00009079,0.00000224,0.00551782,0.00953919,0.00149645,6.50873184,7.11709356,5.90037060,0.93596244,0.00140654,-0.00112150,0.01124054
42,0.05296784,0.00004649,0.00009075,0.00000222,0.00551356,0.00953717,0.00148995,6.48227787,7.11360407,5.85095215,0.93608969,0.00161028,-0.00120719,0.01226081
43,0.05292897,0.00004648,0.00009075,0.00000221,0.00551135,0.00953700,0.00148569,6.45135975,7.11280203,5.78991699,0.93624586,0.00192851,-0.00124587,0.01331516
44,0.05291981,0.00004650,0.00009079,0.00000220,0.00551168,0.00953938,0.00148399,6.42216110,7.11511469,5.72920752,0.93638235,0.00231681,-0.00125938,0.01435317
45,0.05292854,0.00004653,0.00009086,0.00000220,0.00551346,0.00954264,0.00148428,6.39944363,7.11753130,5.68135595,0.93644559,0.00261719,-0.00121604,0.01531785
46,0.05293033,0.00004655,0.00009090,0.00000220,0.00551485,0.00954487,0.00148482,6.37928581,7.11485386,5.64371777,0.93640947,0.00275401,-0.00110689,0.01617978
47,0.05291734,0.00004656,0.00009091,0.00000220,0.00551481,0.00954538,0.00148425,6.36229229,7.10135412,5.62322998,0.93626660,0.00261968,-0.00099361,0.01693044
48,0.05288974,0.00004654,0.00009088,0.00000220,0.00551307,0.00954414,0.00148201,6.34983349,7.08510399,5.61456299,0.93601954,0.00236393,-0.00093336,0.01757254
49,0.05285346,0.00004651,0.00009084,0.00000219,0.00551051,0.00954182,0.00147919,6.33970737,7.06993723,5.60947704,0.93568689,0.00212006,-0.00080555,0.01812671
50,0.05282012,0.00004649,0.00009080,0.00000218,0.00550817,0.00953958,0.00147675,6.33124876,7.05953121,5.60296631,0.93529421,0.00194191,-0.00064932,0.01862081
51,0.05279819,0.00004648,0.00009078,0.00000218,0.00550687,0.00953850,0.00147524,6.32179499,7.05401039,5.58957958,0.93487918,0.00190582,-0.00053141,0.01909454
52,0.05278911,0.00004648,0.00009079,0.00000217,0.00550673,0.00953906,0.00147440,6.30867958,7.04857302,5.56878662,0.93449432,0.00194235,-0.00058613,0.01960376
53,0.05278169,0.00004649,0.00009081,0.00000217,0.00550692,0.00954011,0.00147374,6.29228306,7.04436445,5.54020214,0.93416947,0.00204434,-0.00074320,0.02017961
54,0.05277497,0.00004650,0.00009083,0.00000217,0.00550687,0.00954117,0.00147258,6.27720737,7.04090595,5.51350927,0.93392265,0.00214938,-0.00094254,0.02084171
55,0.05275546,0.00004650,0.00009083,0.00000216,0.00550603,0.00954142,0.00147065,6.25814915,7.03304148,5.48325634,0.93376148,0.00217913,-0.00101505,0.02159784
56,0.05273006,0.00004649,0.00009082,0.00000216,0.00550466,0.00954105,0.00146828,6.23976803,7.02136469,5.45817089,0.93367571,0.00214717,-0.00092429,0.02243676
57,0.05270644,0.00004648,0.00009082,0.00000215,0.00550333,0.00954069,0.00146597,6.22293949,7.01159382,5.43428564,0.93364102,0.00205326,-0.00081082,0.02333199
58,0.05268338,0.00004648,0.00009082,0.00000214,0.00550243,0.00954069,0.00146417,6.20243740,6.99559355,5.40928173,0.93362921,0.00192276,-0.00075541,0.02425385
59,0.05267074,0.00004649,0.00009084,0.00000214,0.00550214,0.00954159,0.00146269,6.18345356,6.98456240,5.38234472,0.93361062,0.00187107,-0.00076685,0.02516898
60,0.05266174,0.00004650,0.00009086,0.00000214,0.00550207,0.00954288,0.00146127,6.16431713,6.97876024,5.34987402,0.93354636,0.00196607,-0.00083065,0.02603585
61,0.05264858,0.00004650,0.00009088,0.00000213,0.00550178,0.00954375,0.00145981,6.14496422,6.97578096,5.31414795,0.93341923,0.00210489,-0.00082169,0.02683604
62,0.05263258,0.00004650,0.00009088,0.00000213,0.00550115,0.00954397,0.00145833,6.12906885,6.97220802,5.28592968,0.93322736,0.00221396,-0.00072864,0.02756636
63,0.05261222,0.00004650,0.00009087,0.00000212,0.00550002,0.00954365,0.00145639,6.11455536,6.96893740,5.26017284,0.93297571,0.00228334,-0.00068461,0.02823240
64,0.05259257,0.00004649,0.00009087,0.00000212,0.00549897,0.00954329,0.00145465,6.10084343,6.96509361,5.23659277,0.93268442,0.00234285,-0.00064409,0.02885603
65,0.05257709,0.00004649,0.00009087,0.00000211,0.00549814,0.00954320,0.00145308,6.08855438,6.95768738,5.21942139,0.93238276,0.00232242,-0.00070865,0.02946854
66,0.05256269,0.00004649,0.00009087,0.00000211,0.00549764,0.00954334,0.00145194,6.07448530,6.94462490,5.20434570,0.93209851,0.00220047,-0.00080343,0.03010013
67,0.05255185,0.00004649,0.00009088,0.00000210,0.00549726,0.00954377,0.00145076,6.06127930,6.93143749,5.19112158,0.93184960,0.00205731,-0.00098259,0.03077029
68,0.05253903,0.00004649,0.00009089,0.00000210,0.00549677,0.00954429,0.00144924,6.04572487,6.92226028,5.16918945,0.93164974,0.00204823,-0.00108099,0.03149189
69,0.05252348,0.00004649,0.00009089,0.00000210,0.00549605,0.00954459,0.00144751,6.02981424,6.92087507,5.13875341,0.93149853,0.00215733,-0.00102461,0.03226370
70,0.05250401,0.00004649,0.00009090,0.00000209,0.00549529,0.00954486,0.00144572,6.01037455,6.91914558,5.10160351,0.93138623,0.00234429,-0.00085622,0.03307537
71,0.05248969,0.00004650,0.00009091,0.00000208,0.00549460,0.00954532,0.00144387,5.99430084,6.91818762,5.07041454,0.93129349,0.00246669,-0.00079874,0.03390622
72,0.05247618,0.00004650,0.00009092,0.00000208,0.00549401,0.00954600,0.00144202,5.97705841,6.90992689,5.04418945,0.93120074,0.00249595,-0.00090433,0.03473563
73,0.05246303,0.00004650,0.00009093,0.00000207,0.00549350,0.00954679,0.00144022,5.95898628,6.89597893,5.02199316,0.93109143,0.00245410,-0.00107741,0.03554624
74,0.05245260,0.00004651,0.00009094,0.00000207,0.00549305,0.00954724,0.00143886,5.94616795,6.89026022,5.00207520,0.93094969,0.00241302,-0.00107848,0.03632047
75,0.05243955,0.00004651,0.00009095,0.00000207,0.00549259,0.00954750,0.00143768,5.93240452,6.88460398,4.98020458,0.93076867,0.00241639,-0.00098302,0.03704967
76,0.05242410,0.00004651,0.00009095,0.00000206,0.00549195,0.00954753,0.00143638,5.91850281,6.88280201,4.95420361,0.93055332,0.00249126,-0.00086713,0.03773814
77,0.05240954,0.00004650,0.00009095,0.00000206,0.00549132,0.00954752,0.00143512,5.90585375,6.87982273,4.93188477,0.93031728,0.00255910,-0.00075186,0.03840159
78,0.05239750,0.00004650,0.00009095,0.00000206,0.00549075,0.00954776,0.00143373,5.89354038,6.87592697,4.91115332,0.93007797,0.00260428,-0.00075176,0.03905873
79,0.05238468,0.00004651,0.00009096,0.00000205,0.00549020,0.00954809,0.00143230,5.87963247,6.87012482,4.88914013,0.92984897,0.00262428,-0.00082860,0.03972297
80,0.05237334,0.00004651,0.00009097,0.00000205,0.00548964,0.00954854,0.00143074,5.86628342,6.85862494,4.87394238,0.92964387,0.00257010,-0.00100611,0.04040949
81,0.05236007,0.00004651,0.00009097,0.00000204,0.00548909,0.00954888,0.00142930,5.85180616,6.84545803,4.85815430,0.92946762,0.00247994,-0.00113357,0.04112355
82,0.05234990,0.00004651,0.00009098,0.00000204,0.00548852,0.00954929,0.00142775,5.83992672,6.83956242,4.84029150,0.92932087,0.00249128,-0.00116757,0.04186554
83,0.05233448,0.00004651,0.00009099,0.00000203,0.00548788,0.00954957,0.00142619,5.82413244,6.83464575,4.81361914,0.92919481,0.00256424,-0.00111500,0.04262478
84,0.05232412,0.00004651,0.00009100,0.00000203,0.00548750,0.00955002,0.00142498,5.81119490,6.83698940,4.78540039,0.92907858,0.00267972,-0.00094038,0.04338899
85,0.05231353,0.00004651,0.00009100,0.00000203,0.00548720,0.00955030,0.00142410,5.79920053,6.83820820,4.76019287,0.92895252,0.00270536,-0.00069246,0.04413868
86,0.05230207,0.00004652,0.00009101,0.00000203,0.00548684,0.00955062,0.00142307,5.78617477,6.83514595,4.73720312,0.92880660,0.00272052,-0.00057016,0.04486370
87,0.05229208,0.00004652,0.00009101,0.00000202,0.00548634,0.00955092,0.00142176,5.77518177,6.82854176,4.72182226,0.92863852,0.00269896,-0.00056566,0.04556099
88,0.05227980,0.00004652,0.00009102,0.00000202,0.00548583,0.00955121,0.00142046,5.76201391,6.81858349,4.70544434,0.92845076,0.00266476,-0.00060181,0.04623212
89,0.05226892,0.00004652,0.00009102,0.00000201,0.00548528,0.00955140,0.00141917,5.75114632,6.81092691,4.69136572,0.92825007,0.00261053,-0.00064406,0.04688429
90,0.05226132,0.00004652,0.00009103,0.00000201,0.00548481,0.00955174,0.00141787,5.74213457,6.80362511,4.68064404,0.92804700,0.00254664,-0.00074677,0.04753003
91,0.05224877,0.00004652,0.00009103,0.00000201,0.00548434,0.00955200,0.00141668,5.72875929,6.79119778,4.66632080,0.92785424,0.00247257,-0.00081267,0.04818086
92,0.05224172,0.00004652,0.00009104,0.00000200,0.00548394,0.00955231,0.00141556,5.72038841,6.78822899,4.65254736,0.92767620,0.00245110,-0.00077384,0.04884047
93,0.05223085,0.00004652,0.00009104,0.00000200,0.00548361,0.00955256,0.00141466,5.70839405,6.78814554,4.62864208,0.92751479,0.00249599,-0.00062970,0.04951117
94,0.05221963,0.00004652,0.00009105,0.00000200,0.00548324,0.00955285,0.00141363,5.69587803,6.79176044,4.59999609,0.92736912,0.00264398,-0.00041799,0.05019290
95,0.05220881,0.00004653,0.00009106,0.00000200,0.00548291,0.00955319,0.00141263,5.68322802,6.79473972,4.57171631,0.92723626,0.00279458,-0.00017986,0.05088485
96,0.05219907,0.00004653,0.00009106,0.00000199,0.00548261,0.00955358,0.00141164,5.67118692,6.79501057,4.54736328,0.92710632,0.00291425,-0.00001726,0.05157821
97,0.05219105,0.00004653,0.00009107,0.00000199,0.00548226,0.00955406,0.00141046,5.66027451,6.79436445,4.52618408,0.92697287,0.00302811,0.00005166,0.05226769
98,0.05218270,0.00004653,0.00009108,0.00000199,0.00548177,0.00955447,0.00140906,5.64996767,6.79029179,4.50964355,0.92682952,0.00304473,-0.00000654,0.05294556
99,0.05217183,0.00004653,0.00009109,0.00000198,0.00548122,0.00955493,0.00140752,5.63697052,6.77623940,4.49770117,0.92667365,0.00296886,-0.00019599,0.05360848
100,0.05216047,0.00004654,0.00009109,0.00000198,0.00548077,0.00955521,0.00140634,5.62459469,6.76920843,4.47998047,0.92650610,0.00297158,-0.00019353,0.05425553
101,0.05215373,0.00004654,0.00009110,0.00000198,0.00548057,0.00955541,0.00140574,5.61680794,6.76926041,4.46435547,0.92633110,0.00296442,0.00002928,0.05489010
102,0.05214694,0.00004654,0.00009110,0.00000197,0.00548040,0.00955558,0.00140522,5.60906029,6.76871872,4.44940186,0.92615116,0.00292970,0.00024513,0.05551594
103,0.05213608,0.00004654,0.00009111,0.00000197,0.00547999,0.00955584,0.00140414,5.59730530,6.76042700,4.43418407,0.92597044,0.00291732,0.00024339,0.05613835
104,0.05212549,0.00004654,0.00009111,0.00000197,0.00547934,0.00955622,0.00140247,5.58547306,6.75244808,4.41849804,0.92579454,0.00297368,0.00004579,0.05676245
105,0.05211860,0.00004654,0.00009112,0.00000196,0.00547877,0.00955668,0.00140085,5.57641983,6.74382305,4.40901709,0.92562801,0.00294898,-0.00016918,0.05739375
106,0.05211116,0.00004654,0.00009113,0.00000196,0.00547839,0.00955699,0.00139979,5.56750774,6.73547888,4.39953613,0.92547554,0.00285128,-0.00021345,0.05803834
107,0.05209964,0.00004654,0.00009113,0.00000196,0.00547809,0.00955722,0.00139895,5.55495691,6.72567701,4.38423681,0.92533618,0.00277207,-0.00008646,0.05869501
108,0.05209323,0.00004655,0.00009114,0.00000196,0.00547791,0.00955743,0.00139839,5.54735899,6.72533321,4.36938477,0.92520291,0.00274787,0.00011332,0.05935634
109,0.05208435,0.00004655,0.00009115,0.00000195,0.00547757,0.00955791,0.00139723,5.53554726,6.71867704,4.35241699,0.92506754,0.00274577,0.00009770,0.06001206
110,0.05207419,0.00004655,0.00009115,0.00000195,0.00547702,0.00955832,0.00139572,5.52362871,6.71075010,4.33650732,0.92492533,0.00279405,-0.00002350,0.06065654
111,0.05206614,0.00004655,0.00009116,0.00000194,0.00547628,0.00955886,0.00139371,5.51322556,6.70538521,4.32106543,0.92477423,0.00292255,-0.00031288,0.06128831
112,0.05205928,0.00004655,0.00009117,0.00000194,0.00547587,0.00955920,0.00139254,5.50468731,6.70511436,4.30426025,0.92461884,0.00300767,-0.00030546,0.06191158
113,0.05205024,0.00004656,0.00009117,0.00000194,0.00547584,0.00955945,0.00139223,5.49376488,6.70664597,4.28088379,0.92446190,0.00306431,0.00001101,0.06252947
114,0.05204195,0.00004656,0.00009118,0.00000194,0.00547577,0.00955961,0.00139193,5.48432255,6.70210409,4.26654053,0.92430347,0.00298679,0.00027136,0.06314223
115,0.05203753,0.00004656,0.00009118,0.00000193,0.00547545,0.00955987,0.00139102,5.47870731,6.69644785,4.26096630,0.92414546,0.00287134,0.00023614,0.06375084
116,0.05202997,0.00004656,0.00009119,0.00000193,0.00547485,0.00956035,0.00138935,5.46892929,6.68761444,4.25024414,0.92398858,0.00288701,-0.00002360,0.06435625
117,0.05202160,0.00004656,0.00009120,0.00000193,0.00547420,0.00956082,0.00138757,5.45851135,6.68187475,4.23514843,0.92383969,0.00304649,-0.00023924,0.06496515
118,0.05201286,0.00004656,0.00009121,0.00000192,0.00547375,0.00956121,0.00138628,5.44786739,6.67848969,4.21724463,0.92369831,0.00310978,-0.00030080,0.06557844
119,0.05200695,0.00004657,0.00009122,0.00000192,0.00547355,0.00956157,0.00138553,5.43960094,6.67711449,4.20208740,0.92356288,0.00315477,-0.00016680,0.06619348
120,0.05199953,0.00004657,0.00009122,0.00000192,0.00547342,0.00956182,0.00138502,5.43046856,6.67471886,4.18621826,0.92342949,0.00311655,0.00002234,0.06680759
121,0.05199273,0.00004657,0.00009123,0.00000192,0.00547319,0.00956213,0.00138425,5.42182541,6.66852093,4.17513037,0.92329544,0.00303550,0.00008707,0.06741745
122,0.05198643,0.00004657,0.00009123,0.00000191,0.00547284,0.00956248,0.00138321,5.41357613,6.66203117,4.16512060,0.92315698,0.00299636,0.00003284,0.06801680
123,0.05198083,0.00004657,0.00009124,0.00000191,0.00547242,0.00956287,0.00138197,5.40602398,6.65823936,4.15380859,0.92301393,0.00304028,-0.00005587,0.06860477
124,0.05197178,0.00004658,0.00009125,0.00000191,0.00547200,0.00956331,0.00138069,5.39454985,6.65392685,4.13517284,0.92286897,0.00316755,-0.00010627,0.06918442
125,0.05196717,0.00004658,0.00009125,0.00000190,0.00547176,0.00956363,0.00137989,5.38798618,6.65760422,4.11836767,0.92272496,0.00331669,0.00000334,0.06975848
126,0.05196125,0.00004658,0.00009126,0.00000190,0.00547158,0.00956395,0.00137920,5.37995958,6.65888548,4.10103369,0.92257780,0.00340700,0.00011909,0.07032349
127,0.05195527,0.00004658,0.00009127,0.00000190,0.00547130,0.00956428,0.00137833,5.37206936,6.65396881,4.09016943,0.92243046,0.00339932,0.00012610,0.07088287
128,0.05194731,0.00004658,0.00009127,0.00000190,0.00547104,0.00956443,0.00137764,5.36358643,6.64628124,4.08089209,0.92228526,0.00327935,0.00014863,0.07143957
129,0.05194338,0.00004659,0.00009127,0.00000190,0.00547090,0.00956471,0.00137709,5.35781288,6.63837481,4.07725048,0.92214388,0.00307806,0.00016101,0.07199773
130,0.05193743,0.00004659,0.00009128,0.00000189,0.00547076,0.00956490,0.00137662,5.35064268,6.63331223,4.06797314,0.92200637,0.00297940,0.00027147,0.07255553
131,0.05193353,0.00004659,0.00009129,0.00000189,0.00547058,0.00956536,0.00137580,5.34351110,6.63542700,4.05159521,0.92187220,0.00309920,0.00034924,0.07311169
132,0.05192477,0.00004659,0.00009129,0.00000189,0.00547023,0.00956575,0.00137470,5.33251238,6.63263512,4.03238964,0.92174363,0.00323940,0.00034697,0.07366852
133,0.05191951,0.00004659,0.00009130,0.00000189,0.00546974,0.00956617,0.00137331,5.32522392,6.63136435,4.01908398,0.92161787,0.00338917,0.00024737,0.07422444
134,0.05191637,0.00004660,0.00009131,0.00000188,0.00546929,0.00956652,0.00137206,5.32041073,6.63249969,4.00832129,0.92149413,0.00348357,0.00014745,0.07478013
135,0.05190928,0.00004660,0.00009132,0.00000188,0.00546909,0.00956689,0.00137130,5.31085396,6.62561464,3.99609375,0.92137176,0.00346828,0.00019654,0.07533273
136,0.05190393,0.00004660,0.00009132,0.00000188,0.00546909,0.00956713,0.00137105,5.30358076,6.61953115,3.98763037,0.92124820,0.00329213,0.00035170,0.07587996
137,0.05189846,0.00004660,0.00009133,0.00000188,0.00546921,0.00956740,0.00137102,5.29561424,6.61594772,3.97528076,0.92111790,0.00321630,0.00059503,0.07641419
138,0.05189300,0.00004660,0.00009133,0.00000188,0.00546911,0.00956769,0.00137053,5.28805637,6.61118746,3.96492529,0.92097980,0.00320600,0.00072273,0.07693645
139,0.05188813,0.00004661,0.00009134,0.00000188,0.00546880,0.00956800,0.00136960,5.28148651,6.61218739,3.95078540,0.92084020,0.00330281,0.00071714,0.07745283
140,0.05188366,0.00004661,0.00009135,0.00000187,0.00546848,0.00956840,0.00136856,5.27463675,6.61102057,3.93825293,0.92070258,0.00343361,0.00067764,0.07796719
141,0.05187927,0.00004661,0.00009135,0.00000187,0.00546813,0.00956867,0.00136759,5.26901388,6.60862494,3.92940283,0.92055911,0.00346026,0.00060211,0.07847159
142,0.05187488,0.00004661,0.00009135,0.00000187,0.00546772,0.00956889,0.00136656,5.26390934,6.60447931,3.92333984,0.92041701,0.00341174,0.00045125,0.07897393
143,0.05186963,0.00004661,0.00009136,0.00000186,0.00546737,0.00956920,0.00136555,5.25713921,6.59490633,3.91937256,0.92028409,0.00331746,0.00030738,0.07948314
144,0.05186401,0.00004661,0.00009137,0.00000186,0.00546719,0.00956949,0.00136489,5.24957085,6.58839560,3.91074634,0.92016280,0.00328455,0.00033655,0.08000009
145,0.05186079,0.00004662,0.00009137,0.00000186,0.00546700,0.00956978,0.00136422,5.24449539,6.58754158,3.90144873,0.92005014,0.00328174,0.00040406,0.08052231
146,0.05185596,0.00004662,0.00009138,0.00000186,0.00546695,0.00957018,0.00136371,5.23655939,6.58613539,3.88698339,0.91994148,0.00334281,0.00056337,0.08104456
147,0.05185079,0.00004662,0.00009139,0.00000186,0.00546670,0.00957055,0.00136286,5.22907972,6.58545828,3.87270117,0.91983098,0.00342670,0.00059421,0.08155914
148,0.05184951,0.00004662,0.00009139,0.00000185,0.00546627,0.00957089,0.00136166,5.22622204,6.58596849,3.86647558,0.91971689,0.00348806,0.00047758,0.08206527
149,0.05184509,0.00004662,0.00009140,0.00000185,0.00546598,0.00957118,0.00136077,5.22017336,6.57848930,3.86185718,0.91959703,0.00339993,0.00037389,0.08256206
150,0.05184232,0.00004663,0.00009140,0.00000185,0.00546583,0.00957147,0.00136018,5.21546841,6.57585430,3.85508227,0.91947299,0.00338472,0.00040728,0.08304837
151,0.05183410,0.00004663,0.00009141,0.00000185,0.00546575,0.00957171,0.00135978,5.20546341,6.57191658,3.83900976,0.91934735,0.00343733,0.00056475,0.08352534
152,0.05183234,0.00004663,0.00009141,0.00000185,0.00546549,0.00957202,0.00135896,5.20188713,6.57318735,3.83058691,0.91922110,0.00351899,0.00053007,0.08399522
153,0.05182898,0.00004663,0.00009142,0.00000184,0.00546532,0.00957238,0.00135826,5.19606590,6.57124996,3.82088232,0.91909462,0.00355348,0.00055263,0.08445853
154,0.05182410,0.00004663,0.00009142,0.00000184,0.00546520,0.00957253,0.00135786,5.19025373,6.56353140,3.81697607,0.91897219,0.00342947,0.00058366,0.08492049
155,0.05181932,0.00004664,0.00009143,0.00000184,0.00546511,0.00957282,0.00135740,5.18342590,6.55903101,3.80782080,0.91885495,0.00340149,0.00065006,0.08538169
156,0.05181563,0.00004664,0.00009144,0.00000184,0.00546473,0.00957316,0.00135631,5.17796326,6.55905199,3.79687500,0.91874504,0.00352865,0.00055069,0.08584518
157,0.05181422,0.00004664,0.00009144,0.00000184,0.00546430,0.00957352,0.00135509,5.17473745,6.56024981,3.78922534,0.91864258,0.00362979,0.00040699,0.08631237
158,0.05180969,0.00004664,0.00009145,0.00000183,0.00546411,0.00957371,0.00135450,5.16916943,6.55818748,3.78015137,0.91854417,0.00361650,0.00049163,0.08677865
159,0.05180731,0.00004664,0.00009145,0.00000183,0.00546418,0.00957410,0.00135425,5.16344595,6.55198956,3.77490234,0.91844696,0.00351573,0.00061796,0.08724000
160,0.05180316,0.00004665,0.00009146,0.00000183,0.00546403,0.00957435,0.00135371,5.15760422,6.54697895,3.76822925,0.91834557,0.00346203,0.00063371,0.08769273
161,0.05179992,0.00004665,0.00009147,0.00000183,0.00546377,0.00957470,0.00135284,5.15223455,6.54362488,3.76084399,0.91823643,0.00350598,0.00056328,0.08813244
162,0.05179953,0.00004665,0.00009147,0.00000183,0.00546351,0.00957494,0.00135208,5.15057182,6.54843760,3.75270605,0.91812205,0.00359645,0.00055375,0.08855963
163,0.05179229,0.00004665,0.00009148,0.00000183,0.00546341,0.00957522,0.00135161,5.14131880,6.54097891,3.74165869,0.91800731,0.00363497,0.00060236,0.08898080
164,0.05179004,0.00004665,0.00009148,0.00000183,0.00546340,0.00957542,0.00135138,5.13751268,6.54085398,3.73417163,0.91789800,0.00355574,0.00071312,0.08940427
165,0.05178806,0.00004666,0.00009148,0.00000183,0.00546344,0.00957570,0.00135118,5.13306046,6.53636456,3.72975683,0.91779274,0.00343236,0.00080876,0.08982915
166,0.05178616,0.00004666,0.00009149,0.00000182,0.00546320,0.00957598,0.00135042,5.12960815,6.53472900,3.72448730,0.91768962,0.00344052,0.00076003,0.09025198
167,0.05178110,0.00004666,0.00009149,0.00000182,0.00546281,0.00957622,0.00134940,5.12360144,6.53213549,3.71506763,0.91759038,0.00355484,0.00066027,0.09067390
168,0.05177918,0.00004666,0.00009150,0.00000182,0.00546274,0.00957656,0.00134892,5.11906433,6.53431225,3.70381689,0.91749746,0.00363703,0.00076706,0.09109785
169,0.05177609,0.00004666,0.00009151,0.00000182,0.00546259,0.00957684,0.00134833,5.11407566,6.53306246,3.69508886,0.91740662,0.00364327,0.00080274,0.09151905
170,0.05177458,0.00004666,0.00009151,0.00000182,0.00546242,0.00957713,0.00134770,5.11068964,6.52928114,3.69209814,0.91731602,0.00360929,0.00078760,0.09193473
171,0.05177196,0.00004667,0.00009152,0.00000181,0.00546219,0.00957735,0.00134704,5.10684586,6.52330208,3.69038916,0.91722256,0.00351935,0.00071256,0.09234221
172,0.05176832,0.00004667,0.00009152,0.00000181,0.00546203,0.00957756,0.00134649,5.10193777,6.51206255,3.69181323,0.91712523,0.00335739,0.00061903,0.09274027
173,0.05176774,0.00004667,0.00009153,0.00000181,0.00546167,0.00957785,0.00134549,5.09999847,6.50977087,3.69022632,0.91702569,0.00334177,0.00043187,0.09313241
174,0.05176630,0.00004667,0.00009153,0.00000181,0.00546163,0.00957810,0.00134516,5.09656239,6.51036453,3.68275976,0.91692454,0.00337080,0.00051612,0.09351868
175,0.05176184,0.00004667,0.00009154,0.00000181,0.00546161,0.00957839,0.00134484,5.08980703,6.51292706,3.66668701,0.91682613,0.00352335,0.00069368,0.09390366
176,0.05175969,0.00004667,0.00009154,0.00000181,0.00546156,0.00957862,0.00134451,5.08589697,6.51650000,3.65529394,0.91672909,0.00364007,0.00081458,0.09428602
177,0.05175834,0.00004668,0.00009155,0.00000181,0.00546159,0.00957889,0.00134428,5.08222866,6.51683331,3.64762378,0.91663486,0.00365702,0.00092669,0.09466832
178,0.05175596,0.00004668,0.00009155,0.00000181,0.00546157,0.00957915,0.00134399,5.07779503,6.51305199,3.64253759,0.91654485,0.00362032,0.00101136,0.09505001
179,0.05175465,0.00004668,0.00009155,0.00000180,0.00546124,0.00957938,0.00134310,5.07546425,6.50993729,3.64099121,0.91645563,0.00359232,0.00088445,0.09542643
180,0.05175116,0.00004668,0.00009156,0.00000180,0.00546069,0.00957963,0.00134175,5.07144117,6.50604153,3.63684082,0.91636801,0.00364625,0.00060516,0.09579924
181,0.05174864,0.00004668,0.00009156,0.00000180,0.00546032,0.00957986,0.00134078,5.06803656,6.50195837,3.63411474,0.91628242,0.00367705,0.00044694,0.09616996
182,0.05174636,0.00004668,0.00009157,0.00000180,0.00546045,0.00958009,0.00134081,5.06345415,6.50241661,3.62449145,0.91619986,0.00367641,0.00067930,0.09653836
183,0.05174603,0.00004669,0.00009157,0.00000180,0.00546061,0.00958039,0.00134084,5.06029749,6.50043726,3.62015796,0.91611606,0.00359576,0.00083301,0.09690091
184,0.05174161,0.00004669,0.00009158,0.00000180,0.00546036,0.00958054,0.00134017,5.05528784,6.49351025,3.61706543,0.91602927,0.00354181,0.00073934,0.09725457
185,0.05174202,0.00004669,0.00009158,0.00000179,0.00546000,0.00958082,0.00133918,5.05434799,6.48969793,3.61899829,0.91593903,0.00344231,0.00048156,0.09760005
186,0.05173863,0.00004669,0.00009159,0.00000179,0.00546001,0.00958100,0.00133902,5.04950237,6.48199987,3.61700439,0.91585267,0.00330749,0.00053100,0.09794390
187,0.05173783,0.00004669,0.00009159,0.00000179,0.00546037,0.00958125,0.00133949,5.04569054,6.48442698,3.60695410,0.91576970,0.00333154,0.00086876,0.09828398
188,0.05173656,0.00004669,0.00009159,0.00000179,0.00546019,0.00958147,0.00133892,5.04308891,6.48896885,3.59720874,0.91568702,0.00350769,0.00093507,0.09861857
189,0.05173424,0.00004669,0.00009160,0.00000179,0.00545974,0.00958169,0.00133779,5.04019451,6.48722887,3.59316015,0.91560471,0.00358829,0.00072422,0.09894835
190,0.05173317,0.00004670,0.00009160,0.00000179,0.00545937,0.00958194,0.00133681,5.03803587,6.48183346,3.59423828,0.91552466,0.00351554,0.00048203,0.09927502
191,0.05173286,0.00004670,0.00009161,0.00000179,0.00545939,0.00958214,0.00133663,5.03607130,6.47782278,3.59431982,0.91545022,0.00337838,0.00050708,0.09960114
192,0.05172982,0.00004670,0.00009161,0.00000179,0.00545964,0.00958232,0.00133695,5.03083658,6.47469807,3.58697510,0.91537893,0.00330253,0.00074526,0.09992483
193,0.05172827,0.00004670,0.00009162,0.00000179,0.00545956,0.00958264,0.00133648,5.02690649,6.47698975,3.57682300,0.91530424,0.00349343,0.00085627,0.10023800
194,0.05172649,0.00004670,0.00009162,0.00000178,0.00545922,0.00958275,0.00133568,5.02509308,6.47810411,3.57208252,0.91522652,0.00361371,0.00074956,0.10054299
195,0.05172698,0.00004670,0.00009162,0.00000178,0.00545909,0.00958299,0.00133518,5.02396679,6.47530222,3.57263184,0.91515023,0.00349926,0.00067214,0.10084420
196,0.05172554,0.00004670,0.00009163,0.00000178,0.00545905,0.00958318,0.00133492,5.02111912,6.46928120,3.57295752,0.91507572,0.00333240,0.00061141,0.10114148
197,0.05172351,0.00004671,0.00009163,0.00000178,0.00545882,0.00958335,0.00133428,5.01825428,6.46827078,3.56823730,0.91500241,0.00340280,0.00056119,0.10143438
198,0.05172184,0.00004671,0.00009163,0.00000178,0.00545858,0.00958358,0.00133358,5.01538467,6.47038555,3.56038427,0.91493052,0.00357426,0.00053688,0.10172338
199,0.05172263,0.00004671,0.00009164,0.00000178,0.00545837,0.00958381,0.00133294,5.01485157,6.47261429,3.55708838,0.91486132,0.00367178,0.00047919,0.10200985
200,0.05172088,0.00004671,0.00009164,0.00000178,0.00545848,0.00958396,0.00133299,5.01153326,6.46854162,3.55452490,0.91479737,0.00354429,0.00057308,0.10229907
201,0.05172193,0.00004671,0.00009165,0.00000178,0.00545867,0.00958420,0.00133315,5.01012325,6.46409369,3.55615234,0.91473365,0.00330831,0.00068009,0.10258292
202,0.05171963,0.00004671,0.00009165,0.00000178,0.00545870,0.00958436,0.00133304,5.00647449,6.46393728,3.54901123,0.91466880,0.00339269,0.00081537,0.10285883
203,0.05171817,0.00004672,0.00009165,0.00000178,0.00545852,0.00958465,0.00133240,5.00310326,6.47013521,3.53607178,0.91460365,0.00366908,0.00085540,0.10312944
204,0.05171812,0.00004672,0.00009166,0.00000177,0.00545853,0.00958484,0.00133221,5.00143623,6.47324991,3.52962255,0.91453916,0.00377931,0.00096192,0.10339909
205,0.05171606,0.00004672,0.00009166,0.00000178,0.00545868,0.00958503,0.00133234,4.99743223,6.46924973,3.52561450,0.91447383,0.00367611,0.00110017,0.10366736
206,0.05171572,0.00004672,0.00009167,0.00000177,0.00545860,0.00958520,0.00133200,4.99589872,6.46382284,3.52797461,0.91440690,0.00347361,0.00097405,0.10393146
207,0.05171348,0.00004672,0.00009167,0.00000177,0.00545809,0.00958533,0.00133086,4.99394798,6.45924997,3.52864599,0.91434312,0.00349995,0.00070656,0.10419541
208,0.05171302,0.00004672,0.00009167,0.00000177,0.00545775,0.00958555,0.00132995,4.99260235,6.45812511,3.52707934,0.91428214,0.00355635,0.00052944,0.10445683
209,0.05171058,0.00004672,0.00009167,0.00000177,0.00545756,0.00958563,0.00132949,4.98993874,6.45786428,3.52201343,0.91421974,0.00359376,0.00051604,0.10471204
210,0.05170916,0.00004672,0.00009168,0.00000177,0.00545775,0.00958583,0.00132968,4.98643112,6.45760393,3.51525879,0.91415906,0.00361302,0.00072700,0.10496338
211,0.05170891,0.00004673,0.00009168,0.00000177,0.00545826,0.00958612,0.00133040,4.98244524,6.45945835,3.50543213,0.91409719,0.00365656,0.00110528,0.10521147
212,0.05170697,0.00004673,0.00009169,0.00000177,0.00545827,0.00958629,0.00133026,4.97906160,6.45891666,3.49920654,0.91403764,0.00368245,0.00117816,0.10546061
213,0.05170736,0.00004673,0.00009169,0.00000177,0.00545796,0.00958648,0.00132944,4.97874641,6.45673943,3.50075293,0.91397971,0.00365502,0.00099246,0.10570905
214,0.05170708,0.00004673,0.00009169,0.00000176,0.00545752,0.00958655,0.00132850,4.97903156,6.45808315,3.49997973,0.91392398,0.00369219,0.00080791,0.10595573
215,0.05170617,0.00004673,0.00009170,0.00000176,0.00545737,0.00958678,0.00132795,4.97667313,6.45477057,3.49857593,0.91386765,0.00369700,0.00072288,0.10619884
216,0.05170636,0.00004673,0.00009170,0.00000176,0.00545747,0.00958691,0.00132804,4.97552013,6.45270824,3.49833179,0.91380841,0.00361447,0.00083326,0.10643589
217,0.05170324,0.00004673,0.00009170,0.00000176,0.00545773,0.00958710,0.00132836,4.97013950,6.45057297,3.48970556,0.91375262,0.00358710,0.00103174,0.10667366
218,0.05170324,0.00004674,0.00009171,0.00000176,0.00545780,0.00958734,0.00132825,4.96796560,6.45173931,3.48419189,0.91369998,0.00364155,0.00113631,0.10691220
219,0.05170221,0.00004674,0.00009171,0.00000176,0.00545753,0.00958746,0.00132759,4.96664572,6.45237494,3.48091650,0.91364425,0.00370277,0.00103499,0.10714544
220,0.05170344,0.00004674,0.00009171,0.00000176,0.00545723,0.00958759,0.00132687,4.96758699,6.45155191,3.48362231,0.91358680,0.00367231,0.00087028,0.10737439
221,0.05170187,0.00004674,0.00009171,0.00000176,0.00545715,0.00958774,0.00132656,4.96499825,6.44940615,3.48059082,0.91353017,0.00366271,0.00086293,0.10760073
222,0.05170190,0.00004674,0.00009172,0.00000176,0.00545734,0.00958791,0.00132676,4.96313381,6.44868755,3.47757983,0.91347623,0.00360732,0.00101272,0.10782746
223,0.05170013,0.00004674,0.00009172,0.00000176,0.00545734,0.00958808,0.00132659,4.95999718,6.44623947,3.47375488,0.91342294,0.00359272,0.00102892,0.10805253
224,0.05170050,0.00004674,0.00009172,0.00000176,0.00545702,0.00958821,0.00132583,4.96018028,6.44453096,3.47583008,0.91336948,0.00358722,0.00087306,0.10827389
225,0.05169655,0.00004674,0.00009173,0.00000176,0.00545694,0.00958839,0.00132549,4.95497322,6.44288540,3.46706152,0.91331536,0.00366081,0.00088029,0.10849056
226,0.05169823,0.00004674,0.00009173,0.00000176,0.00545701,0.00958856,0.00132546,4.95506668,6.44608307,3.46405029,0.91326219,0.00368345,0.00096467,0.10870577
227,0.05169796,0.00004674,0.00009173,0.00000176,0.00545697,0.00958872,0.00132523,4.95356464,6.44637489,3.46075439,0.91320980,0.00371127,0.00100659,0.10891975
228,0.05169802,0.00004674,0.00009173,0.00000175,0.00545679,0.00958883,0.00132475,4.95316792,6.44464588,3.46169043,0.91315782,0.00369138,0.00091113,0.10913084
229,0.05169623,0.00004675,0.00009174,0.00000175,0.00545658,0.00958893,0.00132423,4.95111561,6.44222927,3.46000171,0.91310418,0.00368725,0.00082095,0.10933685
230,0.05169673,0.00004675,0.00009174,0.00000175,0.00545637,0.00958910,0.00132363,4.95074463,6.44140625,3.46008301,0.91304761,0.00370603,0.00067648,0.10953803
231,0.05169662,0.00004675,0.00009174,0.00000175,0.00545654,0.00958925,0.00132383,4.94897079,6.44369793,3.45424414,0.91299230,0.00377957,0.00086529,0.10974030
232,0.05169518,0.00004675,0.00009175,0.00000175,0.00545674,0.00958944,0.00132405,4.94544697,6.44505215,3.44584155,0.91293848,0.00381149,0.00104158,0.10994221
233,0.05169331,0.00004675,0.00009175,0.00000175,0.00545671,0.00958955,0.00132387,4.94279575,6.44019794,3.44539404,0.91288388,0.00371222,0.00100010,0.11014153
234,0.05169428,0.00004675,0.00009175,0.00000175,0.00545656,0.00958968,0.00132344,4.94303465,6.43497896,3.45109057,0.91283476,0.00353977,0.00085337,0.11034513
235,0.05169493,0.00004675,0.00009175,0.00000175,0.00545633,0.00958988,0.00132277,4.94267130,6.43174982,3.45359302,0.91279274,0.00351890,0.00071037,0.11055415
236,0.05169323,0.00004675,0.00009176,0.00000175,0.00545593,0.00958992,0.00132195,4.94168520,6.43697929,3.44639087,0.91275573,0.00376802,0.00066424,0.11076666
237,0.05169143,0.00004675,0.00009176,0.00000174,0.00545553,0.00959011,0.00132095,4.93940449,6.43813515,3.44067383,0.91271597,0.00401981,0.00053467,0.11097565
238,0.05169266,0.00004675,0.00009176,0.00000174,0.00545530,0.00959026,0.00132034,4.93999243,6.44055223,3.43943286,0.91266781,0.00419706,0.00046091,0.11117790
239,0.05169180,0.00004676,0.00009177,0.00000174,0.00545563,0.00959044,0.00132082,4.93675327,6.43673944,3.43676758,0.91261429,0.00393301,0.00061236,0.11137823
240,0.05169090,0.00004676,0.00009177,0.00000175,0.00545597,0.00959059,0.00132134,4.93375778,6.42763519,3.43988037,0.91255647,0.00355460,0.00070636,0.11157559
241,0.05169126,0.00004676,0.00009177,0.00000175,0.00545609,0.00959067,0.00132152,4.93314314,6.42683315,3.43945312,0.91250002,0.00343671,0.00078236,0.11177250
242,0.05168808,0.00004676,0.00009177,0.00000174,0.00545583,0.00959085,0.00132080,4.92914915,6.42974997,3.42854834,0.91244936,0.00375406,0.00077615,0.11197176
243,0.05168802,0.00004676,0.00009178,0.00000174,0.00545529,0.00959095,0.00131964,4.92972231,6.43484354,3.42460132,0.91240019,0.00412501,0.00059080,0.11217239
244,0.05168866,0.00004676,0.00009178,0.00000174,0.00545483,0.00959104,0.00131863,4.93083715,6.43273973,3.42893481,0.91235268,0.00417416,0.00033819,0.11237548
245,0.05168845,0.00004676,0.00009178,0.00000174,0.00545525,0.00959122,0.00131928,4.92803288,6.42867708,3.42738867,0.91230750,0.00382779,0.00052857,0.11258186
246,0.05168701,0.00004676,0.00009178,0.00000174,0.00545555,0.00959137,0.00131973,4.92450762,6.42301035,3.42600513,0.91225988,0.00359717,0.00067553,0.11278363
247,0.05168719,0.00004676,0.00009179,0.00000174,0.00545566,0.00959158,0.00131973,4.92270851,6.42441654,3.42100024,0.91221839,0.00361422,0.00081010,0.11299151
248,0.05168538,0.00004676,0.00009179,0.00000174,0.00545523,0.00959168,0.00131879,4.92121124,6.42602062,3.41640234,0.91217345,0.00382255,0.00067051,0.11319370
249,0.05168588,0.00004676,0.00009179,0.00000174,0.00545470,0.00959178,0.00131763,4.92231369,6.42631245,3.41831470,0.91212553,0.00403718,0.00039718,0.11339071
250,0.05168672,0.00004676,0.00009179,0.00000173,0.00545449,0.00959195,0.00131703,4.92230272,6.42321873,3.42138672,0.91207123,0.00403102,0.00023833,0.11358076
251,0.05168341,0.00004677,0.00009180,0.00000174,0.00545501,0.00959204,0.00131798,4.91688633,6.42109346,3.41267920,0.91201162,0.00381877,0.00057176,0.11376344
252,0.05168322,0.00004677,0.00009180,0.00000174,0.00545559,0.00959223,0.00131895,4.91359377,6.42311430,3.40407324,0.91195655,0.00375650,0.00094559,0.11394760
253,0.05168378,0.00004677,0.00009180,0.00000174,0.00545548,0.00959235,0.00131861,4.91343212,6.42494774,3.40191650,0.91190743,0.00378809,0.00092521,0.11413618
254,0.05168187,0.00004677,0.00009180,0.00000174,0.00545501,0.00959250,0.00131752,4.91156197,6.42029142,3.40283203,0.91186440,0.00388295,0.00065022,0.11432800
255,0.05168226,0.00004677,0.00009181,0.00000173,0.00545454,0.00959260,0.00131649,4.91233826,6.41970825,3.40496826,0.91182607,0.00398949,0.00042700,0.11452274
256,0.05168288,0.00004677,0.00009181,0.00000173,0.00545442,0.00959279,0.00131606,4.91174030,6.41857290,3.40490723,0.91179192,0.00398555,0.00038010,0.11471892
257,0.05168168,0.00004677,0.00009181,0.00000173,0.00545461,0.00959290,0.00131631,4.90907907,6.41719770,3.40096045,0.91175550,0.00385137,0.00053704,0.11491013
258,0.05168096,0.00004677,0.00009182,0.00000173,0.00545489,0.00959305,0.00131672,4.90639973,6.41379166,3.39900732,0.91171509,0.00366342,0.00067004,0.11509490
259,0.05168025,0.00004678,0.00009182,0.00000173,0.00545481,0.00959319,0.00131644,4.90476704,6.41209364,3.39744067,0.91167289,0.00362333,0.00067637,0.11527494
260,0.05167856,0.00004678,0.00009182,0.00000173,0.00545448,0.00959326,0.00131570,4.90332794,6.41255188,3.39410400,0.91162789,0.00380366,0.00054144,0.11544912
261,0.05168134,0.00004678,0.00009182,0.00000173,0.00545433,0.00959343,0.00131523,4.90515137,6.41925001,3.39105225,0.91157979,0.00406098,0.00053857,0.11561674
262,0.05168004,0.00004678,0.00009182,0.00000173,0.00545425,0.00959350,0.00131499,4.90346909,6.41891670,3.38802099,0.91152507,0.00412601,0.00050201,0.11577354
263,0.05167793,0.00004678,0.00009183,0.00000173,0.00545439,0.00959357,0.00131520,4.90042305,6.41638517,3.38446045,0.91147292,0.00399876,0.00056788,0.11592902
264,0.05168004,0.00004678,0.00009183,0.00000173,0.00545474,0.00959377,0.00131572,4.90000772,6.41221857,3.38779712,0.91142899,0.00369057,0.00068959,0.11609165
265,0.05167912,0.00004678,0.00009183,0.00000173,0.00545479,0.00959392,0.00131567,4.89768934,6.40967703,3.38570166,0.91139615,0.00365445,0.00074522,0.11626632
266,0.05167833,0.00004678,0.00009183,0.00000173,0.00545427,0.00959406,0.00131447,4.89707756,6.41083336,3.38332129,0.91137141,0.00390409,0.00055680,0.11644868
267,0.05167658,0.00004678,0.00009184,0.00000173,0.00545413,0.00959415,0.00131410,4.89495802,6.41273928,3.37717700,0.91134638,0.00406120,0.00059296,0.11662748
268,0.05167797,0.00004678,0.00009184,0.00000173,0.00545458,0.00959440,0.00131476,4.89314365,6.41932297,3.36696386,0.91131330,0.00410674,0.00094144,0.11679482
269,0.05167586,0.00004678,0.00009184,0.00000173,0.00545446,0.00959440,0.00131452,4.89132023,6.41563559,3.36700439,0.91126853,0.00401199,0.00086931,0.11695077
270,0.05167571,0.00004678,0.00009184,0.00000173,0.00545406,0.00959446,0.00131365,4.89172554,6.40942717,3.37402344,0.91121656,0.00389644,0.00054089,0.11709889
271,0.05167790,0.00004679,0.00009185,0.00000173,0.00545427,0.00959462,0.00131392,4.89202785,6.40484381,3.37921143,0.91116756,0.00364498,0.00055180,0.11724667
272,0.05167641,0.00004679,0.00009185,0.00000173,0.00545464,0.00959476,0.00131452,4.88846636,6.40347910,3.37345386,0.91113073,0.00352027,0.00078945,0.11740497
273,0.05167599,0.00004679,0.00009185,0.00000173,0.00545434,0.00959484,0.00131383,4.88813114,6.40657282,3.36968994,0.91109812,0.00372640,0.00071759,0.11756463
274,0.05167478,0.00004679,0.00009185,0.00000172,0.00545396,0.00959497,0.00131294,4.88687277,6.41158342,3.36216235,0.91106695,0.00411810,0.00066142,0.11772241
275,0.05167552,0.00004679,0.00009186,0.00000172,0.00545420,0.00959513,0.00131327,4.88567162,6.41886473,3.35247803,0.91103029,0.00438959,0.00090419,0.11786985
276,0.05167476,0.00004679,0.00009186,0.00000172,0.00545386,0.00959518,0.00131253,4.88539076,6.41879177,3.35198975,0.91099077,0.00449174,0.00073058,0.11801491
277,0.05167591,0.00004679,0.00009186,0.00000172,0.00545347,0.00959522,0.00131173,4.88719702,6.41233349,3.36206055,0.91095269,0.00438347,0.00048174,0.11816116
278,0.05167396,0.00004679,0.00009186,0.00000172,0.00545387,0.00959532,0.00131242,4.88337231,6.41058350,3.35616064,0.91091317,0.00409022,0.00069003,0.11830445
279,0.05167650,0.00004680,0.00009186,0.00000173,0.00545486,0.00959557,0.00131415,4.88131666,6.40968752,3.35294604,0.91087395,0.00369862,0.00119869,0.11844517
280,0.05167556,0.00004680,0.00009187,0.00000173,0.00545462,0.00959565,0.00131359,4.88029146,6.40639591,3.35418701,0.91083860,0.00367859,0.00104291,0.11858862
281,0.05167382,0.00004679,0.00009186,0.00000172,0.00545347,0.00959563,0.00131131,4.88173056,6.40288544,3.36057544,0.91080737,0.00402856,0.00041870,0.11873522
282,0.05167502,0.00004679,0.00009187,0.00000172,0.00545313,0.00959571,0.00131054,4.88317633,6.40604162,3.36031103,0.91078049,0.00424784,0.00030006,0.11888064
283,0.05167454,0.00004680,0.00009187,0.00000172,0.00545359,0.00959597,0.00131121,4.87933350,6.41404152,3.34462500,0.91075271,0.00441078,0.00069658,0.11902236
284,0.05167686,0.00004680,0.00009187,0.00000172,0.00545425,0.00959614,0.00131236,4.87850809,6.42392683,3.33308935,0.91072178,0.00448517,0.00121839,0.11916054
285,0.05167287,0.00004680,0.00009187,0.00000172,0.00545394,0.00959617,0.00131170,4.87515116,6.41609383,3.33420825,0.91068846,0.00440572,0.00100881,0.11929748
286,0.05167482,0.00004680,0.00009187,0.00000172,0.00545310,0.00959617,0.00131003,4.87931061,6.40604162,3.35257983,0.91065389,0.00426630,0.00038646,0.11943486
287,0.05167562,0.00004680,0.00009188,0.00000172,0.00545302,0.00959623,0.00130982,4.87982368,6.40295839,3.35668945,0.91061300,0.00414745,0.00029021,0.11956291
288,0.05167235,0.00004680,0.00009188,0.00000172,0.00545353,0.00959640,0.00131066,4.87376928,6.40279150,3.34474707,0.91057628,0.00405280,0.00061652,0.11969465
289,0.05167506,0.00004680,0.00009188,0.00000172,0.00545450,0.00959665,0.00131236,4.87191677,6.41314554,3.33068848,0.91054535,0.00400969,0.00130898,0.11982924
290,0.05167349,0.00004680,0.00009188,0.00000172,0.00545401,0.00959662,0.00131141,4.87189484,6.41080189,3.33298755,0.91051608,0.00410417,0.00105953,0.11996423
291,0.05167310,0.00004680,0.00009188,0.00000172,0.00545328,0.00959665,0.00130990,4.87316322,6.40359354,3.34273291,0.91048861,0.00411954,0.00057865,0.12009834
292,0.05167145,0.00004680,0.00009189,0.00000171,0.00545314,0.00959678,0.00130950,4.87081909,6.40234375,3.33929443,0.91046500,0.00422200,0.00053988,0.12023433
293,0.05167118,0.00004680,0.00009189,0.00000172,0.00545352,0.00959691,0.00131012,4.86844444,6.40845823,3.32843018,0.91043556,0.00430782,0.00086431,0.12036258
294,0.05167120,0.00004681,0.00009189,0.00000172,0.00545392,0.00959709,0.00131075,4.86595774,6.41111469,3.32080078,0.91040498,0.00428600,0.00115863,0.12048879
295,0.05167082,0.00004681,0.00009189,0.00000172,0.00545376,0.00959711,0.00131042,4.86579084,6.40772915,3.32385254,0.91037112,0.00412919,0.00100478,0.12060963
296,0.05166902,0.00004680,0.00009189,0.00000172,0.00545350,0.00959717,0.00130982,4.86417913,6.39909363,3.32926440,0.91033518,0.00402227,0.00078884,0.12072716
297,0.05167152,0.00004681,0.00009190,0.00000172,0.00545355,0.00959723,0.00130986,4.86608171,6.40043736,3.33172607,0.91030180,0.00391900,0.00079465,0.12084264
298,0.05167155,0.00004681,0.00009190,0.00000172,0.00545370,0.00959738,0.00131002,4.86445045,6.40012503,3.32877612,0.91027075,0.00389970,0.00090921,0.12095610
299,0.05167148,0.00004681,0.00009190,0.00000172,0.00545379,0.00959747,0.00131012,4.86342812,6.40487480,3.32198095,0.91024375,0.00400190,0.00102258,0.12107039
300,0.05166899,0.00004681,0.00009190,0.00000171,0.00545351,0.00959752,0.00130951,4.86124134,6.40361452,3.31886816,0.91022062,0.00418828,0.00094590,0.12118688
301,0.05166996,0.00004681,0.00009190,0.00000171,0.00545324,0.00959761,0.00130888,4.86222792,6.40621853,3.31823730,0.91020310,0.00435347,0.00081979,0.12130845
302,0.05167184,0.00004681,0.00009191,0.00000171,0.00545321,0.00959775,0.00130867,4.86298180,6.40890598,3.31705737,0.91018254,0.00443054,0.00085706,0.12142579
303,0.05167029,0.00004681,0.00009191,0.00000171,0.00545324,0.00959778,0.00130870,4.86109638,6.40643740,3.31575537,0.91015643,0.00435305,0.00088778,0.12153531
304,0.05167042,0.00004681,0.00009191,0.00000171,0.00545357,0.00959791,0.00130924,4.85928392,6.40326023,3.31530762,0.91012448,0.00407660,0.00101171,0.12163811
305,0.05167101,0.00004681,0.00009191,0.00000171,0.00545358,0.00959794,0.00130922,4.85960913,6.39497900,3.32423925,0.91009253,0.00375982,0.00088523,0.12173828
306,0.05167099,0.00004681,0.00009191,0.00000171,0.00545338,0.00959806,0.00130869,4.85911655,6.38986444,3.32836914,0.91006118,0.00372380,0.00068303,0.12183658
307,0.05167055,0.00004681,0.00009191,0.00000171,0.00545309,0.00959803,0.00130815,4.85969353,6.39087486,3.32851171,0.91003257,0.00377003,0.00054359,0.12193876
308,0.05166872,0.00004681,0.00009191,0.00000171,0.00545294,0.00959811,0.00130776,4.85761452,6.39058304,3.32464600,0.91001064,0.00394357,0.00053382,0.12204749
309,0.05166903,0.00004681,0.00009191,0.00000171,0.00545284,0.00959818,0.00130749,4.85756779,6.39699984,3.31813574,0.90999335,0.00417474,0.00062902,0.12216181
310,0.05166919,0.00004681,0.00009192,0.00000171,0.00545277,0.00959831,0.00130723,4.85686493,6.40039587,3.31333423,0.90997404,0.00436344,0.00064938,0.12227364
311,0.05166899,0.00004681,0.00009192,0.00000171,0.00545286,0.00959837,0.00130735,4.85594702,6.40409374,3.30780029,0.90995061,0.00447951,0.00077944,0.12237915
312,0.05166906,0.00004682,0.00009192,0.00000171,0.00545329,0.00959855,0.00130804,4.85339546,6.40554142,3.30124927,0.90992326,0.00434005,0.00106033,0.12248113
313,0.05166817,0.00004681,0.00009192,0.00000171,0.00545294,0.00959850,0.00130737,4.85384989,6.39656258,3.31113696,0.90989536,0.00410447,0.00075275,0.12258094
314,0.05166820,0.00004681,0.00009192,0.00000171,0.00545270,0.00959863,0.00130678,4.85342789,6.38662481,3.32023120,0.90986711,0.00391914,0.00046484,0.12268043
315,0.05166887,0.00004681,0.00009192,0.00000171,0.00545226,0.00959864,0.00130589,4.85515785,6.38233328,3.32798266,0.90984327,0.00384824,0.00015050,0.12278834
316,0.05166642,0.00004681,0.00009192,0.00000171,0.00545232,0.00959871,0.00130594,4.85198402,6.38229179,3.32167578,0.90982312,0.00390924,0.00025411,0.12290204
317,0.05166759,0.00004682,0.00009193,0.00000171,0.00545286,0.00959885,0.00130687,4.85056496,6.39448929,3.30664062,0.90980524,0.00406633,0.00076586,0.12301974
318,0.05167095,0.00004682,0.00009193,0.00000171,0.00545359,0.00959915,0.00130803,4.84959984,6.40676022,3.29243994,0.90978104,0.00423195,0.00131842,0.12313066
319,0.05166838,0.00004682,0.00009193,0.00000171,0.00545248,0.00959901,0.00130596,4.85105705,6.39958334,3.30253100,0.90975463,0.00446051,0.00065555,0.12323236
320,0.05166962,0.00004682,0.00009193,0.00000170,0.00545180,0.00959902,0.00130458,4.85396862,6.39541674,3.31252050,0.90972316,0.00457533,0.00018663,0.12332593
321,0.05166880,0.00004682,0.00009193,0.00000170,0.00545209,0.00959908,0.00130511,4.85188770,6.39365625,3.31011963,0.90969247,0.00437414,0.00035875,0.12342033
322,0.05166863,0.00004682,0.00009193,0.00000171,0.00545303,0.00959927,0.00130678,4.84769058,6.39181232,3.30356860,0.90966326,0.00393211,0.00086125,0.12351720
323,0.05167186,0.00004683,0.00009194,0.00000171,0.00545383,0.00959955,0.00130810,4.84650993,6.39437485,3.29864502,0.90964043,0.00367847,0.00123873,0.12361946
324,0.05166765,0.00004682,0.00009194,0.00000171,0.00545271,0.00959945,0.00130597,4.84609938,6.38450003,3.30769873,0.90961951,0.00380091,0.00059887,0.12371767
325,0.05166967,0.00004682,0.00009194,0.00000170,0.00545165,0.00959933,0.00130397,4.85183287,6.38288546,3.32078052,0.90960151,0.00403237,-0.00002604,0.12382144
326,0.05167064,0.00004682,0.00009194,0.00000170,0.00545160,0.00959947,0.00130372,4.85179234,6.38551044,3.31807470,0.90958381,0.00419039,-0.00001866,0.12392665
327,0.05166568,0.00004682,0.00009194,0.00000170,0.00545226,0.00959958,0.00130494,4.84425545,6.38471889,3.30379248,0.90956122,0.00405106,0.00047914,0.12403005
328,0.05166678,0.00004683,0.00009194,0.00000171,0.00545295,0.00959980,0.00130609,4.84174252,6.39251041,3.29097509,0.90953237,0.00405444,0.00097253,0.12412705
329,0.05166716,0.00004682,0.00009194,0.00000170,0.00545275,0.00959981,0.00130569,4.84250355,6.39321852,3.29178882,0.90950358,0.00413068,0.00085368,0.12421945
330,0.05166506,0.00004682,0.00009194,0.00000170,0.00545209,0.00959973,0.00130444,4.84278774,6.38621855,3.29935718,0.90947723,0.00416751,0.00044103,0.12431507
331,0.05166647,0.00004682,0.00009194,0.00000170,0.00545179,0.00959978,0.00130380,4.84456491,6.38289595,3.30623388,0.90944988,0.00412415,0.00019914,0.12440995
332,0.05166518,0.00004682,0.00009195,0.00000170,0.00545234,0.00959994,0.00130474,4.84054089,6.38241673,3.29866552,0.90942872,0.00395523,0.00054602,0.12451340
333,0.05166562,0.00004683,0.00009195,0.00000170,0.00545282,0.00960015,0.00130549,4.83800983,6.38646889,3.28955078,0.90941197,0.00390677,0.00088695,0.12462311
334,0.05166497,0.00004683,0.00009195,0.00000170,0.00545244,0.00960012,0.00130476,4.83863449,6.38684368,3.29042578,0.90939409,0.00406397,0.00073129,0.12472709
335,0.05166533,0.00004683,0.00009195,0.00000170,0.00545196,0.00960018,0.00130375,4.83971357,6.38645840,3.29296875,0.90937346,0.00423484,0.00046848,0.12482964
336,0.05166399,0.00004683,0.00009195,0.00000170,0.00545184,0.00960023,0.00130346,4.83827782,6.38374996,3.29280615,0.90935117,0.00418908,0.00039751,0.12493026
337,0.05166586,0.00004683,0.00009195,0.00000170,0.00545202,0.00960033,0.00130371,4.83884954,6.38088512,3.29681396,0.90932548,0.00393056,0.00040212,0.12502676
338,0.05166580,0.00004683,0.00009196,0.00000170,0.00545245,0.00960048,0.00130442,4.83644676,6.38112497,3.29176855,0.90929407,0.00383535,0.00065002,0.12511605
339,0.05166572,0.00004683,0.00009196,0.00000170,0.00545227,0.00960048,0.00130407,4.83679628,6.38491678,3.28867602,0.90926653,0.00405202,0.00064546,0.12520857
340,0.05166563,0.00004683,0.00009196,0.00000170,0.00545211,0.00960052,0.00130370,4.83678436,6.38953114,3.28403735,0.90924704,0.00425449,0.00064623,0.12530918
341,0.05166646,0.00004683,0.00009196,0.00000170,0.00545208,0.00960065,0.00130352,4.83665705,6.38866663,3.28464770,0.90923393,0.00422137,0.00066086,0.12541682
342,0.05166538,0.00004683,0.00009196,0.00000170,0.00545204,0.00960070,0.00130337,4.83525085,6.38583326,3.28466797,0.90921867,0.00413041,0.00063480,0.12552202
343,0.05166394,0.00004683,0.00009196,0.00000170,0.00545207,0.00960086,0.00130328,4.83243847,6.37807274,3.28680420,0.90919793,0.00387047,0.00051137,0.12561980
344,0.05166462,0.00004683,0.00009196,0.00000170,0.00545186,0.00960086,0.00130286,4.83365822,6.37626028,3.29105639,0.90916669,0.00387667,0.00037068,0.12570375
345,0.05166556,0.00004683,0.00009197,0.00000170,0.00545196,0.00960091,0.00130301,4.83388615,6.38007307,3.28769946,0.90912646,0.00400819,0.00047905,0.12577590
346,0.05166481,0.00004683,0.00009197,0.00000170,0.00545226,0.00960092,0.00130360,4.83232689,6.38851023,3.27614355,0.90909153,0.00420176,0.00078604,0.12585215
347,0.05166491,0.00004683,0.00009197,0.00000170,0.00545213,0.00960100,0.00130326,4.83204556,6.39010429,3.27398682,0.90907186,0.00429610,0.00073294,0.12594286
348,0.05166434,0.00004683,0.00009197,0.00000170,0.00545197,0.00960106,0.00130289,4.83138514,6.38626051,3.27650976,0.90906382,0.00420479,0.00063458,0.12604246
349,0.05166369,0.00004683,0.00009197,0.00000170,0.00545185,0.00960118,0.00130251,4.83011675,6.37961435,3.28061938,0.90906221,0.00405197,0.00054875,0.12614812
350,0.05166377,0.00004683,0.00009197,0.00000170,0.00545193,0.00960130,0.00130257,4.82898045,6.37939596,3.27856445,0.90905577,0.00398401,0.00060185,0.12624682
351,0.05166417,0.00004684,0.00009197,0.00000170,0.00545179,0.00960137,0.00130221,4.82915211,6.38234377,3.27596045,0.90903914,0.00417431,0.00058338,0.12633076
352,0.05166443,0.00004683,0.00009197,0.00000170,0.00545169,0.00960139,0.00130198,4.82950497,6.38514566,3.27386475,0.90901291,0.00427112,0.00056159,0.12640315
353,0.05166223,0.00004683,0.00009197,0.00000170,0.00545173,0.00960138,0.00130207,4.82727003,6.38061428,3.27392578,0.90898186,0.00420091,0.00056065,0.12647049
354,0.05166559,0.00004684,0.00009198,0.00000170,0.00545195,0.00960148,0.00130241,4.82923126,6.38213539,3.27632666,0.90895039,0.00405388,0.00063128,0.12653567
355,0.05166396,0.00004684,0.00009198,0.00000170,0.00545196,0.00960156,0.00130237,4.82694483,6.37976027,3.27412939,0.90892363,0.00403460,0.00060685,0.12660292
356,0.05166446,0.00004684,0.00009198,0.00000169,0.00545169,0.00960153,0.00130186,4.82843018,6.38238525,3.27447510,0.90890837,0.00419601,0.00050266,0.12667882
357,0.05166532,0.00004684,0.00009198,0.00000169,0.00545159,0.00960161,0.00130158,4.82887554,6.38480186,3.27294922,0.90890080,0.00430896,0.00051546,0.12676147
358,0.05166265,0.00004684,0.00009198,0.00000170,0.00545190,0.00960172,0.00130208,4.82445049,6.38264561,3.26625586,0.90889132,0.00417370,0.00070191,0.12684153
359,0.05166339,0.00004684,0.00009198,0.00000169,0.00545176,0.00960177,0.00130175,4.82514238,6.37829161,3.27199316,0.90888160,0.00398757,0.00056602,0.12691769
360,0.05166328,0.00004684,0.00009198,0.00000169,0.00545167,0.00960186,0.00130149,4.82451963,6.37722921,3.27181005,0.90886712,0.00408588,0.00051617,0.12698372
361,0.05166439,0.00004684,0.00009198,0.00000169,0.00545159,0.00960181,0.00130137,4.82623291,6.38501024,3.26745605,0.90885073,0.00432339,0.00063454,0.12704302
362,0.05166633,0.00004684,0.00009198,0.00000169,0.00545147,0.00960190,0.00130103,4.82776546,6.38600016,3.26953125,0.90883166,0.00437744,0.00052147,0.12709965
363,0.05166031,0.00004684,0.00009199,0.00000169,0.00545159,0.00960194,0.00130124,4.82111835,6.37345839,3.26877856,0.90881044,0.00406539,0.00048225,0.12715441
364,0.05166221,0.00004684,0.00009199,0.00000169,0.00545187,0.00960203,0.00130171,4.82152367,6.37551022,3.26753759,0.90878975,0.00396156,0.00060524,0.12720646
365,0.05166310,0.00004684,0.00009199,0.00000169,0.00545172,0.00960199,0.00130145,4.82316303,6.38082266,3.26550293,0.90877569,0.00413883,0.00061198,0.12726392
366,0.05166376,0.00004684,0.00009199,0.00000169,0.00545158,0.00960205,0.00130110,4.82370663,6.37989569,3.26751709,0.90876395,0.00416624,0.00052931,0.12732232
367,0.05166397,0.00004684,0.00009199,0.00000169,0.00545156,0.00960210,0.00130102,4.82350826,6.38033342,3.26668310,0.90875292,0.00414887,0.00053661,0.12737954
368,0.05166249,0.00004684,0.00009199,0.00000169,0.00545167,0.00960218,0.00130116,4.82107878,6.37789583,3.26426196,0.90874255,0.00410840,0.00058426,0.12743524
369,0.05166217,0.00004684,0.00009199,0.00000169,0.00545186,0.00960226,0.00130147,4.81964397,6.37830210,3.26098633,0.90873164,0.00406783,0.00070048,0.12748665
370,0.05166496,0.00004684,0.00009199,0.00000169,0.00545147,0.00960227,0.00130067,4.82331848,6.37934351,3.26729345,0.90872455,0.00417901,0.00046586,0.12753756
371,0.05166269,0.00004684,0.00009199,0.00000169,0.00545128,0.00960224,0.00130032,4.82186794,6.37796879,3.26576757,0.90871662,0.00421318,0.00039617,0.12758559
372,0.05166153,0.00004684,0.00009199,0.00000169,0.00545148,0.00960226,0.00130069,4.81995296,6.37688541,3.26302099,0.90870172,0.00415834,0.00053568,0.12762722
373,0.05166236,0.00004684,0.00009199,0.00000169,0.00545175,0.00960240,0.00130111,4.81896544,6.37637472,3.26155615,0.90868765,0.00403474,0.00063622,0.12766826
374,0.05166296,0.00004684,0.00009199,0.00000169,0.00545160,0.00960238,0.00130083,4.82009602,6.37995815,3.26023364,0.90867585,0.00420279,0.00063103,0.12770590
375,0.05166346,0.00004684,0.00009199,0.00000169,0.00545147,0.00960241,0.00130052,4.82069969,6.38027096,3.26112890,0.90866768,0.00430408,0.00057626,0.12774459
376,0.05166499,0.00004684,0.00009199,0.00000169,0.00545128,0.00960238,0.00130018,4.82292223,6.38068724,3.26515722,0.90865898,0.00425888,0.00042573,0.12778133
377,0.05166179,0.00004684,0.00009199,0.00000169,0.00545137,0.00960243,0.00130030,4.81915092,6.37528133,3.26302099,0.90864980,0.00411086,0.00044458,0.12781861
378,0.05166250,0.00004684,0.00009200,0.00000169,0.00545159,0.00960248,0.00130070,4.81882954,6.37738514,3.26027441,0.90863782,0.00408270,0.00057659,0.12785210
379,0.05166285,0.00004684,0.00009200,0.00000169,0.00545178,0.00960254,0.00130103,4.81822586,6.38142681,3.25502539,0.90862721,0.00421545,0.00076836,0.12788470
380,0.05166352,0.00004684,0.00009200,0.00000169,0.00545168,0.00960255,0.00130081,4.81907082,6.38275003,3.25539160,0.90862268,0.00424150,0.00072657,0.12792437
381,0.05166393,0.00004684,0.00009200,0.00000169,0.00545120,0.00960248,0.00129992,4.82124949,6.37898970,3.26350927,0.90861744,0.00420863,0.00039614,0.12796368
382,0.05166366,0.00004684,0.00009200,0.00000169,0.00545116,0.00960252,0.00129980,4.82077456,6.37449980,3.26704931,0.90860659,0.00408674,0.00033239,0.12799752
383,0.05166245,0.00004684,0.00009200,0.00000169,0.00545151,0.00960261,0.00130042,4.81794834,6.37684345,3.25905371,0.90859270,0.00411389,0.00054432,0.12802942
384,0.05166336,0.00004685,0.00009200,0.00000169,0.00545175,0.00960263,0.00130087,4.81801701,6.38094807,3.25508642,0.90858257,0.00417738,0.00076722,0.12806323
385,0.05166295,0.00004684,0.00009200,0.00000169,0.00545141,0.00960264,0.00130017,4.81842136,6.37896872,3.25787354,0.90857607,0.00423174,0.00053598,0.12810090
386,0.05166541,0.00004684,0.00009200,0.00000169,0.00545090,0.00960257,0.00129922,4.82282639,6.37901020,3.26664233,0.90856880,0.00433717,0.00024751,0.12813783
387,0.05166383,0.00004684,0.00009200,0.00000169,0.00545118,0.00960269,0.00129966,4.81953049,6.37382269,3.26523852,0.90855956,0.00409626,0.00031235,0.12817574
388,0.05166389,0.00004685,0.00009200,0.00000169,0.00545179,0.00960282,0.00130076,4.81691170,6.37430191,3.25952148,0.90854573,0.00389077,0.00063837,0.12820879
389,0.05166347,0.00004685,0.00009200,0.00000169,0.00545195,0.00960289,0.00130100,4.81546688,6.37859344,3.25233984,0.90853864,0.00403833,0.00082878,0.12824424
390,0.05166296,0.00004685,0.00009200,0.00000169,0.00545126,0.00960279,0.00129973,4.81759071,6.38143730,3.25374365,0.90853989,0.00440403,0.00053179,0.12828533
391,0.05166401,0.00004684,0.00009200,0.00000169,0.00545095,0.00960277,0.00129912,4.81960487,6.37887478,3.26033545,0.90853399,0.00437883,0.00032394,0.12831831
392,0.05166366,0.00004685,0.00009200,0.00000169,0.00545115,0.00960283,0.00129946,4.81825161,6.37057304,3.26593018,0.90852106,0.00400490,0.00028073,0.12834808
393,0.05166535,0.00004685,0.00009201,0.00000169,0.00545187,0.00960303,0.00130071,4.81643581,6.37752056,3.25535083,0.90850455,0.00393040,0.00071448,0.12837157
394,0.05166646,0.00004685,0.00009201,0.00000169,0.00545219,0.00960306,0.00130133,4.81648207,6.38581228,3.24715185,0.90849221,0.00407979,0.00102314,0.12839633
395,0.05166291,0.00004685,0.00009200,0.00000169,0.00545112,0.00960283,0.00129940,4.81757116,6.37718725,3.25795507,0.90848941,0.00430795,0.00040407,0.12842686
396,0.05166525,0.00004684,0.00009200,0.00000169,0.00545052,0.00960283,0.00129821,4.82152367,6.37201023,3.27103686,0.90848804,0.00429511,-0.00006847,0.12845914
397,0.05166406,0.00004685,0.00009200,0.00000169,0.00545104,0.00960294,0.00129914,4.81803417,6.37331247,3.26275635,0.90848249,0.00416289,0.00027464,0.12849064
398,0.05166286,0.00004685,0.00009201,0.00000169,0.00545190,0.00960309,0.00130072,4.81336641,6.37949991,3.24723315,0.90847439,0.00411341,0.00086686,0.12852065
399,0.05166262,0.00004685,0.00009201,0.00000169,0.00545170,0.00960310,0.00130030,4.81361246,6.37921858,3.24800634,0.90847063,0.00420864,0.00076941,0.12855141
400,0.05166179,0.00004685,0.00009201,0.00000169,0.00545108,0.00960301,0.00129914,4.81507683,6.37266684,3.25748706,0.90846914,0.00418254,0.00035756,0.12858318
401,0.05166247,0.00004685,0.00009201,0.00000169,0.00545098,0.00960301,0.00129894,4.81602287,6.36963558,3.26241064,0.90846020,0.00405869,0.00024165,0.12860781
402,0.05166300,0.00004685,0.00009201,0.00000169,0.00545150,0.00960307,0.00129992,4.81471825,6.37677097,3.25266528,0.90844524,0.00412192,0.00061615,0.12862547
403,0.05166400,0.00004685,0.00009201,0.00000169,0.00545175,0.00960316,0.00130034,4.81435823,6.38123941,3.24747729,0.90843397,0.00419647,0.00080842,0.12864695
404,0.05166276,0.00004685,0.00009201,0.00000169,0.00545140,0.00960311,0.00129968,4.81436253,6.37896872,3.24975586,0.90842825,0.00429712,0.00059670,0.12867057
405,0.05166269,0.00004685,0.00009201,0.00000169,0.00545103,0.00960306,0.00129901,4.81568098,6.37387514,3.25748706,0.90842795,0.00422133,0.00031668,0.12870294
406,0.05166310,0.00004685,0.00009201,0.00000169,0.00545107,0.00960312,0.00129901,4.81549168,6.37203121,3.25895190,0.90842760,0.00410784,0.00034383,0.12873746
407,0.05166201,0.00004685,0.00009201,0.00000169,0.00545140,0.00960320,0.00129961,4.81289721,6.37416649,3.25162768,0.90842324,0.00411090,0.00057972,0.12876579
408,0.05166349,0.00004685,0.00009201,0.00000169,0.00545145,0.00960325,0.00129964,4.81381941,6.37692690,3.25071216,0.90841943,0.00420578,0.00064583,0.12879427
409,0.05166305,0.00004685,0.00009201,0.00000169,0.00545110,0.00960318,0.00129901,4.81489134,6.37766647,3.25211596,0.90841711,0.00430898,0.00048125,0.12882468
410,0.05166241,0.00004685,0.00009201,0.00000169,0.00545087,0.00960317,0.00129857,4.81496716,6.37069798,3.25923681,0.90840489,0.00418419,0.00023727,0.12884466
411,0.05166394,0.00004685,0.00009201,0.00000169,0.00545109,0.00960322,0.00129896,4.81549358,6.37352085,3.25746679,0.90838683,0.00410888,0.00034461,0.12885930
412,0.05166220,0.00004685,0.00009201,0.00000169,0.00545137,0.00960327,0.00129946,4.81259298,6.37424994,3.25093603,0.90837032,0.00415372,0.00052672,0.12887518
413,0.05166205,0.00004685,0.00009201,0.00000169,0.00545139,0.00960330,0.00129948,4.81216812,6.37877083,3.24556494,0.90836394,0.00434404,0.00062650,0.12890099
414,0.05166280,0.00004685,0.00009201,0.00000169,0.00545114,0.00960327,0.00129902,4.81378698,6.37848949,3.24908447,0.90836644,0.00436378,0.00050514,0.12893657
415,0.05166190,0.00004685,0.00009201,0.00000169,0.00545111,0.00960331,0.00129890,4.81264687,6.37061453,3.25467944,0.90836936,0.00406840,0.00037271,0.12897088
416,0.05166226,0.00004685,0.00009201,0.00000169,0.00545123,0.00960339,0.00129908,4.81202698,6.37024975,3.25380468,0.90837216,0.00399569,0.00043719,0.12900323
417,0.05166208,0.00004685,0.00009201,0.00000169,0.00545118,0.00960337,0.00129899,4.81211853,6.37415600,3.25008154,0.90837115,0.00414116,0.00050111,0.12902944
418,0.05166447,0.00004685,0.00009201,0.00000169,0.00545111,0.00960338,0.00129885,4.81462479,6.38010406,3.24914551,0.90836477,0.00435868,0.00052122,0.12904696
419,0.05166415,0.00004685,0.00009201,0.00000169,0.00545107,0.00960335,0.00129879,4.81462574,6.37971878,3.24953222,0.90834939,0.00436127,0.00050268,0.12905519
420,0.05166273,0.00004685,0.00009201,0.00000169,0.00545141,0.00960338,0.00129943,4.81209230,6.37711430,3.24707031,0.90833145,0.00417250,0.00060876,0.12906122
421,0.05166380,0.00004685,0.00009201,0.00000169,0.00545141,0.00960340,0.00129941,4.81303692,6.37611437,3.24995947,0.90832251,0.00411534,0.00057905,0.12907809
422,0.05166282,0.00004685,0.00009201,0.00000169,0.00545102,0.00960341,0.00129863,4.81300831,6.37280178,3.25321460,0.90832156,0.00419452,0.00033255,0.12910368
423,0.05166217,0.00004685,0.00009201,0.00000169,0.00545082,0.00960339,0.00129824,4.81299257,6.37057304,3.25541186,0.90832448,0.00422076,0.00023584,0.12913410
424,0.05166335,0.00004685,0.00009201,0.00000169,0.00545109,0.00960346,0.00129872,4.81286907,6.37480211,3.25093603,0.90832454,0.00419317,0.00044418,0.12916508
425,0.05166344,0.00004685,0.00009202,0.00000169,0.00545144,0.00960358,0.00129929,4.81111526,6.37703133,3.24519873,0.90831906,0.00419659,0.00066857,0.12918842
426,0.05166138,0.00004685,0.00009202,0.00000169,0.00545130,0.00960351,0.00129908,4.80994606,6.37711430,3.24277759,0.90831292,0.00427805,0.00063420,0.12921140
427,0.05166285,0.00004685,0.00009201,0.00000169,0.00545090,0.00960345,0.00129836,4.81298161,6.37401056,3.25195312,0.90830702,0.00425207,0.00035222,0.12923418
428,0.05166479,0.00004685,0.00009202,0.00000169,0.00545086,0.00960352,0.00129819,4.81444073,6.37135410,3.25752783,0.90829557,0.00409137,0.00019722,0.12925041
429,0.05166162,0.00004685,0.00009202,0.00000169,0.00545137,0.00960357,0.00129918,4.80956316,6.37264585,3.24648046,0.90828341,0.00408436,0.00058356,0.12926546
430,0.05166518,0.00004685,0.00009202,0.00000169,0.00545160,0.00960363,0.00129956,4.81203938,6.38345814,3.24062109,0.90827894,0.00434323,0.00085006,0.12928560
431,0.05166435,0.00004685,0.00009201,0.00000168,0.00545064,0.00960344,0.00129784,4.81522560,6.37754154,3.25290942,0.90827721,0.00442587,0.00024191,0.12930591
432,0.05166487,0.00004685,0.00009202,0.00000168,0.00545052,0.00960351,0.00129753,4.81548405,6.37138557,3.25958252,0.90827298,0.00426371,0.00001469,0.12932591
433,0.05166270,0.00004685,0.00009202,0.00000169,0.00545123,0.00960362,0.00129884,4.81054020,6.37223959,3.24884033,0.90826631,0.00408641,0.00049784,0.12934631
434,0.05166462,0.00004685,0.00009202,0.00000169,0.00545181,0.00960375,0.00129987,4.80995417,6.37822914,3.24167895,0.90826339,0.00403182,0.00085985,0.12937011
435,0.05166275,0.00004685,0.00009202,0.00000169,0.00545130,0.00960367,0.00129893,4.81000805,6.37591648,3.24410009,0.90826428,0.00421911,0.00060872,0.12939121
436,0.05166398,0.00004685,0.00009202,0.00000168,0.00545067,0.00960362,0.00129773,4.81329584,6.37651014,3.25008154,0.90826839,0.00444655,0.00026361,0.12941474
437,0.05166348,0.00004685,0.00009202,0.00000168,0.00545057,0.00960365,0.00129748,4.81282806,6.37174988,3.25390625,0.90826738,0.00429751,0.00013475,0.12943602
438,0.05166291,0.00004685,0.00009202,0.00000169,0.00545121,0.00960382,0.00129860,4.80923843,6.36882305,3.24965429,0.90825737,0.00402654,0.00044310,0.12945174
439,0.05166455,0.00004685,0.00009202,0.00000169,0.00545168,0.00960382,0.00129953,4.80958462,6.37622929,3.24294043,0.90824378,0.00403640,0.00076992,0.12946074
440,0.05166395,0.00004685,0.00009202,0.00000169,0.00545117,0.00960371,0.00129862,4.81123781,6.37841654,3.24405932,0.90823853,0.00432572,0.00055801,0.12947446
441,0.05166433,0.00004685,0.00009202,0.00000168,0.00545083,0.00960368,0.00129798,4.81277180,6.37690639,3.24863696,0.90823519,0.00435185,0.00033273,0.12949072
442,0.05166291,0.00004685,0.00009202,0.00000168,0.00545073,0.00960371,0.00129774,4.81130934,6.36889553,3.25372314,0.90823174,0.00417173,0.00016260,0.12950617
443,0.05166255,0.00004685,0.00009202,0.00000169,0.00545119,0.00960375,0.00129862,4.80944443,6.37381220,3.24507666,0.90822601,0.00419090,0.00052957,0.12951989
444,0.05166319,0.00004685,0.00009202,0.00000169,0.00545153,0.00960381,0.00129924,4.80868435,6.38010406,3.23726416,0.90822369,0.00426041,0.00081253,0.12953617
445,0.05166117,0.00004685,0.00009202,0.00000169,0.00545102,0.00960372,0.00129833,4.80875254,6.37118721,3.24631763,0.90822130,0.00416979,0.00042861,0.12955049
446,0.05166388,0.00004685,0.00009202,0.00000168,0.00545060,0.00960372,0.00129747,4.81256962,6.36879158,3.25634766,0.90822226,0.00415588,0.00009765,0.12956703
447,0.05166381,0.00004685,0.00009202,0.00000168,0.00545074,0.00960371,0.00129778,4.81222534,6.37805223,3.24639893,0.90821874,0.00441993,0.00034373,0.12957889
448,0.05166221,0.00004685,0.00009202,0.00000169,0.00545107,0.00960378,0.00129837,4.80916500,6.37907267,3.23925781,0.90821511,0.00444884,0.00058019,0.12959041
449,0.05166191,0.00004685,0.00009202,0.00000169,0.00545130,0.00960384,0.00129876,4.80773449,6.37462473,3.24084473,0.90820926,0.00423221,0.00064221,0.12960182
450,0.05166180,0.00004685,0.00009202,0.00000169,0.00545116,0.00960382,0.00129850,4.80817986,6.36965609,3.24670410,0.90820789,0.00402603,0.00048151,0.12961750
451,0.05166448,0.00004685,0.00009202,0.00000168,0.00545060,0.00960378,0.00129743,4.81264925,6.36775017,3.25754809,0.90820748,0.00410859,0.00007852,0.12963144
452,0.05166359,0.00004685,0.00009202,0.00000168,0.00545054,0.00960375,0.00129733,4.81215382,6.37282276,3.25148535,0.90820062,0.00438246,0.00017000,0.12964137
453,0.05166376,0.00004685,0.00009202,0.00000169,0.00545121,0.00960387,0.00129854,4.80960941,6.37831259,3.24090576,0.90819418,0.00433540,0.00062495,0.12965724
454,0.05166410,0.00004686,0.00009202,0.00000169,0.00545175,0.00960401,0.00129950,4.80743217,6.37873936,3.23612475,0.90819252,0.00409137,0.00089575,0.12967736
455,0.05166157,0.00004685,0.00009202,0.00000169,0.00545105,0.00960390,0.00129819,4.80757141,6.36634350,3.24879980,0.90819776,0.00399020,0.00038702,0.12969632
456,0.05166293,0.00004685,0.00009202,0.00000168,0.00545060,0.00960384,0.00129736,4.81057501,6.36830187,3.25284839,0.90819710,0.00418489,0.00012497,0.12970522
457,0.05166533,0.00004685,0.00009202,0.00000168,0.00545076,0.00960386,0.00129767,4.81241131,6.37956238,3.24525976,0.90819210,0.00448280,0.00037843,0.12971340
458,0.05166402,0.00004685,0.00009202,0.00000169,0.00545120,0.00960396,0.00129844,4.80910826,6.38201046,3.23620605,0.90818530,0.00453990,0.00069022,0.12972246
459,0.05166330,0.00004686,0.00009202,0.00000169,0.00545138,0.00960394,0.00129881,4.80810356,6.37656260,3.23964453,0.90817249,0.00418413,0.00069415,0.12972701
460,0.05166246,0.00004685,0.00009202,0.00000169,0.00545116,0.00960396,0.00129835,4.80766773,6.36543751,3.24989843,0.90816343,0.00387114,0.00034505,0.12973443
461,0.05166370,0.00004685,0.00009202,0.00000168,0.00545093,0.00960393,0.00129793,4.80981541,6.37074995,3.24888110,0.90816599,0.00414954,0.00032115,0.12975009
462,0.05166396,0.00004685,0.00009202,0.00000168,0.00545070,0.00960390,0.00129751,4.81086397,6.37905216,3.24267578,0.90817118,0.00457691,0.00036309,0.12976934
463,0.05166167,0.00004685,0.00009202,0.00000168,0.00545085,0.00960388,0.00129783,4.80836248,6.37565613,3.24106860,0.90817070,0.00439759,0.00045331,0.12978518
464,0.05166427,0.00004686,0.00009202,0.00000169,0.00545128,0.00960400,0.00129856,4.80883789,6.37241650,3.24525976,0.90816450,0.00399563,0.00055313,0.12979303
465,0.05166545,0.00004686,0.00009203,0.00000169,0.00545123,0.00960406,0.00129839,4.80967331,6.37074995,3.24859619,0.90816337,0.00392151,0.00047290,0.12980562
466,0.05166359,0.00004685,0.00009202,0.00000168,0.00545076,0.00960394,0.00129758,4.81002712,6.37404156,3.24601245,0.90816152,0.00433063,0.00033515,0.12981434
467,0.05166514,0.00004685,0.00009202,0.00000168,0.00545039,0.00960383,0.00129695,4.81346369,6.37780190,3.24912524,0.90815651,0.00454296,0.00014523,0.12981968
468,0.05166513,0.00004686,0.00009203,0.00000169,0.00545119,0.00960402,0.00129836,4.80978012,6.37682295,3.24273682,0.90814459,0.00421559,0.00054039,0.12982011
469,0.05166522,0.00004686,0.00009203,0.00000169,0.00545174,0.00960412,0.00129935,4.80761623,6.37446880,3.24076343,0.90814137,0.00392479,0.00078481,0.12982967
470,0.05166425,0.00004686,0.00009203,0.00000169,0.00545132,0.00960406,0.00129857,4.80822325,6.37159348,3.24485278,0.90814382,0.00398003,0.00054620,0.12984104
471,0.05166608,0.00004685,0.00009202,0.00000168,0.00545032,0.00960390,0.00129674,4.81395149,6.37513542,3.25276709,0.90815240,0.00448003,0.00006497,0.12985916
472,0.05166351,0.00004685,0.00009202,0.00000168,0.00545071,0.00960399,0.00129742,4.80964327,6.37730217,3.24198413,0.90815473,0.00450034,0.00035943,0.12987505
473,0.05166298,0.00004686,0.00009203,0.00000169,0.00545121,0.00960405,0.00129838,4.80738020,6.37603140,3.23872900,0.90815240,0.00420031,0.00063485,0.12988807
474,0.05166319,0.00004686,0.00009203,0.00000169,0.00545138,0.00960415,0.00129861,4.80633450,6.37145805,3.24121094,0.90814835,0.00399171,0.00063077,0.12989700
475,0.05166348,0.00004685,0.00009202,0.00000168,0.00545078,0.00960400,0.00129755,4.80938292,6.36943722,3.24932861,0.90814632,0.00411049,0.00027768,0.12990604
476,0.05166565,0.00004685,0.00009202,0.00000168,0.00545041,0.00960396,0.00129685,4.81284428,6.37705183,3.24863696,0.90814078,0.00454344,0.00014364,0.12990944
477,0.05166323,0.00004686,0.00009203,0.00000169,0.00545112,0.00960406,0.00129817,4.80773163,6.37648964,3.23897314,0.90812987,0.00435535,0.00058401,0.12991077
478,0.05166513,0.00004686,0.00009203,0.00000169,0.00545190,0.00960421,0.00129959,4.80641127,6.37755203,3.23527026,0.90812224,0.00395799,0.00094221,0.12991485
479,0.05166478,0.00004686,0.00009203,0.00000169,0.00545151,0.00960423,0.00129878,4.80688953,6.36717701,3.24660254,0.90811974,0.00378629,0.00053138,0.12991574
480,0.05166500,0.00004685,0.00009203,0.00000168,0.00545062,0.00960405,0.00129720,4.81090927,6.37208319,3.24973559,0.90812570,0.00425095,0.00016055,0.12992348
481,0.05166715,0.00004685,0.00009202,0.00000168,0.00545038,0.00960393,0.00129683,4.81461811,6.38385391,3.24538183,0.90813249,0.00473779,0.00022127,0.12993541
482,0.05166346,0.00004686,0.00009203,0.00000168,0.00545108,0.00960408,0.00129808,4.80795574,6.38263512,3.23327637,0.90813166,0.00455474,0.00068462,0.12994292
483,0.05166445,0.00004686,0.00009203,0.00000169,0.00545169,0.00960417,0.00129921,4.80657768,6.37615633,3.23699951,0.90812236,0.00400268,0.00084935,0.12994330
484,0.05166336,0.00004686,0.00009203,0.00000169,0.00545123,0.00960419,0.00129827,4.80656719,6.36484385,3.24829102,0.90811855,0.00379122,0.00037543,0.12994576
485,0.05166263,0.00004685,0.00009202,0.00000168,0.00545050,0.00960396,0.00129703,4.80955791,6.36915636,3.24995947,0.90812051,0.00420620,0.00010109,0.12995100
486,0.05166536,0.00004685,0.00009202,0.00000168,0.00545070,0.00960401,0.00129739,4.81135130,6.38242722,3.24027514,0.90811968,0.00470347,0.00041869,0.12995543
487,0.05166613,0.00004686,0.00009203,0.00000169,0.00545121,0.00960407,0.00129835,4.81028938,6.38950014,3.23107910,0.90811312,0.00475228,0.00079666,0.12995702
488,0.05166195,0.00004686,0.00009203,0.00000168,0.00545106,0.00960408,0.00129804,4.80641937,6.37089586,3.24194336,0.90810394,0.00416508,0.00045214,0.12995957
489,0.05166531,0.00004686,0.00009203,0.00000168,0.00545115,0.00960420,0.00129809,4.80856943,6.36337471,3.25376391,0.90810716,0.00368338,0.00022890,0.12997535
490,0.05166489,0.00004686,0.00009203,0.00000169,0.00545134,0.00960421,0.00129847,4.80764866,6.37203121,3.24326587,0.90811235,0.00396457,0.00056912,0.12998921
491,0.05166490,0.00004686,0.00009203,0.00000168,0.00545097,0.00960413,0.00129780,4.80923128,6.38121891,3.23724365,0.90812242,0.00451545,0.00058276,0.13000695
492,0.05166387,0.00004685,0.00009203,0.00000168,0.00545059,0.00960407,0.00129711,4.80969715,6.37934351,3.24005127,0.90812224,0.00467530,0.00036817,0.13001661
493,0.05166272,0.00004685,0.00009202,0.00000168,0.00545055,0.00960402,0.00129709,4.80904627,6.37498951,3.24310303,0.90811276,0.00451017,0.00030055,0.13001920
494,0.05166170,0.00004686,0.00009203,0.00000168,0.00545085,0.00960412,0.00129759,4.80641508,6.36529160,3.24753833,0.90809828,0.00403447,0.00026169,0.13001814
495,0.05166404,0.00004686,0.00009203,0.00000169,0.00545128,0.00960420,0.00129837,4.80697823,6.37036467,3.24359131,0.90809214,0.00395372,0.00051014,0.13002428
496,0.05166344,0.00004686,0.00009203,0.00000169,0.00545116,0.00960418,0.00129814,4.80683088,6.37344790,3.24021411,0.90809506,0.00416565,0.00053027,0.13003771
497,0.05166252,0.00004686,0.00009203,0.00000168,0.00545089,0.00960412,0.00129766,4.80710983,6.37815619,3.23606372,0.90810251,0.00451995,0.00053740,0.13005355
498,0.05166316,0.00004686,0.00009203,0.00000168,0.00545081,0.00960412,0.00129750,4.80794525,6.38001013,3.23588061,0.90810347,0.00454595,0.00050491,0.13006411
499,0.05166256,0.00004686,0.00009203,0.00000169,0.00545116,0.00960420,0.00129812,4.80586100,6.37183332,3.23988867,0.90809798,0.00409576,0.00055327,0.13006924
500,0.05166298,0.00004686,0.00009203,0.00000169,0.00545120,0.00960427,0.00129813,4.80555916,6.36431265,3.24680591,0.90809131,0.00382465,0.00039392,0.13007121
501,0.05166509,0.00004686,0.00009203,0.00000168,0.00545095,0.00960415,0.00129775,4.80929470,6.37752056,3.24106860,0.90809017,0.00429384,0.00046373,0.13007432
502,0.05166256,0.00004685,0.00009203,0.00000168,0.00545070,0.00960406,0.00129733,4.80816078,6.37795830,3.23836279,0.90808839,0.00450387,0.00038655,0.13007826
503,0.05166345,0.00004685,0.00009203,0.00000168,0.00545071,0.00960413,0.00129729,4.80845785,6.37554169,3.24137378,0.90808696,0.00440728,0.00034829,0.13008358
504,0.05166250,0.00004686,0.00009203,0.00000168,0.00545093,0.00960416,0.00129771,4.80671072,6.36970806,3.24371338,0.90808672,0.00409925,0.00038452,0.13009045
505,0.05166426,0.00004686,0.00009203,0.00000169,0.00545122,0.00960427,0.00129816,4.80676556,6.37006235,3.24346924,0.90809238,0.00393060,0.00050630,0.13010062
506,0.05166274,0.00004686,0.00009203,0.00000168,0.00545106,0.00960425,0.00129787,4.80581760,6.37333345,3.23830175,0.90809828,0.00423107,0.00054480,0.13010968
507,0.05166174,0.00004686,0.00009203,0.00000168,0.00545081,0.00960418,0.00129744,4.80612087,6.37579155,3.23645020,0.90810114,0.00446218,0.00047065,0.13011214
508,0.05166322,0.00004685,0.00009203,0.00000168,0.00545073,0.00960410,0.00129735,4.80839586,6.37938547,3.23740649,0.90809327,0.00455553,0.00045325,0.13010523
509,0.05166309,0.00004686,0.00009203,0.00000169,0.00545119,0.00960417,0.00129821,4.80653858,6.37583303,3.23724365,0.90808213,0.00420803,0.00063055,0.13009687
510,0.05166376,0.00004686,0.00009203,0.00000169,0.00545121,0.00960426,0.00129816,4.80642319,6.36945820,3.24338794,0.90807498,0.00397295,0.00046368,0.13009146
511,0.05166202,0.00004686,0.00009203,0.00000168,0.00545070,0.00960418,0.00129723,4.80664158,6.36468744,3.24859619,0.90807933,0.00407375,0.00015083,0.13009498
512,0.05166153,0.00004685,0.00009203,0.00000168,0.00545051,0.00960407,0.00129695,4.80756950,6.37221861,3.24291992,0.90808821,0.00439089,0.00023437,0.13010614
513,0.05166294,0.00004686,0.00009203,0.00000168,0.00545075,0.00960416,0.00129735,4.80761623,6.37623930,3.23899341,0.90809691,0.00442323,0.00043275,0.13012156
514,0.05166304,0.00004686,0.00009203,0.00000168,0.00545109,0.00960423,0.00129795,4.80625343,6.37843752,3.23406982,0.90809834,0.00439427,0.00065074,0.13012834
515,0.05166439,0.00004686,0.00009203,0.00000168,0.00545117,0.00960426,0.00129807,4.80710411,6.37464571,3.23956299,0.90809250,0.00410006,0.00056829,0.13012667
516,0.05166290,0.00004686,0.00009203,0.00000168,0.00545085,0.00960419,0.00129751,4.80704594,6.36966658,3.24442554,0.90808785,0.00408889,0.00035461,0.13012472
517,0.05166238,0.00004686,0.00009203,0.00000168,0.00545079,0.00960418,0.00129740,4.80672359,6.37209368,3.24135351,0.90808338,0.00427950,0.00036425,0.13012257
518,0.05166139,0.00004685,0.00009203,0.00000168,0.00545050,0.00960412,0.00129688,4.80702114,6.36929178,3.24475098,0.90807885,0.00431407,0.00015425,0.13012211
519,0.05166279,0.00004686,0.00009203,0.00000168,0.00545096,0.00960417,0.00129775,4.80684280,6.37316656,3.24051929,0.90807343,0.00426328,0.00046789,0.13012345
520,0.05166396,0.00004686,0.00009203,0.00000169,0.00545163,0.00960431,0.00129894,4.80508041,6.37594795,3.23421240,0.90807092,0.00403039,0.00082290,0.13012648
521,0.05166213,0.00004686,0.00009203,0.00000168,0.00545107,0.00960422,0.00129792,4.80548000,6.36885405,3.24210620,0.90807223,0.00408066,0.00044772,0.13012835
522,0.05166493,0.00004685,0.00009203,0.00000168,0.00545039,0.00960412,0.00129667,4.81086254,6.37327099,3.24845386,0.90808088,0.00432247,0.00009081,0.13013528
523,0.05166385,0.00004686,0.00009203,0.00000168,0.00545080,0.00960419,0.00129740,4.80810070,6.37676048,3.23944092,0.90808815,0.00438466,0.00043350,0.13014364
524,0.05166423,0.00004686,0.00009203,0.00000168,0.00545120,0.00960431,0.00129809,4.80649567,6.37912512,3.23386645,0.90809244,0.00435503,0.00070943,0.13014780
525,0.05166385,0.00004686,0.00009203,0.00000168,0.00545108,0.00960426,0.00129791,4.80684519,6.37420845,3.23948169,0.90808803,0.00416647,0.00053753,0.13014062
526,0.05166346,0.00004686,0.00009203,0.00000168,0.00545093,0.00960423,0.00129763,4.80702782,6.37115622,3.24289966,0.90808409,0.00413151,0.00039227,0.13013238
527,0.05166348,0.00004686,0.00009203,0.00000168,0.00545082,0.00960416,0.00129748,4.80792236,6.37150002,3.24434423,0.90808171,0.00418546,0.00034547,0.13012525
528,0.05166335,0.00004686,0.00009203,0.00000168,0.00545071,0.00960418,0.00129723,4.80791378,6.37079144,3.24503589,0.90808046,0.00421004,0.00026289,0.13011932
529,0.05166152,0.00004686,0.00009203,0.00000168,0.00545078,0.00960414,0.00129742,4.80626726,6.37091637,3.24161792,0.90807968,0.00427483,0.00035616,0.13011634
530,0.05166273,0.00004686,0.00009203,0.00000168,0.00545100,0.00960418,0.00129782,4.80657530,6.37159348,3.24155688,0.90808231,0.00409811,0.00044302,0.13011959
531,0.05166269,0.00004686,0.00009203,0.00000168,0.00545111,0.00960423,0.00129798,4.80580139,6.37063551,3.24096680,0.90809035,0.00406624,0.00052144,0.13012572
532,0.05166348,0.00004686,0.00009203,0.00000168,0.00545079,0.00960419,0.00129738,4.80778503,6.37673950,3.23883057,0.90809715,0.00442027,0.00045539,0.13012731
533,0.05166390,0.00004686,0.00009203,0.00000168,0.00545081,0.00960418,0.00129745,4.80820751,6.38153124,3.23488379,0.90809542,0.00464335,0.00053201,0.13011961
534,0.05166219,0.00004686,0.00009203,0.00000168,0.00545114,0.00960420,0.00129807,4.80550766,6.37682295,3.23419189,0.90808845,0.00432554,0.00065721,0.13011092
535,0.05166176,0.00004686,0.00009203,0.00000168,0.00545107,0.00960427,0.00129787,4.80470610,6.36529160,3.24412036,0.90808320,0.00392759,0.00038236,0.13010323
536,0.05166382,0.00004685,0.00009203,0.00000168,0.00545061,0.00960410,0.00129712,4.80929518,6.37062502,3.24796557,0.90808290,0.00420161,0.00020103,0.13009645
537,0.05166331,0.00004685,0.00009203,0.00000168,0.00545058,0.00960407,0.00129709,4.80909252,6.37935400,3.23883057,0.90808284,0.00464287,0.00034478,0.13009430
538,0.05166401,0.00004686,0.00009203,0.00000169,0.00545123,0.00960419,0.00129826,4.80714035,6.37988520,3.23439550,0.90807861,0.00439974,0.00069210,0.13009451
539,0.05166348,0.00004686,0.00009203,0.00000169,0.00545120,0.00960422,0.00129817,4.80646515,6.37043762,3.24249268,0.90807962,0.00401092,0.00051181,0.13010082
540,0.05166392,0.00004686,0.00009203,0.00000168,0.00545062,0.00960418,0.00129706,4.80870485,6.36494780,3.25246191,0.90808892,0.00397396,0.00010570,0.13011380
541,0.05166497,0.00004685,0.00009203,0.00000168,0.00545059,0.00960414,0.00129704,4.81024885,6.37517691,3.24532080,0.90809333,0.00435203,0.00026793,0.13012411
542,0.05166308,0.00004686,0.00009203,0.00000168,0.00545070,0.00960414,0.00129725,4.80800104,6.37780190,3.23819995,0.90809053,0.00452385,0.00042055,0.13012910
543,0.05166309,0.00004686,0.00009203,0.00000168,0.00545111,0.00960420,0.00129801,4.80649281,6.37757301,3.23541260,0.90807742,0.00438694,0.00063016,0.13012470
544,0.05166291,0.00004686,0.00009203,0.00000169,0.00545144,0.00960427,0.00129861,4.80483770,6.37306261,3.23661304,0.90807015,0.00403283,0.00069892,0.13012534
545,0.05166426,0.00004686,0.00009203,0.00000168,0.00545114,0.00960431,0.00129798,4.80668974,6.36748934,3.24589038,0.90807068,0.00391744,0.00040223,0.13013396
546,0.05166420,0.00004686,0.00009203,0.00000168,0.00545062,0.00960418,0.00129706,4.80905199,6.37331247,3.24479175,0.90807974,0.00433671,0.00025721,0.13014728
547,0.05166305,0.00004685,0.00009203,0.00000168,0.00545039,0.00960416,0.00129663,4.80864668,6.37476015,3.24253345,0.90808666,0.00452411,0.00021610,0.13015956
548,0.05166175,0.00004686,0.00009203,0.00000168,0.00545116,0.00960430,0.00129802,4.80418587,6.37385416,3.23451757,0.90808642,0.00423784,0.00062514,0.13016783
549,0.05166400,0.00004686,0.00009203,0.00000169,0.00545157,0.00960439,0.00129875,4.80467319,6.37334347,3.23600268,0.90808427,0.00395670,0.00078743,0.13017035
550,0.05166219,0.00004686,0.00009203,0.00000168,0.00545118,0.00960435,0.00129802,4.80417824,6.36844778,3.23990893,0.90808487,0.00400832,0.00053450,0.13017030
551,0.05166421,0.00004685,0.00009203,0.00000168,0.00545028,0.00960415,0.00129641,4.81016016,6.37369776,3.24662280,0.90808123,0.00448809,0.00009273,0.13016291
552,0.05166290,0.00004686,0.00009203,0.00000168,0.00545073,0.00960417,0.00129729,4.80749559,6.37502098,3.23996997,0.90807134,0.00441778,0.00037862,0.13015305
553,0.05166170,0.00004686,0.00009203,0.00000169,0.00545129,0.00960424,0.00129835,4.80430841,6.37216663,3.23645020,0.90806413,0.00414077,0.00065848,0.13014759
554,0.05166287,0.00004686,0.00009203,0.00000168,0.00545109,0.00960424,0.00129793,4.80594301,6.37232304,3.23956299,0.90806532,0.00412912,0.00047870,0.13014811
555,0.05166256,0.00004686,0.00009203,0.00000168,0.00545086,0.00960423,0.00129749,4.80639076,6.37148952,3.24129248,0.90807414,0.00422966,0.00037231,0.13015661
556,0.05166310,0.00004686,0.00009203,0.00000168,0.00545066,0.00960422,0.00129711,4.80750895,6.37140608,3.24361181,0.90808111,0.00428020,0.00028668,0.13016455
557,0.05166432,0.00004685,0.00009203,0.00000168,0.00545045,0.00960416,0.00129674,4.80973434,6.36991644,3.24955249,0.90808213,0.00423806,0.00013559,0.13016929
558,0.05166326,0.00004686,0.00009203,0.00000168,0.00545103,0.00960424,0.00129782,4.80654573,6.37470818,3.23838305,0.90807354,0.00425379,0.00051842,0.13016564
559,0.05166424,0.00004686,0.00009203,0.00000169,0.00545152,0.00960430,0.00129873,4.80574131,6.37897921,3.23250341,0.90806901,0.00416814,0.00084815,0.13016704
560,0.05166492,0.00004686,0.00009203,0.00000168,0.00545081,0.00960427,0.00129736,4.80845976,6.36964560,3.24727392,0.90806675,0.00410491,0.00026220,0.13016595
561,0.05166490,0.00004685,0.00009203,0.00000168,0.00545022,0.00960411,0.00129634,4.81131554,6.36986446,3.25276709,0.90806776,0.00432197,-0.00004008,0.13016656
562,0.05166220,0.00004686,0.00009203,0.00000168,0.00545105,0.00960423,0.00129786,4.80549335,6.37520838,3.23577881,0.90806603,0.00433593,0.00057343,0.13017048
563,0.05166525,0.00004686,0.00009203,0.00000169,0.00545177,0.00960438,0.00129915,4.80542231,6.38214588,3.22869873,0.90806597,0.00419653,0.00100526,0.13017565
564,0.05166413,0.00004686,0.00009203,0.00000168,0.00545082,0.00960421,0.00129743,4.80817270,6.37161446,3.24473071,0.90807068,0.00414342,0.00035667,0.13017744
565,0.05166461,0.00004685,0.00009203,0.00000168,0.00545005,0.00960411,0.00129599,4.81146336,6.36859369,3.25433350,0.90807563,0.00430651,-0.00016512,0.13018000
566,0.05166190,0.00004686,0.00009203,0.00000168,0.00545110,0.00960429,0.00129791,4.80455589,6.37290621,3.23620605,0.90807050,0.00420428,0.00054426,0.13017909
567,0.05166545,0.00004686,0.00009203,0.00000169,0.00545180,0.00960439,0.00129921,4.80550623,6.38105202,3.22996020,0.90806568,0.00412428,0.00100497,0.13017610
568,0.05166150,0.00004686,0.00009203,0.00000168,0.00545100,0.00960424,0.00129776,4.80480194,6.36916637,3.24043798,0.90806514,0.00414370,0.00043109,0.13017008
569,0.05166664,0.00004685,0.00009203,0.00000168,0.00545016,0.00960416,0.00129616,4.81278372,6.36838531,3.25718188,0.90807271,0.00423424,-0.00013737,0.13017227
570,0.05166289,0.00004686,0.00009203,0.00000168,0.00545087,0.00960419,0.00129755,4.80695152,6.37332296,3.24058032,0.90807158,0.00424850,0.00043875,0.13016924
571,0.05166527,0.00004686,0.00009203,0.00000169,0.00545170,0.00960441,0.00129900,4.80541706,6.37995815,3.23087573,0.90807217,0.00412626,0.00093460,0.13016996
572,0.05166313,0.00004686,0.00009203,0.00000168,0.00545078,0.00960418,0.00129738,4.80752373,6.37007284,3.24497485,0.90807623,0.00413440,0.00032733,0.13016720
573,0.05166727,0.00004685,0.00009203,0.00000168,0.00545014,0.00960414,0.00129615,4.81366682,6.37344790,3.25388598,0.90808046,0.00436590,-0.00008412,0.13016595
574,0.05166369,0.00004686,0.00009203,0.00000168,0.00545109,0.00960427,0.00129791,4.80658340,6.37751055,3.23565674,0.90807796,0.00428812,0.00058101,0.13016404
575,0.05166643,0.00004686,0.00009203,0.00000169,0.00545196,0.00960444,0.00129948,4.80558968,6.38211441,3.22906494,0.90807623,0.00403149,0.00107576,0.13016346
576,0.05166443,0.00004686,0.00009203,0.00000169,0.00545130,0.00960436,0.00129825,4.80598259,6.36574984,3.24621582,0.90807742,0.00377918,0.00046731,0.13015780
577,0.05166518,0.00004685,0.00009203,0.00000168,0.00545029,0.00960415,0.00129643,4.81108046,6.37018728,3.25197363,0.90808320,0.00427768,0.00000225,0.13015293
578,0.05166421,0.00004686,0.00009203,0.00000168,0.00545063,0.00960417,0.00129710,4.80910349,6.37986469,3.23834229,0.90808308,0.00458868,0.00040149,0.13014862
579,0.05166351,0.00004686,0.00009203,0.00000169,0.00545142,0.00960428,0.00129855,4.80543709,6.38121891,3.22965503,0.90807605,0.00436022,0.00084938,0.13014205
580,0.05166236,0.00004686,0.00009203,0.00000168,0.00545096,0.00960426,0.00129766,4.80562544,6.36737490,3.24387622,0.90807223,0.00401366,0.00034329,0.13013898
581,0.05166528,0.00004686,0.00009203,0.00000168,0.00545058,0.00960420,0.00129697,4.81003714,6.36795807,3.25211596,0.90807426,0.00407239,0.00009126,0.13014045
582,0.05166203,0.00004686,0.00009203,0.00000168,0.00545076,0.00960418,0.00129734,4.80648327,6.37199974,3.24096680,0.90807599,0.00433936,0.00037003,0.13014494
583,0.05166344,0.00004686,0.00009203,0.00000168,0.00545094,0.00960420,0.00129768,4.80726480,6.37791681,3.23661304,0.90807879,0.00438773,0.00054329,0.13015142
584,0.05166278,0.00004686,0.00009203,0.00000169,0.00545132,0.00960429,0.00129836,4.80488491,6.37881231,3.23095703,0.90808028,0.00430195,0.00078418,0.13015336
585,0.05166257,0.00004686,0.00009203,0.00000168,0.00545076,0.00960421,0.00129731,4.80679083,6.36740637,3.24617529,0.90808058,0.00408617,0.00027291,0.13015261
586,0.05166342,0.00004685,0.00009203,0.00000168,0.00545049,0.00960415,0.00129682,4.80885124,6.36703110,3.25067139,0.90807569,0.00415988,0.00007740,0.13014711
587,0.05166398,0.00004686,0.00009203,0.00000168,0.00545088,0.00960420,0.00129757,4.80797005,6.37688541,3.23905444,0.90806806,0.00441566,0.00046985,0.13014375
588,0.05166563,0.00004686,0.00009203,0.00000169,0.00545146,0.00960427,0.00129865,4.80755901,6.38737488,3.22774267,0.90806353,0.00457221,0.00089894,0.13014401
589,0.05166302,0.00004686,0.00009203,0.00000168,0.00545092,0.00960420,0.00129765,4.80690861,6.37226057,3.24155688,0.90806609,0.00418719,0.00042824,0.13015389
590,0.05166563,0.00004686,0.00009203,0.00000168,0.00545064,0.00960428,0.00129700,4.80959988,6.36494780,3.25425220,0.90807503,0.00392114,0.00005554,0.13016748
591,0.05166374,0.00004685,0.00009203,0.00000168,0.00545040,0.00960417,0.00129663,4.80918503,6.36902094,3.24934912,0.90807772,0.00424976,0.00007431,0.13017580
592,0.05166550,0.00004686,0.00009203,0.00000168,0.00545110,0.00960426,0.00129794,4.80846357,6.38428116,3.23264575,0.90807498,0.00461944,0.00073064,0.13018154
593,0.05166487,0.00004686,0.00009203,0.00000169,0.00545148,0.00960434,0.00129863,4.80611563,6.38359356,3.22863770,0.90806597,0.00441997,0.00089650,0.13018321
594,0.05166438,0.00004685,0.00009203,0.00000168,0.00545047,0.00960419,0.00129676,4.80953312,6.36745834,3.25160742,0.90806007,0.00411690,0.00003422,0.13018753
595,0.05166578,0.00004685,0.00009203,0.00000168,0.00545033,0.00960419,0.00129646,4.81132030,6.36417723,3.25846362,0.90805572,0.00399507,-0.00015545,0.13019796
596,0.05166305,0.00004686,0.00009203,0.00000168,0.00545112,0.00960427,0.00129796,4.80580521,6.37617683,3.23543310,0.90804529,0.00431787,0.00058033,0.13020301
597,0.05167050,0.00004686,0.00009203,0.00000169,0.00545199,0.00960447,0.00129950,4.80934191,6.39543724,3.22324634,0.90804338,0.00454777,0.00124331,0.13021356
598,0.05166477,0.00004686,0.00009203,0.00000168,0.00545059,0.00960422,0.00129696,4.80934668,6.37762499,3.24106860,0.90805393,0.00451331,0.00032721,0.13023295
599,0.05167036,0.00004685,0.00009203,0.00000168,0.00544982,0.00960428,0.00129536,4.81639767,6.36603117,3.26676440,0.90806144,0.00415178,-0.00048791,0.13025121
600,0.05166754,0.00004686,0.00009203,0.00000168,0.00545064,0.00960437,0.00129690,4.81073952,6.36106253,3.26041675,0.90804839,0.00370511,-0.00009069,0.13024716
601,0.05166541,0.00004686,0.00009203,0.00000169,0.00545178,0.00960441,0.00129915,4.80535221,6.37706232,3.23364258,0.90802860,0.00404926,0.00090551,0.13023654
602,0.05166757,0.00004686,0.00009203,0.00000169,0.00545150,0.00960438,0.00129862,4.80849266,6.38808346,3.22890234,0.90802497,0.00454523,0.00090428,0.13023533
603,0.05166635,0.00004685,0.00009203,0.00000168,0.00545010,0.00960413,0.00129606,4.81291580,6.37227058,3.25356054,0.90803367,0.00449324,-0.00008760,0.13024959
604,0.05166432,0.00004686,0.00009203,0.00000168,0.00545040,0.00960425,0.00129655,4.80914068,6.36653137,3.25174975,0.90803993,0.00409201,-0.00002698,0.13026319
605,0.05166372,0.00004686,0.00009203,0.00000169,0.00545159,0.00960445,0.00129874,4.80381107,6.37227058,3.23535156,0.90803874,0.00391762,0.00075069,0.13027357
606,0.05166843,0.00004686,0.00009204,0.00000169,0.00545190,0.00960458,0.00129921,4.80664158,6.38505220,3.22823095,0.90804636,0.00418688,0.00108413,0.13028701
607,0.05166107,0.00004686,0.00009203,0.00000168,0.00545059,0.00960430,0.00129687,4.80497837,6.37204170,3.23791504,0.90805364,0.00443759,0.00031418,0.13029118
608,0.05167018,0.00004685,0.00009203,0.00000168,0.00544962,0.00960417,0.00129508,4.81769228,6.37232304,3.26306152,0.90805089,0.00457941,-0.00040642,0.13028494
609,0.05166482,0.00004686,0.00009203,0.00000168,0.00545072,0.00960430,0.00129715,4.80838776,6.36738539,3.24938965,0.90802807,0.00405980,0.00016780,0.13026299
610,0.05166661,0.00004686,0.00009203,0.00000169,0.00545210,0.00960452,0.00129967,4.80478096,6.37730217,3.23225927,0.90801710,0.00387745,0.00100374,0.13025741
611,0.05166603,0.00004686,0.00009203,0.00000169,0.00545179,0.00960450,0.00129908,4.80515099,6.37635422,3.23394775,0.90802950,0.00393690,0.00085567,0.13026662
612,0.05166498,0.00004685,0.00009203,0.00000168,0.00545027,0.00960427,0.00129627,4.81000233,6.37063551,3.24936938,0.90805036,0.00431659,0.00002548,0.13027915
613,0.05166680,0.00004685,0.00009203,0.00000168,0.00545010,0.00960421,0.00129598,4.81269503,6.37516642,3.25022388,0.90806609,0.00450177,0.00000844,0.13029231
614,0.05166403,0.00004686,0.00009203,0.00000169,0.00545169,0.00960453,0.00129885,4.80321980,6.37867689,3.22776294,0.90806454,0.00411577,0.00097984,0.13028918
615,0.05166758,0.00004686,0.00009204,0.00000169,0.00545202,0.00960461,0.00129943,4.80521965,6.37702084,3.23341894,0.90805680,0.00381658,0.00101384,0.13027135
616,0.05166369,0.00004686,0.00009203,0.00000168,0.00545094,0.00960433,0.00129755,4.80647850,6.36680222,3.24615479,0.90805215,0.00393436,0.00032706,0.13024686
617,0.05166709,0.00004685,0.00009203,0.00000168,0.00545006,0.00960414,0.00129598,4.81370401,6.37443733,3.25297046,0.90804875,0.00449907,-0.00012177,0.13022354
618,0.05166564,0.00004686,0.00009203,0.00000168,0.00545065,0.00960417,0.00129713,4.81050825,6.38037491,3.24064136,0.90804088,0.00457681,0.00036414,0.13020289
619,0.05166487,0.00004686,0.00009203,0.00000169,0.00545162,0.00960436,0.00129888,4.80564260,6.37837505,3.23291016,0.90803629,0.00416245,0.00082518,0.13019037
620,0.05166309,0.00004686,0.00009203,0.00000168,0.00545118,0.00960433,0.00129804,4.80524921,6.36562490,3.24487305,0.90805060,0.00386848,0.00042925,0.13019671
621,0.05166382,0.00004685,0.00009203,0.00000168,0.00545046,0.00960420,0.00129671,4.80891991,6.37068748,3.24715185,0.90807587,0.00425371,0.00015779,0.13020949
622,0.05166425,0.00004685,0.00009203,0.00000168,0.00545042,0.00960419,0.00129665,4.80949354,6.37842703,3.24056005,0.90809077,0.00464798,0.00031210,0.13021626
623,0.05166234,0.00004686,0.00009203,0.00000168,0.00545090,0.00960425,0.00129754,4.80585289,6.37680197,3.23490405,0.90808660,0.00445102,0.00058487,0.13020711
624,0.05166326,0.00004686,0.00009203,0.00000169,0.00545142,0.00960434,0.00129851,4.80467319,6.37592697,3.23341894,0.90807331,0.00411312,0.00076544,0.13018765
625,0.05166274,0.00004686,0.00009203,0.00000168,0.00545098,0.00960421,0.00129775,4.80639839,6.36906242,3.24373388,0.90805757,0.00407816,0.00038659,0.13016248
626,0.05166319,0.00004685,0.00009203,0.00000168,0.00545040,0.00960411,0.00129670,4.80916166,6.37139559,3.24692798,0.90805662,0.00439187,0.00008634,0.13015255
627,0.05166307,0.00004686,0.00009203,0.00000168,0.00545094,0.00960421,0.00129767,4.80677652,6.37661457,3.23693848,0.90806144,0.00443967,0.00050476,0.13015606
628,0.05166397,0.00004686,0.00009203,0.00000169,0.00545152,0.00960437,0.00129866,4.80490589,6.37932301,3.23048925,0.90806979,0.00426929,0.00085177,0.13016422
629,0.05166528,0.00004686,0.00009203,0.00000168,0.00545088,0.00960431,0.00129745,4.80839157,6.37119770,3.24558520,0.90808368,0.00404964,0.00034208,0.13017656
630,0.05166057,0.00004685,0.00009203,0.00000168,0.00545040,0.00960416,0.00129663,4.80612087,6.36492682,3.24731445,0.90808976,0.00416853,0.00008816,0.13017909
631,0.05166217,0.00004686,0.00009203,0.00000168,0.00545077,0.00960422,0.00129733,4.80623531,6.37599993,3.23647070,0.90808153,0.00446712,0.00045038,0.13017260
632,0.05166439,0.00004686,0.00009203,0.00000169,0.00545142,0.00960432,0.00129854,4.80600309,6.38526058,3.22674561,0.90806735,0.00457270,0.00088578,0.13016069
633,0.05166207,0.00004686,0.00009203,0.00000168,0.00545085,0.00960419,0.00129751,4.80621004,6.36775017,3.24466968,0.90805829,0.00409388,0.00030088,0.13015652
634,0.05166518,0.00004685,0.00009203,0.00000168,0.00545043,0.00960416,0.00129671,4.81063843,6.36458349,3.25669360,0.90806085,0.00394137,-0.00009141,0.13016467
635,0.05166132,0.00004685,0.00009203,0.00000168,0.00545059,0.00960414,0.00129705,4.80654383,6.37065601,3.24243164,0.90806079,0.00429202,0.00022347,0.13017267
636,0.05166288,0.00004686,0.00009203,0.00000169,0.00545122,0.00960424,0.00129819,4.80562067,6.38040638,3.23083496,0.90805918,0.00445798,0.00074180,0.13018176
637,0.05166258,0.00004686,0.00009203,0.00000169,0.00545132,0.00960430,0.00129834,4.80460930,6.37789583,3.23132324,0.90806055,0.00429204,0.00074872,0.13019395
638,0.05166420,0.00004686,0.00009203,0.00000168,0.00545076,0.00960427,0.00129725,4.80792522,6.36698961,3.24886084,0.90806657,0.00398369,0.00021324,0.13020734
639,0.05166632,0.00004685,0.00009203,0.00000168,0.00545029,0.00960421,0.00129637,4.81171274,6.36903095,3.25439453,0.90806907,0.00414015,-0.00004418,0.13021596
640,0.05166313,0.00004686,0.00009203,0.00000168,0.00545093,0.00960422,0.00129764,4.80683231,6.37880182,3.23486328,0.90806061,0.00445084,0.00056056,0.13021520
641,0.05166809,0.00004686,0.00009203,0.00000169,0.00545178,0.00960446,0.00129910,4.80758190,6.38935423,3.22580981,0.90805340,0.00448104,0.00109561,0.13021679
642,0.05166322,0.00004686,0.00009203,0.00000168,0.00545066,0.00960422,0.00129710,4.80755901,6.37217712,3.24294043,0.90804660,0.00429140,0.00025492,0.13021554
643,0.05166851,0.00004685,0.00009203,0.00000168,0.00545016,0.00960425,0.00129607,4.81390095,6.36343765,3.26436377,0.90804636,0.00395367,-0.00034260,0.13022441
644,0.05166356,0.00004686,0.00009203,0.00000168,0.00545051,0.00960420,0.00129683,4.80848694,6.36416674,3.25280762,0.90803909,0.00399450,-0.00000018,0.13022761
645,0.05166401,0.00004686,0.00009203,0.00000169,0.00545144,0.00960437,0.00129851,4.80518198,6.38074970,3.22961426,0.90803391,0.00439278,0.00082409,0.13023493
646,0.05166484,0.00004686,0.00009203,0.00000169,0.00545147,0.00960444,0.00129849,4.80530262,6.38410425,3.22650146,0.90804213,0.00454180,0.00089751,0.13025501
647,0.05166654,0.00004685,0.00009203,0.00000168,0.00545037,0.00960423,0.00129650,4.81162357,6.37098932,3.25225830,0.90805238,0.00419035,0.00005332,0.13027808
648,0.05166819,0.00004686,0.00009203,0.00000168,0.00545046,0.00960438,0.00129653,4.81180620,6.36657286,3.25703955,0.90805364,0.00390793,-0.00007066,0.13029610
649,0.05166356,0.00004686,0.00009203,0.00000168,0.00545093,0.00960432,0.00129754,4.80642033,6.37223959,3.24060059,0.90803874,0.00414555,0.00043282,0.13029456
650,0.05166663,0.00004686,0.00009203,0.00000169,0.00545152,0.00960443,0.00129861,4.80701780,6.38505220,3.22898364,0.90802878,0.00439413,0.00091901,0.13029616
651,0.05166505,0.00004686,0.00009203,0.00000168,0.00545077,0.00960428,0.00129725,4.80868006,6.37757301,3.23978686,0.90802461,0.00444184,0.00040789,0.13030361
652,0.05166394,0.00004685,0.00009203,0.00000168,0.00545020,0.00960417,0.00129622,4.80992031,6.37055206,3.24928808,0.90802598,0.00435611,-0.00001734,0.13031535
653,0.05166207,0.00004686,0.00009203,0.00000168,0.00545123,0.00960447,0.00129799,4.80287170,6.36630201,3.23944092,0.90803045,0.00393790,0.00052456,0.13033523
654,0.05166714,0.00004686,0.00009203,0.00000169,0.00545173,0.00960454,0.00129891,4.80611992,6.38264561,3.22959399,0.90803760,0.00412287,0.00098344,0.13035221
655,0.05166200,0.00004686,0.00009203,0.00000168,0.00545077,0.00960435,0.00129720,4.80501318,6.37329149,3.23673511,0.90804261,0.00433987,0.00043719,0.13035560
656,0.05166560,0.00004685,0.00009203,0.00000168,0.00545018,0.00960426,0.00129610,4.81093788,6.37144804,3.25042725,0.90803647,0.00435745,-0.00000837,0.13034770
657,0.05166237,0.00004686,0.00009203,0.00000168,0.00545098,0.00960438,0.00129758,4.80465364,6.36950016,3.23980713,0.90802366,0.00410290,0.00043933,0.13033694
658,0.05166184,0.00004686,0.00009203,0.00000169,0.00545161,0.00960447,0.00129874,4.80169296,6.37466669,3.22871923,0.90802222,0.00407477,0.00085926,0.13033426
659,0.05166274,0.00004686,0.00009203,0.00000168,0.00545086,0.00960431,0.00129740,4.80585957,6.37128115,3.24043798,0.90802807,0.00419713,0.00042040,0.13033582
660,0.05166534,0.00004685,0.00009203,0.00000168,0.00545006,0.00960425,0.00129588,4.81104851,6.37134361,3.25075293,0.90803701,0.00441985,-0.00008294,0.13034056
661,0.05166344,0.00004686,0.00009203,0.00000168,0.00545081,0.00960434,0.00129728,4.80642509,6.37355185,3.23929858,0.90803921,0.00422834,0.00041623,0.13034579
662,0.05166432,0.00004686,0.00009203,0.00000168,0.00545125,0.00960444,0.00129807,4.80538130,6.37431240,3.23645020,0.90803427,0.00404838,0.00064077,0.13034369
663,0.05166081,0.00004686,0.00009203,0.00000168,0.00545089,0.00960432,0.00129746,4.80374336,6.37170839,3.23577881,0.90803224,0.00422111,0.00048372,0.13034084
664,0.05166359,0.00004686,0.00009203,0.00000168,0.00545073,0.00960429,0.00129716,4.80719090,6.37463522,3.23974609,0.90803128,0.00430643,0.00038119,0.13033849
665,0.05166517,0.00004686,0.00009203,0.00000168,0.00545067,0.00960435,0.00129700,4.80846214,6.36810398,3.24882007,0.90802932,0.00402191,0.00017743,0.13033603
666,0.05166332,0.00004686,0.00009203,0.00000168,0.00545083,0.00960439,0.00129728,4.80586815,6.36940622,3.24233007,0.90803254,0.00412699,0.00035500,0.13034207
667,0.05166370,0.00004686,0.00009203,0.00000168,0.00545070,0.00960432,0.00129708,4.80718470,6.37934351,3.23502612,0.90803736,0.00458213,0.00045571,0.13034756
668,0.05166423,0.00004686,0.00009203,0.00000168,0.00545083,0.00960437,0.00129730,4.80694866,6.38001013,3.23388672,0.90803438,0.00454995,0.00053806,0.13035071
669,0.05166297,0.00004686,0.00009203,0.00000168,0.00545113,0.00960436,0.00129790,4.80494881,6.37210417,3.23779297,0.90802312,0.00409120,0.00055757,0.13034528
670,0.05166355,0.00004686,0.00009203,0.00000168,0.00545113,0.00960448,0.00129778,4.80456305,6.36610413,3.24302173,0.90801799,0.00389794,0.00040955,0.13034186
671,0.05166285,0.00004686,0.00009203,0.00000168,0.00545083,0.00960435,0.00129730,4.80570984,6.37283325,3.23858643,0.90802354,0.00428789,0.00041660,0.13034515
672,0.05166145,0.00004686,0.00009203,0.00000168,0.00545052,0.00960429,0.00129674,4.80565166,6.37218761,3.23911548,0.90803272,0.00443739,0.00027434,0.13035263
673,0.05166302,0.00004686,0.00009203,0.00000168,0.00545038,0.00960428,0.00129648,4.80758047,6.37099981,3.24416113,0.90803713,0.00434523,0.00014744,0.13035715
674,0.05166326,0.00004686,0.00009203,0.00000168,0.00545103,0.00960442,0.00129764,4.80501652,6.37228107,3.23775244,0.90803242,0.00414130,0.00052662,0.13035482
675,0.05166496,0.00004686,0.00009203,0.00000169,0.00545164,0.00960448,0.00129881,4.80464268,6.37983322,3.22945166,0.90802813,0.00412929,0.00092223,0.13034794
676,0.05166235,0.00004686,0.00009203,0.00000168,0.00545089,0.00960435,0.00129742,4.80503273,6.36977053,3.24029541,0.90803045,0.00414359,0.00040094,0.13034000
677,0.05166452,0.00004686,0.00009203,0.00000168,0.00545031,0.00960428,0.00129634,4.80929804,6.36957264,3.24902344,0.90803766,0.00425563,0.00004157,0.13033678
678,0.05166359,0.00004686,0.00009203,0.00000168,0.00545069,0.00960430,0.00129708,4.80725765,6.37470818,3.23980713,0.90803802,0.00438887,0.00036614,0.13033107
679,0.05166417,0.00004686,0.00009203,0.00000168,0.00545104,0.00960436,0.00129772,4.80640697,6.37504148,3.23777270,0.90803242,0.00424032,0.00054202,0.13032015
680,0.05166415,0.00004686,0.00009203,0.00000168,0.00545124,0.00960448,0.00129801,4.80490589,6.37104177,3.23876953,0.90802836,0.00401852,0.00055289,0.13031076
681,0.05166448,0.00004686,0.00009203,0.00000168,0.00545078,0.00960430,0.00129725,4.80788994,6.37225008,3.24353027,0.90803188,0.00415282,0.00032613,0.13030650
682,0.05166323,0.00004685,0.00009203,0.00000168,0.00545039,0.00960423,0.00129655,4.80826855,6.37457275,3.24196386,0.90803933,0.00447676,0.00019184,0.13030566
683,0.05166156,0.00004686,0.00009203,0.00000168,0.00545074,0.00960429,0.00129718,4.80517673,6.37335396,3.23699951,0.90804285,0.00442407,0.00042487,0.13030554
684,0.05166493,0.00004686,0.00009203,0.00000168,0.00545111,0.00960438,0.00129783,4.80681849,6.37714577,3.23649096,0.90803909,0.00427127,0.00058560,0.13029727
685,0.05166370,0.00004686,0.00009203,0.00000168,0.00545121,0.00960435,0.00129806,4.80556917,6.37428141,3.23685718,0.90803468,0.00414295,0.00060937,0.13028580
686,0.05166269,0.00004686,0.00009203,0.00000168,0.00545079,0.00960430,0.00129729,4.80609751,6.37118721,3.24100757,0.90803689,0.00422382,0.00036648,0.13028100
687,0.05166205,0.00004686,0.00009203,0.00000168,0.00545058,0.00960427,0.00129689,4.80620003,6.36866665,3.24373388,0.90804261,0.00427280,0.00022454,0.13028130
688,0.05166211,0.00004686,0.00009203,0.00000168,0.00545090,0.00960431,0.00129749,4.80515623,6.37160397,3.23870850,0.90804785,0.00422598,0.00045983,0.13028508
689,0.05166274,0.00004686,0.00009203,0.00000168,0.00545123,0.00960436,0.00129810,4.80450201,6.37521887,3.23378515,0.90805250,0.00416761,0.00068862,0.13028944
690,0.05166255,0.00004686,0.00009203,0.00000168,0.00545083,0.00960433,0.00129733,4.80555916,6.37169790,3.23942065,0.90805596,0.00425519,0.00043635,0.13029017
691,0.05166167,0.00004686,0.00009203,0.00000168,0.00545055,0.00960428,0.00129683,4.80586004,6.36784363,3.24387622,0.90805364,0.00419223,0.00019780,0.13028623
692,0.05166085,0.00004686,0.00009203,0.00000168,0.00545059,0.00960420,0.00129698,4.80559063,6.37131262,3.23986816,0.90804166,0.00433983,0.00028839,0.13027339
693,0.05166163,0.00004686,0.00009203,0.00000168,0.00545069,0.00960425,0.00129713,4.80566263,6.37009382,3.24123144,0.90802950,0.00428124,0.00026957,0.13026220
694,0.05166142,0.00004686,0.00009203,0.00000168,0.00545082,0.00960424,0.00129739,4.80520058,6.36929178,3.24110937,0.90802723,0.00419401,0.00033971,0.13026550
695,0.05166095,0.00004686,0.00009203,0.00000168,0.00545081,0.00960421,0.00129742,4.80499268,6.37107277,3.23891211,0.90802920,0.00424679,0.00037476,0.13027275
696,0.05166448,0.00004686,0.00009203,0.00000168,0.00545094,0.00960435,0.00129752,4.80705214,6.37407303,3.24003100,0.90804225,0.00417901,0.00043019,0.13029394
697,0.05166117,0.00004686,0.00009203,0.00000168,0.00545076,0.00960434,0.00129719,4.80432415,6.37132263,3.23732519,0.90805542,0.00422822,0.00038653,0.13031249
698,0.05166472,0.00004686,0.00009203,0.00000168,0.00545073,0.00960438,0.00129708,4.80762053,6.37181234,3.24342871,0.90805805,0.00418750,0.00034435,0.13031891
699,0.05166228,0.00004686,0.00009203,0.00000168,0.00545062,0.00960430,0.00129693,4.80611277,6.37032270,3.24190283,0.90804952,0.00427427,0.00028376,0.13031235
700,0.05166382,0.00004686,0.00009203,0.00000168,0.00545056,0.00960427,0.00129686,4.80803490,6.37160397,3.24446630,0.90803570,0.00427181,0.00019648,0.13030085
701,0.05166269,0.00004686,0.00009203,0.00000168,0.00545093,0.00960422,0.00129763,4.80635595,6.37371874,3.23899341,0.90801936,0.00425984,0.00047085,0.13028860
702,0.05166392,0.00004686,0.00009203,0.00000169,0.00545149,0.00960443,0.00129855,4.80442095,6.37438536,3.23445654,0.90801817,0.00406859,0.00074132,0.13029052
703,0.05166322,0.00004686,0.00009203,0.00000168,0.00545097,0.00960432,0.00129761,4.80594635,6.37259388,3.23929858,0.90803397,0.00413236,0.00045657,0.13030788
704,0.05166221,0.00004686,0.00009203,0.00000168,0.00545056,0.00960426,0.00129686,4.80653763,6.37096882,3.24210620,0.90805078,0.00428969,0.00028690,0.13032265
705,0.05166334,0.00004685,0.00009203,0.00000168,0.00545025,0.00960425,0.00129626,4.80854702,6.37144804,3.24564624,0.90805775,0.00436067,0.00009450,0.13032973
706,0.05166362,0.00004686,0.00009203,0.00000168,0.00545103,0.00960436,0.00129771,4.80585003,6.37352085,3.23817968,0.90804404,0.00417989,0.00055278,0.13032064
707,0.05166480,0.00004686,0.00009203,0.00000169,0.00545151,0.00960446,0.00129856,4.80498886,6.37814569,3.23183203,0.90803158,0.00412694,0.00080990,0.13031229
708,0.05166265,0.00004686,0.00009203,0.00000168,0.00545064,0.00960429,0.00129699,4.80652905,6.37023973,3.24281836,0.90802908,0.00424201,0.00025199,0.13030949
709,0.05166604,0.00004685,0.00009203,0.00000168,0.00545019,0.00960422,0.00129615,4.81162357,6.37225008,3.25099707,0.90803134,0.00437103,-0.00002378,0.13031381
710,0.05166357,0.00004686,0.00009203,0.00000168,0.00545123,0.00960441,0.00129805,4.80490065,6.37280178,3.23699951,0.90803593,0.00405317,0.00061354,0.13032651
711,0.05166470,0.00004686,0.00009203,0.00000169,0.00545151,0.00960448,0.00129853,4.80469418,6.37861443,3.23077393,0.90804529,0.00415159,0.00086954,0.13033953
712,0.05166366,0.00004686,0.00009203,0.00000168,0.00545035,0.00960428,0.00129642,4.80840445,6.37142706,3.24538183,0.90805215,0.00432271,0.00012835,0.13034250
713,0.05166601,0.00004685,0.00009203,0.00000168,0.00545016,0.00960427,0.00129604,4.81131029,6.37286472,3.24975586,0.90804636,0.00445426,-0.00000207,0.13033496
714,0.05166367,0.00004686,0.00009203,0.00000169,0.00545158,0.00960450,0.00129865,4.80334044,6.37635422,3.23032641,0.90803033,0.00412348,0.00085011,0.13031819
715,0.05166399,0.00004686,0.00009203,0.00000169,0.00545159,0.00960444,0.00129873,4.80417681,6.37393761,3.23441577,0.90802258,0.00396268,0.00077196,0.13030578
716,0.05166405,0.00004686,0.00009203,0.00000168,0.00545063,0.00960431,0.00129695,4.80782223,6.37168741,3.24395752,0.90802950,0.00423923,0.00021963,0.13030447
717,0.05166535,0.00004685,0.00009203,0.00000168,0.00545013,0.00960423,0.00129604,4.81101274,6.37570810,3.24631763,0.90804183,0.00459815,0.00002041,0.13031374
718,0.05166446,0.00004686,0.00009203,0.00000169,0.00545140,0.00960446,0.00129834,4.80496216,6.37717724,3.23274755,0.90803963,0.00421102,0.00077974,0.13031285
719,0.05166230,0.00004686,0.00009203,0.00000169,0.00545142,0.00960444,0.00129840,4.80287647,6.37147903,3.23427343,0.90803933,0.00399224,0.00070766,0.13030729
720,0.05166316,0.00004686,0.00009203,0.00000168,0.00545062,0.00960428,0.00129696,4.80709791,6.37235403,3.24184179,0.90804571,0.00432018,0.00033014,0.13030531
721,0.05166629,0.00004685,0.00009203,0.00000168,0.00545003,0.00960422,0.00129583,4.81231976,6.37174988,3.25288916,0.90804327,0.00444924,-0.00013748,0.13029681
722,0.05166159,0.00004686,0.00009203,0.00000168,0.00545103,0.00960432,0.00129774,4.80415869,6.36893749,3.23937988,0.90803236,0.00408983,0.00045124,0.13028775
723,0.05166787,0.00004686,0.00009204,0.00000169,0.00545204,0.00960458,0.00129950,4.80570698,6.38037491,3.23103857,0.90803111,0.00394469,0.00103881,0.13028422
724,0.05166392,0.00004686,0.00009203,0.00000169,0.00545147,0.00960446,0.00129848,4.80417490,6.37206221,3.23628759,0.90804112,0.00392711,0.00069260,0.13028282
725,0.05166406,0.00004685,0.00009203,0.00000168,0.00545027,0.00960426,0.00129628,4.80908775,6.36852074,3.24965429,0.90805620,0.00429778,0.00001579,0.13028474
726,0.05166560,0.00004686,0.00009203,0.00000168,0.00545032,0.00960427,0.00129637,4.81049442,6.37572908,3.24525976,0.90806115,0.00449782,0.00014729,0.13028356
727,0.05166439,0.00004686,0.00009203,0.00000169,0.00545146,0.00960443,0.00129848,4.80498362,6.37683344,3.23313403,0.90805709,0.00413742,0.00080337,0.13027470
728,0.05166578,0.00004686,0.00009203,0.00000169,0.00545145,0.00960444,0.00129845,4.80632114,6.37637472,3.23626709,0.90805399,0.00404454,0.00073646,0.13026103
729,0.05166407,0.00004685,0.00009203,0.00000168,0.00545042,0.00960422,0.00129662,4.80906868,6.37125015,3.24688721,0.90805632,0.00430898,0.00013457,0.13025264
730,0.05166328,0.00004685,0.00009203,0.00000168,0.00545041,0.00960417,0.00129664,4.80872059,6.37494802,3.24249268,0.90804988,0.00450103,0.00019438,0.13023958
731,0.05166131,0.00004686,0.00009203,0.00000169,0.00545142,0.00960436,0.00129849,4.80258512,6.37354183,3.23162842,0.90804285,0.00420807,0.00074743,0.13023007
732,0.05166447,0.00004686,0.00009203,0.00000169,0.00545148,0.00960435,0.00129861,4.80563927,6.37678099,3.23449707,0.90804690,0.00409815,0.00076240,0.13023023
733,0.05166245,0.00004686,0.00009203,0.00000168,0.00545065,0.00960422,0.00129709,4.80688763,6.37046862,3.24330664,0.90805823,0.00425719,0.00028764,0.13023482
734,0.05166667,0.00004685,0.00009203,0.00000168,0.00545015,0.00960422,0.00129609,4.81240416,6.37116671,3.25364184,0.90806472,0.00434088,-0.00008809,0.13023524
735,0.05166341,0.00004686,0.00009203,0.00000168,0.00545092,0.00960428,0.00129755,4.80659580,6.37029171,3.24289966,0.90805906,0.00406601,0.00038548,0.13023056
736,0.05166705,0.00004686,0.00009203,0.00000169,0.00545183,0.00960449,0.00129917,4.80614090,6.38010406,3.23217773,0.90805495,0.00405179,0.00097552,0.13022394
737,0.05166219,0.00004686,0.00009203,0.00000168,0.00545111,0.00960427,0.00129795,4.80496693,6.37321854,3.23671484,0.90805769,0.00418202,0.00056541,0.13021438
738,0.05166380,0.00004685,0.00009203,0.00000168,0.00545043,0.00960419,0.00129666,4.80905533,6.37138557,3.24672461,0.90806204,0.00435954,0.00014489,0.13020718
739,0.05166122,0.00004686,0.00009203,0.00000168,0.00545066,0.00960421,0.00129712,4.80568409,6.36887503,3.24249268,0.90806442,0.00428368,0.00028115,0.13020451
740,0.05166273,0.00004686,0.00009203,0.00000168,0.00545099,0.00960428,0.00129771,4.80578804,6.36948967,3.24208593,0.90806645,0.00405790,0.00042057,0.13020524
741,0.05166246,0.00004686,0.00009203,0.00000168,0.00545113,0.00960430,0.00129796,4.80498123,6.37096882,3.23899341,0.90806872,0.00407953,0.00053189,0.13020402
742,0.05166484,0.00004686,0.00009203,0.00000168,0.00545088,0.00960425,0.00129750,4.80843353,6.37783337,3.23903418,0.90806723,0.00442942,0.00048631,0.13019645
743,0.05166468,0.00004686,0.00009203,0.00000168,0.00545068,0.00960422,0.00129714,4.80901146,6.38112497,3.23689795,0.90805835,0.00469655,0.00041094,0.13018158
744,0.05166287,0.00004686,0.00009203,0.00000168,0.00545086,0.00960417,0.00129754,4.80715513,6.37635422,3.23795581,0.90804875,0.00444894,0.00046885,0.13017391
745,0.05166101,0.00004686,0.00009203,0.00000168,0.00545110,0.00960429,0.00129791,4.80372047,6.36755180,3.23988867,0.90804833,0.00408686,0.00045253,0.13017845
746,0.05166436,0.00004686,0.00009203,0.00000169,0.00545125,0.00960437,0.00129813,4.80594158,6.36784363,3.24403906,0.90805894,0.00393491,0.00049885,0.13019313
747,0.05166131,0.00004686,0.00009203,0.00000168,0.00545114,0.00960432,0.00129797,4.80365372,6.37274981,3.23455811,0.90807706,0.00422652,0.00064077,0.13021193
748,0.05166432,0.00004686,0.00009203,0.00000168,0.00545070,0.00960423,0.00129717,4.80847549,6.37793732,3.23901367,0.90808398,0.00444769,0.00044082,0.13021632
749,0.05166401,0.00004685,0.00009203,0.00000168,0.00545041,0.00960417,0.00129666,4.80945921,6.37418747,3.24473071,0.90807801,0.00439658,0.00020328,0.13020684
750,0.05166145,0.00004686,0.00009203,0.00000168,0.00545081,0.00960424,0.00129738,4.80528688,6.36539555,3.24517822,0.90806407,0.00404885,0.00029050,0.13019331
751,0.05166231,0.00004686,0.00009203,0.00000169,0.00545122,0.00960427,0.00129816,4.80481243,6.37480211,3.23482275,0.90805411,0.00423234,0.00062826,0.13018355
752,0.05166288,0.00004686,0.00009203,0.00000169,0.00545120,0.00960426,0.00129814,4.80556011,6.37786436,3.23325610,0.90805334,0.00435570,0.00066270,0.13018100
753,0.05166331,0.00004686,0.00009203,0.00000168,0.00545093,0.00960425,0.00129761,4.80676126,6.37312508,3.24039721,0.90806234,0.00422193,0.00044889,0.13018906
754,0.05166410,0.00004686,0.00009203,0.00000168,0.00545066,0.00960426,0.00129707,4.80815792,6.36647892,3.24983740,0.90807253,0.00397095,0.00013225,0.13019828
755,0.05166341,0.00004686,0.00009203,0.00000168,0.00545062,0.00960420,0.00129705,4.80806637,6.37337494,3.24275732,0.90807509,0.00431120,0.00029468,0.13020298
756,0.05166208,0.00004686,0.00009203,0.00000168,0.00545073,0.00960420,0.00129726,4.80647659,6.37617683,3.23677588,0.90806895,0.00451395,0.00043216,0.13020009
757,0.05166327,0.00004686,0.00009203,0.00000168,0.00545114,0.00960427,0.00129801,4.80600166,6.37561464,3.23638916,0.90805942,0.00429749,0.00062184,0.13019608
758,0.05166337,0.00004686,0.00009203,0.00000169,0.00545136,0.00960437,0.00129835,4.80473614,6.36832285,3.24114990,0.90805763,0.00390140,0.00056785,0.13019773
759,0.05166450,0.00004686,0.00009203,0.00000168,0.00545093,0.00960428,0.00129758,4.80770445,6.36856222,3.24684668,0.90806633,0.00397856,0.00035820,0.13020700
760,0.05166166,0.00004686,0.00009203,0.00000168,0.00545068,0.00960421,0.00129716,4.80609035,6.37577057,3.23640966,0.90807343,0.00449848,0.00044367,0.13021104
761,0.05166376,0.00004686,0.00009203,0.00000168,0.00545073,0.00960423,0.00129722,4.80787754,6.37857294,3.23718262,0.90806848,0.00458975,0.00045954,0.13020404
762,0.05166214,0.00004686,0.00009203,0.00000169,0.00545122,0.00960431,0.00129813,4.80434990,6.37178135,3.23691821,0.90805709,0.00408264,0.00056724,0.13019788
763,0.05166388,0.00004686,0.00009203,0.00000168,0.00545117,0.00960433,0.00129800,4.80603218,6.37083340,3.24123144,0.90805709,0.00400369,0.00049157,0.13020065
764,0.05166471,0.00004686,0.00009203,0.00000168,0.00545080,0.00960427,0.00129733,4.80833006,6.37290621,3.24375415,0.90806717,0.00418476,0.00034381,0.13021128
765,0.05166331,0.00004685,0.00009203,0.00000168,0.00545040,0.00960417,0.00129664,4.80880976,6.37390614,3.24371338,0.90807593,0.00448150,0.00020779,0.13022138
766,0.05166572,0.00004686,0.00009203,0.00000168,0.00545076,0.00960427,0.00129726,4.80944824,6.37719774,3.24169922,0.90807563,0.00429916,0.00041113,0.13022584
767,0.05166207,0.00004686,0.00009203,0.00000168,0.00545117,0.00960435,0.00129800,4.80407906,6.36690617,3.24125171,0.90806723,0.00391346,0.00049566,0.13022085
768,0.05166189,0.00004686,0.00009203,0.00000169,0.00545122,0.00960432,0.00129813,4.80402756,6.37162495,3.23642993,0.90805799,0.00406958,0.00060528,0.13021107
769,0.05166438,0.00004686,0.00009203,0.00000168,0.00545067,0.00960421,0.00129713,4.80884504,6.37820816,3.23948169,0.90805733,0.00460997,0.00038466,0.13020693
770,0.05166332,0.00004685,0.00009203,0.00000168,0.00545060,0.00960414,0.00129705,4.80854702,6.37624979,3.24084473,0.90805477,0.00445489,0.00030768,0.13020453
771,0.05166569,0.00004686,0.00009203,0.00000168,0.00545078,0.00960427,0.00129729,4.80939198,6.37106228,3.24772143,0.90805417,0.00410783,0.00026077,0.13020766
772,0.05166229,0.00004686,0.00009203,0.00000168,0.00545083,0.00960422,0.00129743,4.80621529,6.36910391,3.24332690,0.90805793,0.00413911,0.00036464,0.13021427
773,0.05166554,0.00004686,0.00009203,0.00000168,0.00545080,0.00960429,0.00129730,4.80900669,6.37814569,3.23986816,0.90806836,0.00442419,0.00044822,0.13022800
774,0.05166116,0.00004686,0.00009203,0.00000168,0.00545079,0.00960425,0.00129732,4.80493116,6.37668753,3.23317480,0.90807194,0.00457486,0.00052484,0.13023415
775,0.05166299,0.00004686,0.00009203,0.00000169,0.00545126,0.00960438,0.00129814,4.80449867,6.37496853,3.23402929,0.90806192,0.00422383,0.00067679,0.13022883
776,0.05166516,0.00004686,0.00009203,0.00000168,0.00545118,0.00960440,0.00129796,4.80670452,6.36741638,3.24599218,0.90805501,0.00386493,0.00042868,0.13022263
777,0.05166151,0.00004686,0.00009203,0.00000168,0.00545087,0.00960422,0.00129752,4.80539370,6.37146854,3.23931885,0.90805197,0.00426653,0.00043189,0.13021357
778,0.05166183,0.00004686,0.00009203,0.00000168,0.00545075,0.00960422,0.00129728,4.80593586,6.37562513,3.23624682,0.90805602,0.00444606,0.00041463,0.13021462
779,0.05166454,0.00004686,0.00009203,0.00000168,0.00545071,0.00960419,0.00129722,4.80902529,6.37928104,3.23876953,0.90805387,0.00449268,0.00040930,0.13021055
780,0.05166266,0.00004686,0.00009203,0.00000168,0.00545106,0.00960430,0.00129782,4.80536366,6.37151051,3.23921728,0.90805221,0.00414996,0.00047472,0.13020879
781,0.05166276,0.00004686,0.00009203,0.00000168,0.00545117,0.00960431,0.00129803,4.80507374,6.36934376,3.24080420,0.90805703,0.00400031,0.00050974,0.13021088
782,0.05166195,0.00004686,0.00009203,0.00000168,0.00545079,0.00960423,0.00129734,4.80590725,6.37229156,3.23952246,0.90806597,0.00426728,0.00038491,0.13021481
783,0.05166466,0.00004685,0.00009203,0.00000168,0.00545043,0.00960417,0.00129669,4.81006575,6.37387514,3.24625659,0.90806615,0.00435983,0.00016526,0.13021202
784,0.05166291,0.00004686,0.00009203,0.00000168,0.00545075,0.00960419,0.00129731,4.80729055,6.37271881,3.24186206,0.90806192,0.00431164,0.00037346,0.13020965
785,0.05166382,0.00004686,0.00009203,0.00000169,0.00545130,0.00960435,0.00129824,4.80546188,6.37205219,3.23887134,0.90805626,0.00399181,0.00058825,0.13020685
786,0.05166338,0.00004686,0.00009203,0.00000169,0.00545124,0.00960434,0.00129814,4.80530167,6.37138557,3.23921728,0.90805691,0.00406112,0.00057861,0.13020925
787,0.05166341,0.00004686,0.00009203,0.00000168,0.00545054,0.00960420,0.00129688,4.80827761,6.37579155,3.24076343,0.90806878,0.00447695,0.00028382,0.13022169
788,0.05166339,0.00004685,0.00009203,0.00000168,0.00545012,0.00960414,0.00129611,4.80983067,6.37377071,3.24589038,0.90807354,0.00459935,0.00005237,0.13022944
789,0.05166535,0.00004686,0.00009203,0.00000169,0.00545156,0.00960441,0.00129872,4.80580616,6.37369776,3.23791504,0.90805644,0.00395646,0.00075058,0.13021527
790,0.05166623,0.00004686,0.00009204,0.00000169,0.00545208,0.00960457,0.00129959,4.80404377,6.37302065,3.23506689,0.90804648,0.00371999,0.00090841,0.13020648
791,0.05166268,0.00004686,0.00009203,0.00000168,0.00545115,0.00960432,0.00129799,4.80497742,6.36933327,3.24062109,0.90805119,0.00402159,0.00047915,0.13020565
792,0.05166539,0.00004685,0.00009203,0.00000168,0.00545004,0.00960403,0.00129605,4.81296587,6.37871885,3.24721289,0.90806407,0.00470978,0.00002947,0.13020891
793,0.05166375,0.00004686,0.00009203,0.00000168,0.00545066,0.00960422,0.00129710,4.80816746,6.37941647,3.23691821,0.90806693,0.00463683,0.00042755,0.13020822
794,0.05166419,0.00004686,0.00009203,0.00000169,0.00545166,0.00960443,0.00129889,4.80421400,6.37452078,3.23390722,0.90806192,0.00398260,0.00083213,0.13020524
795,0.05166666,0.00004686,0.00009203,0.00000169,0.00545144,0.00960448,0.00129841,4.80690575,6.36769772,3.24611425,0.90806121,0.00371404,0.00050867,0.13020095
796,0.05166312,0.00004686,0.00009203,0.00000168,0.00545074,0.00960420,0.00129728,4.80749846,6.37223959,3.24275732,0.90807003,0.00423027,0.00034666,0.13020252
797,0.05166613,0.00004685,0.00009203,0.00000168,0.00545045,0.00960420,0.00129670,4.81121016,6.38037491,3.24204516,0.90807343,0.00462631,0.00027887,0.13020062
798,0.05166076,0.00004686,0.00009203,0.00000168,0.00545083,0.00960422,0.00129743,4.80472612,6.37092686,3.23852539,0.90806782,0.00427349,0.00042348,0.13019246
799,0.05166601,0.00004686,0.00009203,0.00000169,0.00545134,0.00960440,0.00129827,4.80712700,6.36746883,3.24678564,0.90806293,0.00372570,0.00045653,0.13018575
800,0.05166283,0.00004686,0.00009203,0.00000168,0.00545116,0.00960427,0.00129806,4.80552197,6.37457275,3.23647070,0.90806568,0.00421216,0.00059743,0.13018151
801,0.05166471,0.00004686,0.00009203,0.00000168,0.00545102,0.00960428,0.00129776,4.80766058,6.38261461,3.23270679,0.90807539,0.00459260,0.00065887,0.13018441
802,0.05166105,0.00004686,0.00009203,0.00000168,0.00545096,0.00960425,0.00129766,4.80438614,6.37443733,3.23433447,0.90807205,0.00435753,0.00053138,0.13017648
803,0.05166338,0.00004686,0.00009203,0.00000168,0.00545104,0.00960428,0.00129781,4.80629683,6.36562490,3.24696875,0.90806776,0.00388888,0.00035707,0.13017076
804,0.05166111,0.00004686,0.00009203,0.00000168,0.00545088,0.00960420,0.00129755,4.80510378,6.36840630,3.24180102,0.90806633,0.00418209,0.00038376,0.13016431
805,0.05166085,0.00004686,0.00009203,0.00000168,0.00545087,0.00960414,0.00129760,4.80535889,6.37805223,3.23266602,0.90806973,0.00452356,0.00055123,0.13016202
806,0.05166204,0.00004686,0.00009203,0.00000169,0.00545117,0.00960423,0.00129811,4.80497932,6.37643766,3.23352051,0.90806311,0.00438868,0.00066553,0.13015307
807,0.05166419,0.00004686,0.00009203,0.00000169,0.00545125,0.00960433,0.00129818,4.80615330,6.37030220,3.24200439,0.90806460,0.00400222,0.00052612,0.13015537
808,0.05166293,0.00004686,0.00009203,0.00000168,0.00545071,0.00960425,0.00129716,4.80698872,6.36739588,3.24658203,0.90807998,0.00404514,0.00021798,0.13016997
809,0.05166322,0.00004685,0.00009203,0.00000168,0.00545045,0.00960414,0.00129675,4.80879688,6.37322903,3.24436450,0.90809226,0.00438393,0.00023720,0.13018131
810,0.05166472,0.00004685,0.00009203,0.00000168,0.00545048,0.00960413,0.00129682,4.81028795,6.37720823,3.24336767,0.90808952,0.00452421,0.00030820,0.13018033
811,0.05166079,0.00004686,0.00009203,0.00000168,0.00545100,0.00960425,0.00129776,4.80409241,6.37020826,3.23797607,0.90807849,0.00419714,0.00051638,0.13017492
812,0.05166502,0.00004686,0.00009203,0.00000169,0.00545163,0.00960440,0.00129886,4.80543327,6.37441683,3.23645020,0.90806961,0.00393515,0.00078044,0.13016888
813,0.05166173,0.00004686,0.00009203,0.00000169,0.00545121,0.00960423,0.00129820,4.80460119,6.37110424,3.23809814,0.90806901,0.00403540,0.00056447,0.13016422
814,0.05166399,0.00004685,0.00009203,0.00000168,0.00545037,0.00960413,0.00129661,4.80988026,6.37498951,3.24477148,0.90807414,0.00454056,0.00015987,0.13016489
815,0.05166150,0.00004686,0.00009203,0.00000168,0.00545069,0.00960419,0.00129719,4.80603027,6.37064600,3.24141455,0.90807360,0.00429981,0.00030459,0.13016552
816,0.05166409,0.00004686,0.00009203,0.00000168,0.00545112,0.00960437,0.00129786,4.80607605,6.36369801,3.24845386,0.90807045,0.00379875,0.00033200,0.13016835
817,0.05166354,0.00004686,0.00009203,0.00000168,0.00545102,0.00960428,0.00129776,4.80653763,6.37359381,3.23948169,0.90806985,0.00421338,0.00048702,0.13016918
818,0.05166498,0.00004686,0.00009203,0.00000168,0.00545103,0.00960422,0.00129785,4.80842447,6.38485432,3.23199463,0.90806973,0.00464324,0.00067514,0.13016716
819,0.05166309,0.00004686,0.00009203,0.00000168,0.00545087,0.00960420,0.00129754,4.80708504,6.37692690,3.23724365,0.90806603,0.00445343,0.00047393,0.13016449
820,0.05166245,0.00004686,0.00009203,0.00000168,0.00545097,0.00960424,0.00129770,4.80582666,6.36804152,3.24361181,0.90806293,0.00404554,0.00034958,0.13016395
821,0.05166204,0.00004686,0.00009203,0.00000168,0.00545114,0.00960426,0.00129802,4.80483150,6.36989594,3.23976660,0.90807074,0.00401945,0.00051618,0.13017386
822,0.05166498,0.00004686,0.00009203,0.00000168,0.00545079,0.00960425,0.00129733,4.80875874,6.37651014,3.24100757,0.90808147,0.00432619,0.00042631,0.13018332
823,0.05166595,0.00004685,0.00009203,0.00000168,0.00545055,0.00960418,0.00129692,4.81095505,6.37772894,3.24418139,0.90808547,0.00442076,0.00029105,0.13018520
824,0.05166385,0.00004685,0.00009203,0.00000168,0.00545035,0.00960418,0.00129653,4.80935478,6.36919785,3.24951172,0.90808237,0.00427170,0.00006873,0.13018751
825,0.05166248,0.00004686,0.00009203,0.00000168,0.00545111,0.00960426,0.00129796,4.80534649,6.37265635,3.23803711,0.90806490,0.00416431,0.00053353,0.13017806
826,0.05166430,0.00004686,0.00009203,0.00000169,0.00545181,0.00960437,0.00129924,4.80443096,6.38004160,3.22882080,0.90804887,0.00414452,0.00096032,0.13016739
827,0.05166413,0.00004686,0.00009203,0.00000168,0.00545080,0.00960420,0.00129741,4.80834532,6.37419796,3.24249268,0.90805441,0.00432813,0.00035489,0.13016675
828,0.05166731,0.00004685,0.00009203,0.00000168,0.00545003,0.00960413,0.00129593,4.81410694,6.37062502,3.25758886,0.90807062,0.00430044,-0.00020409,0.13018107
829,0.05166347,0.00004686,0.00009203,0.00000168,0.00545098,0.00960428,0.00129768,4.80653858,6.36714554,3.24593115,0.90807253,0.00394175,0.00034303,0.13018905
830,0.05166538,0.00004686,0.00009203,0.00000169,0.00545162,0.00960439,0.00129885,4.80592442,6.37987471,3.23197436,0.90807396,0.00413029,0.00090736,0.13019224
831,0.05166215,0.00004686,0.00009203,0.00000168,0.00545073,0.00960423,0.00129722,4.80628204,6.37607288,3.23649096,0.90807676,0.00449954,0.00043148,0.13018538
832,0.05166481,0.00004685,0.00009203,0.00000168,0.00545017,0.00960409,0.00129625,4.81154490,6.37510395,3.24798584,0.90806991,0.00460877,0.00006137,0.13017207
833,0.05166447,0.00004686,0.00009203,0.00000169,0.00545148,0.00960433,0.00129862,4.80579376,6.37216663,3.23942065,0.90805727,0.00394378,0.00063595,0.13015664
834,0.05166697,0.00004686,0.00009203,0.00000169,0.00545191,0.00960444,0.00129937,4.80631447,6.37581253,3.23681641,0.90806258,0.00384371,0.00087717,0.13015759
835,0.05166448,0.00004686,0.00009203,0.00000168,0.00545110,0.00960432,0.00129789,4.80691957,6.37362480,3.24021411,0.90808672,0.00411412,0.00054125,0.13017087
836,0.05166401,0.00004685,0.00009203,0.00000168,0.00545026,0.00960412,0.00129640,4.81022930,6.37739563,3.24306250,0.90810263,0.00461335,0.00017812,0.13017435
837,0.05166126,0.00004686,0.00009203,0.00000168,0.00545070,0.00960420,0.00129720,4.80570269,6.37135410,3.24005127,0.90809476,0.00434275,0.00036215,0.13015886
838,0.05166342,0.00004686,0.00009203,0.00000168,0.00545117,0.00960431,0.00129804,4.80577469,6.36753130,3.24401855,0.90807331,0.00394593,0.00043550,0.13012935
839,0.05166243,0.00004686,0.00009203,0.00000168,0.00545113,0.00960419,0.00129807,4.80587959,6.37298965,3.23876953,0.90806311,0.00420832,0.00052638,0.13010648
840,0.05166471,0.00004686,0.00009203,0.00000168,0.00545100,0.00960416,0.00129785,4.80874634,6.38110399,3.23638916,0.90806955,0.00449714,0.00057218,0.13010129
841,0.05166366,0.00004686,0.00009203,0.00000168,0.00545081,0.00960416,0.00129747,4.80814314,6.37820816,3.23807788,0.90808356,0.00452067,0.00045563,0.13010734
842,0.05166215,0.00004686,0.00009203,0.00000168,0.00545093,0.00960422,0.00129764,4.80585098,6.36967707,3.24202490,0.90809137,0.00412405,0.00039612,0.13010950
843,0.05166333,0.00004686,0.00009203,0.00000168,0.00545098,0.00960426,0.00129771,4.80660152,6.36686468,3.24633789,0.90809852,0.00395694,0.00034268,0.13011047
844,0.05166461,0.00004686,0.00009203,0.00000168,0.00545086,0.00960414,0.00129759,4.80914021,6.37780190,3.24047852,0.90809596,0.00438431,0.00048262,0.13009645
845,0.05166382,0.00004686,0.00009203,0.00000169,0.00545117,0.00960418,0.00129816,4.80725193,6.38116646,3.23333740,0.90808713,0.00445476,0.00069256,0.13007933
846,0.05166344,0.00004686,0.00009203,0.00000169,0.00545121,0.00960417,0.00129825,4.80677319,6.37544775,3.23809814,0.90808266,0.00422772,0.00063904,0.13006584
847,0.05166193,0.00004686,0.00009203,0.00000168,0.00545095,0.00960415,0.00129775,4.80612612,6.36711454,3.24513769,0.90808916,0.00405195,0.00034621,0.13006480
848,0.05166242,0.00004685,0.00009203,0.00000168,0.00545057,0.00960406,0.00129707,4.80836868,6.37011433,3.24662280,0.90809876,0.00422752,0.00021751,0.13006572
849,0.05166445,0.00004685,0.00009203,0.00000168,0.00545069,0.00960407,0.00129730,4.80997276,6.38115597,3.23879004,0.90810382,0.00458560,0.00042699,0.13006580
850,0.05166346,0.00004686,0.00009203,0.00000169,0.00545118,0.00960420,0.00129816,4.80671263,6.37809372,3.23533130,0.90810084,0.00435790,0.00066056,0.13006051
851,0.05166481,0.00004686,0.00009203,0.00000169,0.00545142,0.00960430,0.00129855,4.80659103,6.37119770,3.24198413,0.90810114,0.00390102,0.00063058,0.13006032
852,0.05166259,0.00004686,0.00009203,0.00000168,0.00545083,0.00960420,0.00129746,4.80670547,6.36493731,3.24847412,0.90810800,0.00398966,0.00024414,0.13006267
853,0.05166348,0.00004685,0.00009203,0.00000168,0.00545038,0.00960403,0.00129673,4.81014013,6.37371874,3.24656177,0.90810698,0.00442326,0.00017771,0.13005935
854,0.05166466,0.00004686,0.00009203,0.00000168,0.00545097,0.00960417,0.00129777,4.80861187,6.37873936,3.23848486,0.90810108,0.00438022,0.00052696,0.13005841
855,0.05166371,0.00004686,0.00009203,0.00000169,0.00545168,0.00960426,0.00129911,4.80511284,6.37873936,3.23148608,0.90809160,0.00416462,0.00092221,0.13005416
856,0.05166225,0.00004686,0.00009203,0.00000168,0.00545107,0.00960418,0.00129797,4.80593109,6.36912489,3.24273682,0.90808994,0.00406533,0.00042222,0.13004471
857,0.05166398,0.00004685,0.00009203,0.00000168,0.00545039,0.00960402,0.00129676,4.81071711,6.36868763,3.25274658,0.90809989,0.00419498,0.00002748,0.13004608
858,0.05166330,0.00004685,0.00009203,0.00000168,0.00545066,0.00960408,0.00129723,4.80884838,6.37634373,3.24135351,0.90810370,0.00445777,0.00035915,0.13004844
859,0.05166296,0.00004686,0.00009203,0.00000169,0.00545132,0.00960415,0.00129849,4.80620384,6.38069773,3.23170996,0.90809977,0.00437293,0.00078309,0.13004515
860,0.05166185,0.00004686,0.00009203,0.00000168,0.00545110,0.00960416,0.00129805,4.80562449,6.37030220,3.24094653,0.90809566,0.00413591,0.00050219,0.13003856
861,0.05166370,0.00004686,0.00009203,0.00000168,0.00545074,0.00960417,0.00129732,4.80827665,6.36529160,3.25126147,0.90810668,0.00396644,0.00015915,0.13004777
862,0.05166476,0.00004685,0.00009203,0.00000168,0.00545075,0.00960411,0.00129739,4.80979681,6.37394762,3.24564624,0.90810835,0.00427222,0.00033400,0.13004920
863,0.05166295,0.00004686,0.00009203,0.00000168,0.00545095,0.00960409,0.00129780,4.80765057,6.37655210,3.23874927,0.90810293,0.00434660,0.00051664,0.13004516
864,0.05166315,0.00004686,0.00009203,0.00000169,0.00545135,0.00960416,0.00129853,4.80621815,6.37759352,3.23484302,0.90809745,0.00420778,0.00073822,0.13004342
865,0.05166133,0.00004686,0.00009203,0.00000168,0.00545098,0.00960412,0.00129785,4.80573416,6.37143755,3.24003100,0.90809625,0.00421547,0.00046327,0.13004206
866,0.05166293,0.00004686,0.00009203,0.00000168,0.00545086,0.00960411,0.00129760,4.80771351,6.36931229,3.24611425,0.90809506,0.00410978,0.00030522,0.13004026
867,0.05166362,0.00004685,0.00009203,0.00000168,0.00545076,0.00960410,0.00129743,4.80875969,6.37268734,3.24483252,0.90810084,0.00424411,0.00032579,0.13004518
868,0.05166129,0.00004685,0.00009203,0.00000168,0.00545057,0.00960408,0.00129707,4.80710030,6.37040615,3.24379492,0.90811127,0.00434228,0.00025102,0.13005823
869,0.05166389,0.00004685,0.00009203,0.00000168,0.00545065,0.00960412,0.00129718,4.80909348,6.37030220,3.24788427,0.90810901,0.00417695,0.00022971,0.13006426
870,0.05166191,0.00004686,0.00009203,0.00000168,0.00545098,0.00960413,0.00129784,4.80623150,6.37263536,3.23982763,0.90810162,0.00420168,0.00049362,0.13006651
871,0.05166281,0.00004686,0.00009203,0.00000169,0.00545128,0.00960416,0.00129841,4.80610085,6.37709379,3.23510742,0.90809476,0.00425345,0.00072452,0.13006677
872,0.05166159,0.00004686,0.00009203,0.00000168,0.00545097,0.00960415,0.00129778,4.80572319,6.37267685,3.23876953,0.90809196,0.00429747,0.00048132,0.13006762
873,0.05166188,0.00004686,0.00009203,0.00000168,0.00545081,0.00960417,0.00129745,4.80627871,6.36668730,3.24587011,0.90809327,0.00408779,0.00026457,0.13007222
874,0.05166090,0.00004685,0.00009203,0.00000168,0.00545071,0.00960411,0.00129731,4.80605030,6.36891651,3.24318457,0.90809596,0.00421514,0.00028394,0.13007703
875,0.05166449,0.00004686,0.00009203,0.00000168,0.00545081,0.00960414,0.00129748,4.80919409,6.37935400,3.23903418,0.90810299,0.00438821,0.00046461,0.13008766
876,0.05166401,0.00004686,0.00009203,0.00000169,0.00545122,0.00960424,0.00129819,4.80678034,6.37780190,3.23575854,0.90809822,0.00431688,0.00068136,0.13008514
877,0.05166122,0.00004686,0.00009203,0.00000168,0.00545113,0.00960421,0.00129806,4.80447960,6.36896849,3.23999023,0.90809166,0.00406408,0.00050339,0.13008070
878,0.05166412,0.00004685,0.00009203,0.00000168,0.00545081,0.00960409,0.00129753,4.80920935,6.37328100,3.24513769,0.90809101,0.00421337,0.00035012,0.13008009
879,0.05166236,0.00004685,0.00009203,0.00000168,0.00545050,0.00960407,0.00129694,4.80836105,6.37032270,3.24639893,0.90809649,0.00429409,0.00017654,0.13008666
880,0.05166244,0.00004686,0.00009203,0.00000168,0.00545080,0.00960417,0.00129743,4.80692482,6.37190628,3.24194336,0.90810138,0.00424718,0.00037942,0.13009624
881,0.05166368,0.00004686,0.00009203,0.00000168,0.00545103,0.00960424,0.00129781,4.80692863,6.37048960,3.24336767,0.90809715,0.00405821,0.00043486,0.13009681
882,0.05166335,0.00004686,0.00009203,0.00000169,0.00545130,0.00960422,0.00129838,4.80603600,6.37287474,3.23919678,0.90808898,0.00406847,0.00061934,0.13009082
883,0.05166234,0.00004686,0.00009203,0.00000168,0.00545100,0.00960418,0.00129782,4.80615139,6.37796879,3.23433447,0.90808326,0.00449098,0.00058679,0.13008690
884,0.05166426,0.00004686,0.00009203,0.00000168,0.00545088,0.00960412,0.00129764,4.80887413,6.38023949,3.23750830,0.90807414,0.00457852,0.00048911,0.13007939
885,0.05166319,0.00004686,0.00009203,0.00000168,0.00545107,0.00960419,0.00129795,4.80673218,6.37064600,3.24281836,0.90806770,0.00411786,0.00042333,0.13008131
886,0.05166202,0.00004686,0.00009203,0.00000169,0.00545135,0.00960430,0.00129840,4.80399418,6.36704159,3.24094653,0.90807801,0.00388243,0.00053370,0.13010083
887,0.05166398,0.00004686,0.00009203,0.00000169,0.00545131,0.00960432,0.00129830,4.80586863,6.37768745,3.23404956,0.90810078,0.00427378,0.00075536,0.13012899
888,0.05166255,0.00004685,0.00009203,0.00000168,0.00545046,0.00960416,0.00129676,4.80798006,6.37513542,3.24082446,0.90811062,0.00449592,0.00029361,0.13013856
889,0.05166501,0.00004685,0.00009203,0.00000168,0.00545018,0.00960412,0.00129624,4.81142998,6.36917686,3.25368261,0.90809733,0.00432188,-0.00006442,0.13012561
890,0.05166440,0.00004686,0.00009203,0.00000169,0.00545141,0.00960434,0.00129849,4.80586624,6.36881256,3.24291992,0.90806848,0.00386867,0.00052654,0.13010615
891,0.05166620,0.00004686,0.00009203,0.00000169,0.00545194,0.00960437,0.00129951,4.80604935,6.38140631,3.23069263,0.90805936,0.00411507,0.00101798,0.13010539
892,0.05166265,0.00004686,0.00009203,0.00000168,0.00545084,0.00960417,0.00129751,4.80702448,6.37389565,3.24015307,0.90807152,0.00432894,0.00039344,0.13011780
893,0.05166933,0.00004685,0.00009203,0.00000168,0.00544997,0.00960418,0.00129577,4.81585693,6.36848974,3.26322436,0.90809226,0.00417060,-0.00032968,0.13014363
894,0.05166311,0.00004686,0.00009203,0.00000168,0.00545095,0.00960427,0.00129763,4.80634975,6.36453104,3.24816895,0.90808278,0.00387029,0.00027515,0.13013861
895,0.05166797,0.00004686,0.00009203,0.00000169,0.00545168,0.00960433,0.00129903,4.80882549,6.38911438,3.22853613,0.90807235,0.00448150,0.00104342,0.13012712
896,0.05166436,0.00004686,0.00009203,0.00000168,0.00545078,0.00960415,0.00129742,4.80904961,6.38396883,3.23413086,0.90807575,0.00478160,0.00052271,0.13012649
897,0.05166419,0.00004685,0.00009203,0.00000168,0.00545038,0.00960411,0.00129666,4.81021500,6.37099981,3.24943042,0.90807205,0.00433197,0.00006560,0.13012707
898,0.05166477,0.00004686,0.00009203,0.00000169,0.00545123,0.00960433,0.00129814,4.80677700,6.36536455,3.24818945,0.90807945,0.00373341,0.00041143,0.13014686
899,0.05166503,0.00004686,0.00009203,0.00000169,0.00545160,0.00960437,0.00129882,4.80576849,6.37998962,3.23154712,0.90808904,0.00413176,0.00090195,0.13016051
900,0.05166530,0.00004685,0.00009203,0.00000168,0.00545040,0.00960415,0.00129665,4.81094837,6.37842703,3.24346924,0.90809470,0.00463528,0.00024810,0.13016212
901,0.05166439,0.00004685,0.00009203,0.00000168,0.00545032,0.00960408,0.00129656,4.81081963,6.37182283,3.24981689,0.90807950,0.00437681,0.00006606,0.13014628
902,0.05166353,0.00004686,0.00009203,0.00000169,0.00545165,0.00960439,0.00129891,4.80398846,6.37004137,3.23793554,0.90806353,0.00381451,0.00069881,0.13014086
903,0.05166548,0.00004686,0.00009203,0.00000169,0.00545197,0.00960446,0.00129947,4.80446148,6.37436438,3.23455811,0.90806335,0.00383946,0.00090770,0.13014349
904,0.05166328,0.00004686,0.00009203,0.00000168,0.00545078,0.00960424,0.00129732,4.80716610,6.37385416,3.24047852,0.90808028,0.00434525,0.00036933,0.13015507
905,0.05166895,0.00004685,0.00009203,0.00000168,0.00544979,0.00960408,0.00129551,4.81677246,6.37369776,3.25984716,0.90808922,0.00450652,-0.00026698,0.13016292
906,0.05166290,0.00004686,0.00009203,0.00000168,0.00545084,0.00960422,0.00129747,4.80681562,6.36822891,3.24540210,0.90806991,0.00409036,0.00028649,0.13014668
907,0.05166487,0.00004686,0.00009203,0.00000169,0.00545167,0.00960432,0.00129901,4.80578518,6.37837505,3.23319507,0.90805858,0.00414686,0.00087268,0.13013858
908,0.05166301,0.00004686,0.00009203,0.00000168,0.00545082,0.00960419,0.00129746,4.80724716,6.37379169,3.24070239,0.90806109,0.00435176,0.00038452,0.13014053
909,0.05166695,0.00004685,0.00009203,0.00000168,0.00544993,0.00960404,0.00129581,4.81473780,6.37282276,3.25665283,0.90807527,0.00445606,-0.00022685,0.13015519
910,0.05166338,0.00004686,0.00009203,0.00000168,0.00545097,0.00960428,0.00129766,4.80650139,6.36786461,3.24513769,0.90807503,0.00396233,0.00034210,0.13016233
911,0.05166736,0.00004686,0.00009203,0.00000169,0.00545208,0.00960452,0.00129963,4.80554533,6.38135433,3.22973633,0.90807676,0.00403949,0.00112898,0.13016655
912,0.05166347,0.00004686,0.00009203,0.00000169,0.00545142,0.00960438,0.00129847,4.80458164,6.37594795,3.23321533,0.90808249,0.00415043,0.00076230,0.13016550
913,0.05166792,0.00004685,0.00009203,0.00000168,0.00544988,0.00960407,0.00129568,4.81554127,6.37235403,3.25872803,0.90808725,0.00445277,-0.00023533,0.13016036
914,0.05166452,0.00004685,0.00009203,0.00000168,0.00545034,0.00960413,0.00129656,4.81052351,6.36823940,3.25280762,0.90806830,0.00425961,-0.00001501,0.13013671
915,0.05166744,0.00004686,0.00009203,0.00000169,0.00545205,0.00960437,0.00129973,4.80700493,6.38437510,3.22963476,0.90805483,0.00409573,0.00109601,0.13012853
916,0.05166614,0.00004686,0.00009203,0.00000169,0.00545205,0.00960445,0.00129966,4.80502987,6.37773943,3.23232031,0.90806597,0.00391542,0.00102963,0.13013314
917,0.05166482,0.00004686,0.00009203,0.00000168,0.00545085,0.00960433,0.00129737,4.80778503,6.36632299,3.24924731,0.90809822,0.00390547,0.00025154,0.13014875
918,0.05166854,0.00004685,0.00009203,0.00000168,0.00544982,0.00960410,0.00129554,4.81608105,6.37542725,3.25673437,0.90811151,0.00459542,-0.00020471,0.13014340
919,0.05166209,0.00004685,0.00009203,0.00000168,0.00545064,0.00960410,0.00129719,4.80751228,6.37556267,3.23946142,0.90808821,0.00452551,0.00037409,0.13010502
920,0.05166600,0.00004686,0.00009203,0.00000169,0.00545191,0.00960434,0.00129948,4.80618525,6.37736464,3.23500586,0.90805948,0.00394466,0.00089245,0.13006698
921,0.05166420,0.00004686,0.00009203,0.00000169,0.00545173,0.00960434,0.00129913,4.80484867,6.36877060,3.24092627,0.90806139,0.00376855,0.00065924,0.13005346
922,0.05166188,0.00004685,0.00009202,0.00000168,0.00545046,0.00960401,0.00129691,4.80850124,6.37188530,3.24511719,0.90809184,0.00438315,0.00018331,0.13006406
923,0.05166366,0.00004685,0.00009203,0.00000168,0.00545025,0.00960406,0.00129643,4.81040812,6.37443733,3.24637866,0.90812027,0.00455486,0.00013459,0.13008176
924,0.05166376,0.00004686,0.00009203,0.00000169,0.00545142,0.00960433,0.00129850,4.80526447,6.37562513,3.23490405,0.90812510,0.00412492,0.00078275,0.13008153
925,0.05166293,0.00004686,0.00009203,0.00000169,0.00545158,0.00960431,0.00129885,4.80420065,6.37252092,3.23588061,0.90811121,0.00397045,0.00079911,0.13005538
926,0.05166410,0.00004685,0.00009203,0.00000168,0.00545068,0.00960412,0.00129724,4.80928612,6.36853123,3.25004077,0.90810442,0.00410164,0.00017990,0.13003467
927,0.05166578,0.00004685,0.00009202,0.00000168,0.00545005,0.00960392,0.00129617,4.81426144,6.37209368,3.25642920,0.90809816,0.00445965,-0.00014375,0.13002186
928,0.05166179,0.00004686,0.00009203,0.00000169,0.00545113,0.00960410,0.00129816,4.80598164,6.37604141,3.23592138,0.90808862,0.00434469,0.00058301,0.13001101
929,0.05166766,0.00004686,0.00009203,0.00000169,0.00545226,0.00960438,0.00130014,4.80657101,6.38336468,3.22977710,0.90809250,0.00400539,0.00118527,0.13001555
930,0.05166470,0.00004686,0.00009203,0.00000169,0.00545124,0.00960426,0.00129822,4.80722427,6.36749983,3.24694824,0.90811402,0.00383725,0.00046301,0.13003200
931,0.05166623,0.00004685,0.00009202,0.00000168,0.00544999,0.00960399,0.00129598,4.81423616,6.37558317,3.25288916,0.90813529,0.00457618,-0.00005488,0.13004404
932,0.05166392,0.00004686,0.00009203,0.00000168,0.00545084,0.00960410,0.00129758,4.80881262,6.37891674,3.23870850,0.90812284,0.00445617,0.00049246,0.13002607
933,0.05166751,0.00004686,0.00009203,0.00000169,0.00545206,0.00960430,0.00129983,4.80762815,6.38332272,3.23193359,0.90809679,0.00403171,0.00107742,0.12999541
934,0.05166546,0.00004686,0.00009203,0.00000169,0.00545164,0.00960429,0.00129899,4.80668259,6.36643744,3.24692798,0.90809256,0.00370006,0.00056578,0.12997937
935,0.05166351,0.00004685,0.00009203,0.00000168,0.00545049,0.00960405,0.00129694,4.80977726,6.36835432,3.25120044,0.90810603,0.00422645,0.00006209,0.12998068
936,0.05166396,0.00004685,0.00009203,0.00000168,0.00545058,0.00960404,0.00129711,4.81006718,6.38223934,3.23789477,0.90812433,0.00473130,0.00038813,0.12999734
937,0.05166569,0.00004686,0.00009203,0.00000169,0.00545151,0.00960423,0.00129880,4.80781651,6.38766670,3.22796631,0.90812284,0.00455492,0.00095570,0.12999682
938,0.05166330,0.00004686,0.00009203,0.00000169,0.00545130,0.00960422,0.00129838,4.80605888,6.36746883,3.24464941,0.90811741,0.00385240,0.00048998,0.12999177
939,0.05166475,0.00004685,0.00009203,0.00000168,0.00545069,0.00960411,0.00129726,4.80996132,6.36715603,3.25276709,0.90811515,0.00399795,0.00010910,0.12998554
940,0.05166392,0.00004685,0.00009202,0.00000168,0.00545037,0.00960391,0.00129684,4.81164169,6.37989569,3.24338794,0.90811008,0.00468674,0.00019389,0.12998042
941,0.05166308,0.00004686,0.00009203,0.00000169,0.00545122,0.00960411,0.00129833,4.80692387,6.38138533,3.23246264,0.90810698,0.00455109,0.00073954,0.12998393
942,0.05166509,0.00004686,0.00009203,0.00000169,0.00545184,0.00960422,0.00129946,4.80644226,6.37757301,3.23531103,0.90810639,0.00395666,0.00093236,0.12999140
943,0.05166670,0.00004686,0.00009203,0.00000169,0.00545137,0.00960429,0.00129844,4.80871201,6.36642694,3.25099707,0.90811688,0.00364139,0.00042876,0.12999982
944,0.05166335,0.00004685,0.00009203,0.00000168,0.00545051,0.00960406,0.00129695,4.80944061,6.36656237,3.25231934,0.90812862,0.00409131,0.00008720,0.13000011
945,0.05166549,0.00004685,0.00009203,0.00000168,0.00545060,0.00960403,0.00129717,4.81165028,6.38367701,3.23962402,0.90811980,0.00473848,0.00038405,0.12998660
946,0.05166668,0.00004686,0.00009203,0.00000169,0.00545149,0.00960416,0.00129881,4.80940819,6.38979149,3.22902441,0.90810025,0.00462647,0.00093016,0.12996851
947,0.05166598,0.00004686,0.00009203,0.00000169,0.00545163,0.00960423,0.00129902,4.80774593,6.37255192,3.24294043,0.90809470,0.00384893,0.00065205,0.12996517
948,0.05166742,0.00004686,0.00009203,0.00000168,0.00545089,0.00960421,0.00129757,4.81126308,6.36365604,3.25887060,0.90811300,0.00371605,0.00008362,0.12998299
949,0.05166453,0.00004685,0.00009202,0.00000168,0.00545024,0.00960400,0.00129648,4.81180573,6.37129164,3.25231934,0.90812337,0.00438286,-0.00001810,0.12998754
950,0.05166322,0.00004686,0.00009203,0.00000169,0.00545132,0.00960417,0.00129847,4.80628347,6.38230181,3.23026538,0.90812224,0.00453494,0.00082200,0.12998867
951,0.05166351,0.00004686,0.00009203,0.00000169,0.00545156,0.00960419,0.00129893,4.80582571,6.37882280,3.23282886,0.90811282,0.00421958,0.00087271,0.12998581
952,0.05166397,0.00004685,0.00009203,0.00000168,0.00545070,0.00960410,0.00129731,4.80925655,6.36342716,3.25508642,0.90810698,0.00392091,0.00005765,0.12997991
953,0.05166842,0.00004685,0.00009202,0.00000168,0.00545014,0.00960399,0.00129629,4.81608009,6.36932278,3.26283789,0.90809947,0.00423485,-0.00023924,0.12997505
954,0.05166362,0.00004685,0.00009203,0.00000168,0.00545085,0.00960403,0.00129768,4.80908585,6.37531233,3.24285889,0.90809089,0.00434481,0.00035947,0.12997803
955,0.05166426,0.00004686,0.00009203,0.00000169,0.00545180,0.00960425,0.00129936,4.80544281,6.37998962,3.23089600,0.90810007,0.00414316,0.00096851,0.13000272
956,0.05166317,0.00004686,0.00009203,0.00000168,0.00545111,0.00960416,0.00129806,4.80688763,6.37349987,3.24027514,0.90812439,0.00410907,0.00056152,0.13003020
957,0.05166511,0.00004685,0.00009203,0.00000168,0.00545028,0.00960409,0.00129647,4.81159449,6.37021875,3.25297046,0.90813911,0.00423155,0.00002058,0.13004524
958,0.05166348,0.00004685,0.00009203,0.00000168,0.00545038,0.00960405,0.00129672,4.81003714,6.37186432,3.24820971,0.90812105,0.00435943,0.00012037,0.13003093
959,0.05166550,0.00004686,0.00009203,0.00000169,0.00545162,0.00960425,0.00129899,4.80715752,6.37918758,3.23512793,0.90808719,0.00419861,0.00082927,0.13000491
960,0.05166334,0.00004686,0.00009203,0.00000169,0.00545133,0.00960413,0.00129854,4.80673647,6.37449980,3.23897314,0.90807509,0.00416951,0.00061684,0.12999798
961,0.05166243,0.00004685,0.00009203,0.00000168,0.00545074,0.00960405,0.00129743,4.80800438,6.36853123,3.24747729,0.90809393,0.00414586,0.00024729,0.13002516
962,0.05166346,0.00004685,0.00009202,0.00000168,0.00545038,0.00960402,0.00129674,4.81023073,6.37536430,3.24509692,0.90811890,0.00445744,0.00019658,0.13005891
963,0.05166295,0.00004686,0.00009203,0.00000168,0.00545099,0.00960424,0.00129775,4.80635262,6.37214565,3.24056005,0.90812814,0.00415354,0.00051738,0.13007981
964,0.05166386,0.00004686,0.00009203,0.00000169,0.00545163,0.00960428,0.00129897,4.80524063,6.37616682,3.23431396,0.90811467,0.00397092,0.00085880,0.13007197
965,0.05166287,0.00004686,0.00009203,0.00000168,0.00545107,0.00960418,0.00129796,4.80648899,6.37158346,3.24139404,0.90809703,0.00415372,0.00047507,0.13005185
966,0.05166348,0.00004685,0.00009203,0.00000168,0.00545040,0.00960406,0.00129675,4.80989790,6.36997890,3.24981689,0.90808433,0.00437772,0.00005097,0.13003395
967,0.05166403,0.00004686,0.00009203,0.00000168,0.00545103,0.00960415,0.00129792,4.80807114,6.37338543,3.24275732,0.90807873,0.00419202,0.00043838,0.13003410
968,0.05166360,0.00004686,0.00009203,0.00000169,0.00545149,0.00960423,0.00129876,4.80577803,6.37476015,3.23679614,0.90809560,0.00409339,0.00076711,0.13005756
969,0.05166434,0.00004686,0.00009203,0.00000168,0.00545076,0.00960414,0.00129738,4.80908680,6.37759352,3.24058032,0.90811765,0.00436413,0.00044672,0.13008171
970,0.05166255,0.00004685,0.00009203,0.00000168,0.00545037,0.00960412,0.00129661,4.80850935,6.37212515,3.24489355,0.90812051,0.00443761,0.00017193,0.13008294
971,0.05166300,0.00004686,0.00009203,0.00000168,0.00545104,0.00960422,0.00129786,4.80642223,6.36935425,3.24348974,0.90809852,0.00407221,0.00044046,0.13006081
972,0.05166436,0.00004686,0.00009203,0.00000169,0.00545153,0.00960422,0.00129883,4.80646181,6.37405205,3.23887134,0.90807992,0.00404307,0.00070392,0.13003740
973,0.05166376,0.00004686,0.00009203,0.00000168,0.00545097,0.00960410,0.00129783,4.80832624,6.37692690,3.23972583,0.90808207,0.00439256,0.00049769,0.13003704
974,0.05166370,0.00004685,0.00009203,0.00000168,0.00545076,0.00960408,0.00129745,4.80894184,6.37823963,3.23964453,0.90809625,0.00451553,0.00042664,0.13004987
975,0.05166261,0.00004686,0.00009203,0.00000168,0.00545091,0.00960416,0.00129766,4.80685234,6.36919785,3.24450684,0.90810180,0.00410530,0.00036160,0.13005772
976,0.05166361,0.00004686,0.00009203,0.00000168,0.00545104,0.00960421,0.00129787,4.80714130,6.37213516,3.24214697,0.90810281,0.00410522,0.00046163,0.13005801
977,0.05166231,0.00004686,0.00009203,0.00000169,0.00545117,0.00960418,0.00129816,4.80567551,6.37553120,3.23581958,0.90810889,0.00428816,0.00066417,0.13006003
978,0.05166101,0.00004686,0.00009203,0.00000168,0.00545110,0.00960417,0.00129802,4.80463886,6.37518740,3.23409033,0.90810978,0.00437162,0.00064724,0.13005693
979,0.05166268,0.00004685,0.00009203,0.00000168,0.00545092,0.00960406,0.00129777,4.80773830,6.37408304,3.24139404,0.90810323,0.00426876,0.00046465,0.13004547
980,0.05166394,0.00004686,0.00009203,0.00000168,0.00545112,0.00960420,0.00129804,4.80729961,6.36872911,3.24587011,0.90809023,0.00395854,0.00038400,0.13002390
981,0.05166301,0.00004686,0.00009203,0.00000168,0.00545102,0.00960410,0.00129794,4.80745983,6.37503099,3.23988867,0.90809649,0.00429773,0.00050088,0.13001703
982,0.05166281,0.00004686,0.00009203,0.00000168,0.00545108,0.00960411,0.00129804,4.80702019,6.37872887,3.23531103,0.90811366,0.00441307,0.00064152,0.13002400
983,0.05166225,0.00004686,0.00009203,0.00000168,0.00545106,0.00960411,0.00129801,4.80648327,6.37631226,3.23665380,0.90812224,0.00431124,0.00061212,0.13002598
984,0.05166328,0.00004686,0.00009203,0.00000168,0.00545098,0.00960417,0.00129779,4.80729628,6.36845827,3.24613452,0.90812063,0.00398369,0.00037264,0.13001859
985,0.05166448,0.00004685,0.00009203,0.00000168,0.00545073,0.00960408,0.00129737,4.80983257,6.37135410,3.24831152,0.90811294,0.00415204,0.00024799,0.13000062
986,0.05166212,0.00004685,0.00009203,0.00000168,0.00545065,0.00960404,0.00129727,4.80801678,6.37830210,3.23773193,0.90810931,0.00466899,0.00038232,0.12998940
987,0.05166527,0.00004686,0.00009203,0.00000169,0.00545122,0.00960413,0.00129831,4.80897856,6.38525009,3.23270679,0.90809649,0.00462221,0.00071209,0.12997454
988,0.05166427,0.00004686,0.00009203,0.00000169,0.00545166,0.00960426,0.00129906,4.80575228,6.36952066,3.24198413,0.90808898,0.00382338,0.00065582,0.12997521
989,0.05166496,0.00004686,0.00009203,0.00000169,0.00545126,0.00960425,0.00129827,4.80758476,6.36527061,3.24989843,0.90810752,0.00377204,0.00040044,0.12999679
990,0.05166569,0.00004685,0.00009203,0.00000168,0.00545074,0.00960411,0.00129737,4.81076765,6.38081264,3.24072266,0.90813190,0.00453074,0.00045079,0.13001761
991,0.05166477,0.00004685,0.00009203,0.00000168,0.00545076,0.00960408,0.00129744,4.81001568,6.38352060,3.23651123,0.90813619,0.00466349,0.00052813,0.13001877
992,0.05166246,0.00004686,0.00009203,0.00000169,0.00545109,0.00960407,0.00129810,4.80695820,6.37388515,3.24003100,0.90811622,0.00417110,0.00054574,0.12999915
993,0.05166337,0.00004686,0.00009203,0.00000169,0.00545149,0.00960425,0.00129874,4.80537701,6.36612511,3.24462891,0.90810055,0.00379031,0.00056424,0.12998310
994,0.05166108,0.00004686,0.00009203,0.00000168,0.00545112,0.00960415,0.00129809,4.80482435,6.37018728,3.23946142,0.90810108,0.00415789,0.00046313,0.12998000
995,0.05166399,0.00004685,0.00009202,0.00000168,0.00545056,0.00960399,0.00129712,4.81051445,6.37829161,3.24273682,0.90811354,0.00462752,0.00031745,0.12998675
996,0.05166478,0.00004685,0.00009203,0.00000168,0.00545067,0.00960407,0.00129728,4.81041098,6.37598944,3.24483252,0.90811545,0.00440992,0.00030650,0.12998748
997,0.05166357,0.00004686,0.00009203,0.00000168,0.00545096,0.00960416,0.00129776,4.80765295,6.36546850,3.24983740,0.90811324,0.00390845,0.00027565,0.12998788
998,0.05166273,0.00004686,0.00009203,0.00000169,0.00545126,0.00960419,0.00129832,4.80582237,6.37029171,3.24135351,0.90811741,0.00402590,0.00055529,0.12999366
999,0.05166237,0.00004686,0.00009203,0.00000168,0.00545088,0.00960412,0.00129764,4.80698490,6.37788534,3.23608398,0.90812558,0.00452792,0.00051412,0.13000213
1000,0.05166407,0.00004685,0.00009203,0.00000168,0.00545075,0.00960408,0.00129741,4.80934811,6.37905216,3.23964453,0.90812463,0.00453431,0.00043222,0.13000530
