iter,total,corr,reproj,scale_reg,t_reg,scale,tx,ty,tz
0,0.95997024,0.95997024,0.00000000,0.00000000,0.00000000,1.00000000,0.00000000,0.00000000,0.00000000
1,0.92326188,0.92326182,5.34885454,0.00002500,0.00007500,1.00501263,0.00500000,0.00500000,0.00500000
2,0.88726276,0.88726234,20.73527145,0.00009996,0.00029645,1.01004815,0.00988420,0.00994016,0.00999721
3,0.85198516,0.85198426,44.52157974,0.00022477,0.00065245,1.01510537,0.01449381,0.01475417,0.01498969
4,0.81743389,0.81743234,73.86486816,0.00039928,0.00111854,1.02018297,0.01857998,0.01934710,0.01997542
5,0.78360438,0.78360212,104.61579895,0.00062324,0.00165586,1.02527905,0.02183372,0.02359092,0.02495234
6,0.75047964,0.75047654,132.16580200,0.00089638,0.00221855,1.03039229,0.02401028,0.02733038,0.02991832
7,0.71804553,0.71804160,152.93696594,0.00121832,0.00276838,1.03552067,0.02505590,0.03040698,0.03487118
8,0.68629253,0.68628764,165.18531799,0.00158864,0.00328367,1.04066277,0.02509456,0.03269866,0.03980871
9,0.65522587,0.65522009,168.83758545,0.00200683,0.00375889,1.04581618,0.02432587,0.03415392,0.04472861
10,0.62485427,0.62484765,164.99516296,0.00247231,0.00420066,1.05097926,0.02295170,0.03479772,0.04962857
11,0.59519517,0.59518754,155.41896057,0.00298442,0.00462320,1.05614972,0.02115267,0.03471070,0.05450622
12,0.56626779,0.56625921,142.07919312,0.00354245,0.00504398,1.06132543,0.01908934,0.03400099,0.05935918
13,0.53809077,0.53808111,126.82980347,0.00414556,0.00548040,1.06650400,0.01690940,0.03278356,0.06418501
14,0.51068002,0.51066929,111.21715546,0.00479287,0.00594762,1.07168329,0.01475267,0.03116996,0.06898125
15,0.48405051,0.48403856,96.39645386,0.00548340,0.00645740,1.07686055,0.01275035,0.02926514,0.07374541
16,0.45821172,0.45819849,83.12633514,0.00621609,0.00701781,1.08203351,0.01101821,0.02716775,0.07847499
17,0.43317130,0.43315667,71.82281494,0.00698979,0.00763344,1.08719933,0.00964583,0.02497138,0.08316747
18,0.40893489,0.40891877,62.64552689,0.00780327,0.00830613,1.09235525,0.00868695,0.02276529,0.08782032
19,0.38550600,0.38548833,55.58821487,0.00865521,0.00903576,1.09749830,0.00815557,0.02063382,0.09243099
20,0.36288673,0.36286736,50.54514313,0.00954420,0.00982086,1.10262585,0.00802899,0.01865446,0.09699695
21,0.34108013,0.34105900,47.34915924,0.01046877,0.01065900,1.10773444,0.00825531,0.01689456,0.10151565
22,0.32008535,0.32006240,45.78804398,0.01142731,0.01154689,1.11282146,0.00876202,0.01540757,0.10598456
23,0.29990339,0.29987848,45.61357880,0.01241819,0.01248046,1.11788321,0.00946349,0.01422982,0.11040116
24,0.28053179,0.28050491,46.54986954,0.01343965,0.01345494,1.12291670,0.01026725,0.01337866,0.11476295
25,0.26196820,0.26193926,48.30674362,0.01448988,0.01446500,1.12791848,0.01107979,0.01285249,0.11906744
26,0.24420770,0.24417661,50.59701538,0.01556696,0.01550501,1.13288522,0.01181272,0.01263247,0.12331218
27,0.22724517,0.22721192,53.15717316,0.01666893,0.01656933,1.13781321,0.01238944,0.01268528,0.12749477
28,0.21107276,0.21103731,55.76963806,0.01779374,0.01765266,1.14269924,0.01275139,0.01296640,0.13161281
29,0.19568260,0.19564492,58.27907181,0.01893927,0.01875035,1.14753950,0.01286278,0.01342335,0.13566397
30,0.18106504,0.18102507,60.59661102,0.02010337,0.01985857,1.15233052,0.01271246,0.01399881,0.13964596
31,0.16720968,0.16716743,62.69076920,0.02128380,0.02097424,1.15706861,0.01231290,0.01463353,0.14355658
32,0.15410425,0.15405968,64.56851196,0.02247828,0.02209486,1.16175020,0.01169687,0.01526930,0.14739366
33,0.14173551,0.14168862,66.25254822,0.02368451,0.02321824,1.16637158,0.01091287,0.01585175,0.15115511
34,0.13008785,0.13003860,67.76332855,0.02490012,0.02434226,1.17092931,0.01001999,0.01633318,0.15483892
35,0.11914469,0.11909311,69.10900879,0.02612274,0.02546478,1.17541969,0.00908267,0.01667504,0.15844315
36,0.10888724,0.10883331,70.28412628,0.02734996,0.02658357,1.17983937,0.00816527,0.01684986,0.16196598
37,0.09929632,0.09924004,71.27694702,0.02857938,0.02769638,1.18418455,0.00732668,0.01684234,0.16540566
38,0.09035071,0.09029210,72.07972717,0.02980856,0.02880109,1.18845201,0.00661535,0.01664954,0.16876055
39,0.08202905,0.08196812,72.69954681,0.03103510,0.02989585,1.19263816,0.00606520,0.01628024,0.17202912
40,0.07430862,0.07424539,73.16500092,0.03225661,0.03097912,1.19674003,0.00569309,0.01575347,0.17520997
41,0.06716710,0.06710158,73.52520752,0.03347070,0.03204967,1.20075440,0.00549822,0.01509665,0.17830178
42,0.06058161,0.06051383,73.84346008,0.03467503,0.03310650,1.20467806,0.00546342,0.01434338,0.18130340
43,0.05452866,0.05445865,74.18481445,0.03586729,0.03414870,1.20850813,0.00555794,0.01353102,0.18421379
44,0.04898417,0.04891195,74.60360718,0.03704524,0.03517520,1.21224189,0.00574131,0.01269834,0.18703206
45,0.04392341,0.04384902,75.13422394,0.03820669,0.03618471,1.21587670,0.00596789,0.01188308,0.18975745
46,0.03932131,0.03924479,75.78692627,0.03934953,0.03717565,1.21941006,0.00619158,0.01111975,0.19238935
47,0.03515228,0.03507366,76.55059052,0.04047170,0.03814619,1.22283971,0.00637042,0.01043758,0.19492732
48,0.03139040,0.03130974,77.40081787,0.04157127,0.03909439,1.22616374,0.00647055,0.00985895,0.19737104
49,0.02801020,0.02792754,78.30918884,0.04264641,0.04001840,1.22938013,0.00646925,0.00939830,0.19972035
50,0.02498632,0.02490170,79.25205994,0.04369535,0.04091654,1.23248732,0.00635659,0.00906162,0.20197530
51,0.02229388,0.02220738,80.21468353,0.04471650,0.04178743,1.23548400,0.00613560,0.00884662,0.20413603
52,0.01990893,0.01982059,81.19142914,0.04570833,0.04262996,1.23836887,0.00582112,0.00874341,0.20620288
53,0.01780788,0.01771777,82.18151093,0.04666948,0.04344327,1.24114120,0.00543735,0.00873572,0.20817634
54,0.01596818,0.01587636,83.18395996,0.04759872,0.04422661,1.24380004,0.00501474,0.00880246,0.21005708
55,0.01436753,0.01427406,84.19223785,0.04849495,0.04497927,1.24634540,0.00458629,0.00891950,0.21184589
56,0.01298467,0.01288962,85.19235992,0.04935719,0.04570054,1.24877715,0.00418388,0.00906158,0.21354373
57,0.01179912,0.01170254,86.16420746,0.05018465,0.04638969,1.25109518,0.00383483,0.00920412,0.21515173
58,0.01079115,0.01069313,87.08441162,0.05097665,0.04704601,1.25330007,0.00355922,0.00932495,0.21667114
59,0.00994209,0.00984269,87.93154144,0.05173269,0.04766889,1.25539243,0.00336808,0.00940576,0.21810336
60,0.00923425,0.00913354,88.69064331,0.05245238,0.04825791,1.25737333,0.00326277,0.00943312,0.21944995
61,0.00865123,0.00854928,89.35527802,0.05313550,0.04881285,1.25924373,0.00323546,0.00939919,0.22071257
62,0.00817762,0.00807451,89.92762756,0.05378196,0.04933374,1.26100540,0.00327074,0.00930187,0.22189303
63,0.00779933,0.00769511,90.41722870,0.05439182,0.04982081,1.26265991,0.00334783,0.00914456,0.22299324
64,0.00750330,0.00739806,90.83808136,0.05496528,0.05027453,1.26420915,0.00344344,0.00893550,0.22401524
65,0.00727763,0.00717143,91.20484924,0.05550265,0.05069546,1.26565540,0.00353458,0.00868678,0.22496113
66,0.00711148,0.00700439,91.53212738,0.05600438,0.05108437,1.26700068,0.00360129,0.00841316,0.22583316
67,0.00699496,0.00688704,91.83146667,0.05647102,0.05144207,1.26824796,0.00362875,0.00813069,0.22663362
68,0.00691926,0.00681059,92.11225128,0.05690327,0.05176952,1.26939952,0.00360870,0.00785540,0.22736490
69,0.00687650,0.00676713,92.38061523,0.05730189,0.05206774,1.27045882,0.00353994,0.00760203,0.22802943
70,0.00685976,0.00674975,92.64019012,0.05766774,0.05233781,1.27142847,0.00342792,0.00738292,0.22862972
71,0.00686298,0.00675240,92.89205170,0.05800181,0.05258085,1.27231181,0.00328359,0.00720721,0.22916833
72,0.00688095,0.00676984,93.13506317,0.05830509,0.05279800,1.27311230,0.00312162,0.00708031,0.22964782
73,0.00690919,0.00679762,93.36624908,0.05857870,0.05299038,1.27383280,0.00295827,0.00700371,0.23007081
74,0.00694397,0.00683199,93.58115387,0.05882379,0.05315911,1.27447736,0.00280923,0.00697515,0.23043995
75,0.00698218,0.00686983,93.77532959,0.05904158,0.05330525,1.27504909,0.00268763,0.00698903,0.23075785
76,0.00702128,0.00690861,93.94393921,0.05923329,0.05342984,1.27555192,0.00260257,0.00703716,0.23102716
77,0.00705926,0.00694632,94.08436584,0.05940021,0.05353389,1.27598906,0.00255822,0.00710953,0.23125051
78,0.00709460,0.00698144,94.19480133,0.05954364,0.05361838,1.27636433,0.00255360,0.00719533,0.23143052
79,0.00712616,0.00701281,94.27530670,0.05966488,0.05368428,1.27668118,0.00258312,0.00728386,0.23156977
80,0.00715319,0.00703970,94.32685852,0.05976526,0.05373257,1.27694356,0.00263759,0.00736542,0.23167081
81,0.00717518,0.00706157,94.35152435,0.05984611,0.05376421,1.27715468,0.00270569,0.00743202,0.23173618
82,0.00719188,0.00707819,94.35147858,0.05990874,0.05378019,1.27731800,0.00277560,0.00747795,0.23176834
83,0.00720329,0.00708956,94.32927704,0.05995446,0.05378149,1.27743745,0.00283660,0.00750002,0.23176970
84,0.00720950,0.00709574,94.28737640,0.05998456,0.05376915,1.27751589,0.00288037,0.00749770,0.23174262
85,0.00721080,0.00709706,94.22865295,0.06000030,0.05374425,1.27755690,0.00290193,0.00747286,0.23168941
86,0.00720758,0.00709387,94.15571594,0.06000293,0.05370786,1.27756381,0.00289999,0.00742946,0.23161229
87,0.00720029,0.00708664,94.07164001,0.05999365,0.05366111,1.27753961,0.00287687,0.00737297,0.23151344
88,0.00718944,0.00707586,93.97840881,0.05997364,0.05360509,1.27748740,0.00283782,0.00730979,0.23139492
89,0.00717554,0.00706205,93.87771606,0.05994402,0.05354090,1.27741015,0.00279010,0.00724656,0.23125874
90,0.00715914,0.00704577,93.77114105,0.05990588,0.05346957,1.27731061,0.00274174,0.00718953,0.23110682
91,0.00714077,0.00702751,93.65902710,0.05986027,0.05339206,1.27719164,0.00270036,0.00714398,0.23094098
92,0.00712087,0.00700776,93.54151154,0.05980818,0.05330931,1.27705562,0.00267212,0.00711384,0.23076300
93,0.00709994,0.00698697,93.41931915,0.05975056,0.05322213,1.27690506,0.00266091,0.00710141,0.23057453
94,0.00707842,0.00696560,93.29271698,0.05968830,0.05313126,1.27674258,0.00266800,0.00710723,0.23037714
95,0.00705664,0.00694398,93.16292572,0.05962225,0.05303738,1.27656984,0.00269201,0.00713018,0.23017231
96,0.00703499,0.00692249,93.03086853,0.05955319,0.05294109,1.27638936,0.00272933,0.00716770,0.22996144
97,0.00701375,0.00690143,92.89817810,0.05948188,0.05284292,1.27620280,0.00277480,0.00721613,0.22974584
98,0.00699320,0.00688104,92.76548004,0.05940900,0.05274336,1.27601206,0.00282253,0.00727113,0.22952673
99,0.00697352,0.00686154,92.63358307,0.05933519,0.05264281,1.27581882,0.00286686,0.00732812,0.22930524
100,0.00695488,0.00684307,92.50250244,0.05926105,0.05254168,1.27562463,0.00290314,0.00738275,0.22908241
101,0.00693739,0.00682577,92.37215424,0.05918710,0.05244033,1.27543080,0.00292829,0.00743127,0.22885920
102,0.00692115,0.00680969,92.24193573,0.05911385,0.05233911,1.27523875,0.00294118,0.00747085,0.22863650
103,0.00690618,0.00679490,92.11131287,0.05904174,0.05223837,1.27504957,0.00294257,0.00749975,0.22841512
104,0.00689252,0.00678141,91.97989655,0.05897117,0.05213842,1.27486432,0.00293488,0.00751740,0.22819574
105,0.00688015,0.00676921,91.84740448,0.05890250,0.05203960,1.27468419,0.00292164,0.00752437,0.22797905
106,0.00686905,0.00675827,91.71384430,0.05883605,0.05194220,1.27450955,0.00290689,0.00752219,0.22776559
107,0.00685916,0.00674854,91.57938385,0.05877209,0.05184650,1.27434146,0.00289450,0.00751313,0.22755587
108,0.00685043,0.00673997,91.44448090,0.05871087,0.05175275,1.27418053,0.00288760,0.00749991,0.22735032
109,0.00684278,0.00673247,91.31004333,0.05865258,0.05166119,1.27402723,0.00288812,0.00748536,0.22714934
110,0.00683614,0.00672597,91.17710876,0.05859739,0.05157198,1.27388215,0.00289661,0.00747217,0.22695319
111,0.00683040,0.00672037,91.04640961,0.05854544,0.05148525,1.27374542,0.00291229,0.00746259,0.22676216
112,0.00682548,0.00671559,90.91954803,0.05849682,0.05140112,1.27361739,0.00293321,0.00745824,0.22657645
113,0.00682129,0.00671152,90.79701996,0.05845163,0.05131963,1.27349842,0.00295672,0.00746002,0.22639619
114,0.00681775,0.00670810,90.68003082,0.05840990,0.05124081,1.27338839,0.00297989,0.00746804,0.22622147
115,0.00681475,0.00670522,90.56831360,0.05837165,0.05116465,1.27328765,0.00300005,0.00748169,0.22605237
116,0.00681223,0.00670280,90.46247864,0.05833689,0.05109114,1.27319610,0.00301513,0.00749977,0.22588891
117,0.00681010,0.00670078,90.36188507,0.05830560,0.05102021,1.27311349,0.00302400,0.00752067,0.22573103
118,0.00680830,0.00669907,90.26581573,0.05827773,0.05095180,1.27304006,0.00302652,0.00754253,0.22557871
119,0.00680676,0.00669762,90.17343903,0.05825324,0.05088586,1.27297544,0.00302354,0.00756350,0.22543184
120,0.00680541,0.00669636,90.08374786,0.05823204,0.05082231,1.27291954,0.00301662,0.00758193,0.22529031
121,0.00680422,0.00669524,89.99591827,0.05821406,0.05076107,1.27287209,0.00300776,0.00759650,0.22515398
122,0.00680313,0.00669423,89.90921783,0.05819919,0.05070206,1.27283299,0.00299902,0.00760638,0.22502269
123,0.00680212,0.00669328,89.82267761,0.05818734,0.05064520,1.27280164,0.00299219,0.00761122,0.22489624
124,0.00680113,0.00669236,89.73634338,0.05817837,0.05059041,1.27277803,0.00298851,0.00761120,0.22477444
125,0.00680016,0.00669145,89.65013123,0.05817218,0.05053760,1.27276170,0.00298852,0.00760696,0.22465707
126,0.00679917,0.00669052,89.56421661,0.05816861,0.05048667,1.27275229,0.00299202,0.00759946,0.22454391
127,0.00679816,0.00668956,89.47928619,0.05816755,0.05043755,1.27274942,0.00299820,0.00758991,0.22443473
128,0.00679711,0.00668855,89.39566803,0.05816885,0.05039012,1.27275288,0.00300579,0.00757956,0.22432929
129,0.00679602,0.00668750,89.31422424,0.05817237,0.05034427,1.27276218,0.00301334,0.00756959,0.22422732
130,0.00679487,0.00668639,89.23503876,0.05817797,0.05029992,1.27277696,0.00301950,0.00756100,0.22412860
131,0.00679367,0.00668522,89.15870667,0.05818549,0.05025693,1.27279675,0.00302319,0.00755451,0.22403286
132,0.00679241,0.00668400,89.08528137,0.05819481,0.05021521,1.27282143,0.00302384,0.00755048,0.22393985
133,0.00679111,0.00668272,89.01457214,0.05820577,0.05017464,1.27285028,0.00302137,0.00754895,0.22384933
134,0.00678975,0.00668140,88.94640350,0.05821824,0.05013509,1.27288318,0.00301623,0.00754963,0.22376104
135,0.00678835,0.00668002,88.88011932,0.05823208,0.05009648,1.27291965,0.00300924,0.00755198,0.22367474
136,0.00678692,0.00667861,88.81526184,0.05824715,0.05005867,1.27295935,0.00300144,0.00755528,0.22359021
137,0.00678544,0.00667716,88.75122833,0.05826331,0.05002157,1.27300215,0.00299388,0.00755876,0.22350721
138,0.00678395,0.00667569,88.68751526,0.05828046,0.04998507,1.27304721,0.00298745,0.00756166,0.22342552
139,0.00678243,0.00667418,88.62348175,0.05829847,0.04994906,1.27309477,0.00298274,0.00756334,0.22334494
140,0.00678089,0.00667266,88.55879211,0.05831721,0.04991346,1.27314413,0.00297996,0.00756333,0.22326526
141,0.00677934,0.00667113,88.49354553,0.05833657,0.04987817,1.27319527,0.00297894,0.00756140,0.22318628
142,0.00677779,0.00666959,88.42761230,0.05835648,0.04984310,1.27324760,0.00297919,0.00755754,0.22310783
143,0.00677623,0.00666804,88.36106873,0.05837679,0.04980817,1.27330124,0.00298003,0.00755194,0.22302973
144,0.00677467,0.00666650,88.29411316,0.05839745,0.04977333,1.27335560,0.00298073,0.00754498,0.22295183
145,0.00677311,0.00666496,88.22690582,0.05841835,0.04973849,1.27341068,0.00298064,0.00753716,0.22287396
146,0.00677156,0.00666342,88.15973663,0.05843941,0.04970362,1.27346623,0.00297929,0.00752903,0.22279599
147,0.00677001,0.00666188,88.09275818,0.05846057,0.04966864,1.27352190,0.00297649,0.00752112,0.22271779
148,0.00676848,0.00666036,88.02618408,0.05848176,0.04963353,1.27357769,0.00297232,0.00751387,0.22263925
149,0.00676694,0.00665884,87.95960999,0.05850291,0.04959824,1.27363336,0.00296712,0.00750763,0.22256026
150,0.00676542,0.00665734,87.89354706,0.05852396,0.04956273,1.27368891,0.00296137,0.00750259,0.22248071
151,0.00676391,0.00665584,87.82732391,0.05854488,0.04952697,1.27374387,0.00295561,0.00749876,0.22240055
152,0.00676241,0.00665435,87.76100922,0.05856562,0.04949093,1.27379847,0.00295035,0.00749604,0.22231966
153,0.00676092,0.00665287,87.69442749,0.05858612,0.04945457,1.27385247,0.00294596,0.00749418,0.22223800
154,0.00675943,0.00665141,87.62734222,0.05860637,0.04941788,1.27390563,0.00294262,0.00749287,0.22215553
155,0.00675795,0.00664994,87.55950165,0.05862634,0.04938082,1.27395821,0.00294031,0.00749177,0.22207217
156,0.00675648,0.00664849,87.49114227,0.05864599,0.04934337,1.27400994,0.00293881,0.00749054,0.22198790
157,0.00675501,0.00664703,87.42179871,0.05866533,0.04930552,1.27406073,0.00293781,0.00748890,0.22190268
158,0.00675354,0.00664559,87.35175323,0.05868432,0.04926723,1.27411079,0.00293690,0.00748666,0.22181650
159,0.00675207,0.00664414,87.28087616,0.05870297,0.04922853,1.27415979,0.00293574,0.00748372,0.22172934
160,0.00675061,0.00664270,87.20939636,0.05872127,0.04918937,1.27420783,0.00293405,0.00748007,0.22164118
161,0.00674915,0.00664126,87.13720703,0.05873920,0.04914978,1.27425504,0.00293170,0.00747583,0.22155203
162,0.00674769,0.00663982,87.06430054,0.05875677,0.04910976,1.27430117,0.00292870,0.00747115,0.22146189
163,0.00674623,0.00663838,86.99089813,0.05877399,0.04906932,1.27434647,0.00292521,0.00746628,0.22137077
164,0.00674476,0.00663694,86.91712189,0.05879087,0.04902846,1.27439082,0.00292145,0.00746143,0.22127868
165,0.00674330,0.00663550,86.84287262,0.05880742,0.04898720,1.27443433,0.00291770,0.00745683,0.22118564
166,0.00674183,0.00663406,86.76815033,0.05882363,0.04894556,1.27447689,0.00291424,0.00745264,0.22109167
167,0.00674035,0.00663261,86.69290161,0.05883953,0.04890355,1.27451873,0.00291123,0.00744899,0.22099680
168,0.00673888,0.00663116,86.61729431,0.05885512,0.04886118,1.27455962,0.00290879,0.00744591,0.22090104
169,0.00673740,0.00662971,86.54131317,0.05887043,0.04881845,1.27459991,0.00290689,0.00744337,0.22080442
170,0.00673591,0.00662825,86.46492004,0.05888547,0.04877539,1.27463937,0.00290541,0.00744130,0.22070698
171,0.00673443,0.00662679,86.38818359,0.05890026,0.04873201,1.27467823,0.00290419,0.00743955,0.22060876
172,0.00673293,0.00662533,86.31105042,0.05891483,0.04868831,1.27471650,0.00290301,0.00743798,0.22050977
173,0.00673144,0.00662386,86.23353577,0.05892917,0.04864432,1.27475405,0.00290168,0.00743641,0.22041006
174,0.00672994,0.00662239,86.15561676,0.05894332,0.04860004,1.27479124,0.00290008,0.00743473,0.22030967
175,0.00672843,0.00662092,86.07726288,0.05895729,0.04855549,1.27482796,0.00289813,0.00743280,0.22020863
176,0.00672692,0.00661944,85.99863434,0.05897111,0.04851068,1.27486420,0.00289586,0.00743059,0.22010697
177,0.00672541,0.00661796,85.91944885,0.05898479,0.04846563,1.27490020,0.00289334,0.00742806,0.22000474
178,0.00672389,0.00661647,85.83992767,0.05899835,0.04842036,1.27493572,0.00289072,0.00742525,0.21990195
179,0.00672237,0.00661498,85.75991821,0.05901181,0.04837487,1.27497113,0.00288813,0.00742223,0.21979864
180,0.00672084,0.00661349,85.67971802,0.05902518,0.04832920,1.27500618,0.00288570,0.00741909,0.21969485
181,0.00671932,0.00661199,85.59922028,0.05903849,0.04828335,1.27504098,0.00288351,0.00741594,0.21959060
182,0.00671778,0.00661049,85.51829529,0.05905175,0.04823733,1.27507579,0.00288160,0.00741286,0.21948594
183,0.00671625,0.00660899,85.43715668,0.05906498,0.04819117,1.27511060,0.00287994,0.00740995,0.21938087
184,0.00671471,0.00660748,85.35594940,0.05907818,0.04814487,1.27514529,0.00287844,0.00740723,0.21927544
185,0.00671317,0.00660598,85.27442932,0.05909138,0.04809845,1.27517974,0.00287702,0.00740475,0.21916968
186,0.00671162,0.00660446,85.19296265,0.05910459,0.04805192,1.27521443,0.00287556,0.00740247,0.21906358
187,0.00671007,0.00660295,85.11134338,0.05911781,0.04800528,1.27524912,0.00287398,0.00740037,0.21895720
188,0.00670852,0.00660143,85.02969360,0.05913107,0.04795855,1.27528393,0.00287221,0.00739839,0.21885054
189,0.00670697,0.00659991,84.94777679,0.05914437,0.04791172,1.27531874,0.00287024,0.00739644,0.21874362
190,0.00670541,0.00659839,84.86590576,0.05915771,0.04786481,1.27535379,0.00286810,0.00739446,0.21863647
191,0.00670385,0.00659686,84.78372192,0.05917111,0.04781782,1.27538884,0.00286586,0.00739239,0.21852909
192,0.00670229,0.00659533,84.70151520,0.05918458,0.04777076,1.27542412,0.00286358,0.00739019,0.21842149
193,0.00670072,0.00659380,84.61901093,0.05919812,0.04772364,1.27545965,0.00286134,0.00738783,0.21831369
194,0.00669915,0.00659226,84.53637695,0.05921174,0.04767645,1.27549541,0.00285919,0.00738530,0.21820571
195,0.00669758,0.00659072,84.45344543,0.05922543,0.04762920,1.27553129,0.00285717,0.00738264,0.21809754
196,0.00669600,0.00658918,84.37048340,0.05923921,0.04758191,1.27556741,0.00285526,0.00737986,0.21798921
197,0.00669442,0.00658764,84.28733826,0.05925308,0.04753457,1.27560377,0.00285345,0.00737702,0.21788071
198,0.00669284,0.00658609,84.20401764,0.05926704,0.04748718,1.27564025,0.00285167,0.00737417,0.21777205
199,0.00669126,0.00658454,84.12073517,0.05928109,0.04743974,1.27567708,0.00284989,0.00737134,0.21766323
200,0.00668967,0.00658299,84.03729248,0.05929523,0.04739226,1.27571416,0.00284803,0.00736857,0.21755426
201,0.00668808,0.00658143,83.95371246,0.05930946,0.04734474,1.27575147,0.00284608,0.00736589,0.21744514
202,0.00668649,0.00657987,83.87023163,0.05932379,0.04729718,1.27578902,0.00284401,0.00736328,0.21733586
203,0.00668490,0.00657831,83.78670502,0.05933821,0.04724959,1.27582669,0.00284184,0.00736074,0.21722645
204,0.00668330,0.00657674,83.70291901,0.05935272,0.04720194,1.27586472,0.00283960,0.00735826,0.21711686
205,0.00668169,0.00657517,83.61923981,0.05936732,0.04715425,1.27590299,0.00283732,0.00735579,0.21700713
206,0.00668009,0.00657360,83.53540802,0.05938201,0.04710652,1.27594137,0.00283504,0.00735332,0.21689725
207,0.00667848,0.00657203,83.45138550,0.05939678,0.04705875,1.27598000,0.00283281,0.00735080,0.21678720
208,0.00667687,0.00657045,83.36736298,0.05941163,0.04701093,1.27601886,0.00283063,0.00734822,0.21667700
209,0.00667526,0.00656887,83.28308105,0.05942657,0.04696306,1.27605808,0.00282851,0.00734556,0.21656662
210,0.00667365,0.00656729,83.19881439,0.05944158,0.04691514,1.27609742,0.00282644,0.00734283,0.21645609
211,0.00667203,0.00656570,83.11425781,0.05945667,0.04686717,1.27613676,0.00282439,0.00734001,0.21634537
212,0.00667041,0.00656411,83.02964020,0.05947182,0.04681915,1.27617645,0.00282232,0.00733714,0.21623448
213,0.00666878,0.00656252,82.94484711,0.05948705,0.04677107,1.27621627,0.00282022,0.00733423,0.21612340
214,0.00666716,0.00656093,82.86013031,0.05950234,0.04672293,1.27625632,0.00281807,0.00733129,0.21601214
215,0.00666552,0.00655933,82.77504730,0.05951770,0.04667474,1.27629650,0.00281585,0.00732836,0.21590069
216,0.00666389,0.00655773,82.69009399,0.05953312,0.04662649,1.27633679,0.00281358,0.00732545,0.21578903
217,0.00666226,0.00655613,82.60495758,0.05954859,0.04657817,1.27637720,0.00281127,0.00732257,0.21567719
218,0.00666062,0.00655453,82.51972198,0.05956412,0.04652979,1.27641785,0.00280894,0.00731973,0.21556513
219,0.00665898,0.00655292,82.43432617,0.05957969,0.04648135,1.27645850,0.00280662,0.00731692,0.21545286
220,0.00665733,0.00655131,82.34883118,0.05959531,0.04643284,1.27649951,0.00280431,0.00731413,0.21534039
221,0.00665569,0.00654969,82.26314545,0.05961097,0.04638427,1.27654040,0.00280204,0.00731135,0.21522771
222,0.00665404,0.00654808,82.17752075,0.05962669,0.04633563,1.27658141,0.00279980,0.00730857,0.21511480
223,0.00665239,0.00654646,82.09158325,0.05964243,0.04628692,1.27662265,0.00279758,0.00730578,0.21500167
224,0.00665074,0.00654484,82.00561523,0.05965822,0.04623814,1.27666390,0.00279537,0.00730295,0.21488832
225,0.00664908,0.00654322,81.91954041,0.05967405,0.04618929,1.27670527,0.00279315,0.00730009,0.21477474
226,0.00664742,0.00654159,81.83321381,0.05968991,0.04614035,1.27674663,0.00279091,0.00729720,0.21466093
227,0.00664576,0.00653996,81.74682617,0.05970579,0.04609135,1.27678823,0.00278864,0.00729427,0.21454689
228,0.00664410,0.00653833,81.66036987,0.05972172,0.04604227,1.27682972,0.00278634,0.00729131,0.21443261
229,0.00664243,0.00653670,81.57356262,0.05973766,0.04599312,1.27687144,0.00278401,0.00728834,0.21431810
230,0.00664076,0.00653506,81.48681641,0.05975364,0.04594389,1.27691317,0.00278167,0.00728536,0.21420334
231,0.00663909,0.00653343,81.39994049,0.05976965,0.04589459,1.27695501,0.00277932,0.00728239,0.21408837
232,0.00663741,0.00653178,81.31278992,0.05978568,0.04584521,1.27699685,0.00277697,0.00727943,0.21397315
233,0.00663574,0.00653014,81.22560883,0.05980173,0.04579576,1.27703881,0.00277464,0.00727648,0.21385770
234,0.00663406,0.00652850,81.13837433,0.05981781,0.04574623,1.27708077,0.00277232,0.00727355,0.21374199
235,0.00663238,0.00652685,81.05103302,0.05983391,0.04569662,1.27712274,0.00277002,0.00727062,0.21362604
236,0.00663069,0.00652520,80.96331024,0.05985004,0.04564694,1.27716494,0.00276773,0.00726771,0.21350986
237,0.00662901,0.00652355,80.87565613,0.05986619,0.04559718,1.27720702,0.00276544,0.00726481,0.21339343
238,0.00662732,0.00652189,80.78793335,0.05988236,0.04554735,1.27724922,0.00276314,0.00726190,0.21327677
239,0.00662563,0.00652023,80.69985199,0.05989855,0.04549745,1.27729154,0.00276083,0.00725898,0.21315989
240,0.00662394,0.00651858,80.61185455,0.05991476,0.04544748,1.27733374,0.00275851,0.00725604,0.21304277
241,0.00662224,0.00651691,80.52374268,0.05993100,0.04539743,1.27737617,0.00275616,0.00725310,0.21292540
242,0.00662054,0.00651525,80.43540955,0.05994727,0.04534731,1.27741861,0.00275381,0.00725013,0.21280780
243,0.00661884,0.00651358,80.34690094,0.05996355,0.04529712,1.27746105,0.00275144,0.00724715,0.21268998
244,0.00661714,0.00651192,80.25835419,0.05997986,0.04524686,1.27750361,0.00274907,0.00724415,0.21257192
245,0.00661544,0.00651024,80.16967010,0.05999620,0.04519652,1.27754629,0.00274671,0.00724115,0.21245363
246,0.00661373,0.00650857,80.08088684,0.06001255,0.04514612,1.27758884,0.00274435,0.00723814,0.21233511
247,0.00661202,0.00650690,79.99193573,0.06002894,0.04509565,1.27763164,0.00274200,0.00723513,0.21221636
248,0.00661031,0.00650522,79.90294647,0.06004535,0.04504511,1.27767444,0.00273965,0.00723213,0.21209739
249,0.00660860,0.00650354,79.81377411,0.06006178,0.04499451,1.27771723,0.00273731,0.00722913,0.21197820
250,0.00660688,0.00650186,79.72447968,0.06007823,0.04494384,1.27776015,0.00273496,0.00722613,0.21185878
251,0.00660516,0.00650017,79.63506317,0.06009472,0.04489310,1.27780306,0.00273260,0.00722314,0.21173914
252,0.00660344,0.00649849,79.54570007,0.06011123,0.04484231,1.27784610,0.00273024,0.00722015,0.21161929
253,0.00660172,0.00649680,79.45606232,0.06012776,0.04479145,1.27788913,0.00272786,0.00721717,0.21149921
254,0.00660000,0.00649511,79.36635590,0.06014433,0.04474053,1.27793241,0.00272548,0.00721417,0.21137893
255,0.00659827,0.00649342,79.27651215,0.06016092,0.04468954,1.27797568,0.00272309,0.00721116,0.21125843
256,0.00659654,0.00649172,79.18669891,0.06017755,0.04463849,1.27801895,0.00272069,0.00720815,0.21113771
257,0.00659481,0.00649003,79.09669495,0.06019420,0.04458739,1.27806222,0.00271829,0.00720511,0.21101679
258,0.00659308,0.00648833,79.00652313,0.06021088,0.04453623,1.27810574,0.00271589,0.00720207,0.21089566
259,0.00659134,0.00648663,78.91632080,0.06022759,0.04448500,1.27814925,0.00271349,0.00719902,0.21077432
260,0.00658961,0.00648493,78.82597351,0.06024432,0.04443372,1.27819276,0.00271109,0.00719596,0.21065277
261,0.00658787,0.00648322,78.73549652,0.06026109,0.04438238,1.27823651,0.00270869,0.00719290,0.21053101
262,0.00658613,0.00648152,78.64500427,0.06027789,0.04433099,1.27828026,0.00270629,0.00718983,0.21040906
263,0.00658438,0.00647981,78.55429077,0.06029472,0.04427954,1.27832401,0.00270389,0.00718677,0.21028690
264,0.00658264,0.00647810,78.46362305,0.06031157,0.04422804,1.27836788,0.00270147,0.00718370,0.21016453
265,0.00658089,0.00647639,78.37275696,0.06032846,0.04417647,1.27841187,0.00269905,0.00718063,0.21004197
266,0.00657914,0.00647467,78.28186035,0.06034538,0.04412486,1.27845585,0.00269662,0.00717756,0.20991921
267,0.00657739,0.00647295,78.19080353,0.06036232,0.04407320,1.27849996,0.00269418,0.00717449,0.20979625
268,0.00657564,0.00647124,78.09980011,0.06037931,0.04402148,1.27854407,0.00269174,0.00717141,0.20967309
269,0.00657388,0.00646952,78.00852966,0.06039632,0.04396971,1.27858841,0.00268930,0.00716833,0.20954974
270,0.00657213,0.00646780,77.91726685,0.06041336,0.04391789,1.27863276,0.00268685,0.00716524,0.20942619
271,0.00657037,0.00646607,77.82590485,0.06043044,0.04386602,1.27867711,0.00268440,0.00716214,0.20930246
272,0.00656861,0.00646435,77.73440552,0.06044755,0.04381410,1.27872157,0.00268195,0.00715903,0.20917852
273,0.00656685,0.00646262,77.64293671,0.06046469,0.04376213,1.27876616,0.00267950,0.00715592,0.20905440
274,0.00656508,0.00646089,77.55117798,0.06048185,0.04371011,1.27881074,0.00267705,0.00715280,0.20893008
275,0.00656332,0.00645916,77.45947266,0.06049905,0.04365803,1.27885556,0.00267459,0.00714968,0.20880556
276,0.00656155,0.00645743,77.36764526,0.06051628,0.04360591,1.27890027,0.00267213,0.00714654,0.20868085
277,0.00655978,0.00645569,77.27572632,0.06053353,0.04355374,1.27894521,0.00266966,0.00714340,0.20855595
278,0.00655801,0.00645396,77.18366241,0.06055082,0.04350152,1.27899015,0.00266718,0.00714026,0.20843086
279,0.00655624,0.00645222,77.09169769,0.06056814,0.04344925,1.27903509,0.00266469,0.00713710,0.20830557
280,0.00655446,0.00645048,76.99954224,0.06058549,0.04339693,1.27908015,0.00266220,0.00713395,0.20818008
281,0.00655269,0.00644874,76.90724945,0.06060287,0.04334456,1.27912533,0.00265971,0.00713080,0.20805442
282,0.00655091,0.00644700,76.81494141,0.06062028,0.04329215,1.27917051,0.00265721,0.00712764,0.20792857
283,0.00654913,0.00644525,76.72248840,0.06063771,0.04323969,1.27921581,0.00265472,0.00712448,0.20780252
284,0.00654735,0.00644350,76.62994385,0.06065518,0.04318719,1.27926123,0.00265222,0.00712131,0.20767629
285,0.00654556,0.00644175,76.53733826,0.06067267,0.04313464,1.27930665,0.00264972,0.00711814,0.20754987
286,0.00654378,0.00644000,76.44464111,0.06069020,0.04308204,1.27935207,0.00264722,0.00711497,0.20742325
287,0.00654199,0.00643825,76.35187531,0.06070775,0.04302939,1.27939773,0.00264471,0.00711178,0.20729646
288,0.00654020,0.00643650,76.25914764,0.06072534,0.04297671,1.27944338,0.00264219,0.00710860,0.20716947
289,0.00653841,0.00643474,76.16616058,0.06074294,0.04292397,1.27948916,0.00263967,0.00710541,0.20704231
290,0.00653662,0.00643299,76.07313538,0.06076058,0.04287119,1.27953494,0.00263715,0.00710221,0.20691495
291,0.00653483,0.00643123,75.98006439,0.06077825,0.04281837,1.27958071,0.00263461,0.00709900,0.20678741
292,0.00653303,0.00642947,75.88704681,0.06079594,0.04276550,1.27962673,0.00263208,0.00709579,0.20665969
293,0.00653123,0.00642771,75.79373932,0.06081365,0.04271260,1.27967262,0.00262954,0.00709257,0.20653178
294,0.00652944,0.00642595,75.70048523,0.06083141,0.04265964,1.27971864,0.00262700,0.00708935,0.20640369
295,0.00652764,0.00642418,75.60709381,0.06084918,0.04260665,1.27976477,0.00262446,0.00708612,0.20627542
296,0.00652584,0.00642241,75.51361084,0.06086698,0.04255361,1.27981091,0.00262192,0.00708289,0.20614696
297,0.00652403,0.00642065,75.42000580,0.06088481,0.04250053,1.27985716,0.00261938,0.00707966,0.20601831
298,0.00652223,0.00641888,75.32651520,0.06090267,0.04244741,1.27990353,0.00261683,0.00707643,0.20588949
299,0.00652042,0.00641711,75.23284912,0.06092055,0.04239424,1.27994990,0.00261428,0.00707320,0.20576049
300,0.00651861,0.00641534,75.13906097,0.06093845,0.04234105,1.27999628,0.00261172,0.00706996,0.20563132
301,0.00651681,0.00641356,75.04534149,0.06095639,0.04228780,1.28004277,0.00260915,0.00706671,0.20550194
302,0.00651499,0.00641179,74.95132446,0.06097435,0.04223451,1.28008938,0.00260658,0.00706346,0.20537239
303,0.00651318,0.00641001,74.85743713,0.06099234,0.04218118,1.28013599,0.00260401,0.00706021,0.20524266
304,0.00651137,0.00640823,74.76336670,0.06101035,0.04212781,1.28018260,0.00260143,0.00705695,0.20511276
305,0.00650956,0.00640645,74.66932678,0.06102839,0.04207441,1.28022945,0.00259886,0.00705368,0.20498268
306,0.00650774,0.00640467,74.57508850,0.06104646,0.04202097,1.28027618,0.00259628,0.00705041,0.20485243
307,0.00650592,0.00640289,74.48082733,0.06106456,0.04196749,1.28032315,0.00259370,0.00704713,0.20472200
308,0.00650410,0.00640111,74.38661957,0.06108268,0.04191397,1.28037000,0.00259112,0.00704385,0.20459139
309,0.00650228,0.00639932,74.29222870,0.06110082,0.04186041,1.28041697,0.00258853,0.00704056,0.20446061
310,0.00650046,0.00639754,74.19787598,0.06111899,0.04180682,1.28046405,0.00258594,0.00703727,0.20432965
311,0.00649864,0.00639575,74.10340118,0.06113718,0.04175319,1.28051114,0.00258334,0.00703398,0.20419852
312,0.00649681,0.00639396,74.00875092,0.06115541,0.04169952,1.28055835,0.00258074,0.00703068,0.20406722
313,0.00649499,0.00639217,73.91413116,0.06117366,0.04164582,1.28060567,0.00257813,0.00702739,0.20393574
314,0.00649316,0.00639038,73.81942749,0.06119194,0.04159208,1.28065288,0.00257552,0.00702408,0.20380409
315,0.00649133,0.00638858,73.72464752,0.06121023,0.04153831,1.28070033,0.00257291,0.00702077,0.20367227
316,0.00648950,0.00638679,73.62989044,0.06122856,0.04148449,1.28074777,0.00257030,0.00701746,0.20354028
317,0.00648767,0.00638499,73.53501892,0.06124691,0.04143066,1.28079522,0.00256768,0.00701414,0.20340812
318,0.00648584,0.00638319,73.44000244,0.06126528,0.04137677,1.28084278,0.00256505,0.00701082,0.20327578
319,0.00648401,0.00638140,73.34513855,0.06128368,0.04132286,1.28089035,0.00256243,0.00700749,0.20314328
320,0.00648217,0.00637960,73.25000763,0.06130210,0.04126892,1.28093803,0.00255980,0.00700416,0.20301062
321,0.00648033,0.00637780,73.15491486,0.06132056,0.04121494,1.28098583,0.00255718,0.00700083,0.20287777
322,0.00647850,0.00637600,73.05973816,0.06133904,0.04116093,1.28103352,0.00255455,0.00699749,0.20274477
323,0.00647666,0.00637419,72.96460724,0.06135754,0.04110689,1.28108132,0.00255191,0.00699415,0.20261160
324,0.00647482,0.00637239,72.86920166,0.06137608,0.04105281,1.28112936,0.00254927,0.00699081,0.20247826
325,0.00647297,0.00637058,72.77385712,0.06139463,0.04099871,1.28117728,0.00254663,0.00698746,0.20234476
326,0.00647113,0.00636878,72.67856598,0.06141321,0.04094458,1.28122532,0.00254398,0.00698411,0.20221110
327,0.00646929,0.00636697,72.58307648,0.06143182,0.04089041,1.28127337,0.00254133,0.00698074,0.20207727
328,0.00646745,0.00636516,72.48762512,0.06145045,0.04083622,1.28132153,0.00253867,0.00697738,0.20194328
329,0.00646560,0.00636335,72.39207458,0.06146910,0.04078199,1.28136981,0.00253601,0.00697400,0.20180912
330,0.00646375,0.00636154,72.29636383,0.06148778,0.04072773,1.28141809,0.00253335,0.00697063,0.20167480
331,0.00646190,0.00635972,72.20068359,0.06150648,0.04067345,1.28146636,0.00253069,0.00696725,0.20154032
332,0.00646006,0.00635791,72.10513306,0.06152520,0.04061913,1.28151464,0.00252802,0.00696386,0.20140567
333,0.00645820,0.00635610,72.00925446,0.06154395,0.04056479,1.28156316,0.00252535,0.00696048,0.20127086
334,0.00645635,0.00635428,71.91350555,0.06156272,0.04051041,1.28161168,0.00252268,0.00695709,0.20113589
335,0.00645450,0.00635246,71.81759644,0.06158153,0.04045601,1.28166020,0.00252001,0.00695370,0.20100076
336,0.00645265,0.00635065,71.72177887,0.06160035,0.04040158,1.28170884,0.00251733,0.00695031,0.20086548
337,0.00645079,0.00634883,71.62580109,0.06161920,0.04034713,1.28175747,0.00251465,0.00694691,0.20073003
338,0.00644894,0.00634701,71.52979279,0.06163807,0.04029265,1.28180611,0.00251196,0.00694350,0.20059443
339,0.00644708,0.00634519,71.43377686,0.06165697,0.04023813,1.28185499,0.00250927,0.00694010,0.20045866
340,0.00644522,0.00634336,71.33754730,0.06167589,0.04018360,1.28190386,0.00250658,0.00693669,0.20032273
341,0.00644337,0.00634154,71.24153900,0.06169483,0.04012904,1.28195274,0.00250389,0.00693327,0.20018665
342,0.00644150,0.00633972,71.14522552,0.06171380,0.04007445,1.28200161,0.00250118,0.00692985,0.20005041
343,0.00643964,0.00633789,71.04901886,0.06173279,0.04001984,1.28205061,0.00249848,0.00692642,0.19991402
344,0.00643778,0.00633606,70.95278931,0.06175181,0.03996520,1.28209972,0.00249578,0.00692300,0.19977748
345,0.00643592,0.00633424,70.85638428,0.06177085,0.03991054,1.28214884,0.00249308,0.00691957,0.19964078
346,0.00643405,0.00633241,70.76004028,0.06178991,0.03985585,1.28219795,0.00249037,0.00691613,0.19950393
347,0.00643219,0.00633058,70.66366577,0.06180900,0.03980114,1.28224730,0.00248766,0.00691270,0.19936693
348,0.00643032,0.00632875,70.56718445,0.06182811,0.03974641,1.28229654,0.00248494,0.00690925,0.19922976
349,0.00642846,0.00632692,70.47070312,0.06184725,0.03969166,1.28234577,0.00248222,0.00690580,0.19909245
350,0.00642659,0.00632509,70.37425232,0.06186641,0.03963688,1.28239524,0.00247950,0.00690235,0.19895498
351,0.00642472,0.00632326,70.27764130,0.06188559,0.03958208,1.28244460,0.00247677,0.00689890,0.19881737
352,0.00642285,0.00632142,70.18108368,0.06190480,0.03952726,1.28249419,0.00247405,0.00689544,0.19867961
353,0.00642098,0.00631959,70.08434296,0.06192403,0.03947241,1.28254378,0.00247132,0.00689199,0.19854170
354,0.00641911,0.00631775,69.98767090,0.06194328,0.03941755,1.28259337,0.00246858,0.00688852,0.19840364
355,0.00641724,0.00631591,69.89097595,0.06196255,0.03936267,1.28264308,0.00246584,0.00688505,0.19826543
356,0.00641537,0.00631408,69.79418945,0.06198185,0.03930776,1.28269279,0.00246310,0.00688158,0.19812708
357,0.00641349,0.00631224,69.69737244,0.06200117,0.03925284,1.28274250,0.00246035,0.00687810,0.19798857
358,0.00641162,0.00631040,69.60069275,0.06202051,0.03919789,1.28279221,0.00245760,0.00687461,0.19784991
359,0.00640975,0.00630856,69.50374603,0.06203987,0.03914292,1.28284216,0.00245486,0.00687112,0.19771111
360,0.00640787,0.00630672,69.40688324,0.06205926,0.03908794,1.28289211,0.00245211,0.00686763,0.19757216
361,0.00640599,0.00630488,69.30982971,0.06207867,0.03903292,1.28294206,0.00244936,0.00686414,0.19743305
362,0.00640411,0.00630304,69.21292877,0.06209811,0.03897791,1.28299201,0.00244661,0.00686064,0.19729382
363,0.00640224,0.00630120,69.11599731,0.06211757,0.03892286,1.28304219,0.00244385,0.00685715,0.19715443
364,0.00640036,0.00629935,69.01882935,0.06213704,0.03886780,1.28309226,0.00244109,0.00685365,0.19701490
365,0.00639848,0.00629751,68.92192841,0.06215655,0.03881273,1.28314245,0.00243832,0.00685014,0.19687523
366,0.00639660,0.00629566,68.82473755,0.06217607,0.03875763,1.28319275,0.00243555,0.00684664,0.19673541
367,0.00639472,0.00629382,68.72764587,0.06219562,0.03870251,1.28324306,0.00243277,0.00684313,0.19659545
368,0.00639283,0.00629197,68.63040924,0.06221519,0.03864739,1.28329337,0.00242999,0.00683961,0.19645534
369,0.00639095,0.00629012,68.53325653,0.06223478,0.03859224,1.28334379,0.00242721,0.00683609,0.19631509
370,0.00638907,0.00628827,68.43599701,0.06225440,0.03853708,1.28339422,0.00242443,0.00683256,0.19617471
371,0.00638718,0.00628643,68.33883667,0.06227404,0.03848190,1.28344476,0.00242165,0.00682903,0.19603418
372,0.00638530,0.00628458,68.24160004,0.06229369,0.03842670,1.28349531,0.00241887,0.00682550,0.19589351
373,0.00638341,0.00628273,68.14421082,0.06231337,0.03837150,1.28354585,0.00241608,0.00682196,0.19575270
374,0.00638153,0.00628088,68.04691315,0.06233307,0.03831627,1.28359652,0.00241329,0.00681842,0.19561175
375,0.00637964,0.00627902,67.94955444,0.06235280,0.03826103,1.28364718,0.00241050,0.00681488,0.19547066
376,0.00637775,0.00627717,67.85218811,0.06237254,0.03820578,1.28369796,0.00240770,0.00681134,0.19532944
377,0.00637586,0.00627532,67.75479126,0.06239230,0.03815051,1.28374875,0.00240490,0.00680779,0.19518808
378,0.00637398,0.00627347,67.65744781,0.06241209,0.03809524,1.28379965,0.00240210,0.00680424,0.19504657
379,0.00637209,0.00627161,67.56002808,0.06243190,0.03803994,1.28385055,0.00239929,0.00680068,0.19490494
380,0.00637020,0.00626976,67.46250916,0.06245173,0.03798464,1.28390145,0.00239648,0.00679712,0.19476317
381,0.00636831,0.00626791,67.36506653,0.06247158,0.03792931,1.28395236,0.00239367,0.00679356,0.19462125
382,0.00636641,0.00626605,67.26745605,0.06249145,0.03787398,1.28400350,0.00239086,0.00678999,0.19447920
383,0.00636452,0.00626419,67.16990662,0.06251134,0.03781863,1.28405452,0.00238804,0.00678642,0.19433701
384,0.00636263,0.00626234,67.07241058,0.06253126,0.03776327,1.28410566,0.00238523,0.00678285,0.19419469
385,0.00636074,0.00626048,66.97475433,0.06255118,0.03770791,1.28415680,0.00238241,0.00677927,0.19405223
386,0.00635884,0.00625862,66.87715149,0.06257115,0.03765252,1.28420806,0.00237959,0.00677569,0.19390965
387,0.00635695,0.00625676,66.77946472,0.06259112,0.03759713,1.28425932,0.00237676,0.00677211,0.19376692
388,0.00635505,0.00625490,66.68184662,0.06261113,0.03754173,1.28431070,0.00237393,0.00676853,0.19362408
389,0.00635316,0.00625304,66.58435059,0.06263114,0.03748632,1.28436208,0.00237110,0.00676494,0.19348110
390,0.00635126,0.00625118,66.48656464,0.06265117,0.03743090,1.28441346,0.00236826,0.00676135,0.19333799
391,0.00634937,0.00624932,66.38890076,0.06267124,0.03737547,1.28446496,0.00236542,0.00675775,0.19319475
392,0.00634747,0.00624746,66.29116821,0.06269133,0.03732003,1.28451645,0.00236258,0.00675415,0.19305137
393,0.00634557,0.00624560,66.19339752,0.06271143,0.03726458,1.28456807,0.00235974,0.00675055,0.19290787
394,0.00634368,0.00624374,66.09577179,0.06273156,0.03720913,1.28461969,0.00235690,0.00674694,0.19276424
395,0.00634178,0.00624188,65.99799347,0.06275170,0.03715366,1.28467131,0.00235405,0.00674333,0.19262047
396,0.00633988,0.00624001,65.90014648,0.06277186,0.03709819,1.28472292,0.00235120,0.00673972,0.19247659
397,0.00633798,0.00623815,65.80234528,0.06279205,0.03704271,1.28477478,0.00234835,0.00673610,0.19233257
398,0.00633609,0.00623629,65.70466614,0.06281225,0.03698722,1.28482652,0.00234550,0.00673248,0.19218843
399,0.00633419,0.00623442,65.60685730,0.06283248,0.03693172,1.28487837,0.00234264,0.00672886,0.19204415
400,0.00633229,0.00623256,65.50901794,0.06285273,0.03687622,1.28493023,0.00233979,0.00672524,0.19189975
401,0.00633039,0.00623069,65.41118622,0.06287299,0.03682071,1.28498220,0.00233692,0.00672161,0.19175522
402,0.00632848,0.00622883,65.31331635,0.06289328,0.03676519,1.28503418,0.00233406,0.00671798,0.19161057
403,0.00632658,0.00622696,65.21546173,0.06291358,0.03670967,1.28508615,0.00233119,0.00671434,0.19146580
404,0.00632468,0.00622510,65.11759186,0.06293390,0.03665414,1.28513825,0.00232832,0.00671071,0.19132090
405,0.00632278,0.00622323,65.01972198,0.06295423,0.03659860,1.28519034,0.00232544,0.00670707,0.19117586
406,0.00632088,0.00622136,64.92184448,0.06297460,0.03654306,1.28524244,0.00232257,0.00670343,0.19103071
407,0.00631898,0.00621949,64.82394409,0.06299499,0.03648752,1.28529477,0.00231969,0.00669978,0.19088544
408,0.00631707,0.00621763,64.72602081,0.06301540,0.03643197,1.28534698,0.00231682,0.00669613,0.19074005
409,0.00631517,0.00621576,64.62798309,0.06303582,0.03637642,1.28539920,0.00231393,0.00669248,0.19059452
410,0.00631327,0.00621389,64.53013611,0.06305627,0.03632086,1.28545165,0.00231105,0.00668882,0.19044888
411,0.00631136,0.00621202,64.43218994,0.06307673,0.03626529,1.28550398,0.00230816,0.00668516,0.19030312
412,0.00630946,0.00621015,64.33426666,0.06309722,0.03620973,1.28555632,0.00230527,0.00668149,0.19015723
413,0.00630755,0.00620828,64.23632812,0.06311771,0.03615416,1.28560877,0.00230238,0.00667782,0.19001123
414,0.00630565,0.00620641,64.13838196,0.06313823,0.03609860,1.28566134,0.00229949,0.00667416,0.18986511
415,0.00630375,0.00620455,64.04048157,0.06315877,0.03604302,1.28571391,0.00229660,0.00667049,0.18971887
416,0.00630184,0.00620268,63.94253540,0.06317931,0.03598744,1.28576636,0.00229370,0.00666681,0.18957251
417,0.00629994,0.00620080,63.84449005,0.06319989,0.03593187,1.28581905,0.00229080,0.00666314,0.18942603
418,0.00629803,0.00619893,63.74654388,0.06322048,0.03587629,1.28587162,0.00228789,0.00665946,0.18927944
419,0.00629612,0.00619706,63.64857483,0.06324110,0.03582071,1.28592432,0.00228499,0.00665578,0.18913272
420,0.00629422,0.00619519,63.55058289,0.06326175,0.03576512,1.28597713,0.00228209,0.00665210,0.18898588
421,0.00629231,0.00619332,63.45265961,0.06328241,0.03570955,1.28602993,0.00227918,0.00664841,0.18883894
422,0.00629041,0.00619145,63.35466766,0.06330308,0.03565396,1.28608274,0.00227627,0.00664472,0.18869188
423,0.00628850,0.00618958,63.25673676,0.06332378,0.03559837,1.28613567,0.00227335,0.00664102,0.18854471
424,0.00628659,0.00618771,63.15872955,0.06334449,0.03554279,1.28618860,0.00227043,0.00663732,0.18839741
425,0.00628469,0.00618583,63.06079102,0.06336523,0.03548721,1.28624165,0.00226751,0.00663362,0.18825001
426,0.00628278,0.00618396,62.96275330,0.06338598,0.03543163,1.28629470,0.00226459,0.00662991,0.18810248
427,0.00628087,0.00618209,62.86481476,0.06340675,0.03537605,1.28634775,0.00226166,0.00662620,0.18795484
428,0.00627897,0.00618022,62.76685715,0.06342754,0.03532046,1.28640079,0.00225873,0.00662249,0.18780710
429,0.00627706,0.00617835,62.66889954,0.06344835,0.03526489,1.28645396,0.00225580,0.00661877,0.18765923
430,0.00627515,0.00617647,62.57086182,0.06346917,0.03520931,1.28650713,0.00225287,0.00661506,0.18751125
431,0.00627324,0.00617460,62.47292328,0.06349002,0.03515373,1.28656030,0.00224994,0.00661135,0.18736316
432,0.00627133,0.00617272,62.37489319,0.06351088,0.03509815,1.28661358,0.00224701,0.00660763,0.18721496
433,0.00626943,0.00617085,62.27693176,0.06353176,0.03504258,1.28666687,0.00224408,0.00660392,0.18706664
434,0.00626752,0.00616898,62.17910004,0.06355266,0.03498700,1.28672028,0.00224114,0.00660019,0.18691821
435,0.00626561,0.00616711,62.08113098,0.06357357,0.03493144,1.28677356,0.00223820,0.00659646,0.18676968
436,0.00626370,0.00616523,61.98309708,0.06359449,0.03487587,1.28682697,0.00223525,0.00659273,0.18662104
437,0.00626180,0.00616336,61.88516998,0.06361543,0.03482031,1.28688037,0.00223230,0.00658899,0.18647228
438,0.00625989,0.00616149,61.78726959,0.06363638,0.03476475,1.28693390,0.00222935,0.00658525,0.18632342
439,0.00625798,0.00615961,61.68931198,0.06365737,0.03470920,1.28698730,0.00222640,0.00658151,0.18617445
440,0.00625607,0.00615774,61.59146500,0.06367836,0.03465365,1.28704095,0.00222345,0.00657777,0.18602537
441,0.00625416,0.00615586,61.49349594,0.06369937,0.03459810,1.28709459,0.00222050,0.00657403,0.18587618
442,0.00625225,0.00615399,61.39559937,0.06372041,0.03454256,1.28714812,0.00221755,0.00657028,0.18572688
443,0.00625035,0.00615212,61.29767990,0.06374145,0.03448702,1.28720176,0.00221459,0.00656653,0.18557748
444,0.00624844,0.00615024,61.19977188,0.06376252,0.03443150,1.28725553,0.00221163,0.00656278,0.18542798
445,0.00624653,0.00614837,61.10199738,0.06378362,0.03437597,1.28730929,0.00220867,0.00655903,0.18527837
446,0.00624462,0.00614650,61.00411224,0.06380472,0.03432046,1.28736305,0.00220571,0.00655527,0.18512866
447,0.00624271,0.00614462,60.90626526,0.06382585,0.03426494,1.28741682,0.00220274,0.00655152,0.18497884
448,0.00624080,0.00614275,60.80842972,0.06384699,0.03420945,1.28747082,0.00219977,0.00654775,0.18482892
449,0.00623890,0.00614087,60.71053314,0.06386815,0.03415395,1.28752458,0.00219679,0.00654399,0.18467890
450,0.00623699,0.00613900,60.61282730,0.06388933,0.03409845,1.28757858,0.00219382,0.00654021,0.18452877
451,0.00623508,0.00613713,60.51498413,0.06391053,0.03404297,1.28763258,0.00219085,0.00653644,0.18437853
452,0.00623317,0.00613525,60.41714859,0.06393173,0.03398749,1.28768659,0.00218787,0.00653266,0.18422820
453,0.00623126,0.00613338,60.31936646,0.06395295,0.03393202,1.28774059,0.00218489,0.00652888,0.18407775
454,0.00622936,0.00613151,60.22162628,0.06397419,0.03387656,1.28779471,0.00218191,0.00652510,0.18392721
455,0.00622745,0.00612963,60.12386322,0.06399545,0.03382110,1.28784883,0.00217893,0.00652132,0.18377657
456,0.00622554,0.00612776,60.02617264,0.06401673,0.03376566,1.28790295,0.00217594,0.00651754,0.18362583
457,0.00622363,0.00612589,59.92841721,0.06403803,0.03371022,1.28795719,0.00217296,0.00651376,0.18347499
458,0.00622173,0.00612401,59.83067703,0.06405934,0.03365479,1.28801143,0.00216997,0.00650997,0.18332404
459,0.00621982,0.00612214,59.73293686,0.06408068,0.03359938,1.28806567,0.00216698,0.00650619,0.18317300
460,0.00621791,0.00612027,59.63524246,0.06410202,0.03354397,1.28812003,0.00216398,0.00650239,0.18302186
461,0.00621601,0.00611839,59.53762817,0.06412338,0.03348856,1.28817439,0.00216099,0.00649859,0.18287061
462,0.00621410,0.00611652,59.43998337,0.06414476,0.03343317,1.28822863,0.00215799,0.00649479,0.18271928
463,0.00621219,0.00611465,59.34236908,0.06416615,0.03337779,1.28828311,0.00215499,0.00649099,0.18256783
464,0.00621029,0.00611278,59.24469757,0.06418756,0.03332242,1.28833759,0.00215199,0.00648718,0.18241630
465,0.00620838,0.00611090,59.14710236,0.06420899,0.03326706,1.28839207,0.00214899,0.00648337,0.18226467
466,0.00620647,0.00610903,59.04953766,0.06423044,0.03321172,1.28844655,0.00214599,0.00647956,0.18211295
467,0.00620457,0.00610716,58.95195007,0.06425189,0.03315638,1.28850114,0.00214298,0.00647575,0.18196112
468,0.00620266,0.00610529,58.85444641,0.06427336,0.03310105,1.28855562,0.00213997,0.00647194,0.18180920
469,0.00620076,0.00610342,58.75694275,0.06429485,0.03304574,1.28861022,0.00213696,0.00646812,0.18165720
470,0.00619885,0.00610154,58.65945053,0.06431636,0.03299044,1.28866482,0.00213395,0.00646431,0.18150508
471,0.00619695,0.00609967,58.56196213,0.06433789,0.03293515,1.28871953,0.00213094,0.00646049,0.18135288
472,0.00619504,0.00609780,58.46447754,0.06435943,0.03287987,1.28877437,0.00212793,0.00645668,0.18120059
473,0.00619314,0.00609593,58.36713028,0.06438098,0.03282461,1.28882909,0.00212491,0.00645285,0.18104821
474,0.00619123,0.00609406,58.26979828,0.06440255,0.03276936,1.28888381,0.00212189,0.00644902,0.18089573
475,0.00618933,0.00609219,58.17238617,0.06442414,0.03271412,1.28893864,0.00211886,0.00644519,0.18074316
476,0.00618742,0.00609032,58.07491684,0.06444575,0.03265889,1.28899348,0.00211584,0.00644136,0.18059050
477,0.00618552,0.00608845,57.97769165,0.06446737,0.03260368,1.28904831,0.00211281,0.00643752,0.18043774
478,0.00618362,0.00608658,57.88037109,0.06448901,0.03254849,1.28910327,0.00210979,0.00643368,0.18028490
479,0.00618172,0.00608471,57.78305054,0.06451066,0.03249331,1.28915823,0.00210676,0.00642984,0.18013197
480,0.00617981,0.00608284,57.68572998,0.06453232,0.03243814,1.28921330,0.00210374,0.00642600,0.17997895
481,0.00617791,0.00608097,57.58852005,0.06455401,0.03238298,1.28926837,0.00210070,0.00642216,0.17982583
482,0.00617601,0.00607911,57.49137497,0.06457572,0.03232784,1.28932333,0.00209767,0.00641831,0.17967261
483,0.00617411,0.00607724,57.39423370,0.06459742,0.03227272,1.28937840,0.00209463,0.00641446,0.17951931
484,0.00617221,0.00607537,57.29695511,0.06461915,0.03221760,1.28943348,0.00209158,0.00641061,0.17936592
485,0.00617030,0.00607350,57.19977188,0.06464089,0.03216251,1.28948867,0.00208854,0.00640676,0.17921244
486,0.00616840,0.00607163,57.10270691,0.06466265,0.03210743,1.28954387,0.00208550,0.00640290,0.17905888
487,0.00616650,0.00606976,57.00566483,0.06468442,0.03205237,1.28959906,0.00208246,0.00639905,0.17890523
488,0.00616460,0.00606790,56.90856552,0.06470621,0.03199732,1.28965425,0.00207942,0.00639519,0.17875150
489,0.00616270,0.00606603,56.81161499,0.06472801,0.03194229,1.28970957,0.00207638,0.00639133,0.17859767
490,0.00616080,0.00606417,56.71453094,0.06474984,0.03188727,1.28976488,0.00207333,0.00638747,0.17844376
491,0.00615890,0.00606230,56.61753464,0.06477166,0.03183227,1.28982019,0.00207028,0.00638360,0.17828976
492,0.00615701,0.00606043,56.52065659,0.06479350,0.03177730,1.28987551,0.00206723,0.00637973,0.17813568
493,0.00615511,0.00605857,56.42381668,0.06481537,0.03172233,1.28993094,0.00206418,0.00637586,0.17798151
494,0.00615321,0.00605671,56.32695389,0.06483724,0.03166738,1.28998637,0.00206112,0.00637199,0.17782725
495,0.00615131,0.00605484,56.22999573,0.06485913,0.03161246,1.29004180,0.00205806,0.00636811,0.17767292
496,0.00614942,0.00605298,56.13331223,0.06488103,0.03155755,1.29009724,0.00205500,0.00636424,0.17751850
497,0.00614752,0.00605111,56.03643799,0.06490296,0.03150265,1.29015279,0.00205195,0.00636037,0.17736399
498,0.00614562,0.00604925,55.93968964,0.06492489,0.03144778,1.29020834,0.00204889,0.00635649,0.17720941
499,0.00614373,0.00604739,55.84292603,0.06494684,0.03139292,1.29026377,0.00204583,0.00635261,0.17705473
500,0.00614183,0.00604552,55.74626541,0.06496880,0.03133808,1.29031944,0.00204277,0.00634872,0.17689998
501,0.00613994,0.00604367,55.64970398,0.06499077,0.03128326,1.29037499,0.00203970,0.00634483,0.17674515
502,0.00613804,0.00604180,55.55300903,0.06501276,0.03122847,1.29043067,0.00203664,0.00634094,0.17659023
503,0.00613615,0.00603994,55.45645905,0.06503477,0.03117369,1.29048634,0.00203357,0.00633705,0.17643525
504,0.00613426,0.00603808,55.35998535,0.06505680,0.03111893,1.29054213,0.00203050,0.00633316,0.17628017
505,0.00613236,0.00603622,55.26340103,0.06507883,0.03106419,1.29059780,0.00202742,0.00632926,0.17612502
506,0.00613047,0.00603436,55.16695023,0.06510088,0.03100947,1.29065359,0.00202435,0.00632537,0.17596978
507,0.00612858,0.00603250,55.07044220,0.06512295,0.03095477,1.29070950,0.00202127,0.00632147,0.17581446
508,0.00612669,0.00603064,54.97411346,0.06514502,0.03090009,1.29076529,0.00201819,0.00631757,0.17565908
509,0.00612480,0.00602879,54.87770844,0.06516711,0.03084544,1.29082108,0.00201511,0.00631367,0.17550361
510,0.00612291,0.00602693,54.78134537,0.06518922,0.03079080,1.29087698,0.00201203,0.00630976,0.17534806
511,0.00612102,0.00602507,54.68503571,0.06521133,0.03073619,1.29093289,0.00200895,0.00630585,0.17519243
512,0.00611913,0.00602321,54.58874130,0.06523347,0.03068160,1.29098880,0.00200587,0.00630194,0.17503673
513,0.00611724,0.00602136,54.49257660,0.06525562,0.03062703,1.29104483,0.00200279,0.00629803,0.17488095
514,0.00611535,0.00601950,54.39636993,0.06527778,0.03057248,1.29110086,0.00199970,0.00629412,0.17472510
515,0.00611347,0.00601765,54.30022812,0.06529995,0.03051795,1.29115677,0.00199661,0.00629021,0.17456917
516,0.00611158,0.00601579,54.20419312,0.06532213,0.03046345,1.29121280,0.00199352,0.00628630,0.17441317
517,0.00610969,0.00601394,54.10807800,0.06534433,0.03040897,1.29126894,0.00199043,0.00628238,0.17425710
518,0.00610781,0.00601208,54.01200485,0.06536654,0.03035451,1.29132509,0.00198734,0.00627846,0.17410095
519,0.00610592,0.00601023,53.91606140,0.06538877,0.03030008,1.29138112,0.00198425,0.00627454,0.17394473
520,0.00610404,0.00600838,53.82012177,0.06541100,0.03024566,1.29143739,0.00198115,0.00627062,0.17378843
521,0.00610215,0.00600653,53.72428894,0.06543326,0.03019127,1.29149342,0.00197806,0.00626669,0.17363206
522,0.00610027,0.00600468,53.62831497,0.06545553,0.03013691,1.29154968,0.00197496,0.00626276,0.17347561
523,0.00609839,0.00600283,53.53255844,0.06547780,0.03008257,1.29160595,0.00197186,0.00625883,0.17331909
524,0.00609650,0.00600098,53.43675232,0.06550010,0.03002825,1.29166222,0.00196876,0.00625489,0.17316249
525,0.00609462,0.00599913,53.34102249,0.06552240,0.02997395,1.29171848,0.00196566,0.00625096,0.17300582
526,0.00609274,0.00599728,53.24539185,0.06554472,0.02991968,1.29177475,0.00196255,0.00624703,0.17284907
527,0.00609086,0.00599543,53.14970398,0.06556705,0.02986543,1.29183102,0.00195945,0.00624309,0.17269227
528,0.00608898,0.00599358,53.05408859,0.06558939,0.02981122,1.29188740,0.00195634,0.00623916,0.17253539
529,0.00608710,0.00599174,52.95856857,0.06561174,0.02975702,1.29194379,0.00195324,0.00623522,0.17237844
530,0.00608522,0.00598989,52.86298752,0.06563411,0.02970285,1.29200029,0.00195013,0.00623129,0.17222142
531,0.00608335,0.00598804,52.76748276,0.06565650,0.02964871,1.29205668,0.00194702,0.00622734,0.17206433
532,0.00608147,0.00598620,52.67207718,0.06567889,0.02959459,1.29211307,0.00194391,0.00622340,0.17190717
533,0.00607959,0.00598435,52.57668304,0.06570130,0.02954049,1.29216957,0.00194079,0.00621946,0.17174995
534,0.00607772,0.00598251,52.48141098,0.06572372,0.02948643,1.29222620,0.00193768,0.00621551,0.17159265
535,0.00607584,0.00598067,52.38611221,0.06574615,0.02943239,1.29228270,0.00193456,0.00621156,0.17143530
536,0.00607397,0.00597882,52.29076004,0.06576861,0.02937837,1.29233921,0.00193144,0.00620760,0.17127787
537,0.00607210,0.00597698,52.19563293,0.06579106,0.02932438,1.29239583,0.00192833,0.00620365,0.17112036
538,0.00607022,0.00597514,52.10044861,0.06581353,0.02927042,1.29245245,0.00192521,0.00619969,0.17096280
539,0.00606835,0.00597330,52.00534821,0.06583602,0.02921649,1.29250908,0.00192208,0.00619573,0.17080517
540,0.00606648,0.00597146,51.91024780,0.06585851,0.02916258,1.29256570,0.00191896,0.00619177,0.17064747
541,0.00606461,0.00596962,51.81531525,0.06588102,0.02910870,1.29262233,0.00191584,0.00618781,0.17048971
542,0.00606274,0.00596778,51.72035980,0.06590354,0.02905485,1.29267907,0.00191271,0.00618385,0.17033188
543,0.00606087,0.00596594,51.62531281,0.06592607,0.02900102,1.29273582,0.00190959,0.00617989,0.17017399
544,0.00605900,0.00596411,51.53055954,0.06594861,0.02894723,1.29279256,0.00190647,0.00617593,0.17001604
545,0.00605713,0.00596227,51.43569565,0.06597116,0.02889346,1.29284930,0.00190334,0.00617197,0.16985801
546,0.00605527,0.00596043,51.34093475,0.06599373,0.02883972,1.29290605,0.00190021,0.00616800,0.16969992
547,0.00605340,0.00595860,51.24623871,0.06601632,0.02878601,1.29296291,0.00189707,0.00616404,0.16954178
548,0.00605154,0.00595676,51.15154648,0.06603891,0.02873233,1.29301977,0.00189394,0.00616006,0.16938357
549,0.00604967,0.00595493,51.05688477,0.06606151,0.02867868,1.29307663,0.00189080,0.00615609,0.16922531
550,0.00604781,0.00595310,50.96231842,0.06608413,0.02862505,1.29313350,0.00188767,0.00615211,0.16906697
551,0.00604594,0.00595127,50.86787033,0.06610676,0.02857145,1.29319048,0.00188453,0.00614813,0.16890857
552,0.00604408,0.00594943,50.77335739,0.06612940,0.02851789,1.29324734,0.00188139,0.00614415,0.16875011
553,0.00604222,0.00594760,50.67895126,0.06615206,0.02846435,1.29330432,0.00187825,0.00614017,0.16859159
554,0.00604036,0.00594577,50.58458710,0.06617472,0.02841085,1.29336131,0.00187511,0.00613619,0.16843301
555,0.00603850,0.00594395,50.49031067,0.06619740,0.02835737,1.29341829,0.00187197,0.00613221,0.16827437
556,0.00603664,0.00594212,50.39604950,0.06622008,0.02830393,1.29347527,0.00186883,0.00612823,0.16811568
557,0.00603478,0.00594029,50.30181122,0.06624278,0.02825051,1.29353237,0.00186569,0.00612425,0.16795692
558,0.00603293,0.00593846,50.20769882,0.06626549,0.02819713,1.29358947,0.00186254,0.00612026,0.16779810
559,0.00603107,0.00593664,50.11363602,0.06628820,0.02814378,1.29364657,0.00185940,0.00611627,0.16763923
560,0.00602922,0.00593481,50.01957703,0.06631093,0.02809045,1.29370356,0.00185625,0.00611227,0.16748029
561,0.00602736,0.00593299,49.92554474,0.06633366,0.02803716,1.29376066,0.00185310,0.00610828,0.16732129
562,0.00602551,0.00593117,49.83166122,0.06635641,0.02798390,1.29381776,0.00184995,0.00610428,0.16716224
563,0.00602365,0.00592934,49.73780441,0.06637917,0.02793067,1.29387498,0.00184681,0.00610029,0.16700312
564,0.00602180,0.00592752,49.64395142,0.06640194,0.02787747,1.29393220,0.00184366,0.00609630,0.16684397
565,0.00601995,0.00592570,49.55020523,0.06642473,0.02782431,1.29398942,0.00184050,0.00609231,0.16668475
566,0.00601810,0.00592388,49.45642471,0.06644753,0.02777117,1.29404664,0.00183735,0.00608832,0.16652547
567,0.00601625,0.00592206,49.36284637,0.06647032,0.02771807,1.29410374,0.00183419,0.00608432,0.16636613
568,0.00601440,0.00592024,49.26933670,0.06649315,0.02766501,1.29416108,0.00183103,0.00608032,0.16620675
569,0.00601256,0.00591843,49.17574310,0.06651597,0.02761197,1.29421830,0.00182788,0.00607631,0.16604730
570,0.00601071,0.00591661,49.08226776,0.06653880,0.02755897,1.29427564,0.00182472,0.00607231,0.16588780
571,0.00600886,0.00591480,48.98884583,0.06656165,0.02750600,1.29433298,0.00182157,0.00606830,0.16572826
572,0.00600702,0.00591298,48.89542770,0.06658451,0.02745306,1.29439032,0.00181841,0.00606430,0.16556865
573,0.00600517,0.00591117,48.80223846,0.06660738,0.02740015,1.29444766,0.00181524,0.00606029,0.16540898
574,0.00600333,0.00590935,48.70895004,0.06663026,0.02734729,1.29450500,0.00181208,0.00605628,0.16524927
575,0.00600149,0.00590754,48.61578751,0.06665315,0.02729445,1.29456234,0.00180891,0.00605227,0.16508950
576,0.00599965,0.00590573,48.52259445,0.06667605,0.02724164,1.29461980,0.00180575,0.00604826,0.16492969
577,0.00599781,0.00590392,48.42956543,0.06669895,0.02718887,1.29467726,0.00180259,0.00604425,0.16476981
578,0.00599597,0.00590211,48.33653259,0.06672188,0.02713614,1.29473472,0.00179942,0.00604024,0.16460989
579,0.00599413,0.00590030,48.24355316,0.06674480,0.02708344,1.29479218,0.00179626,0.00603623,0.16444993
580,0.00599229,0.00589850,48.15071106,0.06676775,0.02703078,1.29484963,0.00179309,0.00603221,0.16428991
581,0.00599046,0.00589669,48.05780411,0.06679070,0.02697815,1.29490721,0.00178992,0.00602819,0.16412984
582,0.00598862,0.00589488,47.96515274,0.06681366,0.02692555,1.29496467,0.00178675,0.00602417,0.16396971
583,0.00598679,0.00589308,47.87236786,0.06683663,0.02687299,1.29502225,0.00178358,0.00602015,0.16380954
584,0.00598496,0.00589128,47.77975845,0.06685961,0.02682046,1.29507971,0.00178040,0.00601612,0.16364932
585,0.00598312,0.00588947,47.68719101,0.06688260,0.02676798,1.29513741,0.00177723,0.00601209,0.16348906
586,0.00598129,0.00588767,47.59461212,0.06690560,0.02671552,1.29519498,0.00177405,0.00600807,0.16332874
587,0.00597946,0.00588587,47.50220108,0.06692861,0.02666310,1.29525256,0.00177088,0.00600405,0.16316837
588,0.00597763,0.00588407,47.40982819,0.06695163,0.02661072,1.29531014,0.00176770,0.00600003,0.16300796
589,0.00597580,0.00588227,47.31749725,0.06697466,0.02655837,1.29536784,0.00176453,0.00599600,0.16284750
590,0.00597398,0.00588047,47.22528076,0.06699769,0.02650607,1.29542542,0.00176135,0.00599198,0.16268700
591,0.00597215,0.00587868,47.13296127,0.06702074,0.02645379,1.29548311,0.00175818,0.00598795,0.16252644
592,0.00597033,0.00587688,47.04092407,0.06704380,0.02640155,1.29554081,0.00175500,0.00598392,0.16236584
593,0.00596850,0.00587509,46.94882584,0.06706688,0.02634935,1.29559851,0.00175182,0.00597989,0.16220519
594,0.00596668,0.00587329,46.85681534,0.06708995,0.02629719,1.29565620,0.00174864,0.00597585,0.16204450
595,0.00596486,0.00587150,46.76489639,0.06711304,0.02624506,1.29571402,0.00174545,0.00597181,0.16188376
596,0.00596304,0.00586971,46.67295837,0.06713614,0.02619297,1.29577172,0.00174226,0.00596778,0.16172297
597,0.00596122,0.00586792,46.58116913,0.06715925,0.02614092,1.29582953,0.00173908,0.00596374,0.16156214
598,0.00595940,0.00586613,46.48940277,0.06718235,0.02608890,1.29588723,0.00173589,0.00595971,0.16140127
599,0.00595758,0.00586434,46.39772797,0.06720549,0.02603693,1.29594505,0.00173271,0.00595567,0.16124037
600,0.00595576,0.00586255,46.30612946,0.06722862,0.02598499,1.29600286,0.00172953,0.00595163,0.16107942
601,0.00595395,0.00586076,46.21462250,0.06725177,0.02593309,1.29606068,0.00172634,0.00594759,0.16091843
602,0.00595213,0.00585898,46.12306213,0.06727493,0.02588123,1.29611862,0.00172316,0.00594355,0.16075739
603,0.00595032,0.00585719,46.03173828,0.06729809,0.02582941,1.29617643,0.00171997,0.00593951,0.16059631
604,0.00594851,0.00585541,45.94038391,0.06732127,0.02577762,1.29623437,0.00171678,0.00593547,0.16043518
605,0.00594670,0.00585363,45.84911346,0.06734446,0.02572588,1.29629219,0.00171358,0.00593142,0.16027403
606,0.00594489,0.00585185,45.75791550,0.06736764,0.02567418,1.29635024,0.00171038,0.00592738,0.16011283
607,0.00594308,0.00585007,45.66681671,0.06739085,0.02562251,1.29640818,0.00170719,0.00592333,0.15995158
608,0.00594127,0.00584829,45.57567596,0.06741406,0.02557088,1.29646611,0.00170399,0.00591927,0.15979029
609,0.00593946,0.00584651,45.48463440,0.06743728,0.02551929,1.29652405,0.00170080,0.00591522,0.15962897
610,0.00593766,0.00584473,45.39381027,0.06746050,0.02546774,1.29658198,0.00169761,0.00591117,0.15946761
611,0.00593586,0.00584296,45.30294800,0.06748374,0.02541623,1.29663992,0.00169441,0.00590712,0.15930620
612,0.00593405,0.00584118,45.21205902,0.06750698,0.02536476,1.29669797,0.00169122,0.00590307,0.15914476
613,0.00593225,0.00583941,45.12130356,0.06753023,0.02531333,1.29675603,0.00168803,0.00589901,0.15898328
614,0.00593045,0.00583763,45.03070831,0.06755348,0.02526194,1.29681408,0.00168483,0.00589496,0.15882175
615,0.00592865,0.00583586,44.94013214,0.06757675,0.02521059,1.29687202,0.00168162,0.00589090,0.15866019
616,0.00592685,0.00583409,44.84959030,0.06760003,0.02515927,1.29693019,0.00167842,0.00588685,0.15849859
617,0.00592505,0.00583232,44.75913620,0.06762330,0.02510800,1.29698825,0.00167521,0.00588279,0.15833695
618,0.00592326,0.00583055,44.66878891,0.06764659,0.02505677,1.29704618,0.00167201,0.00587873,0.15817527
619,0.00592146,0.00582879,44.57851410,0.06766989,0.02500558,1.29710436,0.00166881,0.00587467,0.15801357
620,0.00591967,0.00582702,44.48826981,0.06769320,0.02495443,1.29716253,0.00166562,0.00587062,0.15785182
621,0.00591788,0.00582526,44.39810944,0.06771651,0.02490333,1.29722059,0.00166242,0.00586656,0.15769003
622,0.00591609,0.00582349,44.30799866,0.06773984,0.02485226,1.29727864,0.00165922,0.00586250,0.15752822
623,0.00591429,0.00582173,44.21796036,0.06776317,0.02480124,1.29733694,0.00165601,0.00585844,0.15736637
624,0.00591251,0.00581997,44.12802505,0.06778651,0.02475025,1.29739499,0.00165280,0.00585438,0.15720448
625,0.00591072,0.00581821,44.03818512,0.06780985,0.02469931,1.29745317,0.00164959,0.00585032,0.15704256
626,0.00590893,0.00581645,43.94842911,0.06783321,0.02464841,1.29751134,0.00164638,0.00584625,0.15688060
627,0.00590715,0.00581469,43.85869598,0.06785658,0.02459756,1.29756951,0.00164318,0.00584218,0.15671861
628,0.00590536,0.00581294,43.76904297,0.06787995,0.02454674,1.29762769,0.00163997,0.00583810,0.15655659
629,0.00590358,0.00581118,43.67947006,0.06790332,0.02449597,1.29768598,0.00163677,0.00583403,0.15639454
630,0.00590180,0.00580943,43.58993912,0.06792670,0.02444523,1.29774415,0.00163356,0.00582996,0.15623245
631,0.00590002,0.00580767,43.50051117,0.06795009,0.02439454,1.29780245,0.00163035,0.00582589,0.15607032
632,0.00589824,0.00580592,43.41118240,0.06797349,0.02434390,1.29786062,0.00162714,0.00582183,0.15590817
633,0.00589646,0.00580417,43.32194519,0.06799690,0.02429329,1.29791892,0.00162393,0.00581777,0.15574598
634,0.00589469,0.00580242,43.23281097,0.06802031,0.02424273,1.29797709,0.00162071,0.00581371,0.15558377
635,0.00589291,0.00580067,43.14361572,0.06804374,0.02419222,1.29803550,0.00161750,0.00580964,0.15542153
636,0.00589114,0.00579893,43.05457306,0.06806717,0.02414175,1.29809368,0.00161429,0.00580556,0.15525925
637,0.00588936,0.00579718,42.96566772,0.06809061,0.02409132,1.29815209,0.00161108,0.00580148,0.15509695
638,0.00588759,0.00579544,42.87674713,0.06811405,0.02404093,1.29821026,0.00160786,0.00579740,0.15493461
639,0.00588582,0.00579369,42.78793335,0.06813751,0.02399059,1.29826868,0.00160465,0.00579332,0.15477225
640,0.00588405,0.00579195,42.69919586,0.06816097,0.02394029,1.29832697,0.00160144,0.00578925,0.15460986
641,0.00588228,0.00579021,42.61049271,0.06818444,0.02389003,1.29838538,0.00159822,0.00578517,0.15444744
642,0.00588052,0.00578847,42.52192688,0.06820792,0.02383982,1.29844379,0.00159501,0.00578110,0.15428498
643,0.00587875,0.00578673,42.43347931,0.06823140,0.02378965,1.29850209,0.00159178,0.00577702,0.15412250
644,0.00587699,0.00578499,42.34499741,0.06825487,0.02373953,1.29856050,0.00158856,0.00577295,0.15395999
645,0.00587523,0.00578326,42.25661087,0.06827837,0.02368945,1.29861891,0.00158534,0.00576887,0.15379745
646,0.00587346,0.00578152,42.16830063,0.06830188,0.02363942,1.29867721,0.00158213,0.00576478,0.15363489
647,0.00587170,0.00577979,42.08017731,0.06832539,0.02358943,1.29873574,0.00157891,0.00576070,0.15347230
648,0.00586995,0.00577806,41.99199677,0.06834890,0.02353948,1.29879415,0.00157570,0.00575662,0.15330969
649,0.00586819,0.00577633,41.90396881,0.06837241,0.02348958,1.29885244,0.00157248,0.00575253,0.15314704
650,0.00586643,0.00577460,41.81603622,0.06839595,0.02343973,1.29891098,0.00156926,0.00574845,0.15298438
651,0.00586468,0.00577287,41.72825241,0.06841949,0.02338992,1.29896939,0.00156603,0.00574437,0.15282169
652,0.00586293,0.00577114,41.64037323,0.06844304,0.02334015,1.29902780,0.00156281,0.00574029,0.15265897
653,0.00586117,0.00576942,41.55272293,0.06846658,0.02329044,1.29908633,0.00155959,0.00573621,0.15249623
654,0.00585942,0.00576769,41.46502686,0.06849014,0.02324077,1.29914474,0.00155636,0.00573212,0.15233347
655,0.00585767,0.00576597,41.37746811,0.06851369,0.02319114,1.29920328,0.00155314,0.00572803,0.15217067
656,0.00585593,0.00576425,41.28997803,0.06853725,0.02314156,1.29926169,0.00154992,0.00572395,0.15200786
657,0.00585418,0.00576253,41.20255280,0.06856083,0.02309202,1.29932022,0.00154670,0.00571986,0.15184502
658,0.00585243,0.00576081,41.11528778,0.06858442,0.02304253,1.29937863,0.00154348,0.00571577,0.15168217
659,0.00585069,0.00575909,41.02805710,0.06860801,0.02299309,1.29943717,0.00154025,0.00571169,0.15151928
660,0.00584895,0.00575737,40.94093704,0.06863160,0.02294369,1.29949570,0.00153703,0.00570761,0.15135638
661,0.00584721,0.00575566,40.85376740,0.06865519,0.02289435,1.29955423,0.00153380,0.00570352,0.15119345
662,0.00584547,0.00575394,40.76687241,0.06867880,0.02284504,1.29961276,0.00153057,0.00569943,0.15103051
663,0.00584373,0.00575223,40.67989731,0.06870240,0.02279578,1.29967129,0.00152734,0.00569534,0.15086754
664,0.00584199,0.00575052,40.59310913,0.06872603,0.02274657,1.29972994,0.00152412,0.00569124,0.15070455
665,0.00584026,0.00574881,40.50636292,0.06874965,0.02269741,1.29978848,0.00152089,0.00568715,0.15054153
666,0.00583852,0.00574710,40.41968155,0.06877328,0.02264829,1.29984701,0.00151766,0.00568305,0.15037850
667,0.00583679,0.00574539,40.33305359,0.06879692,0.02259923,1.29990566,0.00151443,0.00567896,0.15021545
668,0.00583506,0.00574369,40.24658203,0.06882056,0.02255020,1.29996419,0.00151120,0.00567486,0.15005237
669,0.00583333,0.00574198,40.16017532,0.06884421,0.02250123,1.30002272,0.00150797,0.00567077,0.14988928
670,0.00583160,0.00574028,40.07384109,0.06886785,0.02245230,1.30008137,0.00150475,0.00566668,0.14972617
671,0.00582987,0.00573858,39.98764801,0.06889150,0.02240342,1.30013990,0.00150152,0.00566259,0.14956304
672,0.00582815,0.00573688,39.90153122,0.06891517,0.02235459,1.30019844,0.00149829,0.00565850,0.14939989
673,0.00582642,0.00573518,39.81536102,0.06893884,0.02230581,1.30025709,0.00149506,0.00565441,0.14923672
674,0.00582470,0.00573348,39.72944260,0.06896252,0.02225707,1.30031586,0.00149183,0.00565032,0.14907354
675,0.00582298,0.00573179,39.64346695,0.06898620,0.02220839,1.30037439,0.00148860,0.00564622,0.14891034
676,0.00582126,0.00573009,39.55772400,0.06900989,0.02215975,1.30043304,0.00148536,0.00564212,0.14874713
677,0.00581954,0.00572840,39.47192001,0.06903359,0.02211116,1.30049169,0.00148213,0.00563801,0.14858390
678,0.00581782,0.00572670,39.38621902,0.06905728,0.02206262,1.30055034,0.00147889,0.00563391,0.14842065
679,0.00581611,0.00572501,39.30072021,0.06908098,0.02201412,1.30060899,0.00147566,0.00562981,0.14825737
680,0.00581440,0.00572333,39.21525955,0.06910469,0.02196568,1.30066764,0.00147243,0.00562571,0.14809409
681,0.00581268,0.00572164,39.12983322,0.06912839,0.02191728,1.30072629,0.00146920,0.00562161,0.14793079
682,0.00581097,0.00571995,39.04455185,0.06915211,0.02186893,1.30078483,0.00146597,0.00561752,0.14776747
683,0.00580926,0.00571827,38.95932007,0.06917582,0.02182063,1.30084360,0.00146274,0.00561342,0.14760414
684,0.00580755,0.00571658,38.87416077,0.06919955,0.02177238,1.30090225,0.00145951,0.00560933,0.14744079
685,0.00580585,0.00571490,38.78905869,0.06922327,0.02172418,1.30096090,0.00145627,0.00560524,0.14727743
686,0.00580414,0.00571322,38.70410919,0.06924701,0.02167603,1.30101967,0.00145304,0.00560114,0.14711405
687,0.00580244,0.00571154,38.61928940,0.06927077,0.02162793,1.30107832,0.00144980,0.00559704,0.14695068
688,0.00580073,0.00570986,38.53445816,0.06929452,0.02157988,1.30113709,0.00144656,0.00559293,0.14678729
689,0.00579903,0.00570818,38.44975662,0.06931827,0.02153188,1.30119574,0.00144332,0.00558882,0.14662388
690,0.00579734,0.00570651,38.36516571,0.06934204,0.02148393,1.30125451,0.00144009,0.00558471,0.14646046
691,0.00579564,0.00570484,38.28055573,0.06936580,0.02143603,1.30131316,0.00143685,0.00558061,0.14629702
692,0.00579394,0.00570316,38.19619751,0.06938957,0.02138817,1.30137193,0.00143362,0.00557650,0.14613357
693,0.00579225,0.00570149,38.11178207,0.06941334,0.02134037,1.30143058,0.00143038,0.00557240,0.14597011
694,0.00579055,0.00569982,38.02750397,0.06943712,0.02129262,1.30148935,0.00142715,0.00556831,0.14580664
695,0.00578886,0.00569816,37.94340134,0.06946091,0.02124492,1.30154800,0.00142391,0.00556421,0.14564316
696,0.00578717,0.00569649,37.85926056,0.06948469,0.02119727,1.30160677,0.00142068,0.00556012,0.14547966
697,0.00578548,0.00569482,37.77527618,0.06950848,0.02114966,1.30166543,0.00141744,0.00555602,0.14531615
698,0.00578379,0.00569316,37.69132233,0.06953228,0.02110211,1.30172420,0.00141420,0.00555191,0.14515264
699,0.00578211,0.00569150,37.60749817,0.06955607,0.02105461,1.30178297,0.00141097,0.00554780,0.14498912
700,0.00578043,0.00568984,37.52385330,0.06957987,0.02100717,1.30184162,0.00140773,0.00554369,0.14482559
701,0.00577874,0.00568818,37.44021988,0.06960367,0.02095977,1.30190039,0.00140449,0.00553958,0.14466205
702,0.00577706,0.00568652,37.35664749,0.06962749,0.02091243,1.30195916,0.00140126,0.00553547,0.14449851
703,0.00577538,0.00568487,37.27319717,0.06965130,0.02086513,1.30201793,0.00139802,0.00553137,0.14433496
704,0.00577370,0.00568321,37.18981171,0.06967512,0.02081789,1.30207670,0.00139478,0.00552727,0.14417139
705,0.00577203,0.00568156,37.10651779,0.06969894,0.02077069,1.30213547,0.00139154,0.00552317,0.14400782
706,0.00577035,0.00567990,37.02325821,0.06972277,0.02072355,1.30219424,0.00138830,0.00551907,0.14384423
707,0.00576868,0.00567825,36.94015503,0.06974660,0.02067646,1.30225301,0.00138506,0.00551497,0.14368065
708,0.00576701,0.00567661,36.85718155,0.06977043,0.02062942,1.30231178,0.00138182,0.00551086,0.14351705
709,0.00576534,0.00567496,36.77425766,0.06979427,0.02058244,1.30237055,0.00137858,0.00550675,0.14335345
710,0.00576367,0.00567331,36.69147110,0.06981812,0.02053550,1.30242920,0.00137534,0.00550264,0.14318985
711,0.00576200,0.00567167,36.60868454,0.06984196,0.02048862,1.30248797,0.00137211,0.00549853,0.14302623
712,0.00576033,0.00567003,36.52598953,0.06986581,0.02044179,1.30254674,0.00136887,0.00549442,0.14286262
713,0.00575867,0.00566839,36.44348907,0.06988966,0.02039501,1.30260551,0.00136564,0.00549032,0.14269900
714,0.00575701,0.00566675,36.36105347,0.06991352,0.02034829,1.30266428,0.00136240,0.00548622,0.14253537
715,0.00575535,0.00566511,36.27862167,0.06993739,0.02030162,1.30272305,0.00135916,0.00548212,0.14237174
716,0.00575369,0.00566347,36.19637299,0.06996126,0.02025500,1.30278182,0.00135591,0.00547801,0.14220811
717,0.00575203,0.00566184,36.11424637,0.06998513,0.02020843,1.30284059,0.00135267,0.00547391,0.14204448
718,0.00575037,0.00566020,36.03206635,0.07000900,0.02016191,1.30289936,0.00134943,0.00546980,0.14188084
719,0.00574872,0.00565857,35.95006943,0.07003288,0.02011545,1.30295825,0.00134619,0.00546569,0.14171720
720,0.00574707,0.00565694,35.86822128,0.07005677,0.02006904,1.30301714,0.00134295,0.00546158,0.14155355
721,0.00574541,0.00565531,35.78631592,0.07008065,0.02002268,1.30307591,0.00133971,0.00545747,0.14138991
722,0.00574377,0.00565369,35.70466614,0.07010452,0.01997638,1.30313456,0.00133647,0.00545335,0.14122625
723,0.00574212,0.00565206,35.62294388,0.07012840,0.01993012,1.30319333,0.00133323,0.00544925,0.14106259
724,0.00574047,0.00565044,35.54148102,0.07015229,0.01988393,1.30325210,0.00132999,0.00544514,0.14089893
725,0.00573883,0.00564881,35.46002960,0.07017618,0.01983778,1.30331087,0.00132675,0.00544104,0.14073527
726,0.00573718,0.00564719,35.37870026,0.07020007,0.01979169,1.30336964,0.00132352,0.00543694,0.14057161
727,0.00573554,0.00564557,35.29747009,0.07022396,0.01974565,1.30342841,0.00132028,0.00543284,0.14040795
728,0.00573390,0.00564395,35.21622086,0.07024787,0.01969967,1.30348730,0.00131704,0.00542873,0.14024429
729,0.00573226,0.00564234,35.13522720,0.07027177,0.01965374,1.30354595,0.00131380,0.00542462,0.14008063
730,0.00573063,0.00564072,35.05417252,0.07029568,0.01960786,1.30360472,0.00131056,0.00542051,0.13991697
731,0.00572899,0.00563911,34.97336197,0.07031959,0.01956203,1.30366361,0.00130731,0.00541640,0.13975331
732,0.00572736,0.00563750,34.89249802,0.07034351,0.01951627,1.30372226,0.00130408,0.00541229,0.13958965
733,0.00572573,0.00563589,34.81187439,0.07036743,0.01947055,1.30378115,0.00130084,0.00540819,0.13942601
734,0.00572410,0.00563428,34.73132324,0.07039135,0.01942489,1.30383992,0.00129760,0.00540409,0.13926236
735,0.00572247,0.00563267,34.65077972,0.07041528,0.01937929,1.30389869,0.00129436,0.00539998,0.13909872
736,0.00572084,0.00563107,34.57040405,0.07043921,0.01933374,1.30395746,0.00129112,0.00539588,0.13893507
737,0.00571922,0.00562946,34.49015045,0.07046315,0.01928824,1.30401635,0.00128788,0.00539177,0.13877143
738,0.00571759,0.00562786,34.40986252,0.07048707,0.01924280,1.30407500,0.00128463,0.00538765,0.13860779
739,0.00571597,0.00562626,34.32979965,0.07051101,0.01919741,1.30413377,0.00128140,0.00538354,0.13844416
740,0.00571435,0.00562466,34.24979782,0.07053494,0.01915208,1.30419254,0.00127816,0.00537943,0.13828053
741,0.00571273,0.00562307,34.16981888,0.07055888,0.01910680,1.30425131,0.00127492,0.00537533,0.13811690
742,0.00571111,0.00562147,34.09000015,0.07058281,0.01906157,1.30431008,0.00127169,0.00537123,0.13795327
743,0.00570950,0.00561988,34.01029968,0.07060676,0.01901640,1.30436897,0.00126845,0.00536713,0.13778965
744,0.00570789,0.00561828,33.93061829,0.07063071,0.01897129,1.30442762,0.00126521,0.00536303,0.13762604
745,0.00570627,0.00561669,33.85108566,0.07065466,0.01892623,1.30448651,0.00126196,0.00535893,0.13746242
746,0.00570466,0.00561510,33.77168655,0.07067862,0.01888123,1.30454528,0.00125872,0.00535481,0.13729882
747,0.00570305,0.00561352,33.69234085,0.07070258,0.01883628,1.30460405,0.00125548,0.00535070,0.13713522
748,0.00570145,0.00561193,33.61313248,0.07072653,0.01879138,1.30466270,0.00125224,0.00534658,0.13697162
749,0.00569984,0.00561035,33.53392792,0.07075048,0.01874654,1.30472147,0.00124900,0.00534247,0.13680804
750,0.00569824,0.00560876,33.45484543,0.07077444,0.01870176,1.30478024,0.00124577,0.00533837,0.13664445
751,0.00569664,0.00560718,33.37588120,0.07079840,0.01865703,1.30483902,0.00124254,0.00533427,0.13648088
752,0.00569504,0.00560560,33.29703522,0.07082237,0.01861235,1.30489779,0.00123930,0.00533018,0.13631731
753,0.00569344,0.00560402,33.21830368,0.07084634,0.01856774,1.30495656,0.00123606,0.00532608,0.13615374
754,0.00569184,0.00560245,33.13962555,0.07087031,0.01852318,1.30501533,0.00123282,0.00532198,0.13599019
755,0.00569025,0.00560087,33.06103516,0.07089428,0.01847867,1.30507410,0.00122957,0.00531787,0.13582663
756,0.00568865,0.00559930,32.98257446,0.07091824,0.01843421,1.30513275,0.00122633,0.00531376,0.13566309
757,0.00568706,0.00559773,32.90417862,0.07094222,0.01838982,1.30519152,0.00122310,0.00530965,0.13549957
758,0.00568547,0.00559616,32.82596588,0.07096618,0.01834548,1.30525017,0.00121987,0.00530554,0.13533604
759,0.00568388,0.00559459,32.74781036,0.07099017,0.01830120,1.30530894,0.00121664,0.00530144,0.13517253
760,0.00568230,0.00559303,32.66974258,0.07101414,0.01825697,1.30536783,0.00121341,0.00529734,0.13500902
761,0.00568071,0.00559146,32.59173203,0.07103812,0.01821280,1.30542648,0.00121017,0.00529324,0.13484553
762,0.00567913,0.00558990,32.51380539,0.07106210,0.01816868,1.30548513,0.00120692,0.00528914,0.13468204
763,0.00567755,0.00558834,32.43611908,0.07108607,0.01812463,1.30554390,0.00120368,0.00528503,0.13451856
764,0.00567597,0.00558678,32.35839081,0.07111005,0.01808062,1.30560255,0.00120044,0.00528093,0.13435510
765,0.00567439,0.00558522,32.28089905,0.07113404,0.01803668,1.30566132,0.00119721,0.00527683,0.13419165
766,0.00567281,0.00558366,32.20335007,0.07115803,0.01799278,1.30571997,0.00119398,0.00527273,0.13402820
767,0.00567124,0.00558211,32.12598419,0.07118201,0.01794895,1.30577874,0.00119075,0.00526862,0.13386476
768,0.00566967,0.00558056,32.04867935,0.07120600,0.01790517,1.30583739,0.00118752,0.00526452,0.13370134
769,0.00566810,0.00557900,31.97152138,0.07122998,0.01786145,1.30589604,0.00118428,0.00526042,0.13353793
770,0.00566653,0.00557745,31.89439011,0.07125397,0.01781779,1.30595481,0.00118104,0.00525632,0.13337454
771,0.00566496,0.00557591,31.81744194,0.07127797,0.01777418,1.30601346,0.00117780,0.00525223,0.13321115
772,0.00566339,0.00557436,31.74055862,0.07130197,0.01773063,1.30607224,0.00117457,0.00524813,0.13304777
773,0.00566183,0.00557282,31.66382027,0.07132595,0.01768714,1.30613077,0.00117133,0.00524403,0.13288441
774,0.00566027,0.00557127,31.58707619,0.07134994,0.01764370,1.30618954,0.00116810,0.00523993,0.13272107
775,0.00565871,0.00556973,31.51048851,0.07137394,0.01760032,1.30624807,0.00116487,0.00523583,0.13255773
776,0.00565715,0.00556819,31.43398476,0.07139794,0.01755700,1.30630684,0.00116164,0.00523173,0.13239442
777,0.00565559,0.00556665,31.35762596,0.07142194,0.01751374,1.30636549,0.00115841,0.00522763,0.13223112
778,0.00565404,0.00556512,31.28141022,0.07144593,0.01747053,1.30642414,0.00115518,0.00522353,0.13206783
779,0.00565248,0.00556359,31.20520210,0.07146993,0.01742738,1.30648279,0.00115194,0.00521943,0.13190456
780,0.00565093,0.00556205,31.12912560,0.07149393,0.01738429,1.30654144,0.00114870,0.00521533,0.13174130
781,0.00564938,0.00556052,31.05309486,0.07151793,0.01734125,1.30659997,0.00114547,0.00521124,0.13157806
782,0.00564783,0.00555899,30.97727394,0.07154192,0.01729828,1.30665863,0.00114224,0.00520714,0.13141483
783,0.00564629,0.00555746,30.90148163,0.07156592,0.01725536,1.30671728,0.00113902,0.00520306,0.13125162
784,0.00564474,0.00555594,30.82584381,0.07158992,0.01721249,1.30677581,0.00113579,0.00519896,0.13108842
785,0.00564320,0.00555441,30.75021172,0.07161392,0.01716969,1.30683446,0.00113256,0.00519487,0.13092524
786,0.00564166,0.00555289,30.67479134,0.07163793,0.01712694,1.30689311,0.00112933,0.00519078,0.13076207
787,0.00564012,0.00555137,30.59943008,0.07166193,0.01708425,1.30695176,0.00112610,0.00518668,0.13059893
788,0.00563858,0.00554985,30.52406120,0.07168593,0.01704162,1.30701029,0.00112286,0.00518257,0.13043581
789,0.00563704,0.00554834,30.44893265,0.07170993,0.01699905,1.30706882,0.00111963,0.00517848,0.13027270
790,0.00563551,0.00554682,30.37386894,0.07173394,0.01695653,1.30712748,0.00111640,0.00517439,0.13010961
791,0.00563398,0.00554531,30.29888725,0.07175795,0.01691407,1.30718601,0.00111318,0.00517030,0.12994653
792,0.00563245,0.00554379,30.22405243,0.07178195,0.01687167,1.30724454,0.00110995,0.00516621,0.12978348
793,0.00563092,0.00554228,30.14935875,0.07180595,0.01682933,1.30730319,0.00110673,0.00516212,0.12962045
794,0.00562939,0.00554078,30.07466698,0.07182996,0.01678705,1.30736172,0.00110350,0.00515804,0.12945743
795,0.00562787,0.00553927,30.00011063,0.07185397,0.01674483,1.30742025,0.00110027,0.00515395,0.12929444
796,0.00562635,0.00553777,29.92570877,0.07187797,0.01670266,1.30747867,0.00109704,0.00514986,0.12913147
797,0.00562482,0.00553626,29.85130119,0.07190198,0.01666055,1.30753732,0.00109382,0.00514577,0.12896851
798,0.00562330,0.00553476,29.77711296,0.07192598,0.01661850,1.30759585,0.00109060,0.00514167,0.12880558
799,0.00562178,0.00553326,29.70288086,0.07195000,0.01657651,1.30765438,0.00108737,0.00513758,0.12864266
800,0.00562027,0.00553176,29.62885857,0.07197400,0.01653458,1.30771291,0.00108414,0.00513349,0.12847976
801,0.00561876,0.00553026,29.55492592,0.07199800,0.01649271,1.30777133,0.00108092,0.00512940,0.12831689
802,0.00561724,0.00552877,29.48111343,0.07202201,0.01645089,1.30782986,0.00107769,0.00512531,0.12815404
803,0.00561573,0.00552728,29.40738106,0.07204600,0.01640913,1.30788839,0.00107447,0.00512123,0.12799121
804,0.00561422,0.00552579,29.33374023,0.07207001,0.01636743,1.30794680,0.00107125,0.00511715,0.12782840
805,0.00561272,0.00552430,29.26021194,0.07209401,0.01632580,1.30800533,0.00106803,0.00511306,0.12766562
806,0.00561121,0.00552281,29.18684196,0.07211802,0.01628421,1.30806375,0.00106481,0.00510898,0.12750286
807,0.00560971,0.00552132,29.11348534,0.07214201,0.01624269,1.30812216,0.00106159,0.00510490,0.12734012
808,0.00560821,0.00551984,29.04031372,0.07216602,0.01620123,1.30818057,0.00105836,0.00510082,0.12717740
809,0.00560671,0.00551836,28.96713257,0.07219002,0.01615983,1.30823910,0.00105514,0.00509673,0.12701471
810,0.00560521,0.00551688,28.89418030,0.07221401,0.01611848,1.30829740,0.00105192,0.00509265,0.12685204
811,0.00560371,0.00551540,28.82129669,0.07223801,0.01607719,1.30835581,0.00104870,0.00508857,0.12668939
812,0.00560222,0.00551392,28.74849892,0.07226200,0.01603597,1.30841434,0.00104549,0.00508449,0.12652677
813,0.00560073,0.00551245,28.67578697,0.07228601,0.01599480,1.30847275,0.00104227,0.00508041,0.12636417
814,0.00559924,0.00551097,28.60322380,0.07231000,0.01595369,1.30853105,0.00103905,0.00507633,0.12620160
815,0.00559775,0.00550950,28.53069687,0.07233400,0.01591264,1.30858946,0.00103583,0.00507225,0.12603904
816,0.00559626,0.00550803,28.45827866,0.07235800,0.01587165,1.30864787,0.00103261,0.00506817,0.12587652
817,0.00559478,0.00550656,28.38604736,0.07238199,0.01583072,1.30870616,0.00102940,0.00506409,0.12571402
818,0.00559329,0.00550510,28.31385040,0.07240598,0.01578985,1.30876458,0.00102618,0.00506001,0.12555155
819,0.00559181,0.00550363,28.24181747,0.07242998,0.01574904,1.30882287,0.00102297,0.00505594,0.12538910
820,0.00559033,0.00550217,28.16985512,0.07245398,0.01570828,1.30888128,0.00101975,0.00505186,0.12522668
821,0.00558885,0.00550071,28.09801483,0.07247796,0.01566759,1.30893958,0.00101654,0.00504779,0.12506428
822,0.00558738,0.00549925,28.02626038,0.07250195,0.01562696,1.30899787,0.00101332,0.00504372,0.12490192
823,0.00558590,0.00549779,27.95457649,0.07252595,0.01558638,1.30905628,0.00101011,0.00503964,0.12473958
824,0.00558443,0.00549634,27.88304520,0.07254993,0.01554587,1.30911446,0.00100689,0.00503556,0.12457727
825,0.00558296,0.00549488,27.81155777,0.07257392,0.01550541,1.30917275,0.00100368,0.00503148,0.12441498
826,0.00558149,0.00549343,27.74027443,0.07259791,0.01546501,1.30923104,0.00100047,0.00502742,0.12425272
827,0.00558003,0.00549198,27.66898727,0.07262189,0.01542468,1.30928934,0.00099726,0.00502335,0.12409049
828,0.00557856,0.00549053,27.59789658,0.07264587,0.01538440,1.30934751,0.00099405,0.00501928,0.12392829
829,0.00557710,0.00548908,27.52687836,0.07266986,0.01534419,1.30940592,0.00099084,0.00501522,0.12376612
830,0.00557564,0.00548764,27.45596886,0.07269384,0.01530403,1.30946410,0.00098763,0.00501115,0.12360398
831,0.00557418,0.00548620,27.38518715,0.07271782,0.01526393,1.30952227,0.00098442,0.00500707,0.12344187
832,0.00557272,0.00548476,27.31445122,0.07274180,0.01522390,1.30958056,0.00098121,0.00500300,0.12327978
833,0.00557127,0.00548332,27.24382782,0.07276577,0.01518392,1.30963874,0.00097800,0.00499894,0.12311772
834,0.00556981,0.00548188,27.17338181,0.07278974,0.01514400,1.30969691,0.00097479,0.00499488,0.12295569
835,0.00556836,0.00548044,27.10294724,0.07281370,0.01510414,1.30975509,0.00097159,0.00499082,0.12279370
836,0.00556691,0.00547901,27.03270149,0.07283767,0.01506435,1.30981314,0.00096839,0.00498675,0.12263174
837,0.00556546,0.00547758,26.96253395,0.07286164,0.01502461,1.30987144,0.00096519,0.00498269,0.12246981
838,0.00556402,0.00547615,26.89245605,0.07288560,0.01498494,1.30992949,0.00096198,0.00497862,0.12230790
839,0.00556257,0.00547472,26.82248116,0.07290956,0.01494532,1.30998766,0.00095877,0.00497456,0.12214603
840,0.00556113,0.00547329,26.75259590,0.07293353,0.01490576,1.31004584,0.00095557,0.00497049,0.12198419
841,0.00555969,0.00547187,26.68284988,0.07295749,0.01486627,1.31010389,0.00095236,0.00496643,0.12182239
842,0.00555825,0.00547044,26.61325836,0.07298145,0.01482683,1.31016195,0.00094915,0.00496238,0.12166061
843,0.00555681,0.00546902,26.54365540,0.07300541,0.01478746,1.31022012,0.00094596,0.00495832,0.12149888
844,0.00555538,0.00546760,26.47424698,0.07302935,0.01474814,1.31027806,0.00094276,0.00495427,0.12133717
845,0.00555395,0.00546618,26.40493011,0.07305331,0.01470889,1.31033623,0.00093957,0.00495022,0.12117550
846,0.00555252,0.00546477,26.33570671,0.07307727,0.01466969,1.31039429,0.00093637,0.00494616,0.12101386
847,0.00555109,0.00546335,26.26656723,0.07310122,0.01463056,1.31045234,0.00093317,0.00494210,0.12085225
848,0.00554966,0.00546194,26.19752884,0.07312516,0.01459149,1.31051040,0.00092996,0.00493804,0.12069068
849,0.00554823,0.00546053,26.12867737,0.07314911,0.01455248,1.31056845,0.00092676,0.00493398,0.12052915
850,0.00554681,0.00545912,26.05981064,0.07317306,0.01451353,1.31062639,0.00092356,0.00492992,0.12036764
851,0.00554539,0.00545772,25.99114037,0.07319700,0.01447463,1.31068444,0.00092036,0.00492587,0.12020617
852,0.00554397,0.00545631,25.92258453,0.07322094,0.01443580,1.31074238,0.00091717,0.00492183,0.12004474
853,0.00554255,0.00545491,25.85410118,0.07324487,0.01439703,1.31080031,0.00091399,0.00491778,0.11988334
854,0.00554113,0.00545351,25.78571510,0.07326882,0.01435832,1.31085837,0.00091080,0.00491374,0.11972197
855,0.00553972,0.00545211,25.71751595,0.07329274,0.01431968,1.31091630,0.00090760,0.00490969,0.11956064
856,0.00553831,0.00545071,25.64931679,0.07331667,0.01428109,1.31097412,0.00090440,0.00490564,0.11939935
857,0.00553690,0.00544932,25.58127022,0.07334059,0.01424256,1.31103206,0.00090120,0.00490159,0.11923810
858,0.00553549,0.00544792,25.51334572,0.07336452,0.01420410,1.31108999,0.00089801,0.00489755,0.11907688
859,0.00553408,0.00544653,25.44551659,0.07338845,0.01416569,1.31114793,0.00089482,0.00489350,0.11891569
860,0.00553268,0.00544514,25.37777901,0.07341237,0.01412734,1.31120574,0.00089164,0.00488946,0.11875454
861,0.00553128,0.00544375,25.31014633,0.07343628,0.01408906,1.31126356,0.00088845,0.00488541,0.11859343
862,0.00552987,0.00544236,25.24258995,0.07346019,0.01405083,1.31132150,0.00088527,0.00488137,0.11843236
863,0.00552848,0.00544098,25.17522049,0.07348410,0.01401267,1.31137931,0.00088208,0.00487733,0.11827132
864,0.00552708,0.00543960,25.10794258,0.07350800,0.01397457,1.31143713,0.00087889,0.00487328,0.11811032
865,0.00552568,0.00543822,25.04067039,0.07353190,0.01393653,1.31149495,0.00087569,0.00486925,0.11794936
866,0.00552429,0.00543684,24.97369385,0.07355581,0.01389855,1.31155276,0.00087251,0.00486522,0.11778844
867,0.00552290,0.00543546,24.90666008,0.07357971,0.01386063,1.31161046,0.00086932,0.00486118,0.11762756
868,0.00552151,0.00543408,24.83975410,0.07360360,0.01382277,1.31166828,0.00086615,0.00485715,0.11746672
869,0.00552012,0.00543271,24.77304840,0.07362749,0.01378497,1.31172597,0.00086297,0.00485311,0.11730591
870,0.00551874,0.00543134,24.70631981,0.07365138,0.01374724,1.31178379,0.00085979,0.00484908,0.11714515
871,0.00551735,0.00542997,24.63978577,0.07367526,0.01370956,1.31184149,0.00085661,0.00484504,0.11698443
872,0.00551597,0.00542860,24.57335663,0.07369914,0.01367195,1.31189907,0.00085342,0.00484101,0.11682374
873,0.00551459,0.00542723,24.50701904,0.07372303,0.01363440,1.31195688,0.00085024,0.00483698,0.11666310
874,0.00551321,0.00542587,24.44080353,0.07374690,0.01359691,1.31201458,0.00084706,0.00483295,0.11650249
875,0.00551184,0.00542451,24.37463951,0.07377078,0.01355948,1.31207228,0.00084388,0.00482892,0.11634193
876,0.00551046,0.00542315,24.30865669,0.07379464,0.01352211,1.31212986,0.00084070,0.00482488,0.11618141
877,0.00550909,0.00542179,24.24277306,0.07381850,0.01348480,1.31218755,0.00083753,0.00482086,0.11602093
878,0.00550772,0.00542043,24.17694092,0.07384236,0.01344755,1.31224513,0.00083435,0.00481683,0.11586049
879,0.00550635,0.00541908,24.11124802,0.07386623,0.01341037,1.31230271,0.00083118,0.00481281,0.11570010
880,0.00550499,0.00541772,24.04572487,0.07389009,0.01337324,1.31236029,0.00082800,0.00480879,0.11553974
881,0.00550362,0.00541637,23.98019791,0.07391394,0.01333618,1.31241798,0.00082483,0.00480477,0.11537944
882,0.00550226,0.00541502,23.91482353,0.07393780,0.01329918,1.31247556,0.00082166,0.00480074,0.11521917
883,0.00550090,0.00541368,23.84959030,0.07396164,0.01326224,1.31253302,0.00081848,0.00479672,0.11505894
884,0.00549954,0.00541233,23.78442383,0.07398548,0.01322536,1.31259060,0.00081531,0.00479270,0.11489876
885,0.00549818,0.00541099,23.71946144,0.07400931,0.01318854,1.31264806,0.00081214,0.00478868,0.11473861
886,0.00549683,0.00540964,23.65445900,0.07403316,0.01315178,1.31270552,0.00080897,0.00478467,0.11457852
887,0.00549548,0.00540830,23.58967209,0.07405698,0.01311509,1.31276309,0.00080581,0.00478066,0.11441846
888,0.00549413,0.00540697,23.52498245,0.07408081,0.01307845,1.31282055,0.00080265,0.00477665,0.11425845
889,0.00549278,0.00540563,23.46034050,0.07410463,0.01304188,1.31287789,0.00079948,0.00477263,0.11409849
890,0.00549143,0.00540429,23.39582443,0.07412845,0.01300537,1.31293547,0.00079631,0.00476862,0.11393857
891,0.00549008,0.00540296,23.33140564,0.07415226,0.01296892,1.31299281,0.00079314,0.00476461,0.11377869
892,0.00548874,0.00540163,23.26713371,0.07417607,0.01293253,1.31305015,0.00078998,0.00476059,0.11361886
893,0.00548740,0.00540030,23.20298195,0.07419987,0.01289621,1.31310761,0.00078681,0.00475658,0.11345907
894,0.00548606,0.00539898,23.13893127,0.07422367,0.01285994,1.31316495,0.00078366,0.00475258,0.11329933
895,0.00548472,0.00539765,23.07493591,0.07424746,0.01282374,1.31322229,0.00078050,0.00474857,0.11313964
896,0.00548339,0.00539633,23.01105690,0.07427126,0.01278759,1.31327963,0.00077734,0.00474456,0.11297999
897,0.00548205,0.00539501,22.94732475,0.07429506,0.01275151,1.31333697,0.00077418,0.00474056,0.11282038
898,0.00548072,0.00539369,22.88371658,0.07431885,0.01271549,1.31339431,0.00077102,0.00473655,0.11266083
899,0.00547939,0.00539237,22.82020760,0.07434264,0.01267953,1.31345165,0.00076786,0.00473254,0.11250132
900,0.00547806,0.00539105,22.75676346,0.07436642,0.01264364,1.31350875,0.00076470,0.00472854,0.11234185
901,0.00547674,0.00538974,22.69342422,0.07439020,0.01260780,1.31356609,0.00076154,0.00472454,0.11218243
902,0.00547541,0.00538843,22.63024712,0.07441397,0.01257202,1.31362331,0.00075840,0.00472054,0.11202306
903,0.00547409,0.00538712,22.56718254,0.07443774,0.01253631,1.31368065,0.00075525,0.00471655,0.11186374
904,0.00547277,0.00538581,22.50408173,0.07446150,0.01250066,1.31373787,0.00075209,0.00471255,0.11170446
905,0.00547145,0.00538450,22.44129372,0.07448525,0.01246507,1.31379497,0.00074893,0.00470855,0.11154523
906,0.00547014,0.00538320,22.37847710,0.07450900,0.01242954,1.31385219,0.00074578,0.00470456,0.11138605
907,0.00546882,0.00538190,22.31582451,0.07453275,0.01239407,1.31390929,0.00074263,0.00470057,0.11122692
908,0.00546751,0.00538059,22.25324440,0.07455648,0.01235867,1.31396639,0.00073948,0.00469658,0.11106783
909,0.00546620,0.00537930,22.19081497,0.07458021,0.01232332,1.31402349,0.00073634,0.00469259,0.11090880
910,0.00546489,0.00537800,22.12844086,0.07460395,0.01228804,1.31408060,0.00073320,0.00468861,0.11074981
911,0.00546359,0.00537670,22.06628799,0.07462768,0.01225282,1.31413758,0.00073005,0.00468461,0.11059088
912,0.00546228,0.00537541,22.00409508,0.07465140,0.01221766,1.31419468,0.00072691,0.00468063,0.11043199
913,0.00546098,0.00537412,21.94211388,0.07467511,0.01218256,1.31425166,0.00072377,0.00467664,0.11027316
914,0.00545968,0.00537283,21.88019180,0.07469883,0.01214753,1.31430876,0.00072062,0.00467266,0.11011438
915,0.00545838,0.00537154,21.81836510,0.07472254,0.01211256,1.31436574,0.00071748,0.00466868,0.10995565
916,0.00545708,0.00537026,21.75675774,0.07474624,0.01207764,1.31442273,0.00071433,0.00466470,0.10979696
917,0.00545579,0.00536897,21.69515038,0.07476994,0.01204279,1.31447971,0.00071119,0.00466073,0.10963833
918,0.00545449,0.00536769,21.63362694,0.07479364,0.01200800,1.31453669,0.00070806,0.00465674,0.10947976
919,0.00545320,0.00536641,21.57227325,0.07481733,0.01197328,1.31459367,0.00070492,0.00465276,0.10932123
920,0.00545191,0.00536513,21.51107407,0.07484102,0.01193861,1.31465054,0.00070178,0.00464878,0.10916276
921,0.00545063,0.00536386,21.44990158,0.07486470,0.01190401,1.31470740,0.00069865,0.00464480,0.10900433
922,0.00544934,0.00536258,21.38887024,0.07488838,0.01186947,1.31476426,0.00069551,0.00464082,0.10884596
923,0.00544806,0.00536131,21.32792664,0.07491205,0.01183498,1.31482124,0.00069238,0.00463685,0.10868765
924,0.00544678,0.00536004,21.26712608,0.07493572,0.01180056,1.31487799,0.00068924,0.00463288,0.10852938
925,0.00544550,0.00535877,21.20645142,0.07495938,0.01176621,1.31493485,0.00068611,0.00462892,0.10837117
926,0.00544422,0.00535750,21.14579201,0.07498305,0.01173191,1.31499171,0.00068298,0.00462496,0.10821301
927,0.00544294,0.00535624,21.08530045,0.07500670,0.01169768,1.31504846,0.00067985,0.00462099,0.10805490
928,0.00544167,0.00535498,21.02493477,0.07503033,0.01166350,1.31510520,0.00067672,0.00461702,0.10789684
929,0.00544040,0.00535372,20.96461105,0.07505398,0.01162939,1.31516194,0.00067359,0.00461305,0.10773884
930,0.00543913,0.00535246,20.90448189,0.07507761,0.01159534,1.31521869,0.00067047,0.00460908,0.10758089
931,0.00543786,0.00535120,20.84445381,0.07510124,0.01156135,1.31527543,0.00066735,0.00460511,0.10742300
932,0.00543660,0.00534994,20.78448868,0.07512487,0.01152743,1.31533206,0.00066422,0.00460115,0.10726516
933,0.00543533,0.00534869,20.72462654,0.07514849,0.01149356,1.31538880,0.00066110,0.00459720,0.10710737
934,0.00543407,0.00534744,20.66485786,0.07517210,0.01145976,1.31544542,0.00065797,0.00459325,0.10694963
935,0.00543281,0.00534619,20.60525894,0.07519571,0.01142601,1.31550205,0.00065485,0.00458930,0.10679196
936,0.00543155,0.00534494,20.54573631,0.07521931,0.01139233,1.31555867,0.00065173,0.00458535,0.10663433
937,0.00543030,0.00534370,20.48634148,0.07524290,0.01135871,1.31561518,0.00064861,0.00458139,0.10647676
938,0.00542904,0.00534245,20.42700386,0.07526650,0.01132515,1.31567168,0.00064550,0.00457743,0.10631925
939,0.00542779,0.00534121,20.36782265,0.07529008,0.01129165,1.31572843,0.00064239,0.00457347,0.10616179
940,0.00542654,0.00533997,20.30875778,0.07531364,0.01125822,1.31578481,0.00063927,0.00456952,0.10600439
941,0.00542529,0.00533873,20.24977303,0.07533722,0.01122484,1.31584132,0.00063615,0.00456557,0.10584704
942,0.00542405,0.00533749,20.19086456,0.07536077,0.01119153,1.31589782,0.00063304,0.00456162,0.10568975
943,0.00542280,0.00533626,20.13205719,0.07538434,0.01115828,1.31595433,0.00062992,0.00455768,0.10553252
944,0.00542156,0.00533503,20.07342339,0.07540789,0.01112509,1.31601071,0.00062681,0.00455375,0.10537534
945,0.00542032,0.00533380,20.01487541,0.07543145,0.01109196,1.31606722,0.00062370,0.00454981,0.10521822
946,0.00541908,0.00533257,19.95642090,0.07545499,0.01105890,1.31612349,0.00062060,0.00454587,0.10506117
947,0.00541784,0.00533134,19.89816093,0.07547852,0.01102590,1.31617999,0.00061749,0.00454193,0.10490417
948,0.00541661,0.00533012,19.83996582,0.07550205,0.01099295,1.31623626,0.00061439,0.00453799,0.10474722
949,0.00541538,0.00532889,19.78185272,0.07552557,0.01096007,1.31629264,0.00061128,0.00453405,0.10459033
950,0.00541415,0.00532767,19.72382164,0.07554910,0.01092725,1.31634903,0.00060818,0.00453011,0.10443351
951,0.00541292,0.00532645,19.66589355,0.07557261,0.01089449,1.31640518,0.00060507,0.00452618,0.10427674
952,0.00541169,0.00532523,19.60812569,0.07559611,0.01086179,1.31646156,0.00060197,0.00452225,0.10412003
953,0.00541047,0.00532402,19.55045128,0.07561961,0.01082916,1.31651783,0.00059887,0.00451832,0.10396338
954,0.00540924,0.00532280,19.49285889,0.07564310,0.01079659,1.31657410,0.00059577,0.00451439,0.10380679
955,0.00540802,0.00532159,19.43541527,0.07566659,0.01076407,1.31663024,0.00059267,0.00451046,0.10365026
956,0.00540680,0.00532038,19.37800026,0.07569008,0.01073162,1.31668639,0.00058957,0.00450654,0.10349379
957,0.00540559,0.00531917,19.32076073,0.07571355,0.01069923,1.31674254,0.00058648,0.00450261,0.10333738
958,0.00540437,0.00531797,19.26370049,0.07573701,0.01066690,1.31679869,0.00058339,0.00449869,0.10318103
959,0.00540316,0.00531676,19.20662498,0.07576047,0.01063464,1.31685483,0.00058030,0.00449477,0.10302474
960,0.00540195,0.00531556,19.14972687,0.07578394,0.01060243,1.31691098,0.00057721,0.00449085,0.10286851
961,0.00540074,0.00531436,19.09291267,0.07580739,0.01057029,1.31696701,0.00057411,0.00448693,0.10271234
962,0.00539953,0.00531316,19.03619385,0.07583082,0.01053821,1.31702304,0.00057102,0.00448301,0.10255624
963,0.00539833,0.00531197,18.97964859,0.07585426,0.01050618,1.31707919,0.00056793,0.00447911,0.10240019
964,0.00539712,0.00531077,18.92307091,0.07587769,0.01047422,1.31713521,0.00056484,0.00447520,0.10224421
965,0.00539592,0.00530958,18.86670113,0.07590112,0.01044232,1.31719124,0.00056175,0.00447129,0.10208828
966,0.00539472,0.00530839,18.81048584,0.07592454,0.01041049,1.31724715,0.00055866,0.00446737,0.10193242
967,0.00539353,0.00530720,18.75426292,0.07594794,0.01037871,1.31730318,0.00055558,0.00446345,0.10177662
968,0.00539233,0.00530601,18.69823837,0.07597135,0.01034700,1.31735909,0.00055250,0.00445953,0.10162088
969,0.00539114,0.00530483,18.64228439,0.07599475,0.01031534,1.31741500,0.00054942,0.00445562,0.10146520
970,0.00538994,0.00530364,18.58639145,0.07601813,0.01028375,1.31747091,0.00054634,0.00445172,0.10130959
971,0.00538876,0.00530246,18.53070068,0.07604152,0.01025222,1.31752670,0.00054326,0.00444782,0.10115404
972,0.00538757,0.00530128,18.47510338,0.07606489,0.01022075,1.31758261,0.00054018,0.00444394,0.10099854
973,0.00538638,0.00530011,18.41956520,0.07608826,0.01018934,1.31763828,0.00053711,0.00444004,0.10084312
974,0.00538520,0.00529893,18.36412048,0.07611162,0.01015799,1.31769419,0.00053404,0.00443614,0.10068775
975,0.00538402,0.00529776,18.30885506,0.07613497,0.01012670,1.31774998,0.00053096,0.00443224,0.10053245
976,0.00538284,0.00529658,18.25364113,0.07615831,0.01009547,1.31780565,0.00052789,0.00442834,0.10037721
977,0.00538166,0.00529541,18.19854736,0.07618166,0.01006431,1.31786144,0.00052482,0.00442444,0.10022204
978,0.00538048,0.00529424,18.14352798,0.07620499,0.01003320,1.31791711,0.00052175,0.00442054,0.10006692
979,0.00537931,0.00529308,18.08866501,0.07622831,0.01000216,1.31797266,0.00051868,0.00441666,0.09991188
980,0.00537814,0.00529191,18.03391457,0.07625163,0.00997118,1.31802833,0.00051561,0.00441278,0.09975690
981,0.00537697,0.00529075,17.97922325,0.07627493,0.00994026,1.31808400,0.00051255,0.00440890,0.09960198
982,0.00537580,0.00528959,17.92472267,0.07629824,0.00990940,1.31813967,0.00050949,0.00440503,0.09944714
983,0.00537463,0.00528843,17.87022781,0.07632154,0.00987860,1.31819522,0.00050643,0.00440114,0.09929235
984,0.00537347,0.00528727,17.81586838,0.07634483,0.00984786,1.31825078,0.00050336,0.00439725,0.09913763
985,0.00537231,0.00528612,17.76169205,0.07636812,0.00981718,1.31830633,0.00050029,0.00439336,0.09898298
986,0.00537114,0.00528497,17.70750046,0.07639139,0.00978657,1.31836188,0.00049723,0.00438947,0.09882840
987,0.00536999,0.00528382,17.65350342,0.07641465,0.00975601,1.31841731,0.00049417,0.00438559,0.09867388
988,0.00536883,0.00528267,17.59956932,0.07643792,0.00972552,1.31847274,0.00049112,0.00438172,0.09851943
989,0.00536768,0.00528152,17.54581833,0.07646117,0.00969509,1.31852829,0.00048807,0.00437785,0.09836505
990,0.00536652,0.00528037,17.49213791,0.07648442,0.00966471,1.31858373,0.00048502,0.00437399,0.09821073
991,0.00536537,0.00527923,17.43856621,0.07650766,0.00963440,1.31863904,0.00048196,0.00437012,0.09805648
992,0.00536422,0.00527809,17.38506699,0.07653089,0.00960415,1.31869435,0.00047890,0.00436626,0.09790230
993,0.00536308,0.00527695,17.33173561,0.07655411,0.00957396,1.31874979,0.00047585,0.00436239,0.09774818
994,0.00536193,0.00527581,17.27838707,0.07657734,0.00954384,1.31880510,0.00047280,0.00435852,0.09759413
995,0.00536079,0.00527468,17.22530556,0.07660054,0.00951377,1.31886041,0.00046976,0.00435465,0.09744015
996,0.00535965,0.00527354,17.17220116,0.07662374,0.00948376,1.31891572,0.00046672,0.00435078,0.09728624
997,0.00535851,0.00527241,17.11926270,0.07664692,0.00945381,1.31897092,0.00046367,0.00434691,0.09713239
998,0.00535737,0.00527128,17.06644058,0.07667011,0.00942393,1.31902611,0.00046062,0.00434305,0.09697861
999,0.00535624,0.00527015,17.01368713,0.07669328,0.00939410,1.31908131,0.00045758,0.00433921,0.09682491
1000,0.00535510,0.00526902,16.96108437,0.07671644,0.00936434,1.31913650,0.00045454,0.00433536,0.09667127
1001,0.00535397,0.00526790,16.90859985,0.07673961,0.00933463,1.31919169,0.00045150,0.00433151,0.09651770
1002,0.00535284,0.00526678,16.85616302,0.07676276,0.00930499,1.31924677,0.00044846,0.00432767,0.09636419
1003,0.00535172,0.00526565,16.80382347,0.07678589,0.00927540,1.31930184,0.00044542,0.00432382,0.09621076
1004,0.00535059,0.00526454,16.75165939,0.07680903,0.00924588,1.31935692,0.00044239,0.00431996,0.09605740
1005,0.00534947,0.00526342,16.69955063,0.07683217,0.00921642,1.31941199,0.00043936,0.00431611,0.09590410
1006,0.00534835,0.00526230,16.64753723,0.07685528,0.00918702,1.31946695,0.00043633,0.00431226,0.09575088
1007,0.00534723,0.00526119,16.59567261,0.07687840,0.00915768,1.31952202,0.00043330,0.00430842,0.09559773
1008,0.00534611,0.00526008,16.54393196,0.07690150,0.00912840,1.31957698,0.00043027,0.00430458,0.09544465
1009,0.00534499,0.00525897,16.49223709,0.07692460,0.00909917,1.31963193,0.00042724,0.00430074,0.09529164
1010,0.00534388,0.00525786,16.44071388,0.07694770,0.00907002,1.31968689,0.00042421,0.00429691,0.09513870
1011,0.00534277,0.00525675,16.38920403,0.07697078,0.00904092,1.31974173,0.00042118,0.00429308,0.09498583
1012,0.00534166,0.00525565,16.33792305,0.07699385,0.00901188,1.31979656,0.00041816,0.00428925,0.09483303
1013,0.00534055,0.00525455,16.28663826,0.07701690,0.00898290,1.31985140,0.00041514,0.00428542,0.09468031
1014,0.00533944,0.00525345,16.23551559,0.07703996,0.00895398,1.31990635,0.00041212,0.00428158,0.09452765
1015,0.00533834,0.00525235,16.18451118,0.07706301,0.00892512,1.31996107,0.00040910,0.00427775,0.09437507
1016,0.00533724,0.00525125,16.13355064,0.07708605,0.00889632,1.32001591,0.00040608,0.00427391,0.09422256
1017,0.00533614,0.00525016,16.08276367,0.07710907,0.00886758,1.32007062,0.00040306,0.00427009,0.09407012
1018,0.00533504,0.00524907,16.03205872,0.07713209,0.00883891,1.32012534,0.00040004,0.00426627,0.09391775
1019,0.00533394,0.00524798,15.98144150,0.07715511,0.00881029,1.32017994,0.00039702,0.00426245,0.09376545
1020,0.00533285,0.00524689,15.93090057,0.07717811,0.00878173,1.32023466,0.00039402,0.00425864,0.09361323
1021,0.00533175,0.00524580,15.88052654,0.07720111,0.00875323,1.32028925,0.00039101,0.00425484,0.09346108
1022,0.00533066,0.00524471,15.83022594,0.07722409,0.00872479,1.32034397,0.00038801,0.00425102,0.09330901
1023,0.00532958,0.00524363,15.78008747,0.07724707,0.00869642,1.32039845,0.00038499,0.00424721,0.09315701
1024,0.00532849,0.00524255,15.73002529,0.07727003,0.00866810,1.32045305,0.00038198,0.00424339,0.09300508
1025,0.00532740,0.00524147,15.68004417,0.07729299,0.00863984,1.32050765,0.00037897,0.00423957,0.09285322
1026,0.00532632,0.00524039,15.63015175,0.07731595,0.00861164,1.32056201,0.00037597,0.00423575,0.09270144
1027,0.00532524,0.00523932,15.58041477,0.07733889,0.00858350,1.32061660,0.00037297,0.00423195,0.09254973
1028,0.00532416,0.00523824,15.53076077,0.07736181,0.00855542,1.32067096,0.00036997,0.00422814,0.09239809
1029,0.00532308,0.00523717,15.48120022,0.07738475,0.00852740,1.32072544,0.00036697,0.00422435,0.09224653
1030,0.00532201,0.00523610,15.43175697,0.07740766,0.00849944,1.32077992,0.00036398,0.00422056,0.09209505
1031,0.00532094,0.00523503,15.38242912,0.07743056,0.00847154,1.32083416,0.00036098,0.00421676,0.09194364
1032,0.00531986,0.00523397,15.33318520,0.07745346,0.00844370,1.32088852,0.00035798,0.00421296,0.09179230
1033,0.00531879,0.00523290,15.28401756,0.07747635,0.00841592,1.32094276,0.00035498,0.00420916,0.09164104
1034,0.00531773,0.00523184,15.23499393,0.07749923,0.00838820,1.32099712,0.00035200,0.00420536,0.09148986
1035,0.00531666,0.00523078,15.18610668,0.07752209,0.00836054,1.32105148,0.00034901,0.00420157,0.09133875
1036,0.00531560,0.00522972,15.13727093,0.07754496,0.00833294,1.32110572,0.00034601,0.00419778,0.09118772
1037,0.00531454,0.00522866,15.08857536,0.07756782,0.00830540,1.32115984,0.00034302,0.00419399,0.09103677
1038,0.00531348,0.00522761,15.03997040,0.07759067,0.00827792,1.32121408,0.00034003,0.00419020,0.09088589
1039,0.00531242,0.00522655,14.99147892,0.07761350,0.00825049,1.32126808,0.00033705,0.00418642,0.09073508
1040,0.00531136,0.00522550,14.94304562,0.07763633,0.00822313,1.32132232,0.00033408,0.00418265,0.09058435
1041,0.00531031,0.00522445,14.89476204,0.07765915,0.00819583,1.32137644,0.00033110,0.00417888,0.09043370
1042,0.00530926,0.00522341,14.84662819,0.07768196,0.00816858,1.32143044,0.00032812,0.00417510,0.09028313
1043,0.00530821,0.00522236,14.79853630,0.07770476,0.00814140,1.32148457,0.00032513,0.00417132,0.09013263
1044,0.00530716,0.00522132,14.75056458,0.07772755,0.00811427,1.32153857,0.00032215,0.00416753,0.08998221
1045,0.00530611,0.00522027,14.70265865,0.07775033,0.00808720,1.32159257,0.00031917,0.00416375,0.08983187
1046,0.00530507,0.00521923,14.65492344,0.07777311,0.00806020,1.32164645,0.00031620,0.00415997,0.08968160
1047,0.00530402,0.00521819,14.60724068,0.07779586,0.00803325,1.32170045,0.00031323,0.00415621,0.08953141
1048,0.00530298,0.00521716,14.55966282,0.07781861,0.00800636,1.32175434,0.00031027,0.00415245,0.08938131
1049,0.00530194,0.00521612,14.51221943,0.07784136,0.00797953,1.32180822,0.00030730,0.00414869,0.08923128
1050,0.00530091,0.00521509,14.46486282,0.07786409,0.00795276,1.32186210,0.00030433,0.00414493,0.08908132
1051,0.00529987,0.00521406,14.41765404,0.07788681,0.00792604,1.32191586,0.00030136,0.00414118,0.08893145
1052,0.00529884,0.00521303,14.37047386,0.07790952,0.00789939,1.32196963,0.00029839,0.00413743,0.08878165
1053,0.00529781,0.00521200,14.32342911,0.07793223,0.00787279,1.32202339,0.00029542,0.00413367,0.08863194
1054,0.00529678,0.00521098,14.27653503,0.07795493,0.00784626,1.32207716,0.00029247,0.00412992,0.08848230
1055,0.00529575,0.00520995,14.22963905,0.07797761,0.00781978,1.32213092,0.00028951,0.00412616,0.08833274
1056,0.00529473,0.00520893,14.18291664,0.07800028,0.00779336,1.32218456,0.00028656,0.00412240,0.08818326
1057,0.00529370,0.00520791,14.13633633,0.07802296,0.00776700,1.32223821,0.00028360,0.00411865,0.08803386
1058,0.00529268,0.00520689,14.08977509,0.07804562,0.00774070,1.32229185,0.00028064,0.00411490,0.08788454
1059,0.00529166,0.00520588,14.04337406,0.07806827,0.00771446,1.32234550,0.00027768,0.00411115,0.08773530
1060,0.00529064,0.00520486,13.99708366,0.07809091,0.00768828,1.32239902,0.00027472,0.00410740,0.08758613
1061,0.00528963,0.00520385,13.95087719,0.07811353,0.00766215,1.32245255,0.00027178,0.00410366,0.08743705
1062,0.00528861,0.00520284,13.90475559,0.07813613,0.00763608,1.32250595,0.00026883,0.00409993,0.08728804
1063,0.00528760,0.00520183,13.85874653,0.07815874,0.00761008,1.32255948,0.00026589,0.00409621,0.08713912
1064,0.00528659,0.00520083,13.81286526,0.07818134,0.00758413,1.32261300,0.00026295,0.00409249,0.08699028
1065,0.00528558,0.00519982,13.76705551,0.07820392,0.00755823,1.32266629,0.00026000,0.00408876,0.08684152
1066,0.00528458,0.00519882,13.72131824,0.07822649,0.00753240,1.32271969,0.00025705,0.00408502,0.08669283
1067,0.00528357,0.00519782,13.67575645,0.07824907,0.00750663,1.32277310,0.00025411,0.00408129,0.08654424
1068,0.00528257,0.00519682,13.63024807,0.07827163,0.00748091,1.32282639,0.00025117,0.00407755,0.08639572
1069,0.00528157,0.00519582,13.58481503,0.07829417,0.00745525,1.32287979,0.00024824,0.00407382,0.08624728
1070,0.00528057,0.00519482,13.53956604,0.07831671,0.00742965,1.32293296,0.00024530,0.00407009,0.08609892
1071,0.00527957,0.00519383,13.49437332,0.07833923,0.00740411,1.32298625,0.00024237,0.00406638,0.08595066
1072,0.00527858,0.00519284,13.44932461,0.07836176,0.00737863,1.32303941,0.00023943,0.00406267,0.08580247
1073,0.00527758,0.00519184,13.40428734,0.07838427,0.00735320,1.32309258,0.00023651,0.00405896,0.08565437
1074,0.00527659,0.00519086,13.35947323,0.07840676,0.00732784,1.32314587,0.00023358,0.00405526,0.08550635
1075,0.00527560,0.00518987,13.31466484,0.07842924,0.00730253,1.32319891,0.00023064,0.00405155,0.08535841
1076,0.00527461,0.00518889,13.26998615,0.07845172,0.00727728,1.32325196,0.00022772,0.00404783,0.08521055
1077,0.00527363,0.00518790,13.22542763,0.07847419,0.00725208,1.32330501,0.00022479,0.00404411,0.08506278
1078,0.00527265,0.00518692,13.18098831,0.07849664,0.00722695,1.32335806,0.00022187,0.00404040,0.08491509
1079,0.00527166,0.00518594,13.13662720,0.07851909,0.00720187,1.32341111,0.00021895,0.00403670,0.08476748
1080,0.00527068,0.00518496,13.09234428,0.07854152,0.00717685,1.32346416,0.00021604,0.00403300,0.08461996
1081,0.00526970,0.00518399,13.04813099,0.07856394,0.00715189,1.32351708,0.00021311,0.00402930,0.08447252
1082,0.00526873,0.00518301,13.00408649,0.07858636,0.00712698,1.32357001,0.00021019,0.00402561,0.08432516
1083,0.00526775,0.00518204,12.96016693,0.07860877,0.00710214,1.32362282,0.00020727,0.00402191,0.08417789
1084,0.00526678,0.00518107,12.91627502,0.07863117,0.00707735,1.32367575,0.00020436,0.00401822,0.08403070
1085,0.00526581,0.00518010,12.87251282,0.07865355,0.00705261,1.32372856,0.00020146,0.00401453,0.08388359
1086,0.00526484,0.00517914,12.82890511,0.07867592,0.00702794,1.32378125,0.00019855,0.00401084,0.08373657
1087,0.00526387,0.00517817,12.78529644,0.07869827,0.00700332,1.32383406,0.00019565,0.00400715,0.08358963
1088,0.00526291,0.00517721,12.74181843,0.07872063,0.00697876,1.32388687,0.00019274,0.00400347,0.08344278
1089,0.00526195,0.00517625,12.69850349,0.07874297,0.00695426,1.32393944,0.00018983,0.00399978,0.08329601
1090,0.00526098,0.00517529,12.65526772,0.07876530,0.00692981,1.32399225,0.00018692,0.00399610,0.08314933
1091,0.00526002,0.00517433,12.61212349,0.07878762,0.00690543,1.32404482,0.00018402,0.00399243,0.08300273
1092,0.00525907,0.00517337,12.56903744,0.07880992,0.00688110,1.32409751,0.00018112,0.00398875,0.08285622
1093,0.00525811,0.00517242,12.52611065,0.07883222,0.00685682,1.32414997,0.00017823,0.00398508,0.08270979
1094,0.00525716,0.00517147,12.48322773,0.07885449,0.00683260,1.32420254,0.00017533,0.00398141,0.08256344
1095,0.00525620,0.00517052,12.44050980,0.07887677,0.00680845,1.32425499,0.00017244,0.00397774,0.08241719
1096,0.00525525,0.00516957,12.39787483,0.07889903,0.00678434,1.32430756,0.00016955,0.00397407,0.08227102
1097,0.00525431,0.00516862,12.35530758,0.07892129,0.00676030,1.32436001,0.00016666,0.00397041,0.08212493
1098,0.00525336,0.00516768,12.31289673,0.07894353,0.00673631,1.32441235,0.00016376,0.00396675,0.08197894
1099,0.00525241,0.00516674,12.27053928,0.07896575,0.00671238,1.32446480,0.00016087,0.00396309,0.08183303
1100,0.00525147,0.00516579,12.22826862,0.07898798,0.00668850,1.32451725,0.00015799,0.00395943,0.08168720
1101,0.00525053,0.00516486,12.18614674,0.07901020,0.00666468,1.32456958,0.00015511,0.00395577,0.08154146
1102,0.00524959,0.00516392,12.14406967,0.07903239,0.00664092,1.32462180,0.00015222,0.00395211,0.08139581
1103,0.00524865,0.00516298,12.10210133,0.07905458,0.00661722,1.32467401,0.00014934,0.00394846,0.08125025
1104,0.00524772,0.00516205,12.06025505,0.07907675,0.00659357,1.32472622,0.00014647,0.00394482,0.08110478
1105,0.00524679,0.00516112,12.01850510,0.07909892,0.00656998,1.32477844,0.00014360,0.00394117,0.08095939
1106,0.00524585,0.00516019,11.97689724,0.07912108,0.00654644,1.32483065,0.00014072,0.00393753,0.08081410
1107,0.00524492,0.00515926,11.93534279,0.07914323,0.00652296,1.32488275,0.00013784,0.00393389,0.08066889
1108,0.00524399,0.00515833,11.89387798,0.07916536,0.00649954,1.32493508,0.00013497,0.00393025,0.08052377
1109,0.00524307,0.00515741,11.85253143,0.07918748,0.00647618,1.32498705,0.00013209,0.00392660,0.08037873
1110,0.00524214,0.00515648,11.81128407,0.07920959,0.00645287,1.32503915,0.00012921,0.00392295,0.08023379
1111,0.00524122,0.00515556,11.77009487,0.07923169,0.00642961,1.32509112,0.00012635,0.00391932,0.08008893
1112,0.00524030,0.00515464,11.72906876,0.07925377,0.00640642,1.32514310,0.00012349,0.00391569,0.07994416
1113,0.00523938,0.00515372,11.68810177,0.07927585,0.00638327,1.32519507,0.00012064,0.00391207,0.07979947
1114,0.00523847,0.00515281,11.64729309,0.07929792,0.00636019,1.32524693,0.00011778,0.00390844,0.07965488
1115,0.00523755,0.00515189,11.60652924,0.07931998,0.00633716,1.32529891,0.00011491,0.00390482,0.07951038
1116,0.00523664,0.00515098,11.56584454,0.07934202,0.00631419,1.32535076,0.00011205,0.00390119,0.07936596
1117,0.00523572,0.00515007,11.52531624,0.07936405,0.00629127,1.32540262,0.00010918,0.00389757,0.07922164
1118,0.00523481,0.00514916,11.48485565,0.07938606,0.00626841,1.32545435,0.00010633,0.00389395,0.07907739
1119,0.00523391,0.00514825,11.44447803,0.07940806,0.00624560,1.32550609,0.00010348,0.00389032,0.07893324
1120,0.00523300,0.00514735,11.40421391,0.07943005,0.00622285,1.32555771,0.00010064,0.00388671,0.07878917
1121,0.00523210,0.00514644,11.36403656,0.07945203,0.00620016,1.32560945,0.00009781,0.00388311,0.07864521
1122,0.00523119,0.00514554,11.32392883,0.07947400,0.00617752,1.32566118,0.00009496,0.00387951,0.07850133
1123,0.00523029,0.00514464,11.28399086,0.07949597,0.00615494,1.32571280,0.00009210,0.00387591,0.07835754
1124,0.00522939,0.00514374,11.24415588,0.07951792,0.00613241,1.32576442,0.00008924,0.00387230,0.07821384
1125,0.00522850,0.00514285,11.20433903,0.07953986,0.00610994,1.32581592,0.00008639,0.00386870,0.07807023
1126,0.00522760,0.00514195,11.16464996,0.07956178,0.00608752,1.32586741,0.00008356,0.00386509,0.07792672
1127,0.00522671,0.00514106,11.12510395,0.07958368,0.00606516,1.32591891,0.00008073,0.00386149,0.07778329
1128,0.00522582,0.00514017,11.08565044,0.07960559,0.00604285,1.32597041,0.00007791,0.00385789,0.07763996
1129,0.00522493,0.00513928,11.04624176,0.07962749,0.00602060,1.32602191,0.00007508,0.00385430,0.07749672
1130,0.00522404,0.00513839,11.00691986,0.07964937,0.00599841,1.32607329,0.00007224,0.00385071,0.07735357
1131,0.00522315,0.00513751,10.96774197,0.07967125,0.00597627,1.32612467,0.00006939,0.00384712,0.07721052
1132,0.00522227,0.00513662,10.92869091,0.07969310,0.00595418,1.32617605,0.00006655,0.00384354,0.07706755
1133,0.00522139,0.00513574,10.88964653,0.07971495,0.00593216,1.32622743,0.00006372,0.00383995,0.07692467
1134,0.00522051,0.00513486,10.85079193,0.07973677,0.00591018,1.32627857,0.00006091,0.00383635,0.07678189
1135,0.00521963,0.00513398,10.81195450,0.07975858,0.00588826,1.32632983,0.00005810,0.00383277,0.07663920
1136,0.00521875,0.00513310,10.77325439,0.07978038,0.00586639,1.32638109,0.00005528,0.00382919,0.07649659
1137,0.00521787,0.00513223,10.73463631,0.07980218,0.00584458,1.32643223,0.00005245,0.00382562,0.07635409
1138,0.00521700,0.00513135,10.69615173,0.07982396,0.00582283,1.32648325,0.00004962,0.00382206,0.07621167
1139,0.00521613,0.00513048,10.65774727,0.07984574,0.00580113,1.32653451,0.00004680,0.00381850,0.07606934
1140,0.00521526,0.00512961,10.61940098,0.07986750,0.00577948,1.32658553,0.00004399,0.00381493,0.07592711
1141,0.00521439,0.00512874,10.58118629,0.07988925,0.00575789,1.32663655,0.00004118,0.00381136,0.07578497
1142,0.00521352,0.00512788,10.54304218,0.07991099,0.00573635,1.32668757,0.00003838,0.00380778,0.07564292
1143,0.00521266,0.00512701,10.50503063,0.07993270,0.00571487,1.32673860,0.00003557,0.00380422,0.07550097
1144,0.00521180,0.00512615,10.46710110,0.07995441,0.00569344,1.32678950,0.00003276,0.00380066,0.07535911
1145,0.00521094,0.00512529,10.42925358,0.07997610,0.00567207,1.32684028,0.00002995,0.00379711,0.07521734
1146,0.00521008,0.00512443,10.39151669,0.07999779,0.00565075,1.32689118,0.00002714,0.00379357,0.07507566
1147,0.00520922,0.00512357,10.35385895,0.08001947,0.00562948,1.32694209,0.00002434,0.00379002,0.07493409
1148,0.00520837,0.00512272,10.31633472,0.08004113,0.00560827,1.32699287,0.00002154,0.00378647,0.07479260
1149,0.00520751,0.00512186,10.27889061,0.08006278,0.00558711,1.32704365,0.00001875,0.00378292,0.07465121
1150,0.00520666,0.00512101,10.24148655,0.08008443,0.00556601,1.32709444,0.00001595,0.00377937,0.07450991
1151,0.00520581,0.00512016,10.20424271,0.08010605,0.00554496,1.32714510,0.00001315,0.00377582,0.07436871
1152,0.00520496,0.00511931,10.16705894,0.08012766,0.00552397,1.32719576,0.00001036,0.00377227,0.07422760
1153,0.00520411,0.00511846,10.13002586,0.08014926,0.00550303,1.32724643,0.00000757,0.00376873,0.07408658
1154,0.00520327,0.00511762,10.09303761,0.08017085,0.00548214,1.32729709,0.00000478,0.00376520,0.07394566
1155,0.00520242,0.00511677,10.05613232,0.08019242,0.00546130,1.32734764,0.00000199,0.00376167,0.07380483
1156,0.00520158,0.00511593,10.01934814,0.08021397,0.00544052,1.32739806,-0.00000080,0.00375815,0.07366410
1157,0.00520074,0.00511509,9.98265839,0.08023551,0.00541980,1.32744849,-0.00000357,0.00375463,0.07352346
1158,0.00519991,0.00511425,9.94601631,0.08025704,0.00539912,1.32749891,-0.00000635,0.00375111,0.07338292
1159,0.00519907,0.00511341,9.90952015,0.08027857,0.00537850,1.32754946,-0.00000911,0.00374759,0.07324248
1160,0.00519824,0.00511258,9.87313652,0.08030009,0.00535794,1.32759988,-0.00001189,0.00374407,0.07310213
1161,0.00519740,0.00511174,9.83678532,0.08032159,0.00533743,1.32765019,-0.00001468,0.00374054,0.07296187
1162,0.00519657,0.00511091,9.80055904,0.08034308,0.00531697,1.32770050,-0.00001747,0.00373701,0.07282171
1163,0.00519574,0.00511008,9.76443291,0.08036456,0.00529656,1.32775080,-0.00002024,0.00373348,0.07268165
1164,0.00519492,0.00510925,9.72841740,0.08038601,0.00527621,1.32780111,-0.00002301,0.00372997,0.07254168
1165,0.00519409,0.00510843,9.69244766,0.08040746,0.00525591,1.32785130,-0.00002577,0.00372647,0.07240181
1166,0.00519327,0.00510760,9.65660000,0.08042889,0.00523566,1.32790148,-0.00002853,0.00372297,0.07226204
1167,0.00519244,0.00510678,9.62084675,0.08045031,0.00521547,1.32795167,-0.00003129,0.00371948,0.07212237
1168,0.00519162,0.00510596,9.58521652,0.08047172,0.00519533,1.32800174,-0.00003405,0.00371598,0.07198279
1169,0.00519081,0.00510514,9.54963875,0.08049311,0.00517524,1.32805181,-0.00003682,0.00371248,0.07184330
1170,0.00518999,0.00510432,9.51414776,0.08051450,0.00515521,1.32810187,-0.00003958,0.00370898,0.07170392
1171,0.00518917,0.00510350,9.47877598,0.08053588,0.00513523,1.32815194,-0.00004234,0.00370548,0.07156463
1172,0.00518836,0.00510269,9.44348240,0.08055724,0.00511530,1.32820189,-0.00004509,0.00370198,0.07142544
1173,0.00518755,0.00510188,9.40830040,0.08057860,0.00509542,1.32825184,-0.00004784,0.00369849,0.07128634
1174,0.00518674,0.00510106,9.37319565,0.08059993,0.00507560,1.32830167,-0.00005059,0.00369501,0.07114735
1175,0.00518593,0.00510025,9.33816051,0.08062126,0.00505583,1.32835162,-0.00005333,0.00369153,0.07100844
1176,0.00518513,0.00509945,9.30324268,0.08064257,0.00503611,1.32840145,-0.00005608,0.00368805,0.07086964
1177,0.00518432,0.00509864,9.26841927,0.08066386,0.00501644,1.32845128,-0.00005883,0.00368456,0.07073093
1178,0.00518352,0.00509784,9.23369884,0.08068514,0.00499683,1.32850099,-0.00006158,0.00368109,0.07059232
1179,0.00518272,0.00509703,9.19905090,0.08070641,0.00497727,1.32855082,-0.00006432,0.00367762,0.07045381
1180,0.00518192,0.00509623,9.16447830,0.08072766,0.00495776,1.32860053,-0.00006706,0.00367415,0.07031539
1181,0.00518112,0.00509543,9.13002586,0.08074890,0.00493830,1.32865012,-0.00006980,0.00367068,0.07017708
1182,0.00518032,0.00509463,9.09563446,0.08077012,0.00491890,1.32869971,-0.00007253,0.00366720,0.07003886
1183,0.00517953,0.00509384,9.06137371,0.08079133,0.00489954,1.32874942,-0.00007526,0.00366374,0.06990074
1184,0.00517874,0.00509304,9.02718353,0.08081253,0.00488024,1.32879889,-0.00007799,0.00366027,0.06976272
1185,0.00517795,0.00509225,8.99311829,0.08083371,0.00486099,1.32884836,-0.00008072,0.00365681,0.06962480
1186,0.00517716,0.00509146,8.95912361,0.08085489,0.00484179,1.32889783,-0.00008345,0.00365336,0.06948698
1187,0.00517637,0.00509067,8.92519665,0.08087606,0.00482265,1.32894731,-0.00008617,0.00364991,0.06934926
1188,0.00517558,0.00508988,8.89139366,0.08089722,0.00480356,1.32899678,-0.00008890,0.00364646,0.06921164
1189,0.00517480,0.00508910,8.85766411,0.08091836,0.00478451,1.32904613,-0.00009162,0.00364301,0.06907412
1190,0.00517402,0.00508831,8.82399273,0.08093949,0.00476552,1.32909548,-0.00009434,0.00363956,0.06893669
1191,0.00517324,0.00508753,8.79044533,0.08096060,0.00474658,1.32914484,-0.00009706,0.00363610,0.06879937
1192,0.00517246,0.00508675,8.75702381,0.08098170,0.00472770,1.32919407,-0.00009977,0.00363265,0.06866214
1193,0.00517168,0.00508597,8.72366524,0.08100279,0.00470886,1.32924330,-0.00010248,0.00362920,0.06852502
1194,0.00517091,0.00508519,8.69037533,0.08102386,0.00469007,1.32929254,-0.00010519,0.00362577,0.06838799
1195,0.00517013,0.00508442,8.65722084,0.08104491,0.00467134,1.32934177,-0.00010790,0.00362235,0.06825107
1196,0.00516936,0.00508364,8.62411880,0.08106595,0.00465266,1.32939088,-0.00011062,0.00361893,0.06811424
1197,0.00516859,0.00508287,8.59108829,0.08108699,0.00463403,1.32944000,-0.00011333,0.00361550,0.06797750
1198,0.00516782,0.00508210,8.55817986,0.08110800,0.00461544,1.32948887,-0.00011604,0.00361207,0.06784087
1199,0.00516706,0.00508133,8.52539921,0.08112900,0.00459692,1.32953799,-0.00011873,0.00360864,0.06770435
1200,0.00516629,0.00508056,8.49261093,0.08114998,0.00457844,1.32958698,-0.00012142,0.00360522,0.06756792
1201,0.00516553,0.00507980,8.46000671,0.08117095,0.00456001,1.32963598,-0.00012411,0.00360180,0.06743160
1202,0.00516476,0.00507903,8.42742920,0.08119191,0.00454163,1.32968485,-0.00012682,0.00359837,0.06729537
1203,0.00516400,0.00507827,8.39494610,0.08121286,0.00452330,1.32973373,-0.00012952,0.00359496,0.06715924
1204,0.00516325,0.00507751,8.36260986,0.08123378,0.00450503,1.32978249,-0.00013222,0.00359154,0.06702322
1205,0.00516249,0.00507675,8.33032417,0.08125469,0.00448680,1.32983124,-0.00013490,0.00358814,0.06688730
1206,0.00516173,0.00507599,8.29811573,0.08127560,0.00446863,1.32988012,-0.00013757,0.00358475,0.06675147
1207,0.00516098,0.00507523,8.26602268,0.08129648,0.00445050,1.32992876,-0.00014025,0.00358135,0.06661575
1208,0.00516023,0.00507448,8.23399830,0.08131737,0.00443243,1.32997739,-0.00014294,0.00357794,0.06648014
1209,0.00515948,0.00507373,8.20209694,0.08133824,0.00441441,1.33002615,-0.00014563,0.00357454,0.06634463
1210,0.00515873,0.00507298,8.17024326,0.08135910,0.00439643,1.33007479,-0.00014831,0.00357113,0.06620921
1211,0.00515798,0.00507223,8.13847160,0.08137994,0.00437851,1.33012342,-0.00015100,0.00356773,0.06607390
1212,0.00515724,0.00507148,8.10680294,0.08140077,0.00436064,1.33017194,-0.00015368,0.00356433,0.06593869
1213,0.00515650,0.00507073,8.07521629,0.08142159,0.00434282,1.33022046,-0.00015635,0.00356094,0.06580358
1214,0.00515575,0.00506999,8.04373741,0.08144239,0.00432504,1.33026886,-0.00015901,0.00355755,0.06566858
1215,0.00515501,0.00506924,8.01231670,0.08146318,0.00430732,1.33031738,-0.00016167,0.00355418,0.06553368
1216,0.00515428,0.00506850,7.98104715,0.08148395,0.00428965,1.33036578,-0.00016434,0.00355081,0.06539887
1217,0.00515354,0.00506776,7.94981527,0.08150472,0.00427202,1.33041418,-0.00016701,0.00354744,0.06526417
1218,0.00515280,0.00506702,7.91865778,0.08152546,0.00425445,1.33046246,-0.00016968,0.00354407,0.06512958
1219,0.00515207,0.00506629,7.88762379,0.08154619,0.00423693,1.33051074,-0.00017235,0.00354068,0.06499508
1220,0.00515134,0.00506555,7.85662985,0.08156691,0.00421945,1.33055902,-0.00017501,0.00353730,0.06486069
1221,0.00515061,0.00506482,7.82575798,0.08158761,0.00420203,1.33060730,-0.00017766,0.00353392,0.06472640
1222,0.00514988,0.00506409,7.79497719,0.08160830,0.00418465,1.33065546,-0.00018031,0.00353055,0.06459221
1223,0.00514915,0.00506336,7.76428604,0.08162896,0.00416733,1.33070362,-0.00018296,0.00352719,0.06445813
1224,0.00514843,0.00506263,7.73367500,0.08164962,0.00415005,1.33075166,-0.00018562,0.00352384,0.06432415
1225,0.00514771,0.00506190,7.70315504,0.08167027,0.00413282,1.33079970,-0.00018827,0.00352049,0.06419027
1226,0.00514698,0.00506118,7.67269659,0.08169089,0.00411564,1.33084774,-0.00019092,0.00351715,0.06405649
1227,0.00514626,0.00506045,7.64237833,0.08171151,0.00409851,1.33089578,-0.00019356,0.00351380,0.06392282
1228,0.00514554,0.00505973,7.61210966,0.08173211,0.00408143,1.33094382,-0.00019620,0.00351043,0.06378926
1229,0.00514483,0.00505901,7.58193159,0.08175270,0.00406440,1.33099163,-0.00019885,0.00350707,0.06365579
1230,0.00514411,0.00505829,7.55179167,0.08177327,0.00404741,1.33103955,-0.00020149,0.00350371,0.06352242
1231,0.00514340,0.00505757,7.52177763,0.08179382,0.00403048,1.33108747,-0.00020412,0.00350037,0.06338916
1232,0.00514269,0.00505686,7.49189329,0.08181437,0.00401359,1.33113515,-0.00020676,0.00349704,0.06325600
1233,0.00514198,0.00505615,7.46206379,0.08183490,0.00399676,1.33118296,-0.00020939,0.00349371,0.06312295
1234,0.00514127,0.00505543,7.43227673,0.08185541,0.00397997,1.33123064,-0.00021202,0.00349039,0.06299000
1235,0.00514056,0.00505472,7.40261936,0.08187591,0.00396323,1.33127832,-0.00021464,0.00348706,0.06285716
1236,0.00513986,0.00505401,7.37302494,0.08189639,0.00394654,1.33132601,-0.00021727,0.00348372,0.06272442
1237,0.00513915,0.00505331,7.34354210,0.08191686,0.00392989,1.33137369,-0.00021989,0.00348039,0.06259179
1238,0.00513845,0.00505260,7.31412935,0.08193732,0.00391330,1.33142114,-0.00022252,0.00347705,0.06245926
1239,0.00513775,0.00505190,7.28482485,0.08195776,0.00389675,1.33146870,-0.00022514,0.00347373,0.06232684
1240,0.00513705,0.00505119,7.25559187,0.08197819,0.00388026,1.33151627,-0.00022775,0.00347042,0.06219453
1241,0.00513635,0.00505049,7.22641659,0.08199860,0.00386381,1.33156371,-0.00023037,0.00346711,0.06206232
1242,0.00513566,0.00504979,7.19734573,0.08201899,0.00384740,1.33161116,-0.00023298,0.00346381,0.06193022
1243,0.00513496,0.00504909,7.16839552,0.08203938,0.00383105,1.33165848,-0.00023560,0.00346050,0.06179822
1244,0.00513427,0.00504840,7.13946390,0.08205975,0.00381474,1.33170593,-0.00023821,0.00345719,0.06166632
1245,0.00513358,0.00504770,7.11068535,0.08208010,0.00379849,1.33175313,-0.00024082,0.00345387,0.06153454
1246,0.00513289,0.00504701,7.08192587,0.08210044,0.00378228,1.33180046,-0.00024342,0.00345056,0.06140286
1247,0.00513220,0.00504632,7.05325317,0.08212077,0.00376611,1.33184767,-0.00024602,0.00344726,0.06127128
1248,0.00513152,0.00504563,7.02471924,0.08214108,0.00375000,1.33189487,-0.00024862,0.00344396,0.06113982
1249,0.00513083,0.00504494,6.99625111,0.08216137,0.00373393,1.33194208,-0.00025122,0.00344067,0.06100846
1250,0.00513015,0.00504425,6.96785450,0.08218165,0.00371791,1.33198917,-0.00025382,0.00343739,0.06087720
1251,0.00512947,0.00504356,6.93952799,0.08220194,0.00370194,1.33203626,-0.00025642,0.00343410,0.06074606
1252,0.00512879,0.00504288,6.91131592,0.08222221,0.00368602,1.33208334,-0.00025901,0.00343081,0.06061501
1253,0.00512811,0.00504220,6.88318348,0.08224246,0.00367014,1.33213043,-0.00026160,0.00342752,0.06048408
1254,0.00512743,0.00504152,6.85510349,0.08226268,0.00365431,1.33217740,-0.00026420,0.00342423,0.06035325
1255,0.00512676,0.00504084,6.82714796,0.08228289,0.00363853,1.33222425,-0.00026678,0.00342095,0.06022253
1256,0.00512609,0.00504016,6.79925156,0.08230308,0.00362279,1.33227122,-0.00026937,0.00341767,0.06009191
1257,0.00512541,0.00503948,6.77140331,0.08232326,0.00360710,1.33231795,-0.00027195,0.00341440,0.05996140
1258,0.00512474,0.00503881,6.74366713,0.08234343,0.00359146,1.33236492,-0.00027452,0.00341114,0.05983099
1259,0.00512408,0.00503814,6.71606112,0.08236358,0.00357586,1.33241165,-0.00027710,0.00340788,0.05970069
1260,0.00512341,0.00503746,6.68849659,0.08238371,0.00356031,1.33245838,-0.00027968,0.00340461,0.05957050
1261,0.00512274,0.00503679,6.66098499,0.08240383,0.00354481,1.33250499,-0.00028226,0.00340134,0.05944042
1262,0.00512208,0.00503613,6.63359690,0.08242394,0.00352936,1.33255172,-0.00028483,0.00339807,0.05931044
1263,0.00512142,0.00503546,6.60626650,0.08244403,0.00351395,1.33259833,-0.00028739,0.00339481,0.05918058
1264,0.00512076,0.00503479,6.57904911,0.08246411,0.00349859,1.33264494,-0.00028996,0.00339155,0.05905082
1265,0.00512010,0.00503413,6.55187893,0.08248417,0.00348327,1.33269143,-0.00029252,0.00338830,0.05892117
1266,0.00511944,0.00503347,6.52482843,0.08250424,0.00346800,1.33273804,-0.00029509,0.00338506,0.05879162
1267,0.00511878,0.00503281,6.49783421,0.08252426,0.00345278,1.33278453,-0.00029766,0.00338182,0.05866218
1268,0.00511813,0.00503215,6.47094011,0.08254428,0.00343760,1.33283103,-0.00030022,0.00337857,0.05853285
1269,0.00511748,0.00503149,6.44411659,0.08256429,0.00342247,1.33287740,-0.00030278,0.00337532,0.05840363
1270,0.00511682,0.00503083,6.41734695,0.08258427,0.00340738,1.33292377,-0.00030533,0.00337208,0.05827451
1271,0.00511617,0.00503018,6.39068985,0.08260424,0.00339234,1.33297002,-0.00030788,0.00336884,0.05814549
1272,0.00511553,0.00502952,6.36408567,0.08262420,0.00337735,1.33301628,-0.00031042,0.00336561,0.05801659
1273,0.00511488,0.00502887,6.33758545,0.08264415,0.00336240,1.33306253,-0.00031297,0.00336238,0.05788779
1274,0.00511423,0.00502822,6.31115007,0.08266408,0.00334750,1.33310878,-0.00031552,0.00335916,0.05775911
1275,0.00511359,0.00502757,6.28482723,0.08268400,0.00333264,1.33315492,-0.00031807,0.00335594,0.05763053
1276,0.00511295,0.00502693,6.25855541,0.08270390,0.00331783,1.33320105,-0.00032062,0.00335272,0.05750206
1277,0.00511231,0.00502628,6.23238945,0.08272377,0.00330306,1.33324707,-0.00032316,0.00334949,0.05737370
1278,0.00511167,0.00502564,6.20628357,0.08274364,0.00328834,1.33329320,-0.00032569,0.00334627,0.05724544
1279,0.00511103,0.00502499,6.18023443,0.08276350,0.00327367,1.33333921,-0.00032822,0.00334305,0.05711729
1280,0.00511040,0.00502435,6.15429068,0.08278334,0.00325904,1.33338523,-0.00033075,0.00333984,0.05698926
1281,0.00510976,0.00502372,6.12845993,0.08280317,0.00324445,1.33343112,-0.00033329,0.00333663,0.05686133
1282,0.00510913,0.00502308,6.10269308,0.08282298,0.00322991,1.33347690,-0.00033583,0.00333343,0.05673350
1283,0.00510850,0.00502244,6.07697296,0.08284277,0.00321542,1.33352292,-0.00033835,0.00333023,0.05660579
1284,0.00510787,0.00502181,6.05135870,0.08286256,0.00320097,1.33356869,-0.00034087,0.00332703,0.05647818
1285,0.00510724,0.00502117,6.02580595,0.08288233,0.00318657,1.33361447,-0.00034339,0.00332383,0.05635069
1286,0.00510661,0.00502054,6.00035429,0.08290208,0.00317221,1.33366024,-0.00034591,0.00332063,0.05622330
1287,0.00510599,0.00501991,5.97494555,0.08292182,0.00315789,1.33370590,-0.00034844,0.00331744,0.05609601
1288,0.00510536,0.00501928,5.94961691,0.08294154,0.00314362,1.33375156,-0.00035096,0.00331424,0.05596884
1289,0.00510474,0.00501865,5.92438364,0.08296125,0.00312939,1.33379722,-0.00035348,0.00331105,0.05584178
1290,0.00510412,0.00501803,5.89926004,0.08298092,0.00311521,1.33384287,-0.00035599,0.00330787,0.05571483
1291,0.00510350,0.00501740,5.87417316,0.08300059,0.00310107,1.33388829,-0.00035850,0.00330469,0.05558798
1292,0.00510288,0.00501678,5.84916735,0.08302023,0.00308698,1.33393371,-0.00036100,0.00330152,0.05546125
1293,0.00510227,0.00501616,5.82424831,0.08303986,0.00307293,1.33397925,-0.00036350,0.00329835,0.05533462
1294,0.00510165,0.00501554,5.79944944,0.08305947,0.00305893,1.33402455,-0.00036600,0.00329518,0.05520811
1295,0.00510104,0.00501492,5.77465487,0.08307908,0.00304497,1.33406997,-0.00036849,0.00329201,0.05508171
1296,0.00510043,0.00501430,5.75000000,0.08309866,0.00303105,1.33411527,-0.00037100,0.00328884,0.05495542
1297,0.00509982,0.00501368,5.72535944,0.08311824,0.00301718,1.33416057,-0.00037350,0.00328566,0.05482924
1298,0.00509921,0.00501307,5.70085859,0.08313781,0.00300335,1.33420587,-0.00037600,0.00328250,0.05470317
1299,0.00509860,0.00501246,5.67638826,0.08315737,0.00298957,1.33425117,-0.00037849,0.00327934,0.05457721
1300,0.00509800,0.00501185,5.65204573,0.08317691,0.00297583,1.33429635,-0.00038098,0.00327619,0.05445137
1301,0.00509739,0.00501123,5.62773085,0.08319642,0.00296213,1.33434153,-0.00038347,0.00327304,0.05432563
1302,0.00509679,0.00501063,5.60351324,0.08321592,0.00294848,1.33438659,-0.00038596,0.00326989,0.05420001
1303,0.00509619,0.00501002,5.57939768,0.08323541,0.00293487,1.33443165,-0.00038844,0.00326673,0.05407449
1304,0.00509559,0.00500941,5.55532503,0.08325487,0.00292131,1.33447671,-0.00039092,0.00326358,0.05394909
1305,0.00509499,0.00500881,5.53131962,0.08327432,0.00290779,1.33452165,-0.00039340,0.00326043,0.05382379
1306,0.00509439,0.00500821,5.50740576,0.08329376,0.00289431,1.33456659,-0.00039588,0.00325729,0.05369861
1307,0.00509380,0.00500761,5.48360300,0.08331318,0.00288087,1.33461142,-0.00039835,0.00325416,0.05357353
1308,0.00509321,0.00500701,5.45984316,0.08333259,0.00286748,1.33465636,-0.00040082,0.00325104,0.05344857
1309,0.00509261,0.00500641,5.43616104,0.08335198,0.00285413,1.33470118,-0.00040329,0.00324791,0.05332372
1310,0.00509202,0.00500581,5.41255617,0.08337136,0.00284083,1.33474600,-0.00040576,0.00324478,0.05319899
1311,0.00509143,0.00500522,5.38901806,0.08339072,0.00282756,1.33479071,-0.00040823,0.00324166,0.05307436
1312,0.00509085,0.00500462,5.36556435,0.08341007,0.00281434,1.33483541,-0.00041069,0.00323852,0.05294984
1313,0.00509026,0.00500403,5.34218788,0.08342940,0.00280116,1.33488011,-0.00041315,0.00323540,0.05282543
1314,0.00508967,0.00500344,5.31889868,0.08344872,0.00278803,1.33492482,-0.00041561,0.00323228,0.05270114
1315,0.00508909,0.00500285,5.29565763,0.08346803,0.00277494,1.33496940,-0.00041807,0.00322916,0.05257695
1316,0.00508851,0.00500226,5.27247810,0.08348731,0.00276189,1.33501387,-0.00042053,0.00322605,0.05245287
1317,0.00508793,0.00500167,5.24940014,0.08350658,0.00274888,1.33505833,-0.00042298,0.00322294,0.05232891
1318,0.00508735,0.00500109,5.22641659,0.08352584,0.00273592,1.33510292,-0.00042542,0.00321984,0.05220506
1319,0.00508677,0.00500050,5.20348978,0.08354507,0.00272299,1.33514726,-0.00042787,0.00321674,0.05208132
1320,0.00508620,0.00499992,5.18061590,0.08356428,0.00271011,1.33519161,-0.00043032,0.00321364,0.05195769
1321,0.00508562,0.00499934,5.15783978,0.08358347,0.00269728,1.33523595,-0.00043277,0.00321053,0.05183417
1322,0.00508505,0.00499876,5.13515806,0.08360265,0.00268448,1.33528030,-0.00043521,0.00320743,0.05171077
1323,0.00508448,0.00499818,5.11252832,0.08362182,0.00267173,1.33532465,-0.00043765,0.00320433,0.05158747
1324,0.00508391,0.00499760,5.08995819,0.08364097,0.00265901,1.33536875,-0.00044009,0.00320124,0.05146429
1325,0.00508334,0.00499703,5.06748152,0.08366010,0.00264635,1.33541298,-0.00044252,0.00319815,0.05134122
1326,0.00508277,0.00499646,5.04507017,0.08367923,0.00263372,1.33545709,-0.00044495,0.00319508,0.05121827
1327,0.00508220,0.00499588,5.02273512,0.08369833,0.00262113,1.33550119,-0.00044738,0.00319201,0.05109542
1328,0.00508164,0.00499531,5.00047302,0.08371742,0.00260859,1.33554530,-0.00044981,0.00318894,0.05097269
1329,0.00508107,0.00499474,4.97829866,0.08373649,0.00259608,1.33558917,-0.00045224,0.00318586,0.05085007
1330,0.00508051,0.00499417,4.95617104,0.08375556,0.00258362,1.33563328,-0.00045466,0.00318278,0.05072756
1331,0.00507995,0.00499361,4.93410826,0.08377460,0.00257120,1.33567715,-0.00045708,0.00317970,0.05060517
1332,0.00507939,0.00499304,4.91216135,0.08379363,0.00255882,1.33572114,-0.00045950,0.00317663,0.05048290
1333,0.00507884,0.00499248,4.89025021,0.08381265,0.00254649,1.33576500,-0.00046192,0.00317357,0.05036073
1334,0.00507828,0.00499191,4.86842346,0.08383165,0.00253419,1.33580887,-0.00046434,0.00317050,0.05023868
1335,0.00507773,0.00499135,4.84668970,0.08385063,0.00252194,1.33585250,-0.00046676,0.00316745,0.05011674
1336,0.00507717,0.00499079,4.82501793,0.08386960,0.00250972,1.33589637,-0.00046916,0.00316440,0.04999491
1337,0.00507662,0.00499023,4.80339766,0.08388855,0.00249755,1.33594012,-0.00047157,0.00316135,0.04987319
1338,0.00507607,0.00498968,4.78185463,0.08390749,0.00248542,1.33598363,-0.00047398,0.00315829,0.04975159
1339,0.00507552,0.00498912,4.76042175,0.08392642,0.00247333,1.33602738,-0.00047638,0.00315525,0.04963010
1340,0.00507497,0.00498857,4.73903084,0.08394531,0.00246128,1.33607090,-0.00047879,0.00315220,0.04950872
1341,0.00507443,0.00498801,4.71770573,0.08396418,0.00244927,1.33611441,-0.00048118,0.00314916,0.04938745
1342,0.00507388,0.00498746,4.69646120,0.08398305,0.00243730,1.33615792,-0.00048357,0.00314613,0.04926630
1343,0.00507334,0.00498691,4.67527866,0.08400189,0.00242537,1.33620143,-0.00048597,0.00314309,0.04914527
1344,0.00507280,0.00498636,4.65417910,0.08402073,0.00241348,1.33624482,-0.00048837,0.00314006,0.04902434
1345,0.00507225,0.00498581,4.63314867,0.08403954,0.00240164,1.33628821,-0.00049076,0.00313703,0.04890352
1346,0.00507171,0.00498527,4.61219311,0.08405834,0.00238983,1.33633149,-0.00049316,0.00313399,0.04878283
1347,0.00507118,0.00498472,4.59129572,0.08407713,0.00237806,1.33637476,-0.00049554,0.00313096,0.04866224
1348,0.00507064,0.00498418,4.57048321,0.08409590,0.00236633,1.33641803,-0.00049791,0.00312794,0.04854177
1349,0.00507011,0.00498364,4.54973269,0.08411466,0.00235465,1.33646119,-0.00050029,0.00312493,0.04842141
1350,0.00506957,0.00498310,4.52906179,0.08413339,0.00234300,1.33650446,-0.00050266,0.00312192,0.04830117
1351,0.00506904,0.00498256,4.50846529,0.08415212,0.00233140,1.33654761,-0.00050505,0.00311891,0.04818104
1352,0.00506851,0.00498202,4.48793983,0.08417083,0.00231983,1.33659065,-0.00050744,0.00311589,0.04806102
1353,0.00506798,0.00498148,4.46746349,0.08418952,0.00230830,1.33663368,-0.00050981,0.00311288,0.04794112
1354,0.00506745,0.00498095,4.44705629,0.08420821,0.00229681,1.33667672,-0.00051218,0.00310987,0.04782133
1355,0.00506692,0.00498041,4.42672777,0.08422685,0.00228537,1.33671963,-0.00051453,0.00310687,0.04770165
1356,0.00506640,0.00497988,4.40648174,0.08424548,0.00227396,1.33676267,-0.00051689,0.00310388,0.04758209
1357,0.00506587,0.00497935,4.38629913,0.08426409,0.00226259,1.33680546,-0.00051926,0.00310089,0.04746265
1358,0.00506535,0.00497882,4.36616468,0.08428270,0.00225126,1.33684838,-0.00052163,0.00309790,0.04734331
1359,0.00506483,0.00497829,4.34612513,0.08430129,0.00223997,1.33689106,-0.00052400,0.00309490,0.04722409
1360,0.00506431,0.00497776,4.32616615,0.08431985,0.00222872,1.33693385,-0.00052636,0.00309191,0.04710498
1361,0.00506379,0.00497724,4.30624723,0.08433840,0.00221750,1.33697665,-0.00052870,0.00308891,0.04698600
1362,0.00506327,0.00497671,4.28638983,0.08435695,0.00220633,1.33701921,-0.00053104,0.00308593,0.04686712
1363,0.00506276,0.00497619,4.26662397,0.08437547,0.00219520,1.33706188,-0.00053339,0.00308295,0.04674836
1364,0.00506224,0.00497566,4.24691772,0.08439398,0.00218410,1.33710444,-0.00053574,0.00307999,0.04662971
1365,0.00506173,0.00497514,4.22729492,0.08441248,0.00217305,1.33714712,-0.00053809,0.00307702,0.04651118
1366,0.00506122,0.00497463,4.20771790,0.08443096,0.00216203,1.33718944,-0.00054045,0.00307405,0.04639276
1367,0.00506071,0.00497411,4.18822622,0.08444942,0.00215105,1.33723199,-0.00054278,0.00307108,0.04627446
1368,0.00506020,0.00497359,4.16879511,0.08446787,0.00214011,1.33727443,-0.00054511,0.00306812,0.04615628
1369,0.00505969,0.00497307,4.14944124,0.08448630,0.00212921,1.33731687,-0.00054744,0.00306516,0.04603821
1370,0.00505918,0.00497256,4.13016272,0.08450472,0.00211835,1.33735919,-0.00054978,0.00306219,0.04592026
1371,0.00505868,0.00497205,4.11091185,0.08452312,0.00210753,1.33740151,-0.00055212,0.00305923,0.04580242
1372,0.00505817,0.00497154,4.09177160,0.08454151,0.00209674,1.33744383,-0.00055446,0.00305627,0.04568470
1373,0.00505767,0.00497103,4.07267284,0.08455986,0.00208599,1.33748603,-0.00055679,0.00305332,0.04556708
1374,0.00505717,0.00497052,4.05365372,0.08457820,0.00207528,1.33752823,-0.00055910,0.00305038,0.04544959
1375,0.00505667,0.00497001,4.03470612,0.08459652,0.00206461,1.33757043,-0.00056142,0.00304745,0.04533221
1376,0.00505617,0.00496950,4.01581430,0.08461483,0.00205398,1.33761239,-0.00056374,0.00304451,0.04521494
1377,0.00505568,0.00496900,3.99700308,0.08463312,0.00204338,1.33765447,-0.00056606,0.00304157,0.04509779
1378,0.00505518,0.00496849,3.97825122,0.08465140,0.00203282,1.33769655,-0.00056837,0.00303863,0.04498076
1379,0.00505469,0.00496799,3.95957303,0.08466966,0.00202230,1.33773851,-0.00057069,0.00303568,0.04486383
1380,0.00505419,0.00496749,3.94094467,0.08468791,0.00201182,1.33778048,-0.00057301,0.00303275,0.04474703
1381,0.00505370,0.00496699,3.92237616,0.08470614,0.00200138,1.33782232,-0.00057532,0.00302982,0.04463033
1382,0.00505321,0.00496649,3.90388227,0.08472436,0.00199097,1.33786416,-0.00057762,0.00302690,0.04451376
1383,0.00505272,0.00496600,3.88548350,0.08474255,0.00198060,1.33790600,-0.00057992,0.00302399,0.04439730
1384,0.00505223,0.00496550,3.86712503,0.08476073,0.00197027,1.33794773,-0.00058222,0.00302108,0.04428095
1385,0.00505174,0.00496501,3.84882212,0.08477888,0.00195997,1.33798945,-0.00058452,0.00301817,0.04416472
1386,0.00505126,0.00496451,3.83060360,0.08479701,0.00194972,1.33803117,-0.00058682,0.00301526,0.04404861
1387,0.00505078,0.00496402,3.81246805,0.08481514,0.00193950,1.33807278,-0.00058912,0.00301234,0.04393261
1388,0.00505029,0.00496353,3.79437304,0.08483324,0.00192931,1.33811438,-0.00059141,0.00300943,0.04381673
1389,0.00504981,0.00496304,3.77633071,0.08485133,0.00191917,1.33815598,-0.00059370,0.00300651,0.04370096
1390,0.00504933,0.00496255,3.75836229,0.08486941,0.00190906,1.33819747,-0.00059598,0.00300361,0.04358531
1391,0.00504885,0.00496206,3.74045563,0.08488747,0.00189898,1.33823895,-0.00059826,0.00300072,0.04346978
1392,0.00504837,0.00496158,3.72262311,0.08490551,0.00188895,1.33828032,-0.00060055,0.00299783,0.04335436
1393,0.00504790,0.00496110,3.70489216,0.08492354,0.00187895,1.33832169,-0.00060284,0.00299495,0.04323906
1394,0.00504742,0.00496061,3.68718743,0.08494155,0.00186899,1.33836317,-0.00060512,0.00299206,0.04312388
1395,0.00504695,0.00496013,3.66953826,0.08495955,0.00185906,1.33840442,-0.00060739,0.00298918,0.04300882
1396,0.00504648,0.00495965,3.65197182,0.08497753,0.00184917,1.33844566,-0.00060967,0.00298630,0.04289386
1397,0.00504600,0.00495917,3.63444567,0.08499550,0.00183932,1.33848691,-0.00061194,0.00298341,0.04277903
1398,0.00504553,0.00495869,3.61701393,0.08501345,0.00182950,1.33852816,-0.00061421,0.00298052,0.04266432
1399,0.00504507,0.00495821,3.59961200,0.08503139,0.00181972,1.33856940,-0.00061648,0.00297763,0.04254971
1400,0.00504460,0.00495774,3.58230329,0.08504929,0.00180998,1.33861053,-0.00061875,0.00297476,0.04243523
1401,0.00504413,0.00495726,3.56507897,0.08506718,0.00180027,1.33865154,-0.00062102,0.00297190,0.04232085
1402,0.00504367,0.00495679,3.54786491,0.08508505,0.00179060,1.33869255,-0.00062328,0.00296904,0.04220660
1403,0.00504320,0.00495632,3.53076673,0.08510291,0.00178096,1.33873343,-0.00062553,0.00296619,0.04209245
1404,0.00504274,0.00495585,3.51368594,0.08512075,0.00177136,1.33877444,-0.00062777,0.00296334,0.04197843
1405,0.00504228,0.00495538,3.49669337,0.08513857,0.00176180,1.33881533,-0.00063003,0.00296047,0.04186451
1406,0.00504182,0.00495491,3.47974062,0.08515638,0.00175227,1.33885622,-0.00063229,0.00295760,0.04175072
1407,0.00504136,0.00495444,3.46285987,0.08517416,0.00174278,1.33889699,-0.00063455,0.00295474,0.04163704
1408,0.00504090,0.00495398,3.44605899,0.08519192,0.00173332,1.33893776,-0.00063680,0.00295189,0.04152348
1409,0.00504045,0.00495351,3.42931247,0.08520967,0.00172390,1.33897841,-0.00063904,0.00294905,0.04141003
1410,0.00503999,0.00495305,3.41262698,0.08522740,0.00171451,1.33901906,-0.00064126,0.00294623,0.04129670
1411,0.00503954,0.00495259,3.39600730,0.08524512,0.00170516,1.33905971,-0.00064349,0.00294340,0.04118349
1412,0.00503909,0.00495213,3.37946773,0.08526281,0.00169584,1.33910024,-0.00064574,0.00294057,0.04107039
1413,0.00503864,0.00495167,3.36296415,0.08528050,0.00168656,1.33914089,-0.00064798,0.00293773,0.04095742
1414,0.00503819,0.00495121,3.34652734,0.08529817,0.00167731,1.33918130,-0.00065022,0.00293489,0.04084456
1415,0.00503774,0.00495075,3.33015227,0.08531582,0.00166810,1.33922184,-0.00065245,0.00293205,0.04073182
1416,0.00503729,0.00495030,3.31381321,0.08533346,0.00165893,1.33926225,-0.00065467,0.00292921,0.04061921
1417,0.00503684,0.00494984,3.29756379,0.08535108,0.00164979,1.33930266,-0.00065689,0.00292639,0.04050671
1418,0.00503640,0.00494939,3.28138423,0.08536869,0.00164068,1.33934307,-0.00065911,0.00292358,0.04039432
1419,0.00503596,0.00494894,3.26525569,0.08538628,0.00163161,1.33938336,-0.00066135,0.00292077,0.04028206
1420,0.00503551,0.00494849,3.24920440,0.08540384,0.00162258,1.33942354,-0.00066358,0.00291797,0.04016991
1421,0.00503507,0.00494804,3.23320055,0.08542141,0.00161357,1.33946371,-0.00066579,0.00291516,0.04005788
1422,0.00503463,0.00494759,3.21726441,0.08543895,0.00160461,1.33950400,-0.00066799,0.00291236,0.03994596
1423,0.00503419,0.00494714,3.20137858,0.08545648,0.00159568,1.33954418,-0.00067019,0.00290955,0.03983417
1424,0.00503376,0.00494669,3.18554044,0.08547399,0.00158678,1.33958435,-0.00067241,0.00290674,0.03972249
1425,0.00503332,0.00494625,3.16977453,0.08549147,0.00157791,1.33962440,-0.00067463,0.00290392,0.03961092
1426,0.00503288,0.00494581,3.15408897,0.08550894,0.00156908,1.33966434,-0.00067685,0.00290111,0.03949947
1427,0.00503245,0.00494536,3.13843870,0.08552638,0.00156029,1.33970428,-0.00067905,0.00289832,0.03938814
1428,0.00503202,0.00494492,3.12283516,0.08554381,0.00155152,1.33974433,-0.00068123,0.00289554,0.03927692
1429,0.00503159,0.00494448,3.10732722,0.08556123,0.00154280,1.33978415,-0.00068342,0.00289277,0.03916582
1430,0.00503116,0.00494404,3.09187698,0.08557863,0.00153410,1.33982396,-0.00068562,0.00289000,0.03905484
1431,0.00503073,0.00494361,3.07648015,0.08559602,0.00152544,1.33986390,-0.00068782,0.00288723,0.03894398
1432,0.00503030,0.00494317,3.06112862,0.08561338,0.00151682,1.33990359,-0.00069003,0.00288443,0.03883322
1433,0.00502987,0.00494273,3.04583645,0.08563072,0.00150822,1.33994329,-0.00069222,0.00288164,0.03872259
1434,0.00502945,0.00494230,3.03061867,0.08564804,0.00149966,1.33998287,-0.00069440,0.00287885,0.03861207
1435,0.00502902,0.00494187,3.01546192,0.08566535,0.00149114,1.34002256,-0.00069657,0.00287609,0.03850167
1436,0.00502860,0.00494143,3.00034475,0.08568264,0.00148264,1.34006214,-0.00069874,0.00287334,0.03839139
1437,0.00502818,0.00494100,2.98530602,0.08569991,0.00147418,1.34010172,-0.00070092,0.00287059,0.03828122
1438,0.00502776,0.00494057,2.97033453,0.08571717,0.00146576,1.34014106,-0.00070312,0.00286784,0.03817118
1439,0.00502734,0.00494014,2.95537901,0.08573441,0.00145737,1.34018064,-0.00070530,0.00286509,0.03806125
1440,0.00502692,0.00493972,2.94052649,0.08575164,0.00144901,1.34022009,-0.00070747,0.00286233,0.03795145
1441,0.00502650,0.00493929,2.92571187,0.08576885,0.00144068,1.34025943,-0.00070963,0.00285957,0.03784176
1442,0.00502608,0.00493887,2.91093469,0.08578604,0.00143239,1.34029877,-0.00071179,0.00285680,0.03773218
1443,0.00502567,0.00493844,2.89624739,0.08580323,0.00142412,1.34033811,-0.00071395,0.00285404,0.03762273
1444,0.00502526,0.00493802,2.88162994,0.08582038,0.00141590,1.34037733,-0.00071613,0.00285130,0.03751339
1445,0.00502484,0.00493760,2.86701751,0.08583754,0.00140770,1.34041655,-0.00071830,0.00284858,0.03740417
1446,0.00502443,0.00493718,2.85252666,0.08585465,0.00139954,1.34045577,-0.00072046,0.00284586,0.03729507
1447,0.00502402,0.00493676,2.83806753,0.08587175,0.00139141,1.34049487,-0.00072261,0.00284313,0.03718608
1448,0.00502361,0.00493634,2.82364464,0.08588883,0.00138331,1.34053397,-0.00072476,0.00284039,0.03707721
1449,0.00502320,0.00493592,2.80929160,0.08590589,0.00137525,1.34057295,-0.00072690,0.00283764,0.03696846
1450,0.00502280,0.00493551,2.79498744,0.08592295,0.00136721,1.34061193,-0.00072905,0.00283490,0.03685983
1451,0.00502239,0.00493509,2.78075290,0.08593999,0.00135921,1.34065092,-0.00073120,0.00283218,0.03675131
1452,0.00502199,0.00493468,2.76660562,0.08595701,0.00135125,1.34068978,-0.00073335,0.00282948,0.03664292
1453,0.00502158,0.00493427,2.75246263,0.08597401,0.00134331,1.34072864,-0.00073550,0.00282679,0.03653464
1454,0.00502118,0.00493386,2.73841763,0.08599100,0.00133541,1.34076750,-0.00073764,0.00282409,0.03642648
1455,0.00502078,0.00493345,2.72441840,0.08600797,0.00132754,1.34080637,-0.00073977,0.00282138,0.03631845
1456,0.00502038,0.00493304,2.71044111,0.08602493,0.00131970,1.34084511,-0.00074190,0.00281866,0.03621053
1457,0.00501998,0.00493263,2.69654751,0.08604185,0.00131189,1.34088385,-0.00074404,0.00281593,0.03610272
1458,0.00501959,0.00493222,2.68270350,0.08605876,0.00130411,1.34092236,-0.00074618,0.00281322,0.03599503
1459,0.00501919,0.00493182,2.66892838,0.08607565,0.00129637,1.34096098,-0.00074830,0.00281052,0.03588746
1460,0.00501879,0.00493141,2.65518904,0.08609252,0.00128866,1.34099960,-0.00075042,0.00280784,0.03578001
1461,0.00501840,0.00493101,2.64153147,0.08610938,0.00128098,1.34103811,-0.00075253,0.00280516,0.03567268
1462,0.00501801,0.00493061,2.62790465,0.08612623,0.00127333,1.34107661,-0.00075466,0.00280249,0.03556546
1463,0.00501761,0.00493021,2.61435699,0.08614306,0.00126571,1.34111500,-0.00075679,0.00279980,0.03545837
1464,0.00501722,0.00492981,2.60083771,0.08615987,0.00125812,1.34115338,-0.00075891,0.00279711,0.03535139
1465,0.00501683,0.00492941,2.58738637,0.08617667,0.00125057,1.34119189,-0.00076102,0.00279441,0.03524454
1466,0.00501645,0.00492901,2.57400632,0.08619345,0.00124304,1.34123015,-0.00076313,0.00279173,0.03513780
1467,0.00501606,0.00492861,2.56065321,0.08621021,0.00123555,1.34126842,-0.00076524,0.00278906,0.03503118
1468,0.00501567,0.00492822,2.54738927,0.08622696,0.00122809,1.34130669,-0.00076735,0.00278639,0.03492469
1469,0.00501529,0.00492782,2.53415942,0.08624370,0.00122066,1.34134495,-0.00076945,0.00278373,0.03481830
1470,0.00501490,0.00492743,2.52097893,0.08626039,0.00121325,1.34138298,-0.00077156,0.00278106,0.03471204
1471,0.00501452,0.00492704,2.50787091,0.08627708,0.00120589,1.34142113,-0.00077366,0.00277840,0.03460589
1472,0.00501414,0.00492665,2.49478722,0.08629375,0.00119855,1.34145916,-0.00077575,0.00277574,0.03449985
1473,0.00501376,0.00492626,2.48178935,0.08631040,0.00119124,1.34149718,-0.00077784,0.00277309,0.03439394
1474,0.00501338,0.00492587,2.46881676,0.08632704,0.00118396,1.34153521,-0.00077993,0.00277043,0.03428815
1475,0.00501300,0.00492548,2.45592332,0.08634365,0.00117671,1.34157312,-0.00078203,0.00276778,0.03418247
1476,0.00501262,0.00492509,2.44305992,0.08636026,0.00116950,1.34161103,-0.00078413,0.00276512,0.03407691
1477,0.00501225,0.00492471,2.43027735,0.08637685,0.00116231,1.34164894,-0.00078622,0.00276248,0.03397147
1478,0.00501187,0.00492432,2.41752243,0.08639341,0.00115515,1.34168673,-0.00078830,0.00275983,0.03386614
1479,0.00501150,0.00492394,2.40483761,0.08640994,0.00114803,1.34172451,-0.00079037,0.00275720,0.03376094
1480,0.00501112,0.00492356,2.39219594,0.08642647,0.00114093,1.34176219,-0.00079245,0.00275457,0.03365585
1481,0.00501075,0.00492317,2.37962389,0.08644298,0.00113387,1.34179986,-0.00079453,0.00275195,0.03355088
1482,0.00501038,0.00492279,2.36708832,0.08645947,0.00112683,1.34183741,-0.00079660,0.00274932,0.03344603
1483,0.00501001,0.00492242,2.35461402,0.08647594,0.00111982,1.34187508,-0.00079867,0.00274668,0.03334129
1484,0.00500964,0.00492204,2.34218121,0.08649240,0.00111285,1.34191263,-0.00080074,0.00274405,0.03323668
1485,0.00500927,0.00492166,2.32978225,0.08650884,0.00110590,1.34195006,-0.00080281,0.00274142,0.03313218
1486,0.00500891,0.00492128,2.31748891,0.08652527,0.00109899,1.34198761,-0.00080487,0.00273881,0.03302781
1487,0.00500854,0.00492091,2.30520082,0.08654168,0.00109210,1.34202504,-0.00080693,0.00273619,0.03292356
1488,0.00500818,0.00492053,2.29300976,0.08655808,0.00108524,1.34206247,-0.00080900,0.00273359,0.03281942
1489,0.00500781,0.00492016,2.28083014,0.08657446,0.00107841,1.34209979,-0.00081107,0.00273098,0.03271541
1490,0.00500745,0.00491979,2.26874590,0.08659082,0.00107162,1.34213710,-0.00081312,0.00272838,0.03261151
1491,0.00500709,0.00491942,2.25665784,0.08660715,0.00106485,1.34217429,-0.00081517,0.00272578,0.03250773
1492,0.00500673,0.00491905,2.24466825,0.08662347,0.00105811,1.34221160,-0.00081721,0.00272317,0.03240407
1493,0.00500637,0.00491868,2.23269773,0.08663976,0.00105140,1.34224868,-0.00081926,0.00272057,0.03230052
1494,0.00500601,0.00491831,2.22078538,0.08665605,0.00104472,1.34228575,-0.00082131,0.00271796,0.03219710
1495,0.00500566,0.00491795,2.20893836,0.08667231,0.00103806,1.34232295,-0.00082336,0.00271537,0.03209380
1496,0.00500530,0.00491758,2.19713378,0.08668856,0.00103144,1.34236002,-0.00082540,0.00271280,0.03199061
1497,0.00500495,0.00491722,2.18539572,0.08670480,0.00102485,1.34239697,-0.00082744,0.00271023,0.03188755
1498,0.00500459,0.00491685,2.17369795,0.08672101,0.00101828,1.34243393,-0.00082948,0.00270765,0.03178460
1499,0.00500424,0.00491649,2.16205359,0.08673722,0.00101174,1.34247088,-0.00083151,0.00270507,0.03168177
1500,0.00500389,0.00491613,2.15044355,0.08675340,0.00100524,1.34250772,-0.00083354,0.00270247,0.03157906
1501,0.00500354,0.00491577,2.13890433,0.08676957,0.00099876,1.34254456,-0.00083557,0.00269989,0.03147647
1502,0.00500319,0.00491541,2.12739396,0.08678573,0.00099230,1.34258139,-0.00083760,0.00269731,0.03137399
1503,0.00500284,0.00491505,2.11595964,0.08680184,0.00098588,1.34261811,-0.00083963,0.00269475,0.03127164
1504,0.00500249,0.00491469,2.10456681,0.08681795,0.00097949,1.34265482,-0.00084165,0.00269221,0.03116940
1505,0.00500215,0.00491434,2.09322667,0.08683404,0.00097312,1.34269142,-0.00084367,0.00268966,0.03106728
1506,0.00500180,0.00491398,2.08192587,0.08685011,0.00096678,1.34272802,-0.00084568,0.00268710,0.03096528
1507,0.00500146,0.00491363,2.07065606,0.08686616,0.00096047,1.34276474,-0.00084769,0.00268454,0.03086339
1508,0.00500111,0.00491328,2.05948091,0.08688220,0.00095419,1.34280121,-0.00084971,0.00268197,0.03076163
1509,0.00500077,0.00491292,2.04831719,0.08689823,0.00094794,1.34283769,-0.00085173,0.00267940,0.03065998
1510,0.00500043,0.00491257,2.03721094,0.08691423,0.00094171,1.34287417,-0.00085374,0.00267686,0.03055845
1511,0.00500009,0.00491222,2.02617550,0.08693022,0.00093552,1.34291065,-0.00085575,0.00267433,0.03045704
1512,0.00499975,0.00491187,2.01516795,0.08694618,0.00092935,1.34294689,-0.00085775,0.00267180,0.03035575
1513,0.00499941,0.00491153,2.00423527,0.08696213,0.00092320,1.34298325,-0.00085975,0.00266927,0.03025457
1514,0.00499907,0.00491118,1.99332333,0.08697805,0.00091709,1.34301949,-0.00086175,0.00266673,0.03015352
1515,0.00499874,0.00491083,1.98248076,0.08699396,0.00091100,1.34305573,-0.00086374,0.00266420,0.03005258
1516,0.00499840,0.00491049,1.97166646,0.08700985,0.00090494,1.34309196,-0.00086574,0.00266166,0.02995176
1517,0.00499807,0.00491014,1.96090150,0.08702573,0.00089891,1.34312797,-0.00086774,0.00265913,0.02985106
1518,0.00499773,0.00490980,1.95020688,0.08704159,0.00089291,1.34316421,-0.00086972,0.00265660,0.02975048
1519,0.00499740,0.00490946,1.93953478,0.08705743,0.00088693,1.34320021,-0.00087171,0.00265409,0.02965002
1520,0.00499707,0.00490912,1.92892253,0.08707327,0.00088098,1.34323621,-0.00087369,0.00265159,0.02954968
1521,0.00499674,0.00490878,1.91837215,0.08708908,0.00087505,1.34327233,-0.00087568,0.00264908,0.02944946
1522,0.00499641,0.00490844,1.90785325,0.08710486,0.00086916,1.34330809,-0.00087766,0.00264657,0.02934935
1523,0.00499608,0.00490810,1.89739347,0.08712062,0.00086329,1.34334397,-0.00087964,0.00264406,0.02924937
1524,0.00499576,0.00490776,1.88696671,0.08713637,0.00085745,1.34337986,-0.00088161,0.00264154,0.02914950
1525,0.00499543,0.00490743,1.87660074,0.08715209,0.00085163,1.34341574,-0.00088357,0.00263903,0.02904976
1526,0.00499511,0.00490709,1.86626363,0.08716781,0.00084585,1.34345138,-0.00088555,0.00263652,0.02895013
1527,0.00499478,0.00490676,1.85598266,0.08718351,0.00084008,1.34348702,-0.00088752,0.00263404,0.02885063
1528,0.00499446,0.00490642,1.84574950,0.08719919,0.00083435,1.34352279,-0.00088949,0.00263156,0.02875124
1529,0.00499414,0.00490609,1.83558512,0.08721486,0.00082864,1.34355843,-0.00089145,0.00262909,0.02865198
1530,0.00499381,0.00490576,1.82543862,0.08723050,0.00082296,1.34359396,-0.00089341,0.00262661,0.02855283
1531,0.00499349,0.00490543,1.81535518,0.08724613,0.00081731,1.34362960,-0.00089537,0.00262412,0.02845381
1532,0.00499318,0.00490510,1.80530512,0.08726175,0.00081168,1.34366512,-0.00089733,0.00262162,0.02835491
1533,0.00499286,0.00490477,1.79532027,0.08727735,0.00080608,1.34370053,-0.00089929,0.00261913,0.02825612
1534,0.00499254,0.00490445,1.78536546,0.08729294,0.00080050,1.34373593,-0.00090124,0.00261664,0.02815746
1535,0.00499222,0.00490412,1.77547443,0.08730851,0.00079495,1.34377146,-0.00090319,0.00261418,0.02805891
1536,0.00499191,0.00490379,1.76560915,0.08732406,0.00078943,1.34380686,-0.00090513,0.00261172,0.02796048
1537,0.00499159,0.00490347,1.75578809,0.08733959,0.00078393,1.34384215,-0.00090709,0.00260926,0.02786216
1538,0.00499128,0.00490315,1.74603868,0.08735510,0.00077846,1.34387732,-0.00090904,0.00260680,0.02776396
1539,0.00499097,0.00490282,1.73630726,0.08737058,0.00077301,1.34391248,-0.00091098,0.00260433,0.02766588
1540,0.00499066,0.00490250,1.72663045,0.08738606,0.00076759,1.34394777,-0.00091291,0.00260187,0.02756792
1541,0.00499035,0.00490218,1.71700943,0.08740151,0.00076220,1.34398282,-0.00091484,0.00259942,0.02747007
1542,0.00499004,0.00490186,1.70742631,0.08741695,0.00075683,1.34401798,-0.00091677,0.00259696,0.02737235
1543,0.00498973,0.00490154,1.69789839,0.08743236,0.00075149,1.34405303,-0.00091871,0.00259451,0.02727474
1544,0.00498942,0.00490123,1.68840027,0.08744776,0.00074617,1.34408796,-0.00092065,0.00259206,0.02717724
1545,0.00498911,0.00490091,1.67894399,0.08746313,0.00074088,1.34412289,-0.00092257,0.00258962,0.02707986
1546,0.00498881,0.00490059,1.66953754,0.08747847,0.00073561,1.34415770,-0.00092449,0.00258719,0.02698261
1547,0.00498850,0.00490028,1.66018307,0.08749381,0.00073037,1.34419262,-0.00092639,0.00258476,0.02688547
1548,0.00498820,0.00489996,1.65087211,0.08750913,0.00072515,1.34422743,-0.00092831,0.00258234,0.02678845
1549,0.00498789,0.00489965,1.64159381,0.08752444,0.00071996,1.34426224,-0.00093023,0.00257991,0.02669155
1550,0.00498759,0.00489934,1.63239396,0.08753973,0.00071479,1.34429693,-0.00093216,0.00257748,0.02659477
1551,0.00498729,0.00489903,1.62319624,0.08755501,0.00070965,1.34433174,-0.00093408,0.00257505,0.02649812
1552,0.00498699,0.00489872,1.61405468,0.08757026,0.00070454,1.34436631,-0.00093599,0.00257262,0.02640158
1553,0.00498669,0.00489841,1.60497653,0.08758550,0.00069945,1.34440088,-0.00093788,0.00257020,0.02630515
1554,0.00498639,0.00489810,1.59592092,0.08760072,0.00069438,1.34443545,-0.00093978,0.00256779,0.02620885
1555,0.00498610,0.00489779,1.58690822,0.08761593,0.00068934,1.34447002,-0.00094168,0.00256538,0.02611267
1556,0.00498580,0.00489749,1.57797098,0.08763112,0.00068432,1.34450459,-0.00094359,0.00256298,0.02601661
1557,0.00498551,0.00489718,1.56903899,0.08764630,0.00067933,1.34453893,-0.00094551,0.00256056,0.02592067
1558,0.00498521,0.00489687,1.56016803,0.08766146,0.00067436,1.34457338,-0.00094740,0.00255815,0.02582484
1559,0.00498492,0.00489657,1.55134058,0.08767660,0.00066942,1.34460771,-0.00094928,0.00255575,0.02572914
1560,0.00498462,0.00489627,1.54255176,0.08769172,0.00066450,1.34464204,-0.00095117,0.00255336,0.02563355
1561,0.00498433,0.00489597,1.53380024,0.08770682,0.00065961,1.34467638,-0.00095305,0.00255098,0.02553808
1562,0.00498404,0.00489566,1.52512097,0.08772189,0.00065474,1.34471071,-0.00095495,0.00254859,0.02544273
1563,0.00498375,0.00489536,1.51645529,0.08773695,0.00064989,1.34474480,-0.00095685,0.00254620,0.02534749
1564,0.00498346,0.00489506,1.50783980,0.08775199,0.00064507,1.34477901,-0.00095874,0.00254380,0.02525237
1565,0.00498317,0.00489477,1.49927020,0.08776702,0.00064027,1.34481311,-0.00096061,0.00254140,0.02515737
1566,0.00498289,0.00489447,1.49072778,0.08778203,0.00063550,1.34484708,-0.00096247,0.00253900,0.02506248
1567,0.00498260,0.00489417,1.48223472,0.08779702,0.00063075,1.34488106,-0.00096434,0.00253663,0.02496771
1568,0.00498231,0.00489388,1.47378957,0.08781200,0.00062603,1.34491515,-0.00096621,0.00253427,0.02487306
1569,0.00498203,0.00489358,1.46540844,0.08782694,0.00062132,1.34494901,-0.00096809,0.00253192,0.02477853
1570,0.00498175,0.00489329,1.45704436,0.08784187,0.00061665,1.34498286,-0.00096997,0.00252957,0.02468412
1571,0.00498146,0.00489299,1.44871271,0.08785678,0.00061199,1.34501684,-0.00097183,0.00252720,0.02458983
1572,0.00498118,0.00489270,1.44043195,0.08787168,0.00060736,1.34505057,-0.00097369,0.00252482,0.02449565
1573,0.00498090,0.00489241,1.43220258,0.08788656,0.00060275,1.34508431,-0.00097554,0.00252244,0.02440159
1574,0.00498062,0.00489212,1.42400420,0.08790141,0.00059817,1.34511805,-0.00097740,0.00252007,0.02430765
1575,0.00498034,0.00489183,1.41583979,0.08791626,0.00059361,1.34515178,-0.00097926,0.00251772,0.02421383
1576,0.00498006,0.00489154,1.40773284,0.08793109,0.00058907,1.34518528,-0.00098113,0.00251539,0.02412012
1577,0.00497978,0.00489125,1.39967906,0.08794590,0.00058456,1.34521902,-0.00098298,0.00251307,0.02402654
1578,0.00497951,0.00489097,1.39164948,0.08796070,0.00058007,1.34525239,-0.00098482,0.00251074,0.02393307
1579,0.00497923,0.00489068,1.38365543,0.08797547,0.00057560,1.34528601,-0.00098666,0.00250840,0.02383973
1580,0.00497896,0.00489040,1.37569976,0.08799024,0.00057115,1.34531951,-0.00098850,0.00250604,0.02374650
1581,0.00497868,0.00489011,1.36779308,0.08800497,0.00056673,1.34535289,-0.00099035,0.00250368,0.02365339
1582,0.00497841,0.00488983,1.35991561,0.08801968,0.00056233,1.34538627,-0.00099220,0.00250134,0.02356040
1583,0.00497814,0.00488955,1.35209668,0.08803438,0.00055796,1.34541953,-0.00099404,0.00249901,0.02346752
1584,0.00497787,0.00488926,1.34431636,0.08804905,0.00055361,1.34545290,-0.00099586,0.00249670,0.02337477
1585,0.00497760,0.00488898,1.33656287,0.08806372,0.00054928,1.34548616,-0.00099769,0.00249440,0.02328214
1586,0.00497733,0.00488870,1.32885933,0.08807836,0.00054497,1.34551919,-0.00099952,0.00249208,0.02318962
1587,0.00497706,0.00488842,1.32120526,0.08809299,0.00054068,1.34555244,-0.00100135,0.00248977,0.02309723
1588,0.00497679,0.00488815,1.31358814,0.08810761,0.00053642,1.34558558,-0.00100318,0.00248746,0.02300496
1589,0.00497652,0.00488787,1.30598938,0.08812220,0.00053218,1.34561861,-0.00100500,0.00248513,0.02291280
1590,0.00497626,0.00488759,1.29844177,0.08813678,0.00052797,1.34565163,-0.00100682,0.00248280,0.02282077
1591,0.00497599,0.00488732,1.29093862,0.08815134,0.00052377,1.34568465,-0.00100863,0.00248049,0.02272886
1592,0.00497573,0.00488704,1.28347003,0.08816589,0.00051960,1.34571767,-0.00101045,0.00247819,0.02263706
1593,0.00497546,0.00488677,1.27604556,0.08818042,0.00051545,1.34575057,-0.00101227,0.00247591,0.02254538
1594,0.00497520,0.00488649,1.26866376,0.08819494,0.00051132,1.34578347,-0.00101409,0.00247362,0.02245383
1595,0.00497494,0.00488622,1.26132178,0.08820944,0.00050722,1.34581637,-0.00101590,0.00247133,0.02236238
1596,0.00497468,0.00488595,1.25401437,0.08822392,0.00050313,1.34584916,-0.00101771,0.00246904,0.02227106
1597,0.00497442,0.00488568,1.24673045,0.08823838,0.00049907,1.34588194,-0.00101951,0.00246673,0.02217985
1598,0.00497416,0.00488541,1.23948944,0.08825283,0.00049503,1.34591460,-0.00102131,0.00246443,0.02208875
1599,0.00497390,0.00488514,1.23229039,0.08826724,0.00049101,1.34594727,-0.00102311,0.00246215,0.02199778
1600,0.00497364,0.00488487,1.22514009,0.08828165,0.00048701,1.34597993,-0.00102491,0.00245989,0.02190691
1601,0.00497338,0.00488461,1.21803832,0.08829603,0.00048304,1.34601247,-0.00102671,0.00245763,0.02181617
1602,0.00497313,0.00488434,1.21096408,0.08831039,0.00047909,1.34604502,-0.00102850,0.00245536,0.02172554
1603,0.00497287,0.00488407,1.20391536,0.08832473,0.00047515,1.34607744,-0.00103029,0.00245309,0.02163502
1604,0.00497262,0.00488381,1.19691217,0.08833907,0.00047124,1.34610999,-0.00103207,0.00245081,0.02154463
1605,0.00497237,0.00488354,1.18993044,0.08835338,0.00046735,1.34614229,-0.00103386,0.00244852,0.02145435
1606,0.00497211,0.00488328,1.18300462,0.08836768,0.00046348,1.34617472,-0.00103564,0.00244625,0.02136418
1607,0.00497186,0.00488302,1.17611599,0.08838195,0.00045964,1.34620702,-0.00103743,0.00244400,0.02127414
1608,0.00497161,0.00488276,1.16926801,0.08839619,0.00045581,1.34623933,-0.00103921,0.00244175,0.02118421
1609,0.00497136,0.00488250,1.16244626,0.08841042,0.00045201,1.34627151,-0.00104098,0.00243951,0.02109440
1610,0.00497111,0.00488224,1.15567923,0.08842464,0.00044823,1.34630370,-0.00104275,0.00243728,0.02100470
1611,0.00497086,0.00488198,1.14892900,0.08843884,0.00044446,1.34633589,-0.00104452,0.00243504,0.02091513
1612,0.00497061,0.00488172,1.14222753,0.08845302,0.00044072,1.34636796,-0.00104629,0.00243279,0.02082567
1613,0.00497037,0.00488146,1.13555992,0.08846718,0.00043700,1.34639990,-0.00104807,0.00243053,0.02073633
1614,0.00497012,0.00488121,1.12893045,0.08848133,0.00043330,1.34643197,-0.00104983,0.00242829,0.02064712
1615,0.00496988,0.00488095,1.12234581,0.08849546,0.00042962,1.34646404,-0.00105158,0.00242605,0.02055802
1616,0.00496963,0.00488069,1.11577785,0.08850957,0.00042597,1.34649599,-0.00105334,0.00242383,0.02046904
1617,0.00496939,0.00488044,1.10927880,0.08852367,0.00042233,1.34652781,-0.00105511,0.00242161,0.02038017
1618,0.00496914,0.00488019,1.10278678,0.08853775,0.00041871,1.34655976,-0.00105687,0.00241938,0.02029143
1619,0.00496890,0.00487993,1.09634507,0.08855182,0.00041512,1.34659159,-0.00105862,0.00241716,0.02020280
1620,0.00496866,0.00487968,1.08992314,0.08856586,0.00041154,1.34662330,-0.00106037,0.00241493,0.02011429
1621,0.00496842,0.00487943,1.08355629,0.08857990,0.00040799,1.34665513,-0.00106212,0.00241270,0.02002590
1622,0.00496818,0.00487918,1.07720673,0.08859392,0.00040445,1.34668684,-0.00106386,0.00241050,0.01993762
1623,0.00496794,0.00487893,1.07092154,0.08860791,0.00040094,1.34671843,-0.00106561,0.00240829,0.01984946
1624,0.00496770,0.00487868,1.06465101,0.08862188,0.00039744,1.34675002,-0.00106736,0.00240610,0.01976141
1625,0.00496746,0.00487843,1.05842996,0.08863582,0.00039397,1.34678161,-0.00106910,0.00240389,0.01967349
1626,0.00496723,0.00487819,1.05221641,0.08864976,0.00039051,1.34681308,-0.00107083,0.00240167,0.01958567
1627,0.00496699,0.00487794,1.04605269,0.08866367,0.00038708,1.34684443,-0.00107256,0.00239947,0.01949798
1628,0.00496676,0.00487769,1.03993642,0.08867756,0.00038366,1.34687603,-0.00107429,0.00239728,0.01941040
1629,0.00496652,0.00487745,1.03384805,0.08869144,0.00038027,1.34690738,-0.00107602,0.00239509,0.01932295
1630,0.00496629,0.00487721,1.02779973,0.08870531,0.00037690,1.34693873,-0.00107776,0.00239291,0.01923561
1631,0.00496606,0.00487696,1.02178085,0.08871916,0.00037354,1.34697008,-0.00107949,0.00239072,0.01914839
1632,0.00496582,0.00487672,1.01580071,0.08873299,0.00037021,1.34700131,-0.00108121,0.00238852,0.01906128
1633,0.00496559,0.00487648,1.00984108,0.08874680,0.00036689,1.34703243,-0.00108292,0.00238633,0.01897429
1634,0.00496536,0.00487624,1.00392675,0.08876060,0.00036360,1.34706378,-0.00108463,0.00238415,0.01888742
1635,0.00496513,0.00487600,0.99804968,0.08877438,0.00036032,1.34709489,-0.00108636,0.00238198,0.01880066
1636,0.00496490,0.00487576,0.99220270,0.08878814,0.00035706,1.34712601,-0.00108808,0.00237982,0.01871402
1637,0.00496468,0.00487552,0.98638833,0.08880189,0.00035382,1.34715700,-0.00108980,0.00237765,0.01862750
1638,0.00496445,0.00487528,0.98061687,0.08881562,0.00035061,1.34718812,-0.00109150,0.00237549,0.01854110
1639,0.00496422,0.00487504,0.97487390,0.08882934,0.00034741,1.34721911,-0.00109320,0.00237332,0.01845481
1640,0.00496400,0.00487481,0.96916091,0.08884302,0.00034423,1.34724998,-0.00109490,0.00237114,0.01836863
1641,0.00496377,0.00487457,0.96348941,0.08885667,0.00034107,1.34728098,-0.00109661,0.00236898,0.01828257
1642,0.00496355,0.00487434,0.95784169,0.08887032,0.00033793,1.34731174,-0.00109833,0.00236681,0.01819663
1643,0.00496332,0.00487410,0.95223522,0.08888395,0.00033480,1.34734249,-0.00110002,0.00236467,0.01811080
1644,0.00496310,0.00487387,0.94666690,0.08889756,0.00033170,1.34737337,-0.00110170,0.00236253,0.01802509
1645,0.00496288,0.00487364,0.94112843,0.08891116,0.00032861,1.34740400,-0.00110339,0.00236040,0.01793949
1646,0.00496266,0.00487341,0.93561077,0.08892474,0.00032555,1.34743464,-0.00110508,0.00235826,0.01785401
1647,0.00496244,0.00487317,0.93013674,0.08893830,0.00032250,1.34746528,-0.00110677,0.00235612,0.01776865
1648,0.00496222,0.00487294,0.92470223,0.08895185,0.00031947,1.34749591,-0.00110847,0.00235397,0.01768340
1649,0.00496200,0.00487271,0.91929251,0.08896538,0.00031646,1.34752643,-0.00111015,0.00235182,0.01759828
1650,0.00496178,0.00487249,0.91390795,0.08897889,0.00031347,1.34755707,-0.00111183,0.00234968,0.01751327
1651,0.00496156,0.00487226,0.90856498,0.08899239,0.00031050,1.34758747,-0.00111350,0.00234755,0.01742837
1652,0.00496134,0.00487203,0.90325576,0.08900587,0.00030754,1.34761798,-0.00111518,0.00234544,0.01734359
1653,0.00496113,0.00487180,0.89798760,0.08901932,0.00030461,1.34764838,-0.00111687,0.00234333,0.01725893
1654,0.00496091,0.00487158,0.89274955,0.08903277,0.00030169,1.34767866,-0.00111854,0.00234120,0.01717438
1655,0.00496070,0.00487135,0.88751984,0.08904618,0.00029879,1.34770894,-0.00112021,0.00233908,0.01708995
1656,0.00496048,0.00487113,0.88234806,0.08905958,0.00029591,1.34773922,-0.00112187,0.00233696,0.01700564
1657,0.00496027,0.00487090,0.87720031,0.08907295,0.00029305,1.34776938,-0.00112353,0.00233485,0.01692144
1658,0.00496006,0.00487068,0.87208009,0.08908631,0.00029020,1.34779954,-0.00112519,0.00233275,0.01683736
1659,0.00495984,0.00487046,0.86700457,0.08909965,0.00028738,1.34782982,-0.00112686,0.00233065,0.01675339
1660,0.00495963,0.00487024,0.86194611,0.08911298,0.00028457,1.34785986,-0.00112853,0.00232854,0.01666955
1661,0.00495942,0.00487001,0.85693043,0.08912629,0.00028178,1.34788990,-0.00113019,0.00232644,0.01658581
1662,0.00495921,0.00486979,0.85193717,0.08913958,0.00027901,1.34791982,-0.00113183,0.00232435,0.01650220
1663,0.00495900,0.00486958,0.84698367,0.08915286,0.00027625,1.34794986,-0.00113347,0.00232226,0.01641870
1664,0.00495880,0.00486936,0.84205353,0.08916612,0.00027351,1.34797978,-0.00113511,0.00232017,0.01633532
1665,0.00495859,0.00486914,0.83716762,0.08917936,0.00027080,1.34800959,-0.00113677,0.00231808,0.01625206
1666,0.00495838,0.00486892,0.83230144,0.08919258,0.00026809,1.34803951,-0.00113843,0.00231599,0.01616891
1667,0.00495818,0.00486870,0.82747358,0.08920579,0.00026541,1.34806931,-0.00114007,0.00231391,0.01608589
1668,0.00495797,0.00486849,0.82266754,0.08921899,0.00026274,1.34809911,-0.00114171,0.00231182,0.01600298
1669,0.00495777,0.00486827,0.81789744,0.08923216,0.00026009,1.34812880,-0.00114334,0.00230974,0.01592018
1670,0.00495756,0.00486806,0.81315553,0.08924532,0.00025746,1.34815848,-0.00114497,0.00230767,0.01583750
1671,0.00495736,0.00486784,0.80845821,0.08925846,0.00025485,1.34818816,-0.00114661,0.00230560,0.01575494
1672,0.00495715,0.00486763,0.80378044,0.08927159,0.00025225,1.34821773,-0.00114825,0.00230354,0.01567249
1673,0.00495695,0.00486742,0.79913527,0.08928470,0.00024967,1.34824741,-0.00114988,0.00230148,0.01559016
1674,0.00495675,0.00486721,0.79452127,0.08929779,0.00024711,1.34827685,-0.00115151,0.00229941,0.01550794
1675,0.00495655,0.00486700,0.78993541,0.08931086,0.00024456,1.34830642,-0.00115313,0.00229734,0.01542583
1676,0.00495635,0.00486679,0.78537256,0.08932392,0.00024204,1.34833586,-0.00115475,0.00229527,0.01534384
1677,0.00495615,0.00486657,0.78084278,0.08933695,0.00023952,1.34836519,-0.00115638,0.00229321,0.01526196
1678,0.00495595,0.00486637,0.77634245,0.08934998,0.00023703,1.34839463,-0.00115799,0.00229117,0.01518019
1679,0.00495576,0.00486616,0.77188700,0.08936297,0.00023455,1.34842396,-0.00115961,0.00228913,0.01509853
1680,0.00495556,0.00486595,0.76745272,0.08937594,0.00023209,1.34845316,-0.00116123,0.00228709,0.01501699
1681,0.00495536,0.00486574,0.76304275,0.08938890,0.00022964,1.34848237,-0.00116283,0.00228505,0.01493556
1682,0.00495517,0.00486554,0.75866514,0.08940183,0.00022722,1.34851158,-0.00116444,0.00228301,0.01485424
1683,0.00495497,0.00486533,0.75431716,0.08941475,0.00022481,1.34854066,-0.00116605,0.00228096,0.01477304
1684,0.00495478,0.00486513,0.75000048,0.08942766,0.00022241,1.34856975,-0.00116765,0.00227893,0.01469196
1685,0.00495458,0.00486492,0.74570990,0.08944055,0.00022003,1.34859884,-0.00116925,0.00227692,0.01461098
1686,0.00495439,0.00486472,0.74145544,0.08945342,0.00021767,1.34862781,-0.00117085,0.00227490,0.01453013
1687,0.00495420,0.00486452,0.73722452,0.08946627,0.00021533,1.34865689,-0.00117245,0.00227288,0.01444939
1688,0.00495400,0.00486431,0.73301679,0.08947911,0.00021300,1.34868586,-0.00117404,0.00227084,0.01436876
1689,0.00495381,0.00486411,0.72883803,0.08949193,0.00021068,1.34871471,-0.00117564,0.00226881,0.01428825
1690,0.00495362,0.00486391,0.72469229,0.08950473,0.00020839,1.34874356,-0.00117723,0.00226678,0.01420785
1691,0.00495343,0.00486371,0.72057766,0.08951752,0.00020611,1.34877241,-0.00117881,0.00226478,0.01412756
1692,0.00495324,0.00486351,0.71649259,0.08953029,0.00020384,1.34880114,-0.00118040,0.00226277,0.01404740
1693,0.00495306,0.00486331,0.71243179,0.08954304,0.00020159,1.34882987,-0.00118198,0.00226077,0.01396734
1694,0.00495287,0.00486311,0.70840842,0.08955578,0.00019936,1.34885859,-0.00118356,0.00225877,0.01388740
1695,0.00495268,0.00486292,0.70440328,0.08956850,0.00019715,1.34888721,-0.00118514,0.00225677,0.01380758
1696,0.00495249,0.00486272,0.70043355,0.08958119,0.00019495,1.34891582,-0.00118672,0.00225476,0.01372787
1697,0.00495231,0.00486252,0.69648188,0.08959388,0.00019276,1.34894454,-0.00118829,0.00225276,0.01364828
1698,0.00495212,0.00486233,0.69256574,0.08960653,0.00019059,1.34897292,-0.00118987,0.00225076,0.01356879
1699,0.00495194,0.00486213,0.68867588,0.08961916,0.00018844,1.34900141,-0.00119144,0.00224877,0.01348942
1700,0.00495176,0.00486194,0.68481117,0.08963178,0.00018630,1.34902990,-0.00119301,0.00224680,0.01341017
1701,0.00495157,0.00486174,0.68097913,0.08964438,0.00018418,1.34905815,-0.00119457,0.00224482,0.01333103
1702,0.00495139,0.00486155,0.67717695,0.08965696,0.00018208,1.34908664,-0.00119612,0.00224284,0.01325201
1703,0.00495121,0.00486136,0.67339063,0.08966953,0.00017999,1.34911489,-0.00119769,0.00224085,0.01317310
1704,0.00495103,0.00486117,0.66964769,0.08968207,0.00017791,1.34914315,-0.00119925,0.00223887,0.01309431
1705,0.00495085,0.00486097,0.66592562,0.08969460,0.00017585,1.34917128,-0.00120081,0.00223690,0.01301564
1706,0.00495067,0.00486078,0.66222209,0.08970714,0.00017381,1.34919965,-0.00120235,0.00223495,0.01293708
1707,0.00495049,0.00486059,0.65855473,0.08971965,0.00017178,1.34922779,-0.00120390,0.00223299,0.01285863
1708,0.00495031,0.00486041,0.65490746,0.08973215,0.00016977,1.34925592,-0.00120546,0.00223102,0.01278030
1709,0.00495013,0.00486022,0.65129077,0.08974463,0.00016777,1.34928405,-0.00120702,0.00222904,0.01270209
1710,0.00494995,0.00486003,0.64770639,0.08975709,0.00016579,1.34931219,-0.00120857,0.00222707,0.01262398
1711,0.00494978,0.00485984,0.64414251,0.08976952,0.00016382,1.34934008,-0.00121011,0.00222510,0.01254599
1712,0.00494960,0.00485965,0.64059895,0.08978193,0.00016186,1.34936798,-0.00121164,0.00222315,0.01246811
1713,0.00494942,0.00485947,0.63709760,0.08979433,0.00015993,1.34939599,-0.00121317,0.00222122,0.01239035
1714,0.00494925,0.00485928,0.63361907,0.08980671,0.00015800,1.34942389,-0.00121471,0.00221929,0.01231269
1715,0.00494907,0.00485910,0.63016361,0.08981907,0.00015609,1.34945166,-0.00121626,0.00221734,0.01223515
1716,0.00494890,0.00485891,0.62672776,0.08983141,0.00015420,1.34947944,-0.00121779,0.00221538,0.01215772
1717,0.00494873,0.00485873,0.62331849,0.08984374,0.00015232,1.34950721,-0.00121931,0.00221343,0.01208041
1718,0.00494855,0.00485855,0.61994004,0.08985605,0.00015046,1.34953487,-0.00122083,0.00221149,0.01200321
1719,0.00494838,0.00485836,0.61658973,0.08986834,0.00014861,1.34956253,-0.00122235,0.00220957,0.01192612
1720,0.00494821,0.00485818,0.61326808,0.08988062,0.00014677,1.34959018,-0.00122388,0.00220766,0.01184914
1721,0.00494804,0.00485800,0.60997760,0.08989288,0.00014495,1.34961772,-0.00122541,0.00220575,0.01177228
1722,0.00494787,0.00485782,0.60670269,0.08990512,0.00014315,1.34964538,-0.00122693,0.00220383,0.01169553
1723,0.00494770,0.00485764,0.60344744,0.08991734,0.00014136,1.34967291,-0.00122845,0.00220189,0.01161890
1724,0.00494753,0.00485746,0.60021126,0.08992955,0.00013958,1.34970033,-0.00122996,0.00219993,0.01154237
1725,0.00494736,0.00485728,0.59701139,0.08994174,0.00013782,1.34972775,-0.00123147,0.00219800,0.01146596
1726,0.00494720,0.00485711,0.59384120,0.08995391,0.00013607,1.34975517,-0.00123298,0.00219609,0.01138966
1727,0.00494703,0.00485693,0.59069908,0.08996607,0.00013433,1.34978247,-0.00123449,0.00219421,0.01131348
1728,0.00494686,0.00485675,0.58757889,0.08997821,0.00013261,1.34980989,-0.00123599,0.00219233,0.01123740
1729,0.00494670,0.00485657,0.58447927,0.08999033,0.00013091,1.34983718,-0.00123750,0.00219043,0.01116144
1730,0.00494653,0.00485640,0.58140457,0.09000244,0.00012921,1.34986436,-0.00123900,0.00218850,0.01108559
1731,0.00494637,0.00485622,0.57835782,0.09001452,0.00012754,1.34989154,-0.00124050,0.00218658,0.01100985
1732,0.00494620,0.00485605,0.57532299,0.09002658,0.00012587,1.34991872,-0.00124199,0.00218467,0.01093422
1733,0.00494604,0.00485588,0.57232994,0.09003862,0.00012422,1.34994566,-0.00124348,0.00218278,0.01085870
1734,0.00494587,0.00485570,0.56935394,0.09005064,0.00012259,1.34997284,-0.00124496,0.00218091,0.01078330
1735,0.00494571,0.00485553,0.56641382,0.09006264,0.00012096,1.34999979,-0.00124646,0.00217904,0.01070801
1736,0.00494555,0.00485536,0.56348950,0.09007462,0.00011935,1.35002673,-0.00124796,0.00217717,0.01063283
1737,0.00494539,0.00485519,0.56058306,0.09008661,0.00011776,1.35005367,-0.00124944,0.00217528,0.01055777
1738,0.00494523,0.00485501,0.55770326,0.09009858,0.00011618,1.35008049,-0.00125091,0.00217338,0.01048282
1739,0.00494507,0.00485484,0.55484784,0.09011053,0.00011461,1.35010743,-0.00125238,0.00217150,0.01040799
1740,0.00494491,0.00485467,0.55201876,0.09012246,0.00011306,1.35013425,-0.00125386,0.00216962,0.01033327
1741,0.00494475,0.00485450,0.54921991,0.09013438,0.00011152,1.35016108,-0.00125535,0.00216776,0.01025867
1742,0.00494459,0.00485434,0.54644954,0.09014628,0.00010999,1.35018790,-0.00125684,0.00216590,0.01018417
1743,0.00494443,0.00485417,0.54368865,0.09015816,0.00010847,1.35021448,-0.00125832,0.00216403,0.01010979
1744,0.00494428,0.00485400,0.54094982,0.09017003,0.00010697,1.35024130,-0.00125977,0.00216217,0.01003551
1745,0.00494412,0.00485383,0.53823876,0.09018188,0.00010549,1.35026789,-0.00126123,0.00216030,0.00996135
1746,0.00494397,0.00485367,0.53554279,0.09019371,0.00010401,1.35029447,-0.00126269,0.00215843,0.00988730
1747,0.00494381,0.00485350,0.53288305,0.09020553,0.00010255,1.35032105,-0.00126416,0.00215658,0.00981336
1748,0.00494365,0.00485334,0.53025156,0.09021731,0.00010110,1.35034752,-0.00126564,0.00215473,0.00973952
1749,0.00494350,0.00485317,0.52763528,0.09022907,0.00009967,1.35037398,-0.00126710,0.00215289,0.00966580
1750,0.00494335,0.00485301,0.52504569,0.09024081,0.00009825,1.35040045,-0.00126854,0.00215105,0.00959219
1751,0.00494319,0.00485284,0.52246040,0.09025254,0.00009684,1.35042679,-0.00126999,0.00214919,0.00951868
1752,0.00494304,0.00485268,0.51991510,0.09026425,0.00009544,1.35045314,-0.00127144,0.00214735,0.00944529
1753,0.00494289,0.00485252,0.51739281,0.09027595,0.00009406,1.35047925,-0.00127290,0.00214551,0.00937201
1754,0.00494274,0.00485236,0.51488996,0.09028763,0.00009269,1.35050547,-0.00127434,0.00214368,0.00929884
1755,0.00494259,0.00485220,0.51241732,0.09029930,0.00009133,1.35053182,-0.00127577,0.00214187,0.00922579
1756,0.00494244,0.00485204,0.50995821,0.09031096,0.00008999,1.35055792,-0.00127721,0.00214005,0.00915285
1757,0.00494229,0.00485187,0.50752181,0.09032261,0.00008865,1.35058415,-0.00127866,0.00213823,0.00908003
1758,0.00494214,0.00485171,0.50511193,0.09033424,0.00008733,1.35061038,-0.00128011,0.00213639,0.00900731
1759,0.00494199,0.00485156,0.50272435,0.09034584,0.00008603,1.35063648,-0.00128156,0.00213455,0.00893471
1760,0.00494184,0.00485140,0.50035119,0.09035744,0.00008473,1.35066247,-0.00128300,0.00213270,0.00886221
1761,0.00494169,0.00485124,0.49799529,0.09036899,0.00008345,1.35068846,-0.00128442,0.00213087,0.00878982
1762,0.00494154,0.00485108,0.49567553,0.09038053,0.00008218,1.35071433,-0.00128584,0.00212908,0.00871754
1763,0.00494140,0.00485092,0.49337921,0.09039205,0.00008092,1.35074019,-0.00128726,0.00212731,0.00864537
1764,0.00494125,0.00485077,0.49110869,0.09040356,0.00007968,1.35076606,-0.00128869,0.00212553,0.00857331
1765,0.00494111,0.00485061,0.48885453,0.09041505,0.00007845,1.35079193,-0.00129013,0.00212374,0.00850136
1766,0.00494096,0.00485046,0.48661920,0.09042652,0.00007723,1.35081756,-0.00129155,0.00212191,0.00842953
1767,0.00494082,0.00485030,0.48439178,0.09043799,0.00007602,1.35084331,-0.00129296,0.00212008,0.00835780
1768,0.00494067,0.00485015,0.48218986,0.09044944,0.00007482,1.35086918,-0.00129436,0.00211825,0.00828619
1769,0.00494053,0.00485000,0.48002002,0.09046088,0.00007364,1.35089481,-0.00129578,0.00211646,0.00821469
1770,0.00494039,0.00484984,0.47787958,0.09047230,0.00007247,1.35092044,-0.00129721,0.00211470,0.00814330
1771,0.00494024,0.00484969,0.47576120,0.09048370,0.00007131,1.35094607,-0.00129863,0.00211294,0.00807202
1772,0.00494010,0.00484954,0.47365230,0.09049509,0.00007016,1.35097158,-0.00130003,0.00211116,0.00800085
1773,0.00493996,0.00484939,0.47156030,0.09050646,0.00006902,1.35099721,-0.00130142,0.00210937,0.00792978
1774,0.00493982,0.00484924,0.46948603,0.09051779,0.00006790,1.35102260,-0.00130282,0.00210756,0.00785882
1775,0.00493968,0.00484909,0.46744201,0.09052911,0.00006679,1.35104799,-0.00130423,0.00210576,0.00778798
1776,0.00493954,0.00484894,0.46541631,0.09054040,0.00006569,1.35107327,-0.00130564,0.00210400,0.00771724
1777,0.00493940,0.00484879,0.46342218,0.09055170,0.00006460,1.35109878,-0.00130703,0.00210225,0.00764662
1778,0.00493926,0.00484864,0.46144298,0.09056298,0.00006352,1.35112405,-0.00130842,0.00210050,0.00757610
1779,0.00493913,0.00484849,0.45948157,0.09057425,0.00006246,1.35114932,-0.00130981,0.00209873,0.00750569
1780,0.00493899,0.00484834,0.45753559,0.09058550,0.00006140,1.35117459,-0.00131120,0.00209696,0.00743540
1781,0.00493885,0.00484819,0.45561501,0.09059673,0.00006036,1.35119975,-0.00131260,0.00209518,0.00736521
1782,0.00493871,0.00484805,0.45371357,0.09060794,0.00005933,1.35122490,-0.00131399,0.00209341,0.00729513
1783,0.00493858,0.00484790,0.45183292,0.09061914,0.00005831,1.35125005,-0.00131537,0.00209166,0.00722516
1784,0.00493844,0.00484775,0.44997132,0.09063030,0.00005730,1.35127521,-0.00131675,0.00208992,0.00715530
1785,0.00493831,0.00484761,0.44813916,0.09064145,0.00005630,1.35130012,-0.00131813,0.00208818,0.00708554
1786,0.00493817,0.00484746,0.44632182,0.09065257,0.00005532,1.35132504,-0.00131951,0.00208644,0.00701589
1787,0.00493804,0.00484732,0.44451699,0.09066369,0.00005434,1.35135007,-0.00132088,0.00208470,0.00694636
1788,0.00493790,0.00484718,0.44273672,0.09067480,0.00005338,1.35137498,-0.00132225,0.00208295,0.00687693
1789,0.00493777,0.00484703,0.44097573,0.09068590,0.00005243,1.35139990,-0.00132362,0.00208121,0.00680761
1790,0.00493764,0.00484689,0.43923965,0.09069698,0.00005149,1.35142481,-0.00132500,0.00207947,0.00673841
1791,0.00493751,0.00484675,0.43751106,0.09070803,0.00005056,1.35144961,-0.00132637,0.00207773,0.00666930
1792,0.00493738,0.00484661,0.43581343,0.09071905,0.00004964,1.35147429,-0.00132774,0.00207600,0.00660031
1793,0.00493724,0.00484647,0.43413475,0.09073006,0.00004873,1.35149896,-0.00132909,0.00207428,0.00653142
1794,0.00493711,0.00484633,0.43246904,0.09074107,0.00004783,1.35152364,-0.00133044,0.00207257,0.00646265
1795,0.00493698,0.00484618,0.43082505,0.09075205,0.00004695,1.35154831,-0.00133179,0.00207085,0.00639398
1796,0.00493685,0.00484605,0.42920339,0.09076302,0.00004607,1.35157299,-0.00133316,0.00206913,0.00632543
1797,0.00493673,0.00484591,0.42760006,0.09077398,0.00004520,1.35159755,-0.00133453,0.00206740,0.00625698
1798,0.00493660,0.00484577,0.42601186,0.09078491,0.00004435,1.35162199,-0.00133589,0.00206568,0.00618864
1799,0.00493647,0.00484563,0.42444733,0.09079584,0.00004351,1.35164642,-0.00133722,0.00206397,0.00612041
1800,0.00493634,0.00484549,0.42289236,0.09080674,0.00004267,1.35167098,-0.00133854,0.00206227,0.00605229
1801,0.00493621,0.00484535,0.42136842,0.09081762,0.00004185,1.35169542,-0.00133989,0.00206057,0.00598428
1802,0.00493609,0.00484522,0.41985905,0.09082849,0.00004104,1.35171974,-0.00134126,0.00205887,0.00591637
1803,0.00493596,0.00484508,0.41837129,0.09083934,0.00004024,1.35174406,-0.00134262,0.00205716,0.00584858
1804,0.00493584,0.00484495,0.41689673,0.09085017,0.00003945,1.35176837,-0.00134395,0.00205546,0.00578089
1805,0.00493571,0.00484481,0.41543290,0.09086099,0.00003867,1.35179269,-0.00134526,0.00205377,0.00571331
1806,0.00493558,0.00484468,0.41399714,0.09087179,0.00003790,1.35181677,-0.00134659,0.00205208,0.00564584
1807,0.00493546,0.00484454,0.41258693,0.09088257,0.00003714,1.35184109,-0.00134793,0.00205040,0.00557848
1808,0.00493534,0.00484441,0.41119280,0.09089334,0.00003639,1.35186517,-0.00134928,0.00204871,0.00551123
1809,0.00493521,0.00484427,0.40980491,0.09090408,0.00003565,1.35188925,-0.00135062,0.00204702,0.00544408
1810,0.00493509,0.00484414,0.40844065,0.09091481,0.00003492,1.35191333,-0.00135193,0.00204533,0.00537704
1811,0.00493497,0.00484401,0.40709060,0.09092552,0.00003421,1.35193729,-0.00135324,0.00204365,0.00531011
1812,0.00493485,0.00484388,0.40576541,0.09093623,0.00003350,1.35196137,-0.00135455,0.00204198,0.00524329
1813,0.00493472,0.00484375,0.40446094,0.09094693,0.00003280,1.35198522,-0.00135589,0.00204031,0.00517657
1814,0.00493460,0.00484361,0.40317401,0.09095760,0.00003211,1.35200930,-0.00135722,0.00203865,0.00510997
1815,0.00493448,0.00484348,0.40189987,0.09096827,0.00003143,1.35203302,-0.00135854,0.00203697,0.00504347
1816,0.00493436,0.00484335,0.40063637,0.09097891,0.00003076,1.35205698,-0.00135984,0.00203530,0.00497707
1817,0.00493424,0.00484322,0.39939427,0.09098953,0.00003010,1.35208082,-0.00136114,0.00203363,0.00491079
1818,0.00493412,0.00484309,0.39817405,0.09100014,0.00002946,1.35210454,-0.00136246,0.00203196,0.00484460
1819,0.00493401,0.00484297,0.39697215,0.09101073,0.00002882,1.35212827,-0.00136377,0.00203031,0.00477852
1820,0.00493389,0.00484284,0.39578751,0.09102131,0.00002819,1.35215199,-0.00136508,0.00202866,0.00471255
1821,0.00493377,0.00484271,0.39462414,0.09103184,0.00002757,1.35217559,-0.00136639,0.00202702,0.00464668
1822,0.00493365,0.00484258,0.39346603,0.09104236,0.00002696,1.35219920,-0.00136768,0.00202537,0.00458091
1823,0.00493354,0.00484246,0.39232540,0.09105287,0.00002636,1.35222268,-0.00136897,0.00202371,0.00451525
1824,0.00493342,0.00484233,0.39120856,0.09106337,0.00002577,1.35224628,-0.00137027,0.00202207,0.00444970
1825,0.00493330,0.00484220,0.39011201,0.09107386,0.00002519,1.35226965,-0.00137157,0.00202044,0.00438425
1826,0.00493319,0.00484208,0.38902959,0.09108432,0.00002461,1.35229313,-0.00137286,0.00201880,0.00431891
1827,0.00493307,0.00484195,0.38795641,0.09109478,0.00002405,1.35231662,-0.00137415,0.00201717,0.00425368
1828,0.00493296,0.00484183,0.38690948,0.09110522,0.00002350,1.35233998,-0.00137544,0.00201553,0.00418856
1829,0.00493284,0.00484170,0.38587555,0.09111563,0.00002295,1.35236335,-0.00137673,0.00201390,0.00412354
1830,0.00493273,0.00484158,0.38485354,0.09112603,0.00002242,1.35238659,-0.00137801,0.00201225,0.00405863
1831,0.00493262,0.00484146,0.38385156,0.09113641,0.00002190,1.35240984,-0.00137930,0.00201062,0.00399382
1832,0.00493250,0.00484134,0.38287082,0.09114677,0.00002138,1.35243309,-0.00138057,0.00200901,0.00392912
1833,0.00493239,0.00484121,0.38190398,0.09115712,0.00002087,1.35245633,-0.00138185,0.00200741,0.00386453
1834,0.00493228,0.00484109,0.38095698,0.09116746,0.00002038,1.35247946,-0.00138313,0.00200579,0.00380004
1835,0.00493217,0.00484097,0.38001442,0.09117777,0.00001989,1.35250247,-0.00138441,0.00200417,0.00373565
1836,0.00493206,0.00484085,0.37909660,0.09118806,0.00001941,1.35252559,-0.00138567,0.00200256,0.00367137
1837,0.00493195,0.00484073,0.37819105,0.09119834,0.00001894,1.35254860,-0.00138693,0.00200095,0.00360720
1838,0.00493184,0.00484061,0.37730834,0.09120860,0.00001848,1.35257149,-0.00138820,0.00199935,0.00354314
1839,0.00493173,0.00484049,0.37643620,0.09121886,0.00001803,1.35259449,-0.00138946,0.00199774,0.00347918
1840,0.00493162,0.00484037,0.37558010,0.09122910,0.00001758,1.35261750,-0.00139073,0.00199614,0.00341533
1841,0.00493151,0.00484025,0.37474030,0.09123933,0.00001715,1.35264039,-0.00139200,0.00199453,0.00335158
1842,0.00493140,0.00484013,0.37391600,0.09124954,0.00001672,1.35266316,-0.00139326,0.00199293,0.00328794
1843,0.00493129,0.00484001,0.37310353,0.09125973,0.00001631,1.35268593,-0.00139451,0.00199134,0.00322441
1844,0.00493118,0.00483990,0.37231216,0.09126990,0.00001590,1.35270882,-0.00139575,0.00198976,0.00316098
1845,0.00493108,0.00483978,0.37153429,0.09128006,0.00001550,1.35273159,-0.00139701,0.00198818,0.00309765
1846,0.00493097,0.00483966,0.37077460,0.09129020,0.00001511,1.35275424,-0.00139828,0.00198659,0.00303443
1847,0.00493086,0.00483955,0.37003273,0.09130032,0.00001473,1.35277689,-0.00139953,0.00198501,0.00297131
1848,0.00493076,0.00483943,0.36929539,0.09131043,0.00001435,1.35279953,-0.00140077,0.00198342,0.00290830
1849,0.00493065,0.00483932,0.36858013,0.09132051,0.00001399,1.35282207,-0.00140201,0.00198184,0.00284539
1850,0.00493055,0.00483920,0.36787361,0.09133058,0.00001363,1.35284460,-0.00140324,0.00198026,0.00278259
1851,0.00493044,0.00483909,0.36718947,0.09134063,0.00001329,1.35286713,-0.00140449,0.00197869,0.00271989
1852,0.00493034,0.00483897,0.36652306,0.09135067,0.00001295,1.35288954,-0.00140573,0.00197713,0.00265729
1853,0.00493023,0.00483886,0.36586967,0.09136068,0.00001262,1.35291195,-0.00140697,0.00197557,0.00259480
1854,0.00493013,0.00483875,0.36522648,0.09137070,0.00001229,1.35293448,-0.00140820,0.00197401,0.00253242
1855,0.00493003,0.00483863,0.36460000,0.09138070,0.00001198,1.35295677,-0.00140943,0.00197244,0.00247014
1856,0.00492992,0.00483852,0.36398941,0.09139068,0.00001167,1.35297918,-0.00141066,0.00197087,0.00240796
1857,0.00492982,0.00483841,0.36338535,0.09140065,0.00001137,1.35300148,-0.00141190,0.00196930,0.00234588
1858,0.00492972,0.00483830,0.36280242,0.09141059,0.00001109,1.35302365,-0.00141313,0.00196773,0.00228390
1859,0.00492962,0.00483819,0.36223444,0.09142052,0.00001080,1.35304594,-0.00141434,0.00196619,0.00222203
1860,0.00492952,0.00483807,0.36168763,0.09143043,0.00001053,1.35306811,-0.00141556,0.00196466,0.00216026
1861,0.00492941,0.00483796,0.36114800,0.09144033,0.00001027,1.35309017,-0.00141678,0.00196311,0.00209859
1862,0.00492931,0.00483785,0.36062282,0.09145021,0.00001001,1.35311234,-0.00141801,0.00196156,0.00203702
1863,0.00492921,0.00483774,0.36011034,0.09146006,0.00000976,1.35313439,-0.00141923,0.00196001,0.00197555
1864,0.00492911,0.00483764,0.35961169,0.09146991,0.00000952,1.35315633,-0.00142044,0.00195846,0.00191419
1865,0.00492902,0.00483753,0.35912752,0.09147973,0.00000928,1.35317838,-0.00142164,0.00195693,0.00185293
1866,0.00492892,0.00483742,0.35865650,0.09148955,0.00000906,1.35320032,-0.00142285,0.00195540,0.00179177
1867,0.00492882,0.00483731,0.35820949,0.09149933,0.00000884,1.35322225,-0.00142406,0.00195390,0.00173071
1868,0.00492872,0.00483720,0.35777584,0.09150910,0.00000863,1.35324407,-0.00142527,0.00195238,0.00166976
1869,0.00492862,0.00483710,0.35734761,0.09151886,0.00000843,1.35326588,-0.00142648,0.00195085,0.00160891
1870,0.00492853,0.00483699,0.35692853,0.09152859,0.00000823,1.35328770,-0.00142767,0.00194930,0.00154817
1871,0.00492843,0.00483688,0.35652059,0.09153832,0.00000805,1.35330939,-0.00142886,0.00194776,0.00148753
1872,0.00492833,0.00483678,0.35613629,0.09154804,0.00000787,1.35333121,-0.00143006,0.00194625,0.00142700
1873,0.00492824,0.00483667,0.35577449,0.09155774,0.00000770,1.35335290,-0.00143127,0.00194476,0.00136657
1874,0.00492814,0.00483657,0.35541591,0.09156743,0.00000753,1.35337460,-0.00143247,0.00194326,0.00130624
1875,0.00492805,0.00483646,0.35507479,0.09157709,0.00000738,1.35339618,-0.00143366,0.00194175,0.00124601
1876,0.00492795,0.00483636,0.35473901,0.09158675,0.00000723,1.35341775,-0.00143484,0.00194023,0.00118589
1877,0.00492786,0.00483625,0.35441232,0.09159637,0.00000709,1.35343921,-0.00143602,0.00193871,0.00112586
1878,0.00492776,0.00483615,0.35410810,0.09160599,0.00000695,1.35346079,-0.00143720,0.00193721,0.00106595
1879,0.00492767,0.00483605,0.35382211,0.09161559,0.00000683,1.35348225,-0.00143840,0.00193572,0.00100613
1880,0.00492758,0.00483594,0.35354504,0.09162517,0.00000671,1.35350358,-0.00143959,0.00193423,0.00094642
1881,0.00492748,0.00483584,0.35328099,0.09163473,0.00000660,1.35352492,-0.00144076,0.00193274,0.00088681
1882,0.00492739,0.00483574,0.35302663,0.09164429,0.00000649,1.35354626,-0.00144191,0.00193126,0.00082730
1883,0.00492730,0.00483564,0.35278279,0.09165384,0.00000640,1.35356772,-0.00144308,0.00192976,0.00076790
1884,0.00492721,0.00483554,0.35255748,0.09166337,0.00000631,1.35358906,-0.00144427,0.00192826,0.00070861
1885,0.00492711,0.00483543,0.35234487,0.09167287,0.00000622,1.35361028,-0.00144547,0.00192676,0.00064941
1886,0.00492702,0.00483533,0.35213903,0.09168237,0.00000615,1.35363138,-0.00144664,0.00192527,0.00059032
1887,0.00492693,0.00483523,0.35194826,0.09169184,0.00000608,1.35365272,-0.00144778,0.00192380,0.00053133
1888,0.00492684,0.00483513,0.35177687,0.09170131,0.00000602,1.35367382,-0.00144894,0.00192234,0.00047243
1889,0.00492675,0.00483503,0.35161319,0.09171075,0.00000596,1.35369480,-0.00145011,0.00192087,0.00041364
1890,0.00492666,0.00483494,0.35146266,0.09172016,0.00000592,1.35371602,-0.00145128,0.00191940,0.00035495
1891,0.00492657,0.00483484,0.35132423,0.09172957,0.00000588,1.35373700,-0.00145244,0.00191793,0.00029636
1892,0.00492648,0.00483474,0.35119697,0.09173898,0.00000584,1.35375798,-0.00145359,0.00191646,0.00023787
1893,0.00492639,0.00483464,0.35107753,0.09174836,0.00000582,1.35377896,-0.00145474,0.00191498,0.00017948
1894,0.00492631,0.00483454,0.35097834,0.09175774,0.00000580,1.35379994,-0.00145589,0.00191352,0.00012119
1895,0.00492622,0.00483445,0.35088837,0.09176709,0.00000578,1.35382080,-0.00145705,0.00191206,0.00006301
1896,0.00492613,0.00483435,0.35080957,0.09177642,0.00000578,1.35384178,-0.00145822,0.00191060,0.00000492
1897,0.00492604,0.00483425,0.35074481,0.09178574,0.00000578,1.35386252,-0.00145937,0.00190914,-0.00005307
1898,0.00492596,0.00483416,0.35069257,0.09179504,0.00000578,1.35388327,-0.00146050,0.00190770,-0.00011097
1899,0.00492587,0.00483406,0.35064933,0.09180433,0.00000580,1.35390401,-0.00146163,0.00190625,-0.00016876
1900,0.00492578,0.00483397,0.35061669,0.09181359,0.00000582,1.35392475,-0.00146277,0.00190480,-0.00022646
1901,0.00492570,0.00483387,0.35059795,0.09182283,0.00000585,1.35394526,-0.00146392,0.00190335,-0.00028405
1902,0.00492561,0.00483378,0.35059553,0.09183206,0.00000588,1.35396600,-0.00146506,0.00190192,-0.00034154
1903,0.00492553,0.00483368,0.35060433,0.09184128,0.00000592,1.35398662,-0.00146620,0.00190050,-0.00039894
1904,0.00492544,0.00483359,0.35061753,0.09185047,0.00000597,1.35400712,-0.00146732,0.00189905,-0.00045623
1905,0.00492536,0.00483349,0.35064283,0.09185967,0.00000602,1.35402763,-0.00146845,0.00189761,-0.00051342
1906,0.00492528,0.00483340,0.35067859,0.09186885,0.00000608,1.35404813,-0.00146958,0.00189617,-0.00057051
1907,0.00492519,0.00483331,0.35073519,0.09187800,0.00000615,1.35406864,-0.00147071,0.00189475,-0.00062750
1908,0.00492511,0.00483321,0.35079953,0.09188715,0.00000622,1.35408890,-0.00147184,0.00189333,-0.00068439
1909,0.00492503,0.00483312,0.35087454,0.09189627,0.00000630,1.35410941,-0.00147296,0.00189192,-0.00074118
1910,0.00492494,0.00483303,0.35095844,0.09190538,0.00000638,1.35412967,-0.00147408,0.00189049,-0.00079787
1911,0.00492486,0.00483294,0.35105181,0.09191448,0.00000647,1.35415006,-0.00147520,0.00188906,-0.00085445
1912,0.00492478,0.00483285,0.35115838,0.09192357,0.00000657,1.35417044,-0.00147631,0.00188764,-0.00091094
1913,0.00492470,0.00483276,0.35127398,0.09193265,0.00000668,1.35419071,-0.00147744,0.00188621,-0.00096733
1914,0.00492462,0.00483267,0.35140628,0.09194170,0.00000679,1.35421085,-0.00147856,0.00188480,-0.00102362
1915,0.00492453,0.00483258,0.35154471,0.09195074,0.00000690,1.35423112,-0.00147967,0.00188339,-0.00107982
1916,0.00492445,0.00483249,0.35169777,0.09195976,0.00000702,1.35425115,-0.00148077,0.00188200,-0.00113592
1917,0.00492437,0.00483240,0.35186103,0.09196876,0.00000715,1.35427129,-0.00148187,0.00188060,-0.00119193
1918,0.00492429,0.00483231,0.35203484,0.09197775,0.00000729,1.35429144,-0.00148298,0.00187920,-0.00124783
1919,0.00492421,0.00483222,0.35221618,0.09198671,0.00000743,1.35431135,-0.00148410,0.00187778,-0.00130364
1920,0.00492413,0.00483213,0.35240752,0.09199566,0.00000757,1.35433137,-0.00148521,0.00187638,-0.00135936
1921,0.00492406,0.00483204,0.35261434,0.09200459,0.00000773,1.35435128,-0.00148629,0.00187499,-0.00141497
1922,0.00492398,0.00483196,0.35282916,0.09201350,0.00000789,1.35437119,-0.00148737,0.00187361,-0.00147048
1923,0.00492390,0.00483187,0.35305622,0.09202240,0.00000805,1.35439098,-0.00148847,0.00187224,-0.00152590
1924,0.00492382,0.00483178,0.35329938,0.09203129,0.00000822,1.35441089,-0.00148957,0.00187086,-0.00158121
1925,0.00492374,0.00483169,0.35354149,0.09204017,0.00000839,1.35443068,-0.00149068,0.00186946,-0.00163642
1926,0.00492367,0.00483161,0.35379425,0.09204903,0.00000858,1.35445046,-0.00149176,0.00186806,-0.00169153
1927,0.00492359,0.00483152,0.35406220,0.09205788,0.00000876,1.35447025,-0.00149284,0.00186668,-0.00174655
1928,0.00492351,0.00483144,0.35433763,0.09206671,0.00000896,1.35448992,-0.00149393,0.00186530,-0.00180146
1929,0.00492344,0.00483135,0.35462800,0.09207553,0.00000916,1.35450959,-0.00149501,0.00186393,-0.00185627
1930,0.00492336,0.00483127,0.35492325,0.09208434,0.00000936,1.35452926,-0.00149610,0.00186257,-0.00191098
1931,0.00492328,0.00483118,0.35523501,0.09209312,0.00000957,1.35454893,-0.00149718,0.00186120,-0.00196560
1932,0.00492321,0.00483110,0.35554963,0.09210190,0.00000978,1.35456848,-0.00149827,0.00185982,-0.00202012
1933,0.00492313,0.00483101,0.35587674,0.09211066,0.00001001,1.35458791,-0.00149934,0.00185845,-0.00207454
1934,0.00492306,0.00483093,0.35620895,0.09211940,0.00001023,1.35460758,-0.00150040,0.00185709,-0.00212887
1935,0.00492298,0.00483085,0.35655755,0.09212811,0.00001046,1.35462701,-0.00150148,0.00185573,-0.00218310
1936,0.00492291,0.00483076,0.35691902,0.09213682,0.00001070,1.35464644,-0.00150257,0.00185438,-0.00223723
1937,0.00492284,0.00483068,0.35728681,0.09214552,0.00001094,1.35466576,-0.00150364,0.00185303,-0.00229127
1938,0.00492276,0.00483060,0.35766113,0.09215420,0.00001119,1.35468519,-0.00150469,0.00185168,-0.00234521
1939,0.00492269,0.00483052,0.35804385,0.09216287,0.00001145,1.35470450,-0.00150575,0.00185033,-0.00239905
1940,0.00492262,0.00483043,0.35843852,0.09217152,0.00001171,1.35472381,-0.00150681,0.00184898,-0.00245280
1941,0.00492254,0.00483035,0.35884550,0.09218016,0.00001197,1.35474312,-0.00150789,0.00184763,-0.00250645
1942,0.00492247,0.00483027,0.35925886,0.09218877,0.00001224,1.35476220,-0.00150896,0.00184628,-0.00256001
1943,0.00492240,0.00483019,0.35968474,0.09219737,0.00001251,1.35478151,-0.00151000,0.00184494,-0.00261347
1944,0.00492233,0.00483011,0.36011082,0.09220594,0.00001279,1.35480070,-0.00151104,0.00184361,-0.00266683
1945,0.00492226,0.00483003,0.36055392,0.09221450,0.00001308,1.35481966,-0.00151210,0.00184226,-0.00272010
1946,0.00492219,0.00482995,0.36100996,0.09222306,0.00001337,1.35483885,-0.00151316,0.00184094,-0.00277327
1947,0.00492211,0.00482987,0.36146894,0.09223161,0.00001367,1.35485780,-0.00151422,0.00183961,-0.00282635
1948,0.00492204,0.00482979,0.36193991,0.09224013,0.00001397,1.35487688,-0.00151526,0.00183829,-0.00287933
1949,0.00492197,0.00482971,0.36241871,0.09224864,0.00001427,1.35489595,-0.00151630,0.00183696,-0.00293221
1950,0.00492190,0.00482963,0.36290300,0.09225713,0.00001458,1.35491478,-0.00151735,0.00183563,-0.00298500
1951,0.00492183,0.00482955,0.36339599,0.09226561,0.00001490,1.35493374,-0.00151839,0.00183430,-0.00303769
1952,0.00492176,0.00482947,0.36390328,0.09227406,0.00001522,1.35495257,-0.00151943,0.00183299,-0.00309029
1953,0.00492169,0.00482940,0.36442259,0.09228252,0.00001554,1.35497141,-0.00152047,0.00183169,-0.00314279
1954,0.00492163,0.00482932,0.36494631,0.09229095,0.00001587,1.35499012,-0.00152150,0.00183038,-0.00319519
1955,0.00492156,0.00482924,0.36547661,0.09229937,0.00001621,1.35500896,-0.00152254,0.00182906,-0.00324749
1956,0.00492149,0.00482917,0.36601099,0.09230778,0.00001655,1.35502779,-0.00152357,0.00182774,-0.00329970
1957,0.00492142,0.00482909,0.36655915,0.09231617,0.00001689,1.35504651,-0.00152461,0.00182642,-0.00335181
1958,0.00492135,0.00482901,0.36711779,0.09232455,0.00001724,1.35506523,-0.00152564,0.00182512,-0.00340383
1959,0.00492129,0.00482894,0.36769050,0.09233291,0.00001760,1.35508382,-0.00152667,0.00182383,-0.00345576
1960,0.00492122,0.00482886,0.36826473,0.09234127,0.00001796,1.35510242,-0.00152769,0.00182253,-0.00350759
1961,0.00492115,0.00482879,0.36884263,0.09234960,0.00001832,1.35512090,-0.00152870,0.00182122,-0.00355933
1962,0.00492109,0.00482871,0.36943075,0.09235791,0.00001869,1.35513949,-0.00152972,0.00181992,-0.00361097
1963,0.00492102,0.00482863,0.37003312,0.09236621,0.00001906,1.35515797,-0.00153074,0.00181863,-0.00366252
1964,0.00492095,0.00482856,0.37064368,0.09237449,0.00001944,1.35517645,-0.00153178,0.00181734,-0.00371397
1965,0.00492089,0.00482849,0.37125647,0.09238277,0.00001983,1.35519493,-0.00153280,0.00181606,-0.00376532
1966,0.00492082,0.00482841,0.37188628,0.09239103,0.00002021,1.35521328,-0.00153381,0.00181478,-0.00381659
1967,0.00492076,0.00482834,0.37251481,0.09239927,0.00002060,1.35523176,-0.00153481,0.00181350,-0.00386776
1968,0.00492069,0.00482826,0.37315443,0.09240749,0.00002100,1.35525012,-0.00153582,0.00181221,-0.00391883
1969,0.00492063,0.00482819,0.37379983,0.09241571,0.00002140,1.35526836,-0.00153684,0.00181091,-0.00396982
1970,0.00492057,0.00482812,0.37445596,0.09242389,0.00002181,1.35528660,-0.00153785,0.00180964,-0.00402071
1971,0.00492050,0.00482805,0.37511942,0.09243207,0.00002222,1.35530484,-0.00153885,0.00180837,-0.00407151
1972,0.00492044,0.00482797,0.37579346,0.09244023,0.00002263,1.35532296,-0.00153984,0.00180712,-0.00412222
1973,0.00492037,0.00482790,0.37647834,0.09244836,0.00002305,1.35534108,-0.00154084,0.00180587,-0.00417283
1974,0.00492031,0.00482783,0.37716526,0.09245650,0.00002347,1.35535920,-0.00154184,0.00180460,-0.00422335
1975,0.00492025,0.00482776,0.37785929,0.09246462,0.00002390,1.35537744,-0.00154284,0.00180333,-0.00427377
1976,0.00492019,0.00482769,0.37856469,0.09247272,0.00002433,1.35539544,-0.00154385,0.00180205,-0.00432410
1977,0.00492012,0.00482762,0.37926933,0.09248080,0.00002476,1.35541344,-0.00154484,0.00180077,-0.00437433
1978,0.00492006,0.00482755,0.37998348,0.09248887,0.00002520,1.35543144,-0.00154582,0.00179951,-0.00442448
1979,0.00492000,0.00482748,0.38071409,0.09249693,0.00002565,1.35544944,-0.00154680,0.00179827,-0.00447452
1980,0.00491994,0.00482741,0.38145229,0.09250499,0.00002610,1.35546732,-0.00154780,0.00179704,-0.00452447
1981,0.00491988,0.00482734,0.38219234,0.09251302,0.00002655,1.35548520,-0.00154879,0.00179579,-0.00457433
1982,0.00491982,0.00482727,0.38294223,0.09252103,0.00002700,1.35550308,-0.00154977,0.00179455,-0.00462410
1983,0.00491975,0.00482720,0.38369036,0.09252904,0.00002746,1.35552096,-0.00155075,0.00179329,-0.00467377
1984,0.00491969,0.00482713,0.38445401,0.09253704,0.00002793,1.35553885,-0.00155173,0.00179204,-0.00472335
1985,0.00491963,0.00482706,0.38522407,0.09254502,0.00002840,1.35555649,-0.00155273,0.00179079,-0.00477284
1986,0.00491957,0.00482699,0.38600484,0.09255297,0.00002887,1.35557425,-0.00155370,0.00178955,-0.00482224
1987,0.00491951,0.00482692,0.38678479,0.09256092,0.00002935,1.35559201,-0.00155467,0.00178832,-0.00487154
1988,0.00491946,0.00482686,0.38757446,0.09256884,0.00002983,1.35560954,-0.00155564,0.00178709,-0.00492076
1989,0.00491940,0.00482679,0.38837856,0.09257675,0.00003031,1.35562730,-0.00155661,0.00178587,-0.00496988
1990,0.00491934,0.00482672,0.38918588,0.09258464,0.00003080,1.35564482,-0.00155759,0.00178463,-0.00501891
1991,0.00491928,0.00482665,0.38999236,0.09259253,0.00003129,1.35566235,-0.00155856,0.00178339,-0.00506785
1992,0.00491922,0.00482659,0.39081511,0.09260040,0.00003179,1.35567987,-0.00155952,0.00178217,-0.00511669
1993,0.00491916,0.00482652,0.39163464,0.09260826,0.00003229,1.35569739,-0.00156047,0.00178095,-0.00516544
1994,0.00491910,0.00482645,0.39247081,0.09261609,0.00003279,1.35571492,-0.00156143,0.00177973,-0.00521410
1995,0.00491905,0.00482639,0.39331397,0.09262393,0.00003330,1.35573232,-0.00156241,0.00177852,-0.00526267
1996,0.00491899,0.00482632,0.39416286,0.09263174,0.00003381,1.35574973,-0.00156338,0.00177730,-0.00531115
1997,0.00491893,0.00482626,0.39501747,0.09263954,0.00003433,1.35576713,-0.00156433,0.00177609,-0.00535954
1998,0.00491888,0.00482619,0.39586878,0.09264733,0.00003484,1.35578442,-0.00156527,0.00177486,-0.00540783
1999,0.00491882,0.00482613,0.39673063,0.09265509,0.00003537,1.35580170,-0.00156622,0.00177365,-0.00545604
2000,0.00491876,0.00482606,0.39760771,0.09266284,0.00003589,1.35581899,-0.00156718,0.00177245,-0.00550415
2001,0.00491871,0.00482600,0.39849040,0.09267059,0.00003642,1.35583615,-0.00156814,0.00177126,-0.00555217
2002,0.00491865,0.00482593,0.39938241,0.09267832,0.00003696,1.35585344,-0.00156908,0.00177007,-0.00560010
2003,0.00491859,0.00482587,0.40027019,0.09268603,0.00003749,1.35587060,-0.00157003,0.00176886,-0.00564794
2004,0.00491854,0.00482581,0.40116137,0.09269372,0.00003803,1.35588777,-0.00157097,0.00176765,-0.00569569
2005,0.00491848,0.00482574,0.40206710,0.09270141,0.00003858,1.35590494,-0.00157191,0.00176644,-0.00574335
2006,0.00491843,0.00482568,0.40298268,0.09270906,0.00003912,1.35592186,-0.00157286,0.00176525,-0.00579092
2007,0.00491837,0.00482562,0.40390080,0.09271672,0.00003968,1.35593891,-0.00157380,0.00176408,-0.00583840
2008,0.00491832,0.00482555,0.40482870,0.09272436,0.00004023,1.35595596,-0.00157472,0.00176290,-0.00588579
2009,0.00491827,0.00482549,0.40575412,0.09273198,0.00004079,1.35597301,-0.00157565,0.00176172,-0.00593308
2010,0.00491821,0.00482543,0.40669164,0.09273959,0.00004135,1.35598993,-0.00157661,0.00176052,-0.00598029
2011,0.00491816,0.00482537,0.40763554,0.09274717,0.00004191,1.35600674,-0.00157755,0.00175932,-0.00602741
2012,0.00491810,0.00482531,0.40857643,0.09275477,0.00004248,1.35602367,-0.00157847,0.00175813,-0.00607444
2013,0.00491805,0.00482525,0.40952724,0.09276234,0.00004305,1.35604060,-0.00157938,0.00175696,-0.00612138
2014,0.00491800,0.00482518,0.41049483,0.09276988,0.00004363,1.35605741,-0.00158031,0.00175581,-0.00616823
2015,0.00491795,0.00482512,0.41146782,0.09277742,0.00004421,1.35607409,-0.00158126,0.00175464,-0.00621499
2016,0.00491789,0.00482506,0.41243294,0.09278493,0.00004479,1.35609090,-0.00158218,0.00175346,-0.00626166
2017,0.00491784,0.00482500,0.41341257,0.09279245,0.00004537,1.35610759,-0.00158309,0.00175229,-0.00630824
2018,0.00491779,0.00482494,0.41439560,0.09279995,0.00004596,1.35612428,-0.00158400,0.00175113,-0.00635473
2019,0.00491774,0.00482488,0.41537890,0.09280743,0.00004655,1.35614097,-0.00158492,0.00174996,-0.00640113
2020,0.00491768,0.00482482,0.41638166,0.09281490,0.00004714,1.35615754,-0.00158585,0.00174880,-0.00644744
2021,0.00491763,0.00482476,0.41737738,0.09282234,0.00004774,1.35617411,-0.00158677,0.00174764,-0.00649367
2022,0.00491758,0.00482470,0.41838583,0.09282979,0.00004834,1.35619068,-0.00158767,0.00174648,-0.00653980
2023,0.00491753,0.00482464,0.41939601,0.09283721,0.00004894,1.35620725,-0.00158857,0.00174533,-0.00658584
2024,0.00491748,0.00482459,0.42041022,0.09284463,0.00004955,1.35622370,-0.00158948,0.00174418,-0.00663180
2025,0.00491743,0.00482453,0.42143652,0.09285202,0.00005016,1.35624015,-0.00159040,0.00174303,-0.00667766
2026,0.00491738,0.00482447,0.42246541,0.09285941,0.00005077,1.35625660,-0.00159131,0.00174189,-0.00672344
2027,0.00491733,0.00482441,0.42350006,0.09286679,0.00005139,1.35627294,-0.00159221,0.00174075,-0.00676912
2028,0.00491728,0.00482435,0.42453754,0.09287414,0.00005200,1.35628939,-0.00159310,0.00173960,-0.00681472
2029,0.00491723,0.00482430,0.42557701,0.09288148,0.00005263,1.35630572,-0.00159400,0.00173845,-0.00686023
2030,0.00491718,0.00482424,0.42662555,0.09288882,0.00005325,1.35632205,-0.00159491,0.00173730,-0.00690565
2031,0.00491713,0.00482418,0.42768595,0.09289614,0.00005388,1.35633826,-0.00159582,0.00173616,-0.00695098
2032,0.00491708,0.00482413,0.42874312,0.09290344,0.00005451,1.35635459,-0.00159671,0.00173503,-0.00699623
2033,0.00491703,0.00482407,0.42980707,0.09291073,0.00005514,1.35637081,-0.00159759,0.00173391,-0.00704139
2034,0.00491699,0.00482401,0.43088007,0.09291799,0.00005578,1.35638690,-0.00159848,0.00173278,-0.00708646
2035,0.00491694,0.00482396,0.43195048,0.09292524,0.00005641,1.35640311,-0.00159938,0.00173166,-0.00713144
2036,0.00491689,0.00482390,0.43304154,0.09293249,0.00005706,1.35641921,-0.00160027,0.00173054,-0.00717634
2037,0.00491684,0.00482384,0.43411821,0.09293973,0.00005770,1.35643530,-0.00160115,0.00172939,-0.00722115
2038,0.00491679,0.00482379,0.43520671,0.09294694,0.00005835,1.35645139,-0.00160203,0.00172827,-0.00726587
2039,0.00491675,0.00482373,0.43630224,0.09295414,0.00005900,1.35646737,-0.00160292,0.00172714,-0.00731051
2040,0.00491670,0.00482368,0.43739867,0.09296131,0.00005965,1.35648334,-0.00160380,0.00172602,-0.00735506
2041,0.00491665,0.00482362,0.43850851,0.09296849,0.00006030,1.35649931,-0.00160468,0.00172492,-0.00739953
2042,0.00491661,0.00482357,0.43961823,0.09297565,0.00006096,1.35651517,-0.00160556,0.00172382,-0.00744391
2043,0.00491656,0.00482351,0.44073549,0.09298280,0.00006162,1.35653114,-0.00160643,0.00172272,-0.00748820
2044,0.00491651,0.00482346,0.44185525,0.09298992,0.00006228,1.35654700,-0.00160730,0.00172162,-0.00753240
2045,0.00491647,0.00482341,0.44297653,0.09299703,0.00006295,1.35656285,-0.00160818,0.00172049,-0.00757651
2046,0.00491642,0.00482335,0.44410059,0.09300414,0.00006362,1.35657859,-0.00160906,0.00171937,-0.00762055
2047,0.00491637,0.00482330,0.44523400,0.09301122,0.00006429,1.35659432,-0.00160992,0.00171826,-0.00766449
2048,0.00491633,0.00482325,0.44637182,0.09301829,0.00006496,1.35661006,-0.00161078,0.00171718,-0.00770834
2049,0.00491628,0.00482319,0.44752005,0.09302537,0.00006564,1.35662580,-0.00161163,0.00171610,-0.00775211
2050,0.00491624,0.00482314,0.44867000,0.09303242,0.00006632,1.35664153,-0.00161251,0.00171501,-0.00779579
2051,0.00491619,0.00482309,0.44981989,0.09303946,0.00006700,1.35665703,-0.00161338,0.00171391,-0.00783938
2052,0.00491615,0.00482303,0.45096782,0.09304648,0.00006768,1.35667276,-0.00161424,0.00171280,-0.00788289
2053,0.00491610,0.00482298,0.45212656,0.09305350,0.00006836,1.35668838,-0.00161510,0.00171170,-0.00792630
2054,0.00491606,0.00482293,0.45328906,0.09306049,0.00006905,1.35670400,-0.00161595,0.00171061,-0.00796964
2055,0.00491602,0.00482288,0.45445731,0.09306747,0.00006974,1.35671937,-0.00161681,0.00170953,-0.00801289
2056,0.00491597,0.00482283,0.45563978,0.09307444,0.00007044,1.35673487,-0.00161767,0.00170846,-0.00805605
2057,0.00491593,0.00482278,0.45681369,0.09308141,0.00007113,1.35675037,-0.00161851,0.00170740,-0.00809913
2058,0.00491588,0.00482272,0.45800489,0.09308835,0.00007183,1.35676587,-0.00161936,0.00170633,-0.00814212
2059,0.00491584,0.00482267,0.45917979,0.09309528,0.00007253,1.35678124,-0.00162022,0.00170523,-0.00818503
2060,0.00491580,0.00482262,0.46036360,0.09310219,0.00007323,1.35679662,-0.00162107,0.00170413,-0.00822785
2061,0.00491576,0.00482257,0.46155521,0.09310909,0.00007393,1.35681188,-0.00162192,0.00170306,-0.00827059
2062,0.00491571,0.00482252,0.46275249,0.09311598,0.00007464,1.35682726,-0.00162275,0.00170200,-0.00831324
2063,0.00491567,0.00482247,0.46396405,0.09312285,0.00007535,1.35684252,-0.00162358,0.00170095,-0.00835581
2064,0.00491563,0.00482242,0.46517324,0.09312971,0.00007606,1.35685778,-0.00162443,0.00169990,-0.00839829
2065,0.00491559,0.00482237,0.46637973,0.09313655,0.00007677,1.35687304,-0.00162528,0.00169882,-0.00844069
2066,0.00491554,0.00482232,0.46758738,0.09314339,0.00007749,1.35688829,-0.00162612,0.00169775,-0.00848301
2067,0.00491550,0.00482227,0.46880502,0.09315021,0.00007821,1.35690343,-0.00162696,0.00169668,-0.00852524
2068,0.00491546,0.00482222,0.47002384,0.09315702,0.00007893,1.35691857,-0.00162778,0.00169561,-0.00856740
2069,0.00491542,0.00482218,0.47125104,0.09316380,0.00007965,1.35693359,-0.00162861,0.00169456,-0.00860947
2070,0.00491538,0.00482213,0.47248349,0.09317057,0.00008037,1.35694861,-0.00162944,0.00169352,-0.00865146
2071,0.00491534,0.00482208,0.47372460,0.09317732,0.00008110,1.35696363,-0.00163027,0.00169250,-0.00869336
2072,0.00491530,0.00482203,0.47496000,0.09318407,0.00008182,1.35697865,-0.00163109,0.00169146,-0.00873518
2073,0.00491526,0.00482198,0.47619393,0.09319080,0.00008255,1.35699368,-0.00163192,0.00169040,-0.00877691
2074,0.00491522,0.00482193,0.47743833,0.09319752,0.00008329,1.35700858,-0.00163275,0.00168934,-0.00881855
2075,0.00491518,0.00482189,0.47868332,0.09320423,0.00008402,1.35702348,-0.00163357,0.00168829,-0.00886011
2076,0.00491514,0.00482184,0.47993612,0.09321093,0.00008476,1.35703826,-0.00163439,0.00168726,-0.00890159
2077,0.00491510,0.00482179,0.48119339,0.09321760,0.00008549,1.35705316,-0.00163519,0.00168624,-0.00894298
2078,0.00491506,0.00482175,0.48245493,0.09322429,0.00008623,1.35706794,-0.00163601,0.00168521,-0.00898428
2079,0.00491502,0.00482170,0.48371902,0.09323095,0.00008698,1.35708284,-0.00163683,0.00168418,-0.00902549
2080,0.00491498,0.00482165,0.48497406,0.09323761,0.00008772,1.35709763,-0.00163766,0.00168312,-0.00906662
2081,0.00491494,0.00482160,0.48623773,0.09324425,0.00008846,1.35711241,-0.00163848,0.00168207,-0.00910767
2082,0.00491490,0.00482156,0.48750812,0.09325088,0.00008921,1.35712707,-0.00163928,0.00168104,-0.00914864
2083,0.00491486,0.00482151,0.48878580,0.09325748,0.00008996,1.35714173,-0.00164008,0.00168002,-0.00918952
2084,0.00491482,0.00482147,0.49007052,0.09326407,0.00009071,1.35715652,-0.00164088,0.00167903,-0.00923032
2085,0.00491478,0.00482142,0.49135479,0.09327066,0.00009146,1.35717106,-0.00164170,0.00167802,-0.00927105
2086,0.00491474,0.00482138,0.49264088,0.09327723,0.00009222,1.35718560,-0.00164252,0.00167700,-0.00931169
2087,0.00491471,0.00482133,0.49392241,0.09328379,0.00009297,1.35720015,-0.00164331,0.00167596,-0.00935225
2088,0.00491467,0.00482128,0.49520630,0.09329032,0.00009373,1.35721481,-0.00164409,0.00167493,-0.00939272
2089,0.00491463,0.00482124,0.49649629,0.09329684,0.00009449,1.35722923,-0.00164490,0.00167390,-0.00943312
2090,0.00491459,0.00482119,0.49779704,0.09330336,0.00009525,1.35724378,-0.00164571,0.00167290,-0.00947344
2091,0.00491456,0.00482115,0.49910557,0.09330986,0.00009602,1.35725820,-0.00164651,0.00167191,-0.00951368
2092,0.00491452,0.00482111,0.50041509,0.09331634,0.00009678,1.35727251,-0.00164730,0.00167091,-0.00955384
2093,0.00491448,0.00482106,0.50171667,0.09332281,0.00009755,1.35728693,-0.00164808,0.00166991,-0.00959391
2094,0.00491444,0.00482102,0.50303358,0.09332925,0.00009832,1.35730124,-0.00164887,0.00166891,-0.00963391
2095,0.00491441,0.00482097,0.50433737,0.09333570,0.00009909,1.35731554,-0.00164966,0.00166789,-0.00967382
2096,0.00491437,0.00482093,0.50565410,0.09334213,0.00009986,1.35732985,-0.00165046,0.00166688,-0.00971365
2097,0.00491433,0.00482089,0.50697130,0.09334853,0.00010063,1.35734415,-0.00165125,0.00166588,-0.00975339
2098,0.00491430,0.00482084,0.50829113,0.09335494,0.00010140,1.35735834,-0.00165203,0.00166489,-0.00979305
2099,0.00491426,0.00482080,0.50961888,0.09336133,0.00010218,1.35737252,-0.00165280,0.00166392,-0.00983263
2100,0.00491423,0.00482076,0.51095390,0.09336771,0.00010296,1.35738671,-0.00165358,0.00166294,-0.00987213
2101,0.00491419,0.00482071,0.51227504,0.09337409,0.00010374,1.35740089,-0.00165436,0.00166194,-0.00991155
2102,0.00491416,0.00482067,0.51360899,0.09338044,0.00010452,1.35741496,-0.00165516,0.00166094,-0.00995088
2103,0.00491412,0.00482063,0.51494277,0.09338678,0.00010530,1.35742903,-0.00165593,0.00165994,-0.00999013
2104,0.00491409,0.00482059,0.51627409,0.09339312,0.00010608,1.35744309,-0.00165669,0.00165897,-0.01002930
2105,0.00491405,0.00482054,0.51762027,0.09339944,0.00010687,1.35745716,-0.00165746,0.00165801,-0.01006838
2106,0.00491402,0.00482050,0.51896340,0.09340575,0.00010765,1.35747123,-0.00165824,0.00165705,-0.01010739
2107,0.00491398,0.00482046,0.52031606,0.09341205,0.00010844,1.35748506,-0.00165903,0.00165606,-0.01014632
2108,0.00491395,0.00482042,0.52166384,0.09341833,0.00010923,1.35749912,-0.00165978,0.00165507,-0.01018516
2109,0.00491391,0.00482038,0.52299774,0.09342460,0.00011002,1.35751307,-0.00166054,0.00165408,-0.01022393
2110,0.00491388,0.00482034,0.52435446,0.09343085,0.00011081,1.35752690,-0.00166131,0.00165310,-0.01026261
2111,0.00491385,0.00482030,0.52571094,0.09343710,0.00011161,1.35754073,-0.00166208,0.00165216,-0.01030122
2112,0.00491381,0.00482025,0.52707928,0.09344333,0.00011240,1.35755467,-0.00166285,0.00165122,-0.01033975
2113,0.00491378,0.00482021,0.52843666,0.09344954,0.00011320,1.35756838,-0.00166360,0.00165025,-0.01037819
2114,0.00491374,0.00482017,0.52979320,0.09345574,0.00011400,1.35758209,-0.00166435,0.00164927,-0.01041657
2115,0.00491371,0.00482013,0.53116161,0.09346193,0.00011479,1.35759592,-0.00166510,0.00164830,-0.01045486
2116,0.00491368,0.00482009,0.53252751,0.09346811,0.00011559,1.35760963,-0.00166587,0.00164734,-0.01049307
2117,0.00491364,0.00482005,0.53390056,0.09347427,0.00011639,1.35762334,-0.00166664,0.00164638,-0.01053120
2118,0.00491361,0.00482001,0.53527766,0.09348043,0.00011720,1.35763693,-0.00166739,0.00164543,-0.01056925
2119,0.00491358,0.00481997,0.53664833,0.09348657,0.00011800,1.35765064,-0.00166812,0.00164449,-0.01060723
2120,0.00491355,0.00481993,0.53802305,0.09349269,0.00011881,1.35766423,-0.00166887,0.00164354,-0.01064512
2121,0.00491351,0.00481989,0.53940678,0.09349880,0.00011961,1.35767782,-0.00166962,0.00164259,-0.01068294
2122,0.00491348,0.00481986,0.54078692,0.09350491,0.00012042,1.35769129,-0.00167039,0.00164164,-0.01072068
2123,0.00491345,0.00481982,0.54217011,0.09351099,0.00012123,1.35770488,-0.00167113,0.00164071,-0.01075834
2124,0.00491342,0.00481978,0.54355150,0.09351706,0.00012204,1.35771835,-0.00167186,0.00163977,-0.01079592
2125,0.00491339,0.00481974,0.54494166,0.09352313,0.00012285,1.35773182,-0.00167260,0.00163882,-0.01083342
2126,0.00491335,0.00481970,0.54632992,0.09352918,0.00012366,1.35774517,-0.00167335,0.00163787,-0.01087085
2127,0.00491332,0.00481966,0.54771876,0.09353521,0.00012447,1.35775852,-0.00167409,0.00163693,-0.01090819
2128,0.00491329,0.00481962,0.54912025,0.09354125,0.00012528,1.35777199,-0.00167482,0.00163600,-0.01094546
2129,0.00491326,0.00481959,0.55051345,0.09354727,0.00012610,1.35778534,-0.00167555,0.00163507,-0.01098264
2130,0.00491323,0.00481955,0.55190444,0.09355327,0.00012692,1.35779858,-0.00167629,0.00163415,-0.01101975
2131,0.00491320,0.00481951,0.55330843,0.09355927,0.00012773,1.35781193,-0.00167702,0.00163323,-0.01105678
2132,0.00491317,0.00481947,0.55470598,0.09356524,0.00012855,1.35782528,-0.00167775,0.00163230,-0.01109373
2133,0.00491314,0.00481944,0.55611080,0.09357120,0.00012937,1.35783851,-0.00167849,0.00163136,-0.01113061
2134,0.00491311,0.00481940,0.55751365,0.09357715,0.00013019,1.35785174,-0.00167922,0.00163041,-0.01116741
2135,0.00491307,0.00481936,0.55891877,0.09358308,0.00013101,1.35786486,-0.00167994,0.00162949,-0.01120413
2136,0.00491305,0.00481932,0.56032926,0.09358900,0.00013183,1.35787797,-0.00168066,0.00162859,-0.01124078
2137,0.00491302,0.00481929,0.56174684,0.09359491,0.00013266,1.35789108,-0.00168138,0.00162770,-0.01127735
2138,0.00491299,0.00481925,0.56316668,0.09360082,0.00013348,1.35790420,-0.00168210,0.00162680,-0.01131384
2139,0.00491296,0.00481921,0.56457013,0.09360671,0.00013430,1.35791719,-0.00168283,0.00162587,-0.01135026
2140,0.00491293,0.00481918,0.56598371,0.09361258,0.00013513,1.35793030,-0.00168355,0.00162493,-0.01138659
2141,0.00491290,0.00481914,0.56739044,0.09361845,0.00013596,1.35794342,-0.00168426,0.00162400,-0.01142285
2142,0.00491287,0.00481911,0.56881893,0.09362431,0.00013678,1.35795629,-0.00168499,0.00162310,-0.01145903
2143,0.00491284,0.00481907,0.57023728,0.09363014,0.00013761,1.35796928,-0.00168570,0.00162222,-0.01149513
2144,0.00491281,0.00481903,0.57166851,0.09363598,0.00013844,1.35798216,-0.00168640,0.00162135,-0.01153116
2145,0.00491278,0.00481900,0.57308877,0.09364180,0.00013927,1.35799515,-0.00168711,0.00162045,-0.01156711
2146,0.00491275,0.00481896,0.57450110,0.09364760,0.00014010,1.35800803,-0.00168783,0.00161952,-0.01160298
2147,0.00491272,0.00481893,0.57593542,0.09365338,0.00014093,1.35802078,-0.00168855,0.00161859,-0.01163879
2148,0.00491269,0.00481889,0.57735568,0.09365916,0.00014176,1.35803366,-0.00168925,0.00161770,-0.01167451
2149,0.00491267,0.00481886,0.57879329,0.09366493,0.00014260,1.35804653,-0.00168994,0.00161683,-0.01171015
2150,0.00491264,0.00481882,0.58022523,0.09367067,0.00014343,1.35805917,-0.00169064,0.00161594,-0.01174573
2151,0.00491261,0.00481879,0.58165681,0.09367642,0.00014427,1.35807192,-0.00169135,0.00161506,-0.01178122
2152,0.00491258,0.00481875,0.58309889,0.09368215,0.00014510,1.35808468,-0.00169206,0.00161417,-0.01181664
2153,0.00491255,0.00481872,0.58452529,0.09368785,0.00014594,1.35809731,-0.00169275,0.00161327,-0.01185199
2154,0.00491253,0.00481869,0.58596343,0.09369357,0.00014677,1.35810995,-0.00169345,0.00161239,-0.01188725
2155,0.00491250,0.00481865,0.58739322,0.09369926,0.00014761,1.35812259,-0.00169414,0.00161151,-0.01192244
2156,0.00491247,0.00481862,0.58884168,0.09370495,0.00014845,1.35813522,-0.00169483,0.00161063,-0.01195755
2157,0.00491244,0.00481858,0.59028494,0.09371062,0.00014929,1.35814786,-0.00169554,0.00160975,-0.01199258
2158,0.00491242,0.00481855,0.59171307,0.09371629,0.00015013,1.35816038,-0.00169623,0.00160886,-0.01202755
2159,0.00491239,0.00481852,0.59316719,0.09372194,0.00015097,1.35817301,-0.00169692,0.00160799,-0.01206243
2160,0.00491236,0.00481848,0.59460616,0.09372758,0.00015181,1.35818541,-0.00169761,0.00160711,-0.01209725
2161,0.00491234,0.00481845,0.59604359,0.09373320,0.00015265,1.35819793,-0.00169829,0.00160624,-0.01213199
2162,0.00491231,0.00481842,0.59749979,0.09373880,0.00015349,1.35821033,-0.00169898,0.00160538,-0.01216665
2163,0.00491228,0.00481838,0.59894693,0.09374440,0.00015433,1.35822284,-0.00169966,0.00160452,-0.01220125
2164,0.00491226,0.00481835,0.60039514,0.09374999,0.00015518,1.35823512,-0.00170036,0.00160364,-0.01223577
2165,0.00491223,0.00481832,0.60183829,0.09375556,0.00015602,1.35824752,-0.00170104,0.00160277,-0.01227021
2166,0.00491220,0.00481829,0.60328817,0.09376110,0.00015686,1.35825980,-0.00170170,0.00160192,-0.01230459
2167,0.00491218,0.00481825,0.60474050,0.09376665,0.00015771,1.35827208,-0.00170237,0.00160106,-0.01233888
2168,0.00491215,0.00481822,0.60620302,0.09377218,0.00015855,1.35828435,-0.00170306,0.00160021,-0.01237311
2169,0.00491213,0.00481819,0.60765201,0.09377772,0.00015940,1.35829663,-0.00170374,0.00159936,-0.01240725
2170,0.00491210,0.00481816,0.60910630,0.09378322,0.00016025,1.35830891,-0.00170442,0.00159850,-0.01244132
2171,0.00491208,0.00481813,0.61055452,0.09378872,0.00016109,1.35832107,-0.00170508,0.00159764,-0.01247532
2172,0.00491205,0.00481809,0.61201823,0.09379421,0.00016194,1.35833323,-0.00170575,0.00159678,-0.01250924
2173,0.00491203,0.00481806,0.61347508,0.09379969,0.00016279,1.35834539,-0.00170642,0.00159593,-0.01254309
2174,0.00491200,0.00481803,0.61492682,0.09380516,0.00016364,1.35835743,-0.00170709,0.00159509,-0.01257687
2175,0.00491198,0.00481800,0.61639535,0.09381063,0.00016448,1.35836959,-0.00170776,0.00159426,-0.01261056
2176,0.00491195,0.00481797,0.61785561,0.09381606,0.00016533,1.35838175,-0.00170842,0.00159343,-0.01264419
2177,0.00491193,0.00481794,0.61930996,0.09382150,0.00016618,1.35839379,-0.00170909,0.00159258,-0.01267774
2178,0.00491190,0.00481791,0.62077010,0.09382693,0.00016703,1.35840571,-0.00170976,0.00159172,-0.01271122
2179,0.00491188,0.00481788,0.62222564,0.09383234,0.00016788,1.35841775,-0.00171041,0.00159087,-0.01274462
2180,0.00491185,0.00481785,0.62368858,0.09383774,0.00016873,1.35842979,-0.00171106,0.00159004,-0.01277796
2181,0.00491183,0.00481782,0.62515479,0.09384312,0.00016958,1.35844171,-0.00171173,0.00158923,-0.01281122
2182,0.00491180,0.00481779,0.62662637,0.09384849,0.00017043,1.35845351,-0.00171240,0.00158841,-0.01284441
2183,0.00491178,0.00481775,0.62808263,0.09385386,0.00017129,1.35846543,-0.00171305,0.00158757,-0.01287753
2184,0.00491176,0.00481772,0.62954724,0.09385921,0.00017214,1.35847735,-0.00171368,0.00158672,-0.01291058
2185,0.00491173,0.00481769,0.63100672,0.09386455,0.00017299,1.35848916,-0.00171434,0.00158588,-0.01294356
2186,0.00491171,0.00481767,0.63247615,0.09386986,0.00017384,1.35850096,-0.00171500,0.00158506,-0.01297646
2187,0.00491168,0.00481764,0.63395512,0.09387517,0.00017470,1.35851276,-0.00171565,0.00158425,-0.01300930
2188,0.00491166,0.00481761,0.63542062,0.09388047,0.00017555,1.35852456,-0.00171629,0.00158344,-0.01304206
2189,0.00491164,0.00481758,0.63688415,0.09388574,0.00017640,1.35853612,-0.00171694,0.00158261,-0.01307475
2190,0.00491162,0.00481755,0.63835037,0.09389102,0.00017726,1.35854781,-0.00171757,0.00158178,-0.01310737
2191,0.00491159,0.00481752,0.63982379,0.09389628,0.00017811,1.35855949,-0.00171822,0.00158097,-0.01313991
2192,0.00491157,0.00481749,0.64129615,0.09390154,0.00017896,1.35857117,-0.00171887,0.00158018,-0.01317238
2193,0.00491155,0.00481746,0.64277780,0.09390678,0.00017982,1.35858285,-0.00171951,0.00157938,-0.01320477
2194,0.00491152,0.00481743,0.64424044,0.09391203,0.00018067,1.35859442,-0.00172016,0.00157856,-0.01323709
2195,0.00491150,0.00481740,0.64571065,0.09391725,0.00018153,1.35860598,-0.00172079,0.00157772,-0.01326934
2196,0.00491148,0.00481737,0.64717674,0.09392247,0.00018238,1.35861754,-0.00172141,0.00157690,-0.01330152
2197,0.00491146,0.00481735,0.64864212,0.09392768,0.00018323,1.35862911,-0.00172205,0.00157610,-0.01333362
2198,0.00491143,0.00481732,0.65012980,0.09393287,0.00018409,1.35864067,-0.00172270,0.00157532,-0.01336565
2199,0.00491141,0.00481729,0.65160596,0.09393806,0.00018495,1.35865211,-0.00172334,0.00157454,-0.01339761
2200,0.00491139,0.00481726,0.65307379,0.09394323,0.00018580,1.35866356,-0.00172396,0.00157374,-0.01342950
2201,0.00491137,0.00481723,0.65454334,0.09394838,0.00018666,1.35867500,-0.00172458,0.00157292,-0.01346132
2202,0.00491135,0.00481721,0.65601039,0.09395353,0.00018751,1.35868645,-0.00172522,0.00157210,-0.01349308
2203,0.00491132,0.00481718,0.65748608,0.09395867,0.00018837,1.35869789,-0.00172586,0.00157130,-0.01352476
2204,0.00491130,0.00481715,0.65896660,0.09396378,0.00018922,1.35870922,-0.00172649,0.00157051,-0.01355638
2205,0.00491128,0.00481712,0.66044223,0.09396888,0.00019008,1.35872054,-0.00172710,0.00156974,-0.01358793
2206,0.00491126,0.00481710,0.66191095,0.09397398,0.00019094,1.35873175,-0.00172771,0.00156896,-0.01361942
2207,0.00491124,0.00481707,0.66339540,0.09397906,0.00019179,1.35874295,-0.00172833,0.00156817,-0.01365083
2208,0.00491122,0.00481704,0.66486019,0.09398412,0.00019265,1.35875416,-0.00172896,0.00156737,-0.01368218
2209,0.00491120,0.00481701,0.66633946,0.09398918,0.00019350,1.35876536,-0.00172958,0.00156659,-0.01371345
2210,0.00491118,0.00481699,0.66781318,0.09399422,0.00019436,1.35877669,-0.00173019,0.00156582,-0.01374465
2211,0.00491115,0.00481696,0.66929883,0.09399927,0.00019522,1.35878778,-0.00173080,0.00156504,-0.01377578
2212,0.00491113,0.00481693,0.67076981,0.09400430,0.00019607,1.35879898,-0.00173142,0.00156426,-0.01380683
2213,0.00491111,0.00481691,0.67224038,0.09400932,0.00019693,1.35881007,-0.00173204,0.00156346,-0.01383782
2214,0.00491109,0.00481688,0.67372328,0.09401432,0.00019779,1.35882127,-0.00173265,0.00156269,-0.01386874
2215,0.00491107,0.00481685,0.67518717,0.09401932,0.00019864,1.35883224,-0.00173326,0.00156191,-0.01389959
2216,0.00491105,0.00481683,0.67667121,0.09402431,0.00019950,1.35884321,-0.00173387,0.00156116,-0.01393037
2217,0.00491103,0.00481680,0.67815363,0.09402928,0.00020035,1.35885429,-0.00173446,0.00156041,-0.01396108
2218,0.00491101,0.00481678,0.67963052,0.09403425,0.00020121,1.35886538,-0.00173507,0.00155964,-0.01399172
2219,0.00491099,0.00481675,0.68110764,0.09403920,0.00020207,1.35887623,-0.00173569,0.00155886,-0.01402229
2220,0.00491097,0.00481672,0.68257731,0.09404416,0.00020292,1.35888720,-0.00173629,0.00155808,-0.01405279
2221,0.00491095,0.00481670,0.68404597,0.09404909,0.00020378,1.35889828,-0.00173688,0.00155731,-0.01408322
2222,0.00491093,0.00481667,0.68552810,0.09405401,0.00020463,1.35890913,-0.00173749,0.00155656,-0.01411358
2223,0.00491091,0.00481665,0.68700802,0.09405892,0.00020549,1.35891998,-0.00173810,0.00155580,-0.01414388
2224,0.00491089,0.00481662,0.68848825,0.09406383,0.00020635,1.35893083,-0.00173869,0.00155504,-0.01417411
2225,0.00491087,0.00481660,0.68995118,0.09406871,0.00020720,1.35894167,-0.00173928,0.00155428,-0.01420427
2226,0.00491085,0.00481657,0.69142580,0.09407359,0.00020806,1.35895252,-0.00173988,0.00155352,-0.01423436
2227,0.00491084,0.00481655,0.69289619,0.09407845,0.00020891,1.35896325,-0.00174048,0.00155276,-0.01426439
2228,0.00491082,0.00481652,0.69438142,0.09408329,0.00020977,1.35897398,-0.00174108,0.00155202,-0.01429435
2229,0.00491080,0.00481650,0.69585049,0.09408814,0.00021062,1.35898471,-0.00174165,0.00155128,-0.01432425
2230,0.00491078,0.00481647,0.69733042,0.09409297,0.00021148,1.35899544,-0.00174224,0.00155054,-0.01435408
2231,0.00491076,0.00481645,0.69880712,0.09409778,0.00021233,1.35900605,-0.00174284,0.00154979,-0.01438384
2232,0.00491074,0.00481643,0.70027947,0.09410258,0.00021319,1.35901666,-0.00174342,0.00154903,-0.01441353
2233,0.00491072,0.00481640,0.70175320,0.09410737,0.00021404,1.35902727,-0.00174401,0.00154830,-0.01444315
2234,0.00491070,0.00481638,0.70323253,0.09411217,0.00021490,1.35903800,-0.00174459,0.00154757,-0.01447271
2235,0.00491068,0.00481635,0.70471478,0.09411693,0.00021575,1.35904849,-0.00174518,0.00154683,-0.01450219
2236,0.00491067,0.00481633,0.70617312,0.09412171,0.00021661,1.35905910,-0.00174576,0.00154607,-0.01453161
2237,0.00491065,0.00481630,0.70764071,0.09412646,0.00021746,1.35906959,-0.00174634,0.00154532,-0.01456095
2238,0.00491063,0.00481628,0.70911849,0.09413122,0.00021831,1.35908020,-0.00174691,0.00154460,-0.01459023
2239,0.00491061,0.00481626,0.71058965,0.09413595,0.00021917,1.35909057,-0.00174750,0.00154389,-0.01461945
2240,0.00491059,0.00481623,0.71207488,0.09414067,0.00022002,1.35910106,-0.00174808,0.00154317,-0.01464860
2241,0.00491058,0.00481621,0.71354800,0.09414539,0.00022087,1.35911155,-0.00174864,0.00154244,-0.01467767
2242,0.00491056,0.00481619,0.71500379,0.09415009,0.00022172,1.35912192,-0.00174922,0.00154168,-0.01470669
2243,0.00491054,0.00481616,0.71647251,0.09415479,0.00022258,1.35913241,-0.00174979,0.00154093,-0.01473563
2244,0.00491052,0.00481614,0.71794325,0.09415948,0.00022343,1.35914266,-0.00175038,0.00154021,-0.01476451
2245,0.00491051,0.00481612,0.71942157,0.09416414,0.00022428,1.35915303,-0.00175094,0.00153952,-0.01479333
2246,0.00491049,0.00481609,0.72089034,0.09416880,0.00022513,1.35916340,-0.00175150,0.00153882,-0.01482207
2247,0.00491047,0.00481607,0.72236860,0.09417345,0.00022598,1.35917366,-0.00175206,0.00153810,-0.01485076
2248,0.00491045,0.00481605,0.72382593,0.09417810,0.00022683,1.35918391,-0.00175264,0.00153735,-0.01487937
2249,0.00491044,0.00481603,0.72528386,0.09418272,0.00022768,1.35919416,-0.00175321,0.00153663,-0.01490792
2250,0.00491042,0.00481600,0.72675979,0.09418733,0.00022853,1.35920441,-0.00175377,0.00153592,-0.01493641
2251,0.00491040,0.00481598,0.72822392,0.09419194,0.00022938,1.35921454,-0.00175432,0.00153522,-0.01496483
2252,0.00491039,0.00481596,0.72969133,0.09419654,0.00023023,1.35922480,-0.00175488,0.00153451,-0.01499318
2253,0.00491037,0.00481594,0.73116338,0.09420113,0.00023108,1.35923493,-0.00175545,0.00153380,-0.01502147
2254,0.00491035,0.00481591,0.73262221,0.09420570,0.00023193,1.35924506,-0.00175602,0.00153308,-0.01504969
2255,0.00491034,0.00481589,0.73408282,0.09421027,0.00023278,1.35925519,-0.00175657,0.00153237,-0.01507785
2256,0.00491032,0.00481587,0.73555422,0.09421483,0.00023362,1.35926521,-0.00175712,0.00153167,-0.01510595
2257,0.00491030,0.00481585,0.73701346,0.09421936,0.00023447,1.35927534,-0.00175767,0.00153098,-0.01513397
2258,0.00491029,0.00481583,0.73848397,0.09422390,0.00023532,1.35928535,-0.00175823,0.00153027,-0.01516194
2259,0.00491027,0.00481581,0.73994315,0.09422842,0.00023616,1.35929537,-0.00175878,0.00152956,-0.01518984
2260,0.00491025,0.00481578,0.74140644,0.09423294,0.00023701,1.35930538,-0.00175933,0.00152886,-0.01521768
2261,0.00491024,0.00481576,0.74285948,0.09423744,0.00023786,1.35931540,-0.00175988,0.00152817,-0.01524545
2262,0.00491022,0.00481574,0.74432570,0.09424192,0.00023870,1.35932529,-0.00176043,0.00152749,-0.01527316
2263,0.00491021,0.00481572,0.74578565,0.09424641,0.00023955,1.35933518,-0.00176098,0.00152680,-0.01530081
2264,0.00491019,0.00481570,0.74724954,0.09425087,0.00024039,1.35934508,-0.00176153,0.00152611,-0.01532839
2265,0.00491017,0.00481568,0.74869567,0.09425532,0.00024124,1.35935497,-0.00176206,0.00152540,-0.01535591
2266,0.00491016,0.00481566,0.75014567,0.09425977,0.00024208,1.35936475,-0.00176260,0.00152470,-0.01538336
2267,0.00491014,0.00481564,0.75161570,0.09426419,0.00024292,1.35937452,-0.00176315,0.00152403,-0.01541075
2268,0.00491013,0.00481561,0.75307822,0.09426863,0.00024377,1.35938442,-0.00176368,0.00152337,-0.01543808
2269,0.00491011,0.00481559,0.75452495,0.09427304,0.00024461,1.35939419,-0.00176423,0.00152268,-0.01546533
2270,0.00491010,0.00481557,0.75597703,0.09427744,0.00024545,1.35940397,-0.00176477,0.00152199,-0.01549253
2271,0.00491008,0.00481555,0.75743592,0.09428184,0.00024629,1.35941362,-0.00176530,0.00152130,-0.01551966
2272,0.00491007,0.00481553,0.75889397,0.09428623,0.00024713,1.35942340,-0.00176583,0.00152062,-0.01554672
2273,0.00491005,0.00481551,0.76033723,0.09429061,0.00024797,1.35943305,-0.00176637,0.00151994,-0.01557372
2274,0.00491004,0.00481549,0.76179612,0.09429498,0.00024881,1.35944271,-0.00176691,0.00151928,-0.01560065
2275,0.00491002,0.00481547,0.76325059,0.09429933,0.00024965,1.35945237,-0.00176744,0.00151862,-0.01562752
2276,0.00491001,0.00481545,0.76469165,0.09430369,0.00025049,1.35946202,-0.00176796,0.00151795,-0.01565433
2277,0.00490999,0.00481543,0.76614141,0.09430803,0.00025133,1.35947156,-0.00176849,0.00151727,-0.01568107
2278,0.00490998,0.00481541,0.76758254,0.09431237,0.00025216,1.35948122,-0.00176902,0.00151658,-0.01570774
2279,0.00490996,0.00481539,0.76902759,0.09431668,0.00025300,1.35949075,-0.00176955,0.00151589,-0.01573435
2280,0.00490995,0.00481537,0.77047771,0.09432101,0.00025384,1.35950029,-0.00177008,0.00151524,-0.01576090
2281,0.00490993,0.00481535,0.77191865,0.09432531,0.00025467,1.35950994,-0.00177060,0.00151459,-0.01578739
2282,0.00490992,0.00481533,0.77336949,0.09432960,0.00025551,1.35951936,-0.00177113,0.00151393,-0.01581382
2283,0.00490990,0.00481531,0.77481073,0.09433388,0.00025634,1.35952890,-0.00177165,0.00151326,-0.01584020
2284,0.00490989,0.00481529,0.77624720,0.09433814,0.00025717,1.35953832,-0.00177217,0.00151259,-0.01586651
2285,0.00490988,0.00481527,0.77768815,0.09434239,0.00025801,1.35954762,-0.00177269,0.00151193,-0.01589276
2286,0.00490986,0.00481526,0.77913356,0.09434664,0.00025884,1.35955703,-0.00177320,0.00151129,-0.01591895
2287,0.00490985,0.00481524,0.78057551,0.09435087,0.00025967,1.35956645,-0.00177371,0.00151065,-0.01594508
2288,0.00490983,0.00481522,0.78201759,0.09435510,0.00026051,1.35957587,-0.00177423,0.00151001,-0.01597114
2289,0.00490982,0.00481520,0.78344756,0.09435931,0.00026134,1.35958517,-0.00177476,0.00150933,-0.01599715
2290,0.00490981,0.00481518,0.78488779,0.09436350,0.00026217,1.35959435,-0.00177528,0.00150866,-0.01602310
2291,0.00490979,0.00481516,0.78630614,0.09436769,0.00026300,1.35960364,-0.00177577,0.00150801,-0.01604898
2292,0.00490978,0.00481514,0.78775668,0.09437189,0.00026383,1.35961294,-0.00177626,0.00150739,-0.01607480
2293,0.00490976,0.00481512,0.78919542,0.09437606,0.00026466,1.35962224,-0.00177679,0.00150676,-0.01610055
2294,0.00490975,0.00481510,0.79061538,0.09438024,0.00026548,1.35963142,-0.00177732,0.00150610,-0.01612625
2295,0.00490974,0.00481509,0.79205573,0.09438439,0.00026631,1.35964060,-0.00177783,0.00150545,-0.01615188
2296,0.00490972,0.00481507,0.79346907,0.09438855,0.00026714,1.35964978,-0.00177831,0.00150480,-0.01617745
2297,0.00490971,0.00481505,0.79490006,0.09439269,0.00026796,1.35965896,-0.00177880,0.00150416,-0.01620296
2298,0.00490970,0.00481503,0.79633689,0.09439681,0.00026879,1.35966802,-0.00177932,0.00150353,-0.01622841
2299,0.00490968,0.00481501,0.79775435,0.09440093,0.00026961,1.35967720,-0.00177984,0.00150289,-0.01625379
2300,0.00490967,0.00481499,0.79919511,0.09440503,0.00027044,1.35968626,-0.00178034,0.00150227,-0.01627912
2301,0.00490966,0.00481498,0.80061615,0.09440913,0.00027126,1.35969543,-0.00178082,0.00150163,-0.01630438
2302,0.00490964,0.00481496,0.80202097,0.09441321,0.00027208,1.35970438,-0.00178131,0.00150099,-0.01632959
2303,0.00490963,0.00481494,0.80345613,0.09441730,0.00027290,1.35971344,-0.00178182,0.00150036,-0.01635473
2304,0.00490962,0.00481492,0.80487674,0.09442136,0.00027372,1.35972250,-0.00178233,0.00149973,-0.01637981
2305,0.00490961,0.00481491,0.80629057,0.09442543,0.00027454,1.35973144,-0.00178282,0.00149910,-0.01640484
2306,0.00490959,0.00481489,0.80771250,0.09442948,0.00027536,1.35974038,-0.00178330,0.00149848,-0.01642980
2307,0.00490958,0.00481487,0.80912572,0.09443353,0.00027618,1.35974932,-0.00178379,0.00149786,-0.01645471
2308,0.00490957,0.00481485,0.81054008,0.09443756,0.00027700,1.35975826,-0.00178429,0.00149724,-0.01647955
2309,0.00490956,0.00481484,0.81195837,0.09444159,0.00027782,1.35976720,-0.00178479,0.00149661,-0.01650434
2310,0.00490954,0.00481482,0.81336701,0.09444560,0.00027864,1.35977602,-0.00178528,0.00149598,-0.01652906
2311,0.00490953,0.00481480,0.81477302,0.09444959,0.00027945,1.35978496,-0.00178576,0.00149536,-0.01655374
2312,0.00490952,0.00481478,0.81619924,0.09445359,0.00028027,1.35979366,-0.00178625,0.00149475,-0.01657835
2313,0.00490951,0.00481477,0.81760746,0.09445756,0.00028108,1.35980260,-0.00178673,0.00149414,-0.01660290
2314,0.00490949,0.00481475,0.81900799,0.09446154,0.00028190,1.35981131,-0.00178722,0.00149352,-0.01662740
2315,0.00490948,0.00481473,0.82041764,0.09446549,0.00028271,1.35982013,-0.00178771,0.00149291,-0.01665184
2316,0.00490947,0.00481472,0.82182038,0.09446945,0.00028352,1.35982883,-0.00178819,0.00149230,-0.01667621
2317,0.00490946,0.00481470,0.82322264,0.09447339,0.00028433,1.35983753,-0.00178866,0.00149169,-0.01670053
2318,0.00490945,0.00481468,0.82463175,0.09447733,0.00028514,1.35984623,-0.00178913,0.00149109,-0.01672479
2319,0.00490943,0.00481467,0.82602978,0.09448125,0.00028595,1.35985494,-0.00178962,0.00149049,-0.01674899
2320,0.00490942,0.00481465,0.82744294,0.09448517,0.00028676,1.35986352,-0.00179010,0.00148989,-0.01677313
2321,0.00490941,0.00481463,0.82884097,0.09448908,0.00028757,1.35987222,-0.00179057,0.00148928,-0.01679721
2322,0.00490940,0.00481462,0.83022511,0.09449297,0.00028838,1.35988092,-0.00179104,0.00148866,-0.01682123
2323,0.00490939,0.00481460,0.83162624,0.09449686,0.00028918,1.35988939,-0.00179153,0.00148803,-0.01684519
2324,0.00490938,0.00481459,0.83301824,0.09450074,0.00028999,1.35989809,-0.00179200,0.00148744,-0.01686909
2325,0.00490936,0.00481457,0.83441460,0.09450461,0.00029080,1.35990655,-0.00179247,0.00148686,-0.01689294
2326,0.00490935,0.00481455,0.83581471,0.09450848,0.00029160,1.35991514,-0.00179293,0.00148629,-0.01691673
2327,0.00490934,0.00481454,0.83719653,0.09451233,0.00029240,1.35992372,-0.00179340,0.00148570,-0.01694045
2328,0.00490933,0.00481452,0.83859235,0.09451616,0.00029320,1.35993207,-0.00179388,0.00148507,-0.01696412
2329,0.00490932,0.00481451,0.83997577,0.09451999,0.00029401,1.35994053,-0.00179435,0.00148446,-0.01698774
2330,0.00490931,0.00481449,0.84136045,0.09452382,0.00029481,1.35994911,-0.00179480,0.00148389,-0.01701128
2331,0.00490930,0.00481447,0.84274638,0.09452762,0.00029561,1.35995758,-0.00179527,0.00148331,-0.01703478
2332,0.00490929,0.00481446,0.84412658,0.09453144,0.00029641,1.35996592,-0.00179575,0.00148272,-0.01705822
2333,0.00490928,0.00481444,0.84550452,0.09453523,0.00029720,1.35997427,-0.00179620,0.00148213,-0.01708160
2334,0.00490926,0.00481443,0.84688264,0.09453902,0.00029800,1.35998273,-0.00179665,0.00148154,-0.01710492
2335,0.00490925,0.00481441,0.84827149,0.09454280,0.00029880,1.35999095,-0.00179711,0.00148097,-0.01712819
2336,0.00490924,0.00481440,0.84964585,0.09454658,0.00029959,1.35999942,-0.00179758,0.00148040,-0.01715140
2337,0.00490923,0.00481438,0.85102665,0.09455033,0.00030039,1.36000776,-0.00179805,0.00147981,-0.01717456
2338,0.00490922,0.00481437,0.85239941,0.09455407,0.00030118,1.36001599,-0.00179850,0.00147922,-0.01719766
2339,0.00490921,0.00481435,0.85377133,0.09455781,0.00030198,1.36002421,-0.00179895,0.00147863,-0.01722070
2340,0.00490920,0.00481434,0.85513747,0.09456153,0.00030277,1.36003244,-0.00179939,0.00147806,-0.01724369
2341,0.00490919,0.00481432,0.85650700,0.09456525,0.00030356,1.36004066,-0.00179985,0.00147751,-0.01726662
2342,0.00490918,0.00481431,0.85788906,0.09456895,0.00030435,1.36004889,-0.00180032,0.00147695,-0.01728949
2343,0.00490917,0.00481429,0.85925788,0.09457266,0.00030514,1.36005712,-0.00180077,0.00147637,-0.01731231
2344,0.00490916,0.00481428,0.86062372,0.09457634,0.00030593,1.36006522,-0.00180121,0.00147578,-0.01733506
2345,0.00490915,0.00481426,0.86198133,0.09458002,0.00030671,1.36007333,-0.00180165,0.00147519,-0.01735776
2346,0.00490914,0.00481425,0.86334181,0.09458371,0.00030750,1.36008143,-0.00180210,0.00147463,-0.01738041
2347,0.00490913,0.00481423,0.86470211,0.09458738,0.00030829,1.36008966,-0.00180255,0.00147409,-0.01740298
2348,0.00490912,0.00481422,0.86607140,0.09459104,0.00030907,1.36009777,-0.00180301,0.00147354,-0.01742551
2349,0.00490911,0.00481420,0.86741889,0.09459469,0.00030985,1.36010575,-0.00180345,0.00147295,-0.01744798
2350,0.00490910,0.00481419,0.86876678,0.09459834,0.00031064,1.36011386,-0.00180388,0.00147238,-0.01747040
2351,0.00490909,0.00481417,0.87012249,0.09460197,0.00031142,1.36012197,-0.00180432,0.00147182,-0.01749275
2352,0.00490908,0.00481416,0.87147743,0.09460560,0.00031220,1.36012995,-0.00180478,0.00147127,-0.01751506
2353,0.00490907,0.00481415,0.87283641,0.09460921,0.00031298,1.36013794,-0.00180523,0.00147071,-0.01753732
2354,0.00490906,0.00481413,0.87418777,0.09461281,0.00031376,1.36014581,-0.00180566,0.00147015,-0.01755952
2355,0.00490905,0.00481412,0.87553412,0.09461640,0.00031454,1.36015368,-0.00180607,0.00146960,-0.01758167
2356,0.00490904,0.00481410,0.87686390,0.09461999,0.00031531,1.36016166,-0.00180651,0.00146904,-0.01760375
2357,0.00490903,0.00481409,0.87822783,0.09462357,0.00031609,1.36016953,-0.00180696,0.00146850,-0.01762578
2358,0.00490902,0.00481408,0.87956768,0.09462714,0.00031686,1.36017752,-0.00180741,0.00146795,-0.01764776
2359,0.00490901,0.00481406,0.88090754,0.09463070,0.00031764,1.36018538,-0.00180784,0.00146740,-0.01766968
2360,0.00490900,0.00481405,0.88224965,0.09463426,0.00031841,1.36019325,-0.00180826,0.00146684,-0.01769154
2361,0.00490899,0.00481404,0.88357675,0.09463780,0.00031918,1.36020100,-0.00180869,0.00146629,-0.01771335
2362,0.00490898,0.00481402,0.88491571,0.09464134,0.00031996,1.36020887,-0.00180913,0.00146575,-0.01773511
2363,0.00490897,0.00481401,0.88625145,0.09464485,0.00032073,1.36021662,-0.00180956,0.00146522,-0.01775681
2364,0.00490896,0.00481399,0.88758922,0.09464838,0.00032150,1.36022437,-0.00180998,0.00146468,-0.01777846
2365,0.00490895,0.00481398,0.88892168,0.09465188,0.00032226,1.36023223,-0.00181040,0.00146413,-0.01780006
2366,0.00490895,0.00481397,0.89024097,0.09465538,0.00032303,1.36023998,-0.00181084,0.00146357,-0.01782160
2367,0.00490894,0.00481395,0.89157110,0.09465887,0.00032380,1.36024773,-0.00181128,0.00146301,-0.01784309
2368,0.00490893,0.00481394,0.89289522,0.09466233,0.00032456,1.36025536,-0.00181171,0.00146248,-0.01786454
2369,0.00490892,0.00481393,0.89423084,0.09466580,0.00032533,1.36026299,-0.00181211,0.00146197,-0.01788593
2370,0.00490891,0.00481391,0.89555818,0.09466925,0.00032609,1.36027062,-0.00181252,0.00146145,-0.01790726
2371,0.00490890,0.00481390,0.89687896,0.09467269,0.00032685,1.36027825,-0.00181294,0.00146091,-0.01792854
2372,0.00490889,0.00481389,0.89819694,0.09467614,0.00032762,1.36028588,-0.00181338,0.00146037,-0.01794977
2373,0.00490888,0.00481388,0.89952087,0.09467957,0.00032838,1.36029339,-0.00181381,0.00145983,-0.01797094
2374,0.00490887,0.00481386,0.90081972,0.09468300,0.00032913,1.36030102,-0.00181420,0.00145930,-0.01799205
2375,0.00490887,0.00481385,0.90213102,0.09468643,0.00032989,1.36030865,-0.00181460,0.00145878,-0.01801310
2376,0.00490886,0.00481384,0.90346676,0.09468984,0.00033065,1.36031616,-0.00181504,0.00145826,-0.01803411
2377,0.00490885,0.00481382,0.90476060,0.09469325,0.00033141,1.36032367,-0.00181547,0.00145773,-0.01805506
2378,0.00490884,0.00481381,0.90607518,0.09469665,0.00033216,1.36033118,-0.00181588,0.00145719,-0.01807596
2379,0.00490883,0.00481380,0.90736389,0.09470004,0.00033291,1.36033869,-0.00181627,0.00145666,-0.01809680
2380,0.00490882,0.00481379,0.90868407,0.09470341,0.00033367,1.36034620,-0.00181667,0.00145615,-0.01811760
2381,0.00490881,0.00481377,0.90999961,0.09470679,0.00033442,1.36035359,-0.00181711,0.00145564,-0.01813834
2382,0.00490881,0.00481376,0.91128653,0.09471015,0.00033517,1.36036098,-0.00181754,0.00145513,-0.01815903
2383,0.00490880,0.00481375,0.91259038,0.09471350,0.00033592,1.36036837,-0.00181792,0.00145461,-0.01817967
2384,0.00490879,0.00481374,0.91388303,0.09471684,0.00033667,1.36037588,-0.00181830,0.00145410,-0.01820025
2385,0.00490878,0.00481372,0.91519016,0.09472018,0.00033742,1.36038327,-0.00181873,0.00145356,-0.01822079
2386,0.00490877,0.00481371,0.91647577,0.09472350,0.00033816,1.36039054,-0.00181917,0.00145303,-0.01824127
2387,0.00490877,0.00481370,0.91777265,0.09472682,0.00033891,1.36039782,-0.00181957,0.00145251,-0.01826171
2388,0.00490876,0.00481369,0.91906321,0.09473012,0.00033966,1.36040521,-0.00181993,0.00145203,-0.01828209
2389,0.00490875,0.00481368,0.92035460,0.09473342,0.00034040,1.36041248,-0.00182032,0.00145155,-0.01830242
2390,0.00490874,0.00481366,0.92164785,0.09473671,0.00034114,1.36041963,-0.00182075,0.00145104,-0.01832269
2391,0.00490873,0.00481365,0.92294168,0.09474000,0.00034188,1.36042702,-0.00182116,0.00145053,-0.01834291
2392,0.00490873,0.00481364,0.92420286,0.09474327,0.00034262,1.36043429,-0.00182156,0.00144999,-0.01836308
2393,0.00490872,0.00481363,0.92548889,0.09474654,0.00034336,1.36044145,-0.00182194,0.00144946,-0.01838320
2394,0.00490871,0.00481362,0.92677003,0.09474981,0.00034410,1.36044872,-0.00182234,0.00144896,-0.01840327
2395,0.00490870,0.00481360,0.92805606,0.09475306,0.00034484,1.36045587,-0.00182275,0.00144848,-0.01842329
2396,0.00490869,0.00481359,0.92934006,0.09475631,0.00034557,1.36046302,-0.00182315,0.00144800,-0.01844325
2397,0.00490869,0.00481358,0.93060863,0.09475953,0.00034631,1.36047018,-0.00182353,0.00144752,-0.01846316
2398,0.00490868,0.00481357,0.93186647,0.09476276,0.00034704,1.36047733,-0.00182391,0.00144700,-0.01848303
2399,0.00490867,0.00481356,0.93315065,0.09476598,0.00034778,1.36048448,-0.00182431,0.00144648,-0.01850284
2400,0.00490866,0.00481355,0.93440539,0.09476919,0.00034851,1.36049151,-0.00182471,0.00144597,-0.01852261
2401,0.00490866,0.00481354,0.93568009,0.09477238,0.00034924,1.36049855,-0.00182510,0.00144549,-0.01854232
2402,0.00490865,0.00481352,0.93695670,0.09477557,0.00034997,1.36050558,-0.00182548,0.00144502,-0.01856198
2403,0.00490864,0.00481351,0.93822008,0.09477875,0.00035070,1.36051261,-0.00182586,0.00144455,-0.01858159
2404,0.00490863,0.00481350,0.93948036,0.09478192,0.00035142,1.36051965,-0.00182625,0.00144405,-0.01860115
2405,0.00490863,0.00481349,0.94073147,0.09478509,0.00035215,1.36052668,-0.00182665,0.00144353,-0.01862065
2406,0.00490862,0.00481348,0.94197959,0.09478825,0.00035287,1.36053371,-0.00182704,0.00144304,-0.01864010
2407,0.00490861,0.00481347,0.94324726,0.09479140,0.00035360,1.36054063,-0.00182742,0.00144256,-0.01865951
2408,0.00490861,0.00481346,0.94449973,0.09479454,0.00035432,1.36054754,-0.00182779,0.00144210,-0.01867886
2409,0.00490860,0.00481345,0.94575554,0.09479769,0.00035504,1.36055446,-0.00182817,0.00144163,-0.01869817
2410,0.00490859,0.00481343,0.94700640,0.09480082,0.00035576,1.36056137,-0.00182856,0.00144113,-0.01871742
2411,0.00490858,0.00481342,0.94824731,0.09480394,0.00035648,1.36056828,-0.00182895,0.00144063,-0.01873662
2412,0.00490858,0.00481341,0.94948077,0.09480706,0.00035720,1.36057520,-0.00182932,0.00144013,-0.01875576
2413,0.00490857,0.00481340,0.95072138,0.09481017,0.00035792,1.36058199,-0.00182969,0.00143965,-0.01877487
2414,0.00490856,0.00481339,0.95196933,0.09481326,0.00035863,1.36058891,-0.00183007,0.00143920,-0.01879392
2415,0.00490856,0.00481338,0.95321774,0.09481635,0.00035935,1.36059570,-0.00183045,0.00143874,-0.01881292
2416,0.00490855,0.00481337,0.95446312,0.09481943,0.00036006,1.36060250,-0.00183083,0.00143827,-0.01883188
2417,0.00490854,0.00481336,0.95569205,0.09482250,0.00036077,1.36060929,-0.00183120,0.00143778,-0.01885079
2418,0.00490854,0.00481335,0.95692074,0.09482556,0.00036148,1.36061609,-0.00183157,0.00143728,-0.01886965
2419,0.00490853,0.00481334,0.95815146,0.09482861,0.00036219,1.36062276,-0.00183195,0.00143679,-0.01888846
2420,0.00490852,0.00481333,0.95938957,0.09483165,0.00036290,1.36062956,-0.00183231,0.00143634,-0.01890722
2421,0.00490852,0.00481332,0.96061105,0.09483470,0.00036361,1.36063623,-0.00183268,0.00143590,-0.01892593
2422,0.00490851,0.00481331,0.96183699,0.09483773,0.00036432,1.36064291,-0.00183305,0.00143545,-0.01894459
2423,0.00490850,0.00481330,0.96305752,0.09484076,0.00036502,1.36064970,-0.00183342,0.00143498,-0.01896320
2424,0.00490850,0.00481329,0.96427917,0.09484377,0.00036573,1.36065626,-0.00183380,0.00143448,-0.01898177
2425,0.00490849,0.00481328,0.96549845,0.09484678,0.00036643,1.36066294,-0.00183416,0.00143399,-0.01900029
2426,0.00490848,0.00481327,0.96670926,0.09484977,0.00036713,1.36066961,-0.00183451,0.00143354,-0.01901876
2427,0.00490848,0.00481326,0.96795112,0.09485276,0.00036784,1.36067605,-0.00183488,0.00143311,-0.01903719
2428,0.00490847,0.00481325,0.96916246,0.09485576,0.00036853,1.36068273,-0.00183524,0.00143266,-0.01905556
2429,0.00490846,0.00481324,0.97037357,0.09485873,0.00036923,1.36068940,-0.00183560,0.00143220,-0.01907388
2430,0.00490846,0.00481323,0.97157353,0.09486170,0.00036993,1.36069596,-0.00183598,0.00143172,-0.01909216
2431,0.00490845,0.00481322,0.97278756,0.09486466,0.00037063,1.36070240,-0.00183634,0.00143125,-0.01911038
2432,0.00490844,0.00481320,0.97398710,0.09486762,0.00037132,1.36070895,-0.00183668,0.00143080,-0.01912856
2433,0.00490844,0.00481320,0.97519839,0.09487057,0.00037202,1.36071551,-0.00183703,0.00143036,-0.01914669
2434,0.00490843,0.00481319,0.97640240,0.09487351,0.00037271,1.36072195,-0.00183741,0.00142990,-0.01916477
2435,0.00490843,0.00481318,0.97760874,0.09487645,0.00037340,1.36072850,-0.00183778,0.00142943,-0.01918281
2436,0.00490842,0.00481317,0.97879207,0.09487937,0.00037409,1.36073494,-0.00183813,0.00142897,-0.01920079
2437,0.00490841,0.00481316,0.97998285,0.09488229,0.00037478,1.36074138,-0.00183846,0.00142854,-0.01921874
2438,0.00490841,0.00481315,0.98118562,0.09488519,0.00037547,1.36074769,-0.00183882,0.00142811,-0.01923663
2439,0.00490840,0.00481314,0.98238093,0.09488808,0.00037616,1.36075413,-0.00183918,0.00142767,-0.01925448
2440,0.00490840,0.00481313,0.98357332,0.09489099,0.00037684,1.36076057,-0.00183954,0.00142722,-0.01927228
2441,0.00490839,0.00481312,0.98474896,0.09489387,0.00037753,1.36076701,-0.00183988,0.00142675,-0.01929003
2442,0.00490838,0.00481311,0.98594987,0.09489676,0.00037821,1.36077332,-0.00184024,0.00142629,-0.01930774
2443,0.00490838,0.00481310,0.98713398,0.09489962,0.00037889,1.36077964,-0.00184059,0.00142586,-0.01932540
2444,0.00490837,0.00481309,0.98829937,0.09490248,0.00037957,1.36078596,-0.00184094,0.00142543,-0.01934301
2445,0.00490837,0.00481308,0.98949248,0.09490532,0.00038025,1.36079228,-0.00184127,0.00142500,-0.01936058
2446,0.00490836,0.00481307,0.99067384,0.09490817,0.00038093,1.36079860,-0.00184162,0.00142455,-0.01937811
2447,0.00490835,0.00481306,0.99183929,0.09491100,0.00038161,1.36080480,-0.00184198,0.00142409,-0.01939558
2448,0.00490835,0.00481305,0.99302006,0.09491383,0.00038229,1.36081100,-0.00184232,0.00142367,-0.01941301
2449,0.00490834,0.00481304,0.99419224,0.09491666,0.00038296,1.36081731,-0.00184265,0.00142326,-0.01943040
2450,0.00490834,0.00481303,0.99537444,0.09491947,0.00038364,1.36082351,-0.00184300,0.00142283,-0.01944773
2451,0.00490833,0.00481303,0.99652886,0.09492227,0.00038431,1.36082971,-0.00184335,0.00142238,-0.01946502
2452,0.00490833,0.00481302,0.99770010,0.09492508,0.00038498,1.36083591,-0.00184369,0.00142192,-0.01948226
2453,0.00490832,0.00481301,0.99885345,0.09492788,0.00038565,1.36084211,-0.00184402,0.00142147,-0.01949945
2454,0.00490832,0.00481300,1.00002754,0.09493067,0.00038632,1.36084831,-0.00184437,0.00142107,-0.01951660
2455,0.00490831,0.00481299,1.00117552,0.09493344,0.00038699,1.36085427,-0.00184471,0.00142066,-0.01953370
2456,0.00490830,0.00481298,1.00234389,0.09493621,0.00038765,1.36086047,-0.00184504,0.00142024,-0.01955076
2457,0.00490830,0.00481297,1.00348544,0.09493899,0.00038832,1.36086655,-0.00184537,0.00141980,-0.01956776
2458,0.00490829,0.00481296,1.00463355,0.09494174,0.00038898,1.36087263,-0.00184571,0.00141936,-0.01958472
2459,0.00490829,0.00481295,1.00579107,0.09494450,0.00038965,1.36087871,-0.00184605,0.00141894,-0.01960164
2460,0.00490828,0.00481295,1.00693953,0.09494726,0.00039031,1.36088479,-0.00184638,0.00141852,-0.01961851
2461,0.00490828,0.00481294,1.00809753,0.09494999,0.00039097,1.36089087,-0.00184671,0.00141810,-0.01963533
2462,0.00490827,0.00481293,1.00923121,0.09495272,0.00039163,1.36089694,-0.00184705,0.00141767,-0.01965210
2463,0.00490827,0.00481292,1.01037490,0.09495544,0.00039228,1.36090291,-0.00184739,0.00141724,-0.01966884
2464,0.00490826,0.00481291,1.01150930,0.09495816,0.00039294,1.36090899,-0.00184771,0.00141683,-0.01968553
2465,0.00490826,0.00481290,1.01265824,0.09496086,0.00039360,1.36091495,-0.00184804,0.00141643,-0.01970218
2466,0.00490825,0.00481289,1.01379538,0.09496357,0.00039425,1.36092091,-0.00184836,0.00141601,-0.01971879
2467,0.00490825,0.00481289,1.01492667,0.09496625,0.00039491,1.36092675,-0.00184870,0.00141559,-0.01973535
2468,0.00490824,0.00481288,1.01604545,0.09496893,0.00039556,1.36093271,-0.00184902,0.00141516,-0.01975188
2469,0.00490824,0.00481287,1.01718044,0.09497159,0.00039621,1.36093855,-0.00184934,0.00141476,-0.01976835
2470,0.00490823,0.00481286,1.01831579,0.09497426,0.00039686,1.36094451,-0.00184966,0.00141436,-0.01978479
2471,0.00490823,0.00481285,1.01944256,0.09497692,0.00039751,1.36095035,-0.00185000,0.00141395,-0.01980118
2472,0.00490822,0.00481284,1.02057779,0.09497956,0.00039816,1.36095619,-0.00185032,0.00141353,-0.01981752
2473,0.00490822,0.00481284,1.02168584,0.09498221,0.00039880,1.36096203,-0.00185063,0.00141312,-0.01983381
2474,0.00490821,0.00481283,1.02280939,0.09498485,0.00039945,1.36096787,-0.00185095,0.00141272,-0.01985006
2475,0.00490821,0.00481282,1.02392256,0.09498748,0.00040009,1.36097360,-0.00185128,0.00141231,-0.01986627
2476,0.00490820,0.00481281,1.02504528,0.09499010,0.00040073,1.36097944,-0.00185160,0.00141190,-0.01988243
2477,0.00490820,0.00481280,1.02616751,0.09499273,0.00040137,1.36098516,-0.00185191,0.00141150,-0.01989854
2478,0.00490819,0.00481280,1.02726424,0.09499536,0.00040201,1.36099112,-0.00185222,0.00141110,-0.01991460
2479,0.00490819,0.00481279,1.02837729,0.09499797,0.00040265,1.36099684,-0.00185256,0.00141070,-0.01993061
2480,0.00490818,0.00481278,1.02947724,0.09500058,0.00040329,1.36100256,-0.00185288,0.00141029,-0.01994659
2481,0.00490818,0.00481277,1.03058589,0.09500317,0.00040392,1.36100829,-0.00185319,0.00140988,-0.01996252
2482,0.00490817,0.00481276,1.03169346,0.09500576,0.00040456,1.36101401,-0.00185349,0.00140949,-0.01997842
2483,0.00490817,0.00481276,1.03278255,0.09500835,0.00040519,1.36101973,-0.00185381,0.00140910,-0.01999426
2484,0.00490816,0.00481275,1.03388166,0.09501092,0.00040583,1.36102545,-0.00185414,0.00140871,-0.02001007
2485,0.00490816,0.00481274,1.03498173,0.09501349,0.00040646,1.36103106,-0.00185446,0.00140831,-0.02002584
2486,0.00490816,0.00481273,1.03606296,0.09501605,0.00040709,1.36103678,-0.00185475,0.00140790,-0.02004157
2487,0.00490815,0.00481272,1.03715897,0.09501858,0.00040772,1.36104238,-0.00185505,0.00140749,-0.02005726
2488,0.00490815,0.00481272,1.03826046,0.09502112,0.00040834,1.36104798,-0.00185538,0.00140710,-0.02007291
2489,0.00490814,0.00481271,1.03933990,0.09502364,0.00040897,1.36105347,-0.00185569,0.00140673,-0.02008853
2490,0.00490814,0.00481270,1.04044998,0.09502615,0.00040960,1.36105907,-0.00185598,0.00140637,-0.02010409
2491,0.00490813,0.00481269,1.04152358,0.09502867,0.00041022,1.36106467,-0.00185628,0.00140598,-0.02011961
2492,0.00490813,0.00481269,1.04261255,0.09503119,0.00041084,1.36107016,-0.00185660,0.00140558,-0.02013509
2493,0.00490812,0.00481268,1.04366958,0.09503368,0.00041147,1.36107564,-0.00185692,0.00140516,-0.02015052
2494,0.00490812,0.00481267,1.04475319,0.09503619,0.00041209,1.36108112,-0.00185720,0.00140478,-0.02016591
2495,0.00490812,0.00481266,1.04582620,0.09503868,0.00041271,1.36108661,-0.00185749,0.00140442,-0.02018124
2496,0.00490811,0.00481266,1.04690433,0.09504119,0.00041332,1.36109233,-0.00185780,0.00140407,-0.02019653
2497,0.00490811,0.00481265,1.04798400,0.09504367,0.00041394,1.36109769,-0.00185814,0.00140368,-0.02021179
2498,0.00490810,0.00481264,1.04903984,0.09504615,0.00041455,1.36110318,-0.00185843,0.00140325,-0.02022700
2499,0.00490810,0.00481264,1.05010366,0.09504863,0.00041517,1.36110866,-0.00185870,0.00140284,-0.02024217
2500,0.00490809,0.00481263,1.05116391,0.09505109,0.00041578,1.36111414,-0.00185900,0.00140247,-0.02025730
2501,0.00490809,0.00481262,1.05224979,0.09505355,0.00041639,1.36111951,-0.00185933,0.00140212,-0.02027239
2502,0.00490809,0.00481261,1.05331373,0.09505600,0.00041700,1.36112487,-0.00185963,0.00140176,-0.02028743
2503,0.00490808,0.00481261,1.05436730,0.09505844,0.00041761,1.36113036,-0.00185990,0.00140138,-0.02030244
2504,0.00490808,0.00481260,1.05539846,0.09506086,0.00041822,1.36113572,-0.00186019,0.00140099,-0.02031740
2505,0.00490807,0.00481259,1.05646229,0.09506329,0.00041883,1.36114097,-0.00186051,0.00140060,-0.02033233
2506,0.00490807,0.00481259,1.05751157,0.09506571,0.00041943,1.36114633,-0.00186081,0.00140024,-0.02034721
2507,0.00490807,0.00481258,1.05857575,0.09506813,0.00042004,1.36115170,-0.00186109,0.00139990,-0.02036205
2508,0.00490806,0.00481257,1.05962276,0.09507053,0.00042064,1.36115706,-0.00186137,0.00139954,-0.02037686
2509,0.00490806,0.00481256,1.06067324,0.09507294,0.00042124,1.36116230,-0.00186168,0.00139914,-0.02039162
2510,0.00490805,0.00481256,1.06169021,0.09507533,0.00042184,1.36116767,-0.00186198,0.00139873,-0.02040634
2511,0.00490805,0.00481255,1.06273329,0.09507772,0.00042244,1.36117291,-0.00186226,0.00139835,-0.02042102
2512,0.00490805,0.00481254,1.06377101,0.09508009,0.00042304,1.36117816,-0.00186254,0.00139803,-0.02043567
2513,0.00490804,0.00481254,1.06484044,0.09508246,0.00042364,1.36118340,-0.00186284,0.00139770,-0.02045028
2514,0.00490804,0.00481253,1.06587231,0.09508481,0.00042423,1.36118853,-0.00186314,0.00139732,-0.02046485
2515,0.00490803,0.00481252,1.06689203,0.09508716,0.00042483,1.36119378,-0.00186341,0.00139692,-0.02047937
2516,0.00490803,0.00481252,1.06790495,0.09508952,0.00042542,1.36119890,-0.00186368,0.00139655,-0.02049385
2517,0.00490803,0.00481251,1.06894851,0.09509187,0.00042601,1.36120403,-0.00186397,0.00139622,-0.02050829
2518,0.00490802,0.00481250,1.06998253,0.09509420,0.00042660,1.36120927,-0.00186427,0.00139588,-0.02052268
2519,0.00490802,0.00481250,1.07101250,0.09509654,0.00042719,1.36121440,-0.00186456,0.00139551,-0.02053704
2520,0.00490802,0.00481249,1.07202601,0.09509888,0.00042778,1.36121964,-0.00186484,0.00139512,-0.02055135
2521,0.00490801,0.00481248,1.07302928,0.09510119,0.00042837,1.36122465,-0.00186511,0.00139475,-0.02056562
2522,0.00490801,0.00481248,1.07405186,0.09510350,0.00042895,1.36122990,-0.00186538,0.00139441,-0.02057984
2523,0.00490800,0.00481247,1.07508242,0.09510582,0.00042954,1.36123490,-0.00186568,0.00139408,-0.02059404
2524,0.00490800,0.00481246,1.07609177,0.09510812,0.00043012,1.36123991,-0.00186597,0.00139373,-0.02060819
2525,0.00490800,0.00481246,1.07709527,0.09511042,0.00043070,1.36124504,-0.00186623,0.00139336,-0.02062229
2526,0.00490799,0.00481245,1.07809663,0.09511271,0.00043128,1.36125004,-0.00186650,0.00139299,-0.02063636
2527,0.00490799,0.00481244,1.07910836,0.09511501,0.00043186,1.36125517,-0.00186679,0.00139264,-0.02065039
2528,0.00490799,0.00481244,1.08012199,0.09511729,0.00043244,1.36126018,-0.00186708,0.00139230,-0.02066438
2529,0.00490798,0.00481243,1.08112228,0.09511957,0.00043302,1.36126530,-0.00186735,0.00139195,-0.02067832
2530,0.00490798,0.00481243,1.08213162,0.09512183,0.00043359,1.36127019,-0.00186762,0.00139159,-0.02069224
2531,0.00490798,0.00481242,1.08312273,0.09512410,0.00043417,1.36127532,-0.00186789,0.00139123,-0.02070611
2532,0.00490797,0.00481241,1.08410990,0.09512634,0.00043474,1.36128020,-0.00186818,0.00139087,-0.02071995
2533,0.00490797,0.00481241,1.08511496,0.09512858,0.00043531,1.36128521,-0.00186845,0.00139054,-0.02073376
2534,0.00490797,0.00481240,1.08609545,0.09513080,0.00043588,1.36128998,-0.00186871,0.00139022,-0.02074753
2535,0.00490796,0.00481239,1.08709073,0.09513303,0.00043645,1.36129498,-0.00186897,0.00138989,-0.02076125
2536,0.00490796,0.00481239,1.08807361,0.09513525,0.00043702,1.36129975,-0.00186925,0.00138954,-0.02077494
2537,0.00490796,0.00481238,1.08906901,0.09513748,0.00043759,1.36130476,-0.00186952,0.00138918,-0.02078859
2538,0.00490795,0.00481238,1.09004772,0.09513968,0.00043816,1.36130965,-0.00186979,0.00138882,-0.02080220
2539,0.00490795,0.00481237,1.09102917,0.09514189,0.00043872,1.36131454,-0.00187006,0.00138848,-0.02081577
2540,0.00490795,0.00481236,1.09200370,0.09514409,0.00043928,1.36131942,-0.00187033,0.00138815,-0.02082930
2541,0.00490794,0.00481236,1.09298992,0.09514628,0.00043985,1.36132419,-0.00187060,0.00138783,-0.02084279
2542,0.00490794,0.00481235,1.09395456,0.09514847,0.00044041,1.36132908,-0.00187086,0.00138749,-0.02085625
2543,0.00490794,0.00481235,1.09493577,0.09515064,0.00044097,1.36133373,-0.00187112,0.00138715,-0.02086967
2544,0.00490793,0.00481234,1.09591258,0.09515281,0.00044153,1.36133862,-0.00187138,0.00138683,-0.02088305
2545,0.00490793,0.00481233,1.09688294,0.09515498,0.00044208,1.36134338,-0.00187166,0.00138649,-0.02089638
2546,0.00490793,0.00481233,1.09785318,0.09515715,0.00044264,1.36134815,-0.00187193,0.00138615,-0.02090968
2547,0.00490792,0.00481232,1.09879982,0.09515932,0.00044319,1.36135304,-0.00187218,0.00138580,-0.02092293
2548,0.00490792,0.00481232,1.09976602,0.09516147,0.00044375,1.36135769,-0.00187244,0.00138546,-0.02093615
2549,0.00490792,0.00481231,1.10072219,0.09516362,0.00044430,1.36136246,-0.00187270,0.00138514,-0.02094933
2550,0.00490791,0.00481230,1.10168910,0.09516577,0.00044485,1.36136723,-0.00187297,0.00138484,-0.02096247
2551,0.00490791,0.00481230,1.10264158,0.09516791,0.00044540,1.36137187,-0.00187323,0.00138450,-0.02097558
2552,0.00490791,0.00481229,1.10359144,0.09517004,0.00044595,1.36137664,-0.00187348,0.00138416,-0.02098865
2553,0.00490791,0.00481229,1.10452998,0.09517215,0.00044650,1.36138129,-0.00187374,0.00138383,-0.02100169
2554,0.00490790,0.00481228,1.10549366,0.09517427,0.00044704,1.36138594,-0.00187400,0.00138350,-0.02101469
2555,0.00490790,0.00481228,1.10643411,0.09517636,0.00044759,1.36139059,-0.00187426,0.00138318,-0.02102766
2556,0.00490790,0.00481227,1.10738754,0.09517846,0.00044813,1.36139524,-0.00187451,0.00138286,-0.02104059
2557,0.00490789,0.00481227,1.10833883,0.09518056,0.00044868,1.36139977,-0.00187476,0.00138255,-0.02105348
2558,0.00490789,0.00481226,1.10927927,0.09518265,0.00044922,1.36140442,-0.00187502,0.00138224,-0.02106633
2559,0.00490789,0.00481225,1.11020374,0.09518473,0.00044976,1.36140907,-0.00187528,0.00138191,-0.02107915
2560,0.00490789,0.00481225,1.11114097,0.09518681,0.00045030,1.36141360,-0.00187553,0.00138156,-0.02109192
2561,0.00490788,0.00481224,1.11206925,0.09518889,0.00045083,1.36141825,-0.00187577,0.00138123,-0.02110467
2562,0.00490788,0.00481224,1.11301482,0.09519095,0.00045137,1.36142278,-0.00187603,0.00138093,-0.02111737
2563,0.00490788,0.00481223,1.11395502,0.09519301,0.00045191,1.36142731,-0.00187629,0.00138064,-0.02113004
2564,0.00490787,0.00481223,1.11488044,0.09519506,0.00045244,1.36143184,-0.00187654,0.00138032,-0.02114267
2565,0.00490787,0.00481222,1.11580122,0.09519710,0.00045297,1.36143637,-0.00187678,0.00137998,-0.02115527
2566,0.00490787,0.00481222,1.11670756,0.09519915,0.00045350,1.36144090,-0.00187703,0.00137965,-0.02116783
2567,0.00490787,0.00481221,1.11764657,0.09520119,0.00045403,1.36144531,-0.00187728,0.00137934,-0.02118035
2568,0.00490786,0.00481221,1.11855507,0.09520321,0.00045456,1.36144984,-0.00187752,0.00137904,-0.02119284
2569,0.00490786,0.00481220,1.11947966,0.09520523,0.00045509,1.36145425,-0.00187777,0.00137875,-0.02120529
2570,0.00490786,0.00481219,1.12038755,0.09520726,0.00045562,1.36145878,-0.00187801,0.00137844,-0.02121770
2571,0.00490786,0.00481219,1.12129915,0.09520926,0.00045614,1.36146319,-0.00187826,0.00137811,-0.02123008
2572,0.00490785,0.00481218,1.12221634,0.09521127,0.00045667,1.36146760,-0.00187850,0.00137779,-0.02124242
2573,0.00490785,0.00481218,1.12312996,0.09521327,0.00045719,1.36147201,-0.00187875,0.00137749,-0.02125473
2574,0.00490785,0.00481217,1.12403858,0.09521528,0.00045771,1.36147642,-0.00187899,0.00137720,-0.02126700
2575,0.00490785,0.00481217,1.12494898,0.09521727,0.00045823,1.36148083,-0.00187923,0.00137689,-0.02127923
2576,0.00490784,0.00481216,1.12585402,0.09521925,0.00045875,1.36148524,-0.00187947,0.00137658,-0.02129143
2577,0.00490784,0.00481216,1.12675047,0.09522124,0.00045927,1.36148953,-0.00187972,0.00137625,-0.02130358
2578,0.00490784,0.00481215,1.12764513,0.09522323,0.00045979,1.36149395,-0.00187995,0.00137595,-0.02131571
2579,0.00490783,0.00481215,1.12853372,0.09522519,0.00046030,1.36149836,-0.00188019,0.00137565,-0.02132779
2580,0.00490783,0.00481214,1.12943470,0.09522716,0.00046082,1.36150265,-0.00188044,0.00137535,-0.02133985
2581,0.00490783,0.00481214,1.13032627,0.09522911,0.00046133,1.36150694,-0.00188068,0.00137505,-0.02135187
2582,0.00490783,0.00481213,1.13121855,0.09523106,0.00046184,1.36151123,-0.00188090,0.00137474,-0.02136386
2583,0.00490782,0.00481213,1.13211119,0.09523301,0.00046235,1.36151552,-0.00188113,0.00137445,-0.02137581
2584,0.00490782,0.00481212,1.13299346,0.09523494,0.00046286,1.36151981,-0.00188138,0.00137415,-0.02138772
2585,0.00490782,0.00481212,1.13387191,0.09523688,0.00046337,1.36152411,-0.00188163,0.00137387,-0.02139960
2586,0.00490782,0.00481211,1.13475239,0.09523880,0.00046388,1.36152828,-0.00188185,0.00137356,-0.02141145
2587,0.00490781,0.00481211,1.13563836,0.09524072,0.00046438,1.36153257,-0.00188207,0.00137325,-0.02142327
2588,0.00490781,0.00481210,1.13650513,0.09524263,0.00046489,1.36153674,-0.00188231,0.00137296,-0.02143505
2589,0.00490781,0.00481210,1.13738763,0.09524454,0.00046539,1.36154103,-0.00188255,0.00137269,-0.02144679
2590,0.00490781,0.00481209,1.13825345,0.09524643,0.00046590,1.36154521,-0.00188278,0.00137239,-0.02145850
2591,0.00490781,0.00481209,1.13912582,0.09524833,0.00046640,1.36154926,-0.00188300,0.00137209,-0.02147019
2592,0.00490780,0.00481209,1.13999140,0.09525023,0.00046690,1.36155343,-0.00188322,0.00137179,-0.02148183
2593,0.00490780,0.00481208,1.14086902,0.09525212,0.00046740,1.36155772,-0.00188346,0.00137151,-0.02149343
2594,0.00490780,0.00481208,1.14175177,0.09525400,0.00046789,1.36156178,-0.00188371,0.00137123,-0.02150500
2595,0.00490780,0.00481207,1.14260328,0.09525587,0.00046839,1.36156595,-0.00188393,0.00137094,-0.02151653
2596,0.00490779,0.00481207,1.14346039,0.09525775,0.00046888,1.36157012,-0.00188415,0.00137065,-0.02152803
2597,0.00490779,0.00481206,1.14430714,0.09525963,0.00046938,1.36157429,-0.00188437,0.00137033,-0.02153949
2598,0.00490779,0.00481206,1.14517307,0.09526148,0.00046987,1.36157835,-0.00188461,0.00137005,-0.02155092
2599,0.00490779,0.00481205,1.14602649,0.09526334,0.00047036,1.36158252,-0.00188484,0.00136977,-0.02156232
2600,0.00490778,0.00481205,1.14688718,0.09526520,0.00047085,1.36158657,-0.00188505,0.00136950,-0.02157368
2601,0.00490778,0.00481204,1.14773321,0.09526704,0.00047134,1.36159062,-0.00188527,0.00136923,-0.02158502
2602,0.00490778,0.00481204,1.14858782,0.09526888,0.00047183,1.36159468,-0.00188551,0.00136893,-0.02159632
2603,0.00490778,0.00481203,1.14943099,0.09527072,0.00047232,1.36159873,-0.00188574,0.00136862,-0.02160759
2604,0.00490778,0.00481203,1.15026379,0.09527254,0.00047280,1.36160278,-0.00188595,0.00136833,-0.02161882
2605,0.00490777,0.00481203,1.15110981,0.09527437,0.00047329,1.36160684,-0.00188616,0.00136807,-0.02163003
2606,0.00490777,0.00481202,1.15196276,0.09527618,0.00047377,1.36161077,-0.00188640,0.00136782,-0.02164120
2607,0.00490777,0.00481202,1.15279579,0.09527799,0.00047425,1.36161482,-0.00188662,0.00136756,-0.02165234
2608,0.00490777,0.00481201,1.15362704,0.09527979,0.00047473,1.36161876,-0.00188683,0.00136724,-0.02166345
2609,0.00490777,0.00481201,1.15446639,0.09528159,0.00047521,1.36162269,-0.00188704,0.00136692,-0.02167453
2610,0.00490776,0.00481200,1.15528977,0.09528337,0.00047569,1.36162663,-0.00188726,0.00136666,-0.02168557
2611,0.00490776,0.00481200,1.15612817,0.09528516,0.00047617,1.36163056,-0.00188749,0.00136643,-0.02169657
2612,0.00490776,0.00481200,1.15696383,0.09528695,0.00047665,1.36163449,-0.00188770,0.00136619,-0.02170754
2613,0.00490776,0.00481199,1.15778935,0.09528873,0.00047712,1.36163843,-0.00188791,0.00136589,-0.02171848
2614,0.00490776,0.00481199,1.15860355,0.09529052,0.00047760,1.36164236,-0.00188813,0.00136557,-0.02172938
2615,0.00490775,0.00481198,1.15942109,0.09529230,0.00047807,1.36164629,-0.00188836,0.00136529,-0.02174024
2616,0.00490775,0.00481198,1.16025400,0.09529407,0.00047854,1.36165023,-0.00188858,0.00136503,-0.02175107
2617,0.00490775,0.00481197,1.16107118,0.09529583,0.00047901,1.36165416,-0.00188878,0.00136479,-0.02176188
2618,0.00490775,0.00481197,1.16187739,0.09529758,0.00047948,1.36165798,-0.00188899,0.00136452,-0.02177265
2619,0.00490774,0.00481197,1.16268897,0.09529933,0.00047995,1.36166179,-0.00188921,0.00136423,-0.02178339
2620,0.00490774,0.00481196,1.16350448,0.09530108,0.00048041,1.36166561,-0.00188942,0.00136395,-0.02179410
2621,0.00490774,0.00481196,1.16431081,0.09530283,0.00048088,1.36166954,-0.00188963,0.00136369,-0.02180478
2622,0.00490774,0.00481195,1.16512978,0.09530456,0.00048134,1.36167336,-0.00188984,0.00136344,-0.02181543
2623,0.00490774,0.00481195,1.16592777,0.09530628,0.00048181,1.36167717,-0.00189006,0.00136317,-0.02182605
2624,0.00490774,0.00481194,1.16674614,0.09530800,0.00048227,1.36168098,-0.00189026,0.00136291,-0.02183664
2625,0.00490773,0.00481194,1.16753066,0.09530971,0.00048273,1.36168468,-0.00189047,0.00136262,-0.02184720
2626,0.00490773,0.00481194,1.16833115,0.09531142,0.00048319,1.36168849,-0.00189067,0.00136235,-0.02185772
2627,0.00490773,0.00481193,1.16913176,0.09531313,0.00048365,1.36169231,-0.00189088,0.00136210,-0.02186822
2628,0.00490773,0.00481193,1.16993558,0.09531482,0.00048411,1.36169600,-0.00189110,0.00136185,-0.02187868
2629,0.00490773,0.00481192,1.17073631,0.09531651,0.00048456,1.36169970,-0.00189130,0.00136160,-0.02188911
2630,0.00490772,0.00481192,1.17151392,0.09531821,0.00048502,1.36170352,-0.00189149,0.00136133,-0.02189951
2631,0.00490772,0.00481192,1.17230535,0.09531988,0.00048547,1.36170721,-0.00189170,0.00136104,-0.02190988
2632,0.00490772,0.00481191,1.17308927,0.09532156,0.00048593,1.36171091,-0.00189193,0.00136078,-0.02192021
2633,0.00490772,0.00481191,1.17387438,0.09532323,0.00048638,1.36171460,-0.00189212,0.00136054,-0.02193052
2634,0.00490772,0.00481191,1.17466021,0.09532491,0.00048683,1.36171818,-0.00189231,0.00136032,-0.02194079
2635,0.00490771,0.00481190,1.17544305,0.09532657,0.00048728,1.36172187,-0.00189250,0.00136007,-0.02195103
2636,0.00490771,0.00481190,1.17622900,0.09532822,0.00048773,1.36172557,-0.00189271,0.00135980,-0.02196124
2637,0.00490771,0.00481189,1.17699993,0.09532988,0.00048817,1.36172926,-0.00189293,0.00135950,-0.02197142
2638,0.00490771,0.00481189,1.17776442,0.09533153,0.00048862,1.36173284,-0.00189314,0.00135923,-0.02198156
2639,0.00490771,0.00481189,1.17855167,0.09533319,0.00048907,1.36173654,-0.00189332,0.00135901,-0.02199167
2640,0.00490771,0.00481188,1.17932618,0.09533483,0.00048951,1.36174011,-0.00189352,0.00135880,-0.02200175
2641,0.00490770,0.00481188,1.18009472,0.09533647,0.00048995,1.36174369,-0.00189372,0.00135855,-0.02201179
2642,0.00490770,0.00481187,1.18085814,0.09533811,0.00049039,1.36174738,-0.00189392,0.00135826,-0.02202181
2643,0.00490770,0.00481187,1.18161130,0.09533975,0.00049083,1.36175096,-0.00189412,0.00135797,-0.02203180
2644,0.00490770,0.00481187,1.18238127,0.09534136,0.00049127,1.36175454,-0.00189432,0.00135772,-0.02204175
2645,0.00490770,0.00481186,1.18314457,0.09534298,0.00049171,1.36175811,-0.00189451,0.00135751,-0.02205168
2646,0.00490770,0.00481186,1.18391907,0.09534460,0.00049215,1.36176169,-0.00189470,0.00135730,-0.02206158
2647,0.00490769,0.00481186,1.18466711,0.09534620,0.00049258,1.36176527,-0.00189491,0.00135702,-0.02207146
2648,0.00490769,0.00481185,1.18542242,0.09534780,0.00049302,1.36176872,-0.00189511,0.00135673,-0.02208131
2649,0.00490769,0.00481185,1.18617272,0.09534940,0.00049345,1.36177218,-0.00189529,0.00135649,-0.02209112
2650,0.00490769,0.00481184,1.18692803,0.09535099,0.00049388,1.36177576,-0.00189547,0.00135629,-0.02210090
2651,0.00490769,0.00481184,1.18769515,0.09535257,0.00049431,1.36177921,-0.00189567,0.00135607,-0.02211066
2652,0.00490769,0.00481184,1.18844056,0.09535415,0.00049474,1.36178267,-0.00189589,0.00135580,-0.02212038
2653,0.00490768,0.00481183,1.18916690,0.09535573,0.00049517,1.36178625,-0.00189606,0.00135553,-0.02213007
2654,0.00490768,0.00481183,1.18991530,0.09535732,0.00049560,1.36178982,-0.00189624,0.00135526,-0.02213973
2655,0.00490768,0.00481183,1.19065177,0.09535889,0.00049603,1.36179316,-0.00189645,0.00135502,-0.02214936
2656,0.00490768,0.00481182,1.19139457,0.09536045,0.00049645,1.36179662,-0.00189665,0.00135482,-0.02215897
2657,0.00490768,0.00481182,1.19215274,0.09536199,0.00049688,1.36179996,-0.00189682,0.00135462,-0.02216855
2658,0.00490768,0.00481182,1.19288397,0.09536354,0.00049730,1.36180341,-0.00189699,0.00135437,-0.02217810
2659,0.00490768,0.00481181,1.19361627,0.09536508,0.00049772,1.36180687,-0.00189719,0.00135408,-0.02218761
2660,0.00490767,0.00481181,1.19433153,0.09536663,0.00049814,1.36181021,-0.00189741,0.00135381,-0.02219710
2661,0.00490767,0.00481181,1.19507098,0.09536818,0.00049856,1.36181366,-0.00189758,0.00135360,-0.02220655
2662,0.00490767,0.00481180,1.19580817,0.09536970,0.00049898,1.36181700,-0.00189774,0.00135341,-0.02221598
2663,0.00490767,0.00481180,1.19653237,0.09537123,0.00049940,1.36182034,-0.00189793,0.00135320,-0.02222537
2664,0.00490767,0.00481180,1.19725430,0.09537276,0.00049982,1.36182380,-0.00189814,0.00135295,-0.02223473
2665,0.00490767,0.00481179,1.19796681,0.09537429,0.00050023,1.36182714,-0.00189833,0.00135266,-0.02224407
2666,0.00490767,0.00481179,1.19867671,0.09537580,0.00050065,1.36183047,-0.00189850,0.00135240,-0.02225337
2667,0.00490766,0.00481179,1.19939840,0.09537731,0.00050106,1.36183381,-0.00189867,0.00135220,-0.02226266
2668,0.00490766,0.00481178,1.20013940,0.09537882,0.00050147,1.36183715,-0.00189887,0.00135202,-0.02227191
2669,0.00490766,0.00481178,1.20086420,0.09538031,0.00050188,1.36184037,-0.00189907,0.00135180,-0.02228114
2670,0.00490766,0.00481178,1.20154893,0.09538180,0.00050229,1.36184371,-0.00189923,0.00135153,-0.02229033
2671,0.00490766,0.00481177,1.20226240,0.09538329,0.00050270,1.36184692,-0.00189939,0.00135127,-0.02229950
2672,0.00490766,0.00481177,1.20296574,0.09538478,0.00050311,1.36185026,-0.00189958,0.00135104,-0.02230864
2673,0.00490766,0.00481177,1.20368409,0.09538627,0.00050352,1.36185360,-0.00189978,0.00135084,-0.02231774
2674,0.00490765,0.00481176,1.20440257,0.09538775,0.00050392,1.36185682,-0.00189997,0.00135063,-0.02232683
2675,0.00490765,0.00481176,1.20509005,0.09538922,0.00050433,1.36186004,-0.00190013,0.00135039,-0.02233588
2676,0.00490765,0.00481176,1.20578623,0.09539069,0.00050473,1.36186326,-0.00190029,0.00135014,-0.02234490
2677,0.00490765,0.00481175,1.20649004,0.09539217,0.00050513,1.36186647,-0.00190049,0.00134990,-0.02235390
2678,0.00490765,0.00481175,1.20720077,0.09539364,0.00050553,1.36186981,-0.00190068,0.00134971,-0.02236287
2679,0.00490765,0.00481175,1.20790064,0.09539509,0.00050593,1.36187303,-0.00190085,0.00134952,-0.02237181
2680,0.00490765,0.00481174,1.20860159,0.09539655,0.00050633,1.36187613,-0.00190102,0.00134928,-0.02238072
2681,0.00490764,0.00481174,1.20927203,0.09539800,0.00050673,1.36187947,-0.00190118,0.00134902,-0.02238960
2682,0.00490764,0.00481174,1.20995772,0.09539944,0.00050713,1.36188257,-0.00190138,0.00134877,-0.02239846
2683,0.00490764,0.00481173,1.21065521,0.09540087,0.00050752,1.36188579,-0.00190156,0.00134857,-0.02240730
2684,0.00490764,0.00481173,1.21134603,0.09540231,0.00050792,1.36188889,-0.00190173,0.00134838,-0.02241611
2685,0.00490764,0.00481173,1.21203434,0.09540372,0.00050831,1.36189210,-0.00190188,0.00134819,-0.02242489
2686,0.00490764,0.00481172,1.21272016,0.09540515,0.00050870,1.36189520,-0.00190207,0.00134794,-0.02243364
2687,0.00490764,0.00481172,1.21338403,0.09540656,0.00050909,1.36189818,-0.00190225,0.00134768,-0.02244237
2688,0.00490764,0.00481172,1.21407068,0.09540798,0.00050949,1.36190140,-0.00190240,0.00134748,-0.02245107
2689,0.00490764,0.00481172,1.21475375,0.09540939,0.00050987,1.36190450,-0.00190257,0.00134730,-0.02245973
2690,0.00490763,0.00481171,1.21542585,0.09541079,0.00051026,1.36190760,-0.00190276,0.00134708,-0.02246837
2691,0.00490763,0.00481171,1.21609354,0.09541219,0.00051065,1.36191070,-0.00190293,0.00134685,-0.02247698
2692,0.00490763,0.00481171,1.21675992,0.09541360,0.00051104,1.36191380,-0.00190309,0.00134662,-0.02248557
2693,0.00490763,0.00481170,1.21742725,0.09541500,0.00051142,1.36191690,-0.00190325,0.00134640,-0.02249413
2694,0.00490763,0.00481170,1.21811044,0.09541637,0.00051180,1.36192000,-0.00190344,0.00134619,-0.02250266
2695,0.00490763,0.00481170,1.21878433,0.09541775,0.00051219,1.36192298,-0.00190362,0.00134599,-0.02251117
2696,0.00490763,0.00481169,1.21943176,0.09541914,0.00051257,1.36192608,-0.00190377,0.00134578,-0.02251965
2697,0.00490763,0.00481169,1.22010231,0.09542052,0.00051295,1.36192906,-0.00190392,0.00134557,-0.02252810
2698,0.00490762,0.00481169,1.22076511,0.09542188,0.00051333,1.36193204,-0.00190410,0.00134535,-0.02253653
2699,0.00490762,0.00481169,1.22141850,0.09542324,0.00051371,1.36193502,-0.00190427,0.00134514,-0.02254493
2700,0.00490762,0.00481168,1.22206748,0.09542461,0.00051409,1.36193812,-0.00190442,0.00134493,-0.02255330
2701,0.00490762,0.00481168,1.22272217,0.09542596,0.00051446,1.36194098,-0.00190459,0.00134472,-0.02256165
2702,0.00490762,0.00481168,1.22338557,0.09542733,0.00051484,1.36194408,-0.00190476,0.00134453,-0.02256997
2703,0.00490762,0.00481167,1.22404242,0.09542868,0.00051521,1.36194706,-0.00190493,0.00134432,-0.02257826
2704,0.00490762,0.00481167,1.22469163,0.09543002,0.00051559,1.36195004,-0.00190510,0.00134409,-0.02258652
2705,0.00490762,0.00481167,1.22532248,0.09543137,0.00051596,1.36195290,-0.00190525,0.00134388,-0.02259476
2706,0.00490762,0.00481167,1.22599030,0.09543271,0.00051633,1.36195588,-0.00190540,0.00134370,-0.02260297
2707,0.00490761,0.00481166,1.22662604,0.09543405,0.00051670,1.36195886,-0.00190557,0.00134349,-0.02261115
2708,0.00490761,0.00481166,1.22726238,0.09543537,0.00051707,1.36196184,-0.00190575,0.00134328,-0.02261931
2709,0.00490761,0.00481166,1.22789729,0.09543670,0.00051744,1.36196470,-0.00190591,0.00134307,-0.02262744
2710,0.00490761,0.00481165,1.22853959,0.09543803,0.00051780,1.36196768,-0.00190605,0.00134287,-0.02263555
2711,0.00490761,0.00481165,1.22917414,0.09543934,0.00051817,1.36197054,-0.00190621,0.00134265,-0.02264363
2712,0.00490761,0.00481165,1.22981417,0.09544064,0.00051854,1.36197340,-0.00190639,0.00134245,-0.02265169
2713,0.00490761,0.00481165,1.23045957,0.09544195,0.00051890,1.36197639,-0.00190654,0.00134226,-0.02265973
2714,0.00490761,0.00481164,1.23107588,0.09544326,0.00051926,1.36197913,-0.00190669,0.00134206,-0.02266774
2715,0.00490761,0.00481164,1.23171449,0.09544455,0.00051963,1.36198199,-0.00190685,0.00134187,-0.02267572
2716,0.00490760,0.00481164,1.23234332,0.09544583,0.00051999,1.36198485,-0.00190701,0.00134167,-0.02268368
2717,0.00490760,0.00481164,1.23297799,0.09544712,0.00052035,1.36198771,-0.00190717,0.00134145,-0.02269161
2718,0.00490760,0.00481163,1.23359132,0.09544841,0.00052070,1.36199057,-0.00190732,0.00134124,-0.02269951
2719,0.00490760,0.00481163,1.23422432,0.09544970,0.00052106,1.36199331,-0.00190748,0.00134107,-0.02270739
2720,0.00490760,0.00481163,1.23484731,0.09545099,0.00052142,1.36199629,-0.00190763,0.00134090,-0.02271523
2721,0.00490760,0.00481163,1.23545492,0.09545228,0.00052177,1.36199903,-0.00190780,0.00134069,-0.02272306
2722,0.00490760,0.00481162,1.23606837,0.09545355,0.00052213,1.36200190,-0.00190795,0.00134046,-0.02273086
2723,0.00490760,0.00481162,1.23668742,0.09545482,0.00052248,1.36200476,-0.00190811,0.00134024,-0.02273863
2724,0.00490760,0.00481162,1.23728693,0.09545607,0.00052284,1.36200738,-0.00190826,0.00134005,-0.02274639
2725,0.00490760,0.00481162,1.23792088,0.09545732,0.00052319,1.36201024,-0.00190840,0.00133991,-0.02275412
2726,0.00490759,0.00481161,1.23853540,0.09545857,0.00052354,1.36201286,-0.00190856,0.00133974,-0.02276183
2727,0.00490759,0.00481161,1.23913419,0.09545983,0.00052389,1.36201572,-0.00190871,0.00133953,-0.02276951
2728,0.00490759,0.00481161,1.23972714,0.09546109,0.00052424,1.36201847,-0.00190886,0.00133928,-0.02277717
2729,0.00490759,0.00481161,1.24032772,0.09546231,0.00052458,1.36202109,-0.00190901,0.00133908,-0.02278480
2730,0.00490759,0.00481160,1.24094307,0.09546355,0.00052493,1.36202395,-0.00190915,0.00133894,-0.02279241
2731,0.00490759,0.00481160,1.24155998,0.09546478,0.00052528,1.36202669,-0.00190931,0.00133878,-0.02280000
2732,0.00490759,0.00481160,1.24216104,0.09546602,0.00052562,1.36202931,-0.00190948,0.00133857,-0.02280756
2733,0.00490759,0.00481160,1.24273777,0.09546725,0.00052597,1.36203206,-0.00190961,0.00133835,-0.02281509
2734,0.00490759,0.00481159,1.24333453,0.09546847,0.00052631,1.36203480,-0.00190974,0.00133815,-0.02282260
2735,0.00490759,0.00481159,1.24393547,0.09546968,0.00052665,1.36203742,-0.00190991,0.00133799,-0.02283009
2736,0.00490759,0.00481159,1.24455178,0.09547090,0.00052699,1.36204016,-0.00191007,0.00133783,-0.02283756
2737,0.00490758,0.00481159,1.24513352,0.09547211,0.00052733,1.36204278,-0.00191021,0.00133762,-0.02284499
2738,0.00490758,0.00481158,1.24570990,0.09547331,0.00052767,1.36204541,-0.00191034,0.00133740,-0.02285241
2739,0.00490758,0.00481158,1.24629235,0.09547451,0.00052801,1.36204803,-0.00191048,0.00133722,-0.02285980
2740,0.00490758,0.00481158,1.24689138,0.09547570,0.00052835,1.36205077,-0.00191064,0.00133706,-0.02286715
2741,0.00490758,0.00481158,1.24749351,0.09547690,0.00052868,1.36205328,-0.00191080,0.00133691,-0.02287449
2742,0.00490758,0.00481157,1.24804914,0.09547810,0.00052902,1.36205602,-0.00191092,0.00133671,-0.02288180
2743,0.00490758,0.00481157,1.24863279,0.09547929,0.00052935,1.36205864,-0.00191106,0.00133650,-0.02288909
2744,0.00490758,0.00481157,1.24920785,0.09548049,0.00052968,1.36206114,-0.00191123,0.00133630,-0.02289635
2745,0.00490758,0.00481157,1.24979389,0.09548167,0.00053001,1.36206388,-0.00191137,0.00133614,-0.02290359
2746,0.00490758,0.00481156,1.25036895,0.09548285,0.00053034,1.36206651,-0.00191149,0.00133598,-0.02291080
2747,0.00490758,0.00481156,1.25093794,0.09548403,0.00053067,1.36206913,-0.00191165,0.00133580,-0.02291800
2748,0.00490758,0.00481156,1.25151539,0.09548519,0.00053100,1.36207151,-0.00191181,0.00133560,-0.02292518
2749,0.00490757,0.00481156,1.25207186,0.09548635,0.00053133,1.36207414,-0.00191192,0.00133540,-0.02293233
2750,0.00490757,0.00481155,1.25264800,0.09548751,0.00053166,1.36207676,-0.00191204,0.00133524,-0.02293946
2751,0.00490757,0.00481155,1.25322294,0.09548867,0.00053198,1.36207926,-0.00191222,0.00133507,-0.02294657
2752,0.00490757,0.00481155,1.25380278,0.09548981,0.00053231,1.36208177,-0.00191238,0.00133490,-0.02295365
2753,0.00490757,0.00481155,1.25434077,0.09549095,0.00053263,1.36208427,-0.00191248,0.00133471,-0.02296071
2754,0.00490757,0.00481155,1.25491595,0.09549209,0.00053296,1.36208689,-0.00191260,0.00133453,-0.02296775
2755,0.00490757,0.00481154,1.25546753,0.09549324,0.00053328,1.36208940,-0.00191278,0.00133435,-0.02297476
2756,0.00490757,0.00481154,1.25603116,0.09549438,0.00053360,1.36209178,-0.00191294,0.00133418,-0.02298175
2757,0.00490757,0.00481154,1.25659049,0.09549552,0.00053392,1.36209440,-0.00191303,0.00133401,-0.02298872
2758,0.00490757,0.00481154,1.25714576,0.09549665,0.00053424,1.36209691,-0.00191315,0.00133385,-0.02299566
2759,0.00490757,0.00481153,1.25771165,0.09549777,0.00053456,1.36209941,-0.00191333,0.00133368,-0.02300258
2760,0.00490757,0.00481153,1.25826275,0.09549890,0.00053488,1.36210179,-0.00191350,0.00133349,-0.02300948
2761,0.00490757,0.00481153,1.25881290,0.09550001,0.00053519,1.36210430,-0.00191358,0.00133331,-0.02301635
2762,0.00490756,0.00481153,1.25933731,0.09550114,0.00053551,1.36210680,-0.00191370,0.00133315,-0.02302320
2763,0.00490756,0.00481153,1.25990713,0.09550225,0.00053582,1.36210918,-0.00191387,0.00133299,-0.02303003
2764,0.00490756,0.00481152,1.26045811,0.09550335,0.00053614,1.36211157,-0.00191402,0.00133281,-0.02303684
2765,0.00490756,0.00481152,1.26098955,0.09550446,0.00053645,1.36211407,-0.00191412,0.00133263,-0.02304362
2766,0.00490756,0.00481152,1.26151705,0.09550557,0.00053676,1.36211646,-0.00191424,0.00133245,-0.02305038
2767,0.00490756,0.00481152,1.26208019,0.09550667,0.00053707,1.36211896,-0.00191440,0.00133230,-0.02305711
2768,0.00490756,0.00481152,1.26262760,0.09550777,0.00053738,1.36212146,-0.00191455,0.00133215,-0.02306383
2769,0.00490756,0.00481151,1.26315367,0.09550886,0.00053769,1.36212373,-0.00191468,0.00133196,-0.02307052
2770,0.00490756,0.00481151,1.26368392,0.09550995,0.00053800,1.36212611,-0.00191477,0.00133177,-0.02307719
2771,0.00490756,0.00481151,1.26421988,0.09551103,0.00053830,1.36212850,-0.00191492,0.00133162,-0.02308384
2772,0.00490756,0.00481151,1.26474559,0.09551212,0.00053861,1.36213100,-0.00191507,0.00133147,-0.02309047
2773,0.00490756,0.00481150,1.26529229,0.09551319,0.00053892,1.36213338,-0.00191522,0.00133132,-0.02309708
2774,0.00490756,0.00481150,1.26581228,0.09551426,0.00053922,1.36213577,-0.00191532,0.00133111,-0.02310367
2775,0.00490756,0.00481150,1.26632953,0.09551533,0.00053952,1.36213791,-0.00191544,0.00133093,-0.02311024
2776,0.00490755,0.00481150,1.26687503,0.09551639,0.00053983,1.36214030,-0.00191557,0.00133080,-0.02311679
2777,0.00490755,0.00481150,1.26739347,0.09551744,0.00054013,1.36214268,-0.00191571,0.00133066,-0.02312332
2778,0.00490755,0.00481149,1.26792479,0.09551849,0.00054043,1.36214507,-0.00191585,0.00133049,-0.02312982
2779,0.00490755,0.00481149,1.26844335,0.09551954,0.00054073,1.36214733,-0.00191597,0.00133030,-0.02313630
2780,0.00490755,0.00481149,1.26896107,0.09552059,0.00054103,1.36214972,-0.00191608,0.00133012,-0.02314276
2781,0.00490755,0.00481149,1.26948309,0.09552164,0.00054133,1.36215186,-0.00191622,0.00132996,-0.02314920
2782,0.00490755,0.00481149,1.27000105,0.09552269,0.00054162,1.36215425,-0.00191634,0.00132984,-0.02315561
2783,0.00490755,0.00481148,1.27050662,0.09552374,0.00054192,1.36215651,-0.00191647,0.00132970,-0.02316200
2784,0.00490755,0.00481148,1.27102983,0.09552477,0.00054221,1.36215878,-0.00191660,0.00132953,-0.02316837
2785,0.00490755,0.00481148,1.27153444,0.09552581,0.00054251,1.36216116,-0.00191672,0.00132933,-0.02317471
2786,0.00490755,0.00481148,1.27203965,0.09552684,0.00054280,1.36216342,-0.00191686,0.00132917,-0.02318103
2787,0.00490755,0.00481148,1.27256310,0.09552787,0.00054309,1.36216569,-0.00191698,0.00132902,-0.02318734
2788,0.00490755,0.00481148,1.27307105,0.09552890,0.00054339,1.36216795,-0.00191710,0.00132889,-0.02319362
2789,0.00490755,0.00481147,1.27356207,0.09552991,0.00054368,1.36217010,-0.00191722,0.00132873,-0.02319988
2790,0.00490755,0.00481147,1.27408624,0.09553093,0.00054397,1.36217237,-0.00191734,0.00132857,-0.02320613
2791,0.00490755,0.00481147,1.27457964,0.09553194,0.00054425,1.36217463,-0.00191747,0.00132840,-0.02321234
2792,0.00490754,0.00481147,1.27508283,0.09553295,0.00054454,1.36217690,-0.00191760,0.00132824,-0.02321854
2793,0.00490754,0.00481146,1.27558863,0.09553397,0.00054483,1.36217904,-0.00191771,0.00132809,-0.02322472
2794,0.00490754,0.00481146,1.27607024,0.09553498,0.00054511,1.36218131,-0.00191782,0.00132795,-0.02323087
2795,0.00490754,0.00481146,1.27656877,0.09553598,0.00054540,1.36218357,-0.00191796,0.00132779,-0.02323700
2796,0.00490754,0.00481146,1.27707517,0.09553697,0.00054568,1.36218572,-0.00191810,0.00132762,-0.02324312
2797,0.00490754,0.00481146,1.27755415,0.09553797,0.00054597,1.36218798,-0.00191820,0.00132746,-0.02324922
2798,0.00490754,0.00481146,1.27804708,0.09553896,0.00054625,1.36219013,-0.00191832,0.00132730,-0.02325530
2799,0.00490754,0.00481145,1.27853823,0.09553993,0.00054653,1.36219215,-0.00191844,0.00132718,-0.02326136
2800,0.00490754,0.00481145,1.27904904,0.09554091,0.00054681,1.36219430,-0.00191855,0.00132707,-0.02326741
2801,0.00490754,0.00481145,1.27952862,0.09554189,0.00054709,1.36219656,-0.00191866,0.00132690,-0.02327342
2802,0.00490754,0.00481145,1.27999866,0.09554286,0.00054737,1.36219871,-0.00191880,0.00132669,-0.02327941
2803,0.00490754,0.00481145,1.28048885,0.09554385,0.00054765,1.36220086,-0.00191894,0.00132654,-0.02328539
2804,0.00490754,0.00481145,1.28097475,0.09554482,0.00054793,1.36220300,-0.00191903,0.00132641,-0.02329134
2805,0.00490754,0.00481144,1.28145742,0.09554580,0.00054821,1.36220515,-0.00191913,0.00132628,-0.02329727
2806,0.00490754,0.00481144,1.28194022,0.09554675,0.00054848,1.36220729,-0.00191927,0.00132614,-0.02330319
2807,0.00490754,0.00481144,1.28240764,0.09554771,0.00054876,1.36220944,-0.00191941,0.00132598,-0.02330909
2808,0.00490754,0.00481144,1.28288901,0.09554867,0.00054903,1.36221147,-0.00191950,0.00132582,-0.02331497
2809,0.00490754,0.00481144,1.28336966,0.09554963,0.00054930,1.36221361,-0.00191959,0.00132567,-0.02332083
2810,0.00490753,0.00481143,1.28383231,0.09555057,0.00054958,1.36221564,-0.00191973,0.00132552,-0.02332667
2811,0.00490753,0.00481143,1.28432357,0.09555151,0.00054985,1.36221778,-0.00191987,0.00132540,-0.02333248
2812,0.00490753,0.00481143,1.28479135,0.09555244,0.00055012,1.36221981,-0.00191996,0.00132527,-0.02333828
2813,0.00490753,0.00481143,1.28525436,0.09555338,0.00055039,1.36222196,-0.00192005,0.00132513,-0.02334406
2814,0.00490753,0.00481143,1.28570914,0.09555433,0.00055066,1.36222398,-0.00192018,0.00132494,-0.02334982
2815,0.00490753,0.00481143,1.28617764,0.09555527,0.00055092,1.36222601,-0.00192032,0.00132478,-0.02335556
2816,0.00490753,0.00481142,1.28664529,0.09555618,0.00055119,1.36222804,-0.00192042,0.00132467,-0.02336128
2817,0.00490753,0.00481142,1.28711653,0.09555711,0.00055146,1.36223006,-0.00192050,0.00132457,-0.02336698
2818,0.00490753,0.00481142,1.28758371,0.09555803,0.00055172,1.36223221,-0.00192063,0.00132442,-0.02337266
2819,0.00490753,0.00481142,1.28804207,0.09555895,0.00055199,1.36223423,-0.00192078,0.00132423,-0.02337832
2820,0.00490753,0.00481142,1.28848386,0.09555987,0.00055225,1.36223626,-0.00192088,0.00132406,-0.02338396
2821,0.00490753,0.00481142,1.28894961,0.09556080,0.00055252,1.36223829,-0.00192096,0.00132394,-0.02338959
2822,0.00490753,0.00481141,1.28942442,0.09556170,0.00055278,1.36224020,-0.00192108,0.00132384,-0.02339519
2823,0.00490753,0.00481141,1.28987956,0.09556260,0.00055304,1.36224222,-0.00192120,0.00132373,-0.02340077
2824,0.00490753,0.00481141,1.29032588,0.09556350,0.00055330,1.36224425,-0.00192131,0.00132357,-0.02340634
2825,0.00490753,0.00481141,1.29077339,0.09556440,0.00055356,1.36224616,-0.00192141,0.00132337,-0.02341188
2826,0.00490753,0.00481141,1.29122055,0.09556531,0.00055382,1.36224818,-0.00192151,0.00132323,-0.02341740
2827,0.00490753,0.00481141,1.29167986,0.09556621,0.00055408,1.36225021,-0.00192164,0.00132314,-0.02342289
2828,0.00490753,0.00481140,1.29213381,0.09556711,0.00055433,1.36225212,-0.00192176,0.00132303,-0.02342837
2829,0.00490753,0.00481140,1.29257607,0.09556802,0.00055459,1.36225414,-0.00192185,0.00132287,-0.02343383
2830,0.00490753,0.00481140,1.29299748,0.09556892,0.00055484,1.36225617,-0.00192195,0.00132269,-0.02343927
2831,0.00490753,0.00481140,1.29343653,0.09556980,0.00055510,1.36225808,-0.00192207,0.00132253,-0.02344470
2832,0.00490752,0.00481140,1.29389513,0.09557069,0.00055535,1.36225998,-0.00192219,0.00132244,-0.02345011
2833,0.00490752,0.00481140,1.29433417,0.09557157,0.00055560,1.36226201,-0.00192228,0.00132234,-0.02345550
2834,0.00490752,0.00481139,1.29477358,0.09557244,0.00055586,1.36226392,-0.00192238,0.00132220,-0.02346088
2835,0.00490752,0.00481139,1.29521918,0.09557331,0.00055611,1.36226583,-0.00192250,0.00132201,-0.02346624
2836,0.00490752,0.00481139,1.29563558,0.09557417,0.00055636,1.36226761,-0.00192261,0.00132185,-0.02347159
2837,0.00490752,0.00481139,1.29607940,0.09557503,0.00055661,1.36226952,-0.00192269,0.00132177,-0.02347691
2838,0.00490752,0.00481139,1.29653108,0.09557591,0.00055686,1.36227143,-0.00192278,0.00132168,-0.02348221
2839,0.00490752,0.00481139,1.29696536,0.09557677,0.00055711,1.36227334,-0.00192291,0.00132154,-0.02348750
2840,0.00490752,0.00481139,1.29738176,0.09557763,0.00055735,1.36227524,-0.00192303,0.00132136,-0.02349276
2841,0.00490752,0.00481138,1.29780412,0.09557850,0.00055760,1.36227715,-0.00192312,0.00132120,-0.02349799
2842,0.00490752,0.00481138,1.29823613,0.09557937,0.00055785,1.36227906,-0.00192321,0.00132110,-0.02350322
2843,0.00490752,0.00481138,1.29865670,0.09558021,0.00055809,1.36228096,-0.00192333,0.00132102,-0.02350842
2844,0.00490752,0.00481138,1.29909027,0.09558106,0.00055833,1.36228287,-0.00192345,0.00132088,-0.02351361
2845,0.00490752,0.00481138,1.29951131,0.09558191,0.00055858,1.36228478,-0.00192354,0.00132070,-0.02351879
2846,0.00490752,0.00481138,1.29992402,0.09558274,0.00055882,1.36228657,-0.00192363,0.00132052,-0.02352395
2847,0.00490752,0.00481137,1.30034292,0.09558357,0.00055906,1.36228836,-0.00192374,0.00132042,-0.02352910
2848,0.00490752,0.00481137,1.30078876,0.09558440,0.00055930,1.36229026,-0.00192384,0.00132037,-0.02353423
2849,0.00490752,0.00481137,1.30120456,0.09558521,0.00055955,1.36229205,-0.00192395,0.00132026,-0.02353935
2850,0.00490752,0.00481137,1.30162859,0.09558602,0.00055979,1.36229372,-0.00192404,0.00132008,-0.02354445
2851,0.00490752,0.00481137,1.30201936,0.09558683,0.00056002,1.36229551,-0.00192412,0.00131991,-0.02354953
2852,0.00490752,0.00481137,1.30243504,0.09558766,0.00056026,1.36229730,-0.00192422,0.00131982,-0.02355458
2853,0.00490752,0.00481137,1.30286634,0.09558849,0.00056050,1.36229920,-0.00192433,0.00131974,-0.02355960
2854,0.00490751,0.00481137,1.30327594,0.09558932,0.00056074,1.36230111,-0.00192445,0.00131960,-0.02356461
2855,0.00490751,0.00481136,1.30367029,0.09559013,0.00056097,1.36230290,-0.00192455,0.00131942,-0.02356960
2856,0.00490751,0.00481136,1.30407989,0.09559094,0.00056121,1.36230469,-0.00192464,0.00131929,-0.02357458
2857,0.00490751,0.00481136,1.30449402,0.09559175,0.00056144,1.36230648,-0.00192473,0.00131919,-0.02357954
2858,0.00490751,0.00481136,1.30490339,0.09559256,0.00056167,1.36230814,-0.00192484,0.00131910,-0.02358449
2859,0.00490751,0.00481136,1.30530369,0.09559337,0.00056191,1.36230993,-0.00192492,0.00131898,-0.02358941
2860,0.00490751,0.00481136,1.30570912,0.09559417,0.00056214,1.36231172,-0.00192502,0.00131882,-0.02359432
2861,0.00490751,0.00481136,1.30610156,0.09559496,0.00056237,1.36231339,-0.00192512,0.00131868,-0.02359921
2862,0.00490751,0.00481135,1.30651343,0.09559575,0.00056260,1.36231530,-0.00192522,0.00131857,-0.02360408
2863,0.00490751,0.00481135,1.30690801,0.09559654,0.00056283,1.36231697,-0.00192532,0.00131846,-0.02360893
2864,0.00490751,0.00481135,1.30730164,0.09559733,0.00056306,1.36231875,-0.00192541,0.00131835,-0.02361377
2865,0.00490751,0.00481135,1.30771458,0.09559812,0.00056328,1.36232042,-0.00192551,0.00131823,-0.02361859
2866,0.00490751,0.00481135,1.30810356,0.09559892,0.00056351,1.36232221,-0.00192560,0.00131810,-0.02362340
2867,0.00490751,0.00481135,1.30849671,0.09559970,0.00056374,1.36232388,-0.00192570,0.00131796,-0.02362819
2868,0.00490751,0.00481135,1.30888772,0.09560047,0.00056396,1.36232555,-0.00192579,0.00131783,-0.02363296
2869,0.00490751,0.00481134,1.30927849,0.09560125,0.00056419,1.36232734,-0.00192587,0.00131772,-0.02363771
2870,0.00490751,0.00481134,1.30967462,0.09560201,0.00056441,1.36232901,-0.00192598,0.00131762,-0.02364245
2871,0.00490751,0.00481134,1.31005061,0.09560279,0.00056463,1.36233079,-0.00192608,0.00131752,-0.02364716
2872,0.00490751,0.00481134,1.31044102,0.09560355,0.00056486,1.36233234,-0.00192617,0.00131739,-0.02365187
2873,0.00490751,0.00481134,1.31083071,0.09560430,0.00056508,1.36233401,-0.00192625,0.00131726,-0.02365656
2874,0.00490751,0.00481134,1.31120312,0.09560506,0.00056530,1.36233568,-0.00192634,0.00131715,-0.02366124
2875,0.00490751,0.00481134,1.31160057,0.09560581,0.00056552,1.36233747,-0.00192645,0.00131704,-0.02366589
2876,0.00490751,0.00481134,1.31197417,0.09560657,0.00056574,1.36233914,-0.00192654,0.00131692,-0.02367053
2877,0.00490751,0.00481133,1.31236470,0.09560733,0.00056596,1.36234069,-0.00192663,0.00131680,-0.02367515
2878,0.00490751,0.00481133,1.31273484,0.09560808,0.00056618,1.36234236,-0.00192670,0.00131669,-0.02367976
2879,0.00490751,0.00481133,1.31311274,0.09560884,0.00056639,1.36234403,-0.00192680,0.00131658,-0.02368435
2880,0.00490751,0.00481133,1.31350899,0.09560958,0.00056661,1.36234570,-0.00192691,0.00131646,-0.02368893
2881,0.00490751,0.00481133,1.31387472,0.09561031,0.00056683,1.36234736,-0.00192699,0.00131632,-0.02369348
2882,0.00490751,0.00481133,1.31424725,0.09561104,0.00056704,1.36234891,-0.00192707,0.00131622,-0.02369802
2883,0.00490751,0.00481133,1.31463695,0.09561178,0.00056726,1.36235058,-0.00192716,0.00131614,-0.02370255
2884,0.00490751,0.00481133,1.31501162,0.09561252,0.00056747,1.36235213,-0.00192726,0.00131602,-0.02370705
2885,0.00490751,0.00481132,1.31535220,0.09561326,0.00056768,1.36235368,-0.00192734,0.00131588,-0.02371154
2886,0.00490750,0.00481132,1.31572032,0.09561399,0.00056790,1.36235547,-0.00192741,0.00131576,-0.02371601
2887,0.00490750,0.00481132,1.31610036,0.09561473,0.00056811,1.36235702,-0.00192753,0.00131565,-0.02372047
2888,0.00490750,0.00481132,1.31646597,0.09561545,0.00056832,1.36235857,-0.00192762,0.00131556,-0.02372491
2889,0.00490750,0.00481132,1.31683850,0.09561617,0.00056853,1.36236012,-0.00192768,0.00131546,-0.02372934
2890,0.00490750,0.00481132,1.31720734,0.09561689,0.00056874,1.36236179,-0.00192776,0.00131533,-0.02373375
2891,0.00490750,0.00481132,1.31756115,0.09561761,0.00056895,1.36236346,-0.00192788,0.00131519,-0.02373814
2892,0.00490750,0.00481132,1.31791866,0.09561833,0.00056915,1.36236501,-0.00192799,0.00131508,-0.02374252
2893,0.00490750,0.00481131,1.31829226,0.09561903,0.00056936,1.36236644,-0.00192804,0.00131500,-0.02374689
2894,0.00490750,0.00481131,1.31864560,0.09561973,0.00056957,1.36236799,-0.00192809,0.00131493,-0.02375125
2895,0.00490750,0.00481131,1.31900406,0.09562043,0.00056977,1.36236966,-0.00192821,0.00131481,-0.02375558
2896,0.00490750,0.00481131,1.31936014,0.09562113,0.00056998,1.36237109,-0.00192834,0.00131466,-0.02375990
2897,0.00490750,0.00481131,1.31970394,0.09562183,0.00057018,1.36237264,-0.00192838,0.00131454,-0.02376421
2898,0.00490750,0.00481131,1.32006693,0.09562253,0.00057039,1.36237419,-0.00192843,0.00131447,-0.02376849
2899,0.00490750,0.00481131,1.32043183,0.09562323,0.00057059,1.36237586,-0.00192855,0.00131438,-0.02377276
2900,0.00490750,0.00481131,1.32079017,0.09562393,0.00057079,1.36237729,-0.00192869,0.00131424,-0.02377702
2901,0.00490750,0.00481130,1.32113349,0.09562461,0.00057100,1.36237884,-0.00192873,0.00131411,-0.02378127
2902,0.00490750,0.00481130,1.32148004,0.09562530,0.00057120,1.36238027,-0.00192876,0.00131401,-0.02378550
2903,0.00490750,0.00481130,1.32182574,0.09562597,0.00057140,1.36238182,-0.00192888,0.00131395,-0.02378971
2904,0.00490750,0.00481130,1.32220304,0.09562666,0.00057160,1.36238337,-0.00192901,0.00131387,-0.02379390
2905,0.00490750,0.00481130,1.32251728,0.09562734,0.00057180,1.36238480,-0.00192906,0.00131372,-0.02379808
2906,0.00490750,0.00481130,1.32285726,0.09562802,0.00057199,1.36238623,-0.00192910,0.00131357,-0.02380224
2907,0.00490750,0.00481130,1.32319856,0.09562870,0.00057219,1.36238790,-0.00192919,0.00131350,-0.02380638
2908,0.00490750,0.00481130,1.32357979,0.09562939,0.00057239,1.36238933,-0.00192934,0.00131342,-0.02381051
2909,0.00490750,0.00481130,1.32390940,0.09563006,0.00057258,1.36239076,-0.00192941,0.00131331,-0.02381463
2910,0.00490750,0.00481129,1.32423139,0.09563075,0.00057278,1.36239231,-0.00192943,0.00131319,-0.02381873
2911,0.00490750,0.00481129,1.32456565,0.09563141,0.00057297,1.36239386,-0.00192952,0.00131306,-0.02382281
2912,0.00490750,0.00481129,1.32491219,0.09563208,0.00057317,1.36239529,-0.00192967,0.00131296,-0.02382689
2913,0.00490750,0.00481129,1.32524586,0.09563274,0.00057336,1.36239672,-0.00192974,0.00131288,-0.02383096
2914,0.00490750,0.00481129,1.32558882,0.09563339,0.00057356,1.36239815,-0.00192976,0.00131282,-0.02383501
2915,0.00490750,0.00481129,1.32591856,0.09563403,0.00057375,1.36239958,-0.00192984,0.00131270,-0.02383906
2916,0.00490750,0.00481129,1.32626092,0.09563468,0.00057394,1.36240101,-0.00192997,0.00131257,-0.02384309
2917,0.00490750,0.00481129,1.32659483,0.09563532,0.00057413,1.36240232,-0.00193005,0.00131246,-0.02384710
2918,0.00490750,0.00481129,1.32692504,0.09563597,0.00057432,1.36240387,-0.00193006,0.00131240,-0.02385109
2919,0.00490750,0.00481128,1.32724404,0.09563661,0.00057451,1.36240518,-0.00193016,0.00131231,-0.02385507
2920,0.00490750,0.00481128,1.32759464,0.09563725,0.00057470,1.36240661,-0.00193028,0.00131220,-0.02385903
2921,0.00490750,0.00481128,1.32792509,0.09563790,0.00057489,1.36240816,-0.00193035,0.00131209,-0.02386297
2922,0.00490750,0.00481128,1.32823312,0.09563854,0.00057508,1.36240947,-0.00193040,0.00131197,-0.02386689
2923,0.00490750,0.00481128,1.32855225,0.09563919,0.00057526,1.36241090,-0.00193048,0.00131189,-0.02387080
2924,0.00490750,0.00481128,1.32889557,0.09563984,0.00057545,1.36241233,-0.00193059,0.00131181,-0.02387469
2925,0.00490749,0.00481128,1.32920837,0.09564048,0.00057563,1.36241376,-0.00193066,0.00131170,-0.02387857
2926,0.00490749,0.00481128,1.32951951,0.09564113,0.00057582,1.36241519,-0.00193072,0.00131159,-0.02388243
2927,0.00490749,0.00481128,1.32984352,0.09564175,0.00057600,1.36241651,-0.00193080,0.00131149,-0.02388629
2928,0.00490749,0.00481128,1.33016145,0.09564238,0.00057619,1.36241794,-0.00193088,0.00131141,-0.02389013
2929,0.00490749,0.00481127,1.33049870,0.09564301,0.00057637,1.36241937,-0.00193096,0.00131132,-0.02389397
2930,0.00490749,0.00481127,1.33081615,0.09564363,0.00057655,1.36242068,-0.00193104,0.00131122,-0.02389779
2931,0.00490749,0.00481127,1.33112764,0.09564424,0.00057673,1.36242211,-0.00193109,0.00131112,-0.02390159
2932,0.00490749,0.00481127,1.33143151,0.09564485,0.00057692,1.36242342,-0.00193118,0.00131101,-0.02390539
2933,0.00490749,0.00481127,1.33175135,0.09564546,0.00057710,1.36242473,-0.00193126,0.00131092,-0.02390918
2934,0.00490749,0.00481127,1.33206499,0.09564607,0.00057728,1.36242604,-0.00193133,0.00131083,-0.02391295
2935,0.00490749,0.00481127,1.33238018,0.09564668,0.00057746,1.36242735,-0.00193139,0.00131075,-0.02391670
2936,0.00490749,0.00481127,1.33270824,0.09564728,0.00057764,1.36242867,-0.00193146,0.00131067,-0.02392044
2937,0.00490749,0.00481127,1.33300745,0.09564789,0.00057781,1.36243010,-0.00193155,0.00131058,-0.02392416
2938,0.00490749,0.00481127,1.33332002,0.09564850,0.00057799,1.36243141,-0.00193164,0.00131045,-0.02392786
2939,0.00490749,0.00481127,1.33360791,0.09564911,0.00057817,1.36243272,-0.00193169,0.00131033,-0.02393155
2940,0.00490749,0.00481126,1.33392751,0.09564972,0.00057834,1.36243415,-0.00193175,0.00131026,-0.02393523
2941,0.00490749,0.00481126,1.33424163,0.09565031,0.00057852,1.36243534,-0.00193185,0.00131020,-0.02393889
2942,0.00490749,0.00481126,1.33453667,0.09565090,0.00057869,1.36243665,-0.00193193,0.00131011,-0.02394254
2943,0.00490749,0.00481126,1.33484364,0.09565149,0.00057887,1.36243796,-0.00193197,0.00131000,-0.02394617
2944,0.00490749,0.00481126,1.33514166,0.09565207,0.00057904,1.36243927,-0.00193204,0.00130991,-0.02394979
2945,0.00490749,0.00481126,1.33545220,0.09565267,0.00057921,1.36244071,-0.00193214,0.00130982,-0.02395339
2946,0.00490749,0.00481126,1.33575022,0.09565326,0.00057939,1.36244190,-0.00193222,0.00130973,-0.02395698
2947,0.00490749,0.00481126,1.33603966,0.09565385,0.00057956,1.36244321,-0.00193226,0.00130963,-0.02396056
2948,0.00490749,0.00481126,1.33633256,0.09565444,0.00057973,1.36244452,-0.00193232,0.00130954,-0.02396413
2949,0.00490749,0.00481126,1.33664858,0.09565501,0.00057990,1.36244571,-0.00193243,0.00130947,-0.02396769
2950,0.00490749,0.00481125,1.33694613,0.09565558,0.00058007,1.36244702,-0.00193249,0.00130939,-0.02397124
2951,0.00490749,0.00481125,1.33721220,0.09565615,0.00058024,1.36244833,-0.00193253,0.00130928,-0.02397477
2952,0.00490749,0.00481125,1.33750892,0.09565672,0.00058041,1.36244953,-0.00193262,0.00130918,-0.02397829
2953,0.00490749,0.00481125,1.33782136,0.09565730,0.00058058,1.36245084,-0.00193270,0.00130911,-0.02398180
2954,0.00490749,0.00481125,1.33811879,0.09565786,0.00058074,1.36245203,-0.00193277,0.00130903,-0.02398530
2955,0.00490749,0.00481125,1.33838844,0.09565844,0.00058091,1.36245322,-0.00193281,0.00130893,-0.02398878
2956,0.00490749,0.00481125,1.33868504,0.09565901,0.00058108,1.36245465,-0.00193288,0.00130885,-0.02399225
2957,0.00490749,0.00481125,1.33897686,0.09565956,0.00058124,1.36245573,-0.00193299,0.00130875,-0.02399570
2958,0.00490749,0.00481125,1.33927202,0.09566011,0.00058141,1.36245692,-0.00193304,0.00130868,-0.02399915
2959,0.00490749,0.00481125,1.33954251,0.09566066,0.00058157,1.36245823,-0.00193307,0.00130860,-0.02400257
2960,0.00490749,0.00481125,1.33983111,0.09566122,0.00058174,1.36245942,-0.00193316,0.00130851,-0.02400598
2961,0.00490749,0.00481124,1.34013426,0.09566177,0.00058190,1.36246073,-0.00193326,0.00130842,-0.02400938
2962,0.00490749,0.00481124,1.34040463,0.09566233,0.00058206,1.36246192,-0.00193331,0.00130831,-0.02401277
2963,0.00490749,0.00481124,1.34067500,0.09566288,0.00058222,1.36246300,-0.00193335,0.00130822,-0.02401615
2964,0.00490749,0.00481124,1.34096634,0.09566344,0.00058239,1.36246431,-0.00193341,0.00130818,-0.02401950
2965,0.00490749,0.00481124,1.34125030,0.09566399,0.00058255,1.36246550,-0.00193352,0.00130811,-0.02402285
2966,0.00490749,0.00481124,1.34152710,0.09566454,0.00058271,1.36246681,-0.00193359,0.00130802,-0.02402618
2967,0.00490749,0.00481124,1.34179342,0.09566507,0.00058287,1.36246789,-0.00193363,0.00130789,-0.02402950
2968,0.00490749,0.00481124,1.34207451,0.09566561,0.00058303,1.36246908,-0.00193368,0.00130780,-0.02403282
2969,0.00490749,0.00481124,1.34236002,0.09566614,0.00058318,1.36247027,-0.00193377,0.00130775,-0.02403612
2970,0.00490749,0.00481124,1.34265542,0.09566668,0.00058334,1.36247146,-0.00193384,0.00130771,-0.02403940
2971,0.00490749,0.00481124,1.34290504,0.09566721,0.00058350,1.36247265,-0.00193389,0.00130761,-0.02404267
2972,0.00490749,0.00481123,1.34317279,0.09566775,0.00058366,1.36247385,-0.00193394,0.00130747,-0.02404593
2973,0.00490749,0.00481123,1.34344959,0.09566828,0.00058381,1.36247504,-0.00193403,0.00130737,-0.02404918
2974,0.00490749,0.00481123,1.34372544,0.09566882,0.00058397,1.36247623,-0.00193411,0.00130734,-0.02405242
2975,0.00490749,0.00481123,1.34400463,0.09566933,0.00058412,1.36247730,-0.00193415,0.00130730,-0.02405565
2976,0.00490749,0.00481123,1.34426308,0.09566985,0.00058428,1.36247849,-0.00193419,0.00130720,-0.02405887
2977,0.00490749,0.00481123,1.34454048,0.09567036,0.00058443,1.36247957,-0.00193429,0.00130707,-0.02406208
2978,0.00490749,0.00481123,1.34479415,0.09567088,0.00058459,1.36248076,-0.00193435,0.00130698,-0.02406527
2979,0.00490749,0.00481123,1.34505534,0.09567140,0.00058474,1.36248183,-0.00193440,0.00130694,-0.02406846
2980,0.00490749,0.00481123,1.34534311,0.09567191,0.00058489,1.36248302,-0.00193445,0.00130690,-0.02407162
2981,0.00490749,0.00481123,1.34560299,0.09567243,0.00058505,1.36248410,-0.00193453,0.00130681,-0.02407478
2982,0.00490748,0.00481123,1.34585536,0.09567294,0.00058520,1.36248517,-0.00193460,0.00130668,-0.02407792
2983,0.00490748,0.00481123,1.34610367,0.09567346,0.00058535,1.36248636,-0.00193464,0.00130659,-0.02408104
2984,0.00490748,0.00481122,1.34637427,0.09567398,0.00058550,1.36248755,-0.00193470,0.00130654,-0.02408415
2985,0.00490748,0.00481122,1.34665048,0.09567449,0.00058565,1.36248875,-0.00193479,0.00130650,-0.02408726
2986,0.00490748,0.00481122,1.34690690,0.09567499,0.00058580,1.36248970,-0.00193485,0.00130641,-0.02409036
2987,0.00490748,0.00481122,1.34714997,0.09567549,0.00058594,1.36249089,-0.00193487,0.00130629,-0.02409344
2988,0.00490748,0.00481122,1.34740496,0.09567599,0.00058609,1.36249197,-0.00193495,0.00130619,-0.02409652
2989,0.00490748,0.00481122,1.34768748,0.09567649,0.00058624,1.36249316,-0.00193505,0.00130616,-0.02409958
2990,0.00490748,0.00481122,1.34794438,0.09567698,0.00058639,1.36249411,-0.00193510,0.00130610,-0.02410264
2991,0.00490748,0.00481122,1.34820104,0.09567748,0.00058653,1.36249530,-0.00193511,0.00130601,-0.02410568
2992,0.00490748,0.00481122,1.34843588,0.09567798,0.00058668,1.36249638,-0.00193519,0.00130590,-0.02410870
2993,0.00490748,0.00481122,1.34869897,0.09567846,0.00058683,1.36249733,-0.00193529,0.00130583,-0.02411172
2994,0.00490748,0.00481122,1.34894717,0.09567896,0.00058697,1.36249852,-0.00193531,0.00130580,-0.02411473
2995,0.00490748,0.00481122,1.34919918,0.09567943,0.00058712,1.36249948,-0.00193535,0.00130573,-0.02411772
2996,0.00490748,0.00481122,1.34946966,0.09567992,0.00058726,1.36250067,-0.00193543,0.00130565,-0.02412070
2997,0.00490748,0.00481122,1.34970737,0.09568039,0.00058740,1.36250162,-0.00193552,0.00130554,-0.02412367
2998,0.00490748,0.00481121,1.34993637,0.09568087,0.00058754,1.36250269,-0.00193554,0.00130545,-0.02412662
2999,0.00490748,0.00481121,1.35020363,0.09568135,0.00058769,1.36250377,-0.00193559,0.00130540,-0.02412956
3000,0.00490748,0.00481121,1.35044754,0.09568183,0.00058783,1.36250484,-0.00193567,0.00130535,-0.02413248
3001,0.00490748,0.00481121,1.35068786,0.09568232,0.00058797,1.36250591,-0.00193575,0.00130528,-0.02413540
3002,0.00490748,0.00481121,1.35092580,0.09568279,0.00058811,1.36250699,-0.00193578,0.00130519,-0.02413830
3003,0.00490748,0.00481121,1.35118079,0.09568327,0.00058825,1.36250794,-0.00193582,0.00130510,-0.02414120
3004,0.00490748,0.00481121,1.35142076,0.09568375,0.00058839,1.36250913,-0.00193591,0.00130503,-0.02414408
3005,0.00490748,0.00481121,1.35167432,0.09568423,0.00058853,1.36251009,-0.00193599,0.00130497,-0.02414695
3006,0.00490748,0.00481121,1.35190427,0.09568471,0.00058866,1.36251116,-0.00193600,0.00130490,-0.02414981
3007,0.00490748,0.00481121,1.35214770,0.09568517,0.00058880,1.36251211,-0.00193605,0.00130482,-0.02415267
3008,0.00490748,0.00481121,1.35238898,0.09568563,0.00058894,1.36251318,-0.00193613,0.00130474,-0.02415551
3009,0.00490748,0.00481121,1.35260618,0.09568609,0.00058908,1.36251414,-0.00193620,0.00130467,-0.02415834
3010,0.00490748,0.00481121,1.35285163,0.09568655,0.00058921,1.36251521,-0.00193623,0.00130462,-0.02416116
3011,0.00490748,0.00481120,1.35308766,0.09568702,0.00058935,1.36251628,-0.00193628,0.00130455,-0.02416398
3012,0.00490748,0.00481120,1.35333562,0.09568746,0.00058948,1.36251724,-0.00193636,0.00130446,-0.02416679
3013,0.00490748,0.00481120,1.35357273,0.09568790,0.00058962,1.36251819,-0.00193642,0.00130438,-0.02416958
3014,0.00490748,0.00481120,1.35378480,0.09568834,0.00058975,1.36251915,-0.00193644,0.00130432,-0.02417237
3015,0.00490748,0.00481120,1.35403562,0.09568878,0.00058989,1.36252010,-0.00193650,0.00130428,-0.02417514
3016,0.00490748,0.00481120,1.35426724,0.09568923,0.00059002,1.36252117,-0.00193657,0.00130423,-0.02417790
3017,0.00490748,0.00481120,1.35450268,0.09568967,0.00059016,1.36252201,-0.00193663,0.00130413,-0.02418065
3018,0.00490748,0.00481120,1.35470891,0.09569011,0.00059029,1.36252308,-0.00193666,0.00130403,-0.02418339
3019,0.00490748,0.00481120,1.35494792,0.09569056,0.00059042,1.36252403,-0.00193672,0.00130397,-0.02418611
3020,0.00490748,0.00481120,1.35518527,0.09569100,0.00059055,1.36252499,-0.00193679,0.00130394,-0.02418881
3021,0.00490748,0.00481120,1.35543251,0.09569144,0.00059068,1.36252594,-0.00193684,0.00130389,-0.02419151
3022,0.00490748,0.00481120,1.35564005,0.09569190,0.00059081,1.36252701,-0.00193687,0.00130378,-0.02419418
3023,0.00490748,0.00481120,1.35585332,0.09569234,0.00059094,1.36252797,-0.00193695,0.00130367,-0.02419685
3024,0.00490748,0.00481120,1.35608697,0.09569278,0.00059107,1.36252892,-0.00193702,0.00130363,-0.02419951
3025,0.00490748,0.00481120,1.35630560,0.09569323,0.00059120,1.36252987,-0.00193704,0.00130361,-0.02420216
3026,0.00490748,0.00481119,1.35653007,0.09569367,0.00059132,1.36253095,-0.00193708,0.00130355,-0.02420480
3027,0.00490748,0.00481119,1.35674667,0.09569411,0.00059145,1.36253190,-0.00193717,0.00130344,-0.02420744
3028,0.00490748,0.00481119,1.35696185,0.09569453,0.00059158,1.36253285,-0.00193724,0.00130334,-0.02421007
3029,0.00490748,0.00481119,1.35718644,0.09569496,0.00059171,1.36253381,-0.00193725,0.00130331,-0.02421271
3030,0.00490748,0.00481119,1.35742605,0.09569537,0.00059183,1.36253464,-0.00193730,0.00130326,-0.02421534
3031,0.00490748,0.00481119,1.35763657,0.09569577,0.00059196,1.36253560,-0.00193737,0.00130320,-0.02421796
3032,0.00490748,0.00481119,1.35785234,0.09569617,0.00059209,1.36253643,-0.00193742,0.00130312,-0.02422057
3033,0.00490748,0.00481119,1.35807180,0.09569658,0.00059221,1.36253738,-0.00193745,0.00130305,-0.02422317
3034,0.00490748,0.00481119,1.35829282,0.09569699,0.00059234,1.36253822,-0.00193750,0.00130300,-0.02422576
3035,0.00490748,0.00481119,1.35852408,0.09569740,0.00059246,1.36253917,-0.00193756,0.00130295,-0.02422833
3036,0.00490748,0.00481119,1.35873938,0.09569780,0.00059259,1.36254001,-0.00193761,0.00130287,-0.02423089
3037,0.00490748,0.00481119,1.35894001,0.09569822,0.00059271,1.36254096,-0.00193765,0.00130280,-0.02423342
3038,0.00490748,0.00481119,1.35915899,0.09569865,0.00059283,1.36254191,-0.00193771,0.00130274,-0.02423594
3039,0.00490748,0.00481119,1.35937250,0.09569907,0.00059295,1.36254275,-0.00193778,0.00130270,-0.02423845
3040,0.00490748,0.00481119,1.35958350,0.09569950,0.00059308,1.36254382,-0.00193781,0.00130262,-0.02424094
3041,0.00490748,0.00481119,1.35978830,0.09569992,0.00059320,1.36254466,-0.00193786,0.00130254,-0.02424343
3042,0.00490748,0.00481118,1.36000824,0.09570035,0.00059332,1.36254561,-0.00193792,0.00130247,-0.02424591
3043,0.00490748,0.00481118,1.36020386,0.09570075,0.00059344,1.36254644,-0.00193797,0.00130241,-0.02424838
3044,0.00490748,0.00481118,1.36040866,0.09570116,0.00059356,1.36254740,-0.00193800,0.00130237,-0.02425084
3045,0.00490748,0.00481118,1.36064076,0.09570156,0.00059367,1.36254823,-0.00193807,0.00130232,-0.02425330
3046,0.00490748,0.00481118,1.36083627,0.09570197,0.00059379,1.36254919,-0.00193812,0.00130224,-0.02425574
3047,0.00490748,0.00481118,1.36102855,0.09570237,0.00059391,1.36255014,-0.00193816,0.00130216,-0.02425818
3048,0.00490748,0.00481118,1.36123335,0.09570276,0.00059403,1.36255097,-0.00193821,0.00130209,-0.02426062
3049,0.00490748,0.00481118,1.36145604,0.09570315,0.00059415,1.36255181,-0.00193826,0.00130205,-0.02426306
3050,0.00490748,0.00481118,1.36166286,0.09570353,0.00059427,1.36255264,-0.00193830,0.00130201,-0.02426548
3051,0.00490748,0.00481118,1.36186886,0.09570392,0.00059438,1.36255348,-0.00193834,0.00130196,-0.02426790
3052,0.00490748,0.00481118,1.36206424,0.09570431,0.00059450,1.36255431,-0.00193839,0.00130187,-0.02427031
3053,0.00490748,0.00481118,1.36225724,0.09570470,0.00059462,1.36255515,-0.00193845,0.00130179,-0.02427270
3054,0.00490748,0.00481118,1.36246765,0.09570508,0.00059473,1.36255610,-0.00193849,0.00130176,-0.02427508
3055,0.00490748,0.00481118,1.36267531,0.09570547,0.00059485,1.36255693,-0.00193853,0.00130171,-0.02427746
3056,0.00490748,0.00481118,1.36287272,0.09570584,0.00059496,1.36255777,-0.00193859,0.00130164,-0.02427983
3057,0.00490748,0.00481118,1.36306500,0.09570621,0.00059508,1.36255848,-0.00193864,0.00130155,-0.02428219
3058,0.00490748,0.00481118,1.36327147,0.09570660,0.00059519,1.36255944,-0.00193865,0.00130153,-0.02428453
3059,0.00490748,0.00481118,1.36346400,0.09570698,0.00059530,1.36256027,-0.00193872,0.00130149,-0.02428686
3060,0.00490748,0.00481117,1.36366248,0.09570735,0.00059542,1.36256099,-0.00193879,0.00130141,-0.02428918
3061,0.00490748,0.00481117,1.36385190,0.09570774,0.00059553,1.36256194,-0.00193880,0.00130134,-0.02429149
3062,0.00490748,0.00481117,1.36405635,0.09570811,0.00059564,1.36256266,-0.00193884,0.00130127,-0.02429379
3063,0.00490748,0.00481117,1.36424828,0.09570850,0.00059575,1.36256361,-0.00193891,0.00130123,-0.02429607
3064,0.00490748,0.00481117,1.36444712,0.09570886,0.00059586,1.36256433,-0.00193897,0.00130118,-0.02429835
3065,0.00490748,0.00481117,1.36462891,0.09570925,0.00059597,1.36256516,-0.00193898,0.00130113,-0.02430061
3066,0.00490748,0.00481117,1.36482513,0.09570962,0.00059608,1.36256611,-0.00193902,0.00130107,-0.02430286
3067,0.00490748,0.00481117,1.36500585,0.09570999,0.00059619,1.36256683,-0.00193911,0.00130099,-0.02430511
3068,0.00490748,0.00481117,1.36519027,0.09571036,0.00059630,1.36256766,-0.00193914,0.00130094,-0.02430735
3069,0.00490748,0.00481117,1.36539471,0.09571072,0.00059641,1.36256838,-0.00193915,0.00130090,-0.02430959
3070,0.00490748,0.00481117,1.36556995,0.09571110,0.00059652,1.36256933,-0.00193920,0.00130084,-0.02431181
3071,0.00490748,0.00481117,1.36576378,0.09571146,0.00059662,1.36257017,-0.00193929,0.00130077,-0.02431403
3072,0.00490748,0.00481117,1.36595595,0.09571181,0.00059673,1.36257088,-0.00193932,0.00130070,-0.02431625
3073,0.00490748,0.00481117,1.36613762,0.09571216,0.00059684,1.36257160,-0.00193932,0.00130067,-0.02431846
3074,0.00490748,0.00481117,1.36631835,0.09571251,0.00059695,1.36257243,-0.00193938,0.00130062,-0.02432067
3075,0.00490748,0.00481117,1.36650920,0.09571286,0.00059705,1.36257315,-0.00193946,0.00130056,-0.02432286
3076,0.00490748,0.00481117,1.36670136,0.09571321,0.00059716,1.36257398,-0.00193948,0.00130049,-0.02432504
3077,0.00490748,0.00481116,1.36688614,0.09571356,0.00059727,1.36257470,-0.00193950,0.00130044,-0.02432722
3078,0.00490748,0.00481116,1.36706364,0.09571391,0.00059737,1.36257553,-0.00193956,0.00130039,-0.02432938
3079,0.00490748,0.00481116,1.36725605,0.09571426,0.00059748,1.36257637,-0.00193962,0.00130036,-0.02433153
3080,0.00490748,0.00481116,1.36744022,0.09571461,0.00059758,1.36257696,-0.00193966,0.00130030,-0.02433367
3081,0.00490748,0.00481116,1.36761069,0.09571496,0.00059768,1.36257780,-0.00193967,0.00130024,-0.02433580
3082,0.00490748,0.00481116,1.36780083,0.09571531,0.00059779,1.36257851,-0.00193973,0.00130019,-0.02433792
3083,0.00490747,0.00481116,1.36795950,0.09571566,0.00059789,1.36257935,-0.00193979,0.00130013,-0.02434002
3084,0.00490748,0.00481116,1.36814141,0.09571601,0.00059799,1.36258018,-0.00193982,0.00130007,-0.02434212
3085,0.00490747,0.00481116,1.36831760,0.09571637,0.00059809,1.36258090,-0.00193985,0.00130002,-0.02434421
3086,0.00490748,0.00481116,1.36850703,0.09571672,0.00059820,1.36258173,-0.00193990,0.00129997,-0.02434630
3087,0.00490747,0.00481116,1.36868477,0.09571705,0.00059830,1.36258245,-0.00193996,0.00129990,-0.02434838
3088,0.00490748,0.00481116,1.36884952,0.09571739,0.00059840,1.36258316,-0.00193999,0.00129984,-0.02435046
3089,0.00490747,0.00481116,1.36901987,0.09571771,0.00059850,1.36258388,-0.00194001,0.00129980,-0.02435253
3090,0.00490747,0.00481116,1.36921287,0.09571805,0.00059860,1.36258459,-0.00194006,0.00129977,-0.02435460
3091,0.00490748,0.00481116,1.36938405,0.09571838,0.00059870,1.36258531,-0.00194012,0.00129973,-0.02435665
3092,0.00490747,0.00481116,1.36955345,0.09571871,0.00059880,1.36258614,-0.00194015,0.00129965,-0.02435870
3093,0.00490747,0.00481116,1.36971354,0.09571904,0.00059890,1.36258674,-0.00194018,0.00129957,-0.02436074
3094,0.00490747,0.00481116,1.36989522,0.09571937,0.00059900,1.36258745,-0.00194022,0.00129955,-0.02436277
3095,0.00490747,0.00481116,1.37006617,0.09571970,0.00059910,1.36258829,-0.00194026,0.00129954,-0.02436478
3096,0.00490747,0.00481116,1.37025499,0.09572004,0.00059919,1.36258888,-0.00194031,0.00129948,-0.02436680
3097,0.00490747,0.00481115,1.37040091,0.09572037,0.00059929,1.36258972,-0.00194034,0.00129938,-0.02436879
3098,0.00490747,0.00481115,1.37055612,0.09572069,0.00059939,1.36259043,-0.00194038,0.00129932,-0.02437079
3099,0.00490747,0.00481115,1.37075067,0.09572100,0.00059949,1.36259103,-0.00194043,0.00129931,-0.02437277
3100,0.00490747,0.00481115,1.37091911,0.09572131,0.00059958,1.36259174,-0.00194045,0.00129930,-0.02437475
3101,0.00490747,0.00481115,1.37107968,0.09572162,0.00059968,1.36259246,-0.00194048,0.00129923,-0.02437671
3102,0.00490747,0.00481115,1.37125480,0.09572194,0.00059977,1.36259317,-0.00194054,0.00129914,-0.02437866
3103,0.00490747,0.00481115,1.37142181,0.09572227,0.00059987,1.36259389,-0.00194059,0.00129909,-0.02438061
3104,0.00490747,0.00481115,1.37157810,0.09572260,0.00059996,1.36259472,-0.00194061,0.00129906,-0.02438254
3105,0.00490747,0.00481115,1.37174845,0.09572291,0.00060006,1.36259532,-0.00194066,0.00129902,-0.02438447
3106,0.00490747,0.00481115,1.37191141,0.09572323,0.00060015,1.36259604,-0.00194069,0.00129896,-0.02438639
3107,0.00490747,0.00481115,1.37206388,0.09572354,0.00060024,1.36259675,-0.00194072,0.00129890,-0.02438830
3108,0.00490747,0.00481115,1.37222075,0.09572385,0.00060034,1.36259735,-0.00194077,0.00129884,-0.02439022
3109,0.00490747,0.00481115,1.37239277,0.09572417,0.00060043,1.36259806,-0.00194081,0.00129884,-0.02439212
3110,0.00490747,0.00481115,1.37255824,0.09572449,0.00060052,1.36259878,-0.00194084,0.00129880,-0.02439401
3111,0.00490747,0.00481115,1.37272203,0.09572480,0.00060061,1.36259949,-0.00194088,0.00129873,-0.02439590
3112,0.00490747,0.00481115,1.37287676,0.09572509,0.00060071,1.36260009,-0.00194094,0.00129864,-0.02439778
3113,0.00490747,0.00481115,1.37302887,0.09572539,0.00060080,1.36260080,-0.00194095,0.00129860,-0.02439966
3114,0.00490747,0.00481115,1.37317932,0.09572568,0.00060089,1.36260140,-0.00194098,0.00129859,-0.02440152
3115,0.00490747,0.00481115,1.37335229,0.09572598,0.00060098,1.36260211,-0.00194103,0.00129858,-0.02440338
3116,0.00490747,0.00481115,1.37351477,0.09572627,0.00060107,1.36260271,-0.00194108,0.00129849,-0.02440524
3117,0.00490747,0.00481115,1.37366140,0.09572656,0.00060116,1.36260331,-0.00194109,0.00129841,-0.02440708
3118,0.00490747,0.00481115,1.37380779,0.09572686,0.00060125,1.36260402,-0.00194112,0.00129839,-0.02440890
3119,0.00490747,0.00481115,1.37398672,0.09572715,0.00060134,1.36260474,-0.00194119,0.00129839,-0.02441072
3120,0.00490747,0.00481114,1.37414205,0.09572745,0.00060143,1.36260521,-0.00194123,0.00129833,-0.02441254
3121,0.00490747,0.00481114,1.37427521,0.09572776,0.00060151,1.36260605,-0.00194120,0.00129827,-0.02441433
3122,0.00490747,0.00481114,1.37443531,0.09572806,0.00060160,1.36260664,-0.00194127,0.00129821,-0.02441612
3123,0.00490747,0.00481114,1.37458968,0.09572835,0.00060169,1.36260724,-0.00194135,0.00129817,-0.02441791
3124,0.00490747,0.00481114,1.37474823,0.09572865,0.00060177,1.36260796,-0.00194134,0.00129813,-0.02441968
3125,0.00490747,0.00481114,1.37487912,0.09572895,0.00060186,1.36260867,-0.00194135,0.00129809,-0.02442145
3126,0.00490747,0.00481114,1.37503469,0.09572924,0.00060195,1.36260915,-0.00194145,0.00129804,-0.02442321
3127,0.00490747,0.00481114,1.37519157,0.09572954,0.00060203,1.36260986,-0.00194147,0.00129801,-0.02442497
3128,0.00490747,0.00481114,1.37532735,0.09572983,0.00060212,1.36261058,-0.00194146,0.00129796,-0.02442672
3129,0.00490747,0.00481114,1.37547922,0.09573013,0.00060220,1.36261117,-0.00194153,0.00129791,-0.02442847
3130,0.00490747,0.00481114,1.37563610,0.09573040,0.00060229,1.36261177,-0.00194159,0.00129784,-0.02443022
3131,0.00490747,0.00481114,1.37577915,0.09573068,0.00060237,1.36261249,-0.00194158,0.00129782,-0.02443196
3132,0.00490747,0.00481114,1.37592232,0.09573095,0.00060246,1.36261296,-0.00194161,0.00129777,-0.02443370
3133,0.00490747,0.00481114,1.37608290,0.09573123,0.00060254,1.36261356,-0.00194167,0.00129773,-0.02443543
3134,0.00490747,0.00481114,1.37623179,0.09573151,0.00060263,1.36261427,-0.00194171,0.00129770,-0.02443716
3135,0.00490747,0.00481114,1.37636220,0.09573179,0.00060271,1.36261487,-0.00194172,0.00129764,-0.02443887
3136,0.00490747,0.00481114,1.37650704,0.09573206,0.00060280,1.36261547,-0.00194176,0.00129759,-0.02444058
3137,0.00490747,0.00481114,1.37665522,0.09573234,0.00060288,1.36261606,-0.00194181,0.00129755,-0.02444229
3138,0.00490747,0.00481114,1.37680197,0.09573260,0.00060296,1.36261666,-0.00194183,0.00129753,-0.02444398
3139,0.00490747,0.00481114,1.37695789,0.09573285,0.00060305,1.36261714,-0.00194185,0.00129750,-0.02444567
3140,0.00490747,0.00481114,1.37710404,0.09573313,0.00060313,1.36261785,-0.00194188,0.00129746,-0.02444735
3141,0.00490747,0.00481114,1.37723815,0.09573341,0.00060321,1.36261845,-0.00194194,0.00129738,-0.02444901
3142,0.00490747,0.00481114,1.37738311,0.09573369,0.00060329,1.36261904,-0.00194197,0.00129734,-0.02445066
3143,0.00490747,0.00481114,1.37750626,0.09573396,0.00060337,1.36261964,-0.00194198,0.00129731,-0.02445231
3144,0.00490747,0.00481114,1.37764680,0.09573424,0.00060345,1.36262023,-0.00194203,0.00129728,-0.02445395
3145,0.00490747,0.00481113,1.37779272,0.09573451,0.00060353,1.36262095,-0.00194207,0.00129723,-0.02445558
3146,0.00490747,0.00481113,1.37792599,0.09573478,0.00060361,1.36262143,-0.00194211,0.00129716,-0.02445721
3147,0.00490747,0.00481113,1.37806594,0.09573503,0.00060369,1.36262202,-0.00194211,0.00129713,-0.02445884
3148,0.00490747,0.00481113,1.37822020,0.09573529,0.00060377,1.36262262,-0.00194215,0.00129713,-0.02446046
3149,0.00490747,0.00481113,1.37834942,0.09573555,0.00060385,1.36262310,-0.00194220,0.00129710,-0.02446207
3150,0.00490747,0.00481113,1.37847579,0.09573580,0.00060393,1.36262369,-0.00194222,0.00129701,-0.02446368
3151,0.00490747,0.00481113,1.37861753,0.09573606,0.00060400,1.36262429,-0.00194224,0.00129696,-0.02446527
3152,0.00490747,0.00481113,1.37875152,0.09573632,0.00060408,1.36262488,-0.00194229,0.00129695,-0.02446686
3153,0.00490747,0.00481113,1.37888980,0.09573658,0.00060416,1.36262536,-0.00194233,0.00129693,-0.02446844
3154,0.00490747,0.00481113,1.37902951,0.09573684,0.00060424,1.36262596,-0.00194233,0.00129688,-0.02447001
3155,0.00490747,0.00481113,1.37915134,0.09573710,0.00060431,1.36262655,-0.00194236,0.00129682,-0.02447158
3156,0.00490747,0.00481113,1.37929142,0.09573735,0.00060439,1.36262715,-0.00194243,0.00129677,-0.02447313
3157,0.00490747,0.00481113,1.37942076,0.09573761,0.00060446,1.36262763,-0.00194246,0.00129676,-0.02447469
3158,0.00490747,0.00481113,1.37956214,0.09573787,0.00060454,1.36262822,-0.00194244,0.00129674,-0.02447623
3159,0.00490747,0.00481113,1.37967575,0.09573813,0.00060462,1.36262882,-0.00194249,0.00129667,-0.02447776
3160,0.00490747,0.00481113,1.37982464,0.09573839,0.00060469,1.36262929,-0.00194257,0.00129660,-0.02447929
3161,0.00490747,0.00481113,1.37994528,0.09573865,0.00060476,1.36262989,-0.00194255,0.00129658,-0.02448082
3162,0.00490747,0.00481113,1.38007081,0.09573890,0.00060484,1.36263049,-0.00194256,0.00129658,-0.02448233
3163,0.00490747,0.00481113,1.38021266,0.09573914,0.00060491,1.36263108,-0.00194264,0.00129653,-0.02448385
3164,0.00490747,0.00481113,1.38033962,0.09573939,0.00060499,1.36263156,-0.00194269,0.00129646,-0.02448536
3165,0.00490747,0.00481113,1.38043988,0.09573963,0.00060506,1.36263216,-0.00194265,0.00129642,-0.02448687
3166,0.00490747,0.00481113,1.38059163,0.09573986,0.00060514,1.36263263,-0.00194269,0.00129641,-0.02448838
3167,0.00490747,0.00481113,1.38072979,0.09574010,0.00060521,1.36263323,-0.00194277,0.00129640,-0.02448988
3168,0.00490747,0.00481113,1.38083959,0.09574034,0.00060528,1.36263371,-0.00194279,0.00129633,-0.02449138
3169,0.00490747,0.00481113,1.38097394,0.09574056,0.00060536,1.36263418,-0.00194277,0.00129627,-0.02449287
3170,0.00490747,0.00481113,1.38109994,0.09574080,0.00060543,1.36263478,-0.00194281,0.00129623,-0.02449435
3171,0.00490747,0.00481113,1.38123786,0.09574104,0.00060550,1.36263525,-0.00194289,0.00129623,-0.02449583
3172,0.00490747,0.00481112,1.38135111,0.09574129,0.00060557,1.36263573,-0.00194289,0.00129621,-0.02449730
3173,0.00490747,0.00481112,1.38146722,0.09574153,0.00060564,1.36263633,-0.00194288,0.00129615,-0.02449876
3174,0.00490747,0.00481112,1.38158643,0.09574176,0.00060572,1.36263680,-0.00194296,0.00129608,-0.02450021
3175,0.00490747,0.00481112,1.38171422,0.09574200,0.00060579,1.36263728,-0.00194299,0.00129606,-0.02450165
3176,0.00490747,0.00481112,1.38183606,0.09574224,0.00060586,1.36263788,-0.00194297,0.00129607,-0.02450309
3177,0.00490747,0.00481112,1.38196719,0.09574248,0.00060593,1.36263835,-0.00194302,0.00129604,-0.02450452
3178,0.00490747,0.00481112,1.38208091,0.09574270,0.00060600,1.36263895,-0.00194308,0.00129596,-0.02450595
3179,0.00490747,0.00481112,1.38219702,0.09574293,0.00060607,1.36263931,-0.00194309,0.00129589,-0.02450737
3180,0.00490747,0.00481112,1.38232315,0.09574315,0.00060614,1.36263978,-0.00194309,0.00129589,-0.02450878
3181,0.00490747,0.00481112,1.38245857,0.09574339,0.00060620,1.36264038,-0.00194312,0.00129592,-0.02451018
3182,0.00490747,0.00481112,1.38257658,0.09574363,0.00060627,1.36264098,-0.00194319,0.00129585,-0.02451158
3183,0.00490747,0.00481112,1.38269055,0.09574385,0.00060634,1.36264133,-0.00194321,0.00129575,-0.02451297
3184,0.00490747,0.00481112,1.38279569,0.09574409,0.00060641,1.36264193,-0.00194319,0.00129571,-0.02451435
3185,0.00490747,0.00481112,1.38292682,0.09574433,0.00060648,1.36264241,-0.00194325,0.00129575,-0.02451572
3186,0.00490747,0.00481112,1.38305092,0.09574455,0.00060654,1.36264300,-0.00194331,0.00129574,-0.02451709
3187,0.00490747,0.00481112,1.38316309,0.09574477,0.00060661,1.36264336,-0.00194331,0.00129564,-0.02451846
3188,0.00490747,0.00481112,1.38326573,0.09574499,0.00060668,1.36264384,-0.00194329,0.00129557,-0.02451982
3189,0.00490747,0.00481112,1.38338220,0.09574521,0.00060674,1.36264443,-0.00194336,0.00129557,-0.02452117
3190,0.00490747,0.00481112,1.38352013,0.09574543,0.00060681,1.36264491,-0.00194342,0.00129559,-0.02452252
3191,0.00490747,0.00481112,1.38363791,0.09574565,0.00060688,1.36264539,-0.00194340,0.00129556,-0.02452387
3192,0.00490747,0.00481112,1.38371837,0.09574588,0.00060694,1.36264586,-0.00194341,0.00129545,-0.02452521
3193,0.00490747,0.00481112,1.38385105,0.09574610,0.00060701,1.36264634,-0.00194349,0.00129540,-0.02452655
3194,0.00490747,0.00481112,1.38396132,0.09574630,0.00060707,1.36264682,-0.00194351,0.00129542,-0.02452789
3195,0.00490747,0.00481112,1.38408256,0.09574650,0.00060714,1.36264729,-0.00194350,0.00129541,-0.02452922
3196,0.00490747,0.00481112,1.38419783,0.09574670,0.00060720,1.36264765,-0.00194354,0.00129536,-0.02453054
3197,0.00490747,0.00481112,1.38430595,0.09574691,0.00060727,1.36264813,-0.00194358,0.00129532,-0.02453186
3198,0.00490747,0.00481112,1.38442624,0.09574713,0.00060733,1.36264861,-0.00194359,0.00129528,-0.02453316
3199,0.00490747,0.00481112,1.38452113,0.09574735,0.00060739,1.36264920,-0.00194361,0.00129526,-0.02453446
3200,0.00490747,0.00481112,1.38462889,0.09574755,0.00060746,1.36264956,-0.00194366,0.00129521,-0.02453575
3201,0.00490747,0.00481112,1.38475358,0.09574775,0.00060752,1.36265004,-0.00194367,0.00129519,-0.02453704
3202,0.00490747,0.00481112,1.38485241,0.09574796,0.00060758,1.36265051,-0.00194367,0.00129516,-0.02453831
3203,0.00490747,0.00481112,1.38495004,0.09574816,0.00060765,1.36265099,-0.00194373,0.00129512,-0.02453959
3204,0.00490747,0.00481112,1.38508224,0.09574836,0.00060771,1.36265135,-0.00194377,0.00129511,-0.02454086
3205,0.00490747,0.00481111,1.38518202,0.09574857,0.00060777,1.36265171,-0.00194375,0.00129509,-0.02454212
3206,0.00490747,0.00481111,1.38528073,0.09574879,0.00060783,1.36265230,-0.00194376,0.00129504,-0.02454337
3207,0.00490747,0.00481111,1.38540149,0.09574901,0.00060789,1.36265278,-0.00194384,0.00129498,-0.02454461
3208,0.00490747,0.00481111,1.38550997,0.09574923,0.00060795,1.36265326,-0.00194387,0.00129496,-0.02454585
3209,0.00490747,0.00481111,1.38560557,0.09574944,0.00060801,1.36265361,-0.00194385,0.00129493,-0.02454708
3210,0.00490747,0.00481111,1.38571060,0.09574964,0.00060807,1.36265409,-0.00194386,0.00129492,-0.02454831
3211,0.00490747,0.00481111,1.38581312,0.09574984,0.00060813,1.36265457,-0.00194394,0.00129488,-0.02454953
3212,0.00490747,0.00481111,1.38591707,0.09575004,0.00060819,1.36265504,-0.00194396,0.00129485,-0.02455074
3213,0.00490747,0.00481111,1.38601279,0.09575025,0.00060825,1.36265552,-0.00194395,0.00129481,-0.02455196
3214,0.00490747,0.00481111,1.38613200,0.09575045,0.00060831,1.36265588,-0.00194400,0.00129476,-0.02455318
3215,0.00490747,0.00481111,1.38623846,0.09575065,0.00060837,1.36265635,-0.00194403,0.00129474,-0.02455440
3216,0.00490747,0.00481111,1.38634348,0.09575085,0.00060843,1.36265683,-0.00194403,0.00129474,-0.02455560
3217,0.00490747,0.00481111,1.38644874,0.09575104,0.00060849,1.36265731,-0.00194406,0.00129470,-0.02455681
3218,0.00490747,0.00481111,1.38653815,0.09575123,0.00060855,1.36265767,-0.00194411,0.00129462,-0.02455802
3219,0.00490747,0.00481111,1.38664365,0.09575141,0.00060861,1.36265802,-0.00194412,0.00129460,-0.02455923
3220,0.00490747,0.00481111,1.38674867,0.09575159,0.00060867,1.36265850,-0.00194412,0.00129461,-0.02456043
3221,0.00490747,0.00481111,1.38686061,0.09575178,0.00060873,1.36265886,-0.00194417,0.00129460,-0.02456162
3222,0.00490747,0.00481111,1.38695240,0.09575196,0.00060879,1.36265934,-0.00194419,0.00129454,-0.02456280
3223,0.00490747,0.00481111,1.38704956,0.09575215,0.00060884,1.36265957,-0.00194419,0.00129448,-0.02456398
3224,0.00490747,0.00481111,1.38715351,0.09575233,0.00060890,1.36266005,-0.00194420,0.00129447,-0.02456515
3225,0.00490747,0.00481111,1.38726807,0.09575254,0.00060896,1.36266053,-0.00194426,0.00129448,-0.02456630
3226,0.00490747,0.00481111,1.38735187,0.09575274,0.00060902,1.36266100,-0.00194429,0.00129444,-0.02456744
3227,0.00490747,0.00481111,1.38743711,0.09575292,0.00060907,1.36266148,-0.00194429,0.00129437,-0.02456859
3228,0.00490747,0.00481111,1.38754141,0.09575310,0.00060913,1.36266172,-0.00194432,0.00129433,-0.02456973
3229,0.00490747,0.00481111,1.38765252,0.09575329,0.00060918,1.36266220,-0.00194434,0.00129435,-0.02457086
3230,0.00490747,0.00481111,1.38773692,0.09575348,0.00060924,1.36266255,-0.00194436,0.00129434,-0.02457199
3231,0.00490747,0.00481111,1.38782907,0.09575366,0.00060929,1.36266303,-0.00194438,0.00129429,-0.02457312
3232,0.00490747,0.00481111,1.38793135,0.09575384,0.00060935,1.36266351,-0.00194442,0.00129423,-0.02457424
3233,0.00490747,0.00481111,1.38802505,0.09575403,0.00060940,1.36266375,-0.00194444,0.00129419,-0.02457535
3234,0.00490747,0.00481111,1.38812315,0.09575421,0.00060946,1.36266422,-0.00194443,0.00129423,-0.02457646
3235,0.00490747,0.00481111,1.38821888,0.09575440,0.00060951,1.36266458,-0.00194447,0.00129419,-0.02457757
3236,0.00490747,0.00481111,1.38830161,0.09575458,0.00060957,1.36266506,-0.00194451,0.00129413,-0.02457867
3237,0.00490747,0.00481111,1.38839948,0.09575476,0.00060962,1.36266553,-0.00194452,0.00129409,-0.02457977
3238,0.00490747,0.00481111,1.38849795,0.09575493,0.00060967,1.36266577,-0.00194455,0.00129407,-0.02458087
3239,0.00490747,0.00481111,1.38859546,0.09575510,0.00060973,1.36266613,-0.00194456,0.00129408,-0.02458196
3240,0.00490747,0.00481111,1.38869023,0.09575528,0.00060978,1.36266661,-0.00194457,0.00129406,-0.02458305
3241,0.00490747,0.00481111,1.38877058,0.09575545,0.00060984,1.36266696,-0.00194461,0.00129399,-0.02458413
3242,0.00490747,0.00481110,1.38886297,0.09575561,0.00060989,1.36266732,-0.00194464,0.00129393,-0.02458521
3243,0.00490747,0.00481110,1.38894677,0.09575578,0.00060994,1.36266768,-0.00194463,0.00129395,-0.02458628
3244,0.00490747,0.00481110,1.38906682,0.09575595,0.00060999,1.36266804,-0.00194465,0.00129397,-0.02458734
3245,0.00490747,0.00481110,1.38914454,0.09575613,0.00061005,1.36266840,-0.00194470,0.00129393,-0.02458840
3246,0.00490747,0.00481110,1.38924110,0.09575631,0.00061010,1.36266887,-0.00194471,0.00129385,-0.02458945
3247,0.00490747,0.00481110,1.38930833,0.09575650,0.00061015,1.36266935,-0.00194472,0.00129380,-0.02459049
3248,0.00490747,0.00481110,1.38940430,0.09575666,0.00061020,1.36266971,-0.00194476,0.00129382,-0.02459153
3249,0.00490747,0.00481110,1.38951075,0.09575683,0.00061025,1.36266994,-0.00194478,0.00129382,-0.02459257
3250,0.00490747,0.00481110,1.38958645,0.09575700,0.00061030,1.36267030,-0.00194477,0.00129379,-0.02459361
3251,0.00490747,0.00481110,1.38966954,0.09575716,0.00061035,1.36267078,-0.00194480,0.00129374,-0.02459464
3252,0.00490747,0.00481110,1.38976967,0.09575733,0.00061040,1.36267114,-0.00194486,0.00129370,-0.02459567
3253,0.00490747,0.00481110,1.38984942,0.09575749,0.00061045,1.36267149,-0.00194485,0.00129368,-0.02459669
3254,0.00490747,0.00481110,1.38993275,0.09575766,0.00061050,1.36267185,-0.00194485,0.00129369,-0.02459771
3255,0.00490747,0.00481110,1.39004421,0.09575783,0.00061055,1.36267209,-0.00194490,0.00129367,-0.02459873
3256,0.00490747,0.00481110,1.39012706,0.09575799,0.00061060,1.36267257,-0.00194492,0.00129364,-0.02459973
3257,0.00490747,0.00481110,1.39019060,0.09575816,0.00061065,1.36267292,-0.00194492,0.00129356,-0.02460073
3258,0.00490747,0.00481110,1.39027560,0.09575833,0.00061070,1.36267328,-0.00194494,0.00129354,-0.02460173
3259,0.00490747,0.00481110,1.39036798,0.09575849,0.00061075,1.36267364,-0.00194499,0.00129355,-0.02460272
3260,0.00490747,0.00481110,1.39045310,0.09575865,0.00061080,1.36267400,-0.00194499,0.00129356,-0.02460372
3261,0.00490747,0.00481110,1.39055228,0.09575883,0.00061085,1.36267436,-0.00194500,0.00129351,-0.02460470
3262,0.00490747,0.00481110,1.39062345,0.09575899,0.00061090,1.36267471,-0.00194504,0.00129344,-0.02460568
3263,0.00490747,0.00481110,1.39070964,0.09575915,0.00061094,1.36267507,-0.00194506,0.00129342,-0.02460666
3264,0.00490747,0.00481110,1.39079309,0.09575932,0.00061099,1.36267555,-0.00194506,0.00129343,-0.02460763
3265,0.00490747,0.00481110,1.39088285,0.09575947,0.00061104,1.36267591,-0.00194510,0.00129341,-0.02460861
3266,0.00490747,0.00481110,1.39095151,0.09575962,0.00061109,1.36267602,-0.00194513,0.00129334,-0.02460959
3267,0.00490747,0.00481110,1.39102805,0.09575976,0.00061114,1.36267638,-0.00194510,0.00129332,-0.02461056
3268,0.00490747,0.00481110,1.39112031,0.09575991,0.00061118,1.36267674,-0.00194512,0.00129336,-0.02461152
3269,0.00490747,0.00481110,1.39121377,0.09576006,0.00061123,1.36267710,-0.00194519,0.00129334,-0.02461248
3270,0.00490747,0.00481110,1.39128661,0.09576020,0.00061128,1.36267745,-0.00194519,0.00129326,-0.02461343
3271,0.00490747,0.00481110,1.39134908,0.09576035,0.00061132,1.36267781,-0.00194517,0.00129320,-0.02461437
3272,0.00490747,0.00481110,1.39144707,0.09576050,0.00061137,1.36267805,-0.00194523,0.00129323,-0.02461531
3273,0.00490747,0.00481110,1.39154792,0.09576065,0.00061142,1.36267841,-0.00194525,0.00129326,-0.02461624
3274,0.00490747,0.00481110,1.39161110,0.09576081,0.00061146,1.36267877,-0.00194523,0.00129321,-0.02461717
3275,0.00490747,0.00481110,1.39169240,0.09576098,0.00061151,1.36267912,-0.00194527,0.00129313,-0.02461808
3276,0.00490747,0.00481110,1.39176893,0.09576115,0.00061155,1.36267948,-0.00194531,0.00129310,-0.02461899
3277,0.00490747,0.00481110,1.39183164,0.09576131,0.00061160,1.36267996,-0.00194530,0.00129311,-0.02461990
3278,0.00490747,0.00481110,1.39191961,0.09576146,0.00061164,1.36268020,-0.00194534,0.00129310,-0.02462081
3279,0.00490747,0.00481110,1.39200294,0.09576161,0.00061169,1.36268044,-0.00194536,0.00129306,-0.02462173
3280,0.00490747,0.00481110,1.39207816,0.09576175,0.00061173,1.36268079,-0.00194535,0.00129302,-0.02462263
3281,0.00490747,0.00481110,1.39216590,0.09576190,0.00061177,1.36268115,-0.00194538,0.00129301,-0.02462354
3282,0.00490747,0.00481110,1.39223683,0.09576205,0.00061182,1.36268151,-0.00194543,0.00129301,-0.02462444
3283,0.00490747,0.00481110,1.39230371,0.09576220,0.00061186,1.36268187,-0.00194542,0.00129296,-0.02462533
3284,0.00490747,0.00481110,1.39238524,0.09576233,0.00061191,1.36268210,-0.00194542,0.00129294,-0.02462624
3285,0.00490747,0.00481110,1.39247334,0.09576245,0.00061195,1.36268234,-0.00194546,0.00129292,-0.02462713
3286,0.00490747,0.00481110,1.39253390,0.09576259,0.00061200,1.36268270,-0.00194547,0.00129290,-0.02462802
3287,0.00490747,0.00481110,1.39262044,0.09576271,0.00061204,1.36268294,-0.00194549,0.00129289,-0.02462891
3288,0.00490747,0.00481109,1.39269400,0.09576286,0.00061208,1.36268330,-0.00194550,0.00129288,-0.02462978
3289,0.00490747,0.00481109,1.39275646,0.09576301,0.00061213,1.36268365,-0.00194553,0.00129284,-0.02463065
3290,0.00490747,0.00481109,1.39284086,0.09576315,0.00061217,1.36268401,-0.00194555,0.00129281,-0.02463152
3291,0.00490747,0.00481109,1.39292157,0.09576329,0.00061221,1.36268413,-0.00194556,0.00129278,-0.02463238
3292,0.00490747,0.00481109,1.39298475,0.09576344,0.00061225,1.36268449,-0.00194555,0.00129279,-0.02463323
3293,0.00490747,0.00481109,1.39307368,0.09576358,0.00061229,1.36268485,-0.00194558,0.00129279,-0.02463407
3294,0.00490747,0.00481109,1.39312732,0.09576373,0.00061234,1.36268520,-0.00194562,0.00129274,-0.02463491
3295,0.00490747,0.00481109,1.39320374,0.09576388,0.00061238,1.36268556,-0.00194562,0.00129268,-0.02463575
3296,0.00490747,0.00481109,1.39325249,0.09576403,0.00061242,1.36268592,-0.00194563,0.00129264,-0.02463658
3297,0.00490747,0.00481109,1.39335978,0.09576415,0.00061246,1.36268604,-0.00194568,0.00129268,-0.02463743
3298,0.00490747,0.00481109,1.39342129,0.09576428,0.00061250,1.36268640,-0.00194567,0.00129268,-0.02463826
3299,0.00490747,0.00481109,1.39348662,0.09576441,0.00061254,1.36268663,-0.00194567,0.00129262,-0.02463909
3300,0.00490747,0.00481109,1.39355075,0.09576454,0.00061258,1.36268699,-0.00194571,0.00129257,-0.02463991
3301,0.00490747,0.00481109,1.39364028,0.09576467,0.00061262,1.36268723,-0.00194575,0.00129257,-0.02464074
3302,0.00490747,0.00481109,1.39370036,0.09576480,0.00061266,1.36268759,-0.00194572,0.00129259,-0.02464155
3303,0.00490747,0.00481109,1.39378595,0.09576493,0.00061270,1.36268783,-0.00194574,0.00129257,-0.02464236
3304,0.00490747,0.00481109,1.39383805,0.09576505,0.00061274,1.36268806,-0.00194579,0.00129251,-0.02464317
3305,0.00490747,0.00481109,1.39389694,0.09576520,0.00061278,1.36268842,-0.00194578,0.00129249,-0.02464396
3306,0.00490747,0.00481109,1.39398670,0.09576534,0.00061282,1.36268866,-0.00194579,0.00129251,-0.02464476
3307,0.00490747,0.00481109,1.39404988,0.09576548,0.00061286,1.36268902,-0.00194582,0.00129249,-0.02464554
3308,0.00490747,0.00481109,1.39411139,0.09576563,0.00061290,1.36268938,-0.00194584,0.00129244,-0.02464633
3309,0.00490747,0.00481109,1.39416945,0.09576576,0.00061294,1.36268973,-0.00194586,0.00129238,-0.02464712
3310,0.00490747,0.00481109,1.39424396,0.09576589,0.00061298,1.36268997,-0.00194588,0.00129237,-0.02464791
3311,0.00490747,0.00481109,1.39432263,0.09576602,0.00061302,1.36269021,-0.00194588,0.00129241,-0.02464871
3312,0.00490747,0.00481109,1.39438605,0.09576613,0.00061305,1.36269045,-0.00194589,0.00129240,-0.02464950
3313,0.00490747,0.00481109,1.39445901,0.09576624,0.00061309,1.36269069,-0.00194593,0.00129234,-0.02465029
3314,0.00490747,0.00481109,1.39450419,0.09576635,0.00061313,1.36269093,-0.00194593,0.00129228,-0.02465108
3315,0.00490747,0.00481109,1.39457858,0.09576648,0.00061317,1.36269128,-0.00194592,0.00129231,-0.02465185
3316,0.00490747,0.00481109,1.39467514,0.09576659,0.00061321,1.36269152,-0.00194597,0.00129233,-0.02465263
3317,0.00490747,0.00481109,1.39472318,0.09576672,0.00061325,1.36269176,-0.00194598,0.00129228,-0.02465340
3318,0.00490747,0.00481109,1.39477527,0.09576685,0.00061328,1.36269212,-0.00194596,0.00129222,-0.02465415
3319,0.00490747,0.00481109,1.39484513,0.09576698,0.00061332,1.36269224,-0.00194601,0.00129220,-0.02465491
3320,0.00490747,0.00481109,1.39491022,0.09576710,0.00061336,1.36269259,-0.00194602,0.00129223,-0.02465566
3321,0.00490747,0.00481109,1.39497328,0.09576724,0.00061339,1.36269283,-0.00194602,0.00129222,-0.02465640
3322,0.00490747,0.00481109,1.39505494,0.09576736,0.00061343,1.36269319,-0.00194605,0.00129217,-0.02465714
3323,0.00490747,0.00481109,1.39510548,0.09576749,0.00061347,1.36269343,-0.00194608,0.00129212,-0.02465788
3324,0.00490747,0.00481109,1.39517081,0.09576762,0.00061350,1.36269379,-0.00194607,0.00129214,-0.02465861
3325,0.00490747,0.00481109,1.39523613,0.09576775,0.00061354,1.36269414,-0.00194610,0.00129214,-0.02465934
3326,0.00490747,0.00481109,1.39530408,0.09576786,0.00061358,1.36269426,-0.00194614,0.00129210,-0.02466008
3327,0.00490747,0.00481109,1.39535296,0.09576797,0.00061361,1.36269450,-0.00194610,0.00129206,-0.02466081
3328,0.00490747,0.00481109,1.39541829,0.09576808,0.00061365,1.36269474,-0.00194611,0.00129205,-0.02466154
3329,0.00490747,0.00481109,1.39549053,0.09576819,0.00061368,1.36269498,-0.00194617,0.00129206,-0.02466227
3330,0.00490747,0.00481109,1.39554203,0.09576830,0.00061372,1.36269522,-0.00194617,0.00129205,-0.02466299
3331,0.00490747,0.00481109,1.39559758,0.09576841,0.00061376,1.36269557,-0.00194615,0.00129202,-0.02466371
3332,0.00490747,0.00481109,1.39566803,0.09576853,0.00061379,1.36269581,-0.00194621,0.00129200,-0.02466442
3333,0.00490747,0.00481109,1.39573109,0.09576864,0.00061383,1.36269605,-0.00194622,0.00129197,-0.02466514
3334,0.00490747,0.00481109,1.39578450,0.09576875,0.00061386,1.36269617,-0.00194620,0.00129194,-0.02466585
3335,0.00490747,0.00481109,1.39585209,0.09576885,0.00061390,1.36269641,-0.00194622,0.00129195,-0.02466655
3336,0.00490747,0.00481109,1.39592397,0.09576897,0.00061393,1.36269665,-0.00194626,0.00129196,-0.02466724
3337,0.00490747,0.00481109,1.39597249,0.09576910,0.00061396,1.36269701,-0.00194625,0.00129193,-0.02466792
3338,0.00490747,0.00481109,1.39602911,0.09576923,0.00061400,1.36269724,-0.00194626,0.00129187,-0.02466859
3339,0.00490747,0.00481109,1.39607489,0.09576935,0.00061403,1.36269760,-0.00194630,0.00129185,-0.02466926
3340,0.00490747,0.00481109,1.39613950,0.09576946,0.00061406,1.36269784,-0.00194631,0.00129184,-0.02466994
3341,0.00490747,0.00481109,1.39619815,0.09576958,0.00061410,1.36269808,-0.00194631,0.00129183,-0.02467061
3342,0.00490747,0.00481109,1.39626431,0.09576969,0.00061413,1.36269820,-0.00194633,0.00129182,-0.02467129
3343,0.00490747,0.00481109,1.39632785,0.09576980,0.00061416,1.36269855,-0.00194633,0.00129182,-0.02467197
3344,0.00490747,0.00481109,1.39638317,0.09576991,0.00061420,1.36269879,-0.00194637,0.00129178,-0.02467264
3345,0.00490747,0.00481108,1.39641988,0.09577002,0.00061423,1.36269903,-0.00194637,0.00129174,-0.02467331
3346,0.00490747,0.00481108,1.39648128,0.09577013,0.00061426,1.36269927,-0.00194637,0.00129172,-0.02467398
3347,0.00490747,0.00481108,1.39654982,0.09577022,0.00061430,1.36269951,-0.00194640,0.00129173,-0.02467465
3348,0.00490747,0.00481108,1.39661455,0.09577031,0.00061433,1.36269975,-0.00194642,0.00129173,-0.02467532
3349,0.00490747,0.00481108,1.39666092,0.09577040,0.00061436,1.36269987,-0.00194641,0.00129169,-0.02467599
3350,0.00490747,0.00481108,1.39670455,0.09577050,0.00061439,1.36270010,-0.00194642,0.00129169,-0.02467665
3351,0.00490747,0.00481108,1.39678454,0.09577061,0.00061443,1.36270022,-0.00194646,0.00129170,-0.02467731
3352,0.00490747,0.00481108,1.39683330,0.09577072,0.00061446,1.36270058,-0.00194645,0.00129167,-0.02467795
3353,0.00490747,0.00481108,1.39687145,0.09577083,0.00061449,1.36270082,-0.00194646,0.00129163,-0.02467858
3354,0.00490747,0.00481108,1.39693570,0.09577094,0.00061452,1.36270106,-0.00194650,0.00129160,-0.02467922
3355,0.00490747,0.00481108,1.39700222,0.09577105,0.00061455,1.36270130,-0.00194650,0.00129162,-0.02467985
3356,0.00490747,0.00481108,1.39704287,0.09577116,0.00061458,1.36270154,-0.00194649,0.00129161,-0.02468047
3357,0.00490747,0.00481108,1.39709473,0.09577128,0.00061461,1.36270177,-0.00194652,0.00129156,-0.02468109
3358,0.00490747,0.00481108,1.39715683,0.09577139,0.00061464,1.36270213,-0.00194655,0.00129153,-0.02468172
3359,0.00490747,0.00481108,1.39720035,0.09577148,0.00061468,1.36270225,-0.00194655,0.00129154,-0.02468234
3360,0.00490747,0.00481108,1.39726675,0.09577157,0.00061471,1.36270237,-0.00194654,0.00129157,-0.02468297
3361,0.00490747,0.00481108,1.39730763,0.09577166,0.00061474,1.36270261,-0.00194657,0.00129154,-0.02468359
3362,0.00490747,0.00481108,1.39736950,0.09577175,0.00061477,1.36270285,-0.00194659,0.00129149,-0.02468420
3363,0.00490747,0.00481108,1.39741659,0.09577186,0.00061480,1.36270308,-0.00194659,0.00129145,-0.02468481
3364,0.00490747,0.00481108,1.39747310,0.09577198,0.00061483,1.36270332,-0.00194661,0.00129146,-0.02468542
3365,0.00490747,0.00481108,1.39754093,0.09577207,0.00061486,1.36270356,-0.00194662,0.00129148,-0.02468602
3366,0.00490747,0.00481108,1.39757001,0.09577216,0.00061489,1.36270380,-0.00194663,0.00129145,-0.02468662
3367,0.00490747,0.00481108,1.39762878,0.09577225,0.00061492,1.36270404,-0.00194665,0.00129140,-0.02468723
3368,0.00490747,0.00481108,1.39767408,0.09577234,0.00061495,1.36270416,-0.00194667,0.00129139,-0.02468783
3369,0.00490747,0.00481108,1.39773571,0.09577244,0.00061498,1.36270428,-0.00194665,0.00129140,-0.02468843
3370,0.00490747,0.00481108,1.39777946,0.09577253,0.00061500,1.36270452,-0.00194665,0.00129141,-0.02468902
3371,0.00490747,0.00481108,1.39784777,0.09577264,0.00061503,1.36270475,-0.00194670,0.00129139,-0.02468960
3372,0.00490747,0.00481108,1.39787257,0.09577275,0.00061506,1.36270499,-0.00194671,0.00129132,-0.02469018
3373,0.00490747,0.00481108,1.39792931,0.09577286,0.00061509,1.36270523,-0.00194670,0.00129130,-0.02469075
3374,0.00490747,0.00481108,1.39799237,0.09577297,0.00061512,1.36270559,-0.00194672,0.00129135,-0.02469132
3375,0.00490747,0.00481108,1.39803219,0.09577306,0.00061515,1.36270571,-0.00194678,0.00129133,-0.02469189
3376,0.00490747,0.00481108,1.39807892,0.09577315,0.00061518,1.36270595,-0.00194673,0.00129126,-0.02469247
3377,0.00490747,0.00481108,1.39811647,0.09577325,0.00061520,1.36270618,-0.00194674,0.00129122,-0.02469305
3378,0.00490747,0.00481108,1.39819479,0.09577332,0.00061523,1.36270630,-0.00194680,0.00129125,-0.02469363
3379,0.00490747,0.00481108,1.39823425,0.09577339,0.00061526,1.36270642,-0.00194678,0.00129127,-0.02469422
3380,0.00490747,0.00481108,1.39826834,0.09577349,0.00061529,1.36270666,-0.00194676,0.00129124,-0.02469479
3381,0.00490747,0.00481108,1.39832902,0.09577358,0.00061532,1.36270690,-0.00194682,0.00129121,-0.02469536
3382,0.00490747,0.00481108,1.39837146,0.09577367,0.00061535,1.36270702,-0.00194684,0.00129120,-0.02469593
3383,0.00490747,0.00481108,1.39842618,0.09577376,0.00061537,1.36270726,-0.00194679,0.00129120,-0.02469649
3384,0.00490747,0.00481108,1.39847541,0.09577385,0.00061540,1.36270750,-0.00194683,0.00129119,-0.02469705
3385,0.00490747,0.00481108,1.39852059,0.09577395,0.00061543,1.36270773,-0.00194688,0.00129115,-0.02469760
3386,0.00490747,0.00481108,1.39857388,0.09577404,0.00061546,1.36270797,-0.00194685,0.00129112,-0.02469815
3387,0.00490747,0.00481108,1.39861608,0.09577414,0.00061548,1.36270809,-0.00194685,0.00129113,-0.02469870
3388,0.00490747,0.00481108,1.39866936,0.09577423,0.00061551,1.36270833,-0.00194690,0.00129115,-0.02469925
3389,0.00490747,0.00481108,1.39870584,0.09577430,0.00061554,1.36270845,-0.00194690,0.00129111,-0.02469980
3390,0.00490747,0.00481108,1.39875233,0.09577437,0.00061556,1.36270857,-0.00194688,0.00129107,-0.02470035
3391,0.00490747,0.00481108,1.39879811,0.09577446,0.00061559,1.36270881,-0.00194690,0.00129108,-0.02470089
3392,0.00490747,0.00481108,1.39884889,0.09577455,0.00061562,1.36270905,-0.00194694,0.00129109,-0.02470142
3393,0.00490747,0.00481108,1.39888418,0.09577465,0.00061564,1.36270916,-0.00194693,0.00129107,-0.02470195
3394,0.00490747,0.00481108,1.39894354,0.09577474,0.00061567,1.36270940,-0.00194692,0.00129105,-0.02470247
3395,0.00490747,0.00481108,1.39899182,0.09577484,0.00061570,1.36270964,-0.00194696,0.00129103,-0.02470299
3396,0.00490747,0.00481108,1.39903390,0.09577493,0.00061572,1.36270988,-0.00194699,0.00129100,-0.02470350
3397,0.00490747,0.00481108,1.39906919,0.09577502,0.00061575,1.36271012,-0.00194697,0.00129098,-0.02470402
3398,0.00490747,0.00481108,1.39910364,0.09577509,0.00061577,1.36271024,-0.00194699,0.00129097,-0.02470455
3399,0.00490747,0.00481108,1.39918256,0.09577516,0.00061580,1.36271036,-0.00194701,0.00129099,-0.02470508
3400,0.00490747,0.00481108,1.39920986,0.09577524,0.00061582,1.36271048,-0.00194699,0.00129098,-0.02470560
3401,0.00490747,0.00481108,1.39925277,0.09577531,0.00061585,1.36271060,-0.00194701,0.00129096,-0.02470611
3402,0.00490747,0.00481108,1.39929521,0.09577540,0.00061587,1.36271083,-0.00194703,0.00129094,-0.02470661
3403,0.00490747,0.00481108,1.39933789,0.09577550,0.00061590,1.36271107,-0.00194703,0.00129094,-0.02470710
3404,0.00490747,0.00481108,1.39937949,0.09577559,0.00061592,1.36271131,-0.00194705,0.00129092,-0.02470759
3405,0.00490747,0.00481108,1.39942181,0.09577568,0.00061595,1.36271155,-0.00194706,0.00129089,-0.02470808
3406,0.00490747,0.00481108,1.39944851,0.09577575,0.00061597,1.36271167,-0.00194707,0.00129084,-0.02470858
3407,0.00490747,0.00481108,1.39950192,0.09577583,0.00061600,1.36271191,-0.00194707,0.00129087,-0.02470908
3408,0.00490747,0.00481108,1.39956546,0.09577590,0.00061602,1.36271203,-0.00194710,0.00129089,-0.02470958
3409,0.00490747,0.00481108,1.39959824,0.09577598,0.00061605,1.36271214,-0.00194709,0.00129083,-0.02471008
3410,0.00490747,0.00481108,1.39963508,0.09577605,0.00061607,1.36271238,-0.00194709,0.00129081,-0.02471058
3411,0.00490747,0.00481108,1.39968872,0.09577613,0.00061609,1.36271238,-0.00194713,0.00129083,-0.02471107
3412,0.00490747,0.00481108,1.39972818,0.09577620,0.00061612,1.36271262,-0.00194710,0.00129085,-0.02471155
3413,0.00490747,0.00481108,1.39976692,0.09577629,0.00061614,1.36271286,-0.00194712,0.00129081,-0.02471202
3414,0.00490747,0.00481108,1.39981544,0.09577639,0.00061616,1.36271298,-0.00194717,0.00129077,-0.02471249
3415,0.00490747,0.00481108,1.39984548,0.09577648,0.00061619,1.36271322,-0.00194714,0.00129075,-0.02471296
3416,0.00490747,0.00481108,1.39989412,0.09577657,0.00061621,1.36271346,-0.00194715,0.00129077,-0.02471342
3417,0.00490747,0.00481108,1.39994204,0.09577664,0.00061623,1.36271358,-0.00194721,0.00129075,-0.02471388
3418,0.00490747,0.00481108,1.39994621,0.09577671,0.00061626,1.36271381,-0.00194718,0.00129073,-0.02471435
3419,0.00490747,0.00481108,1.39998567,0.09577679,0.00061628,1.36271393,-0.00194717,0.00129072,-0.02471481
3420,0.00490747,0.00481108,1.40003490,0.09577686,0.00061630,1.36271417,-0.00194722,0.00129072,-0.02471529
3421,0.00490747,0.00481108,1.40007627,0.09577692,0.00061633,1.36271429,-0.00194723,0.00129070,-0.02471577
3422,0.00490747,0.00481108,1.40011418,0.09577698,0.00061635,1.36271441,-0.00194721,0.00129069,-0.02471625
3423,0.00490747,0.00481108,1.40015709,0.09577703,0.00061637,1.36271441,-0.00194722,0.00129069,-0.02471673
3424,0.00490747,0.00481108,1.40020180,0.09577709,0.00061640,1.36271453,-0.00194722,0.00129070,-0.02471720
3425,0.00490747,0.00481108,1.40024424,0.09577716,0.00061642,1.36271465,-0.00194723,0.00129069,-0.02471766
3426,0.00490747,0.00481108,1.40028548,0.09577723,0.00061644,1.36271489,-0.00194724,0.00129067,-0.02471811
3427,0.00490747,0.00481108,1.40032423,0.09577733,0.00061646,1.36271513,-0.00194726,0.00129062,-0.02471854
3428,0.00490747,0.00481108,1.40035713,0.09577741,0.00061649,1.36271536,-0.00194728,0.00129060,-0.02471897
3429,0.00490747,0.00481108,1.40041006,0.09577751,0.00061651,1.36271548,-0.00194727,0.00129062,-0.02471940
3430,0.00490747,0.00481108,1.40043223,0.09577760,0.00061653,1.36271572,-0.00194728,0.00129062,-0.02471982
3431,0.00490747,0.00481108,1.40046406,0.09577768,0.00061655,1.36271596,-0.00194731,0.00129058,-0.02472025
3432,0.00490747,0.00481108,1.40050483,0.09577775,0.00061657,1.36271608,-0.00194732,0.00129056,-0.02472069
3433,0.00490747,0.00481108,1.40054643,0.09577782,0.00061659,1.36271620,-0.00194731,0.00129056,-0.02472113
3434,0.00490747,0.00481108,1.40058923,0.09577788,0.00061661,1.36271644,-0.00194732,0.00129057,-0.02472158
3435,0.00490747,0.00481108,1.40063870,0.09577794,0.00061664,1.36271644,-0.00194736,0.00129056,-0.02472202
3436,0.00490747,0.00481107,1.40067196,0.09577799,0.00061666,1.36271656,-0.00194733,0.00129053,-0.02472246
3437,0.00490747,0.00481107,1.40068746,0.09577806,0.00061668,1.36271667,-0.00194732,0.00129050,-0.02472289
3438,0.00490747,0.00481107,1.40073907,0.09577814,0.00061670,1.36271691,-0.00194737,0.00129051,-0.02472332
3439,0.00490747,0.00481107,1.40078568,0.09577821,0.00061672,1.36271703,-0.00194737,0.00129053,-0.02472374
3440,0.00490747,0.00481107,1.40080810,0.09577829,0.00061674,1.36271715,-0.00194735,0.00129049,-0.02472416
3441,0.00490747,0.00481107,1.40082812,0.09577835,0.00061676,1.36271739,-0.00194738,0.00129047,-0.02472457
3442,0.00490747,0.00481107,1.40088201,0.09577843,0.00061678,1.36271751,-0.00194742,0.00129049,-0.02472498
3443,0.00490747,0.00481107,1.40091765,0.09577850,0.00061680,1.36271775,-0.00194739,0.00129048,-0.02472539
3444,0.00490747,0.00481107,1.40095544,0.09577858,0.00061682,1.36271787,-0.00194740,0.00129044,-0.02472581
3445,0.00490747,0.00481107,1.40097904,0.09577864,0.00061684,1.36271799,-0.00194743,0.00129041,-0.02472622
3446,0.00490747,0.00481107,1.40102041,0.09577869,0.00061686,1.36271811,-0.00194742,0.00129042,-0.02472663
3447,0.00490747,0.00481107,1.40106404,0.09577874,0.00061688,1.36271822,-0.00194742,0.00129043,-0.02472704
3448,0.00490747,0.00481107,1.40108824,0.09577880,0.00061690,1.36271846,-0.00194744,0.00129042,-0.02472744
3449,0.00490747,0.00481107,1.40112758,0.09577885,0.00061692,1.36271846,-0.00194746,0.00129038,-0.02472785
3450,0.00490747,0.00481107,1.40115249,0.09577891,0.00061694,1.36271858,-0.00194743,0.00129038,-0.02472825
3451,0.00490747,0.00481107,1.40119302,0.09577899,0.00061696,1.36271870,-0.00194744,0.00129041,-0.02472864
3452,0.00490747,0.00481107,1.40123749,0.09577906,0.00061698,1.36271894,-0.00194749,0.00129039,-0.02472903
3453,0.00490747,0.00481107,1.40126061,0.09577913,0.00061700,1.36271906,-0.00194747,0.00129034,-0.02472941
3454,0.00490747,0.00481107,1.40128040,0.09577920,0.00061702,1.36271930,-0.00194747,0.00129035,-0.02472979
3455,0.00490747,0.00481107,1.40133655,0.09577928,0.00061704,1.36271942,-0.00194752,0.00129037,-0.02473017
3456,0.00490747,0.00481107,1.40134943,0.09577935,0.00061706,1.36271954,-0.00194750,0.00129034,-0.02473055
3457,0.00490747,0.00481107,1.40138602,0.09577941,0.00061708,1.36271966,-0.00194749,0.00129031,-0.02473094
3458,0.00490747,0.00481107,1.40143180,0.09577946,0.00061710,1.36271989,-0.00194752,0.00129029,-0.02473132
3459,0.00490747,0.00481107,1.40145516,0.09577952,0.00061711,1.36272001,-0.00194755,0.00129028,-0.02473170
3460,0.00490747,0.00481107,1.40149426,0.09577958,0.00061713,1.36272013,-0.00194752,0.00129030,-0.02473209
3461,0.00490747,0.00481107,1.40153623,0.09577963,0.00061715,1.36272025,-0.00194753,0.00129029,-0.02473248
3462,0.00490747,0.00481107,1.40156531,0.09577969,0.00061717,1.36272037,-0.00194757,0.00129028,-0.02473287
3463,0.00490747,0.00481107,1.40158796,0.09577974,0.00061719,1.36272049,-0.00194754,0.00129025,-0.02473325
3464,0.00490747,0.00481107,1.40160954,0.09577980,0.00061721,1.36272049,-0.00194754,0.00129025,-0.02473364
3465,0.00490747,0.00481107,1.40166926,0.09577985,0.00061723,1.36272061,-0.00194757,0.00129027,-0.02473401
3466,0.00490747,0.00481107,1.40168631,0.09577990,0.00061725,1.36272073,-0.00194756,0.00129027,-0.02473437
3467,0.00490747,0.00481107,1.40171456,0.09577998,0.00061726,1.36272097,-0.00194757,0.00129023,-0.02473473
3468,0.00490747,0.00481107,1.40173984,0.09578005,0.00061728,1.36272109,-0.00194761,0.00129022,-0.02473508
3469,0.00490747,0.00481107,1.40178192,0.09578013,0.00061730,1.36272132,-0.00194758,0.00129024,-0.02473543
3470,0.00490747,0.00481107,1.40180254,0.09578020,0.00061732,1.36272144,-0.00194761,0.00129020,-0.02473578
3471,0.00490747,0.00481107,1.40184307,0.09578025,0.00061733,1.36272156,-0.00194762,0.00129017,-0.02473614
3472,0.00490747,0.00481107,1.40186381,0.09578031,0.00061735,1.36272168,-0.00194761,0.00129018,-0.02473649
3473,0.00490747,0.00481107,1.40190780,0.09578037,0.00061737,1.36272180,-0.00194762,0.00129018,-0.02473685
3474,0.00490747,0.00481107,1.40192890,0.09578042,0.00061739,1.36272192,-0.00194764,0.00129016,-0.02473721
3475,0.00490747,0.00481107,1.40196919,0.09578048,0.00061740,1.36272204,-0.00194764,0.00129015,-0.02473756
3476,0.00490747,0.00481107,1.40198946,0.09578054,0.00061742,1.36272216,-0.00194763,0.00129015,-0.02473792
3477,0.00490747,0.00481107,1.40203416,0.09578059,0.00061744,1.36272240,-0.00194765,0.00129014,-0.02473827
3478,0.00490747,0.00481107,1.40204573,0.09578064,0.00061746,1.36272252,-0.00194769,0.00129011,-0.02473863
3479,0.00490747,0.00481107,1.40208614,0.09578068,0.00061748,1.36272252,-0.00194766,0.00129012,-0.02473900
3480,0.00490747,0.00481107,1.40210700,0.09578072,0.00061749,1.36272252,-0.00194765,0.00129014,-0.02473935
3481,0.00490747,0.00481107,1.40215588,0.09578077,0.00061751,1.36272264,-0.00194769,0.00129013,-0.02473970
3482,0.00490747,0.00481107,1.40217125,0.09578083,0.00061753,1.36272275,-0.00194768,0.00129010,-0.02474003
3483,0.00490747,0.00481107,1.40220821,0.09578090,0.00061754,1.36272299,-0.00194766,0.00129009,-0.02474036
3484,0.00490747,0.00481107,1.40223694,0.09578098,0.00061756,1.36272311,-0.00194771,0.00129009,-0.02474067
3485,0.00490747,0.00481107,1.40225852,0.09578105,0.00061757,1.36272335,-0.00194772,0.00129009,-0.02474099
3486,0.00490747,0.00481107,1.40229499,0.09578110,0.00061759,1.36272347,-0.00194770,0.00129005,-0.02474131
3487,0.00490747,0.00481107,1.40230489,0.09578116,0.00061761,1.36272359,-0.00194773,0.00129001,-0.02474164
3488,0.00490747,0.00481107,1.40233898,0.09578121,0.00061762,1.36272371,-0.00194774,0.00129003,-0.02474197
3489,0.00490747,0.00481107,1.40238369,0.09578125,0.00061764,1.36272383,-0.00194772,0.00129006,-0.02474230
3490,0.00490747,0.00481107,1.40240383,0.09578129,0.00061766,1.36272383,-0.00194774,0.00129003,-0.02474264
3491,0.00490747,0.00481107,1.40243304,0.09578133,0.00061767,1.36272395,-0.00194775,0.00129000,-0.02474297
3492,0.00490747,0.00481107,1.40245414,0.09578139,0.00061769,1.36272407,-0.00194774,0.00129001,-0.02474330
3493,0.00490747,0.00481107,1.40249014,0.09578144,0.00061770,1.36272418,-0.00194776,0.00129002,-0.02474362
3494,0.00490747,0.00481107,1.40252054,0.09578149,0.00061772,1.36272430,-0.00194777,0.00129000,-0.02474394
3495,0.00490747,0.00481107,1.40253484,0.09578155,0.00061774,1.36272442,-0.00194776,0.00128997,-0.02474426
3496,0.00490747,0.00481107,1.40256155,0.09578160,0.00061775,1.36272454,-0.00194778,0.00128999,-0.02474457
3497,0.00490747,0.00481107,1.40261078,0.09578166,0.00061777,1.36272454,-0.00194779,0.00129002,-0.02474489
3498,0.00490747,0.00481107,1.40262210,0.09578171,0.00061778,1.36272478,-0.00194777,0.00128998,-0.02474519
3499,0.00490747,0.00481107,1.40264642,0.09578177,0.00061780,1.36272490,-0.00194781,0.00128994,-0.02474549
3500,0.00490747,0.00481107,1.40266228,0.09578183,0.00061781,1.36272502,-0.00194781,0.00128991,-0.02474579
3501,0.00490747,0.00481107,1.40270734,0.09578188,0.00061783,1.36272514,-0.00194779,0.00128995,-0.02474610
3502,0.00490747,0.00481107,1.40273380,0.09578194,0.00061784,1.36272526,-0.00194782,0.00128995,-0.02474640
3503,0.00490747,0.00481107,1.40275145,0.09578199,0.00061786,1.36272538,-0.00194784,0.00128991,-0.02474671
3504,0.00490747,0.00481107,1.40277588,0.09578203,0.00061787,1.36272550,-0.00194781,0.00128989,-0.02474702
3505,0.00490747,0.00481107,1.40281546,0.09578206,0.00061789,1.36272550,-0.00194783,0.00128993,-0.02474733
3506,0.00490747,0.00481107,1.40284145,0.09578210,0.00061790,1.36272562,-0.00194785,0.00128995,-0.02474763
3507,0.00490747,0.00481107,1.40284228,0.09578214,0.00061792,1.36272573,-0.00194783,0.00128989,-0.02474793
3508,0.00490747,0.00481107,1.40288424,0.09578218,0.00061793,1.36272585,-0.00194786,0.00128985,-0.02474823
3509,0.00490747,0.00481107,1.40291274,0.09578223,0.00061795,1.36272597,-0.00194786,0.00128989,-0.02474853
3510,0.00490747,0.00481107,1.40294230,0.09578229,0.00061796,1.36272609,-0.00194785,0.00128991,-0.02474882
3511,0.00490747,0.00481107,1.40295017,0.09578232,0.00061798,1.36272609,-0.00194787,0.00128986,-0.02474911
3512,0.00490747,0.00481107,1.40299177,0.09578238,0.00061799,1.36272633,-0.00194787,0.00128985,-0.02474940
3513,0.00490747,0.00481107,1.40301394,0.09578244,0.00061800,1.36272645,-0.00194788,0.00128986,-0.02474969
3514,0.00490747,0.00481107,1.40303910,0.09578247,0.00061802,1.36272645,-0.00194789,0.00128987,-0.02474998
3515,0.00490747,0.00481107,1.40305662,0.09578253,0.00061803,1.36272657,-0.00194788,0.00128986,-0.02475026
3516,0.00490747,0.00481107,1.40307903,0.09578258,0.00061805,1.36272669,-0.00194789,0.00128984,-0.02475054
3517,0.00490747,0.00481107,1.40309739,0.09578262,0.00061806,1.36272669,-0.00194791,0.00128980,-0.02475083
3518,0.00490747,0.00481107,1.40313768,0.09578267,0.00061808,1.36272681,-0.00194788,0.00128982,-0.02475110
3519,0.00490747,0.00481107,1.40316534,0.09578273,0.00061809,1.36272693,-0.00194792,0.00128983,-0.02475137
3520,0.00490747,0.00481107,1.40318620,0.09578279,0.00061810,1.36272705,-0.00194793,0.00128980,-0.02475164
3521,0.00490747,0.00481107,1.40319741,0.09578284,0.00061811,1.36272728,-0.00194790,0.00128979,-0.02475190
3522,0.00490747,0.00481107,1.40321565,0.09578290,0.00061813,1.36272740,-0.00194794,0.00128978,-0.02475217
3523,0.00490747,0.00481107,1.40324175,0.09578293,0.00061814,1.36272740,-0.00194797,0.00128978,-0.02475244
3524,0.00490747,0.00481107,1.40326202,0.09578297,0.00061816,1.36272752,-0.00194790,0.00128979,-0.02475272
3525,0.00490747,0.00481107,1.40330124,0.09578300,0.00061817,1.36272764,-0.00194795,0.00128977,-0.02475300
3526,0.00490747,0.00481107,1.40332377,0.09578304,0.00061818,1.36272776,-0.00194799,0.00128974,-0.02475328
3527,0.00490747,0.00481107,1.40333652,0.09578308,0.00061820,1.36272776,-0.00194794,0.00128975,-0.02475357
3528,0.00490747,0.00481107,1.40337324,0.09578311,0.00061821,1.36272788,-0.00194794,0.00128979,-0.02475384
3529,0.00490747,0.00481107,1.40338933,0.09578315,0.00061822,1.36272800,-0.00194800,0.00128975,-0.02475412
3530,0.00490747,0.00481107,1.40340352,0.09578319,0.00061824,1.36272800,-0.00194798,0.00128972,-0.02475440
3531,0.00490747,0.00481107,1.40344036,0.09578323,0.00061825,1.36272812,-0.00194794,0.00128972,-0.02475467
3532,0.00490747,0.00481107,1.40347230,0.09578326,0.00061827,1.36272824,-0.00194800,0.00128974,-0.02475494
3533,0.00490747,0.00481107,1.40349567,0.09578330,0.00061828,1.36272836,-0.00194800,0.00128975,-0.02475520
3534,0.00490747,0.00481107,1.40350795,0.09578334,0.00061829,1.36272836,-0.00194797,0.00128972,-0.02475545
3535,0.00490747,0.00481107,1.40352499,0.09578338,0.00061830,1.36272848,-0.00194799,0.00128968,-0.02475570
3536,0.00490747,0.00481107,1.40355515,0.09578343,0.00061832,1.36272860,-0.00194802,0.00128969,-0.02475595
3537,0.00490747,0.00481107,1.40357530,0.09578349,0.00061833,1.36272860,-0.00194799,0.00128973,-0.02475619
3538,0.00490747,0.00481107,1.40359545,0.09578354,0.00061834,1.36272871,-0.00194799,0.00128972,-0.02475643
3539,0.00490747,0.00481107,1.40360653,0.09578360,0.00061835,1.36272883,-0.00194804,0.00128965,-0.02475666
3540,0.00490747,0.00481107,1.40362179,0.09578365,0.00061836,1.36272895,-0.00194802,0.00128964,-0.02475688
3541,0.00490747,0.00481107,1.40365601,0.09578370,0.00061837,1.36272919,-0.00194801,0.00128969,-0.02475711
3542,0.00490747,0.00481107,1.40368831,0.09578376,0.00061838,1.36272931,-0.00194808,0.00128968,-0.02475735
3543,0.00490747,0.00481107,1.40368652,0.09578380,0.00061840,1.36272931,-0.00194804,0.00128962,-0.02475759
3544,0.00490747,0.00481107,1.40370142,0.09578384,0.00061841,1.36272943,-0.00194800,0.00128963,-0.02475784
3545,0.00490747,0.00481107,1.40375245,0.09578387,0.00061842,1.36272955,-0.00194809,0.00128967,-0.02475810
3546,0.00490747,0.00481107,1.40375519,0.09578389,0.00061843,1.36272955,-0.00194807,0.00128964,-0.02475836
3547,0.00490747,0.00481107,1.40376472,0.09578391,0.00061845,1.36272955,-0.00194801,0.00128962,-0.02475862
3548,0.00490747,0.00481107,1.40379941,0.09578393,0.00061846,1.36272967,-0.00194807,0.00128964,-0.02475888
3549,0.00490747,0.00481107,1.40382147,0.09578395,0.00061847,1.36272967,-0.00194810,0.00128962,-0.02475913
3550,0.00490747,0.00481107,1.40383089,0.09578399,0.00061848,1.36272979,-0.00194802,0.00128963,-0.02475938
3551,0.00490747,0.00481107,1.40385902,0.09578402,0.00061850,1.36272991,-0.00194806,0.00128963,-0.02475962
3552,0.00490747,0.00481107,1.40388954,0.09578406,0.00061851,1.36272991,-0.00194813,0.00128961,-0.02475986
3553,0.00490747,0.00481107,1.40389431,0.09578409,0.00061852,1.36273003,-0.00194804,0.00128960,-0.02476009
3554,0.00490747,0.00481107,1.40391707,0.09578413,0.00061853,1.36273015,-0.00194807,0.00128958,-0.02476032
3555,0.00490747,0.00481107,1.40395045,0.09578416,0.00061854,1.36273026,-0.00194815,0.00128956,-0.02476055
3556,0.00490747,0.00481107,1.40396190,0.09578420,0.00061855,1.36273026,-0.00194807,0.00128959,-0.02476077
3557,0.00490747,0.00481107,1.40397871,0.09578424,0.00061856,1.36273038,-0.00194805,0.00128959,-0.02476099
3558,0.00490747,0.00481107,1.40401590,0.09578428,0.00061858,1.36273050,-0.00194816,0.00128956,-0.02476121
3559,0.00490747,0.00481107,1.40401590,0.09578431,0.00061859,1.36273050,-0.00194811,0.00128954,-0.02476142
3560,0.00490747,0.00481107,1.40403676,0.09578437,0.00061860,1.36273062,-0.00194804,0.00128957,-0.02476163
3561,0.00490747,0.00481107,1.40408218,0.09578443,0.00061861,1.36273074,-0.00194816,0.00128958,-0.02476184
3562,0.00490747,0.00481107,1.40408254,0.09578448,0.00061862,1.36273086,-0.00194815,0.00128952,-0.02476204
3563,0.00490747,0.00481107,1.40406418,0.09578454,0.00061863,1.36273098,-0.00194808,0.00128950,-0.02476225
3564,0.00490747,0.00481107,1.40411818,0.09578457,0.00061864,1.36273098,-0.00194816,0.00128955,-0.02476246
3565,0.00490747,0.00481107,1.40414190,0.09578461,0.00061865,1.36273110,-0.00194816,0.00128956,-0.02476267
3566,0.00490747,0.00481107,1.40413404,0.09578465,0.00061866,1.36273122,-0.00194810,0.00128950,-0.02476289
3567,0.00490747,0.00481107,1.40416288,0.09578469,0.00061867,1.36273134,-0.00194816,0.00128948,-0.02476311
3568,0.00490747,0.00481107,1.40418959,0.09578470,0.00061868,1.36273134,-0.00194819,0.00128950,-0.02476335
3569,0.00490747,0.00481107,1.40421581,0.09578472,0.00061869,1.36273134,-0.00194811,0.00128955,-0.02476358
3570,0.00490747,0.00481107,1.40422738,0.09578474,0.00061870,1.36273146,-0.00194815,0.00128951,-0.02476380
3571,0.00490747,0.00481107,1.40425503,0.09578476,0.00061872,1.36273146,-0.00194820,0.00128948,-0.02476403
3572,0.00490747,0.00481107,1.40426195,0.09578480,0.00061873,1.36273158,-0.00194813,0.00128947,-0.02476424
3573,0.00490747,0.00481107,1.40429103,0.09578484,0.00061874,1.36273170,-0.00194817,0.00128948,-0.02476445
3574,0.00490747,0.00481107,1.40432096,0.09578487,0.00061875,1.36273170,-0.00194822,0.00128949,-0.02476466
3575,0.00490747,0.00481107,1.40430629,0.09578490,0.00061876,1.36273181,-0.00194813,0.00128948,-0.02476486
3576,0.00490747,0.00481107,1.40433204,0.09578494,0.00061877,1.36273193,-0.00194818,0.00128946,-0.02476506
3577,0.00490747,0.00481107,1.40435815,0.09578498,0.00061878,1.36273193,-0.00194823,0.00128943,-0.02476527
3578,0.00490747,0.00481107,1.40436924,0.09578501,0.00061879,1.36273205,-0.00194815,0.00128946,-0.02476547
3579,0.00490747,0.00481107,1.40439749,0.09578505,0.00061880,1.36273217,-0.00194819,0.00128946,-0.02476567
3580,0.00490747,0.00481107,1.40442407,0.09578509,0.00061881,1.36273229,-0.00194825,0.00128943,-0.02476587
3581,0.00490747,0.00481106,1.40439880,0.09578513,0.00061882,1.36273229,-0.00194818,0.00128941,-0.02476607
3582,0.00490747,0.00481107,1.40443647,0.09578515,0.00061883,1.36273241,-0.00194819,0.00128945,-0.02476628
3583,0.00490747,0.00481107,1.40447199,0.09578516,0.00061884,1.36273241,-0.00194826,0.00128946,-0.02476649
3584,0.00490747,0.00481107,1.40446484,0.09578519,0.00061885,1.36273241,-0.00194820,0.00128940,-0.02476670
3585,0.00490747,0.00481106,1.40448260,0.09578520,0.00061886,1.36273253,-0.00194818,0.00128940,-0.02476690
3586,0.00490747,0.00481107,1.40453351,0.09578522,0.00061887,1.36273253,-0.00194827,0.00128943,-0.02476710
3587,0.00490747,0.00481107,1.40454650,0.09578525,0.00061888,1.36273265,-0.00194821,0.00128945,-0.02476729
3588,0.00490747,0.00481106,1.40452826,0.09578529,0.00061889,1.36273265,-0.00194820,0.00128940,-0.02476747
3589,0.00490747,0.00481107,1.40455627,0.09578533,0.00061889,1.36273265,-0.00194825,0.00128938,-0.02476765
3590,0.00490747,0.00481107,1.40458846,0.09578539,0.00061890,1.36273277,-0.00194822,0.00128943,-0.02476782
3591,0.00490747,0.00481106,1.40458798,0.09578544,0.00061891,1.36273289,-0.00194822,0.00128943,-0.02476798
3592,0.00490747,0.00481106,1.40459788,0.09578550,0.00061892,1.36273313,-0.00194826,0.00128936,-0.02476814
3593,0.00490747,0.00481106,1.40461266,0.09578554,0.00061893,1.36273313,-0.00194826,0.00128933,-0.02476831
3594,0.00490747,0.00481106,1.40463984,0.09578557,0.00061894,1.36273324,-0.00194823,0.00128940,-0.02476848
3595,0.00490747,0.00481106,1.40464544,0.09578561,0.00061894,1.36273336,-0.00194827,0.00128941,-0.02476866
3596,0.00490747,0.00481106,1.40466154,0.09578563,0.00061895,1.36273336,-0.00194829,0.00128934,-0.02476885
3597,0.00490747,0.00481106,1.40467060,0.09578564,0.00061896,1.36273336,-0.00194824,0.00128931,-0.02476904
3598,0.00490747,0.00481106,1.40470350,0.09578566,0.00061897,1.36273348,-0.00194827,0.00128937,-0.02476924
3599,0.00490747,0.00481106,1.40473533,0.09578568,0.00061898,1.36273348,-0.00194829,0.00128941,-0.02476944
3600,0.00490747,0.00481106,1.40472078,0.09578570,0.00061899,1.36273348,-0.00194825,0.00128936,-0.02476963
3601,0.00490747,0.00481106,1.40472686,0.09578571,0.00061900,1.36273360,-0.00194827,0.00128930,-0.02476982
3602,0.00490747,0.00481106,1.40477192,0.09578574,0.00061901,1.36273360,-0.00194831,0.00128934,-0.02477000
3603,0.00490747,0.00481106,1.40478623,0.09578575,0.00061902,1.36273372,-0.00194826,0.00128937,-0.02477019
3604,0.00490747,0.00481106,1.40478981,0.09578577,0.00061903,1.36273372,-0.00194828,0.00128936,-0.02477036
3605,0.00490747,0.00481106,1.40479779,0.09578581,0.00061904,1.36273384,-0.00194831,0.00128930,-0.02477054
3606,0.00490747,0.00481106,1.40482509,0.09578585,0.00061905,1.36273384,-0.00194828,0.00128931,-0.02477071
3607,0.00490747,0.00481106,1.40485275,0.09578589,0.00061905,1.36273396,-0.00194828,0.00128935,-0.02477087
3608,0.00490747,0.00481106,1.40485406,0.09578592,0.00061906,1.36273408,-0.00194832,0.00128932,-0.02477103
3609,0.00490747,0.00481106,1.40485716,0.09578596,0.00061907,1.36273420,-0.00194830,0.00128929,-0.02477119
3610,0.00490747,0.00481106,1.40488219,0.09578598,0.00061908,1.36273420,-0.00194831,0.00128930,-0.02477136
3611,0.00490747,0.00481106,1.40489495,0.09578600,0.00061909,1.36273420,-0.00194832,0.00128932,-0.02477153
3612,0.00490747,0.00481106,1.40491462,0.09578601,0.00061910,1.36273432,-0.00194830,0.00128933,-0.02477170
3613,0.00490747,0.00481106,1.40492511,0.09578603,0.00061910,1.36273432,-0.00194833,0.00128928,-0.02477187
3614,0.00490747,0.00481106,1.40492129,0.09578605,0.00061911,1.36273432,-0.00194832,0.00128927,-0.02477204
3615,0.00490747,0.00481106,1.40495574,0.09578609,0.00061912,1.36273444,-0.00194829,0.00128932,-0.02477220
3616,0.00490747,0.00481106,1.40498281,0.09578612,0.00061913,1.36273456,-0.00194834,0.00128931,-0.02477236
3617,0.00490747,0.00481106,1.40496600,0.09578614,0.00061914,1.36273456,-0.00194835,0.00128924,-0.02477252
3618,0.00490747,0.00481106,1.40497792,0.09578616,0.00061914,1.36273456,-0.00194829,0.00128925,-0.02477269
3619,0.00490747,0.00481106,1.40502346,0.09578620,0.00061915,1.36273468,-0.00194833,0.00128931,-0.02477284
3620,0.00490747,0.00481106,1.40502059,0.09578624,0.00061916,1.36273479,-0.00194838,0.00128930,-0.02477300
3621,0.00490747,0.00481106,1.40502059,0.09578625,0.00061917,1.36273479,-0.00194831,0.00128923,-0.02477316
3622,0.00490747,0.00481106,1.40504503,0.09578627,0.00061918,1.36273479,-0.00194834,0.00128922,-0.02477332
3623,0.00490747,0.00481106,1.40505898,0.09578631,0.00061918,1.36273479,-0.00194837,0.00128928,-0.02477347
3624,0.00490747,0.00481106,1.40507340,0.09578635,0.00061919,1.36273491,-0.00194832,0.00128930,-0.02477362
3625,0.00490747,0.00481106,1.40509057,0.09578638,0.00061920,1.36273503,-0.00194834,0.00128924,-0.02477376
3626,0.00490747,0.00481106,1.40509307,0.09578642,0.00061920,1.36273515,-0.00194840,0.00128920,-0.02477391
3627,0.00490747,0.00481106,1.40511262,0.09578644,0.00061921,1.36273515,-0.00194835,0.00128924,-0.02477406
3628,0.00490747,0.00481106,1.40513611,0.09578645,0.00061922,1.36273515,-0.00194835,0.00128927,-0.02477421
3629,0.00490747,0.00481106,1.40514112,0.09578649,0.00061923,1.36273527,-0.00194839,0.00128926,-0.02477436
3630,0.00490747,0.00481106,1.40515459,0.09578651,0.00061923,1.36273527,-0.00194837,0.00128922,-0.02477450
3631,0.00490747,0.00481106,1.40515196,0.09578653,0.00061924,1.36273539,-0.00194835,0.00128922,-0.02477465
3632,0.00490747,0.00481106,1.40517986,0.09578655,0.00061925,1.36273539,-0.00194840,0.00128921,-0.02477480
3633,0.00490747,0.00481106,1.40520036,0.09578656,0.00061926,1.36273539,-0.00194838,0.00128923,-0.02477496
3634,0.00490747,0.00481106,1.40519547,0.09578659,0.00061926,1.36273551,-0.00194835,0.00128923,-0.02477510
3635,0.00490747,0.00481106,1.40522075,0.09578660,0.00061927,1.36273551,-0.00194841,0.00128919,-0.02477525
3636,0.00490747,0.00481106,1.40523911,0.09578662,0.00061928,1.36273563,-0.00194839,0.00128920,-0.02477539
3637,0.00490747,0.00481106,1.40524113,0.09578664,0.00061929,1.36273563,-0.00194837,0.00128922,-0.02477553
3638,0.00490747,0.00481106,1.40526235,0.09578668,0.00061929,1.36273575,-0.00194840,0.00128920,-0.02477567
3639,0.00490747,0.00481106,1.40525067,0.09578670,0.00061930,1.36273575,-0.00194840,0.00128918,-0.02477581
3640,0.00490747,0.00481106,1.40528023,0.09578671,0.00061931,1.36273575,-0.00194838,0.00128920,-0.02477595
3641,0.00490747,0.00481106,1.40528655,0.09578675,0.00061931,1.36273587,-0.00194839,0.00128922,-0.02477609
3642,0.00490747,0.00481106,1.40529680,0.09578677,0.00061932,1.36273587,-0.00194843,0.00128916,-0.02477623
3643,0.00490747,0.00481106,1.40530884,0.09578679,0.00061933,1.36273599,-0.00194838,0.00128916,-0.02477637
3644,0.00490747,0.00481106,1.40531492,0.09578680,0.00061933,1.36273599,-0.00194840,0.00128919,-0.02477650
3645,0.00490747,0.00481106,1.40535474,0.09578682,0.00061934,1.36273599,-0.00194843,0.00128921,-0.02477664
3646,0.00490747,0.00481106,1.40533352,0.09578686,0.00061935,1.36273611,-0.00194839,0.00128919,-0.02477677
3647,0.00490747,0.00481106,1.40535593,0.09578688,0.00061935,1.36273623,-0.00194843,0.00128915,-0.02477690
3648,0.00490747,0.00481106,1.40536189,0.09578690,0.00061936,1.36273623,-0.00194844,0.00128916,-0.02477703
3649,0.00490747,0.00481106,1.40537429,0.09578691,0.00061937,1.36273623,-0.00194839,0.00128917,-0.02477717
3650,0.00490747,0.00481106,1.40540338,0.09578694,0.00061937,1.36273634,-0.00194843,0.00128917,-0.02477731
3651,0.00490747,0.00481106,1.40540028,0.09578695,0.00061938,1.36273634,-0.00194845,0.00128914,-0.02477745
3652,0.00490747,0.00481106,1.40541852,0.09578697,0.00061939,1.36273634,-0.00194841,0.00128916,-0.02477758
3653,0.00490747,0.00481106,1.40542138,0.09578699,0.00061939,1.36273646,-0.00194843,0.00128916,-0.02477771
3654,0.00490747,0.00481106,1.40544438,0.09578701,0.00061940,1.36273646,-0.00194846,0.00128913,-0.02477785
3655,0.00490747,0.00481106,1.40543807,0.09578703,0.00061941,1.36273646,-0.00194842,0.00128915,-0.02477798
3656,0.00490747,0.00481106,1.40546370,0.09578705,0.00061941,1.36273658,-0.00194842,0.00128917,-0.02477811
3657,0.00490747,0.00481106,1.40547168,0.09578706,0.00061942,1.36273658,-0.00194849,0.00128915,-0.02477823
3658,0.00490747,0.00481106,1.40547752,0.09578709,0.00061943,1.36273670,-0.00194842,0.00128912,-0.02477836
3659,0.00490747,0.00481106,1.40549088,0.09578710,0.00061943,1.36273670,-0.00194844,0.00128911,-0.02477849
3660,0.00490747,0.00481106,1.40550971,0.09578712,0.00061944,1.36273670,-0.00194848,0.00128913,-0.02477861
3661,0.00490747,0.00481106,1.40552711,0.09578714,0.00061944,1.36273682,-0.00194843,0.00128916,-0.02477873
3662,0.00490747,0.00481106,1.40552580,0.09578715,0.00061945,1.36273682,-0.00194846,0.00128911,-0.02477885
3663,0.00490747,0.00481106,1.40554476,0.09578717,0.00061946,1.36273682,-0.00194847,0.00128908,-0.02477897
3664,0.00490747,0.00481106,1.40554345,0.09578721,0.00061946,1.36273682,-0.00194843,0.00128914,-0.02477909
3665,0.00490747,0.00481106,1.40555632,0.09578725,0.00061947,1.36273694,-0.00194846,0.00128918,-0.02477919
3666,0.00490747,0.00481106,1.40557218,0.09578729,0.00061947,1.36273694,-0.00194849,0.00128910,-0.02477930
3667,0.00490747,0.00481106,1.40554214,0.09578732,0.00061948,1.36273706,-0.00194844,0.00128904,-0.02477940
3668,0.00490747,0.00481106,1.40559423,0.09578736,0.00061948,1.36273718,-0.00194848,0.00128914,-0.02477951
3669,0.00490747,0.00481106,1.40560460,0.09578738,0.00061949,1.36273718,-0.00194851,0.00128917,-0.02477963
3670,0.00490747,0.00481106,1.40560126,0.09578740,0.00061949,1.36273730,-0.00194844,0.00128907,-0.02477974
3671,0.00490747,0.00481106,1.40559113,0.09578741,0.00061950,1.36273730,-0.00194849,0.00128901,-0.02477987
3672,0.00490747,0.00481106,1.40563941,0.09578744,0.00061951,1.36273730,-0.00194851,0.00128911,-0.02478000
3673,0.00490747,0.00481106,1.40563321,0.09578745,0.00061951,1.36273742,-0.00194845,0.00128915,-0.02478013
3674,0.00490747,0.00481106,1.40565598,0.09578745,0.00061952,1.36273742,-0.00194851,0.00128908,-0.02478027
3675,0.00490747,0.00481106,1.40565836,0.09578745,0.00061953,1.36273742,-0.00194850,0.00128902,-0.02478041
3676,0.00490747,0.00481106,1.40566826,0.09578745,0.00061953,1.36273742,-0.00194844,0.00128909,-0.02478055
3677,0.00490747,0.00481106,1.40570724,0.09578745,0.00061954,1.36273742,-0.00194851,0.00128915,-0.02478068
3678,0.00490747,0.00481106,1.40569961,0.09578747,0.00061955,1.36273742,-0.00194851,0.00128909,-0.02478080
3679,0.00490747,0.00481106,1.40569139,0.09578749,0.00061955,1.36273742,-0.00194845,0.00128902,-0.02478091
3680,0.00490747,0.00481106,1.40572095,0.09578753,0.00061956,1.36273754,-0.00194851,0.00128909,-0.02478101
3681,0.00490747,0.00481106,1.40574932,0.09578756,0.00061956,1.36273766,-0.00194852,0.00128913,-0.02478111
3682,0.00490747,0.00481106,1.40572035,0.09578760,0.00061957,1.36273777,-0.00194848,0.00128904,-0.02478120
3683,0.00490747,0.00481106,1.40572155,0.09578764,0.00061957,1.36273777,-0.00194852,0.00128899,-0.02478130
3684,0.00490747,0.00481106,1.40574872,0.09578765,0.00061958,1.36273789,-0.00194851,0.00128905,-0.02478141
3685,0.00490747,0.00481106,1.40576422,0.09578767,0.00061958,1.36273789,-0.00194850,0.00128911,-0.02478152
3686,0.00490747,0.00481106,1.40576792,0.09578769,0.00061959,1.36273789,-0.00194852,0.00128904,-0.02478164
3687,0.00490747,0.00481106,1.40576446,0.09578771,0.00061959,1.36273801,-0.00194852,0.00128902,-0.02478176
3688,0.00490747,0.00481106,1.40579200,0.09578771,0.00061960,1.36273801,-0.00194852,0.00128905,-0.02478189
3689,0.00490747,0.00481106,1.40580392,0.09578771,0.00061961,1.36273801,-0.00194852,0.00128907,-0.02478202
3690,0.00490747,0.00481106,1.40580857,0.09578771,0.00061961,1.36273801,-0.00194852,0.00128902,-0.02478214
3691,0.00490747,0.00481106,1.40580964,0.09578771,0.00061962,1.36273801,-0.00194852,0.00128903,-0.02478227
3692,0.00490747,0.00481106,1.40584719,0.09578771,0.00061963,1.36273801,-0.00194852,0.00128907,-0.02478239
3693,0.00490747,0.00481106,1.40583420,0.09578773,0.00061963,1.36273801,-0.00194852,0.00128905,-0.02478250
3694,0.00490747,0.00481106,1.40584946,0.09578775,0.00061964,1.36273813,-0.00194852,0.00128901,-0.02478260
3695,0.00490747,0.00481106,1.40585566,0.09578776,0.00061964,1.36273813,-0.00194854,0.00128903,-0.02478270
3696,0.00490747,0.00481106,1.40587914,0.09578779,0.00061965,1.36273813,-0.00194853,0.00128906,-0.02478279
3697,0.00490747,0.00481106,1.40587425,0.09578782,0.00061965,1.36273825,-0.00194851,0.00128904,-0.02478287
3698,0.00490747,0.00481106,1.40587592,0.09578786,0.00061965,1.36273837,-0.00194857,0.00128898,-0.02478295
3699,0.00490747,0.00481106,1.40588999,0.09578790,0.00061966,1.36273837,-0.00194854,0.00128898,-0.02478304
3700,0.00490747,0.00481106,1.40589643,0.09578793,0.00061966,1.36273849,-0.00194852,0.00128905,-0.02478312
3701,0.00490747,0.00481106,1.40590703,0.09578795,0.00061967,1.36273849,-0.00194858,0.00128904,-0.02478322
3702,0.00490747,0.00481106,1.40590811,0.09578796,0.00061967,1.36273861,-0.00194854,0.00128896,-0.02478332
3703,0.00490747,0.00481106,1.40590918,0.09578796,0.00061968,1.36273861,-0.00194854,0.00128896,-0.02478343
3704,0.00490747,0.00481106,1.40594780,0.09578796,0.00061968,1.36273861,-0.00194859,0.00128904,-0.02478355
3705,0.00490747,0.00481106,1.40594256,0.09578796,0.00061969,1.36273861,-0.00194853,0.00128906,-0.02478367
3706,0.00490747,0.00481106,1.40595102,0.09578796,0.00061969,1.36273861,-0.00194854,0.00128896,-0.02478378
3707,0.00490747,0.00481106,1.40596020,0.09578796,0.00061970,1.36273861,-0.00194859,0.00128895,-0.02478390
3708,0.00490747,0.00481106,1.40597737,0.09578796,0.00061971,1.36273861,-0.00194852,0.00128902,-0.02478401
3709,0.00490747,0.00481106,1.40598869,0.09578799,0.00061971,1.36273861,-0.00194855,0.00128906,-0.02478411
3710,0.00490747,0.00481106,1.40598428,0.09578800,0.00061972,1.36273873,-0.00194858,0.00128898,-0.02478420
3711,0.00490747,0.00481106,1.40597808,0.09578802,0.00061972,1.36273873,-0.00194855,0.00128891,-0.02478429
3712,0.00490747,0.00481106,1.40600264,0.09578804,0.00061972,1.36273873,-0.00194855,0.00128901,-0.02478438
3713,0.00490747,0.00481106,1.40603530,0.09578806,0.00061973,1.36273885,-0.00194858,0.00128906,-0.02478446
3714,0.00490747,0.00481106,1.40602052,0.09578808,0.00061973,1.36273885,-0.00194857,0.00128897,-0.02478454
3715,0.00490747,0.00481106,1.40600026,0.09578811,0.00061974,1.36273885,-0.00194856,0.00128890,-0.02478461
3716,0.00490747,0.00481106,1.40604711,0.09578815,0.00061974,1.36273885,-0.00194856,0.00128902,-0.02478469
3717,0.00490747,0.00481106,1.40605497,0.09578819,0.00061974,1.36273897,-0.00194857,0.00128907,-0.02478475
3718,0.00490747,0.00481106,1.40603280,0.09578823,0.00061975,1.36273909,-0.00194859,0.00128895,-0.02478482
3719,0.00490747,0.00481106,1.40602171,0.09578825,0.00061975,1.36273909,-0.00194857,0.00128888,-0.02478490
3720,0.00490747,0.00481106,1.40606570,0.09578826,0.00061975,1.36273921,-0.00194858,0.00128897,-0.02478498
3721,0.00490747,0.00481106,1.40607607,0.09578829,0.00061976,1.36273921,-0.00194860,0.00128903,-0.02478507
3722,0.00490747,0.00481106,1.40608418,0.09578829,0.00061976,1.36273921,-0.00194858,0.00128896,-0.02478517
3723,0.00490747,0.00481106,1.40606594,0.09578829,0.00061977,1.36273921,-0.00194858,0.00128889,-0.02478528
3724,0.00490747,0.00481106,1.40608835,0.09578829,0.00061977,1.36273921,-0.00194860,0.00128896,-0.02478538
3725,0.00490747,0.00481106,1.40611398,0.09578829,0.00061978,1.36273921,-0.00194858,0.00128902,-0.02478549
3726,0.00490747,0.00481106,1.40610671,0.09578829,0.00061978,1.36273921,-0.00194857,0.00128897,-0.02478559
3727,0.00490747,0.00481106,1.40611172,0.09578829,0.00061979,1.36273921,-0.00194860,0.00128890,-0.02478568
3728,0.00490747,0.00481106,1.40612912,0.09578830,0.00061979,1.36273921,-0.00194859,0.00128896,-0.02478577
3729,0.00490747,0.00481106,1.40613163,0.09578831,0.00061980,1.36273932,-0.00194856,0.00128901,-0.02478585
3730,0.00490747,0.00481106,1.40614414,0.09578834,0.00061980,1.36273932,-0.00194862,0.00128894,-0.02478593
3731,0.00490747,0.00481106,1.40613019,0.09578835,0.00061980,1.36273932,-0.00194858,0.00128890,-0.02478600
3732,0.00490747,0.00481106,1.40614820,0.09578837,0.00061981,1.36273944,-0.00194858,0.00128896,-0.02478607
3733,0.00490747,0.00481106,1.40618312,0.09578839,0.00061981,1.36273944,-0.00194863,0.00128899,-0.02478614
3734,0.00490747,0.00481106,1.40615463,0.09578841,0.00061981,1.36273944,-0.00194859,0.00128891,-0.02478621
3735,0.00490747,0.00481106,1.40615129,0.09578843,0.00061982,1.36273956,-0.00194857,0.00128891,-0.02478627
3736,0.00490747,0.00481106,1.40618050,0.09578845,0.00061982,1.36273956,-0.00194865,0.00128896,-0.02478634
3737,0.00490747,0.00481106,1.40619242,0.09578846,0.00061983,1.36273968,-0.00194859,0.00128896,-0.02478642
3738,0.00490747,0.00481106,1.40617383,0.09578849,0.00061983,1.36273968,-0.00194859,0.00128889,-0.02478650
3739,0.00490747,0.00481106,1.40620387,0.09578849,0.00061983,1.36273968,-0.00194864,0.00128890,-0.02478659
3740,0.00490747,0.00481106,1.40621340,0.09578849,0.00061984,1.36273968,-0.00194859,0.00128896,-0.02478668
3741,0.00490747,0.00481106,1.40621305,0.09578849,0.00061984,1.36273968,-0.00194860,0.00128895,-0.02478677
3742,0.00490747,0.00481106,1.40622473,0.09578849,0.00061985,1.36273968,-0.00194865,0.00128888,-0.02478686
3743,0.00490747,0.00481106,1.40621567,0.09578850,0.00061985,1.36273968,-0.00194859,0.00128889,-0.02478694
3744,0.00490747,0.00481106,1.40623450,0.09578852,0.00061985,1.36273980,-0.00194859,0.00128896,-0.02478702
3745,0.00490747,0.00481106,1.40625632,0.09578854,0.00061986,1.36273980,-0.00194866,0.00128894,-0.02478710
3746,0.00490747,0.00481106,1.40623569,0.09578856,0.00061986,1.36273980,-0.00194859,0.00128888,-0.02478717
3747,0.00490747,0.00481106,1.40623772,0.09578858,0.00061987,1.36273992,-0.00194860,0.00128888,-0.02478725
3748,0.00490747,0.00481106,1.40627897,0.09578860,0.00061987,1.36273992,-0.00194869,0.00128892,-0.02478733
3749,0.00490747,0.00481106,1.40625918,0.09578861,0.00061987,1.36273992,-0.00194859,0.00128892,-0.02478740
3750,0.00490747,0.00481106,1.40626574,0.09578864,0.00061988,1.36274004,-0.00194861,0.00128892,-0.02478748
3751,0.00490747,0.00481106,1.40629387,0.09578864,0.00061988,1.36274004,-0.00194869,0.00128887,-0.02478756
3752,0.00490747,0.00481106,1.40627730,0.09578864,0.00061989,1.36274004,-0.00194859,0.00128887,-0.02478765
3753,0.00490747,0.00481106,1.40628493,0.09578864,0.00061989,1.36274004,-0.00194861,0.00128891,-0.02478774
3754,0.00490747,0.00481106,1.40632296,0.09578864,0.00061989,1.36274004,-0.00194868,0.00128894,-0.02478782
3755,0.00490747,0.00481106,1.40629888,0.09578864,0.00061990,1.36274004,-0.00194859,0.00128889,-0.02478790
3756,0.00490747,0.00481106,1.40630507,0.09578865,0.00061990,1.36274004,-0.00194864,0.00128887,-0.02478798
3757,0.00490747,0.00481106,1.40633428,0.09578867,0.00061991,1.36274016,-0.00194867,0.00128889,-0.02478805
3758,0.00490747,0.00481106,1.40632606,0.09578869,0.00061991,1.36274016,-0.00194861,0.00128891,-0.02478812
3759,0.00490747,0.00481106,1.40633142,0.09578870,0.00061991,1.36274016,-0.00194864,0.00128891,-0.02478818
3760,0.00490747,0.00481106,1.40633214,0.09578872,0.00061992,1.36274028,-0.00194866,0.00128888,-0.02478825
3761,0.00490747,0.00481106,1.40634429,0.09578874,0.00061992,1.36274028,-0.00194863,0.00128885,-0.02478832
3762,0.00490747,0.00481106,1.40635073,0.09578876,0.00061992,1.36274028,-0.00194864,0.00128889,-0.02478839
3763,0.00490747,0.00481106,1.40635622,0.09578876,0.00061993,1.36274028,-0.00194866,0.00128891,-0.02478847
3764,0.00490747,0.00481106,1.40637147,0.09578876,0.00061993,1.36274028,-0.00194864,0.00128889,-0.02478854
3765,0.00490747,0.00481106,1.40636611,0.09578878,0.00061993,1.36274040,-0.00194864,0.00128886,-0.02478861
3766,0.00490747,0.00481106,1.40637565,0.09578880,0.00061994,1.36274040,-0.00194868,0.00128887,-0.02478867
3767,0.00490747,0.00481106,1.40639210,0.09578880,0.00061994,1.36274040,-0.00194864,0.00128888,-0.02478875
3768,0.00490747,0.00481106,1.40639043,0.09578881,0.00061994,1.36274040,-0.00194864,0.00128886,-0.02478882
3769,0.00490747,0.00481106,1.40639234,0.09578884,0.00061995,1.36274052,-0.00194867,0.00128885,-0.02478888
3770,0.00490747,0.00481106,1.40639281,0.09578884,0.00061995,1.36274052,-0.00194865,0.00128887,-0.02478895
3771,0.00490747,0.00481106,1.40641189,0.09578884,0.00061995,1.36274052,-0.00194865,0.00128886,-0.02478903
3772,0.00490747,0.00481106,1.40641356,0.09578884,0.00061996,1.36274052,-0.00194868,0.00128885,-0.02478910
3773,0.00490747,0.00481106,1.40641201,0.09578884,0.00061996,1.36274052,-0.00194864,0.00128888,-0.02478917
3774,0.00490747,0.00481106,1.40643632,0.09578884,0.00061997,1.36274052,-0.00194866,0.00128887,-0.02478924
3775,0.00490747,0.00481106,1.40643275,0.09578885,0.00061997,1.36274052,-0.00194867,0.00128884,-0.02478931
3776,0.00490747,0.00481106,1.40643203,0.09578887,0.00061997,1.36274064,-0.00194864,0.00128887,-0.02478936
3777,0.00490747,0.00481106,1.40643692,0.09578889,0.00061997,1.36274064,-0.00194868,0.00128886,-0.02478942
3778,0.00490747,0.00481106,1.40645421,0.09578891,0.00061998,1.36274064,-0.00194866,0.00128886,-0.02478948
3779,0.00490747,0.00481106,1.40645611,0.09578893,0.00061998,1.36274076,-0.00194866,0.00128887,-0.02478954
3780,0.00490747,0.00481106,1.40644729,0.09578895,0.00061998,1.36274076,-0.00194870,0.00128883,-0.02478960
3781,0.00490747,0.00481106,1.40644968,0.09578895,0.00061999,1.36274076,-0.00194865,0.00128884,-0.02478966
3782,0.00490747,0.00481106,1.40648043,0.09578895,0.00061999,1.36274076,-0.00194867,0.00128887,-0.02478973
3783,0.00490747,0.00481106,1.40647805,0.09578895,0.00061999,1.36274076,-0.00194869,0.00128884,-0.02478980
3784,0.00490747,0.00481106,1.40647221,0.09578895,0.00062000,1.36274076,-0.00194865,0.00128884,-0.02478986
3785,0.00490747,0.00481106,1.40647697,0.09578896,0.00062000,1.36274076,-0.00194867,0.00128885,-0.02478992
3786,0.00490747,0.00481106,1.40650332,0.09578899,0.00062000,1.36274087,-0.00194868,0.00128887,-0.02478998
3787,0.00490747,0.00481106,1.40648293,0.09578900,0.00062000,1.36274087,-0.00194867,0.00128881,-0.02479004
3788,0.00490747,0.00481106,1.40648556,0.09578902,0.00062001,1.36274087,-0.00194868,0.00128882,-0.02479010
3789,0.00490747,0.00481106,1.40650380,0.09578904,0.00062001,1.36274087,-0.00194869,0.00128887,-0.02479016
3790,0.00490747,0.00481106,1.40651739,0.09578904,0.00062001,1.36274087,-0.00194867,0.00128884,-0.02479022
3791,0.00490747,0.00481106,1.40650630,0.09578906,0.00062002,1.36274087,-0.00194867,0.00128882,-0.02479027
3792,0.00490747,0.00481106,1.40651965,0.09578907,0.00062002,1.36274087,-0.00194868,0.00128884,-0.02479032
3793,0.00490747,0.00481106,1.40651894,0.09578909,0.00062002,1.36274099,-0.00194867,0.00128886,-0.02479037
3794,0.00490747,0.00481106,1.40654206,0.09578911,0.00062002,1.36274099,-0.00194870,0.00128884,-0.02479042
3795,0.00490747,0.00481106,1.40652680,0.09578913,0.00062003,1.36274111,-0.00194868,0.00128881,-0.02479046
3796,0.00490747,0.00481106,1.40652823,0.09578915,0.00062003,1.36274111,-0.00194869,0.00128881,-0.02479051
3797,0.00490747,0.00481106,1.40654361,0.09578915,0.00062003,1.36274111,-0.00194870,0.00128884,-0.02479057
3798,0.00490747,0.00481106,1.40653884,0.09578915,0.00062003,1.36274111,-0.00194868,0.00128884,-0.02479063
3799,0.00490747,0.00481106,1.40655029,0.09578915,0.00062004,1.36274111,-0.00194870,0.00128881,-0.02479070
3800,0.00490747,0.00481106,1.40655029,0.09578915,0.00062004,1.36274111,-0.00194870,0.00128881,-0.02479076
3801,0.00490747,0.00481106,1.40655994,0.09578915,0.00062004,1.36274111,-0.00194868,0.00128884,-0.02479082
3802,0.00490747,0.00481106,1.40658617,0.09578915,0.00062005,1.36274111,-0.00194870,0.00128884,-0.02479088
3803,0.00490747,0.00481106,1.40657032,0.09578916,0.00062005,1.36274111,-0.00194869,0.00128881,-0.02479094
3804,0.00490747,0.00481106,1.40656948,0.09578919,0.00062005,1.36274123,-0.00194868,0.00128881,-0.02479098
3805,0.00490747,0.00481106,1.40657640,0.09578920,0.00062005,1.36274123,-0.00194872,0.00128882,-0.02479103
3806,0.00490747,0.00481106,1.40657198,0.09578922,0.00062006,1.36274123,-0.00194869,0.00128882,-0.02479108
3807,0.00490747,0.00481106,1.40659249,0.09578924,0.00062006,1.36274135,-0.00194869,0.00128882,-0.02479113
3808,0.00490747,0.00481106,1.40659714,0.09578924,0.00062006,1.36274135,-0.00194872,0.00128880,-0.02479119
3809,0.00490747,0.00481106,1.40658832,0.09578924,0.00062006,1.36274135,-0.00194869,0.00128879,-0.02479125
3810,0.00490747,0.00481106,1.40659630,0.09578924,0.00062007,1.36274135,-0.00194871,0.00128883,-0.02479131
3811,0.00490747,0.00481106,1.40661943,0.09578924,0.00062007,1.36274135,-0.00194872,0.00128883,-0.02479138
3812,0.00490747,0.00481106,1.40661240,0.09578924,0.00062007,1.36274135,-0.00194869,0.00128880,-0.02479144
3813,0.00490747,0.00481106,1.40661204,0.09578924,0.00062008,1.36274135,-0.00194871,0.00128878,-0.02479150
3814,0.00490747,0.00481106,1.40661657,0.09578924,0.00062008,1.36274135,-0.00194870,0.00128883,-0.02479155
3815,0.00490747,0.00481106,1.40664876,0.09578924,0.00062008,1.36274135,-0.00194870,0.00128884,-0.02479160
3816,0.00490747,0.00481106,1.40663517,0.09578926,0.00062008,1.36274135,-0.00194871,0.00128879,-0.02479164
3817,0.00490747,0.00481106,1.40663230,0.09578928,0.00062009,1.36274135,-0.00194870,0.00128879,-0.02479168
3818,0.00490747,0.00481106,1.40665078,0.09578930,0.00062009,1.36274147,-0.00194871,0.00128884,-0.02479171
3819,0.00490747,0.00481106,1.40663600,0.09578931,0.00062009,1.36274147,-0.00194872,0.00128880,-0.02479174
3820,0.00490747,0.00481106,1.40663433,0.09578934,0.00062009,1.36274159,-0.00194871,0.00128879,-0.02479178
3821,0.00490747,0.00481106,1.40663636,0.09578935,0.00062009,1.36274159,-0.00194872,0.00128880,-0.02479182
3822,0.00490747,0.00481106,1.40666115,0.09578935,0.00062010,1.36274159,-0.00194872,0.00128881,-0.02479187
3823,0.00490747,0.00481106,1.40665412,0.09578935,0.00062010,1.36274159,-0.00194871,0.00128879,-0.02479192
3824,0.00490747,0.00481106,1.40665627,0.09578935,0.00062010,1.36274159,-0.00194872,0.00128878,-0.02479198
3825,0.00490747,0.00481106,1.40665948,0.09578935,0.00062010,1.36274159,-0.00194872,0.00128881,-0.02479204
3826,0.00490747,0.00481106,1.40667760,0.09578935,0.00062011,1.36274159,-0.00194871,0.00128880,-0.02479210
3827,0.00490747,0.00481106,1.40667832,0.09578935,0.00062011,1.36274159,-0.00194872,0.00128880,-0.02479215
3828,0.00490747,0.00481106,1.40668106,0.09578935,0.00062011,1.36274159,-0.00194872,0.00128881,-0.02479220
3829,0.00490747,0.00481106,1.40667570,0.09578935,0.00062011,1.36274159,-0.00194872,0.00128878,-0.02479225
3830,0.00490747,0.00481106,1.40667760,0.09578937,0.00062012,1.36274159,-0.00194872,0.00128879,-0.02479229
3831,0.00490747,0.00481106,1.40670204,0.09578939,0.00062012,1.36274171,-0.00194872,0.00128882,-0.02479233
3832,0.00490747,0.00481106,1.40670061,0.09578941,0.00062012,1.36274171,-0.00194874,0.00128878,-0.02479237
3833,0.00490747,0.00481106,1.40669322,0.09578943,0.00062012,1.36274171,-0.00194870,0.00128877,-0.02479241
3834,0.00490747,0.00481106,1.40669930,0.09578945,0.00062012,1.36274183,-0.00194873,0.00128878,-0.02479245
3835,0.00490747,0.00481106,1.40670383,0.09578945,0.00062013,1.36274183,-0.00194875,0.00128880,-0.02479249
3836,0.00490747,0.00481106,1.40669525,0.09578945,0.00062013,1.36274183,-0.00194871,0.00128878,-0.02479254
3837,0.00490747,0.00481106,1.40671945,0.09578945,0.00062013,1.36274183,-0.00194873,0.00128877,-0.02479260
3838,0.00490747,0.00481106,1.40672195,0.09578945,0.00062013,1.36274183,-0.00194875,0.00128877,-0.02479266
3839,0.00490747,0.00481106,1.40671694,0.09578945,0.00062014,1.36274183,-0.00194871,0.00128878,-0.02479272
3840,0.00490747,0.00481106,1.40672171,0.09578945,0.00062014,1.36274183,-0.00194873,0.00128879,-0.02479278
3841,0.00490747,0.00481106,1.40674400,0.09578945,0.00062014,1.36274183,-0.00194874,0.00128878,-0.02479284
3842,0.00490747,0.00481106,1.40673745,0.09578945,0.00062015,1.36274183,-0.00194871,0.00128878,-0.02479289
3843,0.00490747,0.00481106,1.40674210,0.09578945,0.00062015,1.36274183,-0.00194874,0.00128878,-0.02479293
3844,0.00490747,0.00481106,1.40674424,0.09578945,0.00062015,1.36274183,-0.00194875,0.00128879,-0.02479297
3845,0.00490747,0.00481106,1.40673959,0.09578946,0.00062015,1.36274183,-0.00194871,0.00128879,-0.02479301
3846,0.00490747,0.00481106,1.40676308,0.09578948,0.00062015,1.36274183,-0.00194873,0.00128878,-0.02479304
3847,0.00490747,0.00481106,1.40676463,0.09578950,0.00062015,1.36274195,-0.00194874,0.00128877,-0.02479306
3848,0.00490747,0.00481106,1.40676141,0.09578951,0.00062016,1.36274195,-0.00194873,0.00128876,-0.02479308
3849,0.00490747,0.00481106,1.40676188,0.09578954,0.00062016,1.36274195,-0.00194874,0.00128874,-0.02479311
3850,0.00490747,0.00481106,1.40675998,0.09578955,0.00062016,1.36274207,-0.00194873,0.00128875,-0.02479313
3851,0.00490747,0.00481106,1.40676641,0.09578957,0.00062016,1.36274207,-0.00194876,0.00128876,-0.02479315
3852,0.00490747,0.00481106,1.40676069,0.09578959,0.00062016,1.36274219,-0.00194874,0.00128875,-0.02479319
3853,0.00490747,0.00481106,1.40675914,0.09578959,0.00062016,1.36274219,-0.00194875,0.00128872,-0.02479324
3854,0.00490747,0.00481106,1.40678680,0.09578957,0.00062017,1.36274207,-0.00194875,0.00128876,-0.02479330
3855,0.00490747,0.00481106,1.40678132,0.09578955,0.00062017,1.36274207,-0.00194872,0.00128877,-0.02479336
3856,0.00490747,0.00481106,1.40678728,0.09578954,0.00062017,1.36274195,-0.00194877,0.00128875,-0.02479342
3857,0.00490747,0.00481106,1.40677941,0.09578954,0.00062017,1.36274195,-0.00194872,0.00128876,-0.02479347
3858,0.00490747,0.00481106,1.40680492,0.09578954,0.00062018,1.36274195,-0.00194874,0.00128877,-0.02479351
3859,0.00490747,0.00481106,1.40680873,0.09578955,0.00062018,1.36274207,-0.00194875,0.00128878,-0.02479354
3860,0.00490747,0.00481106,1.40680277,0.09578957,0.00062018,1.36274207,-0.00194873,0.00128875,-0.02479355
3861,0.00490747,0.00481106,1.40680063,0.09578959,0.00062018,1.36274219,-0.00194874,0.00128873,-0.02479357
3862,0.00490747,0.00481106,1.40680814,0.09578961,0.00062018,1.36274219,-0.00194877,0.00128875,-0.02479359
3863,0.00490747,0.00481106,1.40680087,0.09578963,0.00062018,1.36274219,-0.00194872,0.00128875,-0.02479361
3864,0.00490747,0.00481106,1.40680444,0.09578965,0.00062018,1.36274230,-0.00194876,0.00128874,-0.02479364
3865,0.00490747,0.00481106,1.40680873,0.09578965,0.00062019,1.36274230,-0.00194877,0.00128874,-0.02479368
3866,0.00490747,0.00481106,1.40679586,0.09578965,0.00062019,1.36274230,-0.00194873,0.00128872,-0.02479373
3867,0.00490747,0.00481106,1.40683007,0.09578963,0.00062019,1.36274219,-0.00194878,0.00128874,-0.02479379
3868,0.00490747,0.00481106,1.40682518,0.09578963,0.00062019,1.36274219,-0.00194874,0.00128875,-0.02479384
3869,0.00490747,0.00481106,1.40682232,0.09578963,0.00062020,1.36274219,-0.00194873,0.00128875,-0.02479389
3870,0.00490747,0.00481106,1.40682709,0.09578963,0.00062020,1.36274219,-0.00194878,0.00128873,-0.02479393
3871,0.00490747,0.00481106,1.40682459,0.09578963,0.00062020,1.36274219,-0.00194874,0.00128875,-0.02479397
3872,0.00490747,0.00481106,1.40684450,0.09578963,0.00062020,1.36274219,-0.00194873,0.00128876,-0.02479401
3873,0.00490747,0.00481106,1.40685070,0.09578965,0.00062020,1.36274230,-0.00194878,0.00128874,-0.02479403
3874,0.00490747,0.00481106,1.40684354,0.09578966,0.00062020,1.36274230,-0.00194876,0.00128872,-0.02479406
3875,0.00490747,0.00481106,1.40684319,0.09578969,0.00062020,1.36274230,-0.00194873,0.00128875,-0.02479408
3876,0.00490747,0.00481106,1.40685105,0.09578970,0.00062021,1.36274242,-0.00194879,0.00128874,-0.02479410
3877,0.00490747,0.00481106,1.40684545,0.09578970,0.00062021,1.36274242,-0.00194876,0.00128873,-0.02479414
3878,0.00490747,0.00481106,1.40684283,0.09578970,0.00062021,1.36274242,-0.00194874,0.00128873,-0.02479417
3879,0.00490747,0.00481106,1.40686059,0.09578970,0.00062021,1.36274242,-0.00194878,0.00128873,-0.02479422
3880,0.00490747,0.00481106,1.40686619,0.09578970,0.00062021,1.36274242,-0.00194876,0.00128874,-0.02479427
3881,0.00490747,0.00481106,1.40686846,0.09578970,0.00062022,1.36274242,-0.00194875,0.00128874,-0.02479432
3882,0.00490747,0.00481106,1.40685678,0.09578970,0.00062022,1.36274242,-0.00194878,0.00128870,-0.02479437
3883,0.00490747,0.00481106,1.40686619,0.09578970,0.00062022,1.36274242,-0.00194876,0.00128873,-0.02479441
3884,0.00490747,0.00481106,1.40688133,0.09578970,0.00062022,1.36274242,-0.00194875,0.00128876,-0.02479446
3885,0.00490747,0.00481106,1.40688908,0.09578970,0.00062023,1.36274242,-0.00194878,0.00128872,-0.02479450
3886,0.00490747,0.00481106,1.40687394,0.09578970,0.00062023,1.36274242,-0.00194876,0.00128871,-0.02479454
3887,0.00490747,0.00481106,1.40689111,0.09578970,0.00062023,1.36274242,-0.00194876,0.00128876,-0.02479457
3888,0.00490747,0.00481106,1.40689361,0.09578970,0.00062023,1.36274242,-0.00194878,0.00128875,-0.02479460
3889,0.00490747,0.00481106,1.40687239,0.09578972,0.00062023,1.36274242,-0.00194876,0.00128869,-0.02479462
3890,0.00490747,0.00481106,1.40688741,0.09578974,0.00062023,1.36274242,-0.00194876,0.00128873,-0.02479464
3891,0.00490747,0.00481106,1.40689623,0.09578976,0.00062023,1.36274254,-0.00194878,0.00128877,-0.02479465
3892,0.00490747,0.00481106,1.40687728,0.09578978,0.00062023,1.36274254,-0.00194878,0.00128871,-0.02479467
3893,0.00490747,0.00481106,1.40687251,0.09578980,0.00062024,1.36274266,-0.00194876,0.00128870,-0.02479469
3894,0.00490747,0.00481106,1.40691698,0.09578980,0.00062024,1.36274266,-0.00194880,0.00128874,-0.02479473
3895,0.00490747,0.00481106,1.40690839,0.09578980,0.00062024,1.36274266,-0.00194875,0.00128874,-0.02479477
3896,0.00490747,0.00481106,1.40689909,0.09578980,0.00062024,1.36274266,-0.00194878,0.00128870,-0.02479482
3897,0.00490747,0.00481106,1.40690255,0.09578978,0.00062024,1.36274254,-0.00194880,0.00128870,-0.02479487
3898,0.00490747,0.00481106,1.40690446,0.09578978,0.00062025,1.36274254,-0.00194872,0.00128875,-0.02479491
3899,0.00490747,0.00481106,1.40693879,0.09578978,0.00062025,1.36274254,-0.00194881,0.00128873,-0.02479495
3900,0.00490747,0.00481106,1.40691733,0.09578978,0.00062025,1.36274254,-0.00194876,0.00128871,-0.02479499
3901,0.00490747,0.00481106,1.40692711,0.09578980,0.00062025,1.36274266,-0.00194874,0.00128874,-0.02479501
3902,0.00490747,0.00481106,1.40694106,0.09578980,0.00062025,1.36274266,-0.00194883,0.00128873,-0.02479503
3903,0.00490747,0.00481106,1.40691352,0.09578980,0.00062025,1.36274266,-0.00194874,0.00128871,-0.02479505
3904,0.00490747,0.00481106,1.40692973,0.09578980,0.00062025,1.36274266,-0.00194877,0.00128871,-0.02479508
3905,0.00490747,0.00481106,1.40693772,0.09578980,0.00062026,1.36274266,-0.00194881,0.00128872,-0.02479510
3906,0.00490747,0.00481106,1.40692353,0.09578980,0.00062026,1.36274266,-0.00194873,0.00128871,-0.02479512
3907,0.00490747,0.00481106,1.40692329,0.09578980,0.00062026,1.36274266,-0.00194880,0.00128871,-0.02479515
3908,0.00490747,0.00481106,1.40693569,0.09578980,0.00062026,1.36274266,-0.00194879,0.00128873,-0.02479517
3909,0.00490747,0.00481106,1.40694606,0.09578980,0.00062026,1.36274266,-0.00194874,0.00128872,-0.02479520
3910,0.00490747,0.00481106,1.40694582,0.09578981,0.00062026,1.36274266,-0.00194880,0.00128870,-0.02479522
3911,0.00490747,0.00481106,1.40695226,0.09578983,0.00062026,1.36274266,-0.00194877,0.00128872,-0.02479523
3912,0.00490747,0.00481106,1.40694833,0.09578985,0.00062026,1.36274278,-0.00194875,0.00128873,-0.02479524
3913,0.00490747,0.00481106,1.40695083,0.09578986,0.00062026,1.36274278,-0.00194883,0.00128870,-0.02479525
3914,0.00490747,0.00481106,1.40693378,0.09578989,0.00062026,1.36274278,-0.00194874,0.00128870,-0.02479526
3915,0.00490747,0.00481106,1.40695381,0.09578990,0.00062026,1.36274290,-0.00194879,0.00128872,-0.02479528
3916,0.00490747,0.00481106,1.40695071,0.09578990,0.00062027,1.36274290,-0.00194883,0.00128870,-0.02479531
3917,0.00490747,0.00481106,1.40692878,0.09578990,0.00062027,1.36274290,-0.00194873,0.00128868,-0.02479535
3918,0.00490747,0.00481106,1.40696144,0.09578989,0.00062027,1.36274278,-0.00194882,0.00128873,-0.02479540
3919,0.00490747,0.00481106,1.40697312,0.09578986,0.00062027,1.36274278,-0.00194877,0.00128872,-0.02479545
3920,0.00490747,0.00481106,1.40695727,0.09578985,0.00062027,1.36274278,-0.00194876,0.00128869,-0.02479549
3921,0.00490747,0.00481106,1.40696883,0.09578985,0.00062028,1.36274278,-0.00194882,0.00128870,-0.02479553
3922,0.00490747,0.00481106,1.40697038,0.09578985,0.00062028,1.36274278,-0.00194876,0.00128872,-0.02479556
3923,0.00490747,0.00481106,1.40697479,0.09578985,0.00062028,1.36274278,-0.00194879,0.00128871,-0.02479559
3924,0.00490747,0.00481106,1.40696371,0.09578985,0.00062028,1.36274278,-0.00194880,0.00128868,-0.02479562
3925,0.00490747,0.00481106,1.40695775,0.09578985,0.00062028,1.36274278,-0.00194875,0.00128870,-0.02479563
3926,0.00490747,0.00481106,1.40699029,0.09578986,0.00062028,1.36274278,-0.00194880,0.00128873,-0.02479565
3927,0.00490747,0.00481106,1.40698409,0.09578989,0.00062028,1.36274278,-0.00194878,0.00128871,-0.02479566
3928,0.00490747,0.00481106,1.40698230,0.09578990,0.00062028,1.36274290,-0.00194877,0.00128870,-0.02479566
3929,0.00490747,0.00481106,1.40698826,0.09578992,0.00062028,1.36274290,-0.00194882,0.00128869,-0.02479566
3930,0.00490747,0.00481106,1.40698063,0.09578994,0.00062028,1.36274290,-0.00194877,0.00128870,-0.02479566
3931,0.00490747,0.00481106,1.40698743,0.09578996,0.00062028,1.36274290,-0.00194880,0.00128871,-0.02479567
3932,0.00490747,0.00481106,1.40698552,0.09578998,0.00062028,1.36274290,-0.00194879,0.00128871,-0.02479567
3933,0.00490747,0.00481106,1.40698206,0.09579000,0.00062028,1.36274302,-0.00194878,0.00128870,-0.02479567
3934,0.00490747,0.00481106,1.40698683,0.09579001,0.00062028,1.36274302,-0.00194883,0.00128867,-0.02479569
3935,0.00490747,0.00481106,1.40697956,0.09579001,0.00062029,1.36274302,-0.00194876,0.00128870,-0.02479571
3936,0.00490747,0.00481106,1.40699899,0.09579001,0.00062029,1.36274302,-0.00194881,0.00128871,-0.02479574
3937,0.00490747,0.00481106,1.40698326,0.09579001,0.00062029,1.36274302,-0.00194882,0.00128866,-0.02479577
3938,0.00490747,0.00481106,1.40697622,0.09579000,0.00062029,1.36274302,-0.00194875,0.00128870,-0.02479581
3939,0.00490747,0.00481106,1.40700626,0.09578998,0.00062029,1.36274290,-0.00194884,0.00128873,-0.02479586
3940,0.00490747,0.00481106,1.40699935,0.09578996,0.00062030,1.36274290,-0.00194875,0.00128870,-0.02479590
3941,0.00490747,0.00481106,1.40700376,0.09578996,0.00062030,1.36274290,-0.00194880,0.00128868,-0.02479593
3942,0.00490747,0.00481106,1.40702236,0.09578996,0.00062030,1.36274290,-0.00194881,0.00128873,-0.02479596
3943,0.00490747,0.00481106,1.40700173,0.09578996,0.00062030,1.36274290,-0.00194876,0.00128870,-0.02479597
3944,0.00490747,0.00481106,1.40700543,0.09578998,0.00062030,1.36274290,-0.00194881,0.00128868,-0.02479598
3945,0.00490747,0.00481106,1.40701818,0.09579000,0.00062030,1.36274302,-0.00194879,0.00128872,-0.02479598
3946,0.00490747,0.00481106,1.40700483,0.09579001,0.00062030,1.36274302,-0.00194879,0.00128870,-0.02479599
3947,0.00490747,0.00481106,1.40700388,0.09579004,0.00062030,1.36274302,-0.00194880,0.00128867,-0.02479600
3948,0.00490747,0.00481106,1.40700674,0.09579005,0.00062030,1.36274314,-0.00194879,0.00128871,-0.02479601
3949,0.00490747,0.00481106,1.40701210,0.09579005,0.00062030,1.36274314,-0.00194882,0.00128870,-0.02479603
3950,0.00490747,0.00481106,1.40699863,0.09579005,0.00062030,1.36274314,-0.00194879,0.00128865,-0.02479606
3951,0.00490747,0.00481106,1.40700436,0.09579004,0.00062030,1.36274302,-0.00194880,0.00128867,-0.02479609
3952,0.00490747,0.00481106,1.40704381,0.09579001,0.00062031,1.36274302,-0.00194879,0.00128875,-0.02479613
3953,0.00490747,0.00481106,1.40702379,0.09579001,0.00062031,1.36274302,-0.00194879,0.00128868,-0.02479617
3954,0.00490747,0.00481106,1.40702343,0.09579001,0.00062031,1.36274302,-0.00194880,0.00128867,-0.02479619
3955,0.00490747,0.00481106,1.40703988,0.09579001,0.00062031,1.36274302,-0.00194878,0.00128873,-0.02479621
3956,0.00490747,0.00481106,1.40703046,0.09579001,0.00062031,1.36274302,-0.00194880,0.00128871,-0.02479622
3957,0.00490747,0.00481106,1.40702212,0.09579004,0.00062031,1.36274302,-0.00194880,0.00128866,-0.02479623
3958,0.00490747,0.00481106,1.40702438,0.09579005,0.00062031,1.36274314,-0.00194878,0.00128870,-0.02479623
3959,0.00490747,0.00481106,1.40703607,0.09579007,0.00062031,1.36274314,-0.00194885,0.00128870,-0.02479624
3960,0.00490747,0.00481106,1.40701842,0.09579007,0.00062031,1.36274314,-0.00194877,0.00128868,-0.02479626
3961,0.00490747,0.00481106,1.40702999,0.09579007,0.00062031,1.36274314,-0.00194881,0.00128869,-0.02479628
3962,0.00490747,0.00481106,1.40703034,0.09579007,0.00062032,1.36274314,-0.00194882,0.00128869,-0.02479630
3963,0.00490747,0.00481106,1.40701783,0.09579007,0.00062032,1.36274314,-0.00194876,0.00128867,-0.02479632
3964,0.00490747,0.00481106,1.40703547,0.09579007,0.00062032,1.36274314,-0.00194884,0.00128870,-0.02479635
3965,0.00490747,0.00481106,1.40704644,0.09579007,0.00062032,1.36274314,-0.00194879,0.00128868,-0.02479638
3966,0.00490747,0.00481106,1.40704119,0.09579007,0.00062032,1.36274314,-0.00194878,0.00128866,-0.02479641
3967,0.00490747,0.00481106,1.40705621,0.09579007,0.00062032,1.36274314,-0.00194884,0.00128870,-0.02479643
3968,0.00490747,0.00481106,1.40704572,0.09579007,0.00062032,1.36274314,-0.00194878,0.00128870,-0.02479645
3969,0.00490747,0.00481106,1.40704572,0.09579007,0.00062032,1.36274314,-0.00194881,0.00128866,-0.02479647
3970,0.00490747,0.00481106,1.40704906,0.09579007,0.00062032,1.36274314,-0.00194881,0.00128869,-0.02479648
3971,0.00490747,0.00481106,1.40704906,0.09579007,0.00062032,1.36274314,-0.00194879,0.00128870,-0.02479649
3972,0.00490747,0.00481106,1.40704727,0.09579009,0.00062032,1.36274314,-0.00194881,0.00128868,-0.02479650
3973,0.00490747,0.00481106,1.40704882,0.09579011,0.00062033,1.36274326,-0.00194881,0.00128869,-0.02479651
3974,0.00490747,0.00481106,1.40704691,0.09579011,0.00062033,1.36274326,-0.00194882,0.00128867,-0.02479652
3975,0.00490747,0.00481106,1.40704870,0.09579011,0.00062033,1.36274326,-0.00194880,0.00128869,-0.02479654
3976,0.00490747,0.00481106,1.40704644,0.09579011,0.00062033,1.36274326,-0.00194881,0.00128868,-0.02479657
3977,0.00490747,0.00481106,1.40705001,0.09579011,0.00062033,1.36274326,-0.00194882,0.00128868,-0.02479660
3978,0.00490747,0.00481106,1.40706944,0.09579009,0.00062033,1.36274314,-0.00194879,0.00128870,-0.02479664
3979,0.00490747,0.00481106,1.40706599,0.09579009,0.00062033,1.36274314,-0.00194880,0.00128868,-0.02479666
3980,0.00490747,0.00481106,1.40707409,0.09579009,0.00062033,1.36274314,-0.00194883,0.00128869,-0.02479668
3981,0.00490747,0.00481106,1.40706539,0.09579011,0.00062033,1.36274326,-0.00194878,0.00128869,-0.02479668
3982,0.00490747,0.00481106,1.40707099,0.09579013,0.00062033,1.36274326,-0.00194884,0.00128865,-0.02479669
3983,0.00490747,0.00481106,1.40706611,0.09579015,0.00062033,1.36274326,-0.00194880,0.00128867,-0.02479669
3984,0.00490747,0.00481106,1.40706921,0.09579016,0.00062033,1.36274338,-0.00194879,0.00128871,-0.02479670
3985,0.00490747,0.00481106,1.40707529,0.09579016,0.00062034,1.36274338,-0.00194886,0.00128866,-0.02479672
3986,0.00490747,0.00481106,1.40705812,0.09579016,0.00062034,1.36274338,-0.00194877,0.00128865,-0.02479674
3987,0.00490747,0.00481106,1.40707064,0.09579015,0.00062034,1.36274326,-0.00194883,0.00128867,-0.02479678
3988,0.00490747,0.00481106,1.40708435,0.09579013,0.00062034,1.36274326,-0.00194881,0.00128872,-0.02479681
3989,0.00490747,0.00481106,1.40706491,0.09579013,0.00062034,1.36274326,-0.00194879,0.00128868,-0.02479684
3990,0.00490747,0.00481106,1.40709114,0.09579013,0.00062034,1.36274326,-0.00194883,0.00128865,-0.02479687
3991,0.00490747,0.00481106,1.40708566,0.09579013,0.00062034,1.36274326,-0.00194879,0.00128868,-0.02479689
3992,0.00490747,0.00481106,1.40710735,0.09579013,0.00062034,1.36274326,-0.00194882,0.00128872,-0.02479690
3993,0.00490747,0.00481106,1.40708876,0.09579015,0.00062035,1.36274326,-0.00194882,0.00128866,-0.02479691
3994,0.00490747,0.00481106,1.40708280,0.09579016,0.00062035,1.36274338,-0.00194879,0.00128865,-0.02479691
3995,0.00490747,0.00481106,1.40709567,0.09579019,0.00062035,1.36274338,-0.00194885,0.00128868,-0.02479691
3996,0.00490747,0.00481106,1.40709090,0.09579019,0.00062035,1.36274338,-0.00194879,0.00128870,-0.02479692
3997,0.00490747,0.00481106,1.40708792,0.09579019,0.00062035,1.36274338,-0.00194882,0.00128865,-0.02479693
3998,0.00490747,0.00481106,1.40708816,0.09579019,0.00062035,1.36274338,-0.00194883,0.00128863,-0.02479694
3999,0.00490747,0.00481106,1.40708518,0.09579019,0.00062035,1.36274338,-0.00194879,0.00128868,-0.02479696
4000,0.00490747,0.00481106,1.40711081,0.09579019,0.00062035,1.36274338,-0.00194884,0.00128872,-0.02479697
