iter,total,mask_weight,mask_raw,mask_scaled,root_trans_gvhmr_weight,root_trans_gvhmr_raw,root_trans_gvhmr_scaled,root_orient_gvhmr_weight,root_orient_gvhmr_raw,root_orient_gvhmr_scaled,pose_gvhmr_weight,pose_gvhmr_raw,pose_gvhmr_scaled,scale_prior_weight,scale_prior_raw,scale_prior_scaled,intersect_weight,intersect_raw,intersect_scaled,scene_intersect_weight,scene_intersect_raw,scene_intersect_scaled,nocontact_weight,nocontact_raw,nocontact_scaled,floor_nocontact_weight,floor_nocontact_raw,floor_nocontact_scaled,angle_weight,angle_raw,angle_scaled,self_intersect_weight,self_intersect_raw,self_intersect_scaled
1,55.84869384765625,0.0,1.72186173585942e-05,0.0,20.0,0.0,0.0,20.0,2.312964744926491e-17,4.625929489852982e-16,10.0,0.0,0.0,25.0,0.0,0.0,0.0,0.0,0.0,0.0,0.2966911494731903,0.0,500.0,0.10866378247737885,54.33189123868942,200.0,0.007584012113511562,1.5168024227023125,0.0,0.09146330505609512,0.0,0.0,0.0,0.0
2,53.315677642822266,0.0,1.7029162336257286e-05,0.0,20.0,1.000053771349485e-06,2.00010754269897e-05,20.0,1.802649421733804e-06,3.605298843467608e-05,10.0,9.999769190471852e-07,9.999769190471852e-06,25.0,9.999996564147295e-07,2.499999141036824e-05,0.007503751875937969,0.0,0.0,0.0,0.3045301139354706,0.0,500.0,0.10370780527591705,51.85390263795853,200.0,0.007308188825845718,1.4616377651691437,0.0005002501250625312,0.09112997353076935,4.558778065571253e-05,0.0,0.0,0.0
3,50.851829528808594,0.0,1.6701960703358054e-05,0.0,20.0,4.00037424697075e-06,8.000748493941501e-05,20.0,5.928784958086908e-06,0.00011857569916173816,10.0,3.998620741185732e-06,3.998620741185732e-05,25.0,3.992562596977223e-06,9.981406492443057e-05,0.015007503751875938,0.0,0.0,0.0,0.30930739641189575,0.0,500.0,0.09888742864131927,49.44371432065964,200.0,0.007038417272269726,1.4076834544539452,0.0010005002501250625,0.09080285578966141,9.084827992962621e-05,0.0,0.0,0.0
4,48.45759201049805,0.0,1.6376208805013448e-05,0.0,20.0,9.001199941849336e-06,0.00018002399883698672,20.0,1.3242725799500477e-05,0.00026485451599000953,10.0,8.99472252058331e-06,8.994722520583309e-05,25.0,8.959999831859022e-06,0.00022399999579647556,0.022511255627813906,0.0,0.0,0.0,0.31256213784217834,0.0,500.0,0.09420274198055267,47.10137099027634,200.0,0.006776613183319569,1.3553226366639137,0.0015007503751875938,0.09054388105869293,0.0001358837634697743,0.0,0.0,0.0
5,46.132076263427734,0.0,1.6093781596282497e-05,0.0,20.0,1.600388168299105e-05,0.000320077633659821,20.0,2.393587419646792e-05,0.0004787174839293584,10.0,1.597940172359813e-05,0.0001597940172359813,25.0,1.5871815776336007e-05,0.00039679539440840017,0.030015007503751877,0.0,0.0,0.0,0.31340840458869934,0.0,500.0,0.08965341746807098,44.82670873403549,200.0,0.006519157439470291,1.3038314878940582,0.002001000500250125,0.0902857705950737,0.00018066187212621048,0.0,0.0,0.0
6,43.874446868896484,0.0,1.58804814418545e-05,0.0,20.0,2.5009696400957182e-05,0.0005001939280191436,20.0,3.807809480349533e-05,0.0007615618960699067,10.0,2.494344698789064e-05,0.0002494344698789064,25.0,2.4685568860149942e-05,0.0006171392215037486,0.03751875937968985,0.0,0.0,0.0,0.3118194341659546,0.0,500.0,0.08523888885974884,42.61944442987442,200.0,0.00626323651522398,1.252647303044796,0.0025012506253126563,0.09002871066331863,0.00022518436884271794,0.0,0.0,0.0
7,41.68629455566406,0.0,1.5768498997204006e-05,0.0,20.0,3.602007564040832e-05,0.0007204015128081664,20.0,5.57032399228774e-05,0.001114064798457548,10.0,3.587144601624459e-05,0.0003587144601624459,25.0,3.534090137691237e-05,0.0008835225344228093,0.04502251125562781,0.0,0.0,0.0,0.3116682767868042,0.0,500.0,0.08095890283584595,40.479451417922974,200.0,0.006017475388944149,1.2034950777888298,0.0030015007503751876,0.08977258950471878,0.0002694524947615371,0.0,0.0,0.0
8,39.5665397644043,0.0,1.5715737390564755e-05,0.0,20.0,4.903745139017701e-05,0.0009807490278035402,20.0,7.683744479436427e-05,0.0015367488958872855,10.0,4.876356615568511e-05,0.0004876356615568511,25.0,4.77617941214703e-05,0.0011940448530367576,0.05252626313156578,0.0,0.0,0.0,0.3119109272956848,0.0,500.0,0.07681280374526978,38.40640187263489,200.0,0.005778128746896982,1.1556257493793964,0.003501750875437719,0.08951736241579056,0.00031346750220637013,0.0,0.0,0.0
9,37.51470184326172,0.0,1.5710658772150055e-05,0.0,20.0,6.406457396224141e-05,0.0012812914792448282,20.0,0.00010148734872927889,0.002029746974585578,10.0,6.362382555380464e-05,0.0006362382555380464,25.0,6.18547637714073e-05,0.0015463690942851827,0.060030015007503754,0.0,0.0,0.0,0.31324824690818787,0.0,500.0,0.07280003279447556,36.40001639723778,200.0,0.005544173065572977,1.1088346131145954,0.00400200100050025,0.08926226198673248,0.0003572276617778188,0.0,0.0,0.0
10,35.5301399230957,0.0,1.5748235455248505e-05,0.0,20.0,8.110541239148006e-05,0.0016221082478296012,20.0,0.00012966500071343035,0.002593300014268607,10.0,8.04407027317211e-05,0.000804407027317211,25.0,7.749773794785142e-05,0.0019374434486962855,0.06753376688344172,0.0,0.0,0.0,0.316465824842453,0.0,500.0,0.06891948729753494,34.45974364876747,200.0,0.005315188318490982,1.0630376636981964,0.004502251125562781,0.08900685608386993,0.0004007312179864079,0.0,0.0,0.0
11,33.61246871948242,0.0,1.581916876602918e-05,0.0,20.0,0.00010016271698987111,0.0020032543397974223,20.0,0.0001613823405932635,0.00322764681186527,10.0,9.920795127982274e-05,0.0009920795127982274,25.0,9.45551146287471e-05,0.0023638778657186776,0.0750375187593797,0.0,0.0,0.0,0.3208416700363159,0.0,500.0,0.0651702806353569,32.58514031767845,200.0,0.005091502796858549,1.0183005593717098,0.0050025012506253125,0.0887506976723671,0.0004439754760998854,0.0,0.0,0.0
12,31.761079788208008,0.0,1.5919593352009542e-05,0.0,20.0,0.00012124145723646507,0.0024248291447293013,20.0,0.00019664422143250704,0.003932884428650141,10.0,0.00011989278573310003,0.0011989278573310003,25.0,0.00011285595974186435,0.002821398993546609,0.08254127063531766,0.0,0.0,0.0,0.3250632882118225,0.0,500.0,0.06155112385749817,30.775561928749084,200.0,0.004873270634561777,0.9746541269123554,0.005502751375687844,0.08849435299634933,0.000486962422691267,0.0,0.0,0.0
13,29.97616958618164,0.0,1.6073190636234358e-05,0.0,20.0,0.00014434600598178804,0.002886920119635761,20.0,0.00023545451404061168,0.004709090280812234,10.0,0.00014246589853428304,0.0014246589853428304,25.0,0.00013220260734669864,0.003305065183667466,0.09004502251125562,0.0,0.0,0.0,0.3287457823753357,0.0,500.0,0.0580606572329998,29.0303286164999,200.0,0.004664924461394548,0.9329848922789097,0.006003001500750375,0.08823807537555695,0.0005296932989027931,0.0,0.0,0.0
14,28.25654411315918,0.0,1.6319505448336713e-05,0.0,20.0,0.00016948305710684508,0.0033896611421369016,20.0,0.0002778186462819576,0.0055563729256391525,10.0,0.0001669024641159922,0.0016690246411599219,25.0,0.0001523545797681436,0.00380886449420359,0.0975487743871936,0.0,0.0,0.0,0.33097654581069946,0.0,500.0,0.054697681218385696,27.348840609192848,200.0,0.004463542718440294,0.8927085436880589,0.0065032516258129065,0.08798106759786606,0.0005721630208965776,0.0,0.0,0.0
15,26.601537704467773,0.0,1.6681102351867594e-05,0.0,20.0,0.000196657027117908,0.00393314054235816,20.0,0.00032373768044635653,0.006474753608927131,10.0,0.00019313993107061833,0.0019313993107061833,25.0,0.0001730285439407453,0.004325713598518632,0.10505252626313157,0.0,0.0,0.0,0.33236387372016907,0.0,500.0,0.05146095156669617,25.730475783348083,200.0,0.004268916789442301,0.8537833578884602,0.007003501750875438,0.08772370964288712,0.0006143731540772484,0.0,0.0,0.0
16,25.009225845336914,0.0,1.7129810657934286e-05,0.0,20.0,0.00022587772400584072,0.004517554480116814,20.0,0.0003732145414687693,0.007464290829375386,10.0,0.00022112806618679315,0.0022112806618679315,25.0,0.00019389032968319952,0.004847258242079988,0.11255627813906953,0.0,0.0,0.0,0.3322896659374237,0.0,500.0,0.04834999144077301,24.174995720386505,200.0,0.004072662442922592,0.8145324885845184,0.007503751875937969,0.08746643364429474,0.0006563264155399805,0.0,0.0,0.0
17,23.47950553894043,0.0,1.770765447872691e-05,0.0,20.0,0.0002571538498159498,0.005143076996318996,20.0,0.00042625292553566396,0.00852505851071328,10.0,0.00025083954096771777,0.0025083954096771777,25.0,0.00021459574054460973,0.005364893513615243,0.12006003001500751,0.0,0.0,0.0,0.3318237364292145,0.0,500.0,0.04536309093236923,22.681545466184616,200.0,0.0038785990327596664,0.7757198065519333,0.0080040020010005,0.08721013367176056,0.0006980300844162925,0.0,0.0,0.0
18,22.012901306152344,0.0,1.8413153156870976e-05,0.0,20.0,0.0002904935972765088,0.005809871945530176,20.0,0.00048285265802405775,0.009657053160481155,10.0,0.0002821726375259459,0.002821726375259459,25.0,0.00023471727035939693,0.005867931758984923,0.12756378189094547,0.0,0.0,0.0,0.3317212760448456,0.0,500.0,0.042498283088207245,21.249141544103622,200.0,0.0036943149752914906,0.7388629950582981,0.008504252126063032,0.08699102699756622,0.0007397936262924592,0.0,0.0,0.0
19,20.60804557800293,0.0,1.92425686691422e-05,0.0,20.0,0.00032590562477707863,0.006518112495541573,20.0,0.0005430098972283304,0.010860197944566607,10.0,0.00031506491359323263,0.0031506491359323263,25.0,0.0002538120315875858,0.006345300789689645,0.13506753376688344,0.0,0.0,0.0,0.33159008622169495,0.0,500.0,0.03975391015410423,19.876955077052116,200.0,0.003517170436680317,0.7034340873360634,0.009004502251125562,0.08678869158029556,0.0007814889687070136,0.0,0.0,0.0
20,19.263864517211914,0.0,2.0148587282164954e-05,0.0,20.0,0.00036339927464723587,0.007267985492944717,20.0,0.0006067172507755458,0.012134345015510917,10.0,0.00034947198582813144,0.0034947198582813144,25.0,0.00027140823658555746,0.0067852059146389365,0.1425712856428214,0.0,0.0,0.0,0.33137524127960205,0.0,500.0,0.03712853789329529,18.564268946647644,200.0,0.0033454569056630135,0.6690913811326027,0.009504752376188095,0.08658202737569809,0.000822940730434349,0.0,0.0,0.0
21,17.977689743041992,0.0,2.1151940018171445e-05,0.0,20.0,0.00040298665408045053,0.00805973308160901,20.0,0.0006739641539752483,0.013479283079504967,10.0,0.0003853234520647675,0.003853234520647675,25.0,0.0002869954623747617,0.0071748865593690425,0.1500750375187594,0.0,0.0,0.0,0.3306659758090973,0.0,500.0,0.03461936488747597,17.309682443737984,200.0,0.003172878175973892,0.6345756351947784,0.010005002501250625,0.08639103174209595,0.0008643424886652921,0.0,0.0,0.0
22,16.74724006652832,0.0,2.2240710677579045e-05,0.0,20.0,0.0004446801031008363,0.008893602062016726,20.0,0.0007447445532307029,0.014894891064614058,10.0,0.00042256558663211763,0.004225655866321176,25.0,0.00030014332151040435,0.007503583037760109,0.15757878939469736,0.0,0.0,0.0,0.32984626293182373,0.0,500.0,0.032220907509326935,16.110453754663467,200.0,0.0030018051620572805,0.6003610324114561,0.010505252626313157,0.08622918277978897,0.0009058593488622153,0.0,0.0,0.0
23,15.571969985961914,0.0,2.3440985387424007e-05,0.0,20.0,0.0004884875379502773,0.009769750759005547,20.0,0.0008190350490622222,0.016380700981244445,10.0,0.00046117001329548657,0.004611700132954866,25.0,0.0003104961942881346,0.007762404857203364,0.16508254127063532,0.0,0.0,0.0,0.3294897675514221,0.0,500.0,0.029931077733635902,14.965538866817951,200.0,0.002834796905517578,0.5669593811035156,0.011005502751375688,0.08606042712926865,0.0009471382675557329,0.0,0.0,0.0
24,14.451013565063477,0.0,2.4745964765315875e-05,0.0,20.0,0.0005344240344129503,0.010688480688259006,20.0,0.0008968174806796014,0.01793634961359203,10.0,0.0005010066670365632,0.005010066670365632,25.0,0.00031772072543390095,0.007943018135847524,0.17258629314657328,0.0,0.0,0.0,0.32887324690818787,0.0,500.0,0.027748826891183853,13.874413445591927,200.0,0.0026701686438173056,0.5340337287634611,0.01150575287643822,0.08588051050901413,0.0009881199308190722,0.0,0.0,0.0
25,13.384159088134766,0.0,2.614086406538263e-05,0.0,20.0,0.0005825050175189972,0.011650100350379944,20.0,0.0009780798573046923,0.019561597146093845,10.0,0.0005420084926299751,0.005420084926299751,25.0,0.00032149089383892715,0.008037272345973179,0.18009004502251125,0.0,0.0,0.0,0.3282527029514313,0.0,500.0,0.02567240409553051,12.836202047765255,200.0,0.0025112975854426622,0.5022595170885324,0.01200600300150075,0.08569226413965225,0.00102882158046606,0.0,0.0,0.0
26,12.368785858154297,0.0,2.760525057965424e-05,0.0,20.0,0.000632746028713882,0.01265492057427764,20.0,0.0010627734009176493,0.021255468018352985,10.0,0.0005841386737301946,0.005841386737301946,25.0,0.0003216071054339409,0.008040177635848522,0.1875937968984492,0.0,0.0,0.0,0.3271373212337494,0.0,500.0,0.02369992621243,11.849963106215,200.0,0.002349809044972062,0.4699618089944124,0.01250625312656328,0.08549661189317703,0.0010692422697996128,0.0,0.0,0.0
27,11.404597282409668,0.0,2.912769741669763e-05,0.0,20.0,0.0006851664511486888,0.013703329022973776,20.0,0.0011508780298754573,0.023017560597509146,10.0,0.0006274686311371624,0.0062746863113716245,25.0,0.00031803056481294334,0.007950764120323583,0.1950975487743872,0.0,0.0,0.0,0.327035516500473,0.0,500.0,0.02182808518409729,10.914042592048645,200.0,0.0021924953907728195,0.4384990781545639,0.013006503251625813,0.08529583364725113,0.0011094005376831063,0.0,0.0,0.0
28,10.491349220275879,0.0,3.072655454161577e-05,0.0,20.0,0.000739781535230577,0.01479563070461154,20.0,0.0012423081789165735,0.02484616357833147,10.0,0.0006718997028656304,0.006718997028656304,25.0,0.00031077099265530705,0.007769274816382676,0.20260130065032517,0.0,0.0,0.0,0.32597967982292175,0.0,500.0,0.020055757835507393,10.027878917753696,200.0,0.002040958497673273,0.4081916995346546,0.013506753376688344,0.08508985489606857,0.0011492876849393953,0.0,0.0,0.0
29,9.627577781677246,0.0,3.238766657887027e-05,0.0,20.0,0.0007966161938384175,0.01593232387676835,20.0,0.0013369641965255141,0.026739283930510283,10.0,0.0007172319456003606,0.007172319456003606,25.0,0.0002999558055307716,0.00749889513826929,0.21010505252626313,0.0,0.0,0.0,0.3250368535518646,0.0,500.0,0.01838166080415249,9.190830402076244,200.0,0.0018910793587565422,0.37821587175130844,0.014007003501750876,0.08487338572740555,0.0011888218110892223,0.0,0.0,0.0
30,8.813117027282715,0.0,3.412194564589299e-05,0.0,20.0,0.0008556985994800925,0.01711397198960185,20.0,0.0014348234981298447,0.028696469962596893,10.0,0.0007636039517819881,0.0076360395178198814,25.0,0.0002859201922547072,0.00714800480636768,0.2176088044022011,0.0,0.0,0.0,0.32439929246902466,0.0,500.0,0.016803298145532608,8.401649072766304,200.0,0.0017482249531894922,0.34964499063789845,0.014507253626813406,0.08465372025966644,0.0012280929902602935,0.0,0.0,0.0
31,8.048859596252441,0.0,3.591934728319757e-05,0.0,20.0,0.0009170477278530598,0.018340954557061195,20.0,0.0015356182120740414,0.030712364241480827,10.0,0.0008108032052405179,0.008108032052405179,25.0,0.00026898778742179275,0.006724694685544819,0.22511255627813906,0.0,0.0,0.0,0.32433852553367615,0.0,500.0,0.015320254489779472,7.660127244889736,200.0,0.0016178933437913656,0.3235786687582731,0.015007503751875938,0.08442354202270508,0.0012669866236524024,0.0,0.0,0.0
32,7.333263874053955,0.0,3.7766316381748766e-05,0.0,20.0,0.0009806936141103506,0.019613872282207012,20.0,0.0016390695236623287,0.032781390473246574,10.0,0.0008586783078499138,0.008586783078499138,25.0,0.0002495799562893808,0.00623949890723452,0.23261630815407705,0.0,0.0,0.0,0.32424867153167725,0.0,500.0,0.013931412249803543,6.9657061249017715,200.0,0.0014951506163924932,0.29903012327849865,0.015507753876938469,0.08418073505163193,0.001305454120360475,0.0,0.0,0.0
33,6.666228771209717,0.0,3.9685375668341294e-05,0.0,20.0,0.001046662451699376,0.020933249033987522,20.0,0.001744823413901031,0.03489646827802062,10.0,0.000907083333004266,0.00907083333004266,25.0,0.0002281681081512943,0.005704202703782357,0.24012006003001501,0.0,0.0,0.0,0.32394862174987793,0.0,500.0,0.01263517513871193,6.317587569355965,200.0,0.0013834668789058924,0.2766933757811785,0.016008004002001,0.0839252918958664,0.0013434764085381312,0.0,0.0,0.0
34,6.046642780303955,0.0,4.170631291344762e-05,0.0,20.0,0.001114993472583592,0.02229986945167184,20.0,0.0018524894258007407,0.037049788516014814,10.0,0.0009559426689520478,0.009559426689520478,25.0,0.00020527371088974178,0.0051318427722435445,0.24762381190595298,0.0,0.0,0.0,0.3240714967250824,0.0,500.0,0.011429738253355026,5.714869126677513,200.0,0.0012817604001611471,0.2563520800322294,0.016508254127063533,0.08365846425294876,0.0013810551877675385,0.0,0.0,0.0
35,5.474058151245117,0.0,4.381019971333444e-05,0.0,20.0,0.0011857214849442244,0.023714429698884487,20.0,0.0019614016637206078,0.039228033274412155,10.0,0.0010050928685814142,0.010050928685814142,25.0,0.00018144982459489256,0.004536245614872314,0.25512756378189094,0.0,0.0,0.0,0.3238919973373413,0.0,500.0,0.010313397273421288,5.156698636710644,200.0,0.00119205960072577,0.238411920145154,0.017008504252126064,0.08338049054145813,0.0014181774279187476,0.0,0.0,0.0
36,4.944952487945557,0.0,4.602581975632347e-05,0.0,20.0,0.0012588861864060163,0.025177723728120327,20.0,0.0020707480143755674,0.04141496028751135,10.0,0.0010544542456045747,0.010544542456045747,25.0,0.00015727628488093615,0.003931907122023404,0.26263131565782893,0.0,0.0,0.0,0.32395869493484497,0.0,500.0,0.00928130466490984,4.64065233245492,200.0,0.0011088823666796088,0.22177647333592176,0.017508754377188594,0.0830918401479721,0.0014548346198994615,0.0,0.0,0.0
37,4.46223783493042,0.0,4.838407039642334e-05,0.0,20.0,0.0013345382176339626,0.026690764352679253,20.0,0.00217898259870708,0.0435796519741416,10.0,0.0011041194666177034,0.011041194666177034,25.0,0.00013335872790776193,0.0033339681976940483,0.27013506753376687,0.00850230734795332,0.0022967713696322124,0.0,0.32429239153862,0.0,500.0,0.008332079276442528,4.166039638221264,200.0,0.0010388254886493087,0.20776509772986174,0.018009004502251125,0.08280301094055176,0.0014911997968283458,0.0,0.0,0.0
38,4.016673564910889,0.0,5.105001400806941e-05,0.0,20.0,0.0014126267051324248,0.028252534102648497,20.0,0.002280467189848423,0.04560934379696846,10.0,0.001154084806330502,0.01154084806330502,25.0,0.00011059023381676525,0.0027647558454191312,0.27763881940970486,0.0,0.0,0.0,0.3244781792163849,0.0,500.0,0.007463389076292515,3.7316945381462574,200.0,0.000976419192738831,0.1952838385477662,0.018509254627313655,0.08253145962953568,0.0015275958010469333,0.0,0.0,0.0
39,3.617192268371582,0.0,5.392298771766946e-05,0.0,20.0,0.0014933234779164195,0.02986646955832839,20.0,0.002378792967647314,0.04757585935294628,10.0,0.0012040076544508338,0.012040076544508338,25.0,8.888741285772994e-05,0.0022221853214432485,0.2851425712856428,0.008410741575062275,0.0023982604791323143,0.0,0.3250492811203003,0.0,500.0,0.006674057804048061,3.3370289020240307,200.0,0.0009224803652614355,0.1844960730522871,0.01900950475237619,0.08228584378957748,0.0015642131385712578,0.0,0.0,0.0
40,3.257117986679077,0.0,5.699898611055687e-05,0.0,20.0,0.0015766307478770614,0.03153261495754123,20.0,0.0024741431698203087,0.049482863396406174,10.0,0.0012534980196505785,0.012534980196505785,25.0,6.866746116429567e-05,0.0017166865291073918,0.2926463231615808,0.005099049303680658,0.0014922180303417634,0.0,0.3254917860031128,0.0,500.0,0.0059645213186740875,2.9822606593370438,200.0,0.0008824859978631139,0.17649719957262278,0.01950975487743872,0.08204904198646545,0.0016007566970846186,0.0,0.0,0.0
41,2.9360997676849365,0.0,6.0307364037726074e-05,0.0,20.0,0.0016625896096229553,0.033251792192459106,20.0,0.0025655904319137335,0.05131180863827467,10.0,0.0013019541511312127,0.013019541511312127,25.0,5.034366040490568e-05,0.001258591510122642,0.3001500750375188,0.0031666464637964964,0.0009504691737258118,0.0,0.32618793845176697,0.0,500.0,0.00532868318259716,2.66434159129858,200.0,0.0008516415255144238,0.17032830510288477,0.02001000500250125,0.0818302109837532,0.0016374229311406344,0.0,0.0,0.0
42,2.6529901027679443,0.0,6.387896428350359e-05,0.0,20.0,0.0017512484919279814,0.03502496983855963,20.0,0.0026528500020503998,0.053057000041007996,10.0,0.0013491954887285829,0.013491954887285829,25.0,3.43480242008809e-05,0.0008587006050220225,0.3076538269134567,0.005043544340878725,0.0015516657176790475,0.0,0.32736286520957947,0.0,500.0,0.0047631533816456795,2.3815766908228397,200.0,0.0008287691161967814,0.16575382323935628,0.02051025512756378,0.08167766779661179,0.001675229804732908,0.0,0.0,0.0
43,2.4046499729156494,0.0,6.774704525014386e-05,0.0,20.0,0.0018425978487357497,0.036851956974714994,20.0,0.002736501395702362,0.05473002791404724,10.0,0.0013947759289294481,0.013947759289294481,25.0,2.1058418496977538e-05,0.0005264604624244384,0.3151575787893947,0.0032026609405875206,0.0010093428677189285,0.0,0.3283781409263611,0.0,500.0,0.0042654299177229404,2.1327149588614702,200.0,0.0008157818811014295,0.1631563762202859,0.021010505252626314,0.08154366910457611,0.0017132736880401186,0.0,0.0,0.0
44,2.19162917137146,0.0,7.189101597759873e-05,0.0,20.0,0.0019365799380466342,0.038731598760932684,20.0,0.0028176563791930676,0.05635312758386135,10.0,0.0014381048968061805,0.014381048968061805,25.0,1.0789017323986627e-05,0.0002697254330996657,0.32266133066533265,0.003725602524355054,0.001202107868038524,0.0,0.3287433087825775,0.0,500.0,0.003834138624370098,1.917069312185049,200.0,0.0008093541255220771,0.16187082510441542,0.021510755377688845,0.08142364770174026,0.0017514841676712514,0.0,0.0,0.0
45,2.011654853820801,0.0,7.629990432178602e-05,0.0,20.0,0.002033121418207884,0.04066242836415768,20.0,0.0028971140272915363,0.05794228054583073,10.0,0.0014786868123337626,0.014786868123337626,25.0,3.809297595580574e-06,9.523243988951435e-05,0.33016508254127064,0.00431287195533514,0.001423959725123158,0.0,0.32898661494255066,0.0,500.0,0.003466083202511072,1.733041601255536,200.0,0.0008095634984783828,0.16191269969567657,0.022011005502751375,0.08131799101829529,0.0017898907477763846,0.0,0.0,0.0
46,1.8630781173706055,0.0,8.099879050860181e-05,0.0,20.0,0.0021320015657693148,0.042640031315386295,20.0,0.0029750901740044355,0.05950180348008871,10.0,0.0015155187575146556,0.015155187575146556,25.0,3.515648927532311e-07,8.789122318830778e-06,0.33766883441720863,0.006098615005612373,0.0020593122205044283,0.0,0.3292893171310425,0.0,500.0,0.0031567811965942383,1.5783905982971191,200.0,0.0008174701360985637,0.16349402721971273,0.022511255627813906,0.08122562617063522,0.0018284908342564206,0.0,0.0,0.0
47,1.7407855987548828,0.0,8.599927969044074e-05,0.0,20.0,0.0022327774204313755,0.04465554840862751,20.0,0.0030508849304169416,0.06101769860833883,10.0,0.001547201187349856,0.015472011873498559,25.0,6.289156999628176e-07,1.572289249907044e-05,0.34517258629314657,0.0025501991622149944,0.0008802588403843653,0.0,0.32978856563568115,0.0,500.0,0.0029011552687734365,1.4505776343867183,200.0,0.000831494340673089,0.1662988681346178,0.02301150575287644,0.08117315918207169,0.0018679166194973977,0.0,0.0,0.0
48,1.6448554992675781,0.0,9.127792145591229e-05,0.0,20.0,0.002334822900593281,0.046696458011865616,20.0,0.003123505972325802,0.06247011944651604,10.0,0.0015728906728327274,0.015728906728327274,25.0,4.848463504458778e-06,0.00012121158761146944,0.35267633816908456,0.0036019696854054928,0.0012703294788448587,0.0,0.3297801613807678,0.0,500.0,0.002693306189030409,1.3466530945152044,200.0,0.0008500328985974193,0.17000657971948385,0.02351175587793897,0.0811859741806984,0.001908824805649237,0.0,0.0,0.0
49,1.5703895092010498,0.0,9.682246309239417e-05,0.0,20.0,0.0024371042381972075,0.04874208476394415,20.0,0.0031909248791635036,0.06381849758327007,10.0,0.0015919632278382778,0.015919632278382778,25.0,1.3161814422346652e-05,0.0003290453605586663,0.3601800900450225,0.004631434101611376,0.0016681503517559733,0.0,0.3296569585800171,0.0,500.0,0.002527176635339856,1.263588317669928,200.0,0.0008718665922060609,0.17437331844121218,0.0240120060030015,0.08122853934764862,0.0019504601744307823,0.0,0.0,0.0
50,1.5117348432540894,0.0,0.00010262617433909327,0.0,20.0,0.0025383615866303444,0.05076723173260689,20.0,0.0032507122959941626,0.06501424591988325,10.0,0.0016044833464547992,0.016044833464547992,25.0,2.5630848540458828e-05,0.0006407712135114707,0.3676838419209605,0.004265546798706055,0.001568372634841896,0.0,0.3292495012283325,0.0,500.0,0.0023929262533783913,1.1964631266891956,200.0,0.000896216428373009,0.1792432856746018,0.02451225612806403,0.0813017264008522,0.0019928887411914745,0.0,0.0,0.0
51,1.4632954597473145,0.0,0.00010867081437027082,0.0,20.0,0.0026372182182967663,0.052744364365935326,20.0,0.003300532465800643,0.06601064931601286,10.0,0.00161056371871382,0.0161056371871382,25.0,4.2117000703001395e-05,0.0010529250175750349,0.3751875937968984,0.0046425145119428635,0.0017418138489030252,0.0,0.3286125063896179,0.0,500.0,0.0022785034961998463,1.1392517480999231,200.0,0.0009217608021572232,0.18435216043144464,0.02501250625312656,0.08140569180250168,0.002036160375250167,0.0,0.0,0.0
52,1.4196642637252808,0.0,0.00011488878226373345,0.0,20.0,0.0027326559647917747,0.054653119295835495,20.0,0.0033387287985533476,0.06677457597106695,10.0,0.001610243460163474,0.01610243460163474,25.0,6.235489854589105e-05,0.0015588724636472762,0.3826913456728364,0.004951761104166508,0.0018949961204038912,0.0,0.32776787877082825,0.0,500.0,0.002174348570406437,1.0871742852032185,200.0,0.0009471285156905651,0.18942570313811302,0.025512756378189096,0.08153972029685974,0.002080303019079463,0.0,0.0,0.0
53,1.3770629167556763,0.0,0.00012122657790314406,0.0,20.0,0.002823964226990938,0.056479284539818764,20.0,0.0033644286449998617,0.06728857289999723,10.0,0.001604351564310491,0.01604351564310491,25.0,8.590641664341092e-05,0.002147660416085273,0.3901950975487744,0.004262739792466164,0.0016633001691463772,0.0,0.32709214091300964,0.0,500.0,0.002073807641863823,1.0369038209319115,200.0,0.0009720568195916712,0.19441136391833425,0.026013006503251626,0.08170414716005325,0.0021253705114170933,0.0,0.0,0.0
54,1.3327828645706177,0.0,0.00012759584933519363,0.0,20.0,0.002910474082455039,0.05820948164910078,20.0,0.003377131186425686,0.06754262372851372,10.0,0.0015938431024551392,0.01593843102455139,25.0,0.00011215617269044742,0.0028039043172611855,0.39769884942471234,0.003943251445889473,0.0015682265630225767,0.0,0.3261913061141968,0.0,500.0,0.001971050165593624,0.9855250827968121,200.0,0.000995119335129857,0.1990238670259714,0.026513256628314157,0.08189363032579422,0.002171266837052073,0.0,0.0,0.0
55,1.2857729196548462,0.0,0.0001339485461357981,0.0,20.0,0.0029919599182903767,0.05983919836580753,20.0,0.003377065062522888,0.06754130125045776,10.0,0.0015792769845575094,0.015792769845575094,25.0,0.00014058136730454862,0.0035145341826137155,0.40520260130065033,0.0034773810766637325,0.0014090438579778006,0.0,0.3253958821296692,0.0,500.0,0.0018657222390174866,0.9328611195087433,200.0,0.0010129855945706367,0.20259711891412735,0.027013506753376687,0.08210314065217972,0.002217893744481093,0.0,0.0,0.0
56,1.2392113208770752,0.0,0.00014022593677509576,0.0,20.0,0.003067936282604933,0.061358725652098656,20.0,0.0033644470386207104,0.06728894077241421,10.0,0.0015613511204719543,0.015613511204719543,25.0,0.00017039926024153829,0.004259981506038457,0.41270635317658827,0.0030745575204491615,0.0012688894218962272,0.0,0.32445842027664185,0.0,500.0,0.0017626441549509764,0.8813220774754882,200.0,0.0010291696526110172,0.20583393052220345,0.02751375687843922,0.08233083784580231,0.0022652306560876074,0.0,0.0,0.0
57,1.194459319114685,0.0,0.00014630312216468155,0.0,20.0,0.003138232510536909,0.06276465021073818,20.0,0.0033401567488908768,0.06680313497781754,10.0,0.0015405276790261269,0.015405276790261269,25.0,0.00020042661344632506,0.005010665336158127,0.42021010505252626,0.004154088441282511,0.001745589940308809,0.0,0.3236478865146637,0.0,500.0,0.0016633074264973402,0.8316537132486701,200.0,0.001043815049342811,0.20876300986856222,0.02801400700350175,0.08257383853197098,0.002313224090940658,0.0,0.0,0.0
58,1.1503567695617676,0.0,0.00015217409236356616,0.0,20.0,0.0032029040157794952,0.0640580803155899,20.0,0.0033051117789000273,0.06610223557800055,10.0,0.0015174444997683167,0.015174444997683167,25.0,0.00022959399211686105,0.005739849802921526,0.42771385692846425,0.004235641565173864,0.0018116425904070306,0.0,0.32302677631378174,0.0,500.0,0.0015699280193075538,0.7849640096537769,200.0,0.0010507237166166306,0.2101447433233261,0.028514257128564282,0.08282888680696487,0.0023618041760865424,0.0,0.0,0.0
59,1.1109154224395752,0.0,0.00015781693218741566,0.0,20.0,0.003262077923864126,0.06524155847728252,20.0,0.003260364755988121,0.06520729511976242,10.0,0.0014926231233403087,0.014926231233403087,25.0,0.0002565080940257758,0.006412702350644395,0.4352176088044022,0.006034666206687689,0.002626392996407348,0.0,0.3221531808376312,0.0,500.0,0.0014859624207019806,0.7429812103509903,200.0,0.0010555463377386332,0.21110926754772663,0.029014507253626812,0.0830899327993393,0.002410813457909794,0.0,0.0,0.0
60,1.0765631198883057,0.0,0.00016324683383572847,0.0,20.0,0.00331617402844131,0.0663234805688262,20.0,0.003207515925168991,0.06415031850337982,10.0,0.0014662834582850337,0.014662834582850337,25.0,0.000279239728115499,0.0069809932028874755,0.4427213606803402,0.006816107779741287,0.003017636510790915,0.0,0.3213884234428406,0.0,500.0,0.0014167146291583776,0.7083573145791888,200.0,0.0010530517902225256,0.21061035804450512,0.029514757378689346,0.08335364609956741,0.0024601626412578677,0.0,0.0,0.0
61,1.0502593517303467,0.0,0.0001684980234131217,0.0,20.0,0.0033649480901658535,0.06729896180331707,20.0,0.003147779032588005,0.0629555806517601,10.0,0.0014392297016456723,0.014392297016456723,25.0,0.000293972494546324,0.0073493123636581,0.4502251125562781,0.00818229652941227,0.003683875375923483,0.0,0.3205239772796631,0.0,500.0,0.0013668154133483768,0.6834077066741884,200.0,0.0010433100396767259,0.20866200793534517,0.030015007503751877,0.08361195027828217,0.002509613315005968,0.0,0.0,0.0
62,1.0301527976989746,0.0,0.00017365076928399503,0.0,20.0,0.0034094795119017363,0.06818959023803473,20.0,0.0030846360605210066,0.06169272121042013,10.0,0.00141222367528826,0.0141222367528826,25.0,0.00029854365857318044,0.007463591464329511,0.4577288644322161,0.007539615500718355,0.0034510996413993473,0.0,0.3195587694644928,0.0,500.0,0.0013362201862037182,0.6681100931018591,200.0,0.0010228243190795183,0.20456486381590366,0.030515257628814407,0.08384975045919418,0.0025586967373741097,0.0,0.0,0.0
63,1.0154520273208618,0.0,0.00017876850324682891,0.0,20.0,0.0034528239630162716,0.06905647926032543,20.0,0.0030271492432802916,0.06054298486560583,10.0,0.0013885344378650188,0.013885344378650188,25.0,0.0002938069519586861,0.007345173798967153,0.4652326163081541,0.008084599860012531,0.0037612195446781664,0.0,0.3187337815761566,0.0,500.0,0.0013198892120271921,0.6599446060135961,200.0,0.0009915449190884829,0.19830898381769657,0.031015507753876938,0.08406231552362442,0.0026072353989318228,0.0,0.0,0.0
64,1.0010814666748047,0.0,0.0001837826130213216,0.0,20.0,0.003496045945212245,0.0699209189042449,20.0,0.002980351448059082,0.05960702896118164,10.0,0.001369647914543748,0.013696479145437479,25.0,0.000282147666439414,0.007053691660985351,0.47273636818409204,0.007963210344314575,0.003764499137257265,0.0,0.3178845942020416,0.0,500.0,0.001306618913076818,0.653309456538409,200.0,0.0009553717682138085,0.1910743536427617,0.03151575787893947,0.0842452123761177,0.00265505171570556,0.0,0.0,0.0
65,0.9856231212615967,0.0,0.00018870405619964004,0.0,20.0,0.003540405537933111,0.07080811075866222,20.0,0.002946201479062438,0.05892402958124876,10.0,0.0013556067133322358,0.013556067133322358,25.0,0.0002659728052094579,0.006649320130236447,0.48024012006003003,0.008512569591403008,0.004088077442594741,0.0,0.31700021028518677,0.0,500.0,0.0012897399719804525,0.6448699859902263,200.0,0.0009201263310387731,0.1840252662077546,0.032016008004002,0.08440190553665161,0.0027022120832144586,0.0,0.0,0.0
66,0.9663035273551941,0.0,0.00019357874407432973,0.0,20.0,0.0035858522169291973,0.07171704433858395,20.0,0.0029239128343760967,0.058478256687521935,10.0,0.0013464319054037333,0.013464319054037333,25.0,0.0002466713194735348,0.0061667829868383706,0.48774387193596797,0.008268039673566818,0.0040326856837056765,0.0,0.3160356879234314,0.0,500.0,0.0012661818182095885,0.6330909091047943,200.0,0.0008830239530652761,0.17660479061305523,0.03251625812906453,0.08453458547592163,0.002748748402168537,0.0,0.0,0.0
67,0.9440416693687439,0.0,0.00019839398737531155,0.0,20.0,0.0036335568875074387,0.07267113775014877,20.0,0.002912447787821293,0.05824895575642586,10.0,0.0013418607413768768,0.013418607413768768,25.0,0.0002261382614960894,0.005653456537402235,0.49524762381190596,0.006884855683892965,0.003409708417735886,0.0,0.3148515522480011,0.0,500.0,0.0012362998677417636,0.6181499338708818,200.0,0.0008484760764986277,0.16969521529972553,0.03301650825412707,0.08464422076940536,0.002794656613697226,0.0,0.0,0.0
68,0.9220089316368103,0.0,0.00020319211762398481,0.0,20.0,0.0036837931256741285,0.07367586251348257,20.0,0.0029100049287080765,0.05820009857416153,10.0,0.0013416699366644025,0.013416699366644025,25.0,0.0002049102622549981,0.005122756556374952,0.5027513756878439,0.006380016915500164,0.003207562281179422,0.0,0.31385400891304016,0.0,500.0,0.0012040530564263463,0.6020265282131732,200.0,0.0008175967959687114,0.16351935919374228,0.0335167583791896,0.08473663777112961,0.002840097414039862,0.0,0.0,0.0
69,0.9016680121421814,0.0,0.000207899312954396,0.0,20.0,0.003735695732757449,0.07471391465514898,20.0,0.0029141567647457123,0.058283135294914246,10.0,0.0013460250338539481,0.013460250338539481,25.0,0.00018286253907717764,0.004571563476929441,0.5102551275637819,0.005419268738478422,0.002765209661454723,0.0,0.3126448392868042,0.0,500.0,0.0011742397909983993,0.5871198954991996,200.0,0.0007893437286838889,0.15786874573677778,0.03401700850425213,0.08482051640748978,0.0028853402279686367,0.0,0.0,0.0
70,0.8852285146713257,0.0,0.00021261791698634624,0.0,20.0,0.003788576228544116,0.07577152457088232,20.0,0.0029196094255894423,0.058392188511788845,10.0,0.0013536415062844753,0.013536415062844753,25.0,0.00015966332284733653,0.003991583071183413,0.5177588794397199,0.004811080638319254,0.0024909797201903092,0.0,0.311500608921051,0.0,500.0,0.0011507750023156404,0.5753875011578202,200.0,0.0007636388763785362,0.15272777527570724,0.03451725862931466,0.08490244299173355,0.0029305995830063106,0.0,0.0,0.0
71,0.8735024333000183,0.0,0.00021732460299972445,0.0,20.0,0.0038411791902035475,0.07682358380407095,20.0,0.00292089581489563,0.0584179162979126,10.0,0.0013635405339300632,0.013635405339300632,25.0,0.0001366255310131237,0.0034156382753280923,0.5252626313156579,0.00476830406114459,0.002504611938069945,0.0,0.3104557394981384,0.0,500.0,0.0011349187698215246,0.5674593849107623,200.0,0.0007413494749926031,0.1482698949985206,0.03501750875437719,0.08498478680849075,0.002975955516055204,0.0,0.0,0.0
72,0.8644465804100037,0.0,0.00022193968470674008,0.0,20.0,0.0038899220526218414,0.07779844105243683,20.0,0.0029108754824846983,0.058217509649693966,10.0,0.0013737465487793088,0.013737465487793088,25.0,0.00011434828775236383,0.0028587071938090958,0.5327663831915957,0.004688824061304331,0.0024980478365628374,0.0,0.30917516350746155,0.0,500.0,0.0011236590798944235,0.5618295399472117,200.0,0.0007224136497825384,0.14448272995650768,0.03551775887943972,0.08514271676540375,0.00302407848441404,0.0,0.0,0.0
73,0.8562722206115723,0.0,0.00022653354972135276,0.0,20.0,0.003933300729840994,0.07866601459681988,20.0,0.0028889398090541363,0.057778796181082726,10.0,0.0013835546560585499,0.013835546560585499,25.0,9.28450608626008e-05,0.00232112652156502,0.5402701350675337,0.004595288075506687,0.002482696909228225,0.0,0.30830883979797363,0.0,500.0,0.001112797879613936,0.556398939806968,200.0,0.0007085826946422458,0.14171653892844915,0.03601800900450225,0.0853065475821495,0.0030725719989568604,0.0,0.0,0.0
74,0.8473337292671204,0.0,0.00023121092817746103,0.0,20.0,0.00397218344733119,0.0794436689466238,20.0,0.002856716513633728,0.05713433027267456,10.0,0.0013932562433183193,0.013932562433183193,25.0,7.259572885232046e-05,0.0018148932213080116,0.5477738869434717,0.0042104278691112995,0.0023063624395582155,0.0,0.3073086440563202,0.0,500.0,0.00110048265196383,0.550241325981915,200.0,0.0006966950604692101,0.13933901209384203,0.03651825912956478,0.08547893911600113,0.00312154204875842,0.0,0.0,0.0
75,0.8388086557388306,0.0,0.00023606428294442594,0.0,20.0,0.004006317816674709,0.08012635633349419,20.0,0.0028158058412373066,0.05631611682474613,10.0,0.00140317901968956,0.0140317901968956,25.0,5.3976942581357434e-05,0.0013494235645339359,0.5552776388194097,0.004075005184859037,0.0022627592572253786,0.0,0.3065637946128845,0.0,500.0,0.0010875831358134747,0.5437915679067373,200.0,0.0006887975614517927,0.13775951229035854,0.03701850925462731,0.08566247671842575,0.0031710971871753402,0.0,0.0,0.0
76,0.8312264680862427,0.0,0.00024128094082698226,0.0,20.0,0.004037001170217991,0.08074002340435982,20.0,0.002771795494481921,0.055435909889638424,10.0,0.0014135745586827397,0.014135745586827397,25.0,3.726621071109548e-05,0.000931655267777387,0.5627813906953477,0.0031977843027561903,0.0017996534970488817,0.0,0.30570828914642334,0.0,500.0,0.0010762471938505769,0.5381235969252884,200.0,0.0006841954891569912,0.13683909783139825,0.03751875937968985,0.08584479242563248,0.0032207901110167265,0.0,0.0,0.0
77,0.8257080912590027,0.0,0.00024680542992427945,0.0,20.0,0.004065908025950193,0.08131816051900387,20.0,0.002731041517108679,0.054620830342173576,10.0,0.0014252621913328767,0.014252621913328767,25.0,2.298048639204353e-05,0.0005745121598010883,0.5702851425712856,0.0034027383662760258,0.0019405311343445068,0.0,0.3048854470252991,0.0,500.0,0.0010673566721379757,0.5336783360689878,200.0,0.0006802638527005911,0.13605277054011822,0.03801900950475238,0.08601672947406769,0.0032702708554422934,0.0,0.0,0.0
78,0.8211817741394043,0.0,0.00025251187616959214,0.0,20.0,0.0040956842713057995,0.08191368542611599,20.0,0.002698572352528572,0.05397144705057144,10.0,0.0014391980366781354,0.014391980366781354,25.0,1.1844579603348393e-05,0.0002961144900837098,0.5777888944472236,0.003629695624113083,0.0020971978218362235,0.0,0.30441245436668396,0.0,500.0,0.0010603917762637138,0.5301958881318569,200.0,0.0006749806925654411,0.13499613851308823,0.03851925962981491,0.08617203682661057,0.003319283059354184,0.0,0.0,0.0
79,0.8163728713989258,0.0,0.0002583153545856476,0.0,20.0,0.00412738835439086,0.08254776708781719,20.0,0.0026764560025185347,0.05352912005037069,10.0,0.0014558816328644753,0.014558816328644753,25.0,4.240806447342038e-06,0.00010602016118355095,0.5852926463231616,0.003255255753174424,0.0019052772542341551,0.0,0.3039594888687134,0.0,500.0,0.0010535579640418291,0.5267789820209146,200.0,0.0006678957724943757,0.13357915449887514,0.03901950975487744,0.08630821853876114,0.003367704375199284,0.0,0.0,0.0
80,0.8111015558242798,0.0,0.0002642215695232153,0.0,20.0,0.004161790944635868,0.08323581889271736,20.0,0.002665251260623336,0.05330502521246672,10.0,0.0014754129806533456,0.014754129806533456,25.0,4.3778840108643635e-07,1.0944710027160909e-05,0.5927963981990996,0.0028585409745573997,0.0016945327938221704,0.0,0.3035754859447479,0.0,500.0,0.0010457828175276518,0.5228914087638259,200.0,0.0006589713739231229,0.13179427478462458,0.03951975987993997,0.08642227947711945,0.0034153877332128244,0.0,0.0,0.0
81,0.8058458566665649,0.0,0.00026991721824742854,0.0,20.0,0.004198172129690647,0.08396344259381294,20.0,0.002662189770489931,0.05324379540979862,10.0,0.001497142482548952,0.014971424825489521,25.0,5.179699655855075e-07,1.2949249139637686e-05,0.6003001500750376,0.002530656522139907,0.0015191534900289587,0.0,0.3032931983470917,0.0,500.0,0.001037731533870101,0.5188657669350505,200.0,0.0006490331143140793,0.12980662286281586,0.0400200100050025,0.08652281016111374,0.0034626437283087038,0.0,0.0,0.0
82,0.8008459210395813,0.0,0.0002750354469753802,0.0,20.0,0.004235669504851103,0.08471339009702206,20.0,0.0026635113172233105,0.05327022634446621,10.0,0.0015204052906483412,0.015204052906483412,25.0,4.20263086198247e-06,0.00010506577154956176,0.6078039019509754,0.002525901421904564,0.001535252740177111,0.0,0.3029499650001526,0.0,500.0,0.0010295056272298098,0.5147528136149049,200.0,0.0006387784378603101,0.12775568757206202,0.04052026013006503,0.08660930395126343,0.0035094315257890633,0.0,0.0,0.0
83,0.7960787415504456,0.0,0.00027931772638112307,0.0,20.0,0.004271415993571281,0.08542831987142563,20.0,0.0026637043338268995,0.05327408667653799,10.0,0.001544057042337954,0.01544057042337954,25.0,1.1009705303877126e-05,0.00027524263259692816,0.6153076538269134,0.0023383544757962227,0.0014388074063178358,0.0,0.3025103211402893,0.0,500.0,0.0010214409558102489,0.5107204779051244,200.0,0.0006297262734733522,0.12594525469467044,0.04102051025512756,0.08668699860572815,0.0035559449152925003,0.0,0.0,0.0
84,0.791965901851654,0.0,0.00028280867263674736,0.0,20.0,0.004303884692490101,0.08607769384980202,20.0,0.0026599783450365067,0.05319956690073013,10.0,0.001567600411362946,0.01567600411362946,25.0,2.049060640274547e-05,0.0005122651600686368,0.6228114057028514,0.0022853482514619827,0.0014233409570135911,0.0,0.30238232016563416,0.0,500.0,0.0010141115635633469,0.5070557817816734,200.0,0.0006220954237505794,0.12441908475011587,0.0415207603801901,0.08675745129585266,0.0036022353464511114,0.0,0.0,0.0
85,0.7884345650672913,0.0,0.0002857383224181831,0.0,20.0,0.004331387113779783,0.08662774227559566,20.0,0.0026499885134398937,0.052999770268797874,10.0,0.0015906417975202203,0.015906417975202203,25.0,3.2251482480205595e-05,0.0008062870620051399,0.6303151575787894,0.002159407828003168,0.0013611074853846882,0.0,0.30214816331863403,0.0,500.0,0.0010079493513330817,0.5039746756665409,200.0,0.0006155509036034346,0.12311018072068691,0.04202101050525263,0.08682284504175186,0.003648383683595376,0.0,0.0,0.0
86,0.785605251789093,0.0,0.0002883245178963989,0.0,20.0,0.0043530589900910854,0.08706117980182171,20.0,0.002633260563015938,0.052665211260318756,10.0,0.0016128678107634187,0.016128678107634187,25.0,4.6125387598294765e-05,0.0011531346899573691,0.6378189094547274,0.0020831492729485035,0.0013286719975034228,0.0,0.3019796907901764,0.0,500.0,0.0010032497812062502,0.5016248906031251,200.0,0.0006097450386732817,0.12194900773465633,0.04252126063031516,0.08688556402921677,0.003694483713098262,0.0,0.0,0.0
87,0.783233106136322,0.0,0.00029076170176267624,0.0,20.0,0.004367432091385126,0.08734864182770252,20.0,0.0026098384987562895,0.05219676997512579,10.0,0.0016341740265488625,0.016341740265488625,25.0,6.210180436028168e-05,0.001552545109007042,0.6453226613306653,0.002201060764491558,0.001420394390292201,0.0,0.3019665479660034,0.0,500.0,0.000999473500996828,0.49973675049841404,200.0,0.0006044788751751184,0.12089577503502369,0.04302151075537769,0.08694491535425186,0.0037405016110383495,0.0,0.0,0.0
88,0.7806814312934875,0.0,0.0002932346542365849,0.0,20.0,0.0043753390200436115,0.08750678040087223,20.0,0.0025806264020502567,0.051612528041005135,10.0,0.001654629479162395,0.01654629479162395,25.0,8.007030555745587e-05,0.0020017576389363967,0.6528264132066033,0.0022147023119032383,0.001445816166600163,0.0,0.3019791841506958,0.0,500.0,0.0009957151487469673,0.49785757437348366,200.0,0.0005996209220029414,0.11992418440058827,0.04352176088044022,0.08700250089168549,0.003786502039808223,0.0,0.0,0.0
89,0.77779620885849,0.0,0.0002957851393148303,0.0,20.0,0.004377466626465321,0.08754933252930641,20.0,0.0025476876180619,0.050953752361238,10.0,0.0016744990134611726,0.016744990134611726,25.0,9.996892913477495e-05,0.002499223228369374,0.6603301650825413,0.0022532318253070116,0.0014878769431742147,0.0,0.30192336440086365,0.0,500.0,0.000991877168416977,0.49593858420848846,200.0,0.0005939523689448833,0.11879047378897667,0.04402201100550275,0.08704496920108795,0.0038318945921439417,0.0,0.0,0.0
90,0.7749153971672058,0.0,0.00029831507708877325,0.0,20.0,0.004374427255243063,0.08748854510486126,20.0,0.0025129858404397964,0.05025971680879593,10.0,0.0016939686611294746,0.016939686611294746,25.0,0.0001216996242874302,0.003042490607185755,0.6678339169584793,0.002352889161556959,0.001571339184931736,0.0,0.3019757568836212,0.0,500.0,0.0009883011225610971,0.4941505612805486,200.0,0.0005879321834072471,0.11758643668144941,0.04452226113056528,0.08707166463136673,0.0038766273897907146,0.0,0.0,0.0
91,0.7725565433502197,0.0,0.0003006609622389078,0.0,20.0,0.00436830660328269,0.0873661320656538,20.0,0.0024772051256150007,0.049544102512300014,10.0,0.00171351945027709,0.0171351945027709,25.0,0.00014462642138823867,0.0036156605347059667,0.6753376688344173,0.002440968994051218,0.0016484783101396421,0.0,0.30204248428344727,0.0,500.0,0.0009854341624304652,0.4927170812152326,200.0,0.0005830475129187107,0.11660950258374214,0.04502251125562781,0.08707593381404877,0.003920377210237313,0.0,0.0,0.0
92,0.770615816116333,0.0,0.0003025388577952981,0.0,20.0,0.004361203406006098,0.08722406812012196,20.0,0.002441172022372484,0.048823440447449684,10.0,0.001733494340442121,0.01733494340442121,25.0,0.00016759436402935535,0.004189859100733884,0.6828414207103551,0.00244106724858284,0.0016668618280718242,0.0,0.3021193742752075,0.0,500.0,0.0009832984069362283,0.49164920346811414,200.0,0.0005788200651295483,0.11576401302590966,0.04552276138069034,0.0870637446641922,0.003963382073257374,0.0,0.0,0.0
93,0.7689816355705261,0.0,0.00030378077644854784,0.0,20.0,0.004354096949100494,0.08708193898200989,20.0,0.002404151251539588,0.04808302503079176,10.0,0.0017540690023452044,0.017540690023452044,25.0,0.0001897065812954679,0.004742664532386698,0.6903451725862931,0.0025582921225577593,0.0017661046168732904,0.0,0.3021800220012665,0.0,500.0,0.0009811274940147996,0.4905637470073998,200.0,0.0005759888445027173,0.11519776890054345,0.04602301150575288,0.08703668415546417,0.004005690316309507,0.0,0.0,0.0
94,0.7671595215797424,0.0,0.00030432743369601667,0.0,20.0,0.004348010756075382,0.08696021512150764,20.0,0.0023657907731831074,0.04731581546366215,10.0,0.0017751039704307914,0.017751039704307914,25.0,0.00021017453400418162,0.005254363350104541,0.6978489244622311,0.0025371601805090904,0.001770554503156669,0.0,0.30222421884536743,0.0,500.0,0.0009783691493794322,0.4891845746897161,200.0,0.0005743765505030751,0.11487531010061502,0.04652326163081541,0.0870022401213646,0.00404762797963327,0.0,0.0,0.0
95,0.7650289535522461,0.0,0.0003042455646209419,0.0,20.0,0.00434356601908803,0.0868713203817606,20.0,0.002325299894437194,0.04650599788874388,10.0,0.0017964758444577456,0.017964758444577456,25.0,0.00022852799156680703,0.005713199789170176,0.7053526763381691,0.0024273714516311884,0.0017121529498749254,0.0,0.30227649211883545,0.0,500.0,0.0009751663310453296,0.4875831655226648,200.0,0.0005729456897825003,0.11458913795650005,0.04702351175587794,0.08696180582046509,0.0040892494983110145,0.0,0.0,0.0
96,0.7628519535064697,0.0,0.0003037135466001928,0.0,20.0,0.004339379724115133,0.08678759448230267,20.0,0.0022833561524748802,0.045667123049497604,10.0,0.0018180659972131252,0.018180659972131252,25.0,0.0002454034402035177,0.006135086005087942,0.7128564282141071,0.0022561848163604736,0.0016083358495816284,0.0,0.302366703748703,0.0,500.0,0.0009722787654027343,0.48613938270136714,200.0,0.0005710149416700006,0.11420298833400011,0.04752376188094047,0.08692017197608948,0.004130773555642071,0.0,0.0,0.0
97,0.7610901594161987,0.0,0.0003030258521903306,0.0,20.0,0.004334757104516029,0.08669514209032059,20.0,0.002239464083686471,0.04478928167372942,10.0,0.0018396234372630715,0.018396234372630715,25.0,0.0002615072880871594,0.006537682202178985,0.720360180090045,0.0021760687232017517,0.0015675532573339282,0.0,0.30243268609046936,0.0,500.0,0.0009702211827971041,0.48511059139855206,200.0,0.0005691088153980672,0.11382176307961345,0.048024012006003,0.086872398853302,0.004171961125521257,0.0,0.0,0.0
98,0.7596660256385803,0.0,0.00030234712176024914,0.0,20.0,0.004328036680817604,0.08656073361635208,20.0,0.002194262808188796,0.04388525616377592,10.0,0.0018607196398079395,0.018607196398079395,25.0,0.00027772970497608185,0.006943242624402046,0.727863931965983,0.002200960647314787,0.0016019998708569358,0.0,0.30259570479393005,0.0,500.0,0.0009686767007224262,0.4843383503612131,200.0,0.0005675823776982725,0.1135164755396545,0.04852426213106553,0.08681834489107132,0.004212796125279599,0.0,0.0,0.0
99,0.7582960724830627,0.0,0.0003018206334672868,0.0,20.0,0.004319129511713982,0.08638259023427963,20.0,0.0021482519805431366,0.04296503961086273,10.0,0.001881038537248969,0.01881038537248969,25.0,0.00029418113990686834,0.0073545284976717085,0.735367683841921,0.0022266434971243143,0.001637401671221982,0.0,0.3026459813117981,0.0,500.0,0.0009672375163063407,0.48361875815317035,200.0,0.0005663686897605658,0.11327373795211315,0.04902451225612806,0.08676562458276749,0.004253642425768491,0.0,0.0,0.0
100,0.756659746170044,0.0,0.0003014638787135482,0.0,20.0,0.004307611845433712,0.08615223690867424,20.0,0.002101185731589794,0.04202371463179588,10.0,0.0019006244838237762,0.019006244838237762,25.0,0.00031093735015019774,0.007773433753754944,0.742871435717859,0.0022522269282490015,0.001673115051750759,0.0,0.30279022455215454,0.0,500.0,0.0009656058973632753,0.48280294868163764,200.0,0.0005646685021929443,0.11293370043858886,0.04952476238119059,0.08671093732118607,0.004294338566682051,0.0,0.0,0.0
101,0.7548189163208008,0.0,0.0003012438537552953,0.0,20.0,0.004293723031878471,0.08587446063756943,20.0,0.002053558360785246,0.04107116721570492,10.0,0.0019194321939721704,0.019194321939721704,25.0,0.0003278583462815732,0.00819645865703933,0.7503751875937968,0.002060511615127325,0.001546156789740364,0.0,0.30293938517570496,0.0,500.0,0.0009639040799811482,0.4819520399905741,200.0,0.0005632459069602191,0.11264918139204383,0.05002501250625312,0.08665822446346283,0.004335078762554418,0.0,0.0,0.0
102,0.7531538605690002,0.0,0.0003010524669662118,0.0,20.0,0.0042779273353517056,0.08555854670703411,20.0,0.002006044378504157,0.04012088757008314,10.0,0.0019373093964532018,0.019373093964532018,25.0,0.0003445656911935657,0.008614142279839143,0.7578789394697348,0.0020717945881187916,0.0015701694852426058,0.0,0.3030644655227661,0.0,500.0,0.0009624314261600375,0.48121571308001876,200.0,0.0005616219714283943,0.11232439428567886,0.05052526263131566,0.08662733435630798,0.004376868819403255,0.0,0.0,0.0
103,0.751670777797699,0.0,0.00030079600401222706,0.0,20.0,0.004261287860572338,0.08522575721144676,20.0,0.0019589876756072044,0.03917975351214409,10.0,0.001954577164724469,0.019545771647244692,25.0,0.0003603746881708503,0.009009367204271257,0.7653826913456728,0.0022769002243876457,0.0017427000216673828,0.0,0.30318912863731384,0.0,500.0,0.000961333978921175,0.4806669894605875,200.0,0.0005594083922915161,0.11188167845830321,0.05102551275637819,0.08659856766462326,0.004418736319055314,0.0,0.0,0.0
104,0.7502156496047974,0.0,0.0003003617748618126,0.0,20.0,0.0042448872700333595,0.08489774540066719,20.0,0.0019131548469886184,0.03826309693977237,10.0,0.0019714003428816795,0.019714003428816795,25.0,0.00037469970993697643,0.00936749274842441,0.7728864432216108,0.0023393724113702774,0.0018080692223947368,0.0,0.30331113934516907,0.0,500.0,0.000960487755946815,0.4802438779734075,200.0,0.000557302962988615,0.11146059259772301,0.05152576288144072,0.08657464385032654,0.004460824570577105,0.0,0.0,0.0
105,0.7488160133361816,0.0,0.0002997135743498802,0.0,20.0,0.004229726269841194,0.08459452539682388,20.0,0.001868662191554904,0.03737324383109808,10.0,0.00198773923330009,0.0198773923330009,25.0,0.0003868868516292423,0.009672171290731058,0.7803901950975488,0.0023562610149383545,0.0018388029931484908,0.0,0.30342596769332886,0.0,500.0,0.0009596525924280286,0.4798262962140143,200.0,0.0005556523101404309,0.11113046202808619,0.05202601300650325,0.08655557781457901,0.004503141617166692,0.0,0.0,0.0
106,0.7474651336669922,0.0,0.00029885914409533143,0.0,20.0,0.0042158570140600204,0.08431714028120041,20.0,0.0018259206553921103,0.03651841310784221,10.0,0.0020036990754306316,0.020036990754306316,25.0,0.00039680671761743724,0.009920167940435931,0.7878939469734867,0.002446733647957444,0.0019277666310820282,0.0,0.30362004041671753,0.0,500.0,0.0009587537497282028,0.4793768748641014,200.0,0.000554109865333885,0.11082197306677699,0.05252626313156578,0.08654370903968811,0.004545817633400326,0.0,0.0,0.0
107,0.7461221218109131,0.0,0.00029783087666146457,0.0,20.0,0.004203737247735262,0.08407474495470524,20.0,0.0017851772718131542,0.035703545436263084,10.0,0.0020192721858620644,0.020192721858620644,25.0,0.0004044257220812142,0.010110643052030355,0.7953976988494247,0.0025040465407073498,0.0019917128562904883,0.0,0.3037741780281067,0.0,500.0,0.000957812531851232,0.478906265925616,200.0,0.0005527636385522783,0.11055272771045566,0.05302651325662831,0.08655548095703125,0.004589735358401857,0.0,0.0,0.0
108,0.7448074817657471,0.0,0.0002967123582493514,0.0,20.0,0.004193346481770277,0.08386692963540554,20.0,0.0017468007281422615,0.03493601456284523,10.0,0.002034572185948491,0.02034572185948491,25.0,0.00041014811722561717,0.01025370293064043,0.8029014507253627,0.0025340698193758726,0.002034608334216246,0.0,0.3039458394050598,0.0,500.0,0.0009568933164700866,0.4784466582350433,200.0,0.0005514509975910187,0.11029019951820374,0.053526763381690844,0.0865669772028923,0.004633650105407442,0.0,0.0,0.0
109,0.7433798909187317,0.0,0.0002956284151878208,0.0,20.0,0.004184353165328503,0.08368706330657005,20.0,0.0017108244355767965,0.03421648871153593,10.0,0.0020496852230280638,0.020496852230280638,25.0,0.0004145041457377374,0.010362603643443435,0.8104052026013007,0.00234283902682364,0.0018986489361952459,0.0,0.30410465598106384,0.0,500.0,0.0009559730533510447,0.4779865266755223,200.0,0.0005502679268829525,0.11005358537659049,0.054027013506753374,0.08658859878778458,0.004678123396238486,0.0,0.0,0.0
110,0.7422107458114624,0.0,0.00029463745886459947,0.0,20.0,0.00417571235448122,0.0835142470896244,20.0,0.0016755647957324982,0.03351129591464996,10.0,0.0020647263154387474,0.020647263154387474,25.0,0.0004175361536908895,0.010438403842272237,0.8179089544772387,0.002378462115302682,0.001945365461990938,0.0,0.3042493462562561,0.0,500.0,0.0009551529074087739,0.47757645370438695,200.0,0.0005492726340889931,0.10985452681779861,0.054527263631815905,0.0866207405924797,0.004723191958269278,0.0,0.0,0.0
111,0.7409465909004211,0.0,0.00029377348255366087,0.0,20.0,0.004167064093053341,0.08334128186106682,20.0,0.0016405042260885239,0.03281008452177048,10.0,0.0020793804433196783,0.020793804433196783,25.0,0.0004194576176814735,0.010486440442036837,0.8254127063531765,0.0022464508656412363,0.001854249088698369,0.0,0.3042932450771332,0.0,500.0,0.0009544132044538856,0.4772066022269428,200.0,0.000548428506590426,0.1096857013180852,0.05502751375687844,0.08665557205677032,0.0047684406834641,0.0,0.0,0.0
112,0.7397376298904419,0.0,0.0002930662885773927,0.0,20.0,0.004157750867307186,0.08315501734614372,20.0,0.0016052959254011512,0.032105918508023024,10.0,0.002093601506203413,0.02093601506203413,25.0,0.00042044869042001665,0.010511217260500416,0.8329164582291145,0.002179456874728203,0.0018153055009617097,0.0,0.304357647895813,0.0,500.0,0.0009536984143778682,0.4768492071889341,200.0,0.0005477554514072835,0.10955109028145671,0.05552776388194097,0.08669355511665344,0.004813899258603568,0.0,0.0,0.0
113,0.7385860681533813,0.0,0.0002924847649410367,0.0,20.0,0.004147464409470558,0.08294928818941116,20.0,0.0015691252192482352,0.031382504384964705,10.0,0.002107374370098114,0.02107374370098114,25.0,0.0004205462464597076,0.01051365616149269,0.8404202101050525,0.0021586702205240726,0.0018141900802803612,0.0,0.30447497963905334,0.0,500.0,0.0009530162205919623,0.47650811029598117,200.0,0.0005474253557622433,0.10948507115244865,0.0560280140070035,0.0867331326007843,0.004859485168228035,0.0,0.0,0.0
114,0.7374777793884277,0.0,0.00029196980176493526,0.0,20.0,0.004136448260396719,0.08272896520793438,20.0,0.0015317206270992756,0.030634412541985512,10.0,0.002120716730132699,0.02120716730132699,25.0,0.0004195678629912436,0.01048919657478109,0.8479239619809905,0.002223687944933772,0.0018855182924776108,0.0,0.3044998347759247,0.0,500.0,0.0009524062043055892,0.4762031021527946,200.0,0.0005471206968650222,0.10942413937300444,0.05652826413206603,0.08677558600902557,0.0049052732461330115,0.0,0.0,0.0
115,0.7364675402641296,0.0,0.0002914410724770278,0.0,20.0,0.00412433035671711,0.0824866071343422,20.0,0.0014928951859474182,0.029857903718948364,10.0,0.0021338071674108505,0.021338071674108505,25.0,0.00041756348218768835,0.010439087054692209,0.8554277138569285,0.0024259111378341913,0.0020751916186575623,0.0,0.30455267429351807,0.0,500.0,0.0009519204613752663,0.47596023068763316,200.0,0.0005467974697239697,0.10935949394479394,0.057028514257128564,0.08681533485651016,0.00495094956160188,0.0,0.0,0.0
116,0.735456109046936,0.0,0.0002908427850343287,0.0,20.0,0.004111728630959988,0.08223457261919975,20.0,0.001454069628380239,0.02908139256760478,10.0,0.0021470000501722097,0.021470000501722097,25.0,0.000414720008848235,0.010368000221205875,0.8629314657328664,0.0025981427170336246,0.002242019102992998,0.0,0.3046054542064667,0.0,500.0,0.000951559457462281,0.4757797287311405,200.0,0.0005464202840812504,0.10928405681625009,0.057528764382191094,0.08684936910867691,0.00499633689219502,0.0,0.0,0.0
117,0.7342717051506042,0.0,0.000290153780952096,0.0,20.0,0.004098592326045036,0.08197184652090073,20.0,0.001415894366800785,0.0283178873360157,10.0,0.002160368487238884,0.02160368487238884,25.0,0.0004109230067115277,0.010273075167788193,0.8704352176088044,0.0024984402116388083,0.0021747303493004134,0.0,0.30471667647361755,0.0,500.0,0.0009513347176834941,0.47566735884174705,200.0,0.0005461077089421451,0.10922154178842902,0.058029014507253625,0.08688058704137802,0.005041594845822836,0.0,0.0,0.0
118,0.7332258820533752,0.0,0.0002893942000810057,0.0,20.0,0.0040857186540961266,0.08171437308192253,20.0,0.001379365916363895,0.0275873183272779,10.0,0.002174170920625329,0.02174170920625329,25.0,0.0004064927052240819,0.010162317630602047,0.8779389694847424,0.0024958443827927113,0.0021911990454233157,0.0,0.30473771691322327,0.0,500.0,0.0009511344833299518,0.4755672416649759,200.0,0.0005458745872601867,0.10917491745203733,0.058529264632316155,0.08691025525331497,0.005086793328983417,0.0,0.0,0.0
119,0.7321631908416748,0.0,0.0002886089205276221,0.0,20.0,0.0040731290355324745,0.08146258071064949,20.0,0.001345044351182878,0.02690088702365756,10.0,0.002188535174354911,0.02188535174354911,25.0,0.0004017901956103742,0.010044754890259355,0.8854427213606804,0.002489699050784111,0.002204485902895386,0.0,0.3046683669090271,0.0,500.0,0.0009508661460131407,0.47543307300657034,200.0,0.0005455006612464786,0.10910013224929571,0.05902951475737869,0.0869385376572609,0.005131939691624205,0.0,0.0,0.0
120,0.73109370470047,0.0,0.0002877986407838762,0.0,20.0,0.0040610358119010925,0.08122071623802185,20.0,0.0013128102291375399,0.026256204582750797,10.0,0.002203446114435792,0.02203446114435792,25.0,0.0003968827077187598,0.009922067692968994,0.8929464732366184,0.0024804091081023216,0.0022148725652639542,0.0,0.3046567738056183,0.0,500.0,0.0009505035122856498,0.4752517561428249,200.0,0.0005450824974104762,0.10901649948209524,0.05952976488244122,0.08696681261062622,0.005177113907285903,0.0,0.0,0.0
121,0.7300257086753845,0.0,0.0002869908348657191,0.0,20.0,0.0040492163971066475,0.08098432794213295,20.0,0.0012824232690036297,0.025648465380072594,10.0,0.0022187759168446064,0.022187759168446064,25.0,0.0003918413713108748,0.00979603428277187,0.9004502251125562,0.002470626262947917,0.0022246759746404454,0.0,0.30464428663253784,0.0,500.0,0.0009501009481027722,0.4750504740513861,200.0,0.000544557988177985,0.10891159763559699,0.060030015007503754,0.0869959369301796,0.005222367399510531,0.0,0.0,0.0
122,0.7289797067642212,0.0,0.00028618707437999547,0.0,20.0,0.004037647973746061,0.08075295947492123,20.0,0.001253587193787098,0.02507174387574196,10.0,0.002234361134469509,0.02234361134469509,25.0,0.0003865874314215034,0.009664685785537586,0.9079539769884942,0.0024650495033711195,0.0022381515000593206,0.0,0.30460089445114136,0.0,500.0,0.0009497253922745585,0.47486269613727927,200.0,0.0005438905791379511,0.10877811582759023,0.060530265132566284,0.0870264321565628,0.0052677330119780385,0.0,0.0,0.0
123,0.7280741333961487,0.0,0.00028541398933157325,0.0,20.0,0.004026317037642002,0.08052634075284004,20.0,0.00122540770098567,0.024508154019713402,10.0,0.002249963814392686,0.02249963814392686,25.0,0.0003809196350630373,0.009522990876575932,0.9154577288644322,0.0025639282539486885,0.0023471679363312155,0.0,0.30464309453964233,0.0,500.0,0.0009494053665548563,0.47470268327742815,200.0,0.0005432692123576999,0.10865384247153997,0.061030515257628815,0.08705905824899673,0.005313259182780191,0.0,0.0,0.0
124,0.7269182205200195,0.0,0.0002846565912477672,0.0,20.0,0.004014583304524422,0.08029166609048843,20.0,0.0011974046938121319,0.023948093876242638,10.0,0.002265483606606722,0.02265483606606722,25.0,0.0003748185408767313,0.009370463521918282,0.9229614807403702,0.002377565484493971,0.002194401360125751,0.0,0.30462467670440674,0.0,500.0,0.0009491428500041366,0.4745714250020683,200.0,0.000542642897926271,0.10852857958525419,0.061530765382691345,0.087090864777565,0.005358767567604049,0.0,0.0,0.0
125,0.7259568572044373,0.0,0.0002839572262018919,0.0,20.0,0.00400241743773222,0.0800483487546444,20.0,0.0011694109998643398,0.023388219997286797,10.0,0.002280838554725051,0.02280838554725051,25.0,0.00036849844036623836,0.009212461009155959,0.9304652326163082,0.0023772227577865124,0.002211923126304609,0.0,0.304604709148407,0.0,500.0,0.0009489085641689599,0.47445428208447993,200.0,0.000542145106010139,0.1084290212020278,0.062031015507753876,0.08712176978588104,0.00540425185265095,0.0,0.0,0.0
126,0.7250191569328308,0.0,0.000283313071122393,0.0,20.0,0.003990003373473883,0.07980006746947765,20.0,0.001141596119850874,0.02283192239701748,10.0,0.0022960163187235594,0.022960163187235594,25.0,0.0003622177173383534,0.009055442933458835,0.9379689844922461,0.0023863830137997866,0.0022383532520633314,0.0,0.3046429753303528,0.0,500.0,0.0009486644994467497,0.47433224972337484,200.0,0.0005417559877969325,0.10835119755938649,0.06253126563281641,0.08715137094259262,0.005449685526675377,0.0,0.0,0.0
127,0.7241642475128174,0.0,0.000282760476693511,0.0,20.0,0.003977484535425901,0.07954969070851803,20.0,0.0011137756519019604,0.022275513038039207,10.0,0.0023109789472073317,0.023109789472073317,25.0,0.00035589365870691836,0.008897341467672959,0.9454727363681841,0.00248911720700562,0.002353392456848735,0.0,0.30464813113212585,0.0,500.0,0.0009484037291258574,0.4742018645629287,200.0,0.0005414077895693481,0.10828155791386962,0.06303151575787894,0.08718057721853256,0.005495123926730917,0.0,0.0,0.0
128,0.7232527732849121,0.0,0.0002822742681019008,0.0,20.0,0.003965284675359726,0.07930569350719452,20.0,0.0010868287645280361,0.021736575290560722,10.0,0.002325919922441244,0.02325919922441244,25.0,0.0003496265271678567,0.008740663179196417,0.9529764882441221,0.002518652705475688,0.002400216810370778,0.0,0.30465003848075867,0.0,500.0,0.0009481136221438646,0.4740568110719323,200.0,0.0005410657613538206,0.10821315227076411,0.06353176588294147,0.08720865100622177,0.00554051959869443,0.0,0.0,0.0
129,0.7223608493804932,0.0,0.0002818625362124294,0.0,20.0,0.003953553270548582,0.07907106541097164,20.0,0.001060774433426559,0.02121548866853118,10.0,0.002340966835618019,0.02340966835618019,25.0,0.0003434815735090524,0.00858703933772631,0.9604802401200601,0.0025497917085886,0.002449024552521317,0.0,0.3046467900276184,0.0,500.0,0.0009477795683778822,0.4738897841889411,200.0,0.000540766108315438,0.1081532216630876,0.064032016008004,0.08723078668117523,0.005585563129159794,0.0,0.0,0.0
130,0.7213893532752991,0.0,0.0002814834297169,0.0,20.0,0.003942437469959259,0.07884874939918518,20.0,0.0010355713311582804,0.020711426623165607,10.0,0.0023561574053019285,0.023561574053019285,25.0,0.0003374035586602986,0.008435088966507465,0.967983991995998,0.0024845171719789505,0.002404972850314792,0.0,0.3046402037143707,0.0,500.0,0.000947392254602164,0.473696127301082,200.0,0.000540505803655833,0.1081011607311666,0.06453226613306653,0.08724795281887054,0.005630308110872587,0.0,0.0,0.0
131,0.7205039262771606,0.0,0.00028114859014749527,0.0,20.0,0.003931958228349686,0.07863916456699371,20.0,0.0010112038580700755,0.02022407716140151,10.0,0.0023715023417025805,0.023715023417025805,25.0,0.00033132132375612855,0.008283033093903214,0.9754877438719359,0.002505301497876644,0.0024438909058826694,0.0,0.3046289384365082,0.0,500.0,0.0009469426004216075,0.47347130021080375,200.0,0.0005402633687481284,0.10805267374962568,0.06503251625812906,0.08726081997156143,0.005674790693498241,0.0,0.0,0.0
132,0.7195210456848145,0.0,0.0002808189601637423,0.0,20.0,0.003922098316252232,0.07844196632504463,20.0,0.000987656181678176,0.01975312363356352,10.0,0.0023869886063039303,0.023869886063039303,25.0,0.0003253304457757622,0.008133261144394055,0.9829914957478739,0.0024237562902271748,0.0023825318210587286,0.0,0.304615318775177,0.0,500.0,0.0009464456816203892,0.4732228408101946,200.0,0.0005399917718023062,0.10799835436046124,0.0655327663831916,0.08726993203163147,0.005719040068105914,0.0,0.0,0.0
133,0.7187414169311523,0.0,0.000280471402220428,0.0,20.0,0.003912505693733692,0.07825011387467384,20.0,0.0009644769597798586,0.019289539195597172,10.0,0.0024025484453886747,0.024025484453886747,25.0,0.0003193942829966545,0.007984857074916363,0.9904952476238119,0.0025295778177678585,0.002505534806993677,0.0,0.3046308755874634,0.0,500.0,0.0009459491120651364,0.4729745560325682,200.0,0.0005397426430135965,0.10794852860271931,0.06603301650825413,0.0872708261013031,0.005762755900636323,0.0,0.0,0.0
134,0.7177315950393677,0.0,0.0002801037335302681,0.0,20.0,0.0039031668566167355,0.07806333713233471,20.0,0.0009413504740223289,0.018827009480446577,10.0,0.002418066607788205,0.02418066607788205,25.0,0.00031324068550020456,0.007831017137505114,0.9979989994997499,0.0023793098516762257,0.0023745488514727714,0.0,0.3046438992023468,0.0,500.0,0.000945483276154846,0.472741638077423,200.0,0.000539536529686302,0.10790730593726039,0.06653326663331666,0.087265744805336,0.005806075067088388,0.0,0.0,0.0
135,0.7169442176818848,0.0,0.0002797116758301854,0.0,20.0,0.0038939311634749174,0.07787862326949835,20.0,0.000918214675039053,0.01836429350078106,10.0,0.002433482091873884,0.024334820918738842,25.0,0.00030683225486427546,0.007670806371606886,1.0055027513756878,0.0024264706298708916,0.0024398228944674796,0.0,0.3046252131462097,0.0,500.0,0.000945058767683804,0.472529383841902,200.0,0.0005393869359977543,0.10787738719955087,0.0670335167583792,0.08725672215223312,0.005849124946672956,0.0,0.0,0.0
136,0.7161406874656677,0.0,0.00027934234822168946,0.0,20.0,0.0038849934935569763,0.07769986987113953,20.0,0.0008954046061262488,0.017908092122524977,10.0,0.002448859391734004,0.02448859391734004,25.0,0.0003002261510118842,0.007505653775297105,1.0130065032516258,0.002424518810585141,0.0024560533223786448,0.0,0.3046014904975891,0.0,500.0,0.0009446655167266726,0.4723327583633363,200.0,0.0005392886814661324,0.10785773629322648,0.06753376688344172,0.08724530041217804,0.005892003779711873,0.0,0.0,0.0
137,0.7154635190963745,0.0,0.0002790304133668542,0.0,20.0,0.0038762229960411787,0.07752445992082357,20.0,0.0008732317946851254,0.017464635893702507,10.0,0.0024641663767397404,0.024641663767397404,25.0,0.0002937339886557311,0.007343349716393277,1.0205102551275638,0.002519597765058279,0.002571275358038464,0.0,0.304573655128479,0.0,500.0,0.0009442789014428854,0.4721394507214427,200.0,0.0005392197053879499,0.10784394107758999,0.06803401700850426,0.08723266422748566,0.0059347885617499,0.0,0.0,0.0
138,0.7147843837738037,0.0,0.0002787922858260572,0.0,20.0,0.0038673924282193184,0.07734784856438637,20.0,0.0008520716219209135,0.01704143243841827,10.0,0.0024794340133666992,0.024794340133666992,25.0,0.0002877041697502136,0.007192604243755341,1.0280140070035018,0.0025997855700552464,0.002672615981222377,0.0,0.30460405349731445,0.0,500.0,0.000943860737606883,0.4719303688034415,200.0,0.0005391379236243665,0.1078275847248733,0.06853426713356678,0.08721980452537537,0.005977545382679552,0.0,0.0,0.0
139,0.713945209980011,0.0,0.0002786125405691564,0.0,20.0,0.0038583329878747463,0.07716665975749493,20.0,0.0008318090694956481,0.016636181389912963,10.0,0.0024946508929133415,0.024946508929133415,25.0,0.00028231978649273515,0.007057994662318379,1.0355177588794398,0.002525756135582924,0.0026154653329948235,0.0,0.3045770227909088,0.0,500.0,0.0009433914674445987,0.47169573372229934,200.0,0.0005390315782278776,0.10780631564557552,0.06903451725862932,0.08720795065164566,0.006020358774350726,0.0,0.0,0.0
140,0.7131965756416321,0.0,0.0002784654498100281,0.0,20.0,0.0038489345461130142,0.07697869092226028,20.0,0.00081257289275527,0.0162514578551054,10.0,0.0025098766200244427,0.025098766200244427,25.0,0.00027770292945206165,0.006942573236301541,1.0430215107553777,0.00253415503539145,0.0026431782135023377,0.0,0.30455490946769714,0.0,500.0,0.0009428724879398942,0.4714362439699471,200.0,0.0005389116704463959,0.10778233408927917,0.06953476738369184,0.0871979296207428,0.006063287752517883,0.0,0.0,0.0
141,0.7124330997467041,0.0,0.0002782857627607882,0.0,20.0,0.003838957054540515,0.0767791410908103,20.0,0.0007939959177747369,0.015879918355494738,10.0,0.002525016665458679,0.025250166654586792,25.0,0.00027372658951207995,0.006843164737801999,1.0505252626313157,0.0025076111778616905,0.0026343088912003754,0.0,0.30451154708862305,0.0,500.0,0.0009423655574209988,0.4711827787104994,200.0,0.0005387860583141446,0.10775721166282892,0.07003501750875438,0.08719075471162796,0.006106406032830372,0.0,0.0,0.0
142,0.711696982383728,0.0,0.0002780807262752205,0.0,20.0,0.003828611923381686,0.07657223846763372,20.0,0.0007757266284897923,0.015514532569795847,10.0,0.0025399678852409124,0.025399678852409124,25.0,0.00027008133474737406,0.0067520333686843514,1.0580290145072537,0.0024861088022589684,0.0026303752460118653,0.0,0.3045032024383545,0.0,500.0,0.0009418877889402211,0.47094389447011054,200.0,0.0005386722041293979,0.10773444082587957,0.07053526763381691,0.08718720078468323,0.0061497725415909634,0.0,0.0,0.0
143,0.7110026478767395,0.0,0.00027778721414506435,0.0,20.0,0.003818008815869689,0.07636017631739378,20.0,0.0007574887713417411,0.015149775426834822,10.0,0.002554721897467971,0.02554721897467971,25.0,0.0002664640487637371,0.006661601219093427,1.0655327663831915,0.002495088614523411,0.0026585986738043342,0.0,0.3044113516807556,0.0,500.0,0.0009414305677637458,0.4707152838818729,200.0,0.0005385827971622348,0.10771655943244696,0.07103551775887944,0.08718802034854889,0.006193446167830886,0.0,0.0,0.0
144,0.7103078365325928,0.0,0.00027743889950215816,0.0,20.0,0.0038074105978012085,0.07614821195602417,20.0,0.0007393982959911227,0.014787965919822454,10.0,0.0025693620555102825,0.025693620555102825,25.0,0.0002628169604577124,0.00657042401144281,1.0730365182591295,0.002498658373951912,0.0026811516819043777,0.0,0.30435165762901306,0.0,500.0,0.000940969679504633,0.4704848397523165,200.0,0.0005385208642110229,0.10770417284220457,0.07153576788394198,0.08719321340322495,0.006237433475068118,0.0,0.0,0.0
145,0.7096639275550842,0.0,0.00027706142282113433,0.0,20.0,0.0037968135438859463,0.07593627087771893,20.0,0.0007216488011181355,0.014432976022362709,10.0,0.0025839272420853376,0.025839272420853376,25.0,0.0002592621895018965,0.0064815547375474125,1.0805402701350675,0.0025362069718539715,0.002740473766485532,0.0,0.3042936325073242,0.0,500.0,0.0009405124001204967,0.4702562000602484,200.0,0.0005384772666729987,0.10769545333459973,0.0720360180090045,0.08720222860574722,0.0062817013102689345,0.0,0.0,0.0
146,0.7089690566062927,0.0,0.00027670658892020583,0.0,20.0,0.00378628633916378,0.0757257267832756,20.0,0.0007044132216833532,0.014088264433667064,10.0,0.0025984514504671097,0.025984514504671097,25.0,0.00025598303182050586,0.0063995757955126464,1.0880440220110055,0.0025066700764000416,0.0027273673917809355,0.0,0.3042954206466675,0.0,500.0,0.0009400580311194062,0.4700290155597031,200.0,0.0005384417599998415,0.10768835199996829,0.07253626813406704,0.08721441775560379,0.006326208391477014,0.0,0.0,0.0
147,0.70832359790802,0.0,0.0002764148230198771,0.0,20.0,0.0037757903337478638,0.07551580667495728,20.0,0.0006879896391183138,0.013759792782366276,10.0,0.002612996380776167,0.02612996380776167,25.0,0.00025319666019640863,0.006329916504910216,1.0955477738869435,0.002515489002689719,0.0027558383771338095,0.0,0.3042975068092346,0.0,500.0,0.000939559075050056,0.469779537525028,200.0,0.0005384091637097299,0.10768183274194598,0.07303651825912956,0.08722878247499466,0.006370886563956588,0.0,0.0,0.0
148,0.7076708674430847,0.0,0.00027620099717751145,0.0,20.0,0.003765428438782692,0.07530856877565384,20.0,0.0006726006977260113,0.013452013954520226,10.0,0.0026277604047209024,0.026277604047209024,25.0,0.00025090493727475405,0.006272623431868851,1.1030515257628815,0.0025256057269871235,0.002785873250628618,0.0,0.3042990267276764,0.0,500.0,0.0009389728656969965,0.4694864328484982,200.0,0.0005383606185205281,0.10767212370410562,0.0735367683841921,0.08724431693553925,0.0064156651273257976,0.0,0.0,0.0
149,0.7069637775421143,0.0,0.0002760954957921058,0.0,20.0,0.0037552244029939175,0.07510448805987835,20.0,0.0006583348149433732,0.013166696298867464,10.0,0.0026427344419062138,0.026427344419062138,25.0,0.00024923565797507763,0.006230891449376941,1.1105552776388194,0.002511516446247697,0.002789177844257072,0.0,0.30427026748657227,0.0,500.0,0.0009382631978951395,0.46913159894756973,200.0,0.0005382652743719518,0.10765305487439036,0.07403701850925462,0.08726076781749725,0.006460527082035814,0.0,0.0,0.0
150,0.7062665820121765,0.0,0.00027608886011876166,0.0,20.0,0.0037454254925251007,0.07490850985050201,20.0,0.0006450868677347898,0.012901737354695797,10.0,0.0026578588876873255,0.026578588876873255,25.0,0.00024788323207758367,0.006197080801939592,1.1180590295147574,0.002496975939720869,0.0027917664958860143,0.0,0.3042675256729126,0.0,500.0,0.0009375174413435161,0.46875872067175806,200.0,0.0005381234805099666,0.10762469610199332,0.07453726863431716,0.08727755397558212,0.00650543048642408,0.0,0.0,0.0
151,0.7055822014808655,0.0,0.0002761146752163768,0.0,20.0,0.003735782578587532,0.07471565157175064,20.0,0.000632095558103174,0.01264191116206348,10.0,0.0026728890370577574,0.026728890370577574,25.0,0.000246524898102507,0.006163122452562675,1.1255627813906954,0.002465269761160016,0.002774815889249643,0.0,0.304263174533844,0.0,500.0,0.0009368208702653646,0.4684104351326823,200.0,0.000537984655238688,0.1075969310477376,0.0750375187593797,0.08729518949985504,0.006550414419698978,0.0,0.0,0.0
152,0.7048969268798828,0.0,0.00027610690449364483,0.0,20.0,0.0037263676058501005,0.07452735211700201,20.0,0.0006189129198901355,0.01237825839780271,10.0,0.0026876884512603283,0.026876884512603283,25.0,0.0002448091981932521,0.006120229954831302,1.1330665332666334,0.0024208391550928354,0.002742971829057165,0.0,0.30422699451446533,0.0,500.0,0.000936162075959146,0.468081037979573,200.0,0.0005378735368140042,0.10757470736280084,0.07553776888444222,0.08731362968683243,0.006595476779745721,0.0,0.0,0.0
153,0.70427405834198,0.0,0.0002760218339972198,0.0,20.0,0.0037171156145632267,0.07434231229126453,20.0,0.0006054729456081986,0.012109458912163973,10.0,0.002702241064980626,0.02702241064980626,25.0,0.00024269381538033485,0.006067345384508371,1.1405702851425712,0.0024257043842226267,0.0027666863411843863,0.0,0.3041902780532837,0.0,500.0,0.0009355322690680623,0.46776613453403115,200.0,0.0005377958295866847,0.10755916591733694,0.07603801900950476,0.08733230084180832,0.006640575151553209,0.0,0.0,0.0
154,0.7037721276283264,0.0,0.00027590093668550253,0.0,20.0,0.003708105068653822,0.07416210137307644,20.0,0.0005920702824369073,0.011841405648738146,10.0,0.002716626040637493,0.02716626040637493,25.0,0.00024037878029048443,0.006009469507262111,1.1480740370185092,0.0025167970452457666,0.002889469344091563,0.0,0.3041812777519226,0.0,500.0,0.0009349396568723023,0.46746982843615115,200.0,0.0005377394845709205,0.1075478969141841,0.07653826913456728,0.08735040575265884,0.006685648864510656,0.0,0.0,0.0
155,0.7032811045646667,0.0,0.00027578813023865223,0.0,20.0,0.0036992058157920837,0.07398411631584167,20.0,0.0005791827570647001,0.011583655141294003,10.0,0.002730977488681674,0.02730977488681674,25.0,0.00023831147700548172,0.005957786925137043,1.1555777888944472,0.002592237899079919,0.0029955325397071596,0.0,0.30420225858688354,0.0,500.0,0.0009343673591502011,0.46718367957510054,200.0,0.0005376798217184842,0.10753596434369683,0.07703851925962982,0.08736725151538849,0.006730643688529179,0.0,0.0,0.0
156,0.7027475237846375,0.0,0.00027572643011808395,0.0,20.0,0.0036905421875417233,0.07381084375083447,20.0,0.0005672277184203267,0.011344554368406534,10.0,0.0027454684022814035,0.027454684022814035,25.0,0.00023677869467064738,0.005919467366766185,1.1630815407703852,0.0026306190993636847,0.0030596245152679172,0.0,0.3041937053203583,0.0,500.0,0.0009337312076240778,0.4668656038120389,200.0,0.0005375861073844135,0.1075172214768827,0.07753876938469234,0.08738209307193756,0.006775499963056689,0.0,0.0,0.0
157,0.7021523118019104,0.0,0.00027571653481572866,0.0,20.0,0.0036817751824855804,0.07363550364971161,20.0,0.0005562932346947491,0.011125864693894982,10.0,0.0027601078618317842,0.027601078618317842,25.0,0.0002359206264372915,0.005898015660932288,1.1705852926463232,0.002637951634824276,0.0030879473864376217,0.0,0.3041873574256897,0.0,500.0,0.0009329951135441661,0.46649755677208304,200.0,0.0005374306347221136,0.10748612694442272,0.07803901950975488,0.08739462494850159,0.006820190841403825,0.0,0.0,0.0
158,0.7014741897583008,0.0,0.0002757765760179609,0.0,20.0,0.0036728172563016415,0.07345634512603283,20.0,0.0005463833222165704,0.010927666444331408,10.0,0.002774914028123021,0.02774914028123021,25.0,0.00023566298477817327,0.005891574619454332,1.1780890445222612,0.002581728622317314,0.003041506205881578,0.0,0.3042120039463043,0.0,500.0,0.0009321954566985369,0.46609772834926844,200.0,0.0005372278392314911,0.10744556784629822,0.0785392696348174,0.08740458637475967,0.006864692376606937,0.0,0.0,0.0
159,0.7008894085884094,0.0,0.00027589459205046296,0.0,20.0,0.0036638739984482527,0.07327747996896505,20.0,0.0005370604922063649,0.010741209844127297,10.0,0.002789783524349332,0.02789783524349332,25.0,0.00023566061281599104,0.005891515320399776,1.1855927963981991,0.0025918036699295044,0.0030728237607468363,0.0,0.3042353093624115,0.0,500.0,0.0009313963819295168,0.4656981909647584,200.0,0.0005370066501200199,0.10740133002400398,0.07903951975987994,0.08741308003664017,0.006909087866827987,0.0,0.0,0.0
160,0.7002882957458496,0.0,0.00027600512839853764,0.0,20.0,0.003654578235000372,0.07309156470000744,20.0,0.0005279233446344733,0.010558466892689466,10.0,0.0028045836370438337,0.028045836370438337,25.0,0.00023572843929287046,0.0058932109823217615,1.1930965482741371,0.0025711897760629654,0.003067677646778476,0.0,0.3042010962963104,0.0,500.0,0.0009306394495069981,0.46531972475349903,200.0,0.000536792038474232,0.10735840769484639,0.07953976988494248,0.08742033690214157,0.006953393480460485,0.0,0.0,0.0
161,0.699724555015564,0.0,0.00027605757350102067,0.0,20.0,0.0036450177431106567,0.07290035486221313,20.0,0.0005186335183680058,0.010372670367360115,10.0,0.0028192605823278427,0.028192605823278427,25.0,0.00023554182553198189,0.005888545638299547,1.2006003001500751,0.0025807612109929323,0.0030984626845337857,0.0,0.3041975200176239,0.0,500.0,0.0009299033554270864,0.4649516777135432,200.0,0.0005366131663322449,0.10732263326644897,0.080040020010005,0.08742689341306686,0.006997650298194446,0.0,0.0,0.0
162,0.6991473436355591,0.0,0.0002760167117230594,0.0,20.0,0.0036350893788039684,0.07270178757607937,20.0,0.0005091453203931451,0.010182906407862902,10.0,0.0028338420670479536,0.028338420670479536,25.0,0.0002350861468585208,0.00587715367146302,1.208104052026013,0.0025854858104139566,0.0031235358840168608,0.0,0.304197758436203,0.0,500.0,0.0009291821625083685,0.46459108125418425,200.0,0.0005364528042264283,0.10729056084528565,0.08054027013506754,0.08743312954902649,0.0070418878726329496,0.0,0.0,0.0
163,0.6985759735107422,0.0,0.00027591752586886287,0.0,20.0,0.0036249670665711164,0.07249934133142233,20.0,0.000499604968354106,0.009992099367082119,10.0,0.0028484214562922716,0.028484214562922716,25.0,0.00023447899729944766,0.005861974932486191,1.215607803901951,0.0025877284351736307,0.0031456628801760493,0.0,0.30422961711883545,0.0,500.0,0.0009284882107749581,0.46424410538747907,200.0,0.0005363122327253222,0.10726244654506445,0.08104052026013006,0.08743958920240402,0.007086149800294873,0.0,0.0,0.0
164,0.698092520236969,0.0,0.00027581476024352014,0.0,20.0,0.00361470109783113,0.0722940219566226,20.0,0.0004903898807242513,0.009807797614485025,10.0,0.0028631091117858887,0.028631091117858887,25.0,0.00023397846962325275,0.005849461740581319,1.2231115557778889,0.0026586917228996754,0.003251876569529618,0.0,0.30423402786254883,0.0,500.0,0.0009278180077672005,0.46390900388360023,200.0,0.0005360943032428622,0.10721886064857244,0.0815407703851926,0.08744615316390991,0.007130426696206761,0.0,0.0,0.0
165,0.6975329518318176,0.0,0.00027572561521083117,0.0,20.0,0.0036044109147042036,0.07208821829408407,20.0,0.00048190445522777736,0.009638089104555547,10.0,0.0028782200533896685,0.028782200533896685,25.0,0.00023366200912278146,0.005841550228069536,1.2306153076538269,0.002661846810951829,0.003275709432186843,0.0,0.30423977971076965,0.0,500.0,0.0009271486778743565,0.46357433893717825,200.0,0.0005357908667065203,0.10715817334130406,0.08204102051025512,0.08745209127664566,0.0071746588140919896,0.0,0.0,0.0
166,0.696979284286499,0.0,0.0002756887406576425,0.0,20.0,0.003594148438423872,0.07188296876847744,20.0,0.0004740177537314594,0.009480355074629188,10.0,0.002893640659749508,0.02893640659749508,25.0,0.00023359643819276243,0.005839910954819061,1.2381190595297649,0.0026657236739993095,0.0033004832882182547,0.0,0.30424562096595764,0.0,500.0,0.0009264457621611655,0.46322288108058274,200.0,0.0005354871391318738,0.10709742782637477,0.08254127063531766,0.08745752274990082,0.007218855054394014,0.0,0.0,0.0
167,0.6963792443275452,0.0,0.0002757466281764209,0.0,20.0,0.003583548590540886,0.07167097181081772,20.0,0.0004665955784730613,0.009331911569461226,10.0,0.002909313188865781,0.02909313188865781,25.0,0.0002340588252991438,0.005851470632478595,1.2456228114057029,0.002630437258630991,0.003276532653322245,0.0,0.3042232394218445,0.0,500.0,0.0009256884222850204,0.4628442111425102,200.0,0.0005352402804419398,0.10704805608838797,0.0830415207603802,0.0874619409441948,0.007262972584660498,0.0,0.0,0.0
168,0.6958470344543457,0.0,0.0002758369082584977,0.0,20.0,0.0035724937915802,0.071449875831604,20.0,0.00045915268128737807,0.009183053625747561,10.0,0.002925036009401083,0.02925036009401083,25.0,0.00023484487610403448,0.005871121902600862,1.2531265632816408,0.0026273364201188087,0.003292385058728172,0.0,0.3042339086532593,0.0,500.0,0.0009249543072655797,0.46247715363278985,200.0,0.0005350805004127324,0.10701610008254647,0.08354177088544272,0.08746545761823654,0.007307019220733118,0.0,0.0,0.0
169,0.6953017711639404,0.0,0.00027590987156145275,0.0,20.0,0.003561353776603937,0.07122707553207874,20.0,0.0004514273605309427,0.009028547210618854,10.0,0.002940792590379715,0.02940792590379715,25.0,0.00023559002147521824,0.005889750536880456,1.2606303151575788,0.002589894225820899,0.0032648991741213934,0.0,0.3042457103729248,0.0,500.0,0.0009242701344192028,0.4621350672096014,200.0,0.0005349877174012363,0.10699754348024726,0.08404202101050526,0.08746802061796188,0.007350989226522059,0.0,0.0,0.0
170,0.6948018074035645,0.0,0.00027589124510996044,0.0,20.0,0.003550343681126833,0.07100687362253666,20.0,0.00044312188401818275,0.008862437680363655,10.0,0.0029564746655523777,0.029564746655523777,25.0,0.00023595831589773297,0.005898957897443324,1.2681340670335168,0.0025846133939921856,0.0032776362950326116,0.0,0.30422884225845337,0.0,500.0,0.0009236205369234085,0.46181026846170425,200.0,0.000534930091816932,0.10698601836338639,0.08454227113556778,0.08746989816427231,0.007394903846804412,0.0,0.0,0.0
171,0.6943298578262329,0.0,0.0002757452894002199,0.0,20.0,0.0035394337028265,0.07078867405653,20.0,0.00043422015733085573,0.008684403146617115,10.0,0.002972044050693512,0.02972044050693512,25.0,0.000235905492445454,0.00589763731113635,1.2756378189094548,0.002611324656754732,0.003331104489607087,0.0,0.30424386262893677,0.0,500.0,0.0009229824645444751,0.46149123227223754,200.0,0.0005348879494704306,0.10697758989408612,0.08504252126063032,0.08747097104787827,0.007438751915027166,0.0,0.0,0.0
172,0.69392991065979,0.0,0.00027551932726055384,0.0,20.0,0.0035285521298646927,0.07057104259729385,20.0,0.0004250978527124971,0.008501957054249942,10.0,0.0029875438194721937,0.029875438194721937,25.0,0.00023572443751618266,0.0058931109379045665,1.2831415707853926,0.002688948530703783,0.0034503016414483257,0.0,0.3042615056037903,0.0,500.0,0.0009223672095686197,0.46118360478430986,200.0,0.0005348594859242439,0.10697189718484879,0.08554277138569284,0.08747130632400513,0.007482537959682279,0.0,0.0,0.0
173,0.6935632228851318,0.0,0.0002753164153546095,0.0,20.0,0.0035177438985556364,0.07035487797111273,20.0,0.00041594053618609905,0.008318810723721981,10.0,0.0030029325280338526,0.030029325280338526,25.0,0.00023552739003207535,0.005888184750801884,1.2906453226613306,0.0027777673676609993,0.003585112460512945,0.0,0.30421873927116394,0.0,500.0,0.0009217826300300658,0.4608913150150329,200.0,0.000534845981746912,0.1069691963493824,0.08604302151075538,0.08747217804193497,0.007526370496854835,0.0,0.0,0.0
174,0.692943274974823,0.0,0.0002751678694039583,0.0,20.0,0.003507240442559123,0.07014480885118246,20.0,0.00040717783849686384,0.008143556769937277,10.0,0.003018355695530772,0.030183556955307722,25.0,0.00023547964519821107,0.005886991129955277,1.2981490745372686,0.002667633816599846,0.0034629863702234118,0.0,0.30420294404029846,0.0,500.0,0.0009211676078848541,0.46058380394242704,200.0,0.0005348363192752004,0.10696726385504007,0.0865432716358179,0.08747395873069763,0.00757028257149109,0.0,0.0,0.0
175,0.6924511194229126,0.0,0.00027507077902555466,0.0,20.0,0.00349728437140584,0.0699456874281168,20.0,0.0003991950652562082,0.007983901305124164,10.0,0.003033958375453949,0.03033958375453949,25.0,0.00023573104408569634,0.0058932761021424085,1.3056528264132066,0.0026637602131813765,0.0034779460512273097,0.0,0.30421459674835205,0.0,500.0,0.0009204699890688062,0.4602349945344031,200.0,0.0005348074482753873,0.10696148965507746,0.08704352176088044,0.08747635781764984,0.007614250255263168,0.0,0.0,0.0
176,0.6919593811035156,0.0,0.0002749927807599306,0.0,20.0,0.003487893147394061,0.06975786294788122,20.0,0.0003918863076251,0.007837726152502,10.0,0.0030497622210532427,0.030497622210532427,25.0,0.00023611816868651658,0.005902954217162915,1.3131565782891446,0.00265825679525733,0.0034907073974739826,0.0,0.30416542291641235,0.0,500.0,0.0009197262697853148,0.4598631348926574,200.0,0.0005347552360035479,0.10695104720070958,0.08754377188594298,0.08747988939285278,0.007658319481615427,0.0,0.0,0.0
177,0.6915835738182068,0.0,0.0002749343984760344,0.0,20.0,0.0034789524506777525,0.06957904901355505,20.0,0.00038496777415275574,0.007699355483055115,10.0,0.0030656117014586926,0.030656117014586926,25.0,0.000236447318457067,0.005911182961426675,1.3206603301650826,0.0027279574424028397,0.003602705176560028,0.0,0.30414333939552307,0.0,500.0,0.0009189881384372711,0.45949406921863556,200.0,0.0005346928373910487,0.10693856747820973,0.0880440220110055,0.08748524636030197,0.007702552956184666,0.0,0.0,0.0
178,0.6910874843597412,0.0,0.0002748708357103169,0.0,20.0,0.0034700005780905485,0.06940001156181097,20.0,0.0003778461250476539,0.007556922500953078,10.0,0.003081196453422308,0.03081196453422308,25.0,0.00023645356122869998,0.0059113390307174996,1.3281640820410205,0.002697817049920559,0.003583143705622353,0.0,0.3041788339614868,0.0,500.0,0.0009182939538732171,0.45914697693660855,200.0,0.0005346505204215646,0.10693010408431292,0.08854427213606804,0.08749371021986008,0.007747066887901568,0.0,0.0,0.0
179,0.6906216740608215,0.0,0.0002747967664618045,0.0,20.0,0.003461085958406329,0.06922171916812658,20.0,0.0003704518312588334,0.007409036625176668,10.0,0.0030965078622102737,0.030965078622102737,25.0,0.00023603554291184992,0.005900888572796248,1.3356678339169585,0.0026956982910633087,0.0036005574973181765,0.0,0.30418264865875244,0.0,500.0,0.0009176143212243915,0.45880716061219573,200.0,0.0005346267716959119,0.10692535433918238,0.08904452226113056,0.08750566095113754,0.00779189977453851,0.0,0.0,0.0
180,0.6901129484176636,0.0,0.00027471670182421803,0.0,20.0,0.003452145494520664,0.06904290989041328,20.0,0.00036283975350670516,0.007256795070134103,10.0,0.0031115692108869553,0.031115692108869553,25.0,0.00023523438721895218,0.0058808596804738045,1.3431715857928965,0.0026610768400132656,0.003574282799117368,0.0,0.30418455600738525,0.0,500.0,0.000916964141651988,0.458482070825994,200.0,0.0005346165271475911,0.10692330542951822,0.0895447723861931,0.08752089738845825,0.007837038835684856,0.0,0.0,0.0
181,0.6896705031394958,0.0,0.0002746320387814194,0.0,20.0,0.0034434113185852766,0.06886822637170553,20.0,0.0003555919392965734,0.007111838785931468,10.0,0.003126756986603141,0.03126756986603141,25.0,0.00023435654293280095,0.005858913573320024,1.3506753376688345,0.002666283631697297,0.003601283544563633,0.0,0.30418574810028076,0.0,500.0,0.0009163260692730546,0.4581630346365273,200.0,0.0005345866666175425,0.1069173333235085,0.09004502251125562,0.08753794431686401,0.007882356166601061,0.0,0.0,0.0
182,0.6892324686050415,0.0,0.00027456070529296994,0.0,20.0,0.0034348766785115004,0.06869753357023001,20.0,0.0003489328664727509,0.006978657329455018,10.0,0.0031422139145433903,0.0314221391454339,25.0,0.00023359691840596497,0.005839922960149124,1.3581790895447723,0.0026713088154792786,0.0036281157749005707,0.0,0.3041568398475647,0.0,500.0,0.0009156677406281233,0.45783387031406164,200.0,0.0005345222307369113,0.10690444614738226,0.09054527263631816,0.08755630999803543,0.007927809959802109,0.0,0.0,0.0
183,0.6887922286987305,0.0,0.00027451483765617013,0.0,20.0,0.003426619805395603,0.06853239610791206,20.0,0.00034288811730220914,0.006857762346044183,10.0,0.003158048028126359,0.03158048028126359,25.0,0.00023291949764825404,0.005822987441206351,1.3656828414207103,0.0026746727526187897,0.0036527546846669813,0.0,0.3041554391384125,0.0,500.0,0.0009149741381406784,0.4574870690703392,200.0,0.0005344267701730132,0.10688535403460264,0.09104552276138068,0.08757562935352325,0.00797336895564844,0.0,0.0,0.0
184,0.688357412815094,0.0,0.00027447796310298145,0.0,20.0,0.0034187089186161757,0.06837417837232351,20.0,0.0003373014915268868,0.006746029830537736,10.0,0.0031742542050778866,0.031742542050778866,25.0,0.00023215910186991096,0.005803977546747774,1.3731865932966483,0.0026755332946777344,0.0036740064501702752,0.0,0.3041505813598633,0.0,500.0,0.0009142685448750854,0.4571342724375427,200.0,0.0005343167576938868,0.10686335153877735,0.09154577288644322,0.08759567886590958,0.008019014123292372,0.0,0.0,0.0
185,0.6879381537437439,0.0,0.0002744122757576406,0.0,20.0,0.003410816891118884,0.06821633782237768,20.0,0.0003319185634609312,0.006638371269218624,10.0,0.0031906524673104286,0.031906524673104286,25.0,0.00023131111811380833,0.005782777952845208,1.3806903451725863,0.0026770993135869503,0.00369624517533766,0.0,0.3042040765285492,0.0,500.0,0.0009135805303230882,0.4567902651615441,200.0,0.0005342144286260009,0.10684288572520018,0.09204602301150576,0.08761659264564514,0.008064758902850779,0.0,0.0,0.0
186,0.6876442432403564,0.0,0.0002743680088315159,0.0,20.0,0.0034029302187263966,0.06805860437452793,20.0,0.000326293840771541,0.00652587681543082,10.0,0.0032071415334939957,0.03207141533493996,25.0,0.00023001570662017912,0.005750392665504478,1.3881940970485243,0.0027656471356749535,0.0038392550282631294,0.0,0.3041924238204956,0.0,500.0,0.0009129216778092086,0.4564608389046043,200.0,0.0005341359646990895,0.1068271929398179,0.09254627313656828,0.08763885498046875,0.008110649410398558,0.0,0.0,0.0
187,0.6870222687721252,0.0,0.00027429242618381977,0.0,20.0,0.0033951327204704285,0.06790265440940857,20.0,0.00032056972850114107,0.006411394570022821,10.0,0.003223877400159836,0.03223877400159836,25.0,0.00022832689865026623,0.005708172466256656,1.3956978489244622,0.002614385448396206,0.003648892146586,0.0,0.30423516035079956,0.0,500.0,0.0009122795308940113,0.45613976544700563,200.0,0.0005340792122296989,0.10681584244593978,0.09304652326163082,0.08766259253025055,0.008156699455040823,0.0,0.0,0.0
188,0.686636745929718,0.0,0.00027420668629929423,0.0,20.0,0.0033874884247779846,0.06774976849555969,20.0,0.00031500757904723287,0.006300151580944657,10.0,0.0032408665865659714,0.032408665865659714,25.0,0.00022655028442386538,0.0056637571105966344,1.4032016008004002,0.002631187904626131,0.003692087079778038,0.0,0.30421653389930725,0.0,500.0,0.0009116253932006657,0.45581269660033286,200.0,0.0005340338684618473,0.10680677369236946,0.09354677338669334,0.0876869261264801,0.008202829007329554,0.0,0.0,0.0
189,0.6862016320228577,0.0,0.0002741333737503737,0.0,20.0,0.0033801086246967316,0.06760217249393463,20.0,0.00030978728318586946,0.006195745663717389,10.0,0.0032582504209131002,0.032582504209131,25.0,0.00022481070482172072,0.005620267620543018,1.4107053526763382,0.002610395895317197,0.003682499462128312,0.0,0.30419430136680603,0.0,500.0,0.0009109430247917771,0.45547151239588857,200.0,0.0005339898052625358,0.10679796105250716,0.09404702351175588,0.08771152049303055,0.008249007430059902,0.0,0.0,0.0
190,0.6857163906097412,0.0,0.00027408517780713737,0.0,20.0,0.0033727195113897324,0.06745439022779465,20.0,0.0003048802609555423,0.0060976052191108465,10.0,0.003275941126048565,0.03275941126048565,25.0,0.00022328455816023052,0.005582113954005763,1.4182091045522762,0.0025519910268485546,0.0036192569090123324,0.0,0.3041708171367645,0.0,500.0,0.0009102385374717414,0.4551192687358707,200.0,0.0005339456838555634,0.10678913677111268,0.0945472736368184,0.08773613721132278,0.00829521257275638,0.0,0.0,0.0
191,0.6851674914360046,0.0,0.00027406783192418516,0.0,20.0,0.0033654775470495224,0.06730955094099045,20.0,0.00030019343830645084,0.006003868766129017,10.0,0.0032938618678599596,0.032938618678599596,25.0,0.00022188528964761645,0.005547132241190411,1.4257128564282142,0.0024506952613592148,0.003493987741307535,0.0,0.3041738271713257,0.0,500.0,0.0009095043642446399,0.45475218212231994,200.0,0.0005339031922630966,0.10678063845261931,0.09504752376188094,0.08776120096445084,0.008341484834039849,0.0,0.0,0.0
192,0.6848298907279968,0.0,0.00027407449670135975,0.0,20.0,0.0033583864569664,0.067167729139328,20.0,0.00029570452170446515,0.005914090434089303,10.0,0.0033120533917099237,0.03312053391709924,25.0,0.00022059060574974865,0.005514765143743716,1.433216608304152,0.0024929579813033342,0.0035729487826083304,0.0,0.30420419573783875,0.0,500.0,0.0009087587241083384,0.4543793620541692,200.0,0.0005338629707694054,0.10677259415388107,0.09554777388694347,0.08778692781925201,0.00838784552950332,0.0,0.0,0.0
193,0.6844592690467834,0.0,0.0002740722266025841,0.0,20.0,0.0033511831425130367,0.06702366285026073,20.0,0.0002912128693424165,0.0058242573868483305,10.0,0.0033302423544228077,0.03330242354422808,25.0,0.00021947064669802785,0.005486766167450696,1.44072036018009,0.0025076954625546932,0.003612887910033775,0.0,0.3042355179786682,0.0,500.0,0.0009080161107704043,0.45400805538520217,200.0,0.0005338345654308796,0.10676691308617592,0.096048024012006,0.08781402558088303,0.008434363637583563,0.0,0.0,0.0
194,0.6839831471443176,0.0,0.000274024554528296,0.0,20.0,0.003343933029100299,0.06687866058200598,20.0,0.0002866103022824973,0.005732206045649946,10.0,0.003348416415974498,0.03348416415974498,25.0,0.00021835372899658978,0.0054588432249147445,1.448224112056028,0.002453631954267621,0.003553408958281522,0.0,0.30423855781555176,0.0,500.0,0.0009072613320313394,0.4536306660156697,200.0,0.0005338205955922604,0.10676411911845207,0.09654827413706854,0.08784275501966476,0.008481066392593948,0.0,0.0,0.0
195,0.6836078763008118,0.0,0.00027392455376684666,0.0,20.0,0.0033368803560733795,0.06673760712146759,20.0,0.000281863467535004,0.00563726935070008,10.0,0.0033666007220745087,0.03366600722074509,25.0,0.00021707749692723155,0.005426937423180789,1.455727863931966,0.002470392268151045,0.003596218859589565,0.0,0.3042107820510864,0.0,500.0,0.0009065043414011598,0.4532521707005799,200.0,0.0005338182672858238,0.10676365345716476,0.09704852426213106,0.08787323534488678,0.008527967812360197,0.0,0.0,0.0
196,0.6832311153411865,0.0,0.00027379512903280556,0.0,20.0,0.0033299652859568596,0.06659930571913719,20.0,0.00027706631226465106,0.005541326245293021,10.0,0.0033848220482468605,0.033848220482468605,25.0,0.00021572771947830915,0.005393192986957729,1.463231615807904,0.0024897742550820112,0.0036431164062605717,0.0,0.30415239930152893,0.0,500.0,0.0009057321585714817,0.45286607928574085,200.0,0.0005338238552212715,0.1067647710442543,0.0975487743871936,0.08790528029203415,0.008575052354650656,0.0,0.0,0.0
197,0.6828376054763794,0.0,0.0002737024042289704,0.0,20.0,0.0033238136675208807,0.06647627335041761,20.0,0.0002724361256696284,0.005448722513392568,10.0,0.0034033432602882385,0.034033432602882385,25.0,0.00021418192773126066,0.005354548193281516,1.470735367683842,0.0025128494016826153,0.0036957364887178035,0.0,0.30411532521247864,0.0,500.0,0.0009048833744600415,0.45244168723002076,200.0,0.000533824844751507,0.10676496895030141,0.09804902451225612,0.0879378691315651,0.008622222286036397,0.0,0.0,0.0
198,0.6823804974555969,0.0,0.0002737100003287196,0.0,20.0,0.003318826435133815,0.0663765287026763,20.0,0.0002681711339391768,0.005363422678783536,10.0,0.003422291949391365,0.03422291949391365,25.0,0.000212446553632617,0.005311163840815425,1.47823911955978,0.0025005503557622433,0.003696411356316873,0.0,0.3040357828140259,0.0,500.0,0.0009039551368914545,0.45197756844572723,200.0,0.0005338150076568127,0.10676300153136253,0.09854927463731866,0.08797033131122589,0.008669412340325913,0.0,0.0,0.0
199,0.6819534301757812,0.0,0.00027380153187550604,0.0,20.0,0.0033147777430713177,0.06629555486142635,20.0,0.00026426010299474,0.0052852020598948,10.0,0.0034417081624269485,0.034417081624269485,25.0,0.00021056974946986884,0.005264243736746721,1.485742871435718,0.002526496537029743,0.0037537242195989683,0.0,0.30397459864616394,0.0,500.0,0.0009029232314787805,0.45146161573939025,200.0,0.0005337975453585386,0.10675950907170773,0.09904952476238119,0.08800166100263596,0.008716522700611264,0.0,0.0,0.0
200,0.6815158724784851,0.0,0.0002739247283898294,0.0,20.0,0.0033117192797362804,0.06623438559472561,20.0,0.00026061604148708284,0.005212320829741657,10.0,0.0034617481287568808,0.03461748128756881,25.0,0.00020833496819250286,0.005208374204812571,1.493246623311656,0.0025550511199980974,0.0038153214573258235,0.0,0.3039018511772156,0.0,500.0,0.0009018165874294937,0.45090829371474683,200.0,0.0005337810143828392,0.10675620287656784,0.09954977488744372,0.08803112804889679,0.008763478980355408,0.0,0.0,0.0
201,0.6809895038604736,0.0,0.0002741040661931038,0.0,20.0,0.0033096184488385916,0.06619236897677183,20.0,0.0002572241937741637,0.0051444838754832745,10.0,0.003482415806502104,0.03482415806502104,25.0,0.00020575258531607687,0.005143814632901922,1.5007503751875937,0.0025393879041075706,0.0038109873498362737,0.0,0.3038170039653778,0.0,500.0,0.0009006182663142681,0.45030913315713406,200.0,0.0005337718757800758,0.10675437515601516,0.10005002501250625,0.0880579873919487,0.008810203841115426,0.0,0.0,0.0
202,0.6805295348167419,0.0,0.00027431693160906434,0.0,20.0,0.0033079362474381924,0.06615872494876385,20.0,0.0002538740518502891,0.005077481037005782,10.0,0.0035034548491239548,0.03503454849123955,25.0,0.0002029690076597035,0.005074225191492587,1.5082541270635317,0.002562928246334195,0.0038655471049012496,0.0,0.30372413992881775,0.0,500.0,0.0008994117379188538,0.4497058689594269,200.0,0.0005337822367437184,0.10675644734874368,0.10055027513756878,0.08808235079050064,0.00885670460674869,0.0,0.0,0.0
203,0.6799707412719727,0.0,0.0002745669335126877,0.0,20.0,0.0033064044546335936,0.06612808909267187,20.0,0.0002505909069441259,0.005011818138882518,10.0,0.0035248384810984135,0.035248384810984135,25.0,0.00020016980124637485,0.005004245031159371,1.5157578789394697,0.002541559748351574,0.003852389213359314,0.0,0.30365532636642456,0.0,500.0,0.0008981211576610804,0.4490605788305402,200.0,0.0005338110495358706,0.10676220990717411,0.10105052526263132,0.08810411393642426,0.008902966991074387,0.0,0.0,0.0
204,0.6793296337127686,0.0,0.0002748304104898125,0.0,20.0,0.0033052507787942886,0.06610501557588577,20.0,0.000247415155172348,0.0049483031034469604,10.0,0.003546812804415822,0.03546812804415822,25.0,0.000197201210539788,0.0049300302634947,1.5232616308154077,0.0024730716831982136,0.0037671352052719162,0.0,0.3035798668861389,0.0,500.0,0.0008967819157987833,0.44839095789939165,200.0,0.0005338555783964694,0.10677111567929387,0.10155077538769385,0.08812323212623596,0.008948982552088994,0.0,0.0,0.0
205,0.6787745952606201,0.0,0.0002750610583461821,0.0,20.0,0.0033040475100278854,0.06608095020055771,20.0,0.0002441768301650882,0.0048835366033017635,10.0,0.003569288644939661,0.03569288644939661,25.0,0.00019409327069297433,0.004852331767324358,1.5307653826913457,0.0024800323881208897,0.0037963477276888057,0.0,0.30350175499916077,0.0,500.0,0.0008953799260780215,0.44768996303901076,200.0,0.0005339187337085605,0.1067837467417121,0.10205102551275638,0.08814030885696411,0.008994808907864272,0.0,0.0,0.0
206,0.67806077003479,0.0,0.0002752718282863498,0.0,20.0,0.0033035073429346085,0.06607014685869217,20.0,0.00024136548745445907,0.004827309749089181,10.0,0.003592790337279439,0.03592790337279439,25.0,0.00019087380496785045,0.004771845124196261,1.5382691345672836,0.002436303533613682,0.003747690528195133,0.0,0.30338793992996216,0.0,500.0,0.0008937624515965581,0.44688122579827905,200.0,0.0005339711788110435,0.1067942357622087,0.1025512756378189,0.08815482258796692,0.00904038951002162,0.0,0.0,0.0
207,0.6772426962852478,0.0,0.00027549706283025444,0.0,20.0,0.003304228652268648,0.06608457304537296,20.0,0.00023902443354018033,0.0047804886708036065,10.0,0.003617479931563139,0.03617479931563139,25.0,0.00018735397316049784,0.004683849329012446,1.5457728864432216,0.0023712138645350933,0.0036653580997565976,0.0,0.3033201992511749,0.0,500.0,0.0008919291431084275,0.44596457155421376,200.0,0.000534016580786556,0.1068033161573112,0.10305152576288144,0.08816712349653244,0.009085756598442062,0.0,0.0,0.0
208,0.676347553730011,0.0,0.0002758265763986856,0.0,20.0,0.003307100385427475,0.0661420077085495,20.0,0.00023725812206976116,0.004745162441395223,10.0,0.0036435043439269066,0.036435043439269066,25.0,0.00018320234084967524,0.004580058521241881,1.5532766383191596,0.0023297437001019716,0.003618736462639631,0.0,0.30322811007499695,0.0,500.0,0.0008897612569853663,0.44488062849268317,200.0,0.0005340742063708603,0.10681484127417207,0.10355177588794397,0.08817820996046066,0.00913101023602569,0.0,0.0,0.0
209,0.675482451915741,0.0,0.0002763005904853344,0.0,20.0,0.0033119607251137495,0.06623921450227499,20.0,0.00023563505965285003,0.004712701193057001,10.0,0.0036705995444208384,0.036705995444208384,25.0,0.0001781154132913798,0.004452885332284495,1.5607803901950976,0.0023023036774247885,0.0035933904319986696,0.0,0.3031061291694641,0.0,500.0,0.0008875292260199785,0.44376461300998926,200.0,0.0005341867217794061,0.10683734435588121,0.1040520260130065,0.08818954229354858,0.009176300548803454,0.0,0.0,0.0
210,0.674545407295227,0.0,0.0002770253049675375,0.0,20.0,0.00331782060675323,0.0663564121350646,20.0,0.00023399369092658162,0.004679873818531632,10.0,0.0036983350291848183,0.03698335029184818,25.0,0.0001725473557598889,0.004313683893997222,1.5682841420710356,0.0022875526919960976,0.0035875326110093877,0.0,0.30301737785339355,0.0,500.0,0.0008850614540278912,0.4425307270139456,200.0,0.0005343602388165891,0.10687204776331782,0.10455227613806903,0.08820252120494843,0.009221774353093657,0.0,0.0,0.0
211,0.6732199192047119,0.0,0.000277965038549155,0.0,20.0,0.0033243298530578613,0.06648659706115723,20.0,0.00023250107187777758,0.0046500214375555515,10.0,0.0037266684230417013,0.03726668423041701,25.0,0.00016684866568539292,0.004171216642134823,1.5757878939469734,0.0021050451323390007,0.003317104635751802,0.0,0.30288055539131165,0.0,500.0,0.0008822842501103878,0.4411421250551939,200.0,0.0005345928948372602,0.10691857896745205,0.10505252626313157,0.08821896463632584,0.009267625099363895,0.0,0.0,0.0
212,0.6721780896186829,0.0,0.0002790080616250634,0.0,20.0,0.0033323129173368216,0.06664625834673643,20.0,0.00023144908482208848,0.00462898169644177,10.0,0.0037557657342404127,0.03755765734240413,25.0,0.0001609680912224576,0.00402420228056144,1.5832916458229114,0.002169419080018997,0.0034348231056829043,0.0,0.30275461077690125,0.0,500.0,0.0008791928994469345,0.43959644972346723,200.0,0.0005348790436983109,0.10697580873966217,0.1055527763881941,0.08823972195386887,0.009313947639953142,0.0,0.0,0.0
213,0.6709268093109131,0.0,0.0002801741939038038,0.0,20.0,0.0033425684086978436,0.06685136817395687,20.0,0.00023075356148183346,0.004615071229636669,10.0,0.003785582957789302,0.03785582957789302,25.0,0.00015455568791367114,0.0038638921978417784,1.5907953976988494,0.0022013788111507893,0.00350194328137044,0.0,0.30257272720336914,0.0,500.0,0.0008756585884839296,0.4378292942419648,200.0,0.0005352421430870891,0.10704842861741781,0.10605302651325663,0.08826692402362823,0.009360974433721454,0.0,0.0,0.0
214,0.6696425676345825,0.0,0.0002813317987602204,0.0,20.0,0.0033540944568812847,0.0670818891376257,20.0,0.0002298562612850219,0.004597125225700438,10.0,0.0038157820235937834,0.038157820235937834,25.0,0.00014753917639609426,0.0036884794099023566,1.5982991495747874,0.002295704558491707,0.0036692226435122576,0.0,0.3023137152194977,0.0,500.0,0.0008718022145330906,0.4359011072665453,200.0,0.0005356909241527319,0.10713818483054638,0.10655327663831916,0.08830075711011887,0.009408734999727523,0.0,0.0,0.0
215,0.6679877638816833,0.0,0.00028255090001039207,0.0,20.0,0.003366673830896616,0.06733347661793232,20.0,0.00022925761004444212,0.004585152200888842,10.0,0.003846963169053197,0.03846963169053197,25.0,0.00014038455265108496,0.003509613816277124,1.6058029014507254,0.002236882457509637,0.003591992340473204,0.0,0.3020680844783783,0.0,500.0,0.0008676154538989067,0.43380772694945335,200.0,0.0005361647345125675,0.1072329469025135,0.10705352676338169,0.08834099769592285,0.009457215361144317,0.0,0.0,0.0
216,0.6661445498466492,0.0,0.0002837645879480988,0.0,20.0,0.0033809063024818897,0.0676181260496378,20.0,0.00022929985425435007,0.004585997085087001,10.0,0.003879610449075699,0.03879610449075699,25.0,0.00013310581562109292,0.003327645390527323,1.6133066533266633,0.002260739216580987,0.0036472656195466148,0.0,0.3017476797103882,0.0,500.0,0.0008626750204712152,0.4313375102356076,200.0,0.0005366284167394042,0.10732568334788084,0.10755377688844422,0.08838575333356857,0.009506221594155699,0.0,0.0,0.0
217,0.6641507148742676,0.0,0.00028495167498476803,0.0,20.0,0.0033969494979828596,0.06793898995965719,20.0,0.00022993578750174493,0.0045987157500348985,10.0,0.003914305474609137,0.039143054746091366,25.0,0.00012535393761936575,0.003133848440484144,1.6208104052026013,0.0023409875575453043,0.0037942969917192527,0.0,0.30149489641189575,0.0,500.0,0.0008571260259486735,0.42856301297433674,200.0,0.000537114916369319,0.10742298327386379,0.10805402701350675,0.08843566477298737,0.009555829710337804,0.0,0.0,0.0
218,0.66197270154953,0.0,0.000286185706499964,0.0,20.0,0.003414025530219078,0.06828051060438156,20.0,0.0002310586132807657,0.004621172265615314,10.0,0.003950724843889475,0.03950724843889475,25.0,0.00011746172094717622,0.0029365430236794055,1.6283141570785393,0.0024305221159011126,0.003957653570414268,0.0,0.3011658787727356,0.0,500.0,0.0008510694024153054,0.4255347012076527,200.0,0.0005376444896683097,0.10752889793366194,0.10855427713856929,0.08848962187767029,0.009605926937195823,0.0,0.0,0.0
219,0.6592036485671997,0.0,0.00028754660161212087,0.0,20.0,0.0034325390588492155,0.06865078117698431,20.0,0.00023280414461623877,0.0046560828923247755,10.0,0.003988799639046192,0.03988799639046192,25.0,0.00010942669177893549,0.0027356672944733873,1.6358179089544773,0.002361113904044032,0.003862352409316651,0.0,0.3008131980895996,0.0,500.0,0.0008442127145826817,0.42210635729134083,200.0,0.0005382393137551844,0.10764786275103688,0.10905452726363181,0.08854761719703674,0.009656518533743877,0.0,0.0,0.0
220,0.6563634872436523,0.0,0.00028927571838721633,0.0,20.0,0.003453113604336977,0.06906227208673954,20.0,0.00023537882952950895,0.004707576590590179,10.0,0.004027963615953922,0.04027963615953922,25.0,0.00010145130363525823,0.0025362825908814557,1.6433216608304153,0.0023502379190176725,0.0038621968804267407,0.0,0.30051514506340027,0.0,500.0,0.0008368428680114448,0.4184214340057224,200.0,0.0005389322759583592,0.10778645519167185,0.10955477738869435,0.08860979229211807,0.00970762606902144,0.0,0.0,0.0
221,0.6528446078300476,0.0,0.00029106088913977146,0.0,20.0,0.00347590958699584,0.0695181917399168,20.0,0.00023763181525282562,0.004752636305056512,10.0,0.004067706875503063,0.04067706875503063,25.0,9.270777809433639e-05,0.0023176944523584098,1.650825412706353,0.002182991709560156,0.0036037381898691915,0.0,0.3000970780849457,0.0,500.0,0.0008285221992991865,0.41426109964959323,200.0,0.0005397736094892025,0.1079547218978405,0.11005502751375688,0.08867772668600082,0.009759429650285234,0.0,0.0,0.0
222,0.6489151120185852,0.0,0.0002926113666035235,0.0,20.0,0.003501693718135357,0.07003387436270714,20.0,0.00023958456586115062,0.0047916913172230124,10.0,0.0041085113771259785,0.041085113771259785,25.0,8.309645636472851e-05,0.0020774114091182128,1.658329164582291,0.002205005381256342,0.003656624731798286,0.0,0.2996213734149933,0.0,500.0,0.00081860669888556,0.40930334944278,200.0,0.0005407764692790806,0.10815529385581613,0.11055527763881941,0.08874974399805069,0.00981175258807864,0.0,0.0,0.0
223,0.6448104381561279,0.0,0.00029407208785414696,0.0,20.0,0.0035303588956594467,0.07060717791318893,20.0,0.00024175658472813666,0.004835131694562733,10.0,0.00415045814588666,0.041504581458866596,25.0,7.31855325284414e-05,0.001829638313211035,1.665832916458229,0.0021626618690788746,0.0036026333286806665,0.0,0.2991460859775543,0.0,500.0,0.0008083563297986984,0.4041781648993492,200.0,0.0005419430672191083,0.10838861344382167,0.11105552776388194,0.08882497251033783,0.009864504200747873,0.0,0.0,0.0
224,0.6409556865692139,0.0,0.00029575361986644566,0.0,20.0,0.003561856923624873,0.07123713847249746,20.0,0.0002449550083838403,0.0048991001676768064,10.0,0.004193336237221956,0.04193336237221956,25.0,6.364072032738477e-05,0.0015910180081846192,1.673336668334167,0.0021686884574592113,0.003628945918059561,0.0,0.2986370325088501,0.0,500.0,0.0007982002571225166,0.3991001285612583,200.0,0.0005432419711723924,0.10864839423447847,0.11155577788894447,0.08890232443809509,0.009917567958827016,0.0,0.0,0.0
225,0.6366558074951172,0.0,0.0002978042175527662,0.0,20.0,0.0035965298302471638,0.07193059660494328,20.0,0.00024932477390393615,0.004986495478078723,10.0,0.004236649256199598,0.04236649256199598,25.0,5.472425982588902e-05,0.0013681064956472255,1.680840420210105,0.002105127554386854,0.003538383483111471,0.0,0.2981525957584381,0.0,500.0,0.0007871022680774331,0.39355113403871655,200.0,0.0005447178846225142,0.10894357692450285,0.112056028014007,0.0889822319149971,0.009970995472215784,0.0,0.0,0.0
226,0.6320567727088928,0.0,0.0003003705060109496,0.0,20.0,0.0036353226751089096,0.07270645350217819,20.0,0.00025527895195409656,0.005105579039081931,10.0,0.004280772525817156,0.04280772525817156,25.0,4.6468783693853766e-05,0.0011617195923463441,1.688344172086043,0.001966196810826659,0.003319616926733354,0.0,0.2976284623146057,0.0,500.0,0.0007752871606498957,0.38764358032494783,200.0,0.0005464355926960707,0.10928711853921413,0.11255627813906953,0.08906611800193787,0.010024950750593306,0.0,0.0,0.0
227,0.6274482011795044,0.0,0.0003035229747183621,0.0,20.0,0.003677318338304758,0.07354636676609516,20.0,0.000263351685134694,0.00526703370269388,10.0,0.004325204063206911,0.04325204063206911,25.0,3.94393500755541e-05,0.0009859837518888526,1.695847923961981,0.0020344112999737263,0.003450052179545239,0.0,0.29716506600379944,0.0,500.0,0.000762412091717124,0.381206045858562,200.0,0.0005483038257807493,0.10966076515614986,0.11305652826413207,0.08915885537862778,0.010079990653111494,0.0,0.0,0.0
228,0.6230621337890625,0.0,0.0003070543461944908,0.0,20.0,0.003721420420333743,0.07442840840667486,20.0,0.00027293554740026593,0.005458710948005319,10.0,0.004369604401290417,0.04369604401290417,25.0,3.3522846933919936e-05,0.0008380711733479984,1.703351675837919,0.0020745904184877872,0.003533757066008462,0.0,0.2965715229511261,0.0,500.0,0.0007498350460082293,0.37491752300411463,200.0,0.0005502711865119636,0.11005423730239272,0.1135567783891946,0.08925343304872513,0.010135332317188897,0.0,0.0,0.0
229,0.6186124682426453,0.0,0.0003107573720626533,0.0,20.0,0.00376614136621356,0.0753228273242712,20.0,0.00028389174258336425,0.005677834851667285,10.0,0.004413232207298279,0.04413232207298279,25.0,2.9016289772698656e-05,0.0007254072443174664,1.710855427713857,0.0019423621706664562,0.003323100862270776,0.0,0.2958482801914215,0.0,500.0,0.0007376476423814893,0.36882382119074464,200.0,0.0005520811537280679,0.11041623074561357,0.11405702851425713,0.08934925496578217,0.010190910521359847,0.0,0.0,0.0
230,0.6147691011428833,0.0,0.0003146354283671826,0.0,20.0,0.0038100294768810272,0.07620058953762054,20.0,0.00029616785468533635,0.005923357093706727,10.0,0.004455946385860443,0.04455946385860443,25.0,2.5908631869242527e-05,0.0006477157967310632,1.718359179589795,0.0019328801427036524,0.003321382336261654,0.0,0.2953212261199951,0.0,500.0,0.000726314727216959,0.3631573636084795,200.0,0.0005535605596378446,0.11071211192756891,0.11455727863931967,0.08944942057132721,0.010247082196515224,0.0,0.0,0.0
231,0.6112270355224609,0.0,0.0003182218933943659,0.0,20.0,0.003850918961688876,0.07701837923377752,20.0,0.0003084462077822536,0.0061689241556450725,10.0,0.00449709128588438,0.0449709128588438,25.0,2.4003064027056098e-05,0.0006000766006764024,1.7258629314657328,0.0019770292565226555,0.0034120815082557083,0.0,0.29472625255584717,0.0,500.0,0.0007157500367611647,0.35787501838058233,200.0,0.0005543881561607122,0.11087763123214245,0.11505752876438219,0.08955554664134979,0.010304039883697075,0.0,0.0,0.0
232,0.6079005002975464,0.0,0.0003211665025446564,0.0,20.0,0.0038891348522156477,0.07778269704431295,20.0,0.0003194499295204878,0.006388998590409756,10.0,0.0045363400131464005,0.045363400131464005,25.0,2.2806369088357314e-05,0.0005701592272089329,1.7333666833416708,0.002063074614852667,0.003576064802633562,0.0,0.2942643463611603,0.0,500.0,0.0007059251656755805,0.35296258283779025,200.0,0.0005544738960452378,0.11089477920904756,0.11555777888944473,0.08966744691133499,0.010361771003761072,0.0,0.0,0.0
233,0.604525089263916,0.0,0.00032363852369599044,0.0,20.0,0.003922961186617613,0.07845922373235226,20.0,0.00032926793210208416,0.006585358642041683,10.0,0.004574205260723829,0.04574205260723829,25.0,2.2405749405152164e-05,0.0005601437351288041,1.7408704352176088,0.0019944249652326107,0.0034720354572333593,0.0,0.293484628200531,0.0,500.0,0.0006970316753722727,0.34851583768613636,200.0,0.0005538516561500728,0.11077033123001456,0.11605802901450725,0.08978322148323059,0.010420063723916706,0.0,0.0,0.0
234,0.6012925505638123,0.0,0.0003259049553889781,0.0,20.0,0.0039521693252027035,0.07904338650405407,20.0,0.0003387187607586384,0.006774375215172768,10.0,0.004611274693161249,0.04611274693161249,25.0,2.2944082957110368e-05,0.0005736020739277592,1.7483741870935467,0.0019158177310600877,0.003349566268161584,0.0,0.29298219084739685,0.0,500.0,0.0006888342904858291,0.34441714524291456,200.0,0.0005527149769477546,0.11054299538955092,0.11655827913956979,0.08990121632814407,0.010478731067762667,0.0,0.0,0.0
235,0.5988650918006897,0.0,0.0003277765354141593,0.0,20.0,0.003976693842560053,0.07953387685120106,20.0,0.0003473073011264205,0.00694614602252841,10.0,0.004647592082619667,0.04647592082619667,25.0,2.4212038624682464e-05,0.0006053009656170616,1.7558779389694847,0.001995823113247752,0.0035044217746371237,0.0,0.2923867106437683,0.0,500.0,0.000682024983689189,0.3410124918445945,200.0,0.0005512480856850743,0.11024961713701487,0.11705852926463231,0.09001753479242325,0.010537320230828933,0.0,0.0,0.0
236,0.5968285799026489,0.0,0.000329073634929955,0.0,20.0,0.003997645806521177,0.07995291613042355,20.0,0.00035428974661044776,0.007085794932208955,10.0,0.004683035425841808,0.04683035425841808,25.0,2.573176971054636e-05,0.000643294242763659,1.7633816908454227,0.002045783679932356,0.003607497484623089,0.0,0.2919788658618927,0.0,500.0,0.0006763245910406113,0.33816229552030563,200.0,0.0005497533129528165,0.1099506625905633,0.11755877938969485,0.09013143926858902,0.010595741985051735,0.0,0.0,0.0
237,0.5951050519943237,0.0,0.00032977916998788714,0.0,20.0,0.004015747457742691,0.08031494915485382,20.0,0.0003594469162635505,0.00718893832527101,10.0,0.004717980977147818,0.047179809771478176,25.0,2.747130929492414e-05,0.0006867827323731035,1.7708854427213607,0.002034553559496999,0.003602961280950163,0.0,0.2914488613605499,0.0,500.0,0.0006716288626194,0.3358144313097,200.0,0.000548320822417736,0.10966416448354721,0.11805902951475739,0.09023459255695343,0.010653008425933473,0.0,0.0,0.0
238,0.5937964916229248,0.0,0.00033020309638231993,0.0,20.0,0.004029769450426102,0.08059538900852203,20.0,0.0003636781475506723,0.007273562951013446,10.0,0.004752457141876221,0.04752457141876221,25.0,2.9602466383948922e-05,0.000740061659598723,1.7783891945972987,0.00205782288685441,0.0036596099863769028,0.0,0.29082468152046204,0.0,500.0,0.0006677269120700657,0.33386345603503287,200.0,0.0005471472977660596,0.10942945955321193,0.11855927963981991,0.09033745527267456,0.010710343621622747,0.0,0.0,0.0
239,0.5925813317298889,0.0,0.0003307666047476232,0.0,20.0,0.004039372317492962,0.08078744634985924,20.0,0.00036801438545808196,0.007360287709161639,10.0,0.004786153323948383,0.04786153323948383,25.0,3.218677011318505e-05,0.0008046692528296262,1.7858929464732367,0.002043176908046007,0.003648895228476361,0.0,0.29034608602523804,0.0,500.0,0.0006642321823164821,0.33211609115824103,200.0,0.0005461787804961205,0.10923575609922409,0.11905952976488245,0.09043081849813461,0.01076665072664134,0.0,0.0,0.0
240,0.591386079788208,0.0,0.00033139402512460947,0.0,20.0,0.00404549203813076,0.0809098407626152,20.0,0.00037236366188153625,0.007447273237630725,10.0,0.004819441586732864,0.048194415867328644,25.0,3.498829391901381e-05,0.0008747073479753453,1.7933966983491745,0.0019942536018788815,0.003576487825280535,0.0,0.28983840346336365,0.0,500.0,0.0006609947886317968,0.3304973943158984,200.0,0.0005453260964713991,0.10906521929427981,0.11955977988994497,0.09050484746694565,0.010820739642121066,0.0,0.0,0.0
241,0.5903826355934143,0.0,0.00033201262704096735,0.0,20.0,0.004048527218401432,0.08097054436802864,20.0,0.0003767451271414757,0.0075349025428295135,10.0,0.004852604120969772,0.04852604120969772,25.0,3.792035931837745e-05,0.0009480089829594363,1.8009004502251125,0.001997344195842743,0.003597018061547711,0.0,0.28949621319770813,0.0,500.0,0.0006581128109246492,0.3290564054623246,200.0,0.0005443657864816487,0.10887315729632974,0.12006003001500751,0.09059247374534607,0.010876535117000029,0.0,0.0,0.0
242,0.5894415974617004,0.0,0.00033253844594582915,0.0,20.0,0.004050075076520443,0.08100150153040886,20.0,0.00038057961501181126,0.007611592300236225,10.0,0.0048865024000406265,0.048865024000406265,25.0,4.0648632420925424e-05,0.0010162158105231356,1.8084042021010505,0.0019845759961754084,0.0035889155708724867,0.0,0.2891983687877655,0.0,500.0,0.0006554872379638255,0.32774361898191273,200.0,0.0005434186896309257,0.10868373792618513,0.12056028014007003,0.09066813439130783,0.01093097568199359,0.0,0.0,0.0
243,0.588605523109436,0.0,0.0003328786988276988,0.0,20.0,0.004051153548061848,0.08102307096123695,20.0,0.00038316854625009,0.0076633709250018,10.0,0.004920958541333675,0.049209585413336754,25.0,4.280006032786332e-05,0.001070001508196583,1.8159079539769885,0.0019782064482569695,0.0035922408239983986,0.0,0.28897035121917725,0.0,500.0,0.0006531227845698595,0.32656139228492975,200.0,0.0005425069248303771,0.10850138496607542,0.12106053026513257,0.09073559194803238,0.010984498875149493,0.0,0.0,0.0
244,0.5877784490585327,0.0,0.0003327976446598768,0.0,20.0,0.004051776137202978,0.08103552274405956,20.0,0.0003835480601992458,0.007670961203984916,10.0,0.004955918528139591,0.04955918528139591,25.0,4.420839832164347e-05,0.0011052099580410868,1.8234117058529264,0.0019473560387268662,0.0035508317964779526,0.0,0.28890344500541687,0.0,500.0,0.0006509946542792022,0.3254973271396011,200.0,0.0005416098865680397,0.10832197731360793,0.12156078039019509,0.0907980427145958,0.011037480930288533,0.0,0.0,0.0
245,0.5868732333183289,0.0,0.0003322938864585012,0.0,20.0,0.004052095115184784,0.08104190230369568,20.0,0.000381767371436581,0.00763534742873162,10.0,0.004991678986698389,0.04991678986698389,25.0,4.4688789785141125e-05,0.0011172197446285281,1.8309154577288644,0.0018839554395526648,0.003449363135949351,0.0,0.28890880942344666,0.0,500.0,0.0006489845691248775,0.3244922845624387,200.0,0.0005406502168625593,0.10813004337251186,0.12206103051525763,0.0908585861325264,0.011090292654495468,0.0,0.0,0.0
246,0.5859807133674622,0.0,0.00033162630279548466,0.0,20.0,0.0040512606501579285,0.08102521300315857,20.0,0.0003785488079302013,0.007570976158604026,10.0,0.005028047598898411,0.05028047598898411,25.0,4.450271080713719e-05,0.0011125677701784298,1.8384192096048024,0.0018300162628293037,0.003364337051474583,0.0,0.2889263927936554,0.0,500.0,0.000647089269477874,0.323544634738937,200.0,0.000539697241038084,0.1079394482076168,0.12256128064032017,0.09091805666685104,0.011143033458418463,0.0,0.0,0.0
247,0.585133969783783,0.0,0.00033086829353123903,0.0,20.0,0.004049604292958975,0.0809920858591795,20.0,0.0003742528788279742,0.007485057576559484,10.0,0.005064907483756542,0.05064907483756542,25.0,4.3717689550248906e-05,0.0010929422387562227,1.8459229614807404,0.0017993585206568241,0.0033214772092164486,0.0,0.2888672649860382,0.0,500.0,0.000645280466414988,0.322640233207494,200.0,0.0005387864075601101,0.10775728151202202,0.12306153076538269,0.0909777581691742,0.011195862185901377,0.0,0.0,0.0
248,0.58436119556427,0.0,0.00033015923690982163,0.0,20.0,0.004046617075800896,0.08093234151601791,20.0,0.0003696510975714773,0.007393021951429546,10.0,0.005101850256323814,0.051018502563238144,25.0,4.271339639672078e-05,0.0010678349099180195,1.8534267133566784,0.0018131518736481667,0.003360544117992225,0.0,0.28906989097595215,0.0,500.0,0.0006435067625716329,0.32175338128581643,200.0,0.000537927495315671,0.1075854990631342,0.12356178089044523,0.09104839712381363,0.011250102095838902,0.0,0.0,0.0
249,0.5834758281707764,0.0,0.00032944194390438497,0.0,20.0,0.004042714834213257,0.08085429668426514,20.0,0.0003647975972853601,0.007295951945707202,10.0,0.005138309206813574,0.05138309206813574,25.0,4.163219637121074e-05,0.0010408049092802685,1.8609304652326164,0.0017560082487761974,0.0032678092473474012,0.0,0.2890615463256836,0.0,500.0,0.000641789345536381,0.3208946727681905,200.0,0.0005371721344999969,0.10743442689999938,0.12406203101550775,0.09112221002578735,0.011304806446420842,0.0,0.0,0.0
250,0.5825406312942505,0.0,0.0003287985746283084,0.0,20.0,0.004038115032017231,0.08076230064034462,20.0,0.00035986615694127977,0.007197323138825595,10.0,0.005173761863261461,0.05173761863261461,25.0,4.058701597386971e-05,0.0010146753993467428,1.8684342171085542,0.001677091815508902,0.0031335357333295392,0.0,0.28903546929359436,0.0,500.0,0.0006400534184649587,0.32002670923247933,200.0,0.0005365419783629477,0.10730839567258954,0.12456228114057029,0.09120012074708939,0.011360095080552905,0.0,0.0,0.0
251,0.5817728042602539,0.0,0.0003281669341959059,0.0,20.0,0.004032464232295752,0.08064928464591503,20.0,0.0003548534004949033,0.0070970680098980665,10.0,0.00520825432613492,0.0520825432613492,25.0,3.969930548919365e-05,0.0009924826372298412,1.8759379689844922,0.0016759876161813736,0.0031440488047424467,0.0,0.28899580240249634,0.0,500.0,0.0006383591098710895,0.31917955493554473,200.0,0.0005360576324164867,0.10721152648329735,0.12506253126563283,0.0912850946187973,0.011416344999849589,0.0,0.0,0.0
252,0.5810095071792603,0.0,0.0003273292095400393,0.0,20.0,0.004026474431157112,0.08052948862314224,20.0,0.00034912987030111253,0.006982597406022251,10.0,0.005241749342530966,0.05241749342530966,25.0,3.887615821440704e-05,0.000971903955360176,1.8834417208604302,0.0016187302535399795,0.003048784094336179,0.0,0.2891412377357483,0.0,500.0,0.0006368680624291301,0.31843403121456504,200.0,0.0005357644404284656,0.10715288808569312,0.12556278139069535,0.09136752039194107,0.011472359989183197,0.0,0.0,0.0
253,0.5804539322853088,0.0,0.00032629683846607804,0.0,20.0,0.004021024331450462,0.08042048662900925,20.0,0.000342726445524022,0.00685452891048044,10.0,0.005274136550724506,0.052741365507245064,25.0,3.814935917034745e-05,0.0009537339792586863,1.8909454727363681,0.001607026206329465,0.0030387989294274023,0.0,0.2892720103263855,0.0,500.0,0.0006355964578688145,0.31779822893440723,200.0,0.0005355936591513455,0.1071187318302691,0.12606303151575787,0.09144698083400726,0.011528083626898365,0.0,0.0,0.0
254,0.5798887610435486,0.0,0.0003249982255510986,0.0,20.0,0.004015875514596701,0.08031751029193401,20.0,0.0003355676308274269,0.006711352616548538,10.0,0.005305328872054815,0.05305328872054815,25.0,3.7583271478069946e-05,0.0009395817869517487,1.8984492246123061,0.0015417624963447452,0.002926957815722015,0.0,0.2894192636013031,0.0,500.0,0.0006345142610371113,0.31725713051855564,200.0,0.000535497791133821,0.1070995582267642,0.1265632816408204,0.09152241051197052,0.011583376618073305,0.0,0.0,0.0
255,0.5793682336807251,0.0,0.0003235370386391878,0.0,20.0,0.004009963944554329,0.08019927889108658,20.0,0.0003281141980551183,0.0065622839611023664,10.0,0.005335196852684021,0.05335196852684021,25.0,3.7493082345463336e-05,0.0009373270586365834,1.9059529764882441,0.0014801332727074623,0.002821064416716074,0.0,0.28953155875205994,0.0,500.0,0.0006335371872410178,0.3167685936205089,200.0,0.0005354469176381826,0.10708938352763653,0.12706353176588295,0.09159467369318008,0.01163834273039907,0.0,0.0,0.0
256,0.5789391398429871,0.0,0.00032203993760049343,0.0,20.0,0.004002685658633709,0.08005371317267418,20.0,0.00032062717946246266,0.006412543589249253,10.0,0.005363396368920803,0.05363396368920803,25.0,3.7915186112513766e-05,0.0009478796528128441,1.9134567283641821,0.0014836634509265423,0.002838925812803414,0.0,0.28963416814804077,0.0,500.0,0.0006325400318019092,0.3162700159009546,200.0,0.0005354432505555451,0.10708865011110902,0.12756378189094547,0.0916675478219986,0.011693459076843242,0.0,0.0,0.0
257,0.5783849358558655,0.0,0.0003205491811968386,0.0,20.0,0.0039939312264323235,0.07987862452864647,20.0,0.00031333277001976967,0.006266655400395393,10.0,0.00539037398993969,0.053903739899396896,25.0,3.888020000886172e-05,0.000972005000221543,1.9209604802401201,0.001463992753997445,0.0028122722237869883,0.0,0.2897253930568695,0.0,500.0,0.0006314218626357615,0.31571093131788075,200.0,0.0005354632739908993,0.10709265479817986,0.128064032016008,0.09173555672168732,0.011748025273012481,0.0,0.0,0.0
258,0.577808678150177,0.0,0.00031900755129754543,0.0,20.0,0.003984111361205578,0.07968222722411156,20.0,0.0003060376620851457,0.006120753241702914,10.0,0.005415912251919508,0.05415912251919508,25.0,4.024070949526504e-05,0.001006017737381626,1.928464232116058,0.0014598499983549118,0.0028152685060821338,0.0,0.2897459864616394,0.0,500.0,0.0006302396068349481,0.31511980341747403,200.0,0.0005355155444703996,0.10710310889407992,0.12856428214107055,0.0918014869093895,0.011802392263988545,0.0,0.0,0.0
259,0.5772366523742676,0.0,0.00031735614174976945,0.0,20.0,0.003973793238401413,0.07947586476802826,20.0,0.0002985627797897905,0.00597125559579581,10.0,0.00544020626693964,0.0544020626693964,25.0,4.182653719908558e-05,0.0010456634299771395,1.935967983991996,0.0014611836522817612,0.002828804769549983,0.0,0.28986120223999023,0.0,500.0,0.0006290778983384371,0.31453894916921854,200.0,0.0005355929606594145,0.1071185921318829,0.12906453226613307,0.09185656160116196,0.011855424158629207,0.0,0.0,0.0
260,0.5766636729240417,0.0,0.0003155721933580935,0.0,20.0,0.003964132629334927,0.07928265258669853,20.0,0.0002908682799898088,0.005817365599796176,10.0,0.005463567562401295,0.05463567562401295,25.0,4.334501863922924e-05,0.001083625465980731,1.9434717358679339,0.0014606276527047157,0.0028386885596587397,0.0,0.2898930609226227,0.0,500.0,0.0006279253866523504,0.3139626933261752,200.0,0.0005356809124350548,0.10713618248701096,0.1295647823911956,0.09189862757921219,0.011906825684350152,0.0,0.0,0.0
261,0.576115608215332,0.0,0.00031373955425806344,0.0,20.0,0.003955930005759001,0.07911860011518002,20.0,0.0002831456658896059,0.005662913317792118,10.0,0.005486105103045702,0.05486105103045702,25.0,4.456134047359228e-05,0.001114033511839807,1.9509754877438719,0.0014576967805624008,0.0028439306874404016,0.0,0.2899431586265564,0.0,500.0,0.0006268142606131732,0.3134071303065866,200.0,0.0005357568152248859,0.10715136304497719,0.13006503251625812,0.09192772954702377,0.01195658313267943,0.0,0.0,0.0
262,0.5755192041397095,0.0,0.00031195482006296515,0.0,20.0,0.00394910853356123,0.0789821706712246,20.0,0.0002756538742687553,0.005513077485375106,10.0,0.0055078426375985146,0.055078426375985146,25.0,4.539021756500006e-05,0.0011347554391250014,1.9584792396198099,0.001407815609127283,0.002757177643688501,0.0,0.289922833442688,0.0,500.0,0.0006257751956582069,0.31288759782910347,200.0,0.0005358067573979497,0.10716135147958994,0.13056528264132067,0.09194324910640717,0.012004596306539406,0.0,0.0,0.0
263,0.5750939846038818,0.0,0.00031021039467304945,0.0,20.0,0.003943386022001505,0.0788677204400301,20.0,0.00026866942062042654,0.005373388412408531,10.0,0.005529187154024839,0.055291871540248394,25.0,4.597219594870694e-05,0.0011493048987176735,1.9659829914957478,0.0014202961465343833,0.00279227806697355,0.0,0.2899487018585205,0.0,500.0,0.0006248073768801987,0.31240368844009936,200.0,0.0005358245689421892,0.10716491378843784,0.1310655327663832,0.09194467961788177,0.012050778419152088,0.0,0.0,0.0
264,0.5746274590492249,0.0,0.00030865034204907715,0.0,20.0,0.003937780391424894,0.07875560782849789,20.0,0.0002626046189107001,0.005252092378214002,10.0,0.005550150293856859,0.05550150293856859,25.0,4.649382026400417e-05,0.0011623455066001043,1.9734867433716858,0.0014239284209907055,0.002810103862335334,0.0,0.2899394929409027,0.0,500.0,0.0006237865891307592,0.3118932945653796,200.0,0.0005357867339625955,0.10715734679251909,0.13156578289144572,0.09193252772092819,0.012095174982793453,0.0,0.0,0.0
265,0.5742897987365723,0.0,0.00030735114705748856,0.0,20.0,0.003932439722120762,0.07864879444241524,20.0,0.00025762012228369713,0.0051524024456739426,10.0,0.00557097140699625,0.0557097140699625,25.0,4.702943260781467e-05,0.0011757358151953667,1.9809904952476238,0.0015141842886805534,0.0029995846839294604,0.0,0.29003357887268066,0.0,500.0,0.0006226598634384573,0.3113299317192286,200.0,0.0005356781184673309,0.10713562369346619,0.13206603301650827,0.09190883487462997,0.012138035221061688,0.0,0.0,0.0
266,0.5737269520759583,0.0,0.00030637645977549255,0.0,20.0,0.003927398007363081,0.07854796014726162,20.0,0.00025353682576678693,0.005070736515335739,10.0,0.005591424647718668,0.05591424647718668,25.0,4.7490219003520906e-05,0.0011872554750880226,1.9884942471235618,0.0015205445233732462,0.0030235940372229384,0.0,0.290169358253479,0.0,500.0,0.0006213923334144056,0.3106961667072028,200.0,0.0005355285829864442,0.10710571659728885,0.1325662831415708,0.09188829362392426,0.012181289549944936,0.0,0.0,0.0
267,0.5731868147850037,0.0,0.0003056754940189421,0.0,20.0,0.003922667354345322,0.07845334708690643,20.0,0.0002499310940038413,0.004998621880076826,10.0,0.005611804313957691,0.05611804313957691,25.0,4.7749868826940656e-05,0.0011937467206735164,1.9959979989994998,0.0015406727325171232,0.0030751796912172696,0.0,0.29023367166519165,0.0,500.0,0.0006200947682373226,0.3100473841186613,200.0,0.0005353848682716489,0.10707697365432978,0.1330665332666333,0.09186048805713654,0.012223556689944131,0.0,0.0,0.0
268,0.5727079510688782,0.0,0.00030495732789859176,0.0,20.0,0.003919399343430996,0.07838798686861992,20.0,0.00024607652449049056,0.004921530489809811,10.0,0.005632971879094839,0.05632971879094839,25.0,4.7474535676883534e-05,0.0011868633919220883,2.003501750875438,0.001537831500172615,0.0030810481031472354,0.0,0.29036781191825867,0.0,500.0,0.0006189799169078469,0.30948995845392346,200.0,0.0005352285224944353,0.10704570449888706,0.13356678339169584,0.09182800352573395,0.012265171056213588,0.0,0.0,0.0
269,0.5725204348564148,0.0,0.0003040623851120472,0.0,20.0,0.0039170715026557446,0.07834143005311489,20.0,0.00024153610866051167,0.0048307221732102334,10.0,0.005654982291162014,0.05654982291162014,25.0,4.6659661165904254e-05,0.0011664915291476063,2.0110055027513756,0.0016363172326236963,0.003290642959053156,0.0,0.29038190841674805,0.0,500.0,0.0006180473719723523,0.30902368598617613,200.0,0.000535054481588304,0.10701089631766081,0.1340670335167584,0.09179554879665375,0.012306756917210207,0.0,0.0,0.0
270,0.5721660256385803,0.0,0.0003030549851246178,0.0,20.0,0.0039142947643995285,0.07828589528799057,20.0,0.0002364887623116374,0.004729775246232748,10.0,0.005677282344549894,0.05677282344549894,25.0,4.559010994853452e-05,0.001139752748713363,2.018509254627314,0.0016303022857755423,0.003290780251677996,0.0,0.29042381048202515,0.0,500.0,0.0006172304274514318,0.3086152137257159,200.0,0.0005349121056497097,0.10698242112994194,0.1345672836418209,0.09177108108997345,0.012349385099151004,0.0,0.0,0.0
271,0.5717373490333557,0.0,0.0003020397271029651,0.0,20.0,0.00390906585380435,0.078181317076087,20.0,0.00023126736050471663,0.004625347210094333,10.0,0.005699391942471266,0.05699391942471266,25.0,4.4674943637801334e-05,0.0011168735909450334,2.0260130065032516,0.001603430137038231,0.0032485703126587467,0.0,0.29047664999961853,0.0,500.0,0.0006164247170090675,0.30821235850453377,200.0,0.0005348349222913384,0.10696698445826769,0.13506753376688344,0.0917467474937439,0.012392006915112982,0.0,0.0,0.0
272,0.5712572932243347,0.0,0.0003010201617144048,0.0,20.0,0.0039012886118143797,0.0780257722362876,20.0,0.00022613504552282393,0.004522700910456479,10.0,0.005721310153603554,0.05721310153603554,25.0,4.409855682752095e-05,0.0011024639206880238,2.0335167583791898,0.0015599874313920736,0.0031722605845966884,0.0,0.29051637649536133,0.0,500.0,0.0006156534072943032,0.3078267036471516,200.0,0.0005347991827875376,0.10695983655750751,0.135567783891946,0.09172172099351883,0.012434510449846725,0.0,0.0,0.0
273,0.5709114670753479,0.0,0.00029996305238455534,0.0,20.0,0.003891492960974574,0.07782985921949148,20.0,0.0002212357649113983,0.004424715298227966,10.0,0.005743246525526047,0.05743246525526047,25.0,4.388281377032399e-05,0.0010970703442580998,2.0410205102551275,0.001584744662977755,0.0032344963606549476,0.0,0.29057174921035767,0.0,500.0,0.0006149195251055062,0.3074597625527531,200.0,0.0005347809637896717,0.10695619275793433,0.1360680340170085,0.09169617295265198,0.012476917980550945,0.0,0.0,0.0
274,0.5704286098480225,0.0,0.00029885664116591215,0.0,20.0,0.0038800351321697235,0.07760070264339447,20.0,0.0002165955229429528,0.004331910458859056,10.0,0.00576529186218977,0.0576529186218977,25.0,4.402122794999741e-05,0.0011005306987499353,2.0485242621310658,0.001543495338410139,0.0031618876492193696,0.0,0.2906420826911926,0.0,500.0,0.000614206655882299,0.3071033279411495,200.0,0.0005347811384126544,0.10695622768253088,0.13656828414207103,0.09168355911970139,0.012521066353015748,0.0,0.0,0.0
275,0.5700790286064148,0.0,0.00029764085775241256,0.0,20.0,0.0038678902201354504,0.07735780440270901,20.0,0.00021199355251155794,0.004239871050231159,10.0,0.005786987952888012,0.05786987952888012,25.0,4.4281849113758653e-05,0.0011070462278439663,2.0560280140070035,0.0015623359940946102,0.003212206571149999,0.0,0.2907213568687439,0.0,500.0,0.0006135283038020134,0.3067641519010067,200.0,0.0005348193226382136,0.10696386452764273,0.13706853426713356,0.09166332334280014,0.012564157376651945,0.0,0.0,0.0
276,0.5696394443511963,0.0,0.0002963832230307162,0.0,20.0,0.0038557841908186674,0.07711568381637335,20.0,0.0002074720396194607,0.004149440792389214,10.0,0.005808169487863779,0.05808169487863779,25.0,4.451411223271862e-05,0.0011128528058179654,2.0635317658829413,0.0015325990971177816,0.0031625669212660573,0.0,0.29074469208717346,0.0,500.0,0.0006128604291006923,0.30643021455034614,200.0,0.000534881604835391,0.10697632096707821,0.1375687843921961,0.09166795015335083,0.0126106484703209,0.0,0.0,0.0
277,0.5693140625953674,0.0,0.0002951038768514991,0.0,20.0,0.0038442444056272507,0.07688488811254501,20.0,0.00020308837702032179,0.004061767540406436,10.0,0.0058294073678553104,0.058294073678553104,25.0,4.466559403226711e-05,0.0011166398508066777,2.0710355177588795,0.0015549943782389164,0.003220448587248181,0.0,0.2908496558666229,0.0,500.0,0.000612182542681694,0.306091271340847,200.0,0.0005349405691958964,0.10698811383917928,0.13806903451725863,0.09167075902223587,0.012656893191664383,0.0,0.0,0.0
278,0.5689293146133423,0.0,0.0002938612597063184,0.0,20.0,0.0038328077644109726,0.07665615528821945,20.0,0.00019892682030331343,0.003978536406066269,10.0,0.005850565619766712,0.05850565619766712,25.0,4.484727105591446e-05,0.0011211817763978615,2.0785392696348173,0.001549546024762094,0.0032207922625745373,0.0,0.2908968925476074,0.0,500.0,0.0006114939460530877,0.30574697302654386,200.0,0.0005349866114556789,0.10699732229113579,0.13856928464232116,0.09167035669088364,0.012702695749562164,0.0,0.0,0.0
279,0.568489134311676,0.0,0.0002926747256424278,0.0,20.0,0.0038215345703065395,0.07643069140613079,20.0,0.00019493309082463384,0.0038986618164926767,10.0,0.005871718283742666,0.05871718283742666,25.0,4.4998774683335796e-05,0.001124969367083395,2.0860430215107555,0.0015118016162887216,0.0031536832115677685,0.0,0.2909688651561737,0.0,500.0,0.0006108261877670884,0.3054130938835442,200.0,0.0005350144347175956,0.10700288694351912,0.13906953476738368,0.09166597574949265,0.012747944601480217,0.0,0.0,0.0
280,0.5682228803634644,0.0,0.00029156426899135113,0.0,20.0,0.0038108143489807844,0.07621628697961569,20.0,0.00019107383559457958,0.0038214767118915915,10.0,0.0058928257785737514,0.058928257785737514,25.0,4.49980070698075e-05,0.0011249501767451875,2.0935467733866933,0.0015508655924350023,0.0032468096569987417,0.0,0.2910318970680237,0.0,500.0,0.0006101761828176677,0.30508809140883386,200.0,0.0005350216524675488,0.10700433049350977,0.13956978489244623,0.0916576012969017,0.012792631696766171,0.0,0.0,0.0
281,0.5677919983863831,0.0,0.0002905725559685379,0.0,20.0,0.0037998980842530727,0.07599796168506145,20.0,0.00018726497364696115,0.003745299472939223,10.0,0.005913544911891222,0.05913544911891222,25.0,4.4847034587292e-05,0.0011211758646823,2.1010505252626315,0.0015164309879764915,0.0031860981238125384,0.0,0.2910877466201782,0.0,500.0,0.0006095261196605861,0.30476305983029306,200.0,0.0005350307328626513,0.10700614657253027,0.14007003501750875,0.09164571017026901,0.012836817832754038,0.0,0.0,0.0
282,0.5673330426216125,0.0,0.0002897323574870825,0.0,20.0,0.0037887690123170614,0.07577538024634123,20.0,0.00018362484115641564,0.003672496823128313,10.0,0.005934131797403097,0.05934131797403097,25.0,4.467260077944957e-05,0.0011168150194862392,2.1085542771385692,0.001471477560698986,0.003102690304325276,0.0,0.2911379933357239,0.0,500.0,0.0006088707013987005,0.30443535069935024,200.0,0.0005350422579795122,0.10700845159590244,0.14057028514257128,0.09163087606430054,0.012880578376222336,0.0,0.0,0.0
283,0.5670850872993469,0.0,0.00028906494844704866,0.0,20.0,0.003778268350288272,0.07556536700576544,20.0,0.00018030230421572924,0.0036060460843145847,10.0,0.00595517922192812,0.0595517922192812,25.0,4.448991239769384e-05,0.001112247809942346,2.1160580290145075,0.0015243568923324347,0.0032256276411036515,0.0,0.2912071645259857,0.0,500.0,0.0006081941537559032,0.3040970768779516,200.0,0.0005350152496248484,0.10700304992496967,0.14107053526763383,0.09161311388015747,0.01292391101260851,0.0,0.0,0.0
284,0.5666934251785278,0.0,0.00028843412292189896,0.0,20.0,0.003769358154386282,0.07538716308772564,20.0,0.00017715249850880355,0.003543049970176071,10.0,0.005977078340947628,0.05977078340947628,25.0,4.413668284541927e-05,0.0011034170711354818,2.1235617808904452,0.0015001599676907063,0.003185682372609829,0.0,0.29129377007484436,0.0,500.0,0.0006075069541111588,0.3037534770555794,200.0,0.0005349142011255026,0.10698284022510052,0.14157078539269635,0.09159395843744278,0.01296702863321476,0.0,0.0,0.0
285,0.5664440393447876,0.0,0.0002878199447877705,0.0,20.0,0.003761468455195427,0.07522936910390854,20.0,0.00017411854059901088,0.0034823708119802177,10.0,0.005999654531478882,0.05999654531478882,25.0,4.366578286862932e-05,0.001091644571715733,2.131065532766383,0.0015356282237917185,0.003272524378865793,0.0,0.29140084981918335,0.0,500.0,0.000606815330684185,0.3034076653420925,200.0,0.0005347689148038626,0.10695378296077251,0.14207103551775888,0.09157486259937286,0.013010135556889391,0.0,0.0,0.0
286,0.5661031007766724,0.0,0.0002871623437386006,0.0,20.0,0.0037535429000854492,0.07507085800170898,20.0,0.00017101893899962306,0.003420378779992461,10.0,0.00602255342528224,0.0602255342528224,25.0,4.3107178498758e-05,0.00107767946246895,2.138569284642321,0.0015152287669479847,0.003240421700201418,0.0,0.2914506793022156,0.0,500.0,0.0006061699241399765,0.30308496206998825,200.0,0.0005346448160707951,0.10692896321415901,0.1425712856428214,0.09156323224306107,0.013054287738505454,0.0,0.0,0.0
287,0.5658828616142273,0.0,0.0002865018614102155,0.0,20.0,0.0037449481897056103,0.0748989637941122,20.0,0.00016796326963230968,0.0033592653926461935,10.0,0.006045373156666756,0.06045373156666756,25.0,4.252621147315949e-05,0.0010631552868289873,2.146073036518259,0.001543064834550023,0.003311529835027313,0.0,0.29152926802635193,0.0,500.0,0.0006055647390894592,0.3027823695447296,200.0,0.0005345696117728949,0.10691392235457897,0.14307153576788395,0.0915624275803566,0.013099977132557273,0.0,0.0,0.0
288,0.5656575560569763,0.0,0.00028595715411938727,0.0,20.0,0.0037351991049945354,0.07470398209989071,20.0,0.00016515188326593488,0.0033030376653186977,10.0,0.006067679729312658,0.06067679729312658,25.0,4.207449092064053e-05,0.0010518622730160132,2.153576788394197,0.0015779428649693727,0.00339822112741028,0.0,0.2915516495704651,0.0,500.0,0.0006049457006156445,0.3024728503078222,200.0,0.000534527120180428,0.1069054240360856,0.14357178589294647,0.09155962616205215,0.013145379043776372,0.0,0.0,0.0
289,0.5653271675109863,0.0,0.0002854850608855486,0.0,20.0,0.0037246164865791798,0.0744923297315836,20.0,0.000162612326676026,0.0032522465335205197,10.0,0.006089666858315468,0.06089666858315468,25.0,4.172468470642343e-05,0.0010431171176605858,2.161080540270135,0.001571123255416751,0.0033953238936470054,0.0,0.2916024923324585,0.0,500.0,0.000604313681833446,0.302156840916723,200.0,0.00053449219558388,0.10689843911677599,0.144072036018009,0.09156711399555206,0.013192260545632313,0.0,0.0,0.0
290,0.5650157928466797,0.0,0.0002850171586032957,0.0,20.0,0.0037137935869395733,0.07427587173879147,20.0,0.00016031063569243997,0.0032062127138487995,10.0,0.006111596245318651,0.06111596245318651,25.0,4.147355502936989e-05,0.0010368388757342473,2.168584292146073,0.0015697336057201028,0.0034040996402184324,0.0,0.29162660241127014,0.0,500.0,0.0006036918493919075,0.3018459246959537,200.0,0.0005344595992937684,0.10689191985875368,0.14457228614307155,0.09157327562570572,0.013238957806817886,0.0,0.0,0.0
291,0.5646944046020508,0.0,0.00028442684561014175,0.0,20.0,0.003703170921653509,0.07406341843307018,20.0,0.00015806136070750654,0.0031612272141501307,10.0,0.006133429240435362,0.06133429240435362,25.0,4.121381789445877e-05,0.0010303454473614693,2.176088044022011,0.0015613650903105736,0.0033976679053781865,0.0,0.2916247248649597,0.0,500.0,0.0006030697841197252,0.3015348920598626,200.0,0.0005344349192455411,0.10688698384910822,0.14507253626813407,0.09157868474721909,0.013285552064378958,0.0,0.0,0.0
292,0.5644700527191162,0.0,0.00028370696236379445,0.0,20.0,0.0036924451123923063,0.07384890224784613,20.0,0.00015582412015646696,0.0031164824031293392,10.0,0.00615500845015049,0.0615500845015049,25.0,4.100071237189695e-05,0.0010250178092974238,2.183591795897949,0.001597189693711698,0.0034876103116816223,0.0,0.2916562259197235,0.0,500.0,0.0006024489412084222,0.3012244706042111,200.0,0.0005344267701730132,0.10688535403460264,0.1455727863931966,0.09158378094434738,0.01333210618049279,0.0,0.0,0.0
293,0.5641540884971619,0.0,0.00028301693964749575,0.0,20.0,0.0036811407189816236,0.07362281437963247,20.0,0.0001538806245662272,0.003077612491324544,10.0,0.006176593713462353,0.06176593713462353,25.0,4.1037084884010255e-05,0.0010259271221002564,2.191095547773887,0.0015952978283166885,0.003495449968998047,0.0,0.29166483879089355,0.0,500.0,0.0006018069689162076,0.3009034844581038,200.0,0.0005344225792214274,0.10688451584428549,0.14607303651825912,0.09158658981323242,0.013378331278371118,0.0,0.0,0.0
294,0.5639543533325195,0.0,0.000282320543192327,0.0,20.0,0.0036690093111246824,0.07338018622249365,20.0,0.00015212988364510238,0.0030425976729020476,10.0,0.0061981105245649815,0.061981105245649815,25.0,4.130723755224608e-05,0.001032680938806152,2.1985992996498247,0.0016489219851791859,0.0036253187217921566,0.0,0.29170939326286316,0.0,500.0,0.000601160922087729,0.3005804610438645,200.0,0.0005344310775399208,0.10688621550798416,0.14657328664332167,0.09159757196903229,0.013425757172049255,0.0,0.0,0.0
295,0.5636520981788635,0.0,0.00028169123106636107,0.0,20.0,0.0036561833694577217,0.07312366738915443,20.0,0.0001504965330241248,0.003009930660482496,10.0,0.006219085305929184,0.06219085305929184,25.0,4.175428693997674e-05,0.0010438571734994184,2.206103051525763,0.0016598256770521402,0.003661746491145542,0.0,0.29172834753990173,0.0,500.0,0.0006005149334669113,0.30025746673345566,200.0,0.0005344623932614923,0.10689247865229845,0.1470735367683842,0.0916009321808815,0.013472073067123141,0.0,0.0,0.0
296,0.5632399916648865,0.0,0.00028106998070143163,0.0,20.0,0.003642929717898369,0.07285859435796738,20.0,0.0001489536080043763,0.002979072160087526,10.0,0.006239889655262232,0.06239889655262232,25.0,4.222904681228101e-05,0.0010557261703070253,2.2136068034017007,0.0016163568943738937,0.003577978618111295,0.0,0.2917766273021698,0.0,500.0,0.000599899678491056,0.299949839245528,200.0,0.0005344978417269886,0.10689956834539771,0.14757378689344672,0.09161759167909622,0.013520354950141764,0.0,0.0,0.0
297,0.5630238652229309,0.0,0.0002804886898957193,0.0,20.0,0.0036293098237365484,0.07258619647473097,20.0,0.0001473853481002152,0.002947706962004304,10.0,0.006260691210627556,0.06260691210627556,25.0,4.267788244760595e-05,0.0010669470611901488,2.221110555277639,0.0016625886783003807,0.003692793262458074,0.0,0.2917671799659729,0.0,500.0,0.000599290884565562,0.299645442282781,200.0,0.0005345488898456097,0.10690977796912193,0.14807403701850924,0.09163043648004532,0.01356808864336839,0.0,0.0,0.0
298,0.5626846551895142,0.0,0.00027985888300463557,0.0,20.0,0.003616025671362877,0.07232051342725754,20.0,0.00014562065189238638,0.0029124130378477275,10.0,0.006281474605202675,0.06281474605202675,25.0,4.292308585718274e-05,0.0010730771464295685,2.2286143071535767,0.0016497927717864513,0.0036767517750418413,0.0,0.2918102443218231,0.0,500.0,0.0005986994365230203,0.29934971826151013,200.0,0.0005346121615730226,0.10692243231460452,0.1485742871435718,0.09163761883974075,0.013614993894648826,0.0,0.0,0.0
299,0.5623576641082764,0.0,0.0002792897284962237,0.0,20.0,0.0036035971716046333,0.07207194343209267,20.0,0.00014393628225661814,0.002878725645132363,10.0,0.006302572321146727,0.06302572321146727,25.0,4.3025280319852754e-05,0.0010756320079963189,2.236118059029515,0.0016338018467649817,0.003653373814426948,0.0,0.291789174079895,0.0,500.0,0.000598122482188046,0.299061241094023,200.0,0.0005346496473066509,0.10692992946133018,0.14907453726863432,0.09163953363895416,0.013661121072740541,0.0,0.0,0.0
300,0.5622214674949646,0.0,0.0002788082929328084,0.0,20.0,0.0035924576222896576,0.07184915244579315,20.0,0.00014244230987969786,0.002848846197593957,10.0,0.006324180867522955,0.06324180867522955,25.0,4.295378312235698e-05,0.0010738445780589245,2.2436218109054527,0.0016938707558438182,0.0038004053726660952,0.0,0.2917572259902954,0.0,500.0,0.0005975451786071062,0.2987725893035531,200.0,0.0005346413236111403,0.10692826472222805,0.14957478739369684,0.09163641929626465,0.013706497933758444,0.0,0.0,0.0
301,0.5619909167289734,0.0,0.0002783714735414833,0.0,20.0,0.0035833269357681274,0.07166653871536255,20.0,0.0001411750417901203,0.002823500835802406,10.0,0.006346428766846657,0.06346428766846657,25.0,4.258540502632968e-05,0.001064635125658242,2.251125562781391,0.0016967188566923141,0.003819527191153284,0.0,0.29179587960243225,0.0,500.0,0.0005969693884253502,0.2984846942126751,200.0,0.0005345825338736176,0.10691650677472353,0.1500750375187594,0.09162941575050354,0.013751288006578821,0.0,0.0,0.0
302,0.5617845058441162,0.0,0.0002780272043310106,0.0,20.0,0.0035756768193095922,0.07151353638619184,20.0,0.00014011573512107134,0.0028023147024214268,10.0,0.006369050592184067,0.06369050592184067,25.0,4.194050416117534e-05,0.0010485126040293835,2.2586293146573286,0.0016988434363156557,0.0038370575862757307,0.0,0.29184776544570923,0.0,500.0,0.0005963931325823069,0.29819656629115343,200.0,0.0005345020326785743,0.10690040653571486,0.15057528764382191,0.091619573533535,0.013795643638616326,0.0,0.0,0.0
303,0.5615847110748291,0.0,0.00027781008975580335,0.0,20.0,0.003568587824702263,0.07137175649404526,20.0,0.00013922278594691306,0.0027844557189382613,10.0,0.006391314789652824,0.06391314789652824,25.0,4.1194060031557456e-05,0.0010298515007889364,2.266133066533267,0.0017102318815886974,0.003875613018307554,0.0,0.2918899953365326,0.0,500.0,0.0005957712419331074,0.2978856209665537,200.0,0.0005344222881831229,0.10688445763662457,0.15107553776888444,0.09160826355218887,0.01383976768022063,0.0,0.0,0.0
304,0.5613215565681458,0.0,0.00027769117150455713,0.0,20.0,0.003561460180208087,0.07122920360416174,20.0,0.00013845563807990402,0.0027691127615980804,10.0,0.0064131938852369785,0.06413193885236979,25.0,4.0452247048961e-05,0.001011306176224025,2.2736368184092046,0.0017025715205818415,0.00387102929516982,0.0,0.29190024733543396,0.0,500.0,0.0005951058119535446,0.2975529059767723,200.0,0.000534350227098912,0.1068700454197824,0.15157578789394696,0.09161103516817093,0.013886014835395592,0.0,0.0,0.0
305,0.5611420273780823,0.0,0.00027755904011428356,0.0,20.0,0.003553994931280613,0.07107989862561226,20.0,0.00013773310638498515,0.002754662127699703,10.0,0.0064346762374043465,0.06434676237404346,25.0,3.9748207200318575e-05,0.0009937051800079644,2.2811405702851424,0.00173209048807621,0.003951141883755636,0.0,0.2919127643108368,0.0,500.0,0.0005944465519860387,0.29722327599301934,200.0,0.0005343045922927558,0.10686091845855117,0.1520760380190095,0.0916101336479187,0.013931706167567427,0.0,0.0,0.0
306,0.5607545971870422,0.0,0.00027741893427446485,0.0,20.0,0.0035458977799862623,0.07091795559972525,20.0,0.00013709647464565933,0.0027419294929131866,10.0,0.006456039380282164,0.06456039380282164,25.0,3.9225356886163354e-05,0.0009806339221540838,2.2886443221610806,0.0016700653359293938,0.0038221855487128448,0.0,0.2919030785560608,0.0,500.0,0.000593791832216084,0.296895916108042,200.0,0.0005342853255569935,0.1068570651113987,0.15257628814407204,0.09161689877510071,0.013978566346376045,0.0,0.0,0.0
307,0.5603927969932556,0.0,0.0002773245214484632,0.0,20.0,0.003536584321409464,0.07073168642818928,20.0,0.0001365693169645965,0.00273138633929193,10.0,0.006477714516222477,0.06477714516222477,25.0,3.9025209844112396e-05,0.0009756302461028099,2.2961480740370184,0.001616291468963027,0.003711244543541918,0.0,0.2919028401374817,0.0,500.0,0.0005931647610850632,0.2965823805425316,200.0,0.0005342785152606666,0.10685570305213332,0.15307653826913456,0.0916380062699318,0.014027628773686407,0.0,0.0,0.0
308,0.5601528286933899,0.0,0.00027699439669959247,0.0,20.0,0.003527219407260418,0.07054438814520836,20.0,0.00013565641711466014,0.002713128342293203,10.0,0.006499503273516893,0.06499503273516893,25.0,3.8736303395126015e-05,0.0009684075848781504,2.3036518259129566,0.0016011707484722137,0.0036885399183164305,0.0,0.29188084602355957,0.0,500.0,0.0005926182493567467,0.29630912467837334,200.0,0.0005342838121578097,0.10685676243156195,0.1535767883941971,0.0916639119386673,0.014077449207189025,0.0,0.0,0.0
309,0.559938371181488,0.0,0.00027632355340756476,0.0,20.0,0.0035182125866413116,0.07036425173282623,20.0,0.00013420020695775747,0.0026840041391551495,10.0,0.006521210540086031,0.06521210540086031,25.0,3.8245474570430815e-05,0.0009561368642607704,2.3111555777888944,0.0015915253898128867,0.0036782627818586974,0.0,0.29189473390579224,0.0,500.0,0.0005921124247834086,0.2960562123917043,200.0,0.000534301099833101,0.1068602199666202,0.15407703851925963,0.09168913960456848,0.014127191094650871,0.0,0.0,0.0
310,0.5599986910820007,0.0,0.0002755722089204937,0.0,20.0,0.0035092055331915617,0.07018411066383123,20.0,0.0001325749617535621,0.002651499235071242,10.0,0.006542652379721403,0.06542652379721403,25.0,3.77558171749115e-05,0.0009438954293727875,2.3186593296648326,0.0016897807363420725,0.003918025869407457,0.0,0.2918832302093506,0.0,500.0,0.0005916582886129618,0.2958291443064809,200.0,0.000534345512278378,0.1068691024556756,0.15457728864432216,0.09171105921268463,0.014176446871795673,0.0,0.0,0.0
311,0.559745192527771,0.0,0.0002751243591774255,0.0,20.0,0.0034994669258594513,0.06998933851718903,20.0,0.00013138382928445935,0.002627676585689187,10.0,0.0065636346116662025,0.06563634611666203,25.0,3.763357744901441e-05,0.0009408394362253603,2.3261630815407703,0.0016819116426631808,0.0039124007695766835,0.0,0.2918417155742645,0.0,500.0,0.0005910700419917703,0.29553502099588513,200.0,0.0005343933589756489,0.10687867179512978,0.15507753876938468,0.09172742813825607,0.014224863793326353,0.0,0.0,0.0
312,0.5593389272689819,0.0,0.00027498352574184537,0.0,20.0,0.003489512950181961,0.06979025900363922,20.0,0.00013069015403743833,0.0026138030807487667,10.0,0.006584590766578913,0.06584590766578913,25.0,3.777958045247942e-05,0.0009444895113119856,2.3336668334167086,0.0016317805275321007,0.0038080320965168837,0.0,0.29182305932044983,0.0,500.0,0.000590359210036695,0.2951796050183475,200.0,0.0005344214150682092,0.10688428301364183,0.15557778889444723,0.09173885732889175,0.014272528578932134,0.0,0.0,0.0
313,0.5590341687202454,0.0,0.0002747901889961213,0.0,20.0,0.0034805629402399063,0.06961125880479813,20.0,0.00013011106057092547,0.0026022212114185095,10.0,0.006605386268347502,0.06605386268347502,25.0,3.787905734498054e-05,0.0009469764336245134,2.3411705852926463,0.0016207026783376932,0.0037943414380292168,0.0,0.2918592691421509,0.0,500.0,0.0005896343500353396,0.2948171750176698,200.0,0.000534434977453202,0.1068869954906404,0.15607803901950976,0.09175753593444824,0.01432133627391088,0.0,0.0,0.0
314,0.5587014555931091,0.0,0.00027442682767286897,0.0,20.0,0.0034725561272352934,0.06945112254470587,20.0,0.00012945293565280735,0.002589058713056147,10.0,0.0066264308989048,0.066264308989048,25.0,3.783709689741954e-05,0.0009459274224354886,2.348674337168584,0.0015950906090438366,0.003746348378919866,0.0,0.29186826944351196,0.0,500.0,0.0005888994201086462,0.2944497100543231,200.0,0.0005344266537576914,0.10688533075153828,0.15657828914457228,0.09177308529615402,0.0143696726851907,0.0,0.0,0.0
315,0.5585986971855164,0.0,0.00027387324371375144,0.0,20.0,0.003464927664026618,0.06929855328053236,20.0,0.00012867976329289377,0.0025735952658578753,10.0,0.006647741422057152,0.06647741422057152,25.0,3.770900366362184e-05,0.0009427250915905461,2.3561780890445223,0.0016561087686568499,0.0039020871937837736,0.0,0.2918541729450226,0.0,500.0,0.0005882082041352987,0.29410410206764936,200.0,0.0005344112869352102,0.10688225738704205,0.1570785392696348,0.09178809076547623,0.014417939219789662,0.0,0.0,0.0
316,0.558295488357544,0.0,0.00027345388662070036,0.0,20.0,0.0034557476174086332,0.06911495234817266,20.0,0.00012811868509743363,0.0025623737019486725,10.0,0.0066689057275652885,0.06668905727565289,25.0,3.7922240153420717e-05,0.0009480560038355179,2.36368184092046,0.0016392600955441594,0.003874689320383268,0.0,0.2918488085269928,0.0,500.0,0.0005875182105228305,0.29375910526141524,200.0,0.0005344047676771879,0.10688095353543758,0.15757878939469736,0.0918034017086029,0.014466268903556737,0.0,0.0,0.0
317,0.5578532218933105,0.0,0.00027317809872329235,0.0,20.0,0.0034451622050255537,0.06890324410051107,20.0,0.00012771572801284492,0.0025543145602568984,10.0,0.006689887493848801,0.066898874938488,25.0,3.8441201468231156e-05,0.0009610300367057789,2.3711855927963983,0.001584337092936039,0.0037567572889028638,0.0,0.29184991121292114,0.0,500.0,0.0005867668660357594,0.2933834330178797,200.0,0.0005344068631529808,0.10688137263059616,0.15807903951975988,0.09181621670722961,0.014514219349416987,0.0,0.0,0.0
318,0.5574778318405151,0.0,0.0002729362458921969,0.0,20.0,0.0034342571161687374,0.06868514232337475,20.0,0.00012732099276036024,0.002546419855207205,10.0,0.006710838992148638,0.06710838992148638,25.0,3.905094854417257e-05,0.0009762737136043143,2.378689344672336,0.0015614931471645832,0.003714307110939266,0.0,0.2918536961078644,0.0,500.0,0.0005860044620931149,0.2930022310465574,200.0,0.0005344183300621808,0.10688366601243615,0.1585792896448224,0.09182437509298325,0.014561444174325006,0.0,0.0,0.0
319,0.5572062134742737,0.0,0.0002724624064285308,0.0,20.0,0.0034243378322571516,0.06848675664514303,20.0,0.0001265649334527552,0.0025312986690551043,10.0,0.006732102017849684,0.06732102017849684,25.0,3.933120024157688e-05,0.000983280006039422,2.3861930965482743,0.0015707204584032297,0.0037480423144489274,0.0,0.2918849289417267,0.0,500.0,0.0005852848989889026,0.2926424494944513,200.0,0.0005344261880964041,0.10688523761928082,0.15907953976988495,0.09182929992675781,0.014608162769739363,0.0,0.0,0.0
320,0.5570188164710999,0.0,0.00027182267513126135,0.0,20.0,0.003415375016629696,0.06830750033259392,20.0,0.00012551424151752144,0.002510284830350429,10.0,0.0067535825073719025,0.06753582507371902,25.0,3.934121923521161e-05,0.0009835304808802903,2.393696848424212,0.001609613886103034,0.003852927686344681,0.0,0.29191386699676514,0.0,500.0,0.0005845786072313786,0.2922893036156893,200.0,0.0005344246164895594,0.10688492329791188,0.15957978989494748,0.09183164685964584,0.014654474911569296,0.0,0.0,0.0
321,0.556739866733551,0.0,0.00027133626281283796,0.0,20.0,0.003406231990084052,0.06812463980168104,20.0,0.00012462932500056922,0.0024925865000113845,10.0,0.006775406654924154,0.06775406654924154,25.0,3.94536109524779e-05,0.0009863402738119476,2.4012006003001503,0.0016100001521408558,0.003865933331803956,0.0,0.29193904995918274,0.0,500.0,0.0005838631186634302,0.2919315593317151,200.0,0.0005344110541045666,0.10688221082091331,0.16008004002001,0.09184467047452927,0.014702498525187275,0.0,0.0,0.0
322,0.5563145875930786,0.0,0.000270990829449147,0.0,20.0,0.003396588144823909,0.06793176289647818,20.0,0.00012392095231916755,0.002478419046383351,10.0,0.006797295529395342,0.06797295529395342,25.0,3.970204124925658e-05,0.0009925510312314145,2.408704352176088,0.001551867462694645,0.003737989911393054,0.0,0.2919635772705078,0.0,500.0,0.0005831447779200971,0.29157238896004856,200.0,0.0005343981320038438,0.10687962640076876,0.16058029014507252,0.09184740483760834,0.014748882917895084,0.0,0.0,0.0
323,0.5560944080352783,0.0,0.0002705863444134593,0.0,20.0,0.0033875126391649246,0.06775025278329849,20.0,0.00012328836601227522,0.0024657673202455044,10.0,0.0068200393579900265,0.06820039357990026,25.0,3.978516178904101e-05,0.0009946290447260253,2.416208104052026,0.0015669575659558177,0.0037860955695680834,0.0,0.2919851839542389,0.0,500.0,0.0005824522231705487,0.29122611158527434,200.0,0.0005343721131794155,0.10687442263588309,0.16108054027013508,0.09185925126075745,0.014796737821892897,0.0,0.0,0.0
324,0.55601567029953,0.0,0.00026982335839420557,0.0,20.0,0.003379856003448367,0.06759712006896734,20.0,0.00012239787611179054,0.0024479575222358108,10.0,0.006843987852334976,0.06843987852334976,25.0,3.936442226404324e-05,0.000984110556601081,2.423711855927964,0.0016318841371685266,0.003955216930756134,0.0,0.29200589656829834,0.0,500.0,0.0005817575147375464,0.2908787573687732,200.0,0.000534338760189712,0.10686775203794241,0.1615807903951976,0.09187301248311996,0.01484491397301038,0.0,0.0,0.0
325,0.5556777119636536,0.0,0.0002691439294721931,0.0,20.0,0.0033719155471771955,0.06743831094354391,20.0,0.00012187112588435411,0.0024374225176870823,10.0,0.0068693021312355995,0.068693021312356,25.0,3.900586671079509e-05,0.0009751466677698772,2.431215607803902,0.0015772483311593533,0.0038346307600972767,0.0,0.292026549577713,0.0,500.0,0.0005810964503325522,0.2905482251662761,200.0,0.0005342952208593488,0.10685904417186975,0.16208104052026012,0.0918794721364975,0.014891920446335761,0.0,0.0,0.0
326,0.5553934574127197,0.0,0.00026865367544814944,0.0,20.0,0.0033633492421358824,0.06726698484271765,20.0,0.00012154631258454174,0.0024309262516908348,10.0,0.006894635036587715,0.06894635036587715,25.0,3.8735339330742136e-05,0.0009683834832685534,2.43871935967984,0.0015497244894504547,0.00377934311459278,0.0,0.29204288125038147,0.0,500.0,0.0005804261309094727,0.29021306545473635,200.0,0.0005342512740753591,0.10685025481507182,0.16258129064532267,0.09188109636306763,0.014938147232614798,0.0,0.0,0.0
327,0.5550937056541443,0.0,0.0002682982012629509,0.0,20.0,0.0033542602322995663,0.06708520464599133,20.0,0.00012119378516217694,0.0024238757032435387,10.0,0.006919590290635824,0.06919590290635824,25.0,3.843934246106073e-05,0.0009609835615265183,2.4462231115557778,0.001523434417322278,0.0037266604805932663,0.0,0.29202622175216675,0.0,500.0,0.0005797460908070207,0.28987304540351033,200.0,0.000534221064299345,0.106844212859869,0.1630815407703852,0.09187930077314377,0.01498381793498993,0.0,0.0,0.0
328,0.5548046827316284,0.0,0.00026769808027893305,0.0,20.0,0.003346296027302742,0.06692592054605484,20.0,0.00012047395284753293,0.0024094790569506586,10.0,0.006944512017071247,0.06944512017071247,25.0,3.7707326555391774e-05,0.0009426831638847943,2.453726863431716,0.0014947110321372747,0.003667612612622978,0.0,0.29203397035598755,0.0,500.0,0.0005790828727185726,0.2895414363592863,200.0,0.0005342159420251846,0.10684318840503693,0.16358179089544772,0.09187612682580948,0.015029261366703201,0.0,0.0,0.0
329,0.5549171566963196,0.0,0.0002668810193426907,0.0,20.0,0.0033396254293620586,0.06679250858724117,20.0,0.0001194500582641922,0.002389001165283844,10.0,0.006969674956053495,0.06969674956053495,25.0,3.655805267044343e-05,0.0009139513167610858,2.4612306153076537,0.001604409422725439,0.00394882159069993,0.0,0.29206421971321106,0.0,500.0,0.0005785113899037242,0.2892556949518621,200.0,0.0005342260701581836,0.10684521403163671,0.16408204102051024,0.09187597781419754,0.01507519796050865,0.0,0.0,0.0
330,0.5547094941139221,0.0,0.00026637452538125217,0.0,20.0,0.003331016516312957,0.06662033032625914,20.0,0.00011887487198691815,0.002377497439738363,10.0,0.00699470704421401,0.0699470704421401,25.0,3.602676224545576e-05,0.0009006690561363939,2.468734367183592,0.0016084650997072458,0.00397087307006266,0.0,0.292075514793396,0.0,500.0,0.0005778490449301898,0.2889245224650949,200.0,0.0005342303775250912,0.10684607550501823,0.1645822911455728,0.0918838307261467,0.015122451380141204,0.0,0.0,0.0
331,0.5542351603507996,0.0,0.00026615674141794443,0.0,20.0,0.003320931224152446,0.06641862448304892,20.0,0.00011871165770571679,0.0023742331541143358,10.0,0.007019472774118185,0.07019472774118185,25.0,3.605000893003307e-05,0.0009012502232508268,2.4762381190595297,0.001524096354842186,0.0037740254909799003,0.0,0.292150616645813,0.0,500.0,0.0005771055002696812,0.2885527501348406,200.0,0.0005342437070794404,0.10684874141588807,0.16508254127063532,0.09189829230308533,0.015170803631824992,0.0,0.0,0.0
332,0.553979218006134,0.0,0.00026567417080514133,0.0,20.0,0.003312554908916354,0.06625109817832708,20.0,0.00011841993546113372,0.0023683987092226744,10.0,0.007044552359730005,0.07044552359730005,25.0,3.585881495382637e-05,0.0008964703738456592,2.483741870935468,0.0015162830241024494,0.003766055635151907,0.0,0.2921699583530426,0.0,500.0,0.00057637580903247,0.288187904516235,200.0,0.0005342174554243684,0.10684349108487368,0.16558279139569784,0.09191960096359253,0.015220304111530329,0.0,0.0,0.0
333,0.55382239818573,0.0,0.0002649954694788903,0.0,20.0,0.0033056638203561306,0.06611327640712261,20.0,0.00011800705397035927,0.0023601410794071853,10.0,0.00707002729177475,0.0707002729177475,25.0,3.549393295543268e-05,0.0008873483238858171,2.4912456228114057,0.0015434331726282835,0.003845071135412132,0.0,0.2921319901943207,0.0,500.0,0.0005756319733336568,0.2878159866668284,200.0,0.0005341501673683524,0.10683003347367048,0.1660830415207604,0.09194327890872955,0.015270219408553384,0.0,0.0,0.0
334,0.5536881685256958,0.0,0.0002641865285113454,0.0,20.0,0.0032989121973514557,0.06597824394702911,20.0,0.00011740301124518737,0.0023480602249037474,10.0,0.007095047738403082,0.07095047738403082,25.0,3.516573997330852e-05,0.000879143499332713,2.4987493746873435,0.0015665479004383087,0.003914410586637994,0.0,0.29212820529937744,0.0,500.0,0.0005749542615376413,0.28747713076882064,200.0,0.00053410540567711,0.10682108113542199,0.16658329164582292,0.09196394681930542,0.015319656973901304,0.0,0.0,0.0
335,0.5535604953765869,0.0,0.0002636497374624014,0.0,20.0,0.0032899174839258194,0.06579834967851639,20.0,0.00011695209832396358,0.0023390419664792717,10.0,0.007119471672922373,0.07119471672922373,25.0,3.534192728693597e-05,0.0008835481821733993,2.5062531265632817,0.001619889633730054,0.004059853459223397,0.0,0.29216113686561584,0.0,500.0,0.0005741952918469906,0.2870976459234953,200.0,0.0005340963834896684,0.10681927669793367,0.16708354177088544,0.0919780284166336,0.015368014752954288,0.0,0.0,0.0
336,0.5530893802642822,0.0,0.0002633068070281297,0.0,20.0,0.0032789779361337423,0.06557955872267485,20.0,0.00011669860396068543,0.0023339720792137086,10.0,0.007143894676119089,0.07143894676119089,25.0,3.593825749703683e-05,0.0008984564374259207,2.5137568784392195,0.0015478417044505477,0.0038908977312976495,0.0,0.29220351576805115,0.0,500.0,0.0005734228761866689,0.28671143809333444,200.0,0.0005341051146388054,0.10682102292776108,0.16758379189594796,0.09198471158742905,0.015415146764276503,0.0,0.0,0.0
337,0.5527940392494202,0.0,0.00026273721596226096,0.0,20.0,0.0032693748362362385,0.06538749672472477,20.0,0.00011617966083576903,0.0023235932167153805,10.0,0.007168878335505724,0.07168878335505724,25.0,3.613223816500977e-05,0.0009033059541252442,2.5212606303151577,0.0015234117163345218,0.0038409179841550727,0.0,0.29224005341529846,0.0,500.0,0.0005727305542677641,0.28636527713388205,200.0,0.0005341158830560744,0.10682317661121488,0.16808404202101052,0.09198679774999619,0.015461512778388555,0.0,0.0,0.0
338,0.5526584386825562,0.0,0.0002619985898490995,0.0,20.0,0.0032615268137305975,0.06523053627461195,20.0,0.00011549488408491015,0.002309897681698203,10.0,0.007194599136710167,0.07194599136710167,25.0,3.587008541217074e-05,0.0008967521353042684,2.5287643821910955,0.0015460338909178972,0.003909555437013492,0.0,0.2922383248806,0.0,500.0,0.0005720647750422359,0.2860323875211179,200.0,0.0005341167561709881,0.10682335123419762,0.16858429214607304,0.0920012816786766,0.015509970948331174,0.0,0.0,0.0
339,0.5525023341178894,0.0,0.0002611879026517272,0.0,20.0,0.003254635725170374,0.06509271450340748,20.0,0.00011478649685159326,0.002295729937031865,10.0,0.00722043402493,0.0722043402493,25.0,3.538514283718541e-05,0.0008846285709296353,2.5362681340670337,0.0015437237452715635,0.003915297342934881,0.0,0.2922304570674896,0.0,500.0,0.0005714548169635236,0.2857274084817618,200.0,0.0005341286305338144,0.10682572610676289,0.16908454227113556,0.09200423955917358,0.015556494732866768,0.0,0.0,0.0
340,0.5522308349609375,0.0,0.00026070018066093326,0.0,20.0,0.0032461564987897873,0.06492312997579575,20.0,0.0001146048161899671,0.002292096323799342,10.0,0.007246466353535652,0.07246466353535652,25.0,3.535594078130089e-05,0.0008838985195325222,2.5437718859429714,0.0015179163310676813,0.0038612328881836716,0.0,0.2922554016113281,0.0,500.0,0.0005707558011636138,0.2853779005818069,200.0,0.0005341272335499525,0.1068254467099905,0.1695847923961981,0.09200377017259598,0.01560244026438721,0.0,0.0,0.0
341,0.5522100329399109,0.0,0.00026032328605651855,0.0,20.0,0.0032371971756219864,0.06474394351243973,20.0,0.00011472025653347373,0.0022944051306694746,10.0,0.007273105438798666,0.07273105438798666,25.0,3.548579479684122e-05,0.0008871448699210305,2.5512756378189096,0.001587415928952396,0.0040499355866219205,0.0,0.29231080412864685,0.0,500.0,0.000570062140468508,0.285031070234254,200.0,0.0005341156502254307,0.10682313004508615,0.17008504252126064,0.09200883656740189,0.01564932687989827,0.0,0.0,0.0
342,0.5518938302993774,0.0,0.0002597807324491441,0.0,20.0,0.003228992223739624,0.06457984447479248,20.0,0.00011456047650426626,0.0022912095300853252,10.0,0.007299843244254589,0.07299843244254589,25.0,3.5352979466551915e-05,0.0008838244866637979,2.5587793896948474,0.0015231081051751971,0.0038972976277994666,0.0,0.2923361361026764,0.0,500.0,0.0005694491555914283,0.28472457779571414,200.0,0.0005341159412637353,0.10682318825274706,0.17058529264632316,0.09200943261384964,0.015695455988655693,0.0,0.0,0.0
343,0.5516471266746521,0.0,0.0002591388765722513,0.0,20.0,0.0032208911143243313,0.06441782228648663,20.0,0.00011396992340451106,0.0022793984680902213,10.0,0.007325504440814257,0.07325504440814257,25.0,3.51192029484082e-05,0.000877980073710205,2.566283141570785,0.0015012213261798024,0.0038525589811417636,0.0,0.29236283898353577,0.0,500.0,0.0005687898956239223,0.2843949478119612,200.0,0.000534140388481319,0.10682807769626379,0.17108554277138568,0.09200826287269592,0.015741283593027514,0.0,0.0,0.0
344,0.5514869689941406,0.0,0.00025855546118691564,0.0,20.0,0.003211667761206627,0.06423335522413254,20.0,0.00011322789214318618,0.0022645578428637236,10.0,0.007350355852395296,0.07350355852395296,25.0,3.515617936500348e-05,0.000878904484125087,2.5737868934467234,0.0015286682173609734,0.00393446622227224,0.0,0.29239755868911743,0.0,500.0,0.0005680967587977648,0.2840483793988824,200.0,0.0005341857322491705,0.10683714644983411,0.17158579289644824,0.09200406819581985,0.015786590991078646,0.0,0.0,0.0
345,0.5512667298316956,0.0,0.00025815056869760156,0.0,20.0,0.0032016332261264324,0.06403266452252865,20.0,0.00011257893493166193,0.0022515786986332387,10.0,0.00737479655072093,0.0737479655072093,25.0,3.5537563235266134e-05,0.0008884390808816534,2.581290645322661,0.0015422336291521788,0.003980953239832537,0.0,0.29237979650497437,0.0,500.0,0.000567376846447587,0.2836884232237935,200.0,0.000534224440343678,0.1068448880687356,0.17208604302151076,0.09199938923120499,0.015831810853193854,0.0,0.0,0.0
346,0.5508768558502197,0.0,0.00025766502949409187,0.0,20.0,0.003193435724824667,0.06386871449649334,20.0,0.00011195293336641043,0.0022390586673282087,10.0,0.0073999520391225815,0.07399952039122581,25.0,3.570131229935214e-05,0.0008925328074838035,2.5887943971985994,0.0014754707226529717,0.003819690340034582,0.0,0.29243868589401245,0.0,500.0,0.000566684000659734,0.283342000329867,200.0,0.000534173974301666,0.1068347948603332,0.17258629314657328,0.09201487898826599,0.015880506878915342,0.0,0.0,0.0
347,0.5508652925491333,0.0,0.0002570876677054912,0.0,20.0,0.003187166526913643,0.06374333053827286,20.0,0.00011136890680063516,0.002227378136012703,10.0,0.007425881456583738,0.07425881456583738,25.0,3.5574375942815095e-05,0.0008893593985703774,2.596298149074537,0.0015392366331070662,0.003996317221523598,0.0,0.2924598753452301,0.0,500.0,0.0005660131573677063,0.28300657868385315,200.0,0.0005340699572116137,0.10681399144232273,0.1730865432716358,0.0920320674777031,0.015929512429857563,0.0,0.0,0.0
348,0.5506424307823181,0.0,0.00025660041137598455,0.0,20.0,0.0031814053654670715,0.06362810730934143,20.0,0.0001110747252823785,0.00222149450564757,10.0,0.007452069316059351,0.07452069316059351,25.0,3.551780173438601e-05,0.0008879450433596503,2.6038019009504754,0.0015127689111977816,0.003938950566675564,0.0,0.2924780547618866,0.0,500.0,0.0005653431871905923,0.28267159359529614,200.0,0.0005339725757949054,0.10679451515898108,0.17358679339669836,0.09205254912376404,0.015979106826386254,0.0,0.0,0.0
349,0.5503309369087219,0.0,0.0002563277375884354,0.0,20.0,0.0031745806336402893,0.06349161267280579,20.0,0.00011096493108198047,0.0022192986216396093,10.0,0.00747793260961771,0.0747793260961771,25.0,3.57264798367396e-05,0.00089316199591849,2.611305652826413,0.0014662742614746094,0.003828890267582522,0.0,0.2925536334514618,0.0,500.0,0.0005646198987960815,0.28230994939804077,200.0,0.000533902202732861,0.10678044054657221,0.17408704352176088,0.09207015484571457,0.016028221053681176,0.0,0.0,0.0
350,0.5503183603286743,0.0,0.0002561591099947691,0.0,20.0,0.003166974987834692,0.06333949975669384,20.0,0.00011084527795901522,0.0022169055591803044,10.0,0.007503106724470854,0.07503106724470854,25.0,3.6061002901988104e-05,0.0009015250725497026,2.6188094047023514,0.0015402785502374172,0.004033695953223051,0.0,0.292658269405365,0.0,500.0,0.000563899171538651,0.2819495857693255,200.0,0.000533850456122309,0.1067700912244618,0.1745872936468234,0.09207996726036072,0.01607599228307448,0.0,0.0,0.0
351,0.549910843372345,0.0,0.00025572135928086936,0.0,20.0,0.003159776097163558,0.06319552194327116,20.0,0.00011013797484338284,0.0022027594968676567,10.0,0.007527516223490238,0.07527516223490238,25.0,3.598452894948423e-05,0.0008996132237371057,2.626313156578289,0.0014653948601335287,0.003848585800750888,0.0,0.2926764190196991,0.0,500.0,0.0005631998064927757,0.28159990324638784,200.0,0.0005338328774087131,0.10676657548174262,0.17508754377188596,0.0920838937163353,0.01612274277174455,0.0,0.0,0.0
352,0.5498023629188538,0.0,0.00025509949773550034,0.0,20.0,0.0031531346030533314,0.06306269206106663,20.0,0.00010926055256277323,0.0021852110512554646,10.0,0.007552056573331356,0.07552056573331356,25.0,3.564486905816011e-05,0.0008911217264540028,2.6338169084542273,0.001482740743085742,0.0039052676399932125,0.0,0.2926653027534485,0.0,500.0,0.0005626023630611598,0.2813011815305799,200.0,0.0005338402697816491,0.10676805395632982,0.17558779389694848,0.09208101779222488,0.01616830277392243,0.0,0.0,0.0
353,0.5495977401733398,0.0,0.00025474277208559215,0.0,20.0,0.0031451918184757233,0.06290383636951447,20.0,0.00010884382936637849,0.0021768765873275697,10.0,0.007576616480946541,0.07576616480946541,25.0,3.5728538932744414e-05,0.0008932134733186103,2.641320660330165,0.0014776184689253569,0.0039028641900579713,0.0,0.29271507263183594,0.0,500.0,0.0005619442090392113,0.28097210451960564,200.0,0.0005338510381989181,0.10677020763978362,0.176088044022011,0.09207020699977875,0.016212462663292706,0.0,0.0,0.0
354,0.5492976307868958,0.0,0.00025461107725277543,0.0,20.0,0.0031361542642116547,0.0627230852842331,20.0,0.00010885230585699901,0.00217704611713998,10.0,0.007601325400173664,0.07601325400173664,25.0,3.620332427090034e-05,0.0009050831067725085,2.648824412206103,0.0014436023775488138,0.0038238492191700695,0.0,0.2927413880825043,0.0,500.0,0.0005612516542896628,0.2806258271448314,200.0,0.00053386454237625,0.10677290847525,0.17658829414707353,0.09205905348062515,0.016256551214937808,0.0,0.0,0.0
355,0.5491489768028259,0.0,0.00025437367730773985,0.0,20.0,0.0031280010007321835,0.06256002001464367,20.0,0.00010884135554078966,0.0021768271108157933,10.0,0.007626219652593136,0.07626219652593136,25.0,3.650474900496192e-05,0.0009126187251240481,2.656328164082041,0.0014466510619968176,0.0038427799595813416,0.0,0.292792946100235,0.0,500.0,0.0005606402410194278,0.2803201205097139,200.0,0.0005338671035133302,0.10677342070266604,0.17708854427213608,0.09205001592636108,0.016301003320626225,0.0,0.0,0.0
356,0.5491763949394226,0.0,0.00025385519256815314,0.0,20.0,0.0031213113106787205,0.06242622621357441,20.0,0.00010848667443497106,0.0021697334886994213,10.0,0.0076507567428052425,0.07650756742805243,25.0,3.6407262086868286e-05,0.0009101815521717072,2.663831915957979,0.0015093768015503883,0.004020726097176497,0.0,0.2928130030632019,0.0,500.0,0.0005600495496764779,0.28002477483823895,200.0,0.0005338478367775679,0.10676956735551357,0.1775887943971986,0.09205342829227448,0.016347657350553997,0.0,0.0,0.0
357,0.5489981174468994,0.0,0.0002534216328058392,0.0,20.0,0.0031136986799538136,0.06227397359907627,20.0,0.00010801114694913849,0.00216022293898277,10.0,0.00767454644665122,0.0767454644665122,25.0,3.645837205112912e-05,0.0009114593012782279,2.671335667833917,0.0015013664960861206,0.004010653871485685,0.0,0.29277920722961426,0.0,500.0,0.0005594657268375158,0.2797328634187579,200.0,0.0005338469636626542,0.10676939273253083,0.17808904452226113,0.09205590188503265,0.016394147609340482,0.0,0.0,0.0
358,0.5487130880355835,0.0,0.00025312253274023533,0.0,20.0,0.0031052804552018642,0.062105609104037285,20.0,0.00010755351831903681,0.0021510703663807362,10.0,0.007697745226323605,0.07697745226323605,25.0,3.669532452477142e-05,0.0009173831131192856,2.678839419709855,0.0014620027504861355,0.003916470599726491,0.0,0.29277512431144714,0.0,500.0,0.0005588656640611589,0.27943283203057945,200.0,0.0005338555783964694,0.10677111567929387,0.17858929464732365,0.09206146001815796,0.01644119120884562,0.0,0.0,0.0
359,0.5485798120498657,0.0,0.0002530075144022703,0.0,20.0,0.0030974361579865217,0.061948723159730434,20.0,0.00010734682291513309,0.0021469364583026618,10.0,0.007721078582108021,0.07721078582108021,25.0,3.6908499168930575e-05,0.0009227124792232644,2.686343171585793,0.0014764606021344662,0.0039662798566593715,0.0,0.29278838634490967,0.0,500.0,0.0005582589656114578,0.2791294828057289,200.0,0.0005338340997695923,0.10676681995391846,0.1790895447723862,0.09206609427928925,0.016488074913449502,0.0,0.0,0.0
360,0.5486485958099365,0.0,0.0002525093441363424,0.0,20.0,0.0030934165697544813,0.061868331395089626,20.0,0.00010688660404412076,0.002137732080882415,10.0,0.007744960952550173,0.07744960952550173,25.0,3.621670839493163e-05,0.0009054177098732907,2.693846923461731,0.001548786647617817,0.004172194145783864,0.0,0.2928099036216736,0.0,500.0,0.000557648076210171,0.2788240381050855,200.0,0.0005337802576832473,0.10675605153664947,0.17958979489744872,0.09207211434841156,0.016535212131605678,0.0,0.0,0.0
361,0.5483853220939636,0.0,0.00025231094332411885,0.0,20.0,0.0030874498188495636,0.06174899637699127,20.0,0.00010676110105123371,0.002135222021024674,10.0,0.007768154144287109,0.0776815414428711,25.0,3.605385063565336e-05,0.000901346265891334,2.701350675337669,0.001510126981884241,0.0040793825423586305,0.0,0.29283851385116577,0.0,500.0,0.0005570152425207198,0.2785076212603599,200.0,0.0005337498732842505,0.1067499746568501,0.18009004502251125,0.09207194298505783,0.016581240357489153,0.0,0.0,0.0
362,0.5481120347976685,0.0,0.00025226554134860635,0.0,20.0,0.0030799079686403275,0.06159815937280655,20.0,0.00010683389700716361,0.0021366779401432723,10.0,0.007790649309754372,0.07790649309754372,25.0,3.629073762567714e-05,0.0009072684406419285,2.708854427213607,0.0014776765601709485,0.004002810692008848,0.0,0.29290449619293213,0.0,500.0,0.0005563688464462757,0.27818442322313786,200.0,0.0005337335169315338,0.10674670338630676,0.1805902951475738,0.09208415448665619,0.016629504637160022,0.0,0.0,0.0
363,0.5478352308273315,0.0,0.0002518846304155886,0.0,20.0,0.0030739810317754745,0.06147962063550949,20.0,0.00010669029143173248,0.0021338058286346495,10.0,0.007812692783772945,0.07812692783772945,25.0,3.612730142776854e-05,0.0009031825356942136,2.7163581790895446,0.0014357541222125292,0.0039000224530335334,0.0,0.29291248321533203,0.0,500.0,0.0005557382246479392,0.2778691123239696,200.0,0.0005337322945706546,0.10674645891413093,0.18109054527263632,0.09208711236715317,0.0166761053911503,0.0,0.0,0.0
364,0.5478615164756775,0.0,0.0002514697553124279,0.0,20.0,0.0030678040347993374,0.06135608069598675,20.0,0.00010658394603524357,0.0021316789207048714,10.0,0.007834332063794136,0.07834332063794136,25.0,3.600065610953607e-05,0.0009000164027384017,2.723861930965483,0.001501282211393118,0.004089285463249388,0.0,0.29289573431015015,0.0,500.0,0.0005551416543312371,0.27757082716561854,200.0,0.0005337456823326647,0.10674913646653295,0.18159079539769885,0.09208159893751144,0.016721170792554606,0.0,0.0,0.0
365,0.5475015044212341,0.0,0.00025128413108177483,0.0,20.0,0.0030597352888435125,0.06119470577687025,20.0,0.00010673009091988206,0.002134601818397641,10.0,0.007855973206460476,0.07855973206460476,25.0,3.630292121670209e-05,0.0009075730304175522,2.7313656828414206,0.0014333748258650303,0.0039150708100165405,0.0,0.2928870618343353,0.0,500.0,0.0005545357125811279,0.27726785629056394,200.0,0.0005337708280421793,0.10675416560843587,0.18209104552276137,0.09208463132381439,0.016767786794331385,0.0,0.0,0.0
366,0.5474376082420349,0.0,0.00025097635807469487,0.0,20.0,0.003052000654861331,0.06104001309722662,20.0,0.00010668829781934619,0.002133765956386924,10.0,0.007877557538449764,0.07877557538449764,25.0,3.642200681497343e-05,0.0009105501703743357,2.7388694347173588,0.0014656480634585023,0.0040142186830591795,0.0,0.2928778827190399,0.0,500.0,0.0005539773846976459,0.27698869234882295,200.0,0.0005338078481145203,0.10676156962290406,0.18259129564782392,0.09208101034164429,0.016813190982841505,0.0,0.0,0.0
367,0.5473530292510986,0.0,0.00025045618531294167,0.0,20.0,0.003045519581064582,0.06091039162129164,20.0,0.0001063007366610691,0.002126014733221382,10.0,0.007899115793406963,0.07899115793406963,25.0,3.610960629885085e-05,0.0009027401574712712,2.7463731865932965,0.001484275795519352,0.004076375246323783,0.0,0.29286304116249084,0.0,500.0,0.0005534428637474775,0.27672143187373877,200.0,0.0005338368937373161,0.10676737874746323,0.18309154577288644,0.09207168221473694,0.016857546618606164,0.0,0.0,0.0
368,0.5472853183746338,0.0,0.00025008851662278175,0.0,20.0,0.003038381692022085,0.060767633840441704,20.0,0.00010607232979964465,0.002121446595992893,10.0,0.007921022363007069,0.07921022363007069,25.0,3.5965458664577454e-05,0.0008991364666144364,2.7538769384692348,0.0015078522264957428,0.004152439473166116,0.0,0.29284918308258057,0.0,500.0,0.000552923243958503,0.2764616219792515,200.0,0.0005338604096323252,0.10677208192646503,0.18359179589794897,0.09205592423677444,0.016900712453674947,0.0,0.0,0.0
369,0.5470517873764038,0.0,0.0002498726244084537,0.0,20.0,0.003030665684491396,0.06061331368982792,20.0,0.00010608199227135628,0.0021216398454271257,10.0,0.007943469099700451,0.07943469099700451,25.0,3.601612479542382e-05,0.0009004031198855955,2.7613806903451725,0.0014696901198476553,0.004058373917738398,0.0,0.29283690452575684,0.0,500.0,0.0005524063017219305,0.27620315086096525,200.0,0.0005338693154044449,0.10677386308088899,0.18409204602301152,0.09205358475446701,0.016946332761202533,0.0,0.0,0.0
370,0.5469796061515808,0.0,0.0002494515501894057,0.0,20.0,0.0030242111533880234,0.06048422306776047,20.0,0.00010588299483060837,0.0021176598966121674,10.0,0.007965919561684132,0.07965919561684132,25.0,3.571587512851693e-05,0.0008928968782129232,2.7688844422211107,0.0014810990542173386,0.00410099212861079,0.0,0.2928495705127716,0.0,500.0,0.0005519268452189863,0.27596342260949314,200.0,0.0005338536575436592,0.10677073150873184,0.18459229614807404,0.09204327315092087,0.016990479135912857,0.0,0.0,0.0
371,0.5470322370529175,0.0,0.000248933385591954,0.0,20.0,0.003018696792423725,0.0603739358484745,20.0,0.00010554154869168997,0.0021108309738337994,10.0,0.007987966760993004,0.07987966760993004,25.0,3.518864468787797e-05,0.0008797161171969492,2.7763881940970485,0.0015271345619112253,0.004239918368487894,0.0,0.29288560152053833,0.0,500.0,0.0005514828371815383,0.27574141859076917,200.0,0.0005338420160114765,0.1067684032022953,0.18509254627313657,0.09205327183008194,0.01703837447580306,0.0,0.0,0.0
372,0.5468647480010986,0.0,0.00024862299324013293,0.0,20.0,0.00301184318959713,0.060236863791942596,20.0,0.00010538102651480585,0.002107620530296117,10.0,0.008009846322238445,0.08009846322238445,25.0,3.498756268527359e-05,0.0008746890671318397,2.7838919459729863,0.001508823479525745,0.004200401532546658,0.0,0.29286903142929077,0.0,500.0,0.0005509867332875729,0.27549336664378643,200.0,0.0005338393384590745,0.1067678676918149,0.1855927963981991,0.09205912053585052,0.017085509614207375,0.0,0.0,0.0
373,0.546729564666748,0.0,0.0002484567230567336,0.0,20.0,0.0030038077384233475,0.06007615476846695,20.0,0.00010541705705691129,0.002108341141138226,10.0,0.008031932637095451,0.08031932637095451,25.0,3.506486609694548e-05,0.000876621652423637,2.7913956978489245,0.0015064668841660023,0.004205145179412853,0.0,0.29294365644454956,0.0,500.0,0.0005504885921254754,0.2752442960627377,200.0,0.000533841666765511,0.10676833335310221,0.18609304652326164,0.09205774962902069,0.01713130708454012,0.0,0.0,0.0
374,0.5466567277908325,0.0,0.00024803788983263075,0.0,20.0,0.0029968691524118185,0.05993738304823637,20.0,0.00010511174332350492,0.0021022348664700985,10.0,0.008054086938500404,0.08054086938500404,25.0,3.474616096355021e-05,0.0008686540240887552,2.7988994497248623,0.0015168485697358847,0.004245506627149712,0.0,0.29295918345451355,0.0,500.0,0.000550031429156661,0.2750157145783305,200.0,0.0005338496412150562,0.10676992824301124,0.18659329664832416,0.09205274283885956,0.01717642475182322,0.0,0.0,0.0
375,0.5465905070304871,0.0,0.0002473706554155797,0.0,20.0,0.0029908129945397377,0.059816259890794754,20.0,0.00010451249545440078,0.0020902499090880156,10.0,0.008076227270066738,0.08076227270066738,25.0,3.413780723349191e-05,0.0008534451808372978,2.8064032016008005,0.0015142515767365694,0.004249600472982569,0.0,0.292946994304657,0.0,500.0,0.0005496499361470342,0.2748249680735171,200.0,0.0005338636692613363,0.10677273385226727,0.1870935467733867,0.09204476326704025,0.0172209812215473,0.0,0.0,0.0
376,0.5464428067207336,0.0,0.00024685479002073407,0.0,20.0,0.0029845107346773148,0.059690214693546295,20.0,0.00010394511627964675,0.002078902325592935,10.0,0.008098515681922436,0.08098515681922436,25.0,3.3532956877024844e-05,0.0008383239219256211,2.8139069534767382,0.0014802756486460567,0.004165357940787428,0.0,0.2929849624633789,0.0,500.0,0.000549288175534457,0.2746440877672285,200.0,0.0005338811897672713,0.10677623795345426,0.1875937968984492,0.0920315682888031,0.017264551329815487,0.0,0.0,0.0
377,0.5461651682853699,0.0,0.0002466235600877553,0.0,20.0,0.002977913711220026,0.05955827422440052,20.0,0.00010380154708400369,0.0020760309416800737,10.0,0.008121157996356487,0.08121157996356487,25.0,3.318358358228579e-05,0.0008295895895571448,2.8214107053526765,0.001418153289705515,0.004001192873406255,0.0,0.2930179536342621,0.0,500.0,0.0005488084862008691,0.27440424310043454,200.0,0.0005338753690011799,0.10677507380023599,0.18809404702351176,0.09202388674020767,0.017309145279798942,0.0,0.0,0.0
378,0.5457420945167542,0.0,0.00024649198167026043,0.0,20.0,0.0029717436991631985,0.05943487398326397,20.0,0.00010399549501016736,0.002079909900203347,10.0,0.00814378634095192,0.0814378634095192,25.0,3.302869663457386e-05,0.0008257174158643465,2.8289144572286142,0.0013093458255752921,0.003704027335481879,0.0,0.29302215576171875,0.0,500.0,0.0005482685519382358,0.2741342759691179,200.0,0.0005338528426364064,0.10677056852728128,0.18859429714857429,0.09202198684215546,0.01735482193071166,0.0,0.0,0.0
379,0.5455788373947144,0.0,0.0002461290278006345,0.0,20.0,0.0029668952338397503,0.059337904676795006,20.0,0.00010412539995741099,0.00208250799914822,10.0,0.008166220970451832,0.08166220970451832,25.0,3.276922143413685e-05,0.0008192305358534213,2.8364182091045524,0.0012849550694227219,0.0036446699567918126,0.0,0.2930288314819336,0.0,500.0,0.0005477361846715212,0.2738680923357606,200.0,0.0005338044720701873,0.10676089441403747,0.1890945472736368,0.0920349657535553,0.017403310182513208,0.0,0.0,0.0
380,0.545530378818512,0.0,0.0002456242509651929,0.0,20.0,0.0029628805350512266,0.05925761070102453,20.0,0.00010415838187327608,0.0020831676374655217,10.0,0.00818810798227787,0.0818810798227787,25.0,3.2510946766706184e-05,0.0008127736691676546,2.84392196098049,0.0012964779743924737,0.0036870821833022574,0.0,0.2930949330329895,0.0,500.0,0.0005472091725096107,0.2736045862548053,200.0,0.0005337552283890545,0.10675104567781091,0.18959479739869936,0.09205459803342819,0.017453072863766527,0.0,0.0,0.0
381,0.5453771352767944,0.0,0.00024531950475648046,0.0,20.0,0.0029571782797574997,0.059143565595149994,20.0,0.00010429188841953874,0.0020858377683907747,10.0,0.008208937011659145,0.08208937011659145,25.0,3.2754829589976e-05,0.0008188707397493999,2.8514257128564284,0.0013015753356739879,0.003711345379360546,0.0,0.2931431233882904,0.0,500.0,0.000546559109352529,0.2732795546762645,200.0,0.0005337358452379704,0.10674716904759407,0.19009504752376188,0.09206706285476685,0.017501492688750075,0.0,0.0,0.0
382,0.5452222228050232,0.0,0.0002451108302921057,0.0,20.0,0.0029500978998839855,0.05900195799767971,20.0,0.00010428513633087277,0.0020857027266174555,10.0,0.008228722028434277,0.08228722028434277,25.0,3.327905142214149e-05,0.0008319762855535373,2.858929464732366,0.0013259572442620993,0.003790818234596247,0.0,0.29314175248146057,0.0,500.0,0.0005458518862724304,0.2729259431362152,200.0,0.0005337502807378769,0.10675005614757538,0.1905952976488244,0.09207239747047424,0.017548566001125906,0.0,0.0,0.0
383,0.5450852513313293,0.0,0.00024469842901453376,0.0,20.0,0.00294425874017179,0.0588851748034358,20.0,0.00010394629498478025,0.002078925899695605,10.0,0.008248888887465,0.08248888887465,25.0,3.339433897053823e-05,0.0008348584742634557,2.866433216608304,0.0013333013048395514,0.0038218191479392843,0.0,0.2931336462497711,0.0,500.0,0.0005452585173770785,0.27262925868853927,200.0,0.0005337600014172494,0.10675200028344989,0.19109554777388693,0.09207089990377426,0.017594339051146456,0.0,0.0,0.0
384,0.544955313205719,0.0,0.00024431449128314853,0.0,20.0,0.0029382314532995224,0.05876462906599045,20.0,0.00010359632869949564,0.002071926573989913,10.0,0.008269542828202248,0.08269542828202248,25.0,3.3470347261754796e-05,0.0008367586815438699,2.873936968484242,0.001336066983640194,0.0038397722966547845,0.0,0.2931242287158966,0.0,500.0,0.0005447041476145387,0.27235207380726933,200.0,0.0005337726906873286,0.10675453813746572,0.19159579789894948,0.09206963330507278,0.017640154855349113,0.0,0.0,0.0
385,0.5447412729263306,0.0,0.00024395175569225103,0.0,20.0,0.0029319683089852333,0.058639366179704666,20.0,0.00010325950279366225,0.002065190055873245,10.0,0.008290465921163559,0.08290465921163559,25.0,3.351138366269879e-05,0.0008377845915674698,2.88144072036018,0.0013038250617682934,0.0037568946252052875,0.0,0.2931428849697113,0.0,500.0,0.000544188020285219,0.2720940101426095,200.0,0.0005337935872375965,0.1067587174475193,0.192096048024012,0.09206131100654602,0.01768461402026697,0.0,0.0,0.0
386,0.5445466637611389,0.0,0.00024340563686564565,0.0,20.0,0.0029264192562550306,0.05852838512510061,20.0,0.00010278243280481547,0.0020556486560963094,10.0,0.008311538025736809,0.08311538025736809,25.0,3.330631443532184e-05,0.0008326578608830459,2.888944472236118,0.0012601349735632539,0.0036404599661469693,0.0,0.293161004781723,0.0,500.0,0.0005437612417154014,0.2718806208577007,200.0,0.0005338154733181,0.10676309466362,0.19259629814907453,0.09205988794565201,0.017730393626351187,0.0,0.0,0.0
387,0.5444954633712769,0.0,0.00024299827055074275,0.0,20.0,0.002919970778748393,0.05839941557496786,20.0,0.00010249437764286995,0.002049887552857399,10.0,0.00833242479711771,0.0833242479711771,25.0,3.3335414627799764e-05,0.0008333853656949941,2.896448224112056,0.0012766984291374683,0.0036978908978018716,0.0,0.2931550443172455,0.0,500.0,0.0005432948819361627,0.27164744096808136,200.0,0.000533837650436908,0.1067675300873816,0.19309654827413708,0.09205574542284012,0.01777564668995312,0.0,0.0,0.0
388,0.5441970229148865,0.0,0.00024269739515148103,0.0,20.0,0.0029127809684723616,0.05825561936944723,20.0,0.00010244557051919401,0.00204891141038388,10.0,0.00835344847291708,0.0835344847291708,25.0,3.355282387929037e-05,0.0008388205969822593,2.903951975987994,0.0012122527696192265,0.003520323825732671,0.0,0.29312509298324585,0.0,500.0,0.0005428179865702987,0.27140899328514934,200.0,0.0005338412011042237,0.10676824022084475,0.1935967983991996,0.09205535054206848,0.017821621140460483,0.0,0.0,0.0
389,0.5442387461662292,0.0,0.0002422062389086932,0.0,20.0,0.0029061902314424515,0.05812380462884903,20.0,0.00010225178994005546,0.002045035798801109,10.0,0.008374099619686604,0.08374099619686604,25.0,3.363508221809752e-05,0.0008408770554524381,2.911455727863932,0.0012526435311883688,0.0036470161838500783,0.0,0.29312705993652344,0.0,500.0,0.0005424111732281744,0.2712055866140872,200.0,0.0005338434129953384,0.10676868259906769,0.19409704852426213,0.092050701379776,0.017866769452402745,0.0,0.0,0.0
390,0.5441052317619324,0.0,0.00024177829618565738,0.0,20.0,0.00289819180034101,0.0579638360068202,20.0,0.00010191054025199264,0.002038210805039853,10.0,0.008393747732043266,0.08393747732043266,25.0,3.39315774908755e-05,0.0008482894372718874,2.91895947973987,0.0012488786596804857,0.0036454262027191767,0.0,0.2931658923625946,0.0,500.0,0.0005419720546342432,0.2709860273171216,200.0,0.0005338765913620591,0.10677531827241182,0.19459729864932465,0.09203965961933136,0.017910669130525213,0.0,0.0,0.0
391,0.544191300868988,0.0,0.00024109953665174544,0.0,20.0,0.002891129581257701,0.05782259162515402,20.0,0.00010119614307768643,0.0020239228615537286,10.0,0.00841294415295124,0.0841294415295124,25.0,3.3903612347785383e-05,0.0008475903086946346,2.926463231615808,0.0013077401090413332,0.003827053345618709,0.0,0.29317566752433777,0.0,500.0,0.0005416098283603787,0.27080491418018937,200.0,0.0005339098861441016,0.10678197722882032,0.1950975487743872,0.09202486276626587,0.017953825151997845,0.0,0.0,0.0
392,0.5438894033432007,0.0,0.00024070146901067346,0.0,20.0,0.0028821686282753944,0.05764337256550789,20.0,0.00010076371108880267,0.0020152742217760533,10.0,0.008431932888925076,0.08431932888925076,25.0,3.4371696528978646e-05,0.0008592924132244661,2.9339669834917457,0.001251668087206781,0.0036723528421549623,0.0,0.2932512164115906,0.0,500.0,0.0005411799065768719,0.27058995328843594,200.0,0.0005339498748071492,0.10678997496142983,0.19559779889944973,0.09202495962381363,0.01799987954622868,0.0,0.0,0.0
393,0.5438677072525024,0.0,0.00024025377933867276,0.0,20.0,0.002874811179935932,0.05749622359871864,20.0,0.00010036240564659238,0.0020072481129318476,10.0,0.008451221510767937,0.08451221510767937,25.0,3.451911834417842e-05,0.0008629779586044606,2.941470735367684,0.0012763675767928362,0.003754397874708293,0.0,0.293287456035614,0.0,500.0,0.0005408003926277161,0.27040019631385803,200.0,0.0005339516210369766,0.10679032420739532,0.19609804902451225,0.09201589971780777,0.018044138413897272,0.0,0.0,0.0
394,0.5437467098236084,0.0,0.00023972494818735868,0.0,20.0,0.002868967829272151,0.05737935658544302,20.0,9.985208453144878e-05,0.0019970416906289756,10.0,0.00847051665186882,0.0847051665186882,25.0,3.430400465731509e-05,0.0008576001164328773,2.9489744872436217,0.0012582167983055115,0.003710449237624307,0.0,0.2933407723903656,0.0,500.0,0.0005404534749686718,0.2702267374843359,200.0,0.0005339204799383879,0.10678409598767757,0.1965982991495748,0.09199603646993637,0.018086264298491743,0.0,0.0,0.0
395,0.5437851548194885,0.0,0.00023921237152535468,0.0,20.0,0.002864270471036434,0.057285409420728683,20.0,9.939618030330166e-05,0.0019879236060660332,10.0,0.00848984345793724,0.0848984345793724,25.0,3.388036202522926e-05,0.0008470090506307315,2.95647823911956,0.001281864009797573,0.003789803050477067,0.0,0.29338404536247253,0.0,500.0,0.0005401370581239462,0.2700685290619731,200.0,0.0005338678602129221,0.10677357204258442,0.19709854927463732,0.09200703352689743,0.0181344528312144,0.0,0.0,0.0
396,0.5435377955436707,0.0,0.00023914767371024936,0.0,20.0,0.0028579970821738243,0.057159941643476486,20.0,9.943151235347614e-05,0.0019886302470695227,10.0,0.008508913218975067,0.08508913218975067,25.0,3.400304194656201e-05,0.0008500760486640502,2.9639819909954976,0.0012451930670067668,0.0036907298259205067,0.0,0.29342833161354065,0.0,500.0,0.0005396339111030102,0.2698169555515051,200.0,0.0005338005721569061,0.10676011443138123,0.19759879939969985,0.092015840113163,0.01818221953211575,0.0,0.0,0.0
397,0.5434381365776062,0.0,0.00023882690584287047,0.0,20.0,0.0028531465213745832,0.057062930427491665,20.0,9.913465328281745e-05,0.001982693065656349,10.0,0.008527809754014015,0.08527809754014015,25.0,3.3667278330540285e-05,0.0008416819582635071,2.971485742871436,0.001237675198353827,0.003677734206213973,0.0,0.29346615076065063,0.0,500.0,0.0005392353050410748,0.2696176525205374,200.0,0.0005337365437299013,0.10674730874598026,0.19809904952476237,0.09202485531568527,0.018230036370691028,0.0,0.0,0.0
398,0.5434283018112183,0.0,0.000238334498135373,0.0,20.0,0.0028490766417235136,0.05698153283447027,20.0,9.854410018306226e-05,0.001970882003661245,10.0,0.008545853197574615,0.08545853197574615,25.0,3.308695158921182e-05,0.0008271737897302955,2.9789894947473736,0.0012547769583761692,0.0037379673772536706,0.0,0.2935299873352051,0.0,500.0,0.0005388738354668021,0.26943691773340106,200.0,0.0005336924223229289,0.10673848446458578,0.19859929964982492,0.0920281708240509,0.01827673027371096,0.0,0.0,0.0
399,0.543217658996582,0.0,0.00023810085258446634,0.0,20.0,0.002843474503606558,0.05686949007213116,20.0,9.811973723117262e-05,0.0019623947446234524,10.0,0.008562900125980377,0.08562900125980377,25.0,3.29312497342471e-05,0.0008232812433561776,2.986493246623312,0.0012348504969850183,0.0036878726698351973,0.0,0.29354149103164673,0.0,500.0,0.0005383767420426011,0.26918837102130055,200.0,0.0005336770555004478,0.10673541110008955,0.19909954977488745,0.09202361851930618,0.018321861015849854,0.0,0.0,0.0
400,0.542893648147583,0.0,0.00023785929079167545,0.0,20.0,0.00283770146779716,0.0567540293559432,20.0,9.772967314347625e-05,0.001954593462869525,10.0,0.00857947114855051,0.0857947114855051,25.0,3.289255982963368e-05,0.0008223139957408421,2.9939969984992496,0.0011771548306569457,0.003524398029755788,0.0,0.29358503222465515,0.0,500.0,0.0005378849455155432,0.2689424727577716,200.0,0.0005336772883310914,0.10673545766621828,0.19959979989994997,0.09201259166002274,0.018365694883616345,0.0,0.0,0.0
401,0.5427886843681335,0.0,0.00023753322602715343,0.0,20.0,0.002832044381648302,0.05664088763296604,20.0,9.758099622558802e-05,0.0019516199245117605,10.0,0.008596927858889103,0.08596927858889103,25.0,3.2952175388345495e-05,0.0008238043847086374,3.0015007503751874,0.0011817028280347586,0.0035468819250668087,0.0,0.2936079204082489,0.0,500.0,0.0005374354659579694,0.2687177329789847,200.0,0.0005336523172445595,0.1067304634489119,0.2001000500250125,0.09199405461549759,0.0184080149305648,0.0,0.0,0.0
402,0.5428647994995117,0.0,0.0002370622387388721,0.0,20.0,0.002826489508152008,0.05652979016304016,20.0,9.74832073552534e-05,0.001949664147105068,10.0,0.008615126833319664,0.08615126833319664,25.0,3.3007690944941714e-05,0.0008251922736235429,3.0090045022511256,0.0012332303449511528,0.0037107956602707277,0.0,0.2936660945415497,0.0,500.0,0.0005370519938878715,0.26852599694393575,200.0,0.0005336154717952013,0.10672309435904026,0.20060030015007504,0.09196887910366058,0.01844898475266028,0.0,0.0,0.0
403,0.5429250001907349,0.0,0.00023680258891545236,0.0,20.0,0.002819555578753352,0.05639111157506704,20.0,9.734852937981486e-05,0.0019469705875962973,10.0,0.008633199147880077,0.08633199147880077,25.0,3.324377030367032e-05,0.0008310942575917579,3.0165082541270634,0.0012886044569313526,0.003887085980638347,0.0,0.2936674952507019,0.0,500.0,0.0005366411060094833,0.26832055300474167,200.0,0.0005336164031177759,0.10672328062355518,0.20110055027513757,0.09195871651172638,0.018492948493103553,0.0,0.0,0.0
404,0.5426480174064636,0.0,0.0002362965897191316,0.0,20.0,0.0028141948860138655,0.05628389772027731,20.0,9.676390618551522e-05,0.0019352781237103045,10.0,0.00865148939192295,0.08651489391922951,25.0,3.287652725703083e-05,0.0008219131814257707,3.0240120060030016,0.0012159766629338264,0.0036771280277313563,0.0,0.2936563491821289,0.0,500.0,0.0005363105447031558,0.2681552723515779,200.0,0.000533612328581512,0.1067224657163024,0.2016008004002001,0.0919499546289444,0.018537184449957275,0.0,0.0,0.0
405,0.5425612330436707,0.0,0.00023597960534971207,0.0,20.0,0.002808645134791732,0.05617290269583464,20.0,9.63796628639102e-05,0.001927593257278204,10.0,0.00866987369954586,0.0866987369954586,25.0,3.261169695178978e-05,0.0008152924237947445,3.0315157578789393,0.0012104178313165903,0.0036694007292538953,0.0,0.2936679422855377,0.0,500.0,0.0005359478527680039,0.26797392638400197,200.0,0.0005336146568879485,0.1067229313775897,0.20210105052526264,0.09193626791238785,0.01858041632646558,0.0,0.0,0.0
406,0.5423025488853455,0.0,0.0002357985358685255,0.0,20.0,0.002803287236019969,0.05606574472039938,20.0,9.621207573218271e-05,0.0019242415146436542,10.0,0.008688081055879593,0.08688081055879593,25.0,3.2451287552248687e-05,0.0008112821888062172,3.0390195097548776,0.0011503403075039387,0.0034959066373618946,0.0,0.2936753034591675,0.0,500.0,0.0005355512257665396,0.2677756128832698,200.0,0.0005336142494343221,0.10672284988686442,0.20260130065032517,0.09193471819162369,0.01862609348054407,0.0,0.0,0.0
407,0.5422847270965576,0.0,0.00023545153089798987,0.0,20.0,0.00279898289591074,0.0559796579182148,20.0,9.596177551429719e-05,0.0019192355102859437,10.0,0.008706117048859596,0.08706117048859596,25.0,3.209931674064137e-05,0.0008024829185160343,3.0465232616308153,0.0011612055823206902,0.003537639818075539,0.0,0.2936806380748749,0.0,500.0,0.0005351818399503827,0.26759091997519135,200.0,0.0005336087197065353,0.10672174394130707,0.2031015507753877,0.09193374216556549,0.018671885602411,0.0,0.0,0.0
408,0.5424953103065491,0.0,0.00023494605557061732,0.0,20.0,0.0027952706441283226,0.05590541288256645,20.0,9.563680941937491e-05,0.0019127361883874983,10.0,0.008723780512809753,0.08723780512809753,25.0,3.1646173738408834e-05,0.0007911543434602208,3.0540270135067535,0.001235075993463397,0.003771955447770905,0.0,0.2936882972717285,0.0,500.0,0.0005348752602003515,0.26743763010017574,200.0,0.000533610989805311,0.10672219796106219,0.2036018009004502,0.09192679077386856,0.01871646015255853,0.0,0.0,0.0
409,0.5422795414924622,0.0,0.00023471389431506395,0.0,20.0,0.002789365826174617,0.055787316523492336,20.0,9.539494931232184e-05,0.0019078989862464368,10.0,0.008740730583667755,0.08740730583667755,25.0,3.158303297823295e-05,0.0007895758244558237,3.0615307653826913,0.0011983716394752264,0.0036688516426155006,0.0,0.2937299609184265,0.0,500.0,0.0005344623350538313,0.26723116752691567,200.0,0.0005336386384442449,0.10672772768884897,0.20410205102551277,0.09191311150789261,0.018759654574897543,0.0,0.0,0.0
410,0.5419147610664368,0.0,0.0002346790861338377,0.0,20.0,0.0027822349220514297,0.055644698441028595,20.0,9.53762064455077e-05,0.001907524128910154,10.0,0.0087572131305933,0.087572131305933,25.0,3.188769915141165e-05,0.0007971924787852913,3.0690345172586295,0.001121138222515583,0.0034408119035183103,0.0,0.2937485873699188,0.0,500.0,0.000534023332875222,0.267011666437611,200.0,0.0005336831090971828,0.10673662181943655,0.2046023011505753,0.09190575033426285,0.01880412800736043,0.0,0.0,0.0
411,0.5418863892555237,0.0,0.00023430392320733517,0.0,20.0,0.002777068642899394,0.05554137285798788,20.0,9.513537224847823e-05,0.0019027074449695647,10.0,0.008773887529969215,0.08773887529969215,25.0,3.176612517563626e-05,0.0007941531293909065,3.0765382691345673,0.0011372085427865386,0.003498665601869541,0.0,0.2937355935573578,0.0,500.0,0.0005336505128070712,0.2668252564035356,200.0,0.0005336912581697106,0.10673825163394213,0.2051025512756378,0.09189116209745407,0.01884711178587102,0.0,0.0,0.0
412,0.5421603322029114,0.0,0.0002336240140721202,0.0,20.0,0.0027732679154723883,0.055465358309447765,20.0,9.467350173508748e-05,0.0018934700347017497,10.0,0.008790567517280579,0.08790567517280579,25.0,3.135335282422602e-05,0.0007838338206056505,3.084042021010505,0.001226114807650447,0.0037813895893771907,0.0,0.29372304677963257,0.0,500.0,0.0005334076704457402,0.2667038352228701,200.0,0.0005336763570085168,0.10673527140170336,0.20560280140070036,0.09188314527273178,0.018891432069581174,0.0,0.0,0.0
413,0.5418837666511536,0.0,0.0002334129239898175,0.0,20.0,0.0027677898760885,0.05535579752177,20.0,9.462870366405696e-05,0.0018925740732811391,10.0,0.008807148784399033,0.08807148784399033,25.0,3.144614674965851e-05,0.0007861536687414628,3.0915457728864433,0.0011681534815579653,0.0036113999579931093,0.0,0.29370999336242676,0.0,500.0,0.0005329932901076972,0.2664966450538486,200.0,0.0005336611648090184,0.10673223296180367,0.2061030515257629,0.09188360720872879,0.01893749183091359,0.0,0.0,0.0
414,0.541703999042511,0.0,0.00023342753411270678,0.0,20.0,0.002761662472039461,0.05523324944078922,20.0,9.487699571764097e-05,0.0018975399143528193,10.0,0.008823777548968792,0.08823777548968792,25.0,3.179333725711331e-05,0.0007948334314278327,3.099049524762381,0.0011506162118166685,0.003565816624414338,0.0,0.2938394844532013,0.0,500.0,0.0005325268139131367,0.26626340695656836,200.0,0.0005336462636478245,0.1067292527295649,0.2066033016508254,0.09187711030244827,0.01898211433462288,0.0,0.0,0.0
415,0.5416283011436462,0.0,0.00023323530331254005,0.0,20.0,0.002756713889539242,0.055134277790784836,20.0,9.495617996435612e-05,0.0018991235992871225,10.0,0.00884038582444191,0.0884038582444191,25.0,3.189222115906887e-05,0.0007973055289767217,3.1065532766383193,0.0011486744042485952,0.003568418234309043,0.0,0.2938542068004608,0.0,500.0,0.000532153993844986,0.266076996922493,200.0,0.0005336213507689536,0.10672427015379071,0.20710355177588793,0.0918579250574112,0.019024102538153193,0.0,0.0,0.0
416,0.5417367219924927,0.0,0.00023278672597371042,0.0,20.0,0.002752817701548338,0.05505635403096676,20.0,9.468386269873008e-05,0.0018936772539746016,10.0,0.0088567603379488,0.08856760337948799,25.0,3.1657491490477696e-05,0.0007914372872619424,3.114057028514257,0.001189780537970364,0.003705044446656086,0.0,0.29386764764785767,0.0,500.0,0.0005318676121532917,0.26593380607664585,200.0,0.0005335960304364562,0.10671920608729124,0.20760380190095049,0.09185591340065002,0.01906963684905941,0.0,0.0,0.0
417,0.541668176651001,0.0,0.0002325225214008242,0.0,20.0,0.0027481899596750736,0.05496379919350147,20.0,9.434154344489798e-05,0.0018868308688979596,10.0,0.008872688747942448,0.08872688747942448,25.0,3.149693293380551e-05,0.0007874233233451378,3.1215607803901952,0.0011847412679344416,0.003698241876893905,0.0,0.2938767075538635,0.0,500.0,0.0005315400194376707,0.26577000971883535,200.0,0.0005335930036380887,0.10671860072761774,0.208104052026013,0.09185989201068878,0.019116415746096314,0.0,0.0,0.0
418,0.5414031744003296,0.0,0.00023248571960721165,0.0,20.0,0.0027427896857261658,0.054855793714523315,20.0,9.410745406057686e-05,0.0018821490812115371,10.0,0.008888312615454197,0.08888312615454197,25.0,3.152576391585171e-05,0.0007881440978962928,3.129064532266133,0.0011343668447807431,0.003549507060582065,0.0,0.29388299584388733,0.0,500.0,0.0005311311688274145,0.26556558441370726,200.0,0.0005335924797691405,0.1067184959538281,0.20860430215107553,0.09185054898262024,0.019160419672712675,0.0,0.0,0.0
419,0.5413520932197571,0.0,0.00023251617676578462,0.0,20.0,0.002736991038545966,0.05473982077091932,20.0,9.401490387972444e-05,0.0018802980775944889,10.0,0.008903920650482178,0.08903920650482178,25.0,3.176470272592269e-05,0.0007941175681480672,3.1365682841420712,0.0011489688185974956,0.003603819155881089,0.0,0.2939225137233734,0.0,500.0,0.0005307417595759034,0.2653708797879517,200.0,0.0005335960304364562,0.10671920608729124,0.20910455227613806,0.09184260666370392,0.01920470714628726,0.0,0.0,0.0
420,0.541254460811615,0.0,0.00023215380497276783,0.0,20.0,0.0027327719144523144,0.05465543828904629,20.0,9.358685201732442e-05,0.0018717370403464884,10.0,0.00891958549618721,0.0891958549618721,25.0,3.161105632898398e-05,0.0007902764082245994,3.144072036018009,0.0011355788446962833,0.003570341690303222,0.0,0.2939343750476837,0.0,500.0,0.0005304135847836733,0.26520679239183664,200.0,0.000533582060597837,0.1067164121195674,0.2096048024012006,0.09182806313037872,0.019247603027328006,0.0,0.0,0.0
421,0.5410366654396057,0.0,0.00023176861577667296,0.0,20.0,0.0027290319558233023,0.054580639116466045,20.0,9.331706678494811e-05,0.0018663413356989622,10.0,0.008935566991567612,0.08935566991567612,25.0,3.1496114388573915e-05,0.0007874028597143479,3.1515757878939468,0.0010777708375826478,0.0033966764766236524,0.0,0.2939751148223877,0.0,500.0,0.0005301001947373152,0.2650500973686576,200.0,0.0005335538298822939,0.10671076597645879,0.21010505252626313,0.09180669486522675,0.01928905044692108,0.0,0.0,0.0
422,0.5412012338638306,0.0,0.00023156452516559511,0.0,20.0,0.002724576508626342,0.054491530172526836,20.0,9.343469719169661e-05,0.0018686939438339323,10.0,0.008951674215495586,0.08951674215495586,25.0,3.171339267282747e-05,0.0007928348168206867,3.159079539769885,0.0011516709346324205,0.0036382200861449403,0.0,0.29399123787879944,0.0,500.0,0.0005297212046571076,0.2648606023285538,200.0,0.0005335185560397804,0.10670371120795608,0.21060530265132565,0.09177765995264053,0.019328861850956308,0.0,0.0,0.0
423,0.5410377383232117,0.0,0.00023147682077251375,0.0,20.0,0.002718762494623661,0.05437524989247322,20.0,9.347923332825303e-05,0.0018695846665650606,10.0,0.008967258036136627,0.08967258036136627,25.0,3.2113584893522784e-05,0.0008028396223380696,3.1665832916458228,0.0011325930245220661,0.003586450147686182,0.0,0.2940117120742798,0.0,500.0,0.0005293177673593163,0.2646588836796582,200.0,0.0005335164023563266,0.10670328047126532,0.2111055527763882,0.09174952656030655,0.019368834521485426,0.0,0.0,0.0
424,0.5409397482872009,0.0,0.00023141017300076783,0.0,20.0,0.002712487941607833,0.05424975883215666,20.0,9.335062350146472e-05,0.0018670124700292945,10.0,0.008982494473457336,0.08982494473457336,25.0,3.243732498958707e-05,0.0008109331247396767,3.174087043521761,0.0011302436469122767,0.0035874917156870417,0.0,0.29403063654899597,0.0,500.0,0.0005289569962769747,0.26447849813848734,200.0,0.0005335413152351975,0.10670826304703951,0.21160580290145073,0.09174051880836487,0.01941282614103969,0.0,0.0,0.0
425,0.5408233404159546,0.0,0.00023090487229637802,0.0,20.0,0.002708885818719864,0.05417771637439728,20.0,9.291193418903276e-05,0.0018582386837806553,10.0,0.008997955359518528,0.08997955359518528,25.0,3.2098698284244165e-05,0.0008024674571061041,3.1815907953976987,0.0010973741300404072,0.003491395431244117,0.0,0.29401350021362305,0.0,500.0,0.0005286968080326915,0.26434840401634574,200.0,0.0005335412570275366,0.10670825140550733,0.21210605302651325,0.09173361212015152,0.019457254396670457,0.0,0.0,0.0
426,0.5406967401504517,0.0,0.00023053502081893384,0.0,20.0,0.0027042031288146973,0.054084062576293945,20.0,9.256011981051415e-05,0.001851202396210283,10.0,0.009013618342578411,0.09013618342578411,25.0,3.1925923394737765e-05,0.0007981480848684441,3.189094547273637,0.0010593689512461424,0.003378427745970064,0.0,0.29402807354927063,0.0,500.0,0.0005284711951389909,0.26423559756949544,200.0,0.0005335579626262188,0.10671159252524376,0.21260630315157578,0.09172622114419937,0.01950157277953213,0.0,0.0,0.0
427,0.5407710671424866,0.0,0.0002303608926013112,0.0,20.0,0.0026986277662217617,0.053972555324435234,20.0,9.265317930839956e-05,0.0018530635861679912,10.0,0.00902965385466814,0.0902965385466814,25.0,3.216089680790901e-05,0.0008040224201977253,3.1965982991495747,0.0011017404031008482,0.003521821498656538,0.0,0.29407843947410583,0.0,500.0,0.000528134114574641,0.2640670572873205,200.0,0.0005335573223419487,0.10671146446838975,0.21310655327663833,0.0917126014828682,0.01954455639404795,0.0,0.0,0.0
428,0.5407653450965881,0.0,0.00023028699797578156,0.0,20.0,0.0026920221280306578,0.053840442560613155,20.0,9.279153164243326e-05,0.0018558306328486651,10.0,0.00904503371566534,0.0904503371566534,25.0,3.268787986598909e-05,0.0008171969966497272,3.204102051025513,0.0011317292228341103,0.0036261759240882826,0.0,0.2940504848957062,0.0,500.0,0.0005277478485368192,0.2638739242684096,200.0,0.0005335729802027345,0.1067145960405469,0.21360680340170085,0.09169550240039825,0.019586783154062058,0.0,0.0,0.0
429,0.5406339764595032,0.0,0.00023012803285382688,0.0,20.0,0.002685433952137828,0.05370867904275656,20.0,9.271527960663661e-05,0.0018543055921327323,10.0,0.00905987061560154,0.0905987061560154,25.0,3.317252776469104e-05,0.000829313194117276,3.2116058029014507,0.001114870305173099,0.003580523941576436,0.0,0.29408204555511475,0.0,500.0,0.0005274236900731921,0.26371184503659606,200.0,0.0005335947498679161,0.10671894997358322,0.21410705352676337,0.09169105440378189,0.019631701493155903,0.0,0.0,0.0
430,0.5406418442726135,0.0,0.00022956987959332764,0.0,20.0,0.0026816073805093765,0.05363214761018753,20.0,9.227347618434578e-05,0.0018454695236869156,10.0,0.009075246751308441,0.09075246751308441,25.0,3.288362131570466e-05,0.0008220905328926165,3.219109554777389,0.0011194349499419332,0.003603583743309825,0.0,0.2941006124019623,0.0,500.0,0.0005271915579214692,0.2635957789607346,200.0,0.0005335691967047751,0.10671383934095502,0.21460730365182593,0.09168587625026703,0.01967645868502479,0.0,0.0,0.0
431,0.5405877828598022,0.0,0.00022915296722203493,0.0,20.0,0.0026766983792185783,0.05353396758437157,20.0,9.171028796117753e-05,0.0018342057592235506,10.0,0.00908996257930994,0.0908996257930994,25.0,3.270515662734397e-05,0.0008176289156835992,3.2266133066533267,0.0011090799234807491,0.0035785720392450386,0.0,0.294120192527771,0.0,500.0,0.0005269746761769056,0.2634873380884528,200.0,0.0005335792666301131,0.10671585332602262,0.21510755377688845,0.09167779237031937,0.019720585652444885,0.0,0.0,0.0
432,0.5404350161552429,0.0,0.00022903623175807297,0.0,20.0,0.0026709246449172497,0.053418492898344994,20.0,9.141159534920007e-05,0.0018282319069840014,10.0,0.009104535914957523,0.09104535914957523,25.0,3.279011434642598e-05,0.0008197528586606495,3.2341170585292645,0.0010886293603107333,0.0035207547845967435,0.0,0.2941375970840454,0.0,500.0,0.0005266342777758837,0.26331713888794184,200.0,0.0005335920723155141,0.10671841446310282,0.21560780390195097,0.09167966991662979,0.01976685229318031,0.0,0.0,0.0
433,0.5403656363487244,0.0,0.00022905041987542063,0.0,20.0,0.00266545033082366,0.0533090066164732,20.0,9.167854295810685e-05,0.001833570859162137,10.0,0.009119825437664986,0.09119825437664986,25.0,3.309023304609582e-05,0.0008272558261523955,3.2416208104052027,0.001090013887733221,0.00353341170210669,0.0,0.29415619373321533,0.0,500.0,0.0005262822960503399,0.26314114802516997,200.0,0.0005335613386705518,0.10671226773411036,0.2161080540270135,0.09167057275772095,0.01981074909021283,0.0,0.0,0.0
434,0.5408744215965271,0.0,0.00022871181135997176,0.0,20.0,0.0026621937286108732,0.053243874572217464,20.0,9.174973820336163e-05,0.0018349947640672326,10.0,0.009135514497756958,0.09135514497756958,25.0,3.284898411948234e-05,0.0008212246029870585,3.2491245622811404,0.0012483492027968168,0.004056042057111218,0.0,0.29419559240341187,0.0,500.0,0.000526019895914942,0.263009947957471,200.0,0.0005335009191185236,0.10670018382370472,0.21660830415207605,0.09165417402982712,0.019853055205060102,0.0,0.0,0.0
435,0.5403227210044861,0.0,0.00022846204228699207,0.0,20.0,0.002658145036548376,0.05316290073096752,20.0,9.132287232205272e-05,0.0018264574464410543,10.0,0.009149343706667423,0.09149343706667423,25.0,3.254627517890185e-05,0.0008136568794725463,3.2566283141570787,0.0010991329327225685,0.0035794674297268242,0.0,0.29425695538520813,0.0,500.0,0.0005257075536064804,0.2628537768032402,200.0,0.0005334966699592769,0.10669933399185538,0.21710855427713857,0.09163011610507965,0.019893682035820193,0.0,0.0,0.0
436,0.5402064323425293,0.0,0.0002282726636622101,0.0,20.0,0.0026536593213677406,0.05307318642735481,20.0,9.111456165555865e-05,0.001822291233111173,10.0,0.009162991307675838,0.09162991307675838,25.0,3.246897176722996e-05,0.000811724294180749,3.2641320660330164,0.0010874244617298245,0.003549497054921013,0.0,0.29426684975624084,0.0,500.0,0.0005253663985058665,0.26268319925293326,200.0,0.0005334917223080993,0.10669834446161985,0.2176088044022011,0.09162412583827972,0.01993821647806487,0.0,0.0,0.0
437,0.5404386520385742,0.0,0.00022816768614575267,0.0,20.0,0.0026487717404961586,0.05297543480992317,20.0,9.127312659984455e-05,0.001825462531996891,10.0,0.009177671745419502,0.09177671745419502,25.0,3.250673398724757e-05,0.0008126683496811893,3.2716358179089546,0.0011766469106078148,0.0038495601777764426,0.0,0.29430869221687317,0.0,500.0,0.0005250532412901521,0.26252662064507604,200.0,0.0005334704183042049,0.10669408366084099,0.21810905452726362,0.09159673750400543,0.019978077814780573,0.0,0.0,0.0
438,0.5405492782592773,0.0,0.00022780109429731965,0.0,20.0,0.002644981723278761,0.05289963446557522,20.0,9.12495597731322e-05,0.001824991195462644,10.0,0.009192760102450848,0.09192760102450848,25.0,3.2154137443285435e-05,0.0008038534360821359,3.2791395697848924,0.0012028261553496122,0.003944234841579144,0.0,0.29432037472724915,0.0,500.0,0.000524876406416297,0.2624382032081485,200.0,0.0005334509187377989,0.10669018374755979,0.21860930465232617,0.09158153831958771,0.020020576411035433,0.0,0.0,0.0
439,0.54048752784729,0.0,0.00022761026048101485,0.0,20.0,0.002640120219439268,0.05280240438878536,20.0,9.096645226236433e-05,0.0018193290452472866,10.0,0.009206251241266727,0.09206251241266727,25.0,3.1956431485014036e-05,0.0007989107871253509,3.2866433216608306,0.0012006405740976334,0.003946077324573013,0.0,0.29432958364486694,0.0,500.0,0.0005245996871963143,0.26229984359815717,200.0,0.0005334753077477217,0.10669506154954433,0.2191095547773887,0.0915679931640625,0.020063422214036706,0.0,0.0,0.0
440,0.5401673316955566,0.0,0.0002276150626130402,0.0,20.0,0.0026343194767832756,0.05268638953566551,20.0,9.081666212296113e-05,0.0018163332424592227,10.0,0.009219237603247166,0.09219237603247166,25.0,3.205458415322937e-05,0.0008013646038307343,3.2941470735367684,0.0011308343382552266,0.003725134626018343,0.0,0.29434099793434143,0.0,500.0,0.0005242741899564862,0.2621370949782431,200.0,0.0005335203604772687,0.10670407209545374,0.21960980490245122,0.09154675155878067,0.020104564249276993,0.0,0.0,0.0
441,0.5404015183448792,0.0,0.0002272283600177616,0.0,20.0,0.0026317238807678223,0.052634477615356445,20.0,9.081214375328273e-05,0.0018162428750656545,10.0,0.009233628399670124,0.09233628399670124,25.0,3.1650986784370616e-05,0.0007912746696092654,3.301650825412706,0.001197531702928245,0.003953831535430924,0.0,0.29437464475631714,0.0,500.0,0.0005240592872723937,0.26202964363619685,200.0,0.0005334726301953197,0.10669452603906393,0.22011005502751377,0.09152355790138245,0.020145255365987134,0.0,0.0,0.0
442,0.5403647422790527,0.0,0.00022705341689288616,0.0,20.0,0.002627686597406864,0.05255373194813728,20.0,9.087505168281496e-05,0.0018175010336562991,10.0,0.00924738496541977,0.09247384965419769,25.0,3.15840843541082e-05,0.000789602108852705,3.3091545772886444,0.0011968060862272978,0.00396041633836597,0.0,0.2943837344646454,0.0,500.0,0.0005237871082499623,0.26189355412498116,200.0,0.0005334452725946903,0.10668905451893806,0.2206103051525763,0.09150554239749908,0.02018706563146428,0.0,0.0,0.0
443,0.5400209426879883,0.0,0.00022708461619913578,0.0,20.0,0.0026222262531518936,0.05244452506303787,20.0,9.090327512240037e-05,0.0018180655024480075,10.0,0.009260348044335842,0.09260348044335842,25.0,3.179967461619526e-05,0.0007949918654048815,3.316658329164582,0.0011241140309721231,0.0037283021637544655,0.0,0.29439568519592285,0.0,500.0,0.0005234183627180755,0.26170918135903776,200.0,0.0005334503948688507,0.10669007897377014,0.22111055527763882,0.09150328487157822,0.020232342127682625,0.0,0.0,0.0
444,0.5399001836776733,0.0,0.00022695731604471803,0.0,20.0,0.00261695752851665,0.052339150570333004,20.0,9.046230115927756e-05,0.0018092460231855512,10.0,0.009272717870771885,0.09272717870771885,25.0,3.171421485603787e-05,0.0007928553714009468,3.3241620810405204,0.0011085638543590903,0.003685045929072614,0.0,0.294374942779541,0.0,500.0,0.0005231491522863507,0.26157457614317536,200.0,0.0005334839224815369,0.10669678449630737,0.22161080540270134,0.09149076044559479,0.020275341109253872,0.0,0.0,0.0
445,0.5405423045158386,0.0,0.0002261085028294474,0.0,20.0,0.002616030862554908,0.052320617251098156,20.0,9.055085683939978e-05,0.0018110171367879957,10.0,0.009286890737712383,0.09286890737712383,25.0,3.127422678517178e-05,0.0007818556696292944,3.331665832916458,0.0012539603048935533,0.004177776703647356,0.0,0.2944200038909912,0.0,500.0,0.0005231627728790045,0.26158138643950224,200.0,0.0005334271118044853,0.10668542236089706,0.2221110555277639,0.09146479517221451,0.020315342199331288,0.0,0.0,0.0
446,0.5404057502746582,0.0,0.00022592175810132176,0.0,20.0,0.002611593808978796,0.05223187617957592,20.0,9.079137089429423e-05,0.0018158274178858846,10.0,0.009299039840698242,0.09299039840698242,25.0,3.158528852509335e-05,0.0007896322131273337,3.3391695847923963,0.0012308423174545169,0.00410999123011951,0.0,0.2944384515285492,0.0,500.0,0.0005228491500020027,0.26142457500100136,200.0,0.0005334280431270599,0.10668560862541199,0.2226113056528264,0.09145019948482513,0.020357848309528356,0.0,0.0,0.0
447,0.5398464202880859,0.0,0.00022624994744546711,0.0,20.0,0.0026043448597192764,0.05208689719438553,20.0,9.078647417481989e-05,0.0018157294834963977,10.0,0.009308816865086555,0.09308816865086555,25.0,3.232605740777217e-05,0.0008081514351943042,3.346673336668334,0.0011687431251630187,0.003911401454397496,0.0,0.2943941056728363,0.0,500.0,0.0005220826133154333,0.26104130665771663,200.0,0.0005334796151146293,0.10669592302292585,0.22311155577788894,0.09142903983592987,0.020398875321072898,0.0,0.0,0.0
448,0.5397126078605652,0.0,0.00022648215235676616,0.0,20.0,0.002598536666482687,0.05197073332965374,20.0,9.0557019575499e-05,0.00181114039150998,10.0,0.009319735690951347,0.09319735690951347,25.0,3.2472704333486035e-05,0.0008118176083371509,3.3541770885442723,0.0011685668723657727,0.003919580229721113,0.0,0.2943912446498871,0.0,500.0,0.000521685229614377,0.2608426148071885,200.0,0.000533591490238905,0.10671829804778099,0.2236118059029515,0.09141302108764648,0.020441030728453217,0.0,0.0,0.0
449,0.5395734906196594,0.0,0.00022575820912607014,0.0,20.0,0.00259795761667192,0.051959152333438396,20.0,8.970026101451367e-05,0.0017940052202902734,10.0,0.00933269876986742,0.0933269876986742,25.0,3.1166153348749503e-05,0.0007791538337187376,3.36168084042021,0.0010953288292512298,0.003682145939253759,0.0,0.2943749725818634,0.0,500.0,0.0005216701538302004,0.2608350769151002,200.0,0.0005335701862350106,0.10671403724700212,0.224112056028014,0.09139610826969147,0.02048296973727953,0.0,0.0,0.0
450,0.5397495031356812,0.0,0.00022534755407832563,0.0,20.0,0.002596789039671421,0.05193578079342842,20.0,8.962950960267335e-05,0.001792590192053467,10.0,0.009347651153802872,0.09347651153802872,25.0,3.0223078283597715e-05,0.0007555769570899429,3.369184592296148,0.0010833742562681437,0.003650087851908928,0.0,0.29436036944389343,0.0,500.0,0.0005218144506216049,0.26090722531080246,200.0,0.0005335189052857459,0.10670378105714917,0.22461230615307654,0.0913928896188736,0.020527967703288765,0.0,0.0,0.0
451,0.5398556590080261,0.0,0.00022548160632140934,0.0,20.0,0.002591713797301054,0.05183427594602108,20.0,9.041500015882775e-05,0.001808300003176555,10.0,0.009363542310893536,0.09363542310893536,25.0,3.0364693884621374e-05,0.0007591173471155344,3.376688344172086,0.0011430445592850447,0.0038597052402071295,0.0,0.2943993806838989,0.0,500.0,0.0005213889526203275,0.26069447631016374,200.0,0.0005334553425200284,0.10669106850400567,0.22511255627813906,0.09139089286327362,0.02057323751299306,0.0,0.0,0.0
452,0.5398815274238586,0.0,0.0002259648172184825,0.0,20.0,0.0025833193212747574,0.05166638642549515,20.0,9.121336915995926e-05,0.0018242673831991851,10.0,0.009378444403409958,0.09378444403409958,25.0,3.11927760776598e-05,0.000779819401941495,3.384192096048024,0.0011926203733310103,0.004036056441012649,0.0,0.29439616203308105,0.0,500.0,0.0005209465743973851,0.26047328719869256,200.0,0.0005334967281669378,0.10669934563338757,0.2256128064032016,0.0913861095905304,0.0206178766509901,0.0,0.0,0.0
453,0.5398925542831421,0.0,0.00022588431602343917,0.0,20.0,0.0025776121765375137,0.051552243530750275,20.0,9.09319132915698e-05,0.001818638265831396,10.0,0.00939215812832117,0.09392158128321171,25.0,3.1084044167073444e-05,0.0007771011041768361,3.391695847923962,0.0011936142109334469,0.004048376363246008,0.0,0.2944073975086212,0.0,500.0,0.0005208171205595136,0.2604085602797568,200.0,0.0005335237947292626,0.10670475894585252,0.22611305652826413,0.09137601405382156,0.02066130983107921,0.0,0.0,0.0
454,0.540192186832428,0.0,0.0002245768264401704,0.0,20.0,0.0025778086856007576,0.05155617371201515,20.0,8.94818440428935e-05,0.00178963688085787,10.0,0.009405028074979782,0.09405028074979782,25.0,2.955246418423485e-05,0.0007388116046058713,3.3991995997999,0.001197718782350421,0.004071285205638374,0.0,0.2943808436393738,0.0,500.0,0.0005211721290834248,0.2605860645417124,200.0,0.0005334788584150374,0.10669577168300748,0.22661330665332666,0.09136348962783813,0.02070418249195131,0.0,0.0,0.0
455,0.5405619144439697,0.0,0.00022398473811335862,0.0,20.0,0.0025740356650203466,0.05148071330040693,20.0,8.893018093658611e-05,0.0017786036187317222,10.0,0.009416977874934673,0.09416977874934673,25.0,2.9388387702056207e-05,0.0007347096925514052,3.406703351675838,0.0012557299342006445,0.004277899375641015,0.0,0.294403612613678,0.0,500.0,0.0005213412223383784,0.2606706111691892,200.0,0.0005335218738764524,0.10670437477529049,0.2271135567783892,0.09134279936552048,0.02074518804999815,0.0,0.0,0.0
456,0.5396621227264404,0.0,0.00022435712162405252,0.0,20.0,0.00256542069837451,0.051308413967490196,20.0,8.924054418457672e-05,0.0017848108836915344,10.0,0.009427710436284542,0.09427710436284542,25.0,3.0672483262605965e-05,0.0007668120815651491,3.414207103551776,0.001149395713582635,0.003924275010105794,0.0,0.2944124937057495,0.0,500.0,0.000520218804012984,0.260109402006492,200.0,0.0005335246678441763,0.10670493356883526,0.22761380690345173,0.09132295101881027,0.020786364539048863,0.0,0.0,0.0
457,0.5398524403572083,0.0,0.0002250420511700213,0.0,20.0,0.002555759623646736,0.05111519247293472,20.0,8.974142110673711e-05,0.0017948284221347421,10.0,0.009438215754926205,0.09438215754926205,25.0,3.222360828658566e-05,0.0008055902071646415,3.421710855427714,0.001264857011847198,0.004327974968001418,0.0,0.294389009475708,0.0,500.0,0.000519735855050385,0.2598679275251925,200.0,0.000533661397639662,0.1067322795279324,0.22811405702851426,0.0912986546754837,0.02082650651926992,0.0,0.0,0.0
458,0.5395180583000183,0.0,0.0002241172333015129,0.0,20.0,0.002555017825216055,0.0511003565043211,20.0,8.93072210601531e-05,0.001786144421203062,10.0,0.009451818652451038,0.09451818652451038,25.0,3.1429630325874314e-05,0.0007857407581468578,3.429214607303652,0.001165309688076377,0.003996097004383974,0.0,0.29442840814590454,0.0,500.0,0.000519510533194989,0.2597552665974945,200.0,0.0005335485329851508,0.10670970659703016,0.22861430715357678,0.09127422422170639,0.02086659353142562,0.0,0.0,0.0
459,0.5401943325996399,0.0,0.0002232830156572163,0.0,20.0,0.0025559738278388977,0.051119476556777954,20.0,8.87928472366184e-05,0.001775856944732368,10.0,0.009466022253036499,0.09466022253036499,25.0,3.0147150027914904e-05,0.0007536787506978726,3.43671835917959,0.001239814911969006,0.00426089466994851,0.0,0.29444411396980286,0.0,500.0,0.000520034518558532,0.260017259279266,200.0,0.0005335015594027936,0.10670031188055873,0.22911455727863933,0.09124962240457535,0.02090661683906729,0.0,0.0,0.0
460,0.5402489304542542,0.0,0.0002231797989225015,0.0,20.0,0.0025537842884659767,0.051075685769319534,20.0,8.843477553455159e-05,0.0017686955106910318,10.0,0.00947809498757124,0.0947809498757124,25.0,2.957369179057423e-05,0.0007393422947643558,3.444222111055528,0.0012526882346719503,0.004314536516116247,0.0,0.29445546865463257,0.0,500.0,0.0005198431899771094,0.2599215949885547,200.0,0.0005334890447556973,0.10669780895113945,0.22961480740370185,0.09124112129211426,0.020950312492786616,0.0,0.0,0.0
461,0.5391570925712585,0.0,0.0002239710302092135,0.0,20.0,0.0025469360407441854,0.05093872081488371,20.0,8.869370503816754e-05,0.0017738741007633507,10.0,0.009489219635725021,0.09489219635725021,25.0,3.0180372050381266e-05,0.0007545093012595316,3.4517258629314655,0.0010919951600953937,0.0037692679362972565,0.0,0.2944781482219696,0.0,500.0,0.0005186592461541295,0.25932962307706475,200.0,0.0005335403839126229,0.10670807678252459,0.23011505752876438,0.09121861308813095,0.020990776398469354,0.0,0.0,0.0
462,0.5395630598068237,0.0,0.00022471978445537388,0.0,20.0,0.0025409534573554993,0.050819069147109985,20.0,8.91927775228396e-05,0.0017838555504567921,10.0,0.009502074681222439,0.09502074681222439,25.0,3.062599353143014e-05,0.0007656498382857535,3.4592296148074038,0.0012253203894942999,0.004238664578966025,0.0,0.2944692075252533,0.0,500.0,0.0005183477187529206,0.2591738593764603,200.0,0.0005336654139682651,0.10673308279365301,0.2306153076538269,0.09118271619081497,0.021028130147056377,0.0,0.0,0.0
463,0.5397703051567078,0.0,0.00022385685588233173,0.0,20.0,0.002542668953537941,0.05085337907075882,20.0,8.885667193681002e-05,0.0017771334387362003,10.0,0.009517085738480091,0.09517085738480091,25.0,2.9246002668514848e-05,0.0007311500667128712,3.4667333666833415,0.0012526721693575382,0.004342680407027384,0.0,0.2945414185523987,0.0,500.0,0.0005182789172977209,0.25913945864886045,200.0,0.0005334180896170437,0.10668361792340875,0.23111555777888945,0.09117529541254044,0.021072029254924303,0.0,0.0,0.0
464,0.5400887131690979,0.0,0.00022314974921755493,0.0,20.0,0.0025424358900636435,0.05084871780127287,20.0,8.840893860906363e-05,0.0017681787721812725,10.0,0.009530633687973022,0.09530633687973022,25.0,2.830298399203457e-05,0.0007075745998008642,3.4742371185592797,0.0012422623112797737,0.004315913832835432,0.0,0.29453858733177185,0.0,500.0,0.0005187067436054349,0.25935337180271745,200.0,0.0005333544104360044,0.10667088208720088,0.23161580790395198,0.09117583185434341,0.02111776395625863,0.0,0.0,0.0
465,0.5398365259170532,0.0,0.00022309702762868255,0.0,20.0,0.00253716460429132,0.0507432920858264,20.0,8.803374657873064e-05,0.0017606749315746129,10.0,0.009542209096252918,0.09542209096252918,25.0,2.8402939278748818e-05,0.0007100734819687204,3.4817408704352175,0.0012098158476874232,0.004212265282593529,0.0,0.2945515513420105,0.0,500.0,0.0005183035973459482,0.2591517986729741,200.0,0.0005333750741556287,0.10667501483112574,0.2321160580290145,0.09116697311401367,0.021161318421662002,0.0,0.0,0.0
466,0.5390735864639282,0.0,0.00022336814436130226,0.0,20.0,0.002528204582631588,0.05056409165263176,20.0,8.776909089647233e-05,0.0017553818179294467,10.0,0.009552509523928165,0.09552509523928165,25.0,2.9308510420378298e-05,0.0007327127605094574,3.4892446223111557,0.001082984497770667,0.003778797834892648,0.0,0.2945284843444824,0.0,500.0,0.0005176446866244078,0.2588223433122039,200.0,0.0005334603483788669,0.10669206967577338,0.23261630815407705,0.09115052968263626,0.021203099701063464,0.0,0.0,0.0
467,0.5391750931739807,0.0,0.00022320233983919024,0.0,20.0,0.002521227579563856,0.05042455159127712,20.0,8.77056154422462e-05,0.001754112308844924,10.0,0.009564193896949291,0.09564193896949291,25.0,2.9991668270668015e-05,0.0007497917067667004,3.4967483741870935,0.0011278708698228002,0.003943880630345859,0.0,0.2945139706134796,0.0,500.0,0.0005174328107386827,0.2587164053693414,200.0,0.0005335075547918677,0.10670151095837355,0.23311655827913957,0.09112577140331268,0.021242926200071892,0.0,0.0,0.0
468,0.5397803783416748,0.0,0.00022222488769330084,0.0,20.0,0.002519424771890044,0.050388495437800884,20.0,8.756764873396605e-05,0.001751352974679321,10.0,0.00957675650715828,0.0957675650715828,25.0,2.9736542273894884e-05,0.0007434135568473721,3.5042521260630317,0.0012297217035666108,0.004309254894189149,0.0,0.2944917678833008,0.0,500.0,0.000517682230565697,0.2588411152828485,200.0,0.0005334729794412851,0.10669459588825703,0.2336168084042021,0.09110894054174423,0.021284579906450503,0.0,0.0,0.0
469,0.5400130152702332,0.0,0.00022171709861140698,0.0,20.0,0.002515232190489769,0.05030464380979538,20.0,8.724282815819606e-05,0.0017448565631639212,10.0,0.00958735216408968,0.0958735216408968,25.0,2.988548658322543e-05,0.0007471371645806357,3.5117558779389695,0.0012603766517713666,0.004426135115275134,0.0,0.2944384515285492,0.0,500.0,0.0005177691346034408,0.2588845673017204,200.0,0.0005335099995136261,0.10670199990272522,0.23411705852926462,0.09110900014638901,0.021330171119814934,0.0,0.0,0.0
470,0.5390228629112244,0.0,0.0002219553862232715,0.0,20.0,0.002507310127839446,0.05014620255678892,20.0,8.672969124745578e-05,0.0017345938249491155,10.0,0.009594615548849106,0.09594615548849106,25.0,3.075009954045527e-05,0.0007687524885113817,3.5192596298149073,0.0010948388371616602,0.003853022120776528,0.0,0.29443857073783875,0.0,500.0,0.0005169665673747659,0.25848328368738294,200.0,0.0005335839814506471,0.10671679629012942,0.23461730865432717,0.09110164642333984,0.021374023097822104,0.0,0.0,0.0
471,0.5392060875892639,0.0,0.00022231857292354107,0.0,20.0,0.0025005610659718513,0.05001122131943703,20.0,8.62793531268835e-05,0.0017255870625376701,10.0,0.009603265672922134,0.09603265672922134,25.0,3.119554094155319e-05,0.0007798885235388298,3.5267633816908455,0.0011870127636939287,0.004186313148595396,0.0,0.29444611072540283,0.0,500.0,0.0005166116752661765,0.25830583763308823,200.0,0.0005337233887985349,0.10674467775970697,0.2351175587793897,0.09110300987958908,0.021419917280343606,0.0,0.0,0.0
472,0.5390680432319641,0.0,0.00022172939497977495,0.0,20.0,0.002500617876648903,0.05001235753297806,20.0,8.596589759690687e-05,0.0017193179519381374,10.0,0.009615575894713402,0.09615575894713402,25.0,3.0299030186142772e-05,0.0007574757546535693,3.5342671335667832,0.0011237353319302201,0.003971580850468737,0.0,0.29449620842933655,0.0,500.0,0.0005165382754057646,0.2582691377028823,200.0,0.000533576647285372,0.1067153294570744,0.23561780890445222,0.0911097526550293,0.021467080290404603,0.0,0.0,0.0
473,0.5395636558532715,0.0,0.0002212593099102378,0.0,20.0,0.0025015880819410086,0.05003176163882017,20.0,8.584941679146141e-05,0.0017169883358292282,10.0,0.009629208594560623,0.09629208594560623,25.0,2.91473297693301e-05,0.0007286832442332525,3.5417708854427215,0.0011719688773155212,0.004150845248321106,0.0,0.29453110694885254,0.0,500.0,0.0005168806528672576,0.2584403264336288,200.0,0.0005334590096026659,0.10669180192053318,0.23611805902951477,0.09110358357429504,0.02151120132419573,0.0,0.0,0.0
474,0.5396198034286499,0.0,0.00022164596884977072,0.0,20.0,0.002498050918802619,0.04996101837605238,20.0,8.637657447252423e-05,0.0017275314894504845,10.0,0.009641439653933048,0.09641439653933048,25.0,2.9227339837234467e-05,0.0007306834959308617,3.549274637318659,0.001235437928698957,0.004384908506312706,0.0,0.29457908868789673,0.0,500.0,0.0005163472960703075,0.25817364803515375,200.0,0.0005333733279258013,0.10667466558516026,0.2366183091545773,0.0910874679684639,0.02155296265586965,0.0,0.0,0.0
475,0.5396314859390259,0.0,0.00022228312445804477,0.0,20.0,0.0024925628677010536,0.04985125735402107,20.0,8.673653064761311e-05,0.0017347306129522622,10.0,0.009651755914092064,0.09651755914092064,25.0,2.9653094316017814e-05,0.0007413273579004453,3.5567783891945974,0.0012890707002952695,0.00458493880895416,0.0,0.29457351565361023,0.0,500.0,0.0005158557323738933,0.25792786618694663,200.0,0.0005333935841917992,0.10667871683835983,0.23711855927963982,0.09107279032468796,0.021595048831366728,0.0,0.0,0.0
476,0.5396531820297241,0.0,0.00022190361050888896,0.0,20.0,0.002491372637450695,0.0498274527490139,20.0,8.631790842628106e-05,0.0017263581685256213,10.0,0.009661675430834293,0.09661675430834293,25.0,2.898901584558189e-05,0.0007247253961395472,3.564282141070535,0.0012904586037620902,0.004599558555180037,0.0,0.29462218284606934,0.0,500.0,0.0005157080013304949,0.25785400066524744,200.0,0.0005333421868272126,0.10666843736544251,0.23761880940470234,0.09105302393436432,0.021635911139981517,0.0,0.0,0.0
477,0.5395362377166748,0.0,0.00022112404985819012,0.0,20.0,0.0024906292092055082,0.049812584184110165,20.0,8.54798563523218e-05,0.001709597127046436,10.0,0.00967058353126049,0.0967058353126049,25.0,2.8107320758863352e-05,0.0007026830189715838,3.5717858929464734,0.0011849915608763695,0.004232536140398839,0.0,0.2946230173110962,0.0,500.0,0.0005160565488040447,0.25802827440202236,200.0,0.0005333455046638846,0.10666910093277693,0.2381190595297649,0.09102842956781387,0.02167560403915928,0.0,0.0,0.0
478,0.5393385887145996,0.0,0.00022082962095737457,0.0,20.0,0.002486663870513439,0.049733277410268784,20.0,8.526819874532521e-05,0.0017053639749065042,10.0,0.009679204784333706,0.09679204784333706,25.0,2.821752059389837e-05,0.0007054380148474593,3.579289644822411,0.001127669238485396,0.004036254828095552,0.0,0.29464176297187805,0.0,500.0,0.0005159571301192045,0.25797856505960226,200.0,0.000533363432623446,0.1066726865246892,0.23861930965482742,0.09100265800952911,0.02171499143098819,0.0,0.0,0.0
479,0.5392606854438782,0.0,0.0002212771214544773,0.0,20.0,0.0024790503084659576,0.04958100616931915,20.0,8.590888319304213e-05,0.0017181776638608426,10.0,0.009688271209597588,0.09688271209597588,25.0,2.94449673674535e-05,0.0007361241841863375,3.586793396698349,0.0012111355317756534,0.004344092927879657,0.0,0.29467377066612244,0.0,500.0,0.0005151360528543591,0.2575680264271796,200.0,0.0005333928274922073,0.10667856549844146,0.23911955977988994,0.09096712619066238,0.021752019169152887,0.0,0.0,0.0
480,0.5391727685928345,0.0,0.00022129480203147978,0.0,20.0,0.002473902888596058,0.04947805777192116,20.0,8.611523662693799e-05,0.0017223047325387597,10.0,0.009697654284536839,0.09697654284536839,25.0,2.9966182410134934e-05,0.0007491545602533733,3.594297148574287,0.0012013224186375737,0.004317909743827397,0.0,0.29466691613197327,0.0,500.0,0.0005148942582309246,0.2574471291154623,200.0,0.000533444108441472,0.10668882168829441,0.23961980990495246,0.09094787389039993,0.02179291225287722,0.0,0.0,0.0
481,0.5394686460494995,0.0,0.0002207826910307631,0.0,20.0,0.002472280291840434,0.04944560583680868,20.0,8.569291094318032e-05,0.0017138582188636065,10.0,0.009707850404083729,0.09707850404083729,25.0,2.9395541787380353e-05,0.0007348885446845088,3.601800900450225,0.001248231390491128,0.004495880946241181,0.0,0.29466894268989563,0.0,500.0,0.0005149648059159517,0.25748240295797586,200.0,0.0005334133747965097,0.10668267495930195,0.24012006003001501,0.0909329503774643,0.021834825503343102,0.0,0.0,0.0
482,0.5393279790878296,0.0,0.0002204466873081401,0.0,20.0,0.002469913801178336,0.04939827602356672,20.0,8.524714212398976e-05,0.0017049428424797952,10.0,0.00971759483218193,0.0971759483218193,25.0,2.900599611166399e-05,0.0007251499027915997,3.609304652326163,0.0011774904560297728,0.004249921781017915,0.0,0.2946712076663971,0.0,500.0,0.0005150366923771799,0.25751834618858993,200.0,0.0005334160523489118,0.10668321046978235,0.24062031015507754,0.090899258852005,0.021872207857836123,0.0,0.0,0.0
483,0.5392093658447266,0.0,0.0002205107593908906,0.0,20.0,0.002464576857164502,0.04929153714329004,20.0,8.5088235209696e-05,0.00170176470419392,10.0,0.009726992808282375,0.09726992808282375,25.0,2.9371300115599297e-05,0.0007342825028899824,3.616808404202101,0.001173073542304337,0.004242782246553455,0.0,0.2946905195713043,0.0,500.0,0.0005147214978933334,0.2573607489466667,200.0,0.0005334671586751938,0.10669343173503876,0.24112056028014006,0.09088762104511261,0.0219148741089266,0.0,0.0,0.0
484,0.5391719341278076,0.0,0.00022074219305068254,0.0,20.0,0.0024593081325292587,0.049186162650585175,20.0,8.537605754099786e-05,0.0017075211508199573,10.0,0.009736999869346619,0.09736999869346619,25.0,3.0027371394680813e-05,0.0007506842848670203,3.624312156078039,0.0011847297428175807,0.0042938304085609665,0.0,0.29468196630477905,0.0,500.0,0.0005144148599356413,0.25720742996782064,200.0,0.000533491256646812,0.10669825132936239,0.2416208104052026,0.09087804704904556,0.02195802737603252,0.0,0.0,0.0
485,0.5394233465194702,0.0,0.00022026947408448905,0.0,20.0,0.002457486232742667,0.049149724654853344,20.0,8.522631833329797e-05,0.0017045263666659594,10.0,0.009747280739247799,0.09747280739247799,25.0,2.979845885420218e-05,0.0007449614713550545,3.631815907953977,0.0012194995069876313,0.004428997709219711,0.0,0.29469534754753113,0.0,500.0,0.0005144712049514055,0.25723560247570276,200.0,0.0005334375891834497,0.10668751783668995,0.24212106053026514,0.09086049348115921,0.02199923904196151,0.0,0.0,0.0
486,0.539354681968689,0.0,0.0002199385198764503,0.0,20.0,0.0024550945963710546,0.04910189192742109,20.0,8.474494097754359e-05,0.0016948988195508718,10.0,0.009756139479577541,0.09756139479577541,25.0,2.947687971754931e-05,0.0007369219929387327,3.639319659829915,0.0011794720776379108,0.004292475920368085,0.0,0.2946697771549225,0.0,500.0,0.0005144752794876695,0.25723763974383473,200.0,0.0005334519082680345,0.10669038165360689,0.24262131065532766,0.09083729982376099,0.022039064739631856,0.0,0.0,0.0
487,0.5392664670944214,0.0,0.00021999665477778763,0.0,20.0,0.0024497313424944878,0.048994626849889755,20.0,8.457033254671842e-05,0.0016914066509343684,10.0,0.009764105081558228,0.09764105081558228,25.0,2.9958780942251906e-05,0.0007489695235562976,3.646823411705853,0.0012030031066387892,0.004387139893645209,0.0,0.2946886718273163,0.0,500.0,0.0005140597932040691,0.25702989660203457,200.0,0.0005334815941751003,0.10669631883502007,0.24312156078039018,0.09080667793750763,0.022077061269449076,0.0,0.0,0.0
488,0.5392189025878906,0.0,0.00022008889936842024,0.0,20.0,0.002445323159918189,0.04890646319836378,20.0,8.47800329211168e-05,0.001695600658422336,10.0,0.009772611781954765,0.09772611781954765,25.0,3.045664561796002e-05,0.0007614161404490005,3.654327163581791,0.001219212543219328,0.004455401514866029,0.0,0.29470276832580566,0.0,500.0,0.000513719511218369,0.2568597556091845,200.0,0.0005334724555723369,0.10669449111446738,0.24362181090545273,0.09079504758119583,0.022119653912977676,0.0,0.0,0.0
489,0.5391824245452881,0.0,0.00021974780247546732,0.0,20.0,0.002443647012114525,0.0488729402422905,20.0,8.456873911200091e-05,0.0016913747822400182,10.0,0.009781308472156525,0.09781308472156525,25.0,3.0051907742745243e-05,0.0007512976935686311,3.661830915457729,0.001190034206956625,0.00435770404948599,0.0,0.2947007715702057,0.0,500.0,0.0005136944819241762,0.2568472409620881,200.0,0.0005334451561793685,0.1066890312358737,0.24412206103051526,0.09077315777540207,0.022159730362379296,0.0,0.0,0.0
490,0.5391887426376343,0.0,0.0002195538836531341,0.0,20.0,0.002440906362608075,0.0488181272521615,20.0,8.43000307213515e-05,0.00168600061442703,10.0,0.009789840318262577,0.09789840318262577,25.0,2.9726823413511738e-05,0.0007431705853377935,3.6693346673336666,0.0011819042265415192,0.00433680215191698,0.0,0.294699490070343,0.0,500.0,0.0005136366235092282,0.2568183117546141,200.0,0.0005334517336450517,0.10669034672901034,0.24462231115557778,0.09074235707521439,0.02219760510744364,0.0,0.0,0.0
491,0.5389521718025208,0.0,0.00021960760932415724,0.0,20.0,0.0024368595331907272,0.048737190663814545,20.0,8.426199201494455e-05,0.001685239840298891,10.0,0.009798550978302956,0.09798550978302956,25.0,2.9744258426944725e-05,0.0007436064606736181,3.676838419209605,0.001134631223976612,0.004171855675952026,0.0,0.29473230242729187,0.0,500.0,0.0005133894155733287,0.25669470778666437,200.0,0.0005334755405783653,0.10669510811567307,0.24512256128064033,0.09072597324848175,0.022238982937346705,0.0,0.0,0.0
492,0.5391680002212524,0.0,0.00021961929451208562,0.0,20.0,0.0024343901313841343,0.048687802627682686,20.0,8.483233250444755e-05,0.001696646650088951,10.0,0.009808692149817944,0.09808692149817944,25.0,2.9796028684359044e-05,0.0007449007171089761,3.6843421710855426,0.0011850569862872362,0.004366155429717606,0.0,0.29476502537727356,0.0,500.0,0.0005132296937517822,0.2566148468758911,200.0,0.0005334309535101056,0.10668619070202112,0.24562281140570286,0.0907268151640892,0.022284575410489144,0.0,0.0,0.0
493,0.5394441485404968,0.0,0.0002194316330133006,0.0,20.0,0.002431755419820547,0.04863510839641094,20.0,8.494214853271842e-05,0.0016988429706543684,10.0,0.009818267077207565,0.09818267077207565,25.0,2.9667797207366675e-05,0.0007416949301841669,3.691845922961481,0.0012374527286738157,0.004568484811211986,0.0,0.29477357864379883,0.0,500.0,0.0005132195074111223,0.25660975370556116,200.0,0.000533403770532459,0.1066807541064918,0.24612306153076538,0.09071417897939682,0.022326851454658948,0.0,0.0,0.0
494,0.5390832424163818,0.0,0.0002193456020904705,0.0,20.0,0.002427208237349987,0.04854416474699974,20.0,8.450580935459584e-05,0.0016901161870919168,10.0,0.00982627086341381,0.09826270863413811,25.0,2.972683432744816e-05,0.000743170858186204,3.6993496748374186,0.0011561285937204957,0.004276923937250158,0.0,0.29478761553764343,0.0,500.0,0.0005130160716362298,0.2565080358181149,200.0,0.000533442769665271,0.10668855393305421,0.2466233116558279,0.09070370346307755,0.02236964772751237,0.0,0.0,0.0
495,0.539164662361145,0.0,0.00021910309442318976,0.0,20.0,0.0024227474350482225,0.04845494870096445,20.0,8.402726234635338e-05,0.0016805452469270676,10.0,0.009834342636168003,0.09834342636168003,25.0,2.9850061764591374e-05,0.0007462515441147843,3.706853426713357,0.0011835452169179916,0.004387228643002661,0.0,0.2948101758956909,0.0,500.0,0.000512897502630949,0.2564487513154745,200.0,0.0005334665765985847,0.10669331531971693,0.24712356178089045,0.09068434685468674,0.022410238792503877,0.0,0.0,0.0
496,0.5391611456871033,0.0,0.0002187838836107403,0.0,20.0,0.0024195904843509197,0.048391809687018394,20.0,8.378282655030489e-05,0.0016756565310060978,10.0,0.009842994622886181,0.09842994622886181,25.0,2.9907419957453385e-05,0.0007476854989363346,3.7143571785892946,0.0011709594400599599,0.004349361602023613,0.0,0.2948293387889862,0.0,500.0,0.0005128590855747461,0.25642954278737307,200.0,0.0005334413144737482,0.10668826289474964,0.24762381190595298,0.09065690636634827,0.022448808730036213,0.0,0.0,0.0
497,0.5392482876777649,0.0,0.00021864435984753072,0.0,20.0,0.002415549475699663,0.04831098951399326,20.0,8.346986578544602e-05,0.0016693973157089204,10.0,0.009851539507508278,0.09851539507508278,25.0,3.0035174859222025e-05,0.0007508793714805506,3.721860930465233,0.0012036638800054789,0.004479869568404584,0.0,0.2948170006275177,0.0,500.0,0.0005126902833580971,0.25634514167904854,200.0,0.0005334465531632304,0.10668931063264608,0.2481240620310155,0.09062910079956055,0.02248726062860532,0.0,0.0,0.0
498,0.539260983467102,0.0,0.00021854689111933112,0.0,20.0,0.0024115554988384247,0.048231109976768494,20.0,8.310990961035714e-05,0.0016621981922071427,10.0,0.009859989397227764,0.09859989397227764,25.0,3.0058254196774215e-05,0.0007514563549193554,3.7293646823411706,0.0012157086748629808,0.004533820996049786,0.0,0.29482826590538025,0.0,500.0,0.0005125222378410399,0.25626111892051995,200.0,0.0005334526067599654,0.10669052135199308,0.24862431215607803,0.09062210470438004,0.02253085844826257,0.0,0.0,0.0
499,0.5392696857452393,0.0,0.00021838379325345159,0.0,20.0,0.002409055596217513,0.04818111192435026,20.0,8.280912879854441e-05,0.0016561825759708881,10.0,0.009868374094367027,0.09868374094367027,25.0,2.9751439797109924e-05,0.0007437859949277481,3.7368684342171083,0.0012066531926393509,0.004509104226621286,0.0,0.29482775926589966,0.0,500.0,0.0005124664749018848,0.2562332374509424,200.0,0.0005334435845725238,0.10668871691450477,0.24912456228114058,0.0906122624874115,0.022573740229480204,0.0,0.0,0.0
500,0.5391613245010376,0.0,0.00021835320512764156,0.0,20.0,0.002407229971140623,0.04814459942281246,20.0,8.31225115689449e-05,0.001662450231378898,10.0,0.009877524338662624,0.09877524338662624,25.0,2.9649731004610658e-05,0.0007412432751152664,3.7443721860930466,0.0011690169339999557,0.004377234492741204,0.0,0.29485389590263367,0.0,500.0,0.0005123402806930244,0.2561701403465122,200.0,0.0005333879380486906,0.10667758760973811,0.2496248124062031,0.09058725088834763,0.02261282550939743,0.0,0.0,0.0
501,0.5391623973846436,0.0,0.00021844447473995388,0.0,20.0,0.0024041018914431334,0.04808203782886267,20.0,8.334800804732367e-05,0.0016669601609464735,10.0,0.00988635141402483,0.0988635141402483,25.0,2.966634747281205e-05,0.0007416586868203012,3.7518759379689843,0.001179962418973446,0.004427072607454149,0.0,0.2948541045188904,0.0,500.0,0.0005121135036461055,0.25605675182305276,200.0,0.0005333753069862723,0.10667506139725447,0.25012506253126565,0.09055195748806,0.022649314029029515,0.0,0.0,0.0
502,0.5390904545783997,0.0,0.0002183031028835103,0.0,20.0,0.0024008580949157476,0.04801716189831495,20.0,8.315601735375822e-05,0.0016631203470751643,10.0,0.00989464484155178,0.09894644841551781,25.0,2.9460286896210164e-05,0.0007365071724052541,3.7593796898449225,0.0011549943592399359,0.004342062336012065,0.0,0.29488661885261536,0.0,500.0,0.0005120274727232754,0.2560137363616377,200.0,0.0005333942244760692,0.10667884489521384,0.25062531265632815,0.09054379910230637,0.022692567959107297,0.0,0.0,0.0
503,0.5392976403236389,0.0,0.0002179973089369014,0.0,20.0,0.00239740707911551,0.0479481415823102,20.0,8.293097926070914e-05,0.0016586195852141827,10.0,0.009902973659336567,0.09902973659336567,25.0,2.9343516871449538e-05,0.0007335879217862384,3.7668834417208603,0.0011957534588873386,0.004504263904663162,0.0,0.2949015200138092,0.0,500.0,0.0005120224668644369,0.25601123343221843,200.0,0.0005334006273187697,0.10668012546375394,0.2511255627813907,0.09052037447690964,0.02273197998369617,0.0,0.0,0.0
504,0.539389967918396,0.0,0.00021779711823910475,0.0,20.0,0.0023935120552778244,0.04787024110555649,20.0,8.281718328362331e-05,0.0016563436656724662,10.0,0.00991098303347826,0.0991098303347826,25.0,2.9493354304577224e-05,0.0007373338576144306,3.7743871935967985,0.0012223039520904422,0.00461344838345292,0.0,0.2949199378490448,0.0,500.0,0.0005118983099237084,0.2559491549618542,200.0,0.0005334085435606539,0.10668170871213078,0.25162581290645325,0.0904991403222084,0.02277191975091087,0.0,0.0,0.0
505,0.5392616987228394,0.0,0.00021767057478427887,0.0,20.0,0.0023894680198282003,0.04778936039656401,20.0,8.246485231211409e-05,0.0016492970462422818,10.0,0.009918290190398693,0.09918290190398693,25.0,2.9578712201328017e-05,0.0007394678050332004,3.7818909454727363,0.0012044772738590837,0.0045552016960353535,0.0,0.2949325740337372,0.0,500.0,0.0005116952816024423,0.25584764080122113,200.0,0.0005334399174898863,0.10668798349797726,0.25212606303151575,0.09047017246484756,0.02280988840534426,0.0,0.0,0.0
506,0.5391810536384583,0.0,0.00021764205303043127,0.0,20.0,0.002386745996773243,0.04773491993546486,20.0,8.245652861660346e-05,0.0016491305723320693,10.0,0.009926539845764637,0.09926539845764637,25.0,2.962671351269819e-05,0.0007406678378174547,3.7893946973486745,0.0011895315255969763,0.004507604455426261,0.0,0.2949354648590088,0.0,500.0,0.0005114952800795436,0.2557476400397718,200.0,0.0005334219895303249,0.10668439790606499,0.2526263131565783,0.09045489877462387,0.02285128758438472,0.0,0.0,0.0
507,0.5390545129776001,0.0,0.00021746681886725128,0.0,20.0,0.0023844572715461254,0.04768914543092251,20.0,8.220670133596286e-05,0.0016441340267192572,10.0,0.009934654459357262,0.09934654459357262,25.0,2.940958620456513e-05,0.0007352396551141283,3.7968984492246123,0.001145868212915957,0.004350745240636375,0.0,0.2949369251728058,0.0,500.0,0.0005114334635436535,0.25571673177182674,200.0,0.0005334062734618783,0.10668125469237566,0.2531265632816408,0.09043183922767639,0.022890700674939594,0.0,0.0,0.0
508,0.5390396118164062,0.0,0.0002178138238377869,0.0,20.0,0.002380190882831812,0.04760381765663624,20.0,8.231133688241243e-05,0.0016462267376482487,10.0,0.009943103417754173,0.09943103417754173,25.0,2.965358544315677e-05,0.0007413396360789193,3.8044022011005505,0.0011773407459259033,0.004479077725245871,0.0,0.29493609070777893,0.0,500.0,0.0005110462661832571,0.25552313309162855,200.0,0.0005334223387762904,0.10668446775525808,0.25362681340670334,0.09041032940149307,0.022930483745151067,0.0,0.0,0.0
509,0.539367139339447,0.0,0.00021765939891338348,0.0,20.0,0.002380003919824958,0.04760007839649916,20.0,8.281601185444742e-05,0.0016563202370889485,10.0,0.009953356347978115,0.09953356347978115,25.0,2.9339333195821382e-05,0.0007334833298955346,3.8119059529764883,0.0012243993114680052,0.004667295024205202,0.0,0.29492849111557007,0.0,500.0,0.0005110865458846092,0.2555432729423046,200.0,0.0005333098815754056,0.10666197631508112,0.2541270635317659,0.09039238840341568,0.022971152230582874,0.0,0.0,0.0
510,0.5395482182502747,0.0,0.00021732218738179654,0.0,20.0,0.0023796758614480495,0.04759351722896099,20.0,8.260766480816528e-05,0.0016521532961633056,10.0,0.009961936622858047,0.09961936622858047,25.0,2.8672189728240483e-05,0.0007168047432060121,3.819409704852426,0.0012132878182455897,0.004634043267786432,0.0,0.29491618275642395,0.0,500.0,0.0005113271763548255,0.25566358817741275,200.0,0.000533285376150161,0.1066570752300322,0.2546273136568284,0.09037408232688904,0.023011709807096808,0.0,0.0,0.0
511,0.5393607020378113,0.0,0.0002176575653720647,0.0,20.0,0.0023754213470965624,0.04750842694193125,20.0,8.230052480939776e-05,0.0016460104961879551,10.0,0.009968267753720284,0.09968267753720284,25.0,2.8730601115967147e-05,0.0007182650278991787,3.8269134567283642,0.0012307820143178105,0.004710096252892071,0.0,0.294903963804245,0.0,500.0,0.0005107559263706207,0.25537796318531036,200.0,0.0005333269364200532,0.10666538728401065,0.25512756378189094,0.0903545394539833,0.023051933527529506,0.0,0.0,0.0
512,0.5391422510147095,0.0,0.00021772833133582026,0.0,20.0,0.002371165668591857,0.04742331337183714,20.0,8.164961764123291e-05,0.0016329923528246582,10.0,0.009974081069231033,0.09974081069231033,25.0,2.855094317055773e-05,0.0007137735792639432,3.834417208604302,0.0011897888034582138,0.004562146662584897,0.0,0.2949253022670746,0.0,500.0,0.0005105806048959494,0.2552903024479747,200.0,0.0005334307788871229,0.10668615577742457,0.2556278139069535,0.09033747017383575,0.023092770014422247,0.0,0.0,0.0
513,0.5395715832710266,0.0,0.00021736545022577047,0.0,20.0,0.002370842732489109,0.04741685464978218,20.0,8.202983008231968e-05,0.0016405966016463935,10.0,0.009983726777136326,0.09983726777136326,25.0,2.812378625094425e-05,0.0007030946562736062,3.8419209604802402,0.0012456884142011404,0.004785836428746752,0.0,0.2949214577674866,0.0,500.0,0.0005107726901769638,0.2553863450884819,200.0,0.0005333446897566319,0.10666893795132637,0.256128064032016,0.09031664580106735,0.023132627638892688,0.0,0.0,0.0
514,0.53948575258255,0.0,0.00021720444783568382,0.0,20.0,0.002369166351854801,0.047383327037096024,20.0,8.259979949798435e-05,0.001651995989959687,10.0,0.009993135929107666,0.09993135929107666,25.0,2.801444861688651e-05,0.0007003612154221628,3.849424712356178,0.0011689318343997002,0.0044997150903980454,0.0,0.2949807941913605,0.0,500.0,0.0005109737394377589,0.25548686971887946,200.0,0.0005333013250492513,0.10666026500985026,0.25662831415707854,0.09029331803321838,0.023171821986513772,0.0,0.0,0.0
515,0.5397274494171143,0.0,0.000217661916394718,0.0,20.0,0.0023638829588890076,0.04727765917778015,20.0,8.298341708723456e-05,0.0016596683417446911,10.0,0.009999365545809269,0.09999365545809269,25.0,2.8679276510956697e-05,0.0007169819127739174,3.856928464232116,0.001300805015489459,0.005017111890657193,0.0,0.2949288785457611,0.0,500.0,0.0005103647708892822,0.2551823854446411,200.0,0.0005333534209057689,0.10667068418115377,0.2571285642821411,0.09026340395212173,0.023209299465428,0.0,0.0,0.0
516,0.5394757986068726,0.0,0.00021759714582003653,0.0,20.0,0.002359461970627308,0.04718923941254616,20.0,8.224698103731498e-05,0.0016449396207462996,10.0,0.010003634728491306,0.10003634728491306,25.0,2.8694281354546547e-05,0.0007173570338636637,3.864432216108054,0.0012596307788044214,0.004867757762013084,0.0,0.2949610650539398,0.0,500.0,0.0005101533606648445,0.25507668033242226,200.0,0.00053346500499174,0.106693000998348,0.2576288144072036,0.09024786204099655,0.023250449700406815,0.0,0.0,0.0
517,0.5394313335418701,0.0,0.00021705773542635143,0.0,20.0,0.0023580477572977543,0.047160955145955086,20.0,8.178225834853947e-05,0.0016356451669707894,10.0,0.010009047575294971,0.10009047575294971,25.0,2.845452218025457e-05,0.0007113630545063643,3.871935967983992,0.0012017188128083944,0.004652978294715845,0.0,0.2949695587158203,0.0,500.0,0.000510392477735877,0.2551962388679385,200.0,0.0005334506276994944,0.10669012553989887,0.25812906453226614,0.09023994207382202,0.023293551830961563,0.0,0.0,0.0
518,0.5394248366355896,0.0,0.0002170591615140438,0.0,20.0,0.0023548821918666363,0.047097643837332726,20.0,8.230491948779672e-05,0.0016460983897559345,10.0,0.010016319341957569,0.10016319341957569,25.0,2.9039441869826987e-05,0.0007259860467456747,3.87943971985993,0.0012011721264570951,0.00465987485776627,0.0,0.2949885427951813,0.0,500.0,0.0005102345603518188,0.2551172801759094,200.0,0.0005334074376150966,0.10668148752301931,0.2586293146573287,0.09021909534931183,0.02333330279919671,0.0,0.0,0.0
519,0.5395417809486389,0.0,0.00021754155750386417,0.0,20.0,0.0023497487418353558,0.046994974836707115,20.0,8.269539102911949e-05,0.0016539078205823898,10.0,0.010022887028753757,0.10022887028753757,25.0,2.9888546123402193e-05,0.0007472136530850548,3.8869434717358677,0.0012848245678469539,0.004994040466318575,0.0,0.29499876499176025,0.0,500.0,0.0005097324028611183,0.25486620143055916,200.0,0.0005334298475645483,0.10668596951290965,0.2591295647823912,0.09018877893686295,0.023370579034164583,0.0,0.0,0.0
520,0.5395379662513733,0.0,0.00021745215053670108,0.0,20.0,0.002346659544855356,0.046933190897107124,20.0,8.217392314691097e-05,0.0016434784629382193,10.0,0.010029042139649391,0.10029042139649391,25.0,2.978340671688784e-05,0.000744585167922196,3.894447223611806,0.001286161132156849,0.005008886650245657,0.0,0.29500052332878113,0.0,500.0,0.0005096396198496222,0.2548198099248111,200.0,0.0005334452143870294,0.10668904287740588,0.25962981490745374,0.09016111493110657,0.02340851358141286,0.0,0.0,0.0
521,0.5394918322563171,0.0,0.0002166999620385468,0.0,20.0,0.002347527537494898,0.04695055074989796,20.0,8.131536742439494e-05,0.0016263073484878987,10.0,0.010035852901637554,0.10035852901637554,25.0,2.8675092835328542e-05,0.0007168773208832135,3.9019509754877437,0.001176835154183209,0.004591953077853442,0.0,0.29498913884162903,0.0,500.0,0.0005102267605252564,0.2551133802626282,200.0,0.0005334247834980488,0.10668495669960976,0.26013006503251623,0.09014435112476349,0.023449255920398704,0.0,0.0,0.0
522,0.5396396517753601,0.0,0.00021676596952602267,0.0,20.0,0.0023446064442396164,0.04689212888479233,20.0,8.16291940282099e-05,0.001632583880564198,10.0,0.010042516514658928,0.10042516514658928,25.0,2.892108568630647e-05,0.0007230271421576617,3.909454727363682,0.0012224658858031034,0.004779175036293774,0.0,0.2949986755847931,0.0,500.0,0.0005100345006212592,0.2550172503106296,200.0,0.0005333902081474662,0.10667804162949324,0.2606303151575788,0.09013639390468597,0.02349227675054597,0.0,0.0,0.0
523,0.5397517085075378,0.0,0.00021734953043051064,0.0,20.0,0.0023395216558128595,0.04679043311625719,20.0,8.269977115560323e-05,0.0016539954231120646,10.0,0.010049560107290745,0.10049560107290745,25.0,2.9943026675027795e-05,0.0007485756668756949,3.9169584792396197,0.0012991526164114475,0.0050887268566791564,0.0,0.2950170636177063,0.0,500.0,0.000509543577209115,0.2547717886045575,200.0,0.00053335604025051,0.106671208050102,0.26113056528264134,0.09011354297399521,0.02353140041642096,0.0,0.0,0.0
524,0.5399169921875,0.0,0.00021727450075559318,0.0,20.0,0.0023360801860690117,0.046721603721380234,20.0,8.284860814455897e-05,0.0016569721628911793,10.0,0.0100548155605793,0.100548155605793,25.0,3.0270466595538892e-05,0.0007567616648884723,3.924462231115558,0.0013336999109014869,0.00523405492797507,0.0,0.29503655433654785,0.0,500.0,0.0005095011438243091,0.25475057191215456,200.0,0.0005333692533895373,0.10667385067790747,0.26163081540770383,0.09010790288448334,0.023575004106345564,0.0,0.0,0.0
525,0.5396389365196228,0.0,0.00021669702255167067,0.0,20.0,0.0023337991442531347,0.046675982885062695,20.0,8.188695937860757e-05,0.0016377391875721514,10.0,0.010058021172881126,0.10058021172881126,25.0,2.9842496587662026e-05,0.0007460624146915507,3.9319659829914957,0.0012441319413483143,0.004891884471734742,0.0,0.2950498163700104,0.0,500.0,0.0005096208769828081,0.25481043849140406,200.0,0.0005334055749699473,0.10668111499398947,0.2621310655327664,0.09009036421775818,0.02361548316663596,0.0,0.0,0.0
526,0.539789080619812,0.0,0.0002159909636247903,0.0,20.0,0.0023312089033424854,0.04662417806684971,20.0,8.041707042139024e-05,0.0016083414084278047,10.0,0.010060366243124008,0.10060366243124008,25.0,2.9175307645346038e-05,0.000729382691133651,3.939469734867434,0.0012156671145930886,0.004789083805613093,0.0,0.295004278421402,0.0,500.0,0.0005101460847072303,0.25507304235361516,200.0,0.0005335257155820727,0.10670514311641455,0.26263131565782893,0.09007395803928375,0.02365624210636517,0.0,0.0,0.0
527,0.5392289757728577,0.0,0.00021609188115689903,0.0,20.0,0.0023260999005287886,0.04652199801057577,20.0,8.02240683697164e-05,0.0016044813673943281,10.0,0.010064887814223766,0.10064887814223766,25.0,2.958179175038822e-05,0.0007395447937597055,3.9469734867433717,0.0011175486724823713,0.004410934980433171,0.0,0.2949948310852051,0.0,500.0,0.0005097828689031303,0.25489143445156515,200.0,0.000533579324837774,0.10671586496755481,0.26313156578289143,0.0900532603263855,0.023695855393536153,0.0,0.0,0.0
528,0.5393862128257751,0.0,0.00021651053975801915,0.0,20.0,0.0023220255970954895,0.04644051194190979,20.0,8.156420517480001e-05,0.0016312841034960002,10.0,0.01007392629981041,0.1007392629981041,25.0,3.0472498110611923e-05,0.0007618124527652981,3.9544772386193094,0.001191823510453105,0.0047130389445381666,0.0,0.29510268568992615,0.0,500.0,0.0005093484651297331,0.25467423256486654,200.0,0.0005334698362275958,0.10669396724551916,0.263631815907954,0.09002003818750381,0.02373214613547499,0.0,0.0,0.0
529,0.5400022268295288,0.0,0.00021636263409163803,0.0,20.0,0.002319966908544302,0.04639933817088604,20.0,8.261734910774976e-05,0.0016523469821549952,10.0,0.010083126835525036,0.10083126835525036,25.0,3.0951996450312436e-05,0.0007737999112578109,3.9619809904952477,0.0012862023431807756,0.005095909233612678,0.0,0.29513001441955566,0.0,500.0,0.0005096133099868894,0.2548066549934447,200.0,0.0005333609879016876,0.10667219758033752,0.26413206603301653,0.08999546617269516,0.023770688413798424,0.0,0.0,0.0
530,0.539891242980957,0.0,0.00021586113143712282,0.0,20.0,0.0023190316278487444,0.04638063255697489,20.0,8.198000432457775e-05,0.001639600086491555,10.0,0.010087969712913036,0.10087969712913036,25.0,3.048925100301858e-05,0.0007622312750754645,3.9694847423711854,0.0012154404539614916,0.004824672337260848,0.0,0.29513418674468994,0.0,500.0,0.000509859062731266,0.254929531365633,200.0,0.0005333278677426279,0.10666557354852557,0.26463231615807903,0.08997131884098053,0.02380931849268569,0.0,0.0,0.0
531,0.539717435836792,0.0,0.00021591156837530434,0.0,20.0,0.002315657678991556,0.04631315357983112,20.0,8.095322118606418e-05,0.0016190644237212837,10.0,0.010091391392052174,0.10091391392052174,25.0,3.0278630219982006e-05,0.0007569657554995501,3.9769884942471236,0.0012298037763684988,0.004890915468799183,0.0,0.29512426257133484,0.0,500.0,0.000509411736857146,0.254705868428573,200.0,0.0005333543522283435,0.1066708704456687,0.2651325662831416,0.08994248509407043,0.0238466818908741,0.0,0.0,0.0
532,0.5394255518913269,0.0,0.00021619137260131538,0.0,20.0,0.00231153704226017,0.0462307408452034,20.0,7.983532850630581e-05,0.0015967065701261163,10.0,0.010094180703163147,0.10094180703163147,25.0,3.0109913495834917e-05,0.0007527478373958729,3.9844922461230614,0.0012006646720692515,0.004784039076053821,0.0,0.2951071262359619,0.0,500.0,0.0005090716877020895,0.2545358438510448,200.0,0.000533493934199214,0.1066987868398428,0.2656328164082041,0.0899166613817215,0.023884816004849478,0.0,0.0,0.0
533,0.5394793152809143,0.0,0.00021604434004984796,0.0,20.0,0.002311662770807743,0.04623325541615486,20.0,8.006631105672568e-05,0.0016013262211345136,10.0,0.010101979598402977,0.10101979598402977,25.0,2.9682252716156654e-05,0.0007420563179039164,3.9919959979989996,0.001179435639642179,0.004708302353348969,0.0,0.29509496688842773,0.0,500.0,0.000509146717377007,0.2545733586885035,200.0,0.0005333959707058966,0.10667919414117932,0.2661330665332666,0.08988753706216812,0.02392204588147746,0.0,0.0,0.0
534,0.5397868752479553,0.0,0.00021576869767159224,0.0,20.0,0.002311757765710354,0.04623515531420708,20.0,8.114692172966897e-05,0.0016229384345933795,10.0,0.010111161507666111,0.10111161507666111,25.0,2.9783172067254782e-05,0.0007445793016813695,3.9994997498749374,0.0011675020214170218,0.004669424042635862,0.0,0.2951394319534302,0.0,500.0,0.000509591365698725,0.2547956828493625,200.0,0.0005332408472895622,0.10664816945791245,0.2666333166583292,0.08985868841409683,0.023959320122418016,0.0,0.0,0.0
535,0.5399768948554993,0.0,0.00021617364836856723,0.0,20.0,0.0023084371350705624,0.04616874270141125,20.0,8.192593668354675e-05,0.001638518733670935,10.0,0.010117054916918278,0.10117054916918278,25.0,3.046125675609801e-05,0.0007615314189024502,4.007003501750876,0.00125050637871027,0.005010783438453858,0.0,0.29514768719673157,0.0,500.0,0.0005091774510219693,0.25458872551098466,200.0,0.000533207377884537,0.1066414755769074,0.2671335667833917,0.08982976526021957,0.023996545597277263,0.0,0.0,0.0
536,0.5400871634483337,0.0,0.0002163987373933196,0.0,20.0,0.002304792869836092,0.04609585739672184,20.0,8.140344289131463e-05,0.0016280688578262925,10.0,0.010120903141796589,0.10120903141796589,25.0,3.037894748558756e-05,0.000759473687139689,4.014507253626814,0.0013293595984578133,0.00533672375068732,0.0,0.2951086461544037,0.0,500.0,0.0005087233148515224,0.2543616574257612,200.0,0.0005332903820089996,0.10665807640179992,0.2676338169084542,0.08981771767139435,0.02403825860640119,0.0,0.0,0.0
537,0.5395181179046631,0.0,0.00021607123198918998,0.0,20.0,0.0023019674699753523,0.046039349399507046,20.0,7.950724102556705e-05,0.001590144820511341,10.0,0.010121948085725307,0.10121948085725307,25.0,2.9393664590315893e-05,0.0007348416147578973,4.022011005502751,0.001186224864795804,0.004771009461209737,0.0,0.2950590252876282,0.0,500.0,0.0005087606841698289,0.25438034208491445,200.0,0.0005335058085620403,0.10670116171240807,0.2681340670335168,0.0898127406835556,0.024081855430908357,0.0,0.0,0.0
538,0.5397273898124695,0.0,0.00021545987692661583,0.0,20.0,0.002299971878528595,0.0459994375705719,20.0,7.896694296505302e-05,0.0015793388593010604,10.0,0.010127436369657516,0.10127436369657516,25.0,2.8901245968881994e-05,0.0007225311492220499,4.029514757378689,0.001159520004875958,0.0046723029711234825,0.0,0.2950717806816101,0.0,500.0,0.0005093149375170469,0.25465746875852346,200.0,0.0005335004534572363,0.10670009069144726,0.26863431715857927,0.08979424089193344,0.024121814586777517,0.0,0.0,0.0
539,0.5397191047668457,0.0,0.00021553826809395105,0.0,20.0,0.0022950051352381706,0.04590010270476341,20.0,7.990179437911138e-05,0.0015980358875822276,10.0,0.01013557706028223,0.1013557706028223,25.0,2.9767368687316775e-05,0.0007441842171829194,4.037018509254628,0.0011868730653077364,0.004791428532783108,0.0,0.2951107621192932,0.0,500.0,0.0005089725600555539,0.25448628002777696,200.0,0.0005334063898772001,0.10668127797544003,0.2691345672836418,0.0897768884897232,0.024162064035753418,0.0,0.0,0.0
540,0.540305495262146,0.0,0.000216175991226919,0.0,20.0,0.0022887415252625942,0.045774830505251884,20.0,8.127163164317608e-05,0.0016254326328635216,10.0,0.010143904946744442,0.10143904946744442,25.0,3.120356996078044e-05,0.000780089249019511,4.044522261130565,0.001360804308205843,0.00550380331758091,0.0,0.2951430082321167,0.0,500.0,0.0005086033488623798,0.2543016744311899,200.0,0.0005334083689376712,0.10668167378753424,0.2696348174087044,0.0897468850016594,0.024198884950422418,0.0,0.0,0.0
541,0.5400204062461853,0.0,0.00021596865553874522,0.0,20.0,0.0022863447666168213,0.045726895332336426,20.0,8.136974065564573e-05,0.0016273948131129146,10.0,0.010149547830224037,0.10149547830224037,25.0,3.142095738439821e-05,0.0007855239346099552,4.052026013006503,0.0012708969879895449,0.005149707655185249,0.0,0.2951594293117523,0.0,500.0,0.0005086431046947837,0.25432155234739184,200.0,0.0005333828739821911,0.10667657479643822,0.27013506753376687,0.08972284942865372,0.02423728798973137,0.0,0.0,0.0
542,0.539941668510437,0.0,0.00021520841983146966,0.0,20.0,0.0022866125218570232,0.045732250437140465,20.0,8.003898255992681e-05,0.0016007796511985362,10.0,0.010151667520403862,0.10151667520403862,25.0,3.0500503271468915e-05,0.0007625125817867229,4.059529764882441,0.0012196680763736367,0.004951278859315689,0.0,0.29512298107147217,0.0,500.0,0.0005088492762297392,0.2544246381148696,200.0,0.000533382233697921,0.10667644673958421,0.2706353176588294,0.08970407396554947,0.02427709055295761,0.0,0.0,0.0
543,0.5394986867904663,0.0,0.00021512781677301973,0.0,20.0,0.0022843594197183847,0.045687188394367695,20.0,7.867417298257351e-05,0.0015734834596514702,10.0,0.010152454487979412,0.10152454487979412,25.0,2.9988328606123105e-05,0.0007497082151530776,4.0670335167583795,0.0011292132548987865,0.004592548155241188,0.0,0.2950447201728821,0.0,500.0,0.0005087190074846148,0.2543595037423074,200.0,0.0005334686138667166,0.10669372277334332,0.271135567783892,0.08968943357467651,0.02431799549648558,0.0,0.0,0.0
544,0.539310097694397,0.0,0.00021566271607298404,0.0,20.0,0.0022801621817052364,0.04560324363410473,20.0,7.906460086815059e-05,0.0015812920173630118,10.0,0.010157245211303234,0.10157245211303234,25.0,3.0603685445385054e-05,0.0007650921361346263,4.074537268634317,0.001149839605204761,0.004685064324358568,0.0,0.29513221979141235,0.0,500.0,0.0005080994451418519,0.25404972257092595,200.0,0.0005334619781933725,0.1066923956386745,0.27163581790895447,0.08968207985162735,0.02436086511227296,0.0,0.0,0.0
545,0.5402291417121887,0.0,0.00021558639127761126,0.0,20.0,0.002279090229421854,0.04558180458843708,20.0,8.039607928367332e-05,0.0016079215856734663,10.0,0.010166780091822147,0.10166780091822147,25.0,3.079232192249037e-05,0.0007698080480622593,4.082041020510255,0.001331121544353664,0.0054336927473366175,0.0,0.29514920711517334,0.0,500.0,0.0005082072457298636,0.2541036228649318,200.0,0.0005333201261237264,0.10666402522474527,0.272136068034017,0.08966279029846191,0.024400479200782033,0.0,0.0,0.0
546,0.5400494933128357,0.0,0.00021506866323761642,0.0,20.0,0.0022804595064371824,0.04560919012874365,20.0,8.031119068618864e-05,0.0016062238137237728,10.0,0.010174174793064594,0.10174174793064594,25.0,2.9534625355154276e-05,0.0007383656338788569,4.089544772386193,0.0011730222031474113,0.004797126818774432,0.0,0.2951008975505829,0.0,500.0,0.0005089218029752374,0.2544609014876187,200.0,0.0005332836881279945,0.10665673762559891,0.2726363181590795,0.08964025229215622,0.02443918834378446,0.0,0.0,0.0
547,0.5401003360748291,0.0,0.00021507684141397476,0.0,20.0,0.0022789803333580494,0.04557960666716099,20.0,7.993880717549473e-05,0.0015987761435098946,10.0,0.010179663076996803,0.10179663076996803,25.0,2.8762968213413842e-05,0.000719074205335346,4.0970485242621315,0.0011781849898397923,0.004827081073930916,0.0,0.2950766980648041,0.0,500.0,0.0005088759353384376,0.2544379676692188,200.0,0.0005333308363333344,0.10666616726666689,0.27313656828414207,0.08960742503404617,0.024475064566577893,0.0,0.0,0.0
548,0.5399913787841797,0.0,0.00021579372696578503,0.0,20.0,0.002273281803354621,0.04546563606709242,20.0,7.98874389147386e-05,0.001597748778294772,10.0,0.010184010490775108,0.10184010490775108,25.0,2.9146927772671916e-05,0.0007286731943167979,4.104552276138069,0.0012459122808650136,0.005113912088292864,0.0,0.29509687423706055,0.0,500.0,0.0005080618429929018,0.2540309214964509,200.0,0.0005335166933946311,0.10670333867892623,0.2736368184092046,0.08957506716251373,0.02451103638714108,0.0,0.0,0.0
549,0.5406567454338074,0.0,0.00021593034034594893,0.0,20.0,0.002268793759867549,0.04537587519735098,20.0,7.971223385538906e-05,0.0015942446771077812,10.0,0.010187849402427673,0.10187849402427673,25.0,2.9517805160139687e-05,0.0007379451290034922,4.112056028014007,0.0014211549423635006,0.005843868747487732,0.0,0.2950802147388458,0.0,500.0,0.0005079128313809633,0.25395641569048166,200.0,0.0005336067406460643,0.10672134812921286,0.2741370685342671,0.08954830467700958,0.02454850973636881,0.0,0.0,0.0
550,0.5399932861328125,0.0,0.0002150345389964059,0.0,20.0,0.002268049633130431,0.045360992662608624,20.0,7.964661199366674e-05,0.0015929322398733348,10.0,0.010193822905421257,0.10193822905421257,25.0,2.9363092835410498e-05,0.0007340773208852625,4.119559779889945,0.0011980851413682103,0.0049355833612642385,0.0,0.2951416075229645,0.0,500.0,0.0005083377473056316,0.2541688736528158,200.0,0.0005333967274054885,0.1066793454810977,0.27463731865932967,0.08951187133789062,0.024583300332417186,0.0,0.0,0.0
551,0.5405142903327942,0.0,0.00021421417477540672,0.0,20.0,0.0022669562604278326,0.04533912520855665,20.0,7.985436968738213e-05,0.0015970873937476426,10.0,0.010198581963777542,0.10198581963777542,25.0,2.9727858418482356e-05,0.0007431964604620589,4.127063531765883,0.0011858874931931496,0.004894233025934709,0.0,0.2951855957508087,0.0,500.0,0.0005092917126603425,0.2546458563301712,200.0,0.0005333959124982357,0.10667918249964714,0.2751375687843922,0.08951794356107712,0.024629749353973197,0.0,0.0,0.0
552,0.5402117371559143,0.0,0.00021460199786815792,0.0,20.0,0.002261609071865678,0.04523218143731356,20.0,8.023038390092552e-05,0.0016046076780185103,10.0,0.010202141478657722,0.10202141478657722,25.0,3.1054845749167725e-05,0.0007763711437291931,4.134567283641821,0.001214330201037228,0.005020729920746718,0.0,0.2951858639717102,0.0,500.0,0.0005084095755591989,0.25420478777959943,200.0,0.0005334049928933382,0.10668099857866764,0.2756378189094547,0.08950398117303848,0.024670682154249224,0.0,0.0,0.0
553,0.5400707125663757,0.0,0.00021536322310566902,0.0,20.0,0.0022557303309440613,0.045114606618881226,20.0,7.968572026584297e-05,0.0015937144053168595,10.0,0.010204284451901913,0.10204284451901913,25.0,3.178500264766626e-05,0.0007946250661916565,4.142071035517759,0.0013064180966466665,0.005411276558396398,0.0,0.29520514607429504,0.0,500.0,0.0005074257496744394,0.2537128748372197,200.0,0.0005334713496267796,0.10669426992535591,0.27613806903451726,0.08947142213582993,0.02470646574236024,0.0,0.0,0.0
554,0.5397152304649353,0.0,0.0002154516987502575,0.0,20.0,0.0022553480230271816,0.04510696046054363,20.0,7.909812848083675e-05,0.001581962569616735,10.0,0.01020960696041584,0.1020960696041584,25.0,3.1057461455930024e-05,0.0007764365363982506,4.149574787393697,0.0012103291228413582,0.005022351212590829,0.0,0.2951990067958832,0.0,500.0,0.0005073790089227259,0.25368950446136296,200.0,0.000533467682544142,0.1066935365088284,0.2766383191595798,0.08946118503808975,0.0247483918589613,0.0,0.0,0.0
555,0.5402215719223022,0.0,0.00021491662482731044,0.0,20.0,0.002257704734802246,0.04515409469604492,20.0,7.928085688035935e-05,0.001585617137607187,10.0,0.010219313204288483,0.10219313204288483,25.0,3.0023253202671185e-05,0.0007505813300667796,4.1570785392696346,0.0012158064637333155,0.005054202958291071,0.0,0.29515355825424194,0.0,500.0,0.0005080528208054602,0.2540264104027301,200.0,0.0005333347944542766,0.10666695889085531,0.2771385692846423,0.08945181965827942,0.0247905493200034,0.0,0.0,0.0
556,0.5403561592102051,0.0,0.00021518912399187684,0.0,20.0,0.0022560846991837025,0.04512169398367405,20.0,7.990708400029689e-05,0.0015981416800059378,10.0,0.010227261111140251,0.10227261111140251,25.0,3.0057171898079105e-05,0.0007514292974519776,4.164582291145573,0.0012362338602542877,0.005148397642129538,0.0,0.2951737940311432,0.0,500.0,0.0005079667898826301,0.25398339494131505,200.0,0.0005332646542228758,0.10665293084457517,0.27763881940970486,0.08942381292581558,0.024827521847837743,0.0,0.0,0.0
557,0.540165364742279,0.0,0.00021536299027502537,0.0,20.0,0.002252861624583602,0.04505723249167204,20.0,7.992857717908919e-05,0.0015985715435817838,10.0,0.010233423672616482,0.10233423672616482,25.0,3.0095008696662262e-05,0.0007523752174165566,4.172086043021511,0.0012022575829178095,0.0050159220818081695,0.0,0.2951716184616089,0.0,500.0,0.0005077649839222431,0.25388249196112156,200.0,0.0005332789150997996,0.10665578301995993,0.27813906953476736,0.08941121399402618,0.024868751866272413,0.0,0.0,0.0
558,0.540173351764679,0.0,0.00021509022917598486,0.0,20.0,0.002249807119369507,0.04499614238739014,20.0,7.945515972096473e-05,0.0015891031944192946,10.0,0.01023787073791027,0.1023787073791027,25.0,2.9921855457359925e-05,0.0007480463864339981,4.179589794897448,0.001188234193250537,0.004966331508058147,0.0,0.2951512634754181,0.0,500.0,0.0005078345420770347,0.25391727103851736,200.0,0.00053333246614784,0.106666493229568,0.2786393196598299,0.0894031897187233,0.02491124395864376,0.0,0.0,0.0
559,0.540535569190979,0.0,0.0002147346385754645,0.0,20.0,0.002246248070150614,0.044924961403012276,20.0,7.908344559837133e-05,0.0015816689119674265,10.0,0.010240668430924416,0.10240668430924416,25.0,3.0182014597812667e-05,0.0007545503649453167,4.1870935467733865,0.0012678259517997503,0.005308505861212561,0.0,0.2951751947402954,0.0,500.0,0.0005078667309135199,0.25393336545675993,200.0,0.0005333785666152835,0.1066757133230567,0.27913956978489246,0.0893823504447937,0.024950150849522203,0.0,0.0,0.0
560,0.5403838753700256,0.0,0.00021462634322233498,0.0,20.0,0.002241623355075717,0.04483246710151434,20.0,7.88921388448216e-05,0.001577842776896432,10.0,0.010242925956845284,0.10242925956845284,25.0,3.084574200329371e-05,0.0007711435500823427,4.194597298649325,0.0012630278943106532,0.005297893393594211,0.0,0.29517653584480286,0.0,500.0,0.0005075891967862844,0.2537945983931422,200.0,0.0005334457382559776,0.10668914765119553,0.27963981990995496,0.08937036246061325,0.02499151206377329,0.0,0.0,0.0
561,0.540264368057251,0.0,0.00021466365433298051,0.0,20.0,0.0022369062062352896,0.04473812412470579,20.0,7.89121477282606e-05,0.0015782429545652121,10.0,0.010246175341308117,0.10246175341308117,25.0,3.164394001942128e-05,0.000791098500485532,4.202101050525263,0.0012714697513729334,0.005342844377955298,0.0,0.29520776867866516,0.0,500.0,0.0005072407075203955,0.25362035376019776,200.0,0.0005335059249773622,0.10670118499547243,0.2801400700350175,0.08935070782899857,0.025030713548894044,0.0,0.0,0.0
562,0.5402469038963318,0.0,0.00021427817409858108,0.0,20.0,0.002236718777567148,0.044734375551342964,20.0,7.905782695161179e-05,0.0015811565390322357,10.0,0.010252108797430992,0.10252108797430992,25.0,3.140668923151679e-05,0.0007851672307879198,4.2096048024012,0.0012009171769022942,0.005055386715173989,0.0,0.2952158451080322,0.0,500.0,0.0005076375091448426,0.2538187545724213,200.0,0.0005334264133125544,0.10668528266251087,0.28064032016008006,0.08931608498096466,0.02506569468450284,0.0,0.0,0.0
563,0.5402052402496338,0.0,0.00021487637422978878,0.0,20.0,0.0022336822003126144,0.04467364400625229,20.0,7.963641837704927e-05,0.0015927283675409853,10.0,0.0102589325979352,0.102589325979352,25.0,3.194337841705419e-05,0.0007985844604263548,4.2171085542771385,0.0012444178573787212,0.005247845191447034,0.0,0.2952413260936737,0.0,500.0,0.0005070494371466339,0.25352471857331693,200.0,0.000533401733264327,0.10668034665286541,0.28114057028514255,0.08927209675312042,0.025098008191722698,0.0,0.0,0.0
564,0.5400067567825317,0.0,0.00021487168851308525,0.0,20.0,0.0022325082682073116,0.04465016536414623,20.0,7.91155471233651e-05,0.001582310942467302,10.0,0.010264907963573933,0.10264907963573933,25.0,3.133314385195263e-05,0.0007833285962988157,4.224612306153077,0.0011883993865922093,0.005020526673222215,0.0,0.2952243983745575,0.0,500.0,0.0005070216720923781,0.25351083604618907,200.0,0.0005333679728209972,0.10667359456419945,0.2816408204102051,0.08925171941518784,0.025136927479114935,0.0,0.0,0.0
565,0.5404313206672668,0.0,0.00021427606407087296,0.0,20.0,0.0022331972140818834,0.04466394428163767,20.0,7.860385085223243e-05,0.0015720770170446485,10.0,0.010271897539496422,0.10271897539496422,25.0,3.037433634744957e-05,0.0007593584086862393,4.232116058029015,0.0011879400117322803,0.0050274999996273596,0.0,0.2952176332473755,0.0,500.0,0.0005077075329609215,0.25385376648046076,200.0,0.0005333113949745893,0.10666227899491787,0.28214107053526766,0.08922293782234192,0.02517345519349717,0.0,0.0,0.0
566,0.5402625799179077,0.0,0.00021449881023727357,0.0,20.0,0.002230546437203884,0.04461092874407768,20.0,7.879632175900042e-05,0.0015759264351800084,10.0,0.010278599336743355,0.10278599336743355,25.0,3.055195338674821e-05,0.0007637988346687052,4.239619809904952,0.0011749702971428633,0.004981427347816791,0.0,0.29521849751472473,0.0,500.0,0.0005073522333987057,0.25367611669935286,200.0,0.000533276004716754,0.10665520094335079,0.28264132066033015,0.08920556306838989,0.025213178155898092,0.0,0.0,0.0
567,0.5407369136810303,0.0,0.00021525222109630704,0.0,20.0,0.0022251594346016645,0.04450318869203329,20.0,7.92700593592599e-05,0.001585401187185198,10.0,0.010283716954290867,0.10283716954290867,25.0,3.1587456760462373e-05,0.0007896864190115593,4.2471235617808905,0.0013648688327521086,0.005796766578321862,0.0,0.29522639513015747,0.0,500.0,0.0005066252779215574,0.2533126389607787,200.0,0.0005333012668415904,0.10666025336831808,0.2831415707853927,0.08918441087007523,0.02525181418332295,0.0,0.0,0.0
568,0.5406181812286377,0.0,0.00021470672800205648,0.0,20.0,0.0022250735200941563,0.044501470401883125,20.0,7.877279131207615e-05,0.001575455826241523,10.0,0.010288494639098644,0.10288494639098644,25.0,3.0925551982363686e-05,0.0007731387995590921,4.254627313656829,0.0012925779446959496,0.005499437428533793,0.0,0.2952243685722351,0.0,500.0,0.0005068786558695138,0.2534393279347569,200.0,0.0005332780419848859,0.10665560839697719,0.2836418209104552,0.08915749192237854,0.02528879335667265,0.0,0.0,0.0
569,0.5410500764846802,0.0,0.00021393373026512563,0.0,20.0,0.002225373638793826,0.04450747277587652,20.0,7.793815166223794e-05,0.0015587630332447588,10.0,0.010292425751686096,0.10292425751686096,25.0,2.996148214151617e-05,0.0007490370535379043,4.262131065532766,0.0012767133302986622,0.005441519546845723,0.0,0.2951664328575134,0.0,500.0,0.000507754273712635,0.2538771368563175,200.0,0.0005333342123776674,0.10666684247553349,0.28414207103551775,0.08912817388772964,0.025325063916073254,0.0,0.0,0.0
570,0.5406057238578796,0.0,0.00021434301743283868,0.0,20.0,0.002221222734078765,0.0444244546815753,20.0,7.810593524482101e-05,0.0015621187048964202,10.0,0.010296563617885113,0.10296563617885113,25.0,3.0485825845971704e-05,0.0007621456461492926,4.269634817408704,0.0012568931560963392,0.005366474781031643,0.0,0.2952022850513458,0.0,500.0,0.0005069885519333184,0.2534942759666592,200.0,0.0005333567969501019,0.10667135939002037,0.2846423211605803,0.08909159898757935,0.02535923953173219,0.0,0.0,0.0
571,0.5402690172195435,0.0,0.00021477443806361407,0.0,20.0,0.0022163428366184235,0.04432685673236847,20.0,7.845388608984649e-05,0.0015690777217969298,10.0,0.010300987400114536,0.10300987400114536,25.0,3.124023714917712e-05,0.000781005928729428,4.277138569284642,0.0012272711610421538,0.00524920881786414,0.0,0.29522010684013367,0.0,500.0,0.000506494427099824,0.253247213549912,200.0,0.000533448823262006,0.10668976465240121,0.2851425712856428,0.08906443417072296,0.025396061769540814,0.0,0.0,0.0
572,0.5406257510185242,0.0,0.0002145663311239332,0.0,20.0,0.002214671578258276,0.04429343156516552,20.0,7.876032032072544e-05,0.0015752064064145088,10.0,0.010307064279913902,0.10307064279913902,25.0,3.13291784550529e-05,0.0007832294613763224,4.284642321160581,0.001279467367567122,0.005482060031622011,0.0,0.2952349781990051,0.0,500.0,0.0005066244630143046,0.2533122315071523,200.0,0.000533384270966053,0.1066768541932106,0.28564282141070535,0.08903442323207855,0.025432043854685768,0.0,0.0,0.0
573,0.5406513810157776,0.0,0.0002137509873136878,0.0,20.0,0.0022153507452458143,0.044307014904916286,20.0,7.827985245967284e-05,0.0015655970491934568,10.0,0.010312109254300594,0.10312109254300594,25.0,3.0534221878042445e-05,0.0007633555469510611,4.292146073036518,0.0011658433359116316,0.005003969896008904,0.0,0.29520973563194275,0.0,500.0,0.0005075021181255579,0.25375105906277895,200.0,0.0005333246663212776,0.10666493326425552,0.2861430715357679,0.08902638405561447,0.025474282981396437,0.0,0.0,0.0
574,0.5407302975654602,0.0,0.00021402194397524,0.0,20.0,0.002212624531239271,0.04425249062478542,20.0,7.812899275450036e-05,0.0015625798550900072,10.0,0.010316838510334492,0.10316838510334492,25.0,3.058734000660479e-05,0.0007646835001651198,4.299649824912456,0.001227649161592126,0.005278461502693507,0.0,0.29519760608673096,0.0,500.0,0.0005070447223260999,0.25352236116304994,200.0,0.0005333347944542766,0.10666695889085531,0.2866433216608304,0.08901090919971466,0.025514382677056777,0.0,0.0,0.0
575,0.5407337546348572,0.0,0.00021488005586434156,0.0,20.0,0.0022075516171753407,0.04415103234350681,20.0,7.818594895070419e-05,0.0015637189790140837,10.0,0.010320843197405338,0.10320843197405338,25.0,3.1293791835196316e-05,0.0007823447958799079,4.307153576788394,0.0013198587112128735,0.005684834168855848,0.0,0.29521411657333374,0.0,500.0,0.0005062161362729967,0.25310806813649833,200.0,0.0005334113957360387,0.10668227914720774,0.28714357178589295,0.08899049460887909,0.025553048476986792,0.0,0.0,0.0
576,0.5406659245491028,0.0,0.00021481260773725808,0.0,20.0,0.002206895500421524,0.04413791000843048,20.0,7.832364644855261e-05,0.0015664729289710522,10.0,0.010327059775590897,0.10327059775590897,25.0,3.108504097326659e-05,0.0007771260243316647,4.314657328664333,0.0012758873635903,0.005505016763865102,0.0,0.2952050566673279,0.0,500.0,0.0005063036805950105,0.25315184029750526,200.0,0.0005333299632184207,0.10666599264368415,0.2876438219109555,0.08896765112876892,0.025590995197119628,0.0,0.0,0.0
577,0.5409929156303406,0.0,0.00021418252435978502,0.0,20.0,0.0022080009803175926,0.04416001960635185,20.0,7.78641551733017e-05,0.001557283103466034,10.0,0.010331815108656883,0.10331815108656883,25.0,3.0267956390162e-05,0.00075669890975405,4.32216108054027,0.0012574472930282354,0.005434889750757356,0.0,0.29516783356666565,0.0,500.0,0.0005069561302661896,0.2534780651330948,200.0,0.0005333008011803031,0.10666016023606062,0.288144072036018,0.08894053846597672,0.025627688922662623,0.0,0.0,0.0
578,0.5409454107284546,0.0,0.0002141527074854821,0.0,20.0,0.0022055311128497124,0.04411062225699425,20.0,7.784064655425027e-05,0.0015568129310850054,10.0,0.010336439125239849,0.10336439125239849,25.0,3.0362569304998033e-05,0.0007590642326249508,4.329664832416208,0.0012292956234887242,0.005322438029662285,0.0,0.29517513513565063,0.0,500.0,0.0005070103215985,0.25350516079925,200.0,0.00053330761147663,0.106661522295326,0.28864432216108055,0.08891700208187103,0.02566538779451705,0.0,0.0,0.0
579,0.5406928658485413,0.0,0.0002147928753402084,0.0,20.0,0.002200817922130227,0.04401635844260454,20.0,7.80036934884265e-05,0.0015600738697685301,10.0,0.010340314358472824,0.10340314358472824,25.0,3.1005998607724905e-05,0.0007751499651931226,4.337168584292146,0.001248212531208992,0.0054137081768794205,0.0,0.29517504572868347,0.0,500.0,0.0005063038552179933,0.25315192760899663,200.0,0.0005333573208190501,0.10667146416381001,0.2891445722861431,0.08888640999794006,0.025701023000905134,0.0,0.0,0.0
580,0.5406262874603271,0.0,0.0002147636259905994,0.0,20.0,0.002197804395109415,0.0439560879021883,20.0,7.75885273469612e-05,0.001551770546939224,10.0,0.010342924855649471,0.10342924855649471,25.0,3.104527422692627e-05,0.0007761318556731567,4.344672336168084,0.0012399302795529366,0.005387090784350802,0.0,0.2951805889606476,0.0,500.0,0.0005062012933194637,0.25310064665973186,200.0,0.0005334438174031675,0.1066887634806335,0.2896448224112056,0.08885551989078522,0.02573654127902183,0.0,0.0,0.0
581,0.5406222939491272,0.0,0.0002141626609954983,0.0,20.0,0.0021960397716611624,0.04392079543322325,20.0,7.717727567069232e-05,0.0015435455134138465,10.0,0.010344856418669224,0.10344856418669224,25.0,3.097156513831578e-05,0.0007742891284578945,4.352176088044022,0.0011944484431296587,0.00519844995259031,0.0,0.2952048182487488,0.0,500.0,0.0005065461155027151,0.25327305775135756,200.0,0.0005334338638931513,0.10668677277863026,0.29014507253626814,0.08884100615978241,0.025776780176425113,0.0,0.0,0.0
582,0.5407629609107971,0.0,0.0002141581935575232,0.0,20.0,0.002192087471485138,0.04384174942970276,20.0,7.762729364912957e-05,0.0015525458729825914,10.0,0.010348040610551834,0.10348040610551834,25.0,3.186622416251339e-05,0.0007966556040628348,4.35967983991996,0.0012411023490130901,0.005410808890269675,0.0,0.29521259665489197,0.0,500.0,0.0005063667194917798,0.2531833597458899,200.0,0.0005334007437340915,0.1066801487468183,0.29064532266133064,0.08882740139961243,0.025817268740957886,0.0,0.0,0.0
583,0.5407892465591431,0.0,0.00021416555682662874,0.0,20.0,0.002189816441386938,0.04379632882773876,20.0,7.740367436781526e-05,0.0015480734873563051,10.0,0.01035064086318016,0.1035064086318016,25.0,3.188008486176841e-05,0.0007970021215442102,4.367183591795898,0.0012624978553503752,0.00551355991856367,0.0,0.2952137589454651,0.0,500.0,0.000506178941577673,0.2530894707888365,200.0,0.0005334096495062113,0.10668192990124226,0.2911455727863932,0.08880957961082458,0.02585651592471231,0.0,0.0,0.0
584,0.5406069755554199,0.0,0.0002139537245966494,0.0,20.0,0.0021898529957979918,0.043797059915959835,20.0,7.694664236623794e-05,0.0015389328473247588,10.0,0.010355093516409397,0.10355093516409397,25.0,3.093381383223459e-05,0.0007733453458058648,4.374687343671836,0.001178986276499927,0.005157696342167014,0.0,0.2952200174331665,0.0,500.0,0.0005064323777332902,0.2532161888666451,200.0,0.000533397716935724,0.1066795433871448,0.29164582291145574,0.08878325670957565,0.025893265963823214,0.0,0.0,0.0
585,0.5406695604324341,0.0,0.000214288811548613,0.0,20.0,0.00218733842484653,0.0437467684969306,20.0,7.765277405269444e-05,0.0015530554810538888,10.0,0.010362044908106327,0.10362044908106327,25.0,3.118683162028901e-05,0.0007796707905072253,4.382191095547774,0.0012112581171095371,0.005307964535207376,0.0,0.29525139927864075,0.0,500.0,0.0005061220144852996,0.2530610072426498,200.0,0.0005333434091880918,0.10666868183761835,0.29214607303651824,0.08876355737447739,0.025931924715705247,0.0,0.0,0.0
586,0.5410938858985901,0.0,0.00021410646149888635,0.0,20.0,0.0021859565749764442,0.043719131499528885,20.0,7.817038567736745e-05,0.001563407713547349,10.0,0.010368328541517258,0.10368328541517258,25.0,3.12888078042306e-05,0.000782220195105765,4.389694847423712,0.0012632464058697224,0.0055452662388728435,0.0,0.29526811838150024,0.0,500.0,0.0005063525750301778,0.2531762875150889,200.0,0.000533284735865891,0.1066569471731782,0.2926463231615808,0.08873273432254791,0.02596730844356705,0.0,0.0,0.0
587,0.5410162806510925,0.0,0.00021372480841819197,0.0,20.0,0.002185302320867777,0.04370604641735554,20.0,7.761068263789639e-05,0.0015522136527579278,10.0,0.010373038239777088,0.10373038239777088,25.0,3.056481000385247e-05,0.0007641202500963118,4.397198599299649,0.0011956833768635988,0.005257657269950491,0.0,0.295261412858963,0.0,500.0,0.000506691460032016,0.253345730016008,200.0,0.0005332768196240067,0.10665536392480135,0.29314657328664334,0.08870913088321686,0.026004777737651367,0.0,0.0,0.0
588,0.5410137176513672,0.0,0.00021404922881629318,0.0,20.0,0.0021824014838784933,0.043648029677569866,20.0,7.721027941443026e-05,0.0015442055882886052,10.0,0.010377430357038975,0.10377430357038975,25.0,3.038109753106255e-05,0.0007595274382765638,4.404702351175588,0.001237163902260363,0.005449338749075786,0.0,0.2952439486980438,0.0,500.0,0.0005062606069259346,0.2531303034629673,200.0,0.0005333262961357832,0.10666525922715664,0.29364682341170584,0.08868738263845444,0.026042768188480617,0.0,0.0,0.0
589,0.5409823060035706,0.0,0.00021413821377791464,0.0,20.0,0.0021795041393488646,0.04359008278697729,20.0,7.723105954937637e-05,0.0015446211909875274,10.0,0.010381672531366348,0.10381672531366348,25.0,3.0650906410301104e-05,0.0007662726602575276,4.412206103051526,0.001240367884747684,0.005472758751112843,0.0,0.2952233850955963,0.0,500.0,0.0005060835974290967,0.25304179871454835,200.0,0.0005333588342182338,0.10667176684364676,0.2941470735367684,0.08865723758935928,0.026078266984764013,0.0,0.0,0.0
590,0.5411854386329651,0.0,0.00021381161059252918,0.0,20.0,0.002177683636546135,0.0435536727309227,20.0,7.762954919598997e-05,0.0015525909839197993,10.0,0.01038647536188364,0.1038647536188364,25.0,3.1060124456416816e-05,0.0007765031114104204,4.419709854927464,0.0012369479518383741,0.005466951052772404,0.0,0.2952527701854706,0.0,500.0,0.0005063822027295828,0.2531911013647914,200.0,0.0005332994041964412,0.10665988083928823,0.29464732366183094,0.08864825963973999,0.026119972450128495,0.0,0.0,0.0
591,0.5412083864212036,0.0,0.00021383093553595245,0.0,20.0,0.0021751676686108112,0.043503353372216225,20.0,7.755028491374105e-05,0.001551005698274821,10.0,0.010389963164925575,0.10389963164925575,25.0,3.1241943361237645e-05,0.0007810485840309411,4.427213606803401,0.0012441775761544704,0.005508239894430746,0.0,0.29525744915008545,0.0,500.0,0.0005062938435003161,0.25314692175015807,200.0,0.0005333233275450766,0.10666466550901532,0.29514757378689344,0.08861169964075089,0.02615352815810056,0.0,0.0,0.0
592,0.5410471558570862,0.0,0.00021414639195427299,0.0,20.0,0.0021721809171140194,0.04344361834228039,20.0,7.704581366851926e-05,0.0015409162733703852,10.0,0.010392445139586926,0.10392445139586926,25.0,3.1164614483714104e-05,0.0007791153620928526,4.43471735867934,0.0012478275457397103,0.005533762477730131,0.0,0.29523900151252747,0.0,500.0,0.0005058924434706569,0.25294622173532844,200.0,0.0005334217566996813,0.10668435133993626,0.295647823911956,0.08860091865062714,0.026194668795658148,0.0,0.0,0.0
593,0.5410180687904358,0.0,0.00021398573881015182,0.0,20.0,0.0021706861443817616,0.04341372288763523,20.0,7.694688974879682e-05,0.0015389377949759364,10.0,0.010395894758403301,0.10395894758403301,25.0,3.110440229647793e-05,0.0007776100574119482,4.442221110555278,0.0012139821192249656,0.005392776997857777,0.0,0.29524046182632446,0.0,500.0,0.0005060374969616532,0.2530187484808266,200.0,0.0005334023735485971,0.10668047470971942,0.2961480740370185,0.08859376609325409,0.02623687320020331,0.0,0.0,0.0
594,0.5411866307258606,0.0,0.00021372470655478537,0.0,20.0,0.0021695366594940424,0.04339073318988085,20.0,7.748493226245046e-05,0.0015496986452490091,10.0,0.010400470346212387,0.10400470346212387,25.0,3.142728746752255e-05,0.0007856821866880637,4.449724862431216,0.001189027214422822,0.005290843958124564,0.0,0.2952887713909149,0.0,500.0,0.0005064402939751744,0.2532201469875872,200.0,0.00053333182586357,0.106666365172714,0.29664832416208103,0.08858440071344376,0.026278414018545346,0.0,0.0,0.0
595,0.5414021611213684,0.0,0.0002141637960448861,0.0,20.0,0.002165955025702715,0.0433191005140543,20.0,7.777124847052619e-05,0.0015554249694105238,10.0,0.010404886677861214,0.10404886677861214,25.0,3.196451143594459e-05,0.0007991127858986147,4.457228614307153,0.0012849138583987951,0.00572715481657492,0.0,0.29528820514678955,0.0,500.0,0.00050593342166394,0.25296671083197,200.0,0.0005333301378414035,0.1066660275682807,0.2971485742871436,0.08857458829879761,0.02631981263105842,0.0,0.0,0.0
596,0.5411589741706848,0.0,0.0002141270088031888,0.0,20.0,0.002164399018511176,0.04328798037022352,20.0,7.673227810300887e-05,0.0015346455620601773,10.0,0.010407830588519573,0.10407830588519573,25.0,3.1125084205996245e-05,0.0007781271051499061,4.4647323661830915,0.0012344468850642443,0.00551147496208023,0.0,0.29525795578956604,0.0,500.0,0.0005058575188741088,0.2529287594370544,200.0,0.0005334055749699473,0.10668111499398947,0.2976488244122061,0.08855585008859634,0.026358544673694258,0.0,0.0,0.0
597,0.5410706996917725,0.0,0.00021398300305008888,0.0,20.0,0.0021631589625030756,0.04326317925006151,20.0,7.663319411221892e-05,0.0015326638822443783,10.0,0.010412308387458324,0.10412308387458324,25.0,3.087617369601503e-05,0.0007719043424003758,4.47223611805903,0.0011812045704573393,0.005282625742815715,0.0,0.2952539920806885,0.0,500.0,0.0005060365656390786,0.2530182828195393,200.0,0.0005334074376150966,0.10668148752301931,0.29814907453726863,0.08853783458471298,0.02639747344296595,0.0,0.0,0.0
598,0.5414192080497742,0.0,0.0002142642333637923,0.0,20.0,0.002160118194296956,0.04320236388593912,20.0,7.771581294946373e-05,0.0015543162589892745,10.0,0.010418553836643696,0.10418553836643696,25.0,3.175852543790825e-05,0.0007939631359477062,4.479739869934967,0.0012667456176131964,0.00567469084828723,0.0,0.29527565836906433,0.0,500.0,0.000505811651237309,0.2529058256186545,200.0,0.0005333400913514197,0.10666801827028394,0.2986493246623312,0.08851366490125656,0.02643454624614816,0.0,0.0,0.0
599,0.5414454936981201,0.0,0.00021426788589451462,0.0,20.0,0.002158123068511486,0.04316246137022972,20.0,7.776115671731532e-05,0.0015552231343463063,10.0,0.010423458181321621,0.10423458181321621,25.0,3.1732171919429675e-05,0.0007933042979857419,4.487243621810905,0.001260488759726286,0.005656120147446115,0.0,0.2952757179737091,0.0,500.0,0.0005058132810518146,0.2529066405259073,200.0,0.0005333460867404938,0.10666921734809875,0.2991495747873937,0.0884772464632988,0.026467930657855267,0.0,0.0,0.0
600,0.5413079261779785,0.0,0.00021402115817181766,0.0,20.0,0.00215702410787344,0.043140482157468796,20.0,7.684326556045562e-05,0.0015368653112091124,10.0,0.010427294299006462,0.10427294299006462,25.0,3.089148231083527e-05,0.0007722870577708818,4.4947473736868435,0.0012033040402457118,0.005408547674641181,0.0,0.2952565550804138,0.0,500.0,0.0005059868562966585,0.25299342814832926,200.0,0.0005334121524356306,0.10668243048712611,0.29964982491245623,0.0884396955370903,0.026500939283000045,0.0,0.0,0.0
601,0.5412176251411438,0.0,0.00021426047896966338,0.0,20.0,0.0021542543545365334,0.04308508709073067,20.0,7.698271656408906e-05,0.0015396543312817812,10.0,0.01043182797729969,0.1043182797729969,25.0,3.1188043067231774e-05,0.0007797010766807944,4.502251125562782,0.001206517918035388,0.00543204665448649,0.0,0.2952571213245392,0.0,500.0,0.0005056749214418232,0.2528374607209116,200.0,0.0005334242014214396,0.10668484028428793,0.3001500750375188,0.08842434734106064,0.026540574489562974,0.0,0.0,0.0
602,0.541519284248352,0.0,0.00021415967785287648,0.0,20.0,0.0021520545706152916,0.04304109141230583,20.0,7.758291030768305e-05,0.001551658206153661,10.0,0.010437073186039925,0.10437073186039925,25.0,3.1713847420178354e-05,0.0007928461855044588,4.509754877438719,0.001247131614945829,0.005624257883309979,0.0,0.29525312781333923,0.0,500.0,0.0005057832458987832,0.2528916229493916,200.0,0.0005333631415851414,0.10667262831702828,0.3006503251625813,0.08838987350463867,0.026574444210249043,0.0,0.0,0.0
603,0.5414702296257019,0.0,0.00021387459128163755,0.0,20.0,0.002150831278413534,0.04301662556827068,20.0,7.732464291621e-05,0.0015464928583242,10.0,0.010441288352012634,0.10441288352012634,25.0,3.142645800835453e-05,0.0007856614502088632,4.517258629314657,0.001194061478599906,0.005393884518137645,0.0,0.29522743821144104,0.0,500.0,0.00050606660079211,0.253033300396055,200.0,0.0005333623848855495,0.10667247697710991,0.30115057528764383,0.08835738152265549,0.02660887627645753,0.0,0.0,0.0
604,0.5415483713150024,0.0,0.0002141810255125165,0.0,20.0,0.0021476976107805967,0.042953952215611935,20.0,7.698325498495251e-05,0.0015396650996990502,10.0,0.010445532388985157,0.10445532388985157,25.0,3.1405397749040276e-05,0.0007851349437260069,4.5247623811905955,0.0012521150056272745,0.005665522874386542,0.0,0.2952161133289337,0.0,500.0,0.0005056368536315858,0.2528184268157929,200.0,0.0005334067391231656,0.10668134782463312,0.3016508254127064,0.08834380656480789,0.026648982170374768,0.0,0.0,0.0
605,0.5417507290840149,0.0,0.00021400017431005836,0.0,20.0,0.002145969308912754,0.04291938617825508,20.0,7.724222086835653e-05,0.0015448444173671305,10.0,0.010451584123075008,0.10451584123075008,25.0,3.147434108541347e-05,0.0007868585271353368,4.532266133066534,0.0012469219509512186,0.005651382128873458,0.0,0.2952287197113037,0.0,500.0,0.0005059353425167501,0.25296767125837505,200.0,0.0005333637818694115,0.1066727563738823,0.3021510755377689,0.08833976835012436,0.02669195601974743,0.0,0.0,0.0
606,0.541437566280365,0.0,0.00021424444275908172,0.0,20.0,0.0021432102657854557,0.042864205315709114,20.0,7.719445420661941e-05,0.0015438890841323882,10.0,0.010456320829689503,0.10456320829689503,25.0,3.1613297323929146e-05,0.0007903324330982286,4.539769884942471,0.0011947662569582462,0.005423963872884484,0.0,0.29522591829299927,0.0,500.0,0.0005056931404396892,0.2528465702198446,200.0,0.000533381593413651,0.1066763186827302,0.3026513256628314,0.08831638842821121,0.02672907203555167,0.0,0.0,0.0
607,0.5417275428771973,0.0,0.00021396845113486052,0.0,20.0,0.002142193727195263,0.04284387454390526,20.0,7.716195250395685e-05,0.001543239050079137,10.0,0.010460706427693367,0.10460706427693367,25.0,3.151599594275467e-05,0.0007878998985688668,4.547273636818409,0.0012027123011648655,0.005469061939764196,0.0,0.2952328622341156,0.0,500.0,0.0005060799303464592,0.2530399651732296,200.0,0.0005333530134521425,0.1066706026904285,0.3031515757878939,0.08829184621572495,0.026765812309519417,0.0,0.0,0.0
608,0.5415143966674805,0.0,0.00021431874483823776,0.0,20.0,0.0021389881148934364,0.04277976229786873,20.0,7.690238999202847e-05,0.0015380477998405695,10.0,0.010464080609381199,0.10464080609381199,25.0,3.178614133503288e-05,0.000794653533375822,4.5547773886943475,0.0012054898543283343,0.00549073793079514,0.0,0.29522737860679626,0.0,500.0,0.0005055689834989607,0.25278449174948037,200.0,0.0005334001034498215,0.1066800206899643,0.3036518259129565,0.08827827870845795,0.026805860518276124,0.0,0.0,0.0
609,0.5418617129325867,0.0,0.0002141590666724369,0.0,20.0,0.00213770754635334,0.0427541509270668,20.0,7.684117736062035e-05,0.001536823547212407,10.0,0.010467959567904472,0.10467959567904472,25.0,3.1857362046139315e-05,0.0007964340511534829,4.562281140570285,0.0012527438811957836,0.005715369783144345,0.0,0.2952626645565033,0.0,500.0,0.0005057174130342901,0.25285870651714504,200.0,0.000533377518877387,0.10667550377547741,0.304152076038019,0.08826229721307755,0.026845160933242195,0.0,0.0,0.0
610,0.5420963168144226,0.0,0.00021392074995674193,0.0,20.0,0.002136753872036934,0.04273507744073868,20.0,7.630488835275173e-05,0.0015260977670550346,10.0,0.010471024550497532,0.10471024550497532,25.0,3.1548413971904665e-05,0.0007887103492976166,4.569784892446223,0.001270674983970821,0.0058067113449592036,0.0,0.2952605187892914,0.0,500.0,0.0005059363320469856,0.2529681660234928,200.0,0.0005334073794074357,0.10668147588148713,0.3046523261630815,0.08823126554489136,0.0268798602885637,0.0,0.0,0.0
611,0.5417267680168152,0.0,0.0002144457830581814,0.0,20.0,0.0021331231109797955,0.04266246221959591,20.0,7.713018567301333e-05,0.0015426037134602666,10.0,0.010476183146238327,0.10476183146238327,25.0,3.265454506617971e-05,0.0008163636266544927,4.577288644322161,0.001238033757545054,0.005666837859698471,0.0,0.2952820956707001,0.0,500.0,0.0005053654313087463,0.25268271565437317,200.0,0.0005333881126716733,0.10667762253433466,0.3051525762881441,0.08820618689060211,0.026916345174220754,0.0,0.0,0.0
612,0.5417463183403015,0.0,0.00021424620354082435,0.0,20.0,0.0021317871287465096,0.04263574257493019,20.0,7.722567534074187e-05,0.0015445135068148375,10.0,0.010480658151209354,0.10480658151209354,25.0,3.280751116108149e-05,0.0008201877790270373,4.584792396198099,0.0012031614314764738,0.0055162453824321575,0.0,0.2952978312969208,0.0,500.0,0.0005055959336459637,0.25279796682298183,200.0,0.0005333620356395841,0.10667240712791681,0.3056528264132066,0.08818066865205765,0.026952670608507867,0.0,0.0,0.0
613,0.5419982671737671,0.0,0.0002137343108188361,0.0,20.0,0.0021313652396202087,0.042627304792404175,20.0,7.590560562675819e-05,0.0015181121125351638,10.0,0.01048338320106268,0.10483383201062679,25.0,3.171241769450717e-05,0.0007928104423626792,4.592296148074037,0.0012030780781060457,0.005524890823918709,0.0,0.2952823340892792,0.0,500.0,0.0005060318508185446,0.2530159254092723,200.0,0.0005334492889232934,0.10668985778465867,0.3061530765382691,0.0881766751408577,0.0269955603732891,0.0,0.0,0.0
614,0.5418391227722168,0.0,0.0002141175209544599,0.0,20.0,0.002128147054463625,0.0425629410892725,20.0,7.569478475488722e-05,0.0015138956950977445,10.0,0.010488439351320267,0.10488439351320267,25.0,3.1828189094085246e-05,0.0007957047273521312,4.599799899949975,0.0012218679767102003,0.005620348197023658,0.0,0.2952457070350647,0.0,500.0,0.0005054583307355642,0.2527291653677821,200.0,0.0005334992310963571,0.10669984621927142,0.30665332666333167,0.08815444260835648,0.027032853086004262,0.0,0.0,0.0
615,0.54183429479599,0.0,0.00021476458641700447,0.0,20.0,0.002123631536960602,0.042472630739212036,20.0,7.676714449189603e-05,0.0015353428898379207,10.0,0.01049613393843174,0.1049613393843174,25.0,3.298402589280158e-05,0.0008246006473200396,4.607303651825913,0.001256544142961502,0.00578928041854699,0.0,0.29529300332069397,0.0,500.0,0.0005049987812526524,0.2524993906263262,200.0,0.0005334399174898863,0.10668798349797726,0.3071535767883942,0.08811138570308685,0.02706372727448491,0.0,0.0,0.0
616,0.5421082973480225,0.0,0.00021459351410157979,0.0,20.0,0.002123163780197501,0.042463275603950024,20.0,7.760350126773119e-05,0.0015520700253546238,10.0,0.010503515601158142,0.10503515601158142,25.0,3.325943180243485e-05,0.0008314857950608712,4.6148074037018505,0.001256267656572163,0.005797433282580392,0.0,0.2953626811504364,0.0,500.0,0.0005053495988249779,0.25267479941248894,200.0,0.0005333023145794868,0.10666046291589737,0.3076538269134567,0.08806527405977249,0.027093618582671376,0.0,0.0,0.0
617,0.5428922772407532,0.0,0.0002138255804311484,0.0,20.0,0.002126122824847698,0.042522456496953964,20.0,7.683959847781807e-05,0.0015367919695563614,10.0,0.010508179664611816,0.10508179664611816,25.0,3.176369864377193e-05,0.0007940924660942983,4.622311155577789,0.0013009632239118218,0.006013456822884059,0.0,0.2953309118747711,0.0,500.0,0.0005062962300144136,0.2531481150072068,200.0,0.0005332923028618097,0.10665846057236195,0.30815407703851927,0.08806336671113968,0.02713708548977591,0.0,0.0,0.0
618,0.5418684482574463,0.0,0.00021442260185722262,0.0,20.0,0.0021232510916888714,0.04246502183377743,20.0,7.62481358833611e-05,0.001524962717667222,10.0,0.010510185733437538,0.10510185733437538,25.0,3.19438950100448e-05,0.00079859737525112,4.629814907453727,0.0012064110487699509,0.005585459858112003,0.0,0.29530662298202515,0.0,500.0,0.0005050934851169586,0.2525467425584793,200.0,0.0005333174485713243,0.10666348971426487,0.30865432716358177,0.0880671814084053,0.027182316622804435,0.0,0.0,0.0
619,0.5421169400215149,0.0,0.00021455896785482764,0.0,20.0,0.002120660152286291,0.04241320304572582,20.0,7.632077904418111e-05,0.0015264155808836222,10.0,0.010513336397707462,0.10513336397707462,25.0,3.233801544411108e-05,0.000808450386102777,4.637318659329665,0.0012824421282857656,0.005947092811010029,0.0,0.2952563762664795,0.0,500.0,0.0005047940649092197,0.25239703245460987,200.0,0.0005333680310286582,0.10667360620573163,0.3091545772886443,0.08803953975439072,0.02721782669745546,0.0,0.0,0.0
620,0.5421680212020874,0.0,0.00021402286074589938,0.0,20.0,0.002119368640705943,0.04238737281411886,20.0,7.642457785550505e-05,0.001528491557110101,10.0,0.010516954585909843,0.10516954585909843,25.0,3.231652226531878e-05,0.0008079130566329695,4.6448224112056025,0.0012135435827076435,0.005636694429935202,0.0,0.29528114199638367,0.0,500.0,0.0005054236389696598,0.2527118194848299,200.0,0.0005333799635991454,0.10667599271982908,0.30965482741370687,0.08800172805786133,0.027250159913865014,0.0,0.0,0.0
621,0.5421221256256104,0.0,0.0002142365265171975,0.0,20.0,0.0021152161061763763,0.04230432212352753,20.0,7.641216507181525e-05,0.001528243301436305,10.0,0.01052046287804842,0.1052046287804842,25.0,3.275392737123184e-05,0.000818848184280796,4.652326163081541,0.001245638239197433,0.0057951153699530395,0.0,0.2952360212802887,0.0,500.0,0.0005049655446782708,0.2524827723391354,200.0,0.0005334788002073765,0.1066957600414753,0.31015507753876936,0.08799609541893005,0.0272924357977672,0.0,0.0,0.0
622,0.5419381856918335,0.0,0.0002146556944353506,0.0,20.0,0.0021112130489200354,0.04222426097840071,20.0,7.599694072268903e-05,0.0015199388144537807,10.0,0.010524535551667213,0.10524535551667213,25.0,3.276140705565922e-05,0.0008190351763914805,4.659829914957479,0.0012528278166428208,0.00583796453828308,0.0,0.2952239215373993,0.0,500.0,0.0005044629797339439,0.25223148986697197,200.0,0.0005336430622264743,0.10672861244529486,0.3106553276638319,0.0879802331328392,0.027331528151822482,0.0,0.0,0.0
623,0.5418843626976013,0.0,0.0002144990867236629,0.0,20.0,0.0021101897582411766,0.04220379516482353,20.0,7.602192636113614e-05,0.0015204385272227228,10.0,0.010530239902436733,0.10530239902436733,25.0,3.2468426070408896e-05,0.0008117106517602224,4.667333666833417,0.0012103982735425234,0.005649332612382063,0.0,0.29522275924682617,0.0,500.0,0.0005046195001341403,0.2523097500670701,200.0,0.0005335570313036442,0.10671140626072884,0.31115557778889447,0.08798027038574219,0.02737555186589877,0.0,0.0,0.0
624,0.5427001714706421,0.0,0.00021377508528530598,0.0,20.0,0.002111713634803891,0.042234272696077824,20.0,7.67144956625998e-05,0.001534289913251996,10.0,0.010539057664573193,0.10539057664573193,25.0,3.192487929482013e-05,0.0007981219823705032,4.674837418709354,0.0012107775546610355,0.005660188218262819,0.0,0.2952938973903656,0.0,500.0,0.0005059735849499702,0.2529867924749851,200.0,0.0005334092420525849,0.10668184841051698,0.31165582791395696,0.08796276897192001,0.027414109589547857,0.0,0.0,0.0
625,0.5424760580062866,0.0,0.00021415037917904556,0.0,20.0,0.002108856802806258,0.042177136056125164,20.0,7.699122943449765e-05,0.001539824588689953,10.0,0.010545823723077774,0.10545823723077774,25.0,3.2241026929114014e-05,0.0008060256732278503,4.682341170585293,0.0012047340860590339,0.00564097601076166,0.0,0.29532164335250854,0.0,500.0,0.0005054624052718282,0.2527312026359141,200.0,0.0005333824083209038,0.10667648166418076,0.3121560780390195,0.08792468160390854,0.027446223772305618,0.0,0.0,0.0
626,0.5425354838371277,0.0,0.00021462557197082788,0.0,20.0,0.0021057880949229,0.042115761898458004,20.0,7.607173756696284e-05,0.0015214347513392568,10.0,0.010549976490437984,0.10549976490437984,25.0,3.1881743780104443e-05,0.0007970435945026111,4.689844922461231,0.0013034582370892167,0.00611301699485313,0.0,0.29523321986198425,0.0,500.0,0.0005046373698860407,0.25231868494302034,200.0,0.0005334355519153178,0.10668711038306355,0.31265632816408206,0.08790043741464615,0.027482628006079965,0.0,0.0,0.0
627,0.5425783395767212,0.0,0.00021452040527947247,0.0,20.0,0.0021040986757725477,0.042081973515450954,20.0,7.564879342680797e-05,0.0015129758685361594,10.0,0.010555261746048927,0.10555261746048927,25.0,3.1594121537636966e-05,0.0007898530384409241,4.697348674337168,0.0012975949794054031,0.0060952560563365355,0.0,0.2952297031879425,0.0,500.0,0.0005046717706136405,0.2523358853068203,200.0,0.0005334629095159471,0.10669258190318942,0.31315657828914456,0.08787040412425995,0.02751719508843758,0.0,0.0,0.0
628,0.5430451035499573,0.0,0.00021389151515904814,0.0,20.0,0.0021032681688666344,0.04206536337733269,20.0,7.587196887470782e-05,0.0015174393774941564,10.0,0.010561849921941757,0.10561849921941757,25.0,3.15518191200681e-05,0.0007887954780017026,4.704852426213106,0.0012936138082295656,0.006086262064231648,0.0,0.29525959491729736,0.0,500.0,0.0005054687499068677,0.25273437495343387,200.0,0.0005334128509275615,0.1066825701855123,0.3136568284142071,0.08784066885709763,0.027551825599499858,0.0,0.0,0.0
629,0.5424207448959351,0.0,0.00021414365619421005,0.0,20.0,0.0020998413674533367,0.041996827349066734,20.0,7.620842370670289e-05,0.0015241684741340578,10.0,0.010566692799329758,0.10566692799329758,25.0,3.226133776479401e-05,0.0008065334441198502,4.712356178089045,0.0011980627896264195,0.005645698588434654,0.0,0.29525208473205566,0.0,500.0,0.0005050183972343802,0.2525091986171901,200.0,0.0005334163433872163,0.10668326867744327,0.3141570785392696,0.08781634271144867,0.027588125674231995,0.0,0.0,0.0
630,0.5421381592750549,0.0,0.00021445061429403722,0.0,20.0,0.0020963752176612616,0.04192750435322523,20.0,7.576543430332094e-05,0.0015153086860664189,10.0,0.010569955222308636,0.10569955222308636,25.0,3.244571780669503e-05,0.0008111429451673757,4.719859929964983,0.0011937601957470179,0.005634380913893504,0.0,0.29525092244148254,0.0,500.0,0.0005044410354457796,0.2522205177228898,200.0,0.0005335393361747265,0.1067078672349453,0.31465732866433216,0.08778386563062668,0.02762183665916167,0.0,0.0,0.0
631,0.5422236919403076,0.0,0.0002141348086297512,0.0,20.0,0.0020957428496330976,0.04191485699266195,20.0,7.53001295379363e-05,0.001506002590758726,10.0,0.010572649538516998,0.10572649538516998,25.0,3.207004556315951e-05,0.0008017511390789878,4.72736368184092,0.0011913370108231902,0.005631883317798472,0.0,0.29524853825569153,0.0,500.0,0.000504553725477308,0.252276862738654,200.0,0.0005335402674973011,0.10670805349946022,0.3151575787893947,0.08775845170021057,0.027657741156144403,0.0,0.0,0.0
632,0.5425167083740234,0.0,0.00021368310262914747,0.0,20.0,0.002095136558637023,0.04190273117274046,20.0,7.557123899459839e-05,0.0015114247798919678,10.0,0.01057759765535593,0.1057759765535593,25.0,3.205710163456388e-05,0.000801427540864097,4.734867433716858,0.0011751919519156218,0.0055643781014914255,0.0,0.295266717672348,0.0,500.0,0.0005051518091931939,0.25257590459659696,200.0,0.0005334420129656792,0.10668840259313583,0.3156578289144572,0.08774204552173615,0.027696463593904704,0.0,0.0,0.0
633,0.54265958070755,0.0,0.00021404105063993484,0.0,20.0,0.002091847825795412,0.04183695651590824,20.0,7.576106145279482e-05,0.0015152212290558964,10.0,0.010582712478935719,0.10582712478935719,25.0,3.2492320315213874e-05,0.0008123080078803468,4.742371185592797,0.0012541102478280663,0.005947456302856463,0.0,0.2952972948551178,0.0,500.0,0.0005046066362410784,0.2523033181205392,200.0,0.0005334332818165421,0.10668665636330843,0.31615807903951976,0.08771095424890518,0.027730526806057067,0.0,0.0,0.0
634,0.5427789092063904,0.0,0.00021413699141703546,0.0,20.0,0.0020898496732115746,0.04179699346423149,20.0,7.501379877794534e-05,0.0015002759755589068,10.0,0.010586644522845745,0.10586644522845745,25.0,3.2020656362874433e-05,0.0008005164090718608,4.749874937468735,0.0012993072159588337,0.006171546781155141,0.0,0.29527801275253296,0.0,500.0,0.0005043570999987423,0.25217854999937117,200.0,0.0005334817105904222,0.10669634211808443,0.3166583291645823,0.08769132196903229,0.027768187496947195,0.0,0.0,0.0
635,0.5427242517471313,0.0,0.0002137912524631247,0.0,20.0,0.002089788904413581,0.04179577808827162,20.0,7.517980702687055e-05,0.001503596140537411,10.0,0.01059267483651638,0.1059267483651638,25.0,3.169866613461636e-05,0.000792466653365409,4.757378689344672,0.0012141263578087091,0.005776058860810817,0.0,0.29534074664115906,0.0,500.0,0.0005048750317655504,0.2524375158827752,200.0,0.0005334116867743433,0.10668233735486865,0.3171585792896448,0.08768394589424133,0.027809715706327665,0.0,0.0,0.0
636,0.5438914895057678,0.0,0.00021382924751378596,0.0,20.0,0.0020893968176096678,0.041787936352193356,20.0,7.64157812227495e-05,0.00152831562445499,10.0,0.010601241141557693,0.10601241141557693,25.0,3.204111271770671e-05,0.0008010278179426678,4.76488244122061,0.0013683420838788152,0.006519989169057386,0.0,0.29538214206695557,0.0,500.0,0.0005054638022556901,0.25273190112784505,200.0,0.000533321057446301,0.1066642114892602,0.31765882941470736,0.0876590758562088,0.027845679424058325,0.0,0.0,0.0
637,0.5427678823471069,0.0,0.00021449037012644112,0.0,20.0,0.002084700856357813,0.04169401712715626,20.0,7.59870745241642e-05,0.001519741490483284,10.0,0.010602624155580997,0.10602624155580997,25.0,3.2793723221402615e-05,0.0008198430805350654,4.7723861930965485,0.0012626394163817167,0.006025802917599589,0.0,0.2954394519329071,0.0,500.0,0.0005042379489168525,0.25211897445842624,200.0,0.0005333849112503231,0.10667698225006461,0.3181590795397699,0.08764881640672684,0.027886266750714494,0.0,0.0,0.0
638,0.5426881909370422,0.0,0.00021439410920720547,0.0,20.0,0.0020839886274188757,0.041679772548377514,20.0,7.433726568706334e-05,0.0014867453137412667,10.0,0.010602645576000214,0.10602645576000214,25.0,3.182011641911231e-05,0.0007955029104778077,4.779889944972486,0.0012709919828921556,0.0060752017991668565,0.0,0.2953185737133026,0.0,500.0,0.0005039700772613287,0.25198503863066435,200.0,0.0005335583118721843,0.10671166237443686,0.3186593296648324,0.0876416563987732,0.027927831478748635,0.0,0.0,0.0
639,0.5433950424194336,0.0,0.00021366245346143842,0.0,20.0,0.002084180247038603,0.04168360494077206,20.0,7.383920456049964e-05,0.0014767840912099928,10.0,0.01060682162642479,0.1060682162642479,25.0,3.121031113550998e-05,0.0007802577783877496,4.787393696848424,0.001315651461482048,0.006298541513948574,0.0,0.29530027508735657,0.0,500.0,0.0005048318998888135,0.25241594994440675,200.0,0.0005335301393643022,0.10670602787286043,0.31915957978989495,0.08762291818857193,0.02796569374902896,0.0,0.0,0.0
640,0.5445543527603149,0.0,0.00021334021585062146,0.0,20.0,0.002085529500618577,0.04171059001237154,20.0,7.48204329283908e-05,0.001496408658567816,10.0,0.010614842176437378,0.10614842176437378,25.0,3.1023111660033464e-05,0.0007755777915008366,4.794897448724362,0.001421578461304307,0.006816322937269526,0.0,0.2953624129295349,0.0,500.0,0.0005058663664385676,0.2529331832192838,200.0,0.0005333800218068063,0.10667600436136127,0.3196598299149575,0.08758639544248581,0.027997852270009223,0.0,0.0,0.0
641,0.5432249903678894,0.0,0.00021433935035020113,0.0,20.0,0.002082027494907379,0.04164054989814758,20.0,7.643801654921845e-05,0.001528760330984369,10.0,0.010622560977935791,0.10622560977935791,25.0,3.24059983540792e-05,0.00081014995885198,4.8024012006003005,0.0012561619514599442,0.006032593663839653,0.0,0.295427143573761,0.0,500.0,0.0005046046571806073,0.25230232859030366,200.0,0.0005332892178557813,0.10665784357115626,0.32016008004002,0.08754118531942368,0.02802719289866491,0.0,0.0,0.0
642,0.5428406000137329,0.0,0.00021522323368117213,0.0,20.0,0.0020780216436833143,0.041560432873666286,20.0,7.630859909113497e-05,0.0015261719818226993,10.0,0.010626411065459251,0.10626411065459251,25.0,3.288526932010427e-05,0.0008221317330026068,4.809904952476238,0.0012854827800765634,0.006183049990213184,0.0,0.29540321230888367,0.0,500.0,0.0005034701898694038,0.2517350949347019,200.0,0.0005334434099495411,0.10668868198990822,0.32066033016508255,0.08750972151756287,0.02806089619447614,0.0,0.0,0.0
643,0.5431089401245117,0.0,0.00021491262305062264,0.0,20.0,0.0020777923054993153,0.041555846109986305,20.0,7.485323294531554e-05,0.0014970646589063108,10.0,0.010627474635839462,0.10627474635839462,25.0,3.1733798095956445e-05,0.0007933449523989111,4.817408704352176,0.001342655043117702,0.006468118091657564,0.0,0.2953694760799408,0.0,500.0,0.0005034395726397634,0.2517197863198817,200.0,0.0005335253663361073,0.10670507326722145,0.32116058029014505,0.08747963607311249,0.028095010684811513,0.0,0.0,0.0
644,0.5433583855628967,0.0,0.00021373899653553963,0.0,20.0,0.002079131780192256,0.04158263560384512,20.0,7.432241545757279e-05,0.0014864483091514558,10.0,0.010630939155817032,0.10630939155817032,25.0,3.0815437639830634e-05,0.0007703859409957658,4.824912456228114,0.0012281775707378983,0.0059258492595132715,0.0,0.29532623291015625,0.0,500.0,0.0005048998282290995,0.25244991411454976,200.0,0.0005334736779332161,0.10669473558664322,0.3216608304152076,0.08748035132884979,0.028139002453451935,0.0,0.0,0.0
645,0.5432739853858948,0.0,0.00021382176782935858,0.0,20.0,0.0020764663349837065,0.04152932669967413,20.0,7.521514635300264e-05,0.0015043029270600528,10.0,0.010635698214173317,0.10635698214173317,25.0,3.177827238687314e-05,0.0007944568096718285,4.832416208104052,0.0012219160562381148,0.005904806955107648,0.0,0.29533347487449646,0.0,500.0,0.0005046307924203575,0.25231539621017873,200.0,0.0005334242014214396,0.10668484028428793,0.32216108054027015,0.08748382329940796,0.02818388304393133,0.0,0.0,0.0
646,0.5428389310836792,0.0,0.00021469431521836668,0.0,20.0,0.00207252474501729,0.0414504949003458,20.0,7.679148984607309e-05,0.0015358297969214618,10.0,0.010643664747476578,0.10643664747476578,25.0,3.319672396173701e-05,0.0008299180990434252,4.83991995997999,0.0011877182405442,0.0057484612192421885,0.0,0.2954089343547821,0.0,500.0,0.0005038684466853738,0.2519342233426869,200.0,0.0005333819426596165,0.1066763885319233,0.32266133066533265,0.08748164027929306,0.02822694246130266,0.0,0.0,0.0
647,0.5428047180175781,0.0,0.00021488970378413796,0.0,20.0,0.0020699710585176945,0.04139942117035389,20.0,7.657308015041053e-05,0.0015314616030082107,10.0,0.01064897608011961,0.1064897608011961,25.0,3.310270403744653e-05,0.0008275676009361632,4.847423711855928,0.0011916402727365494,0.005776385314065615,0.0,0.29540205001831055,0.0,500.0,0.0005036477814428508,0.2518238907214254,200.0,0.0005334318848326802,0.10668637696653605,0.3231615807903952,0.08747900277376175,0.028269852822336215,0.0,0.0,0.0
648,0.5429056882858276,0.0,0.00021426694002002478,0.0,20.0,0.002069383393973112,0.04138766787946224,20.0,7.507095142500475e-05,0.001501419028500095,10.0,0.010652302764356136,0.10652302764356136,25.0,3.176228710799478e-05,0.0007940571776998695,4.854927463731866,0.001167408423498273,0.005667683216633686,0.0,0.29526859521865845,0.0,500.0,0.0005040277610532939,0.25201388052664697,200.0,0.0005335402674973011,0.10670805349946022,0.32366183091545775,0.08746744692325592,0.028309874016681634,0.0,0.0,0.0
649,0.5435951352119446,0.0,0.00021394944633357227,0.0,20.0,0.002066649030894041,0.04133298061788082,20.0,7.44210192351602e-05,0.001488420384703204,10.0,0.010656673461198807,0.10656673461198807,25.0,3.15367869916372e-05,0.00078841967479093,4.862431215607804,0.0012793599162250757,0.006220799592650193,0.0,0.2952473759651184,0.0,500.0,0.0005042437114752829,0.25212185573764145,200.0,0.0005336371250450611,0.10672742500901222,0.32416208104052024,0.08745159953832626,0.02834849249666604,0.0,0.0,0.0
650,0.5441887378692627,0.0,0.00021375463984441012,0.0,20.0,0.0020651384256780148,0.041302768513560295,20.0,7.501231448259205e-05,0.001500246289651841,10.0,0.010663892142474651,0.10663892142474651,25.0,3.167876275256276e-05,0.000791969068814069,4.869934967483742,0.0013356595300137997,0.006504575049867103,0.0,0.29523319005966187,0.0,500.0,0.0005047039594501257,0.25235197972506285,200.0,0.000533562561031431,0.10671251220628619,0.3246623311655828,0.08743166923522949,0.028385769551607775,0.0,0.0,0.0
651,0.5443414449691772,0.0,0.00021394665236584842,0.0,20.0,0.002063631545752287,0.04127263091504574,20.0,7.531832670792937e-05,0.0015063665341585875,10.0,0.010668535716831684,0.10668535716831684,25.0,3.185696550644934e-05,0.0007964241376612335,4.87743871935968,0.0013868763344362378,0.006764404332542931,0.0,0.29525309801101685,0.0,500.0,0.0005043811397626996,0.2521905698813498,200.0,0.0005335271125659347,0.10670542251318693,0.32516258129064535,0.08740317076444626,0.02842024061875441,0.0,0.0,0.0
652,0.5439440011978149,0.0,0.00021484479657374322,0.0,20.0,0.002060862025246024,0.04121724050492048,20.0,7.509264105465263e-05,0.0015018528210930526,10.0,0.01067054457962513,0.1067054457962513,25.0,3.214318348909728e-05,0.0008035795872274321,4.884942471235618,0.0014296525623649359,0.0069837705210073035,0.0,0.29527178406715393,0.0,500.0,0.0005031143082305789,0.25155715411528945,200.0,0.000533626414835453,0.1067252829670906,0.32566283141570784,0.08735950291156769,0.028449743069249907,0.0,0.0,0.0
653,0.5439496040344238,0.0,0.00021485936304088682,0.0,20.0,0.002062398474663496,0.04124796949326992,20.0,7.551703311037272e-05,0.0015103406622074544,10.0,0.010675406083464622,0.10675406083464622,25.0,3.182571163051762e-05,0.0007956427907629404,4.8924462231115555,0.0014035054482519627,0.006866574929416805,0.0,0.2953338921070099,0.0,500.0,0.0005031836917623878,0.2515918458811939,200.0,0.0005335011519491673,0.10670023038983345,0.3261630815407704,0.0873272567987442,0.0284829271799806,0.0,0.0,0.0
654,0.5443768501281738,0.0,0.00021414129878394306,0.0,20.0,0.002067086985334754,0.04134173970669508,20.0,7.557297067251056e-05,0.0015114594134502113,10.0,0.010682032443583012,0.10682032443583012,25.0,3.031911728612613e-05,0.0007579779321531532,4.899949974987494,0.0013055845629423857,0.0063972990465336,0.0,0.29532957077026367,0.0,500.0,0.0005047129234299064,0.2523564617149532,200.0,0.0005333949811756611,0.10667899623513222,0.3266633316658329,0.08728432655334473,0.02851258891412411,0.0,0.0,0.0
655,0.5439417362213135,0.0,0.00021452437795232981,0.0,20.0,0.0020662969909608364,0.04132593981921673,20.0,7.589294546050951e-05,0.0015178589092101902,10.0,0.010687120258808136,0.10687120258808136,25.0,3.0449249607045203e-05,0.0007612312401761301,4.907453726863432,0.0012545955833047628,0.006156869770995359,0.0,0.2953484356403351,0.0,500.0,0.0005041733384132385,0.25208666920661926,200.0,0.0005333608714863658,0.10667217429727316,0.32716358179089544,0.0872645229101181,0.028549773878547895,0.0,0.0,0.0
656,0.5433796644210815,0.0,0.000215319509152323,0.0,20.0,0.002061680657789111,0.04123361315578222,20.0,7.615500362589955e-05,0.001523100072517991,10.0,0.010689993388950825,0.10689993388950825,25.0,3.1555005989503115e-05,0.0007888751497375779,4.914957478739369,0.001255509676411748,0.006170776673709566,0.0,0.29533806443214417,0.0,500.0,0.0005029633757658303,0.25148168788291514,200.0,0.0005334775778464973,0.10669551556929946,0.327663831915958,0.08724221587181091,0.028586118757396774,0.0,0.0,0.0
657,0.5431312918663025,0.0,0.00021528109209612012,0.0,20.0,0.0020575057715177536,0.04115011543035507,20.0,7.61704141041264e-05,0.0015234082820825279,10.0,0.010692337527871132,0.10692337527871132,25.0,3.2597519748378545e-05,0.0008149379937094636,4.9224612306153075,0.0012137002777308226,0.005974392562717005,0.0,0.29535752534866333,0.0,500.0,0.0005028367158956826,0.2514183579478413,200.0,0.0005335357855074108,0.10670715710148215,0.3281640820410205,0.08721104264259338,0.028619531752646952,0.0,0.0,0.0
658,0.5432368516921997,0.0,0.0002144027384929359,0.0,20.0,0.0020546538289636374,0.04109307657927275,20.0,7.581309182569385e-05,0.001516261836513877,10.0,0.010694879107177258,0.10694879107177258,25.0,3.3168293157359585e-05,0.0008292073289339896,4.929964982491246,0.001155796810053289,0.005698037800437801,0.0,0.29533353447914124,0.0,500.0,0.0005035767680965364,0.2517883840482682,200.0,0.0005334834568202496,0.10669669136404991,0.32866433216608304,0.08722085505723953,0.028666384078342357,0.0,0.0,0.0
659,0.5432013869285583,0.0,0.0002138882118742913,0.0,20.0,0.0020520121324807405,0.04104024264961481,20.0,7.484471279894933e-05,0.0014968942559789866,10.0,0.010697321966290474,0.10697321966290474,25.0,3.312828266643919e-05,0.0008282070666609798,4.937468734367184,0.0011043865233659744,0.005452873929775972,0.0,0.2952691912651062,0.0,500.0,0.0005039721145294607,0.25198605726473033,200.0,0.0005335592431947589,0.10671184863895178,0.3291645822911456,0.08722691982984543,0.028712012630334315,0.0,0.0,0.0
660,0.5429819226264954,0.0,0.0002142055018339306,0.0,20.0,0.0020472723990678787,0.040945447981357574,20.0,7.406147051369771e-05,0.0014812294102739543,10.0,0.01070124190300703,0.1070124190300703,25.0,3.349809048813768e-05,0.0008374522622034419,4.944972486243121,0.0011495263315737247,0.005684376081844056,0.0,0.29521167278289795,0.0,500.0,0.0005030689062550664,0.2515344531275332,200.0,0.0005336545873433352,0.10673091746866703,0.3296648324162081,0.08722684532403946,0.028755623345943972,0.0,0.0,0.0
661,0.5435048937797546,0.0,0.00021484942408278584,0.0,20.0,0.0020433729514479637,0.040867459028959274,20.0,7.451087003573775e-05,0.001490217400714755,10.0,0.010708256624639034,0.10708256624639034,25.0,3.429673961363733e-05,0.0008574184903409332,4.9524762381190595,0.0013032634742558002,0.006454381388260341,0.0,0.2952102720737457,0.0,500.0,0.0005024776910431683,0.25123884552158415,200.0,0.0005336103495210409,0.10672206990420818,0.33016508254127064,0.0872047021985054,0.02879194769935646,0.0,0.0,0.0
662,0.5439387559890747,0.0,0.0002145875187125057,0.0,20.0,0.002045277040451765,0.0409055408090353,20.0,7.511182047892362e-05,0.0015022364095784724,10.0,0.010716814547777176,0.10716814547777176,25.0,3.3690506825223565e-05,0.0008422626706305891,4.959979989994998,0.00129751767963171,0.0064356617276380215,0.0,0.2952497601509094,0.0,500.0,0.0005031327018514276,0.2515663509257138,200.0,0.0005334600573405623,0.10669201146811247,0.3306653326663332,0.0871773287653923,0.028826520417170744,0.0,0.0,0.0
663,0.5450408458709717,0.0,0.00021392691996879876,0.0,20.0,0.002050200942903757,0.04100401885807514,20.0,7.441092020599172e-05,0.0014882184041198343,10.0,0.010723067447543144,0.10723067447543144,25.0,3.1386545742861927e-05,0.0007846636435715482,4.967483741870936,0.0013392422115430236,0.006652663912267247,0.0,0.2953031063079834,0.0,500.0,0.0005046469741500914,0.2523234870750457,200.0,0.0005334682064130902,0.10669364128261805,0.3311655827913957,0.08715729415416718,0.028863496113085876,0.0,0.0,0.0
664,0.5441054105758667,0.0,0.00021445692982524633,0.0,20.0,0.002049693139269948,0.04099386278539896,20.0,7.371409446932375e-05,0.001474281889386475,10.0,0.010725396685302258,0.10725396685302258,25.0,3.071614628424868e-05,0.000767903657106217,4.974987493746873,0.001242559403181076,0.006181717491063432,0.0,0.2953146696090698,0.0,500.0,0.0005036812508478761,0.25184062542393804,200.0,0.0005334831075742841,0.10669662151485682,0.33166583291645824,0.08712521195411682,0.02889645599078512,0.0,0.0,0.0
665,0.544246256351471,0.0,0.0002154811518266797,0.0,20.0,0.002046549692749977,0.04093099385499954,20.0,7.439171167789027e-05,0.0014878342335578054,10.0,0.010729411616921425,0.10729411616921425,25.0,3.166331953252666e-05,0.0007915829883131664,4.982491245622811,0.001386543270200491,0.00690843970545117,0.0,0.2953452467918396,0.0,500.0,0.0005023562698625028,0.2511781349312514,200.0,0.0005336254253052175,0.1067250850610435,0.3321660830415208,0.08709514886140823,0.028930054449212143,0.0,0.0,0.0
666,0.543734073638916,0.0,0.0002154153771698475,0.0,20.0,0.0020461073145270348,0.040922146290540695,20.0,7.557227945653722e-05,0.0015114455891307443,10.0,0.010735467076301575,0.10735467076301575,25.0,3.226930130040273e-05,0.0008067325325100683,4.98999499749875,0.0012350522447377443,0.006162904522890945,0.0,0.2954059839248657,0.0,500.0,0.0005026378785260022,0.2513189392630011,200.0,0.0005334901507012546,0.10669803014025092,0.3326663331665833,0.0870518684387207,0.028959225868809037,0.0,0.0,0.0
667,0.5450920462608337,0.0,0.0002144434256479144,0.0,20.0,0.0020462817046791315,0.04092563409358263,20.0,7.560786616522819e-05,0.0015121573233045638,10.0,0.010739939287304878,0.10739939287304878,25.0,3.199814091203734e-05,0.0007999535228009336,4.997498749374687,0.0013493706937879324,0.006743478354648046,0.0,0.2954447865486145,0.0,500.0,0.0005040887044742703,0.25204435223713517,200.0,0.0005333591834641993,0.10667183669283986,0.33316658329164583,0.08702917397022247,0.02899521253835326,0.0,0.0,0.0
668,0.5434421896934509,0.0,0.000214336920180358,0.0,20.0,0.002041406463831663,0.04082812927663326,20.0,7.426139200106263e-05,0.0014852278400212526,10.0,0.010738804936408997,0.10738804936408997,25.0,3.2466286938870326e-05,0.0008116571734717581,5.005002501250625,0.0011137505061924458,0.005574324069262341,0.0,0.29541313648223877,0.0,500.0,0.0005032267654314637,0.25161338271573186,200.0,0.000533515471033752,0.10670309420675039,0.33366683341670833,0.08702786266803741,0.02903831135546821,0.0,0.0,0.0
669,0.5431909561157227,0.0,0.00021487122285179794,0.0,20.0,0.0020352627616375685,0.04070525523275137,20.0,7.319118594750762e-05,0.0014638237189501524,10.0,0.010739591903984547,0.10739591903984547,25.0,3.3285563404206187e-05,0.0008321390851051547,5.012506253126563,0.001188024296425283,0.005954979214698017,0.0,0.2953348755836487,0.0,500.0,0.0005020347889512777,0.25101739447563887,200.0,0.0005337205366231501,0.10674410732463002,0.3341670835417709,0.08701444417238235,0.029077363035093253,0.0,0.0,0.0
670,0.5432695150375366,0.0,0.00021471286891028285,0.0,20.0,0.0020319190807640553,0.040638381615281105,20.0,7.317538984352723e-05,0.0014635077968705446,10.0,0.010745367035269737,0.10745367035269737,25.0,3.3779269870137796e-05,0.0008444817467534449,5.020010005002502,0.001204467611387372,0.006046439459866073,0.0,0.29530593752861023,0.0,500.0,0.0005019629024900496,0.2509814512450248,200.0,0.000533621700014919,0.10672434000298381,0.33466733366683343,0.08700356632471085,0.029117251561396478,0.0,0.0,0.0
671,0.5439634919166565,0.0,0.00021379167446866632,0.0,20.0,0.002032094169408083,0.04064188338816166,20.0,7.419508619932458e-05,0.0014839017239864916,10.0,0.010756158269941807,0.10756158269941807,25.0,3.370487320353277e-05,0.0008426218300883193,5.027513756878439,0.001174788223579526,0.00590626395546485,0.0,0.29534900188446045,0.0,500.0,0.0005033068591728806,0.2516534295864403,200.0,0.0005335805471986532,0.10671610943973064,0.33516758379189593,0.08699432015419006,0.02915767608969852,0.0,0.0,0.0
672,0.5455572605133057,0.0,0.00021373474737629294,0.0,20.0,0.002030041068792343,0.04060082137584686,20.0,7.465895032510161e-05,0.0014931790065020323,10.0,0.010765490122139454,0.10765490122139454,25.0,3.369543264852837e-05,0.0008423858162132092,5.035017508754377,0.0014285804936662316,0.007192927798274448,0.0,0.29535964131355286,0.0,500.0,0.0005037217633798718,0.2518608816899359,200.0,0.0005335845053195953,0.10671690106391907,0.3356678339169585,0.08697670698165894,0.029195282833763454,0.0,0.0,0.0
673,0.5443942546844482,0.0,0.00021439659758470953,0.0,20.0,0.0020258892327547073,0.04051778465509415,20.0,7.366875070147216e-05,0.0014733750140294433,10.0,0.010767649859189987,0.10767649859189987,25.0,3.37500823661685e-05,0.0008437520591542125,5.042521260630315,0.001341977622359991,0.006766950692040375,0.0,0.2953685224056244,0.0,500.0,0.0005023682024329901,0.25118410121649504,200.0,0.0005335091846063733,0.10670183692127466,0.33616808404202103,0.0869504064321518,0.029229951536971492,0.0,0.0,0.0
674,0.5445341467857361,0.0,0.00021422325517050922,0.0,20.0,0.0020264380145817995,0.04052876029163599,20.0,7.218621612992138e-05,0.0014437243225984275,10.0,0.010770147666335106,0.10770147666335106,25.0,3.2132171327248216e-05,0.0008033042831812054,5.050025012506253,0.0013519368367269635,0.006827314840799748,0.0,0.29532158374786377,0.0,500.0,0.0005024486454203725,0.25122432271018624,200.0,0.0005337133188731968,0.10674266377463937,0.3366683341670835,0.0869181752204895,0.029262597260324878,0.0,0.0,0.0
675,0.5448110699653625,0.0,0.00021359311358537525,0.0,20.0,0.002030851785093546,0.04061703570187092,20.0,7.207222370197996e-05,0.0014414444740395993,10.0,0.010776842944324017,0.10776842944324017,25.0,3.0333754693856463e-05,0.0007583438673464116,5.057528764382191,0.001245679915882647,0.0063000620057896755,0.0,0.2953667640686035,0.0,500.0,0.0005038015660829842,0.2519007830414921,200.0,0.000533668848220259,0.10673376964405179,0.3371685842921461,0.08687413483858109,0.029291229055129393,0.0,0.0,0.0
676,0.5451536774635315,0.0,0.00021424188162200153,0.0,20.0,0.0020313267596066,0.040626535192131996,20.0,7.371667015831918e-05,0.0014743334031663835,10.0,0.010786081664264202,0.10786081664264202,25.0,3.076047505601309e-05,0.0007690118764003273,5.065032516258129,0.001339484704658389,0.006784533584125158,0.0,0.2954457104206085,0.0,500.0,0.0005032445769757032,0.2516222884878516,200.0,0.0005334700108505785,0.10669400217011571,0.33766883441720863,0.08683696389198303,0.029322136381735142,0.0,0.0,0.0
677,0.5444061756134033,0.0,0.0002150772779714316,0.0,20.0,0.0020284259226173162,0.040568518452346325,20.0,7.47032172512263e-05,0.0014940643450245261,10.0,0.010790366679430008,0.10790366679430008,25.0,3.19886275974568e-05,0.00079971568993642,5.072536268134067,0.0012814393267035484,0.006500147460117049,0.0,0.29548418521881104,0.0,500.0,0.0005021569086238742,0.2510784543119371,200.0,0.0005334978341124952,0.10669956682249904,0.3381690845422711,0.08682651817798615,0.029362044166242437,0.0,0.0,0.0
678,0.5436501502990723,0.0,0.00021484482567757368,0.0,20.0,0.0020262100733816624,0.04052420146763325,20.0,7.419947360176593e-05,0.0014839894720353186,10.0,0.010791405104100704,0.10791405104100704,25.0,3.219196150894277e-05,0.0008047990377235692,5.080040020010005,0.0011532786302268505,0.00585870159577472,0.0,0.29550203680992126,0.0,500.0,0.0005019285017624497,0.25096425088122487,200.0,0.0005334989400580525,0.10669978801161051,0.3386693346673337,0.08681157976388931,0.029400419960056563,0.0,0.0,0.0
679,0.5440900325775146,0.0,0.00021400224068202078,0.0,20.0,0.0020251066889613867,0.040502133779227734,20.0,7.288971391972154e-05,0.0014577942783944309,10.0,0.010792195796966553,0.10792195796966553,25.0,3.145854134345427e-05,0.0007864635335863568,5.087543771885943,0.0011857895879074931,0.0060327564327259655,0.0,0.2954528033733368,0.0,500.0,0.0005025062127970159,0.25125310639850795,200.0,0.0005334866582415998,0.10669733164831996,0.3391695847923962,0.08679578453302383,0.029438490201795977,0.0,0.0,0.0
680,0.5455666780471802,0.0,0.00021344516426324844,0.0,20.0,0.002023365581408143,0.04046731162816286,20.0,7.229237235151231e-05,0.0014458474470302463,10.0,0.010795860551297665,0.10795860551297665,25.0,3.117467713309452e-05,0.000779366928327363,5.095047523761881,0.001393751474097371,0.007101229996839282,0.0,0.295379638671875,0.0,500.0,0.0005032586632296443,0.25162933161482215,200.0,0.0005335412570275366,0.10670825140550733,0.3396698349174587,0.08678064495325089,0.029476767345301327,0.0,0.0,0.0
681,0.5437073111534119,0.0,0.00021436157112475485,0.0,20.0,0.002018282888457179,0.04036565776914358,20.0,7.317915878957137e-05,0.0014635831757914275,10.0,0.010804022662341595,0.10804022662341595,25.0,3.245668631279841e-05,0.0008114171578199603,5.102551275637819,0.0011480620596557856,0.005858045527008011,0.0,0.29539167881011963,0.0,500.0,0.0005019173258915544,0.2509586629457772,200.0,0.0005335002788342535,0.10670005576685071,0.3401700850425213,0.08674971014261246,0.02950965627662655,0.0,0.0,0.0
682,0.544738233089447,0.0,0.00021518481662496924,0.0,20.0,0.002014213940128684,0.04028427880257368,20.0,7.44171702535823e-05,0.001488343405071646,10.0,0.010813791304826736,0.10813791304826736,25.0,3.362015195307322e-05,0.0008405037988268305,5.110055027513757,0.001343541662208736,0.00686557182564394,0.0,0.2955437898635864,0.0,500.0,0.0005017584189772606,0.2508792094886303,200.0,0.000533490558154881,0.1066981116309762,0.34067033516758377,0.0867239311337471,0.02954427068638408,0.0,0.0,0.0
683,0.5456312298774719,0.0,0.00021476969413924962,0.0,20.0,0.0020166297908872366,0.04033259581774473,20.0,7.412720879074186e-05,0.0014825441758148372,10.0,0.0108212660998106,0.108212660998106,25.0,3.2242238376056775e-05,0.0008060559594014194,5.117558779389695,0.0014289827086031437,0.007312903006008084,0.0,0.2954220175743103,0.0,500.0,0.0005024576676078141,0.25122883380390704,200.0,0.0005333786248229444,0.10667572496458888,0.3411705852926463,0.08670111745595932,0.029579870987976115,0.0,0.0,0.0
684,0.5456752181053162,0.0,0.00021384647698141634,0.0,20.0,0.0020183746237307787,0.040367492474615574,20.0,7.191055919975042e-05,0.0014382111839950085,10.0,0.010821840725839138,0.10821840725839138,25.0,3.0149711164995097e-05,0.0007537427791248774,5.125062531265633,0.0013320837169885635,0.00682701234644714,0.0,0.2952660918235779,0.0,500.0,0.0005034858477301896,0.2517429238650948,200.0,0.0005335705354809761,0.10671410709619522,0.3416708354177089,0.0866721123456955,0.0296133330325713,0.0,0.0,0.0
685,0.5460183620452881,0.0,0.00021364411804825068,0.0,20.0,0.002016755286604166,0.04033510573208332,20.0,7.055992318782955e-05,0.001411198463756591,10.0,0.010819955728948116,0.10819955728948116,25.0,2.981791658385191e-05,0.0007454479145962978,5.13256628314157,0.0013865756336599588,0.007116691346348763,0.0,0.29523319005966187,0.0,500.0,0.000503591145388782,0.251795572694391,200.0,0.0005338141927495599,0.10676283854991198,0.34217108554277137,0.08665832132101059,0.029651971877724483,0.0,0.0,0.0
686,0.5451573729515076,0.0,0.00021587703668046743,0.0,20.0,0.002006636234000325,0.040132724680006504,20.0,7.212399214040488e-05,0.0014424798428080976,10.0,0.010823522694408894,0.10823522694408894,25.0,3.325084981042892e-05,0.0008312712452607229,5.140070035017509,0.0014541959390044212,0.007474668971120774,0.0,0.2954234480857849,0.0,500.0,0.0005011000903323293,0.25055004516616464,200.0,0.0005340315401554108,0.10680630803108215,0.3426713356678339,0.08662711828947067,0.02968463032930836,0.0,0.0,0.0
687,0.5456295013427734,0.0,0.00021653887233696878,0.0,20.0,0.002006114460527897,0.04012228921055794,20.0,7.390855898847803e-05,0.0014781711797695607,10.0,0.010832333005964756,0.10832333005964756,25.0,3.415626269998029e-05,0.0008539065674995072,5.147573786893447,0.0014683871995657682,0.007558631457494625,0.0,0.29546165466308594,0.0,500.0,0.000501587986946106,0.250793993473053,200.0,0.0005338640185073018,0.10677280370146036,0.34317158579289647,0.08662250638008118,0.02972638287980775,0.0,0.0,0.0
688,0.5460609197616577,0.0,0.00021493218082468957,0.0,20.0,0.002013533841818571,0.04027067683637142,20.0,7.405935321003199e-05,0.0014811870642006397,10.0,0.010839895345270634,0.10839895345270634,25.0,3.194804230588488e-05,0.0007987010576471221,5.155077538769385,0.0014021123060956597,0.00722799765598588,0.0,0.2955305874347687,0.0,500.0,0.0005028785672038794,0.2514392836019397,200.0,0.0005333920125849545,0.1066784025169909,0.34367183591795897,0.08661088347434998,0.02976572133410627,0.0,0.0,0.0
689,0.5475897789001465,0.0,0.00021363000269047916,0.0,20.0,0.0020148928742855787,0.040297857485711575,20.0,7.232412463054061e-05,0.0014464824926108122,10.0,0.010838381014764309,0.10838381014764309,25.0,3.0339449949678965e-05,0.0007584862487419741,5.162581290645322,0.0015246039256453514,0.007870891702181103,0.0,0.2954345643520355,0.0,500.0,0.000504637835547328,0.252318917773664,200.0,0.0005335381720215082,0.10670763440430164,0.3441720860430215,0.086601123213768,0.02980568923015127,0.0,0.0,0.0
690,0.5443870425224304,0.0,0.00021528586512431502,0.0,20.0,0.0020050774328410625,0.04010154865682125,20.0,7.122124952729791e-05,0.0014244249905459583,10.0,0.010832874104380608,0.10832874104380608,25.0,3.23805033985991e-05,0.0008095125849649776,5.1700850425212606,0.001260477933101356,0.006516778108355435,0.0,0.2954937815666199,0.0,500.0,0.0005012182518839836,0.2506091259419918,200.0,0.0005337438778951764,0.10674877557903528,0.344672336168084,0.0865987241268158,0.029848184553965023,0.0,0.0,0.0
691,0.5450776815414429,0.0,0.0002158056595362723,0.0,20.0,0.001999804750084877,0.03999609500169754,20.0,7.136756903491914e-05,0.0014273513806983829,10.0,0.010833919048309326,0.10833919048309326,25.0,3.366271630511619e-05,0.0008415679076279048,5.177588794397199,0.0014046988217160106,0.007272952878819764,0.0,0.2953755855560303,0.0,500.0,0.0005010924069210887,0.25054620346054435,200.0,0.0005338283954188228,0.10676567908376455,0.34517258629314657,0.08659044653177261,0.029888648377650377,0.0,0.0,0.0
692,0.5448747873306274,0.0,0.0002152990928152576,0.0,20.0,0.002003706991672516,0.04007413983345032,20.0,7.27066581021063e-05,0.001454133162042126,10.0,0.010843033902347088,0.10843033902347088,25.0,3.297144576208666e-05,0.0008242861440521665,5.185092546273137,0.001311223255470395,0.006798813928439543,0.0,0.29542842507362366,0.0,500.0,0.0005012947949580848,0.2506473974790424,200.0,0.0005335845635272563,0.10671691270545125,0.3456728364182091,0.08658119291067123,0.029928766533903865,0.0,0.0,0.0
693,0.5472921133041382,0.0,0.00021387988817878067,0.0,20.0,0.0020119284745305777,0.04023856949061155,20.0,7.427818491123617e-05,0.0014855636982247233,10.0,0.010853216052055359,0.10853216052055359,25.0,3.117660526186228e-05,0.000779415131546557,5.192596298149074,0.0013617146760225296,0.007070834585849854,0.0,0.29541683197021484,0.0,500.0,0.000505007104948163,0.2525035524740815,200.0,0.0005335829919204116,0.10671659838408232,0.3461730865432716,0.08656207472085953,0.02996546058370925,0.0,0.0,0.0
694,0.5487765073776245,0.0,0.00021362476400099695,0.0,20.0,0.0020152442157268524,0.04030488431453705,20.0,7.396585715468973e-05,0.0014793171430937946,10.0,0.010854887776076794,0.10854887776076794,25.0,2.9883649403927848e-05,0.0007470912350981962,5.2001000500250125,0.0015466095646843314,0.008042524474684155,0.0,0.295364648103714,0.0,500.0,0.0005058679380454123,0.25293396902270615,200.0,0.0005336261820048094,0.10672523640096188,0.34667333666833416,0.08652127534151077,0.029994619215441203,0.0,0.0,0.0
695,0.5461859107017517,0.0,0.00021611349075101316,0.0,20.0,0.0020059417001903057,0.040118834003806114,20.0,7.345521589741111e-05,0.0014691043179482222,10.0,0.0108531778678298,0.108531778678298,25.0,3.19230166496709e-05,0.0007980754162417725,5.207603801900951,0.0015468182973563671,0.008055216846162973,0.0,0.29541653394699097,0.0,500.0,0.000500926049426198,0.250463024713099,200.0,0.000533628452103585,0.106725690420717,0.3471735867933967,0.08648175001144409,0.03002417934364292,0.0,0.0,0.0
696,0.545904278755188,0.0,0.0002169592771679163,0.0,20.0,0.002000440377742052,0.04000880755484104,20.0,7.247367466334254e-05,0.0014494734932668507,10.0,0.010852024890482426,0.10852024890482426,25.0,3.247808854212053e-05,0.0008119522135530133,5.215107553776888,0.0014815970789641142,0.0077266881181595245,0.0,0.2953468859195709,0.0,500.0,0.0005010102177038789,0.25050510885193944,200.0,0.0005341136129572988,0.10682272259145975,0.3476738369184592,0.08645819127559662,0.03005925109381673,0.0,0.0,0.0
697,0.5456461906433105,0.0,0.0002157030685339123,0.0,20.0,0.0020043696276843548,0.040087392553687096,20.0,7.147470023483038e-05,0.0014294940046966076,10.0,0.010856079868972301,0.10856079868972301,25.0,3.045595258299727e-05,0.0007613988145749317,5.222611305652826,0.0014200529549270868,0.007416384617027907,0.0,0.2952970564365387,0.0,500.0,0.0005009978194721043,0.25049890973605216,200.0,0.0005339873023331165,0.1067974604666233,0.34817408704352176,0.0864347293972969,0.030094332996757702,0.0,0.0,0.0
698,0.5474351644515991,0.0,0.00021375363576225936,0.0,20.0,0.002010989235714078,0.04021978471428156,20.0,7.189051393652335e-05,0.001437810278730467,10.0,0.010865244083106518,0.10865244083106518,25.0,2.8435364583856426e-05,0.0007108841145964107,5.2301150575287645,0.0014095123624429107,0.007371911830585608,0.0,0.29527711868286133,0.0,500.0,0.0005043242126703262,0.2521621063351631,200.0,0.0005337554030120373,0.10675108060240746,0.3486743371685843,0.08641057461500168,0.03012914982824221,0.0,0.0,0.0
699,0.5467175841331482,0.0,0.0002141593722626567,0.0,20.0,0.0020071440376341343,0.040142880752682686,20.0,7.361428288277239e-05,0.0014722856576554477,10.0,0.01087272074073553,0.10872720740735531,25.0,3.0107772545306943e-05,0.0007526943136326736,5.237618809404703,0.001309756189584732,0.006860003654303224,0.0,0.29539355635643005,0.0,500.0,0.000503788236528635,0.2518941182643175,200.0,0.0005335584282875061,0.10671168565750122,0.3491745872936468,0.08636584132909775,0.03015675700235629,0.0,0.0,0.0
700,0.5457392930984497,0.0,0.00021528001525439322,0.0,20.0,0.0020000904332846403,0.040001808665692806,20.0,7.347890641540289e-05,0.0014695781283080578,10.0,0.010871288366615772,0.10871288366615772,25.0,3.204669337719679e-05,0.0008011673344299197,5.24512256128064,0.0013613684568554163,0.007140544407268154,0.0,0.2953624129295349,0.0,500.0,0.0005013488698750734,0.2506744349375367,200.0,0.0005337216425687075,0.1067443285137415,0.34967483741870936,0.08635032922029495,0.030194537331158667,0.0,0.0,0.0
701,0.5453189015388489,0.0,0.00021525018382817507,0.0,20.0,0.001994230318814516,0.03988460637629032,20.0,7.263224688358605e-05,0.001452644937671721,10.0,0.010867279954254627,0.10867279954254627,25.0,3.320846371934749e-05,0.0008302115929836873,5.252626313156578,0.0013474524021148682,0.0070776639430745955,0.0,0.2953495979309082,0.0,500.0,0.00050074711907655,0.250373559538275,200.0,0.0005339646013453603,0.10679292026907206,0.3501750875437719,0.0863410085439682,0.030234470225501624,0.0,0.0,0.0
702,0.5445525050163269,0.0,0.0002142903977073729,0.0,20.0,0.001993261044844985,0.0398652208968997,20.0,7.196023943834007e-05,0.0014392047887668014,10.0,0.010866628959774971,0.10866628959774971,25.0,3.291395114501938e-05,0.0008228487786254846,5.2601300650325165,0.0011670727981254458,0.006138954713501283,0.0,0.2952609658241272,0.0,500.0,0.0005011153407394886,0.2505576703697443,200.0,0.0005339261842891574,0.10678523685783148,0.3506753376688344,0.08633926510810852,0.03027705094586497,0.0,0.0,0.0
703,0.5457193851470947,0.0,0.00021340121747925878,0.0,20.0,0.001993525307625532,0.03987050615251064,20.0,7.232508505694568e-05,0.0014465017011389136,10.0,0.010870308615267277,0.10870308615267277,25.0,3.2682619348634034e-05,0.0008170654837158509,5.267633816908455,0.0012421851279214025,0.006543376386699534,0.0,0.2951999306678772,0.0,500.0,0.0005024680867791176,0.2512340433895588,200.0,0.0005339370109140873,0.10678740218281746,0.35117558779389696,0.08633124083280563,0.030317424244436997,0.0,0.0,0.0
704,0.5460339784622192,0.0,0.00021361763356253505,0.0,20.0,0.001992007251828909,0.03984014503657818,20.0,7.334884139709175e-05,0.001466976827941835,10.0,0.010875371284782887,0.10875371284782887,25.0,3.3356289350194857e-05,0.0008339072337548714,5.275137568784392,0.0012826770544052124,0.006766297918310638,0.0,0.2952735424041748,0.0,500.0,0.0005025133723393083,0.25125668616965413,200.0,0.0005338203627616167,0.10676407255232334,0.35167583791895946,0.08630719035863876,0.030352153487805424,0.0,0.0,0.0
705,0.5447778105735779,0.0,0.00021432992070913315,0.0,20.0,0.001988497795537114,0.03976995591074228,20.0,7.28548620827496e-05,0.001457097241654992,10.0,0.010875978507101536,0.10875978507101536,25.0,3.3714761229930446e-05,0.0008428690307482611,5.28264132066033,0.0011810793075710535,0.006239218353151738,0.0,0.29531359672546387,0.0,500.0,0.0005011595203541219,0.25057976017706096,200.0,0.0005337390466593206,0.10674780933186412,0.352176088044022,0.08626744896173477,0.03038133270088108,0.0,0.0,0.0
706,0.5451428294181824,0.0,0.00021460038260556757,0.0,20.0,0.0019889208488166332,0.039778416976332664,20.0,7.274296513060108e-05,0.0014548593026120216,10.0,0.010879897512495518,0.10879897512495518,25.0,3.301928154542111e-05,0.0008254820386355277,5.290145072536268,0.0012527755461633205,0.006627364382529822,0.0,0.295388400554657,0.0,500.0,0.0005010262248106301,0.25051311240531504,200.0,0.0005337033653631806,0.10674067307263613,0.35267633816908456,0.0862092450261116,0.030403960852130405,0.0,0.0,0.0
707,0.5465897917747498,0.0,0.00021411781199276447,0.0,20.0,0.0019935648888349533,0.039871297776699066,20.0,7.302979793166742e-05,0.0014605959586333483,10.0,0.010886809788644314,0.10886809788644314,25.0,3.132851634291001e-05,0.0007832129085727502,5.297648824412206,0.001368997385725379,0.007252467391111437,0.0,0.29548242688179016,0.0,500.0,0.0005024222191423178,0.2512111095711589,200.0,0.0005335476598702371,0.10670953197404742,0.35317658829414705,0.0861707255244255,0.030433482851547976,0.0,0.0,0.0
708,0.5466171503067017,0.0,0.00021431868663057685,0.0,20.0,0.001994519028812647,0.03989038057625294,20.0,7.28090526536107e-05,0.0014561810530722141,10.0,0.010889190249145031,0.10889190249145031,25.0,3.0680352210765705e-05,0.0007670088052691426,5.305152576288144,0.0013719415292143822,0.007278359138228376,0.0,0.29547572135925293,0.0,500.0,0.000502314418554306,0.251157209277153,200.0,0.0005335554014891386,0.10671108029782772,0.3536768384192096,0.08613794296979904,0.03046499533749271,0.0,0.0,0.0
709,0.5453327298164368,0.0,0.00021503851166926324,0.0,20.0,0.001992422854527831,0.03984845709055662,20.0,7.28676313883625e-05,0.00145735262776725,10.0,0.010888950899243355,0.10888950899243355,25.0,3.1408326321979985e-05,0.0007852081580494996,5.312656328164082,0.001242469297721982,0.006600812377092271,0.0,0.29547184705734253,0.0,500.0,0.0005010465974919498,0.2505232987459749,200.0,0.0005336387548595667,0.10672775097191334,0.35417708854427216,0.08611608296632767,0.03050034354185092,0.0,0.0,0.0
710,0.5453085899353027,0.0,0.00021528417710214853,0.0,20.0,0.0019926177337765694,0.03985235467553139,20.0,7.350776286330074e-05,0.0014701552572660148,10.0,0.010892584919929504,0.10892584919929504,25.0,3.163305882480927e-05,0.0007908264706202317,5.32016008004002,0.0012353919446468353,0.0065724829071131035,0.0,0.295492947101593,0.0,500.0,0.0005009331507608294,0.2504665753804147,200.0,0.0005335015011951327,0.10670030023902655,0.35467733866933465,0.08607832342386246,0.030530030669093787,0.0,0.0,0.0
711,0.5462085604667664,0.0,0.00021530906087718904,0.0,20.0,0.001992007251828909,0.03984014503657818,20.0,7.462612120434642e-05,0.0014925224240869284,10.0,0.010898245498538017,0.10898245498538017,25.0,3.215003016521223e-05,0.0008037507541303057,5.327663831915958,0.0013515865430235863,0.007200798740971082,0.0,0.2955067753791809,0.0,500.0,0.0005012969486415386,0.2506484743207693,200.0,0.0005333624430932105,0.10667248861864209,0.3551775887943972,0.08606381714344025,0.030567939055449012,0.0,0.0,0.0
712,0.5471001267433167,0.0,0.00021519229630939662,0.0,20.0,0.0019880584441125393,0.039761168882250786,20.0,7.445270603056997e-05,0.0014890541206113994,10.0,0.01090154331177473,0.1090154331177473,25.0,3.2572414056630805e-05,0.0008143103514157701,5.335167583791896,0.00150575814768672,0.008033472058568717,0.0,0.2955024242401123,0.0,500.0,0.0005014061462134123,0.25070307310670614,200.0,0.000533388287294656,0.10667765745893121,0.35567783891945975,0.08604966104030609,0.0306059574785681,0.0,0.0,0.0
713,0.5467938184738159,0.0,0.00021440087584778666,0.0,20.0,0.00198667892254889,0.0397335784509778,20.0,7.288373308256269e-05,0.0014576746616512537,10.0,0.010903590358793736,0.10903590358793736,25.0,3.125983857898973e-05,0.0007814959644747432,5.342671335667834,0.0013519830536097288,0.007223201106829367,0.0,0.29546284675598145,0.0,500.0,0.0005024524289183319,0.25122621445916593,200.0,0.0005334835732355714,0.10669671464711428,0.35617808904452225,0.08602166175842285,0.030639031101549308,0.0,0.0,0.0
714,0.5460187196731567,0.0,0.00021420478879008442,0.0,20.0,0.0019820686429739,0.039641372859478,20.0,7.171591278165579e-05,0.0014343182556331158,10.0,0.010903040878474712,0.10903040878474712,25.0,3.146022936562076e-05,0.000786505734140519,5.3501750875437715,0.0012209083652123809,0.006532073519733073,0.0,0.29540136456489563,0.0,500.0,0.0005023735575377941,0.25118677876889706,200.0,0.0005336581962183118,0.10673163924366236,0.3566783391695848,0.08600345253944397,0.030675568614619085,0.0,0.0,0.0
715,0.5459593534469604,0.0,0.00021441071294248104,0.0,20.0,0.0019778693094849586,0.03955738618969917,20.0,7.226377783808857e-05,0.0014452755567617714,10.0,0.010905327275395393,0.10905327275395393,25.0,3.292696419521235e-05,0.0008231741048803087,5.35767883941971,0.0012475132243707776,0.006683775204107568,0.0,0.29537150263786316,0.0,500.0,0.0005018907831981778,0.2509453915990889,200.0,0.0005337063921615481,0.10674127843230963,0.3571785892946473,0.08597882091999054,0.03070979396541933,0.0,0.0,0.0
716,0.5469120740890503,0.0,0.00021487046615220606,0.0,20.0,0.0019758071284741163,0.039516142569482327,20.0,7.374666165560484e-05,0.0014749332331120968,10.0,0.010910378769040108,0.10910378769040108,25.0,3.440897125983611e-05,0.0008602242814959027,5.365182591295648,0.0014046572614461184,0.007536242685847734,0.0,0.29546740651130676,0.0,500.0,0.000501914182677865,0.2509570913389325,200.0,0.0005336292670108378,0.10672585340216756,0.35767883941970985,0.08593668788671494,0.030737734786894035,0.0,0.0,0.0
717,0.5460663437843323,0.0,0.0002146712358808145,0.0,20.0,0.0019760215654969215,0.03952043130993843,20.0,7.335858390433714e-05,0.0014671716780867428,10.0,0.01090918481349945,0.1090918481349945,25.0,3.432431913097389e-05,0.0008581079782743473,5.372686343171586,0.0012355856597423553,0.006638414199916407,0.0,0.2953839600086212,0.0,500.0,0.0005019543459638953,0.25097717298194766,200.0,0.0005336551694199443,0.10673103388398886,0.3581790895447724,0.08594073355197906,0.030782173698457736,0.0,0.0,0.0
718,0.5452049970626831,0.0,0.00021469980129040778,0.0,20.0,0.0019752075895667076,0.03950415179133415,20.0,7.181920227594674e-05,0.0014363840455189347,10.0,0.01090475358068943,0.1090475358068943,25.0,3.3655142033239827e-05,0.0008413785508309957,5.380190095047523,0.001141756889410317,0.006142869107357658,0.0,0.29535427689552307,0.0,500.0,0.0005012754700146616,0.2506377350073308,200.0,0.000533857848495245,0.106771569699049,0.3586793396698349,0.08593571931123734,0.030823367056606887,0.0,0.0,0.0
719,0.5454327464103699,0.0,0.00021460730931721628,0.0,20.0,0.001977137755602598,0.039542755112051964,20.0,7.141620881156996e-05,0.0014283241762313992,10.0,0.010904676280915737,0.10904676280915737,25.0,3.2716943678678945e-05,0.0008179235919669736,5.387693846923462,0.001147512812167406,0.0061824477173801715,0.0,0.2953445017337799,0.0,500.0,0.000501571805216372,0.250785902608186,200.0,0.0005338152404874563,0.10676304809749126,0.35917958979489745,0.08593343943357468,0.030865537525416018,0.0,0.0,0.0
720,0.5488150715827942,0.0,0.00021440981072373688,0.0,20.0,0.0019828341901302338,0.039656683802604675,20.0,7.24243582226336e-05,0.001448487164452672,10.0,0.010909616947174072,0.10909616947174072,25.0,3.142866989946924e-05,0.000785716747486731,5.3951975987994,0.001612778753042221,0.008701260055808081,0.0,0.2954358756542206,0.0,500.0,0.0005029956810176373,0.2514978405088186,200.0,0.0005336044123396277,0.10672088246792555,0.35967983991996,0.08593205362558365,0.030908027292043345,0.0,0.0,0.0
721,0.5464363694190979,0.0,0.0002167742495657876,0.0,20.0,0.001976174069568515,0.039523481391370296,20.0,7.415981235681102e-05,0.0014831962471362203,10.0,0.010914234444499016,0.10914234444499016,25.0,3.4043012419715524e-05,0.0008510753104928881,5.402701350675338,0.0013915558811277151,0.007518160838508916,0.0,0.2955162525177002,0.0,500.0,0.0005005254643037915,0.25026273215189576,200.0,0.0005335438763722777,0.10670877527445555,0.3601800900450225,0.08591984212398529,0.030946616472871138,0.0,0.0,0.0
722,0.5468729138374329,0.0,0.00021727263811044395,0.0,20.0,0.0019749165512621403,0.039498331025242805,20.0,7.44574426789768e-05,0.001489148853579536,10.0,0.010918495245277882,0.10918495245277882,25.0,3.3864223951241e-05,0.000846605598781025,5.410205102551275,0.0014429846778512,0.007806843067013871,0.0,0.2954854369163513,0.0,500.0,0.0005007170839235187,0.25035854196175933,200.0,0.0005335352034308016,0.10670704068616033,0.36068034017008505,0.08589712530374527,0.030981404374187265,0.0,0.0,0.0
723,0.5475897789001465,0.0,0.00021583643683698028,0.0,20.0,0.001979581778869033,0.03959163557738066,20.0,7.318844291148707e-05,0.0014637688582297415,10.0,0.010922440327703953,0.10922440327703953,25.0,3.079572707065381e-05,0.0007698931767663453,5.417708854427214,0.0014771155547350645,0.008002582019900324,0.0,0.29542866349220276,0.0,500.0,0.0005016394425183535,0.25081972125917673,200.0,0.0005334942252375185,0.10669884504750371,0.3611805902951476,0.08588195592164993,0.03101889553548337,0.0,0.0,0.0
724,0.5489243865013123,0.0,0.0002137792471330613,0.0,20.0,0.00198325514793396,0.0396651029586792,20.0,7.151063618948683e-05,0.0014302127237897366,10.0,0.010921578854322433,0.10921578854322433,25.0,2.8120100978412665e-05,0.0007030025244603166,5.425212606303152,0.001325078308582306,0.0071888315440595835,0.0,0.2953544855117798,0.0,500.0,0.0005057623493485153,0.25288117467425764,200.0,0.0005339227500371635,0.1067845500074327,0.3616808404202101,0.08586499840021133,0.03105572478406843,0.0,0.0,0.0
725,0.5472539663314819,0.0,0.00021483373711816967,0.0,20.0,0.0019759242422878742,0.039518484845757484,20.0,7.106733391992748e-05,0.0014213466783985496,10.0,0.01092041376978159,0.1092041376978159,25.0,2.9507549697882496e-05,0.0007376887424470624,5.432716358179089,0.0013302996521815658,0.007227140681686745,0.0,0.295287162065506,0.0,500.0,0.0005026110447943211,0.25130552239716053,200.0,0.0005337690818123519,0.10675381636247039,0.36218109054527264,0.08582953363656998,0.031085834093485074,0.0,0.0,0.0
726,0.5475953221321106,0.0,0.00021615205332636833,0.0,20.0,0.0019679665565490723,0.039359331130981445,20.0,7.229049515444785e-05,0.001445809903088957,10.0,0.01092080119997263,0.1092080119997263,25.0,3.243307219236158e-05,0.0008108268048090395,5.440220110055027,0.001557690091431141,0.008474176960637146,0.0,0.29535120725631714,0.0,500.0,0.0005007765721529722,0.2503882860764861,200.0,0.0005339858471415937,0.10679716942831874,0.3626813406703352,0.08578251302242279,0.031111716829042787,0.0,0.0,0.0
727,0.5470496416091919,0.0,0.00021614358411170542,0.0,20.0,0.0019682643469423056,0.03936528693884611,20.0,7.394293061224744e-05,0.0014788586122449487,10.0,0.010925499722361565,0.10925499722361565,25.0,3.339288377901539e-05,0.0008348220944753848,5.447723861930966,0.001409575343132019,0.007678977231969829,0.0,0.2953850328922272,0.0,500.0,0.0005010488675907254,0.2505244337953627,200.0,0.0005338372429832816,0.10676744859665632,0.3631815907953977,0.08575553447008133,0.031144831428353698,0.0,0.0,0.0
728,0.548058807849884,0.0,0.00021471019135788083,0.0,20.0,0.001973201287910342,0.039464025758206844,20.0,7.435594307025895e-05,0.001487118861405179,10.0,0.01092816237360239,0.1092816237360239,25.0,3.218562051188201e-05,0.0008046405127970502,5.455227613806904,0.0013576082419604063,0.007406061970274253,0.0,0.29542386531829834,0.0,500.0,0.0005034334026277065,0.25171670131385326,200.0,0.0005335982423275709,0.10671964846551418,0.36368184092046024,0.08573136478662491,0.031178940570223267,0.0,0.0,0.0
729,0.5481968522071838,0.0,0.00021431098866742104,0.0,20.0,0.0019743070006370544,0.03948614001274109,20.0,7.269220805028453e-05,0.0014538441610056907,10.0,0.010922539979219437,0.10922539979219437,25.0,3.130820914520882e-05,0.0007827052286302205,5.462731365682841,0.0013926622923463583,0.007607739986204218,0.0,0.29536497592926025,0.0,500.0,0.0005033597117289901,0.25167985586449504,200.0,0.0005337214679457247,0.10674429358914495,0.36418209104552274,0.08571770787239075,0.03121685409259653,0.0,0.0,0.0
730,0.545497477054596,0.0,0.00021522014867514372,0.0,20.0,0.0019695209339261055,0.03939041867852211,20.0,7.072968583088368e-05,0.0014145937166176736,10.0,0.01091531291604042,0.1091531291604042,25.0,3.204710083082318e-05,0.0008011775207705796,5.470235117558779,0.0011340109631419182,0.006203306594275575,0.0,0.2953205406665802,0.0,500.0,0.0005009225569665432,0.2504612784832716,200.0,0.0005340841016732156,0.10681682033464313,0.3646823411705853,0.08570948243141174,0.031256734713606384,0.0,0.0,0.0
731,0.5457773208618164,0.0,0.00021583831403404474,0.0,20.0,0.0019694676157087088,0.039389352314174175,20.0,7.091922452673316e-05,0.0014183844905346632,10.0,0.010918792337179184,0.10918792337179184,25.0,3.231244409107603e-05,0.0008078111022769008,5.4777388694347176,0.0012219194322824478,0.006693355569531168,0.0,0.29530099034309387,0.0,500.0,0.0005003620171919465,0.25018100859597325,200.0,0.0005340512725524604,0.10681025451049209,0.36518259129564784,0.0856809988617897,0.031289209189147814,0.0,0.0,0.0
732,0.546704113483429,0.0,0.0002154153771698475,0.0,20.0,0.001972751459106803,0.03945502918213606,20.0,7.254545926116407e-05,0.0014509091852232814,10.0,0.010928831994533539,0.10928831994533539,25.0,3.213817399227992e-05,0.0008034543498069979,5.485242621310656,0.001273520989343524,0.006985571609880811,0.0,0.2954299747943878,0.0,500.0,0.0005013386835344136,0.2506693417672068,200.0,0.0005336615722626448,0.10673231445252895,0.36568284142071034,0.08564583212137222,0.03131921124598454,0.0,0.0,0.0
733,0.5482630729675293,0.0,0.00021509182988665998,0.0,20.0,0.0019735018722712994,0.03947003744542599,20.0,7.363972690654919e-05,0.0014727945381309837,10.0,0.010937662795186043,0.10937662795186043,25.0,3.212597584933974e-05,0.0008031493962334935,5.492746373186593,0.0013968856073915958,0.007672738353756739,0.0,0.29545432329177856,0.0,500.0,0.0005027753068134189,0.25138765340670943,200.0,0.000533590093255043,0.1067180186510086,0.3661830915457729,0.08564576506614685,0.03136203102972461,0.0,0.0,0.0
734,0.5469697713851929,0.0,0.00021528034994844347,0.0,20.0,0.0019681416451931,0.039362832903862,20.0,7.258888217620552e-05,0.0014517776435241103,10.0,0.010939049534499645,0.10939049534499645,25.0,3.247917629778385e-05,0.0008119794074445963,5.500250125062531,0.0012691682204604149,0.006980742663312787,0.0,0.29541444778442383,0.0,500.0,0.0005016728537157178,0.2508364268578589,200.0,0.0005336719914339483,0.10673439828678966,0.36668334167083544,0.08563543111085892,0.03140108604515237,0.0,0.0,0.0
735,0.5465879440307617,0.0,0.00021521348389796913,0.0,20.0,0.001958927372470498,0.03917854744940996,20.0,7.064476085361093e-05,0.0014128952170722187,10.0,0.010935744270682335,0.10935744270682335,25.0,3.3341857488267124e-05,0.0008335464372066781,5.5077538769384695,0.00130589515902102,0.007192549124973201,0.0,0.2953495383262634,0.0,500.0,0.0005007495637983084,0.2503747818991542,200.0,0.000534017919562757,0.1068035839125514,0.36718359179589793,0.0856100395321846,0.03143460180921635,0.0,0.0,0.0
736,0.5467255711555481,0.0,0.00021426437888294458,0.0,20.0,0.0019548903219401836,0.03909780643880367,20.0,6.939569720998406e-05,0.0013879139441996813,10.0,0.010936958715319633,0.10936958715319633,25.0,3.2903815736062825e-05,0.0008225953934015706,5.515257628814407,0.001270656706765294,0.007007999095591479,0.0,0.29518449306488037,0.0,500.0,0.0005014752969145775,0.25073764845728874,200.0,0.000534180726390332,0.1068361452780664,0.3676838419209605,0.08557873219251633,0.03146591703926938,0.0,0.0,0.0
737,0.5476670265197754,0.0,0.00021361038670875132,0.0,20.0,0.0019562975503504276,0.03912595100700855,20.0,6.939680315554142e-05,0.0013879360631108284,10.0,0.010944618843495846,0.10944618843495846,25.0,3.164942245348357e-05,0.0007912355613370892,5.522761380690345,0.001291811466217041,0.007134366476756445,0.0,0.2951127886772156,0.0,500.0,0.0005029257154092193,0.25146285770460963,200.0,0.0005340796196833253,0.10681592393666506,0.36818409204602304,0.08556217700242996,0.03150263245312079,0.0,0.0,0.0
738,0.5482540130615234,0.0,0.00021353237389121205,0.0,20.0,0.0019585152622312307,0.039170305244624615,20.0,7.036207534838468e-05,0.0014072415069676936,10.0,0.01095107663422823,0.1095107663422823,25.0,3.135003134957515e-05,0.0007837507837393787,5.530265132566283,0.0012980798492208123,0.007178725729432757,0.0,0.295305073261261,0.0,500.0,0.0005037757800891995,0.25188789004459977,200.0,0.0005338808987289667,0.10677617974579334,0.36868434217108553,0.08554505556821823,0.031539122538157494,0.0,0.0,0.0
739,0.5477835536003113,0.0,0.0002149372303392738,0.0,20.0,0.0019562654197216034,0.03912530839443207,20.0,7.139429362723604e-05,0.0014278858725447208,10.0,0.010954500176012516,0.10954500176012516,25.0,3.2911331800278276e-05,0.0008227832950069569,5.5377688844422215,0.0013923230580985546,0.007710363308229615,0.0,0.29544690251350403,0.0,500.0,0.0005016917129978538,0.2508458564989269,200.0,0.0005336833419278264,0.10673666838556528,0.3691845922961481,0.08551205694675446,0.03156973388029254,0.0,0.0,0.0
740,0.546666145324707,0.0,0.00021543346520047635,0.0,20.0,0.001955232582986355,0.0391046516597271,20.0,7.149398152250797e-05,0.0014298796304501593,10.0,0.010952917858958244,0.10952917858958244,25.0,3.375667438376695e-05,0.0008439168595941737,5.545272636318159,0.0012613395228981972,0.006994471541433974,0.0,0.29553553462028503,0.0,500.0,0.000500848051160574,0.250424025580287,200.0,0.0005336861358955503,0.10673722717911005,0.3696848424212106,0.08548571169376373,0.031602771856774084,0.0,0.0,0.0
741,0.5471000671386719,0.0,0.00021481137082446367,0.0,20.0,0.0019591161981225014,0.03918232396245003,20.0,7.127352728275582e-05,0.0014254705456551164,10.0,0.010953158140182495,0.10953158140182495,25.0,3.270541492383927e-05,0.0008176353730959818,5.552776388194097,0.0012694725301116705,0.007049097090665104,0.0,0.29556575417518616,0.0,500.0,0.0005015113856643438,0.2507556928321719,200.0,0.0005335381138138473,0.10670762276276946,0.37018509254627313,0.08544551581144333,0.03163065617832319,0.0,0.0,0.0
742,0.5484862923622131,0.0,0.00021449517225846648,0.0,20.0,0.001961609348654747,0.03923218697309494,20.0,7.132541213650256e-05,0.0014265082427300513,10.0,0.010954933241009712,0.10954933241009712,25.0,3.205876419087872e-05,0.000801469104771968,5.560280140070035,0.0014237220166251063,0.00791629325402104,0.0,0.2955436706542969,0.0,500.0,0.0005024251877330244,0.2512125938665122,200.0,0.0005334703018888831,0.10669406037777662,0.3706853426713357,0.08539281040430069,0.0316538631863866,0.0,0.0,0.0
743,0.546195924282074,0.0,0.00021597443264909089,0.0,20.0,0.001958623994141817,0.03917247988283634,20.0,7.179076783359051e-05,0.0014358153566718102,10.0,0.010961003601551056,0.10961003601551056,25.0,3.286341961938888e-05,0.000821585490484722,5.567783891945973,0.0011772701982408762,0.006554786046233592,0.0,0.29553553462028503,0.0,500.0,0.0005004468257538974,0.2502234128769487,200.0,0.000533491198439151,0.10669823968783021,0.3711855927963982,0.08534691482782364,0.031679545173709425,0.0,0.0,0.0
744,0.5472371578216553,0.0,0.00021664239466190338,0.0,20.0,0.001958013977855444,0.03916027955710888,20.0,7.258960249600932e-05,0.0014517920499201864,10.0,0.010970148257911205,0.10970148257911205,25.0,3.272316462243907e-05,0.0008180791155609768,5.575287643821911,0.0013496987521648407,0.007524958775826488,0.0,0.2955262064933777,0.0,500.0,0.0005003713886253536,0.2501856943126768,200.0,0.000533432699739933,0.1066865399479866,0.37168584292146073,0.08530960977077484,0.03170837421695133,0.0,0.0,0.0
745,0.5479080677032471,0.0,0.00021589506650343537,0.0,20.0,0.0019591646268963814,0.03918329253792763,20.0,7.265054591698572e-05,0.0014530109183397144,10.0,0.010978727601468563,0.10978727601468563,25.0,3.1212486646836624e-05,0.0007803121661709156,5.582791395697849,0.0013299835845828056,0.007425020912428269,0.0,0.2954738438129425,0.0,500.0,0.0005017598159611225,0.25087990798056126,200.0,0.0005333283916115761,0.10666567832231522,0.3721860930465233,0.08526267111301422,0.03173358044426342,0.0,0.0,0.0
746,0.5483115911483765,0.0,0.00021519319852814078,0.0,20.0,0.001956496387720108,0.03912992775440216,20.0,7.194714271463454e-05,0.0014389428542926908,10.0,0.010981490835547447,0.10981490835547447,25.0,3.053137334063649e-05,0.0007632843335159123,5.590295147573787,0.001311780884861946,0.007333242315323786,0.0,0.29545655846595764,0.0,500.0,0.000502736191265285,0.2513680956326425,200.0,0.0005334262968972325,0.1066852593794465,0.3726863431715858,0.08526712656021118,0.0317778935904739,0.0,0.0,0.0
747,0.5483434200286865,0.0,0.000214829808101058,0.0,20.0,0.0019519103225320578,0.039038206450641155,20.0,7.034142618067563e-05,0.0014068285236135125,10.0,0.010978483594954014,0.10978483594954014,25.0,3.0143191906972788e-05,0.0007535797976743197,5.5977988994497245,0.001339529873803258,0.007498418853355906,0.0,0.2953248918056488,0.0,500.0,0.0005026106955483556,0.2513053477741778,200.0,0.0005336706526577473,0.10673413053154945,0.37318659329664833,0.08527132123708725,0.03182211387837273,0.0,0.0,0.0
748,0.5471747517585754,0.0,0.00021482931333594024,0.0,20.0,0.001946188509464264,0.03892377018928528,20.0,6.997425953159109e-05,0.0013994851906318218,10.0,0.010974258184432983,0.10974258184432983,25.0,3.141347406199202e-05,0.0007853368515498005,5.605302651325663,0.0012059211730957031,0.006759553148843098,0.0,0.29529887437820435,0.0,500.0,0.0005018507945351303,0.25092539726756513,200.0,0.0005338785704225302,0.10677571408450603,0.3736868434217109,0.08526640385389328,0.03186293330608218,0.0,0.0,0.0
749,0.5465880632400513,0.0,0.00021513100364245474,0.0,20.0,0.001942669041454792,0.03885338082909584,20.0,7.063523662509397e-05,0.0014127047325018793,10.0,0.010973251424729824,0.10973251424729824,25.0,3.3021926356013864e-05,0.0008255481589003466,5.612806403201601,0.001150244614109397,0.006456100335321378,0.0,0.2953561544418335,0.0,500.0,0.0005012131878174841,0.25060659390874207,200.0,0.0005339720519259572,0.10679441038519144,0.3741870935467734,0.08526966720819473,0.031906808940335,0.0,0.0,0.0
750,0.54695063829422,0.0,0.00021524672047235072,0.0,20.0,0.001941649941727519,0.03883299883455038,20.0,7.198211824288592e-05,0.0014396423648577183,10.0,0.010976907797157764,0.10976907797157764,25.0,3.4105141821783036e-05,0.0008526285455445759,5.620310155077539,0.0011585790198296309,0.006511573430608256,0.0,0.2954258918762207,0.0,500.0,0.0005016514332965016,0.2508257166482508,200.0,0.0005338407936505973,0.10676815873011947,0.3746873436718359,0.08527349680662155,0.031950900004081816,0.0,0.0,0.0
751,0.5484455823898315,0.0,0.0002150850195903331,0.0,20.0,0.0019431173568591475,0.03886234713718295,20.0,7.286088657565415e-05,0.001457217731513083,10.0,0.010980742983520031,0.10980742983520031,25.0,3.4092510759364814e-05,0.0008523127689841203,5.6278139069534765,0.001325070159509778,0.00745724827137819,0.0,0.2954252362251282,0.0,500.0,0.0005025551654398441,0.25127758271992207,200.0,0.0005337076727300882,0.10674153454601765,0.3751875937968984,0.08526374399662018,0.03198989894820667,0.0,0.0,0.0
752,0.5471681356430054,0.0,0.0002151645312551409,0.0,20.0,0.0019429782405495644,0.03885956481099129,20.0,7.079980423441157e-05,0.0014159960846882313,10.0,0.010975970886647701,0.10975970886647701,25.0,3.2931984605966136e-05,0.0008232996151491534,5.635317658829415,0.0012172835413366556,0.006859779436296861,0.0,0.2953319549560547,0.0,500.0,0.0005013406043872237,0.25067030219361186,200.0,0.00053377979202196,0.106755958404392,0.375687843921961,0.08523960411548615,0.0320234830869085,0.0,0.0,0.0
753,0.5474461317062378,0.0,0.00021503044990822673,0.0,20.0,0.001945305964909494,0.03890611929818988,20.0,6.950198439881206e-05,0.0013900396879762411,10.0,0.010974504053592682,0.10974504053592682,25.0,3.1414241675520316e-05,0.0007853560418880079,5.642821410705353,0.001230030320584774,0.006940841428812532,0.0,0.29528871178627014,0.0,500.0,0.000501688220538199,0.2508441102690995,200.0,0.0005338512710295618,0.10677025420591235,0.3761880940470235,0.08523498475551605,0.03206438646130469,0.0,0.0,0.0
754,0.5478294491767883,0.0,0.00021520072186831385,0.0,20.0,0.0019484659424051642,0.038969318848103285,20.0,7.019596523605287e-05,0.0014039193047210574,10.0,0.010977279394865036,0.10977279394865036,25.0,3.102991104242392e-05,0.000775747776060598,5.65032516258129,0.0012593769934028387,0.007115889515000031,0.0,0.2953386604785919,0.0,500.0,0.000501897360663861,0.2509486803319305,200.0,0.0005337168113328516,0.10674336226657033,0.376688344172086,0.08521571755409241,0.032099767542887236,0.0,0.0,0.0
755,0.5485879182815552,0.0,0.00021587402443401515,0.0,20.0,0.0019510393030941486,0.03902078606188297,20.0,7.212357741082087e-05,0.0014424715482164174,10.0,0.010983170941472054,0.10983170941472054,25.0,3.156145612592809e-05,0.0007890364031482022,5.6578289144572285,0.0013817742001265287,0.007817842022726883,0.0,0.2954394221305847,0.0,500.0,0.0005017133662477136,0.2508566831238568,200.0,0.0005334873567335308,0.10669747134670615,0.37718859429714857,0.0851878672838211,0.032131891911956534,0.0,0.0,0.0
756,0.5480895638465881,0.0,0.00021677308541256934,0.0,20.0,0.0019490070408210158,0.03898014081642032,20.0,7.291771908057854e-05,0.0014583543816115707,10.0,0.01098390482366085,0.1098390482366085,25.0,3.2654534152243286e-05,0.0008163633538060822,5.665332666333167,0.0013712586369365454,0.007768636349828102,0.0,0.29544690251350403,0.0,500.0,0.0005007401341572404,0.2503700670786202,200.0,0.0005334964953362942,0.10669929906725883,0.3776888444222111,0.08514324575662613,0.03215765410017645,0.0,0.0,0.0
757,0.5468656420707703,0.0,0.0002167148923035711,0.0,20.0,0.0019484622171148658,0.038969244342297316,20.0,7.204975554486737e-05,0.0014409951108973473,10.0,0.010982081294059753,0.10982081294059753,25.0,3.188308983226307e-05,0.0007970772458065767,5.672836418209105,0.0011678255395963788,0.006624883251137036,0.0,0.2954270541667938,0.0,500.0,0.0005005763960070908,0.2502881980035454,200.0,0.0005336849135346711,0.10673698270693421,0.3781890945472736,0.08510947227478027,0.03218747425699544,0.0,0.0,0.0
758,0.5479740500450134,0.0,0.00021606683731079102,0.0,20.0,0.0019483650103211403,0.038967300206422806,20.0,7.15269852662459e-05,0.001430539705324918,10.0,0.010984259657561779,0.10984259657561779,25.0,3.0756455089431256e-05,0.0007689113772357814,5.680340170085042,0.0012805929873138666,0.007274203787368161,0.0,0.29541707038879395,0.0,500.0,0.0005014642374590039,0.25073211872950196,200.0,0.0005336992908269167,0.10673985816538334,0.37868934467233617,0.08507903665304184,0.032218524635494086,0.0,0.0,0.0
759,0.5493035316467285,0.0,0.00021531665697693825,0.0,20.0,0.0019474939908832312,0.03894987981766462,20.0,7.121200178517029e-05,0.0014242400357034057,10.0,0.010988966561853886,0.10988966561853886,25.0,2.9785724109387957e-05,0.0007446431027346989,5.68784392196098,0.0013691667700186372,0.007787606891001453,0.0,0.29535725712776184,0.0,500.0,0.0005030222237110138,0.2515111118555069,200.0,0.0005337082548066974,0.10674165096133947,0.3791895947973987,0.08506234735250473,0.03225475702511185,0.0,0.0,0.0
760,0.5482887029647827,0.0,0.00021602262859232724,0.0,20.0,0.001940390793606639,0.03880781587213278,20.0,7.14398775016889e-05,0.001428797550033778,10.0,0.010992581956088543,0.10992581956088543,25.0,3.127534728264436e-05,0.000781883682066109,5.695347673836919,0.0013203658163547516,0.007519942380789819,0.0,0.2953062355518341,0.0,500.0,0.0005015643546357751,0.25078217731788754,200.0,0.0005337772308848798,0.10675544617697597,0.3796898449224612,0.08503470569849014,0.03228681421968685,0.0,0.0,0.0
761,0.5486716628074646,0.0,0.00021657251636497676,0.0,20.0,0.0019311495125293732,0.03862299025058746,20.0,7.214921060949564e-05,0.0014429842121899128,10.0,0.010994592681527138,0.10994592681527138,25.0,3.405701136216521e-05,0.0008514252840541303,5.702851425712857,0.0014401273801922798,0.008212832483337665,0.0,0.2953397035598755,0.0,500.0,0.0005009848391637206,0.2504924195818603,200.0,0.000533931830432266,0.1067863660864532,0.38019009504752377,0.08500155806541443,0.03231675044007752,0.0,0.0,0.0
762,0.5492918491363525,0.0,0.0002158644056180492,0.0,20.0,0.0019306084141135216,0.03861216828227043,20.0,7.271139475051314e-05,0.0014542278950102627,10.0,0.010996732860803604,0.10996732860803604,25.0,3.446623304625973e-05,0.0008616558261564933,5.710355177588794,0.001480890205129981,0.008456409050304519,0.0,0.2953513264656067,0.0,500.0,0.0005016420618630946,0.2508210309315473,200.0,0.0005338344490155578,0.10676688980311155,0.3806903451725863,0.08498284965753555,0.032352150369877215,0.0,0.0,0.0
763,0.5488280057907104,0.0,0.00021475335233844817,0.0,20.0,0.0019313020166009665,0.03862604033201933,20.0,7.18073861207813e-05,0.001436147722415626,10.0,0.010993276722729206,0.10993276722729206,25.0,3.380908310646191e-05,0.0008452270776615478,5.717858929464732,0.001295750611461699,0.007408919204105663,0.0,0.2952238619327545,0.0,500.0,0.0005027985898777843,0.2513992949388921,200.0,0.0005339484778232872,0.10678969556465745,0.3811905952976488,0.0849703773856163,0.03238990873828895,0.0,0.0,0.0
764,0.5485937595367432,0.0,0.00021459328127093613,0.0,20.0,0.0019319530110806227,0.03863906022161245,20.0,6.990374822635204e-05,0.0013980749645270407,10.0,0.010986381210386753,0.10986381210386753,25.0,3.279979864601046e-05,0.0008199949661502615,5.725362681340671,0.0012733044568449259,0.007290129819204691,0.0,0.2952137887477875,0.0,500.0,0.0005026748985983431,0.25133744929917157,200.0,0.0005340494099073112,0.10680988198146224,0.38169084542271137,0.08497831970453262,0.03243544669062451,0.0,0.0,0.0
765,0.5473008751869202,0.0,0.0002161024312954396,0.0,20.0,0.00193064846098423,0.0386129692196846,20.0,7.003917562542483e-05,0.0014007835125084966,10.0,0.010985339991748333,0.10985339991748333,25.0,3.3718941267579794e-05,0.0008429735316894948,5.732866433216608,0.0012250718427821994,0.007023173245764885,0.0,0.2953267991542816,0.0,500.0,0.0005005699931643903,0.25028499658219516,200.0,0.0005340328207239509,0.10680656414479017,0.38219109554777386,0.0849732756614685,0.03247602931733964,0.0,0.0,0.0
766,0.5479052066802979,0.0,0.00021714656031690538,0.0,20.0,0.0019343167077749968,0.038686334155499935,20.0,7.202594133559614e-05,0.0014405188267119229,10.0,0.010994329117238522,0.10994329117238522,25.0,3.3611839171499014e-05,0.0008402959792874753,5.740370185092546,0.0013135772896930575,0.007540419909568702,0.0,0.2955150306224823,0.0,500.0,0.0005003685364499688,0.2501842682249844,200.0,0.0005337824113667011,0.10675648227334023,0.3826913456728364,0.08496039360761642,0.03251360735859258,0.0,0.0,0.0
767,0.5501561760902405,0.0,0.0002167349448427558,0.0,20.0,0.0019411867251619697,0.03882373450323939,20.0,7.487653056159616e-05,0.001497530611231923,10.0,0.011007770895957947,0.11007770895957947,25.0,3.2519652449991554e-05,0.0008129913112497889,5.747873936968484,0.0014436759520322084,0.008298067378114095,0.0,0.2955257296562195,0.0,500.0,0.000502828333992511,0.2514141669962555,200.0,0.0005334033630788326,0.10668067261576653,0.38319159579789897,0.0849478542804718,0.032551303841341375,0.0,0.0,0.0
768,0.5499890446662903,0.0,0.00021642162755597383,0.0,20.0,0.0019416965078562498,0.038833930157124996,20.0,7.431514677591622e-05,0.0014863029355183244,10.0,0.011009505949914455,0.11009505949914455,25.0,3.143452704534866e-05,0.0007858631761337165,5.755377688844423,0.0013840378960594535,0.007965660827495755,0.0,0.29546645283699036,0.0,500.0,0.0005030991160310805,0.25154955801554024,200.0,0.0005334381712600589,0.10668763425201178,0.38369184592296146,0.08492492884397507,0.03258500271302095,0.0,0.0,0.0
769,0.5484587550163269,0.0,0.00021630371338687837,0.0,20.0,0.0019374055555090308,0.038748111110180616,20.0,7.065094541758299e-05,0.0014130189083516598,10.0,0.01100152637809515,0.1100152637809515,25.0,3.0136525310808793e-05,0.0007534131327702198,5.76288144072036,0.0012750145979225636,0.007347757963015474,0.0,0.2953493297100067,0.0,500.0,0.0005015965434722602,0.2507982717361301,200.0,0.00053380336612463,0.106760673224926,0.384192096048024,0.08491115272045135,0.03262219374152408,0.0,0.0,0.0
770,0.5476124286651611,0.0,0.00021614431170746684,0.0,20.0,0.0019338708370923996,0.03867741674184799,20.0,6.87974679749459e-05,0.001375949359498918,10.0,0.010998422279953957,0.10998422279953957,25.0,2.970225250464864e-05,0.000742556312616216,5.770385192596298,0.0010985122062265873,0.00633883856869619,0.0,0.29519057273864746,0.0,500.0,0.0005020113894715905,0.25100569473579526,200.0,0.0005341662326827645,0.1068332465365529,0.38469234617308656,0.08488481491804123,0.032654538605289496,0.0,0.0,0.0
771,0.5492989420890808,0.0,0.000215586565900594,0.0,20.0,0.0019321569707244635,0.03864313941448927,20.0,6.974452844588086e-05,0.0013948905689176172,10.0,0.011005363427102566,0.11005363427102566,25.0,3.0188062737579457e-05,0.0007547015684394864,5.777888944472236,0.001357300323434174,0.007842330533098905,0.0,0.2952163517475128,0.0,500.0,0.0005022530676797032,0.2511265338398516,200.0,0.0005340170464478433,0.10680340928956866,0.38519259629814906,0.08484149724245071,0.03268031659664185,0.0,0.0,0.0
772,0.5485538840293884,0.0,0.00021625831141136587,0.0,20.0,0.001928528188727796,0.03857056377455592,20.0,7.282671867869794e-05,0.0014565343735739589,10.0,0.011017919518053532,0.11017919518053532,25.0,3.273961920058355e-05,0.0008184904800145887,5.785392696348174,0.0012443566229194403,0.007199091717890608,0.0,0.29536110162734985,0.0,500.0,0.0005017150542698801,0.25085752713494003,200.0,0.0005338607588782907,0.10677215177565813,0.3856928464232116,0.08478344231843948,0.0327003671973571,0.0,0.0,0.0
773,0.5499593019485474,0.0,0.00021658523473888636,0.0,20.0,0.0019237681990489364,0.03847536398097873,20.0,7.519980135839432e-05,0.0015039960271678865,10.0,0.01102671679109335,0.1102671679109335,25.0,3.547632513800636e-05,0.000886908128450159,5.792896448224112,0.001349607133306563,0.007818134369029514,0.0,0.29545801877975464,0.0,500.0,0.0005029718740843236,0.2514859370421618,200.0,0.000533920421730727,0.10678408434614539,0.38619309654827416,0.08477016538381577,0.03273765266448513,0.0,0.0,0.0
774,0.5495268106460571,0.0,0.00021594019199255854,0.0,20.0,0.0019224400166422129,0.03844880033284426,20.0,7.408528472296894e-05,0.0014817056944593787,10.0,0.011026126332581043,0.11026126332581043,25.0,3.539212411851622e-05,0.0008848031029629055,5.80040020010005,0.0012960999738425016,0.007517898547625716,0.0,0.295329213142395,0.0,500.0,0.000502757087815553,0.2513785439077765,200.0,0.0005338957998901606,0.10677915997803211,0.38669334667333666,0.0847560465335846,0.032774599284872884,0.0,0.0,0.0
775,0.5478324294090271,0.0,0.00021562428446486592,0.0,20.0,0.001919264323078096,0.03838528646156192,20.0,7.025983359199017e-05,0.0014051966718398035,10.0,0.011016507633030415,0.11016507633030415,25.0,3.448432107688859e-05,0.0008621080269222148,5.807903951975988,0.0011820461368188262,0.00686521042944801,0.0,0.29520347714424133,0.0,500.0,0.0005010199383832514,0.2505099691916257,200.0,0.0005341599462553859,0.10683198925107718,0.3871935967983992,0.08473177999258041,0.03280760265845785,0.0,0.0,0.0
776,0.5484669208526611,0.0,0.00021529218065552413,0.0,20.0,0.001920518814586103,0.03841037629172206,20.0,6.825996388215572e-05,0.0013651992776431143,10.0,0.011013909243047237,0.11013909243047237,25.0,3.3112839446403086e-05,0.0008278209861600772,5.815407703851926,0.00123225012794137,0.007166036887102764,0.0,0.2950878441333771,0.0,500.0,0.0005016877548769116,0.2508438774384558,200.0,0.00053434818983078,0.106869637966156,0.3876938469234617,0.08471871167421341,0.032844923235375384,0.0,0.0,0.0
777,0.5503242015838623,0.0,0.0002154196990886703,0.0,20.0,0.0019262749701738358,0.038525499403476715,20.0,6.852921796962619e-05,0.0013705843593925238,10.0,0.01102313119918108,0.1102313119918108,25.0,3.116443258477375e-05,0.0007791108146193437,5.822911455727864,0.00144898088183254,0.00843728737595336,0.0,0.29514339566230774,0.0,500.0,0.0005025294376537204,0.2512647188268602,200.0,0.0005342097720131278,0.10684195440262556,0.38819409704852426,0.08468376845121384,0.03287373902858526,0.0,0.0,0.0
778,0.5495389699935913,0.0,0.0002181239251513034,0.0,20.0,0.0019249845063313842,0.038499690126627684,20.0,7.05950369592756e-05,0.001411900739185512,10.0,0.01103856973350048,0.1103856973350048,25.0,3.209190981579013e-05,0.0008022977453947533,5.830415207603802,0.0014584821183234453,0.008503556322691223,0.0,0.2952803671360016,0.0,500.0,0.0005005133571103215,0.25025667855516076,200.0,0.0005339189665392041,0.10678379330784082,0.3886943471735868,0.08463025838136673,0.03289530303267731,0.0,0.0,0.0
779,0.5514675974845886,0.0,0.0002192540414398536,0.0,20.0,0.0019282865105196834,0.03856573021039367,20.0,7.254297088366002e-05,0.0014508594176732004,10.0,0.011057062074542046,0.11057062074542046,25.0,3.1049192330101505e-05,0.0007762298082525376,5.83791895947974,0.0016113114543259144,0.009406705688836128,0.0,0.2953767776489258,0.0,500.0,0.0005020287353545427,0.25101436767727137,200.0,0.0005338069167919457,0.10676138335838914,0.3891945972986493,0.08458918333053589,0.03292165314214953,0.0,0.0,0.0
780,0.5522853136062622,0.0,0.00021805222786497325,0.0,20.0,0.0019322072621434927,0.038644145242869854,20.0,7.177941006375477e-05,0.0014355882012750953,10.0,0.011067165061831474,0.11067165061831474,25.0,2.817763561324682e-05,0.0007044408903311705,5.845422711355678,0.0015886907931417227,0.009286569243552291,0.0,0.2952658534049988,0.0,500.0,0.0005036992952227592,0.2518496476113796,200.0,0.0005336401518434286,0.10672803036868572,0.38969484742371185,0.08459246903657913,0.032965249314404775,0.0,0.0,0.0
781,0.5516250729560852,0.0,0.00021622772328555584,0.0,20.0,0.0019325087778270245,0.03865017555654049,20.0,7.011869456619024e-05,0.0014023738913238049,10.0,0.01106840930879116,0.1106840930879116,25.0,2.629487426020205e-05,0.0006573718565050513,5.852926463231616,0.0012619579210877419,0.0073861469118192,0.0,0.2952151894569397,0.0,500.0,0.000506110314745456,0.253055157372728,200.0,0.0005338639602996409,0.10677279205992818,0.3901950975487744,0.08461664617061615,0.033017000506793695,0.0,0.0,0.0
782,0.5528677701950073,0.0,0.00021498679416254163,0.0,20.0,0.001932357787154615,0.0386471557430923,20.0,6.831456994405016e-05,0.0013662913988810033,10.0,0.011059117503464222,0.11059117503464222,25.0,2.5555422325851396e-05,0.0006388855581462849,5.860430215107554,0.0013882979983463883,0.008136023537082511,0.0,0.2951156795024872,0.0,500.0,0.0005071398336440325,0.25356991682201624,200.0,0.0005342745571397245,0.1068549114279449,0.3906953476738369,0.08462711423635483,0.033063419819206165,0.0,0.0,0.0
783,0.5503172278404236,0.0,0.00021612655837088823,0.0,20.0,0.0019238413078710437,0.038476826157420874,20.0,6.73259055474773e-05,0.001346518110949546,10.0,0.011043274775147438,0.11043274775147438,25.0,2.8586839107447304e-05,0.0007146709776861826,5.867933966983491,0.0013798648724332452,0.008096955954798382,0.0,0.2950773537158966,0.0,500.0,0.0005025127320550382,0.2512563660275191,200.0,0.0005344371893443167,0.10688743786886334,0.39119559779889945,0.08462695777416229,0.03310569333636564,0.0,0.0,0.0
784,0.5490357875823975,0.0,0.00021615141304209828,0.0,20.0,0.001918781315907836,0.03837562631815672,20.0,6.925713387317955e-05,0.001385142677463591,10.0,0.011036541312932968,0.11036541312932968,25.0,3.261010715505108e-05,0.0008152526788762771,5.87543771885943,0.001343993004411459,0.007896547192002295,0.0,0.2952316105365753,0.0,500.0,0.0005003369296900928,0.2501684648450464,200.0,0.0005344034289009869,0.10688068578019738,0.391695847923962,0.08462861180305481,0.033148675858825374,0.0,0.0,0.0
785,0.5490578413009644,0.0,0.0002153728564735502,0.0,20.0,0.0019218919333070517,0.03843783866614103,20.0,7.29481689631939e-05,0.0014589633792638779,10.0,0.011040673591196537,0.11040673591196537,25.0,3.53973446181044e-05,0.00088493361545261,5.882941470735368,0.001220567850396037,0.007180529224941169,0.0,0.2953784763813019,0.0,500.0,0.0005013574264012277,0.25067871320061386,200.0,0.0005340879433788359,0.10681758867576718,0.3921960980490245,0.08463239669799805,0.03319249575349198,0.0,0.0,0.0
786,0.5509558916091919,0.0,0.00021477750851772726,0.0,20.0,0.0019249350298196077,0.038498700596392155,20.0,7.43283235351555e-05,0.00148656647070311,10.0,0.011043923906981945,0.11043923906981945,25.0,3.636936526163481e-05,0.0009092341315408703,5.890445222611306,0.0013447464443743229,0.00792115526888827,0.0,0.29547256231307983,0.0,500.0,0.0005033233319409192,0.2516616659704596,200.0,0.0005340529605746269,0.10681059211492538,0.39269634817408705,0.08461683988571167,0.03322872401715041,0.0,0.0,0.0
787,0.5488540530204773,0.0,0.00021502681192941964,0.0,20.0,0.0019241033587604761,0.03848206717520952,20.0,7.238052785396576e-05,0.0014476105570793152,10.0,0.01104081328958273,0.1104081328958273,25.0,3.6486908356891945e-05,0.0009121727089222986,5.897948974487243,0.0011921835830435157,0.00703143794101203,0.0,0.2953749895095825,0.0,500.0,0.0005010419990867376,0.2505209995433688,200.0,0.0005339598283171654,0.10679196566343307,0.3931965982991496,0.0845877155661583,0.033259602018509464,0.0,0.0,0.0
788,0.5479453802108765,0.0,0.000215563180972822,0.0,20.0,0.0019236135995015502,0.038472271990031004,20.0,6.988145469222218e-05,0.0013976290938444436,10.0,0.011042635887861252,0.11042635887861252,25.0,3.5197277611587197e-05,0.0008799319402896799,5.9054527263631815,0.0011637202696874738,0.006872295039349989,0.0,0.29528021812438965,0.0,500.0,0.0004996122443117201,0.24980612215586007,200.0,0.0005340478383004665,0.10680956766009331,0.3936968484242121,0.08453517407178879,0.03328123161305541,0.0,0.0,0.0
789,0.5482810735702515,0.0,0.00021619498147629201,0.0,20.0,0.0019289958290755749,0.0385799165815115,20.0,6.909455987624824e-05,0.0013818911975249648,10.0,0.011054635047912598,0.11054635047912598,25.0,3.266623389208689e-05,0.0008166558473021723,5.91295647823912,0.001176809542812407,0.006958423609826239,0.0,0.2952275574207306,0.0,500.0,0.0004998003132641315,0.24990015663206577,200.0,0.0005339875351637602,0.10679750703275204,0.39419709854927465,0.08447585999965668,0.03330013890931939,0.0,0.0,0.0
790,0.5495977401733398,0.0,0.00021658450714312494,0.0,20.0,0.0019339860882610083,0.038679721765220165,20.0,7.078923954395577e-05,0.0014157847908791155,10.0,0.011072726920247078,0.11072726920247078,25.0,3.156250386382453e-05,0.0007890625965956133,5.920460230115058,0.0013206341536715627,0.007818761985344145,0.0,0.2953457236289978,0.0,500.0,0.0005001921090297401,0.25009605451487005,200.0,0.0005337287439033389,0.10674574878066778,0.39469734867433715,0.08443256467580795,0.03332530941931589,0.0,0.0,0.0
791,0.550942063331604,0.0,0.00021680207282770425,0.0,20.0,0.001933937892317772,0.03867875784635544,20.0,7.299090793821961e-05,0.0014598181587643921,10.0,0.011088124476373196,0.11088124476373196,25.0,3.1932828278513625e-05,0.0007983207069628406,5.927963981990995,0.0013996381312608719,0.008297004429935634,0.0,0.29536980390548706,0.0,500.0,0.0005015406641177833,0.25077033205889165,200.0,0.0005335129098966718,0.10670258197933435,0.3951975987993997,0.08439826965332031,0.03335399350981643,0.0,0.0,0.0
792,0.551199734210968,0.0,0.00021697103511542082,0.0,20.0,0.001931192702613771,0.03862385405227542,20.0,7.264728628797457e-05,0.0014529457257594913,10.0,0.011093017645180225,0.11093017645180225,25.0,3.1637777283322066e-05,0.0007909444320830517,5.9354677338669335,0.0014485507272183895,0.008597826102274234,0.0,0.29536759853363037,0.0,500.0,0.0005013904883526266,0.2506952441763133,200.0,0.0005336173926480114,0.10672347852960229,0.39569784892446225,0.08437057584524155,0.033385255374480276,0.0,0.0,0.0
793,0.5502849817276001,0.0,0.0002162699238397181,0.0,20.0,0.001928385579958558,0.03856771159917116,20.0,7.041647040750831e-05,0.0014083294081501663,10.0,0.011088755913078785,0.11088755913078785,25.0,3.059215669054538e-05,0.0007648039172636345,5.942971485742872,0.001335598062723875,0.00793742120318141,0.0,0.2951909899711609,0.0,500.0,0.0005009854212403297,0.25049271062016487,200.0,0.0005339981289580464,0.10679962579160929,0.39619809904952474,0.08436894416809082,0.03342681529821307,0.0,0.0,0.0
794,0.5501140356063843,0.0,0.00021562153415288776,0.0,20.0,0.0019218148663640022,0.038436297327280045,20.0,6.88974978402257e-05,0.001377949956804514,10.0,0.011082536540925503,0.11082536540925503,25.0,3.124815339106135e-05,0.0007812038347765338,5.950475237618809,0.0013507752446457744,0.008037754644853169,0.0,0.29507967829704285,0.0,500.0,0.0005006345454603434,0.2503172727301717,200.0,0.0005343563389033079,0.10687126778066158,0.3966983491745873,0.084363654255867,0.03346692237363809,0.0,0.0,0.0
795,0.5492667555809021,0.0,0.00021503237076103687,0.0,20.0,0.0019146976992487907,0.038293953984975815,20.0,6.874951941426843e-05,0.0013749903882853687,10.0,0.011078575626015663,0.11078575626015663,25.0,3.328907769173384e-05,0.0008322269422933459,5.957978989494747,0.001240879762917757,0.0073931355559532196,0.0,0.2950480878353119,0.0,500.0,0.0005003877449780703,0.25019387248903513,200.0,0.0005344352102838457,0.10688704205676913,0.39719859929964985,0.08435524255037308,0.03350578418459041,0.0,0.0,0.0
796,0.5493904948234558,0.0,0.00021485095203388482,0.0,20.0,0.0019123281817883253,0.038246563635766506,20.0,7.007895328570157e-05,0.0014015790657140315,10.0,0.011079275980591774,0.11079275980591774,25.0,3.542562262737192e-05,0.000885640565684298,5.9654827413706855,0.0012334842467680573,0.007358328985847466,0.0,0.29516324400901794,0.0,500.0,0.0005006135907024145,0.25030679535120726,200.0,0.0005342744407244027,0.10685488814488053,0.39769884942471234,0.08434522897005081,0.03354400051585312,0.0,0.0,0.0
797,0.5497452020645142,0.0,0.00021485460456460714,0.0,20.0,0.0019126133993268013,0.038252267986536026,20.0,7.078641647240147e-05,0.0014157283294480294,10.0,0.011082747019827366,0.11082747019827366,25.0,3.602379365474917e-05,0.0009005948413687292,5.972986493246624,0.0012212698347866535,0.007294628227790217,0.0,0.29527178406715393,0.0,500.0,0.0005012844339944422,0.2506422169972211,200.0,0.0005341695505194366,0.10683391010388732,0.3981990995497749,0.08432566374540329,0.03357840337235669,0.0,0.0,0.0
798,0.5490674376487732,0.0,0.00021530420053750277,0.0,20.0,0.0019127316772937775,0.03825463354587555,20.0,6.983033381402493e-05,0.0013966066762804985,10.0,0.011084865778684616,0.11084865778684616,25.0,3.533199560479261e-05,0.0008832998901198152,5.980490245122561,0.001169176772236824,0.006992250281186208,0.0,0.2952546775341034,0.0,500.0,0.0005005293060094118,0.2502646530047059,200.0,0.0005340668139979243,0.10681336279958487,0.39869934967483744,0.0843091532588005,0.03361400457591997,0.0,0.0,0.0
799,0.5498546361923218,0.0,0.000215717067476362,0.0,20.0,0.001915676984935999,0.03831353969871998,20.0,6.916974962223321e-05,0.0013833949924446642,10.0,0.011090574786067009,0.11090574786067009,25.0,3.3590124075999483e-05,0.0008397531018999871,5.987993996998499,0.0012887015473097563,0.007716737129213498,0.0,0.29531097412109375,0.0,500.0,0.0005005360580980778,0.2502680290490389,200.0,0.0005338994087651372,0.10677988175302744,0.39919959979989994,0.08428753912448883,0.03364755188661435,0.0,0.0,0.0
800,0.5505293607711792,0.0,0.00021631323033943772,0.0,20.0,0.0019192922627553344,0.03838584525510669,20.0,6.971601396799088e-05,0.0013943202793598175,10.0,0.01110001653432846,0.1110001653432846,25.0,3.229795765946619e-05,0.0008074489414866548,5.995497748874437,0.0013525164686143398,0.008109009442892879,0.0,0.2953442931175232,0.0,500.0,0.0005008232546970248,0.2504116273485124,200.0,0.0005337160546332598,0.10674321092665195,0.3996998499249625,0.08425767719745636,0.03367778093084924,0.0,0.0,0.0
801,0.5506091117858887,0.0,0.00021661842765752226,0.0,20.0,0.0019206074066460133,0.038412148132920265,20.0,7.044491940177977e-05,0.0014088983880355954,10.0,0.011105632409453392,0.11105632409453392,25.0,3.188688788213767e-05,0.0007971721970534418,6.003001500750375,0.0013254450168460608,0.007956648425289009,0.0,0.2953668534755707,0.0,500.0,0.0005011050961911678,0.2505525480955839,200.0,0.0005335721070878208,0.10671442141756415,0.400200100050025,0.08423522859811783,0.03371094691270348,0.0,0.0,0.0
802,0.5507194995880127,0.0,0.00021666901011485606,0.0,20.0,0.0019200367387384176,0.03840073477476835,20.0,7.129016012186185e-05,0.001425803202437237,10.0,0.011107413098216057,0.11107413098216057,25.0,3.2257423299597576e-05,0.0008064355824899394,6.010505252626313,0.0013166408753022552,0.007913676896826712,0.0,0.29537272453308105,0.0,500.0,0.0005013063200749457,0.25065316003747284,200.0,0.0005334941670298576,0.10669883340597153,0.40070035017508754,0.08421926200389862,0.033746687776449624,0.0,0.0,0.0
803,0.5506636500358582,0.0,0.00021679647034034133,0.0,20.0,0.0019162951502949,0.038325903005898,20.0,7.152442412916571e-05,0.0014304884825833142,10.0,0.011104750446975231,0.11104750446975231,25.0,3.341772753628902e-05,0.0008354431884072255,6.018009004502251,0.001370192039757967,0.008245828033160752,0.0,0.29540717601776123,0.0,500.0,0.0005005751736462116,0.2502875868231058,200.0,0.0005335437599569559,0.10670875199139118,0.4012006003001501,0.08420263230800629,0.033782146628824936,0.0,0.0,0.0
804,0.5492947697639465,0.0,0.0002168342616641894,0.0,20.0,0.0019101820653304458,0.038203641306608915,20.0,7.028286927379668e-05,0.0014056573854759336,10.0,0.011097768321633339,0.11097768321633339,25.0,3.441574517637491e-05,0.0008603936294093728,6.025512756378189,0.0012468869099393487,0.007513132981600528,0.0,0.29538825154304504,0.0,500.0,0.0004995016497559845,0.24975082487799227,200.0,0.0005338346236385405,0.1067669247277081,0.4017008504252126,0.08418334275484085,0.03381652037625673,0.0,0.0,0.0
805,0.5493814945220947,0.0,0.0002165133919334039,0.0,20.0,0.0019087567925453186,0.03817513585090637,20.0,7.059751806082204e-05,0.0014119503612164408,10.0,0.011098356917500496,0.11098356917500496,25.0,3.485498018562794e-05,0.0008713745046406984,6.033016508254127,0.0012298997025936842,0.007420005209244538,0.0,0.29541951417922974,0.0,500.0,0.0004998224321752787,0.24991121608763933,200.0,0.0005337839247658849,0.10675678495317698,0.40220110055027514,0.08416543155908585,0.033851429201353186,0.0,0.0,0.0
806,0.5515886545181274,0.0,0.00021621538326144218,0.0,20.0,0.0019120285287499428,0.038240570574998856,20.0,7.179476961027831e-05,0.0014358953922055662,10.0,0.011105154640972614,0.11105154640972614,25.0,3.434857717365958e-05,0.0008587144293414894,6.040520260130065,0.001453520730137825,0.008780021418916577,0.0,0.2954121530056,0.0,500.0,0.0005012369947507977,0.2506184973753989,200.0,0.0005336122703738511,0.10672245407477021,0.4027013506753377,0.08413416147232056,0.033880940462840445,0.0,0.0,0.0
807,0.5498623847961426,0.0,0.00021699382341466844,0.0,20.0,0.0019097778713330626,0.03819555742666125,20.0,7.229666516650468e-05,0.0014459333033300936,10.0,0.011109733022749424,0.11109733022749424,25.0,3.516523793223314e-05,0.0008791309483058285,6.048024012006003,0.0012238253839313984,0.007401725308519563,0.0,0.29541730880737305,0.0,500.0,0.0005004015401937068,0.2502007700968534,200.0,0.0005335866590030491,0.10671733180060983,0.4032016008004002,0.08413799107074738,0.03392457268785512,0.0,0.0,0.0
808,0.5491310358047485,0.0,0.00021722764358855784,0.0,20.0,0.001906540710479021,0.03813081420958042,20.0,7.112183811841533e-05,0.0014224367623683065,10.0,0.011110953986644745,0.11110953986644745,25.0,3.475389166851528e-05,0.000868847291712882,6.055527763881941,0.0011459995293989778,0.006939631967671149,0.0,0.2953721582889557,0.0,500.0,0.0004998893127776682,0.24994465638883412,200.0,0.0005337452748790383,0.10674905497580767,0.40370185092546274,0.0841364935040474,0.0339660581579621,0.0,0.0,0.0
809,0.5503023862838745,0.0,0.00021679849305655807,0.0,20.0,0.0019054751610383391,0.03810950322076678,20.0,7.003237260505557e-05,0.0014006474521011114,10.0,0.011113549582660198,0.11113549582660198,25.0,3.3451633498771116e-05,0.0008362908374692779,6.063031515757879,0.0012845724122598767,0.007788403019804755,0.0,0.29520106315612793,0.0,500.0,0.0005005199345760047,0.25025996728800237,200.0,0.000533867219928652,0.10677344398573041,0.4042021010505253,0.08411296457052231,0.03399863700499351,0.0,0.0,0.0
810,0.5524596571922302,0.0,0.00021597219165414572,0.0,20.0,0.0019087153486907482,0.038174306973814964,20.0,6.952968396944925e-05,0.001390593679388985,10.0,0.011118495836853981,0.11118495836853981,25.0,3.1179246434476227e-05,0.0007794811608619057,6.070535267633817,0.0014315990265458822,0.008690572379757018,0.0,0.29514557123184204,0.0,500.0,0.0005027991719543934,0.2513995859771967,200.0,0.0005339994095265865,0.1067998819053173,0.4047023511755878,0.08411183953285217,0.03404025922064903,0.0,0.0,0.0
811,0.5513193011283875,0.0,0.000217087275814265,0.0,20.0,0.001904933014884591,0.03809866029769182,20.0,7.016034214757383e-05,0.0014032068429514766,10.0,0.01112254336476326,0.1112254336476326,25.0,3.207608824595809e-05,0.0008019022061489522,6.078039019509755,0.001352008432149887,0.00821756000531322,0.0,0.29516538977622986,0.0,500.0,0.0005014195921830833,0.25070979609154165,200.0,0.0005339147755876184,0.10678295511752367,0.40520260130065033,0.08410559594631195,0.034079806261387034,0.0,0.0,0.0
812,0.5517030358314514,0.0,0.00021771428873762488,0.0,20.0,0.0019021083135157824,0.03804216627031565,20.0,7.082288357196376e-05,0.0014164576714392751,10.0,0.01112275943160057,0.1112275943160057,25.0,3.3079115382861346e-05,0.0008269778845715337,6.085542771385692,0.0014508439926430583,0.00882917317183732,0.0,0.29517844319343567,0.0,500.0,0.0005009037558920681,0.2504518779460341,200.0,0.0005339646595530212,0.10679293191060424,0.40570285142571283,0.0840907096862793,0.03411584069813532,0.0,0.0,0.0
813,0.5518661737442017,0.0,0.00021747003484051675,0.0,20.0,0.0019000446191057563,0.038000892382115126,20.0,7.123766408767551e-05,0.0014247532817535102,10.0,0.011119075119495392,0.11119075119495392,25.0,3.404085146030411e-05,0.0008510212865076028,6.093046523261631,0.0014849238796159625,0.009047710282002212,0.0,0.2951676547527313,0.0,500.0,0.0005007947329431772,0.2503973664715886,200.0,0.0005340150091797113,0.10680300183594227,0.4062031015507754,0.08407295495271683,0.034150695058332195,0.0,0.0,0.0
814,0.5510483980178833,0.0,0.0002166097838198766,0.0,20.0,0.0018986621871590614,0.03797324374318123,20.0,7.122763781808317e-05,0.0014245527563616633,10.0,0.011111687868833542,0.11111687868833542,25.0,3.498816295177676e-05,0.000874704073794419,6.100550275137569,0.001327128498815,0.008096214128588757,0.0,0.29520708322525024,0.0,500.0,0.0005011174944229424,0.2505587472114712,200.0,0.0005340608768165112,0.10681217536330223,0.40670335167583793,0.08407080918550491,0.03419187987384467,0.0,0.0,0.0
815,0.5517671704292297,0.0,0.000215985463000834,0.0,20.0,0.0018992163240909576,0.03798432648181915,20.0,7.116384949767962e-05,0.0014232769899535924,10.0,0.011101973243057728,0.11101973243057728,25.0,3.586049933801405e-05,0.0008965124834503513,6.108054027013507,0.001404898939654231,0.008581198625902032,0.0,0.29522430896759033,0.0,500.0,0.0005016264622099698,0.2508132311049849,200.0,0.0005340577336028218,0.10681154672056437,0.4072036018009004,0.0840790718793869,0.03423730090536315,0.0,0.0,0.0
816,0.5503745079040527,0.0,0.00021798608941026032,0.0,20.0,0.0018905572360381484,0.03781114472076297,20.0,7.101865776348859e-05,0.0014203731552697718,10.0,0.0110970763489604,0.110970763489604,25.0,3.9121918234741315e-05,0.0009780479558685329,6.115557778889444,0.0013845192734152079,0.008467107612556736,0.0,0.2952568531036377,0.0,500.0,0.0004992099129594862,0.24960495647974312,200.0,0.0005342696094885468,0.10685392189770937,0.407703851925963,0.08405173569917679,0.03426821640561735,0.0,0.0,0.0
817,0.5512197613716125,0.0,0.00021844307775609195,0.0,20.0,0.0018911277875304222,0.037822555750608444,20.0,7.132955943234265e-05,0.001426591188646853,10.0,0.01110019814223051,0.11100198142230511,25.0,3.905657649738714e-05,0.0009764144124346785,6.123061530765383,0.001499687321484089,0.009182677746355802,0.0,0.29532763361930847,0.0,500.0,0.0004994023474864662,0.24970117374323308,200.0,0.0005340697825886309,0.10681395651772618,0.40820410205102553,0.08401291817426682,0.034294417824012866,0.0,0.0,0.0
818,0.5502186417579651,0.0,0.00021724810358136892,0.0,20.0,0.001901042414829135,0.0380208482965827,20.0,7.175278733484447e-05,0.0014350557466968894,10.0,0.01110852137207985,0.11108521372079849,25.0,3.551365443854593e-05,0.0008878413609636482,6.130565282641321,0.0011906818253919482,0.007299552661419873,0.0,0.29531705379486084,0.0,500.0,0.0005008790176361799,0.25043950881808996,200.0,0.0005336792091839015,0.10673584183678031,0.408704352176088,0.08396004885435104,0.034314837375690244,0.0,0.0,0.0
819,0.5547910332679749,0.0,0.00021585621288977563,0.0,20.0,0.0019104396924376488,0.038208793848752975,20.0,7.078493217704818e-05,0.0014156986435409635,10.0,0.011115075089037418,0.11115075089037418,25.0,3.08515336655546e-05,0.000771288341638865,6.138069034517259,0.0015356267103925347,0.00942578275963802,0.0,0.2953187823295593,0.0,500.0,0.0005053174099884927,0.25265870499424636,200.0,0.0005341286305338144,0.10682572610676289,0.4092046023011506,0.08390498906373978,0.034334307680910024,0.0,0.0,0.0
820,0.5520824193954468,0.0,0.0002170939405914396,0.0,20.0,0.001908330013975501,0.03816660027951002,20.0,6.932765245437622e-05,0.0013865530490875244,10.0,0.011117564514279366,0.11117564514279366,25.0,2.9891454687458463e-05,0.0007472863671864616,6.145572786393196,0.001350898528471589,0.008302045233753613,0.0,0.2952638864517212,0.0,500.0,0.0005022959667257965,0.25114798336289823,200.0,0.0005339537165127695,0.10679074330255389,0.40970485242621313,0.08387883752584457,0.03436556675020846,0.0,0.0,0.0
821,0.5517371296882629,0.0,0.0002184337645303458,0.0,20.0,0.0019038626924157143,0.038077253848314285,20.0,6.860774010419846e-05,0.0013721548020839691,10.0,0.011117239482700825,0.11117239482700825,25.0,3.009519787156023e-05,0.0007523799467890058,6.153076538269135,0.0014162217266857624,0.008714120679457168,0.0,0.2953101396560669,0.0,500.0,0.0005008826265111566,0.2504413132555783,200.0,0.0005340862553566694,0.10681725107133389,0.4102051025512756,0.08383683115243912,0.034390295920460265,0.0,0.0,0.0
822,0.5526041984558105,0.0,0.00021906365873292089,0.0,20.0,0.0018988323863595724,0.03797664772719145,20.0,7.078330963850021e-05,0.0014156661927700043,10.0,0.011121632531285286,0.11121632531285286,25.0,3.233032111893408e-05,0.000808258027973352,6.160580290145073,0.001560090109705925,0.009611060380704585,0.0,0.2953774631023407,0.0,500.0,0.0005007151630707085,0.25035758153535426,200.0,0.0005340115167200565,0.1068023033440113,0.4107053526763382,0.08379826694726944,0.034416396780244225,0.0,0.0,0.0
823,0.553370475769043,0.0,0.00021801334514748305,0.0,20.0,0.0018947402713820338,0.037894805427640676,20.0,7.198392995633185e-05,0.001439678599126637,10.0,0.011123111471533775,0.11123111471533775,25.0,3.351304985699244e-05,0.000837826246424811,6.16808404202101,0.0016072243452072144,0.009913494835620287,0.0,0.2953619658946991,0.0,500.0,0.0005015992792323232,0.2507996396161616,200.0,0.0005339625058695674,0.10679250117391348,0.4112056028014007,0.08380578458309174,0.034461408167734575,0.0,0.0,0.0
824,0.5525050759315491,0.0,0.00021606235532090068,0.0,20.0,0.0018892551306635141,0.03778510261327028,20.0,7.113914762157947e-05,0.0014227829524315894,10.0,0.011116291396319866,0.11116291396319866,25.0,3.413249214645475e-05,0.0008533123036613688,6.175587793896948,0.0013792867539450526,0.008517906441946811,0.0,0.2952403128147125,0.0,500.0,0.0005028819432482123,0.25144097162410617,200.0,0.0005340531934052706,0.10681063868105412,0.4117058529264632,0.0838254988193512,0.03451144848840722,0.0,0.0,0.0
825,0.5512975454330444,0.0,0.0002150022191926837,0.0,20.0,0.0018842018907889724,0.03768403781577945,20.0,6.784917786717415e-05,0.001356983557343483,10.0,0.011101556941866875,0.11101556941866875,25.0,3.39813886967022e-05,0.0008495347174175549,6.1830915457728866,0.0012363006826490164,0.007644160298920381,0.0,0.2951235771179199,0.0,500.0,0.0005025544669479132,0.2512772334739566,200.0,0.0005345306126400828,0.10690612252801657,0.4122061030515258,0.08385103195905685,0.034563907120691774,0.0,0.0,0.0
826,0.5510064959526062,0.0,0.00021522300085052848,0.0,20.0,0.0018828585743904114,0.03765717148780823,20.0,6.667195702902973e-05,0.0013334391405805945,10.0,0.011094269342720509,0.11094269342720509,25.0,3.448854840826243e-05,0.0008622137102065608,6.190595297648825,0.001259336480870843,0.007796042496636659,0.0,0.29509368538856506,0.0,500.0,0.0005017836228944361,0.25089181144721806,200.0,0.0005345690296962857,0.10691380593925714,0.41270635317658827,0.0838593915104866,0.03460930364990067,0.0,0.0,0.0
827,0.5503422617912292,0.0,0.000216173124499619,0.0,20.0,0.0018887161277234554,0.03777432255446911,20.0,6.828065670561045e-05,0.001365613134112209,10.0,0.011096878908574581,0.11096878908574581,25.0,3.494830525596626e-05,0.0008737076313991565,6.198099049524762,0.0012173805152997375,0.0075454450147892675,0.0,0.29523158073425293,0.0,500.0,0.0005006869323551655,0.25034346617758274,200.0,0.00053414236754179,0.106828473508358,0.4132066033016508,0.08383804559707642,0.03464243404861687,0.0,0.0,0.0
828,0.5507811903953552,0.0,0.00021750031737610698,0.0,20.0,0.0019003485795110464,0.03800697159022093,20.0,7.130396261345595e-05,0.001426079252269119,10.0,0.011107741855084896,0.11107741855084896,25.0,3.43926549248863e-05,0.0008598163731221575,6.2056028014007,0.0012108004884794354,0.0075137469032453205,0.0,0.2954282760620117,0.0,500.0,0.0005010009626857936,0.2505004813428968,200.0,0.0005336389876902103,0.10672779753804207,0.4137068534267134,0.08380068838596344,0.034668919107149455,0.0,0.0,0.0
829,0.552190899848938,0.0,0.00021854531951248646,0.0,20.0,0.0019102683290839195,0.03820536658167839,20.0,7.249769987538457e-05,0.0014499539975076914,10.0,0.011117697693407536,0.11117697693407536,25.0,3.2389518310083076e-05,0.0008097379577520769,6.2131065532766385,0.0013521425426006317,0.008401005692396121,0.0,0.2953857183456421,0.0,500.0,0.0005014934577047825,0.25074672885239124,200.0,0.0005335511523298919,0.10671023046597838,0.41420710355177587,0.08375248312950134,0.034690873452339725,0.0,0.0,0.0
830,0.5520598888397217,0.0,0.00021918697166256607,0.0,20.0,0.0019134662579745054,0.03826932515949011,20.0,7.07623694324866e-05,0.0014152473886497319,10.0,0.011119834147393703,0.11119834147393703,25.0,3.0058474294492044e-05,0.0007514618573623011,6.220610305152576,0.0014088659081608057,0.00876400578688325,0.0,0.29525893926620483,0.0,500.0,0.0005003083497285843,0.25015417486429214,200.0,0.0005339866620488465,0.1067973324097693,0.4147073536768384,0.08369749784469604,0.034709967840546786,0.0,0.0,0.0
831,0.5514198541641235,0.0,0.00021882638975512236,0.0,20.0,0.0019101849757134914,0.03820369951426983,20.0,6.950901297386736e-05,0.0013901802594773471,10.0,0.01112028956413269,0.1112028956413269,25.0,2.9328413802431896e-05,0.0007332103450607974,6.228114057028514,0.001306004822254181,0.00813394699202829,0.0,0.29524490237236023,0.0,500.0,0.0005003365804441273,0.25016829022206366,200.0,0.0005342315416783094,0.10684630833566189,0.41520760380190097,0.08367208391427994,0.03474128546715976,0.0,0.0,0.0
832,0.5529171824455261,0.0,0.00021749717416241765,0.0,20.0,0.0019043672364205122,0.038087344728410244,20.0,6.863343878649175e-05,0.001372668775729835,10.0,0.01112134288996458,0.1112134288996458,25.0,2.8935175578226335e-05,0.0007233793894556584,6.235617808904452,0.0014440350933000445,0.00900445094446476,0.0,0.2950912415981293,0.0,500.0,0.000501783040817827,0.2508915204089135,200.0,0.0005342463264241815,0.10684926528483629,0.41570785392696347,0.08365276455879211,0.034775111229793015,0.0,0.0,0.0
833,0.5512216091156006,0.0,0.00021762574033346027,0.0,20.0,0.0018922220915555954,0.03784444183111191,20.0,6.913678953424096e-05,0.0013827357906848192,10.0,0.011124697513878345,0.11124697513878345,25.0,3.1288498576032e-05,0.0007822124644007999,6.2431215607803905,0.0012698819627985358,0.007928027461593662,0.0,0.29505497217178345,0.0,500.0,0.000500763300806284,0.250381650403142,200.0,0.0005342367221601307,0.10684734443202615,0.416208104052026,0.08363170921802521,0.034808195132264616,0.0,0.0,0.0
834,0.5526924729347229,0.0,0.0002173255488742143,0.0,20.0,0.0018822101410478354,0.03764420282095671,20.0,7.042843208182603e-05,0.0014085686416365206,10.0,0.011130007915198803,0.11130007915198803,25.0,3.386224852874875e-05,0.0008465562132187188,6.250625312656328,0.0014807058032602072,0.009255337174455371,0.0,0.29515746235847473,0.0,500.0,0.0005010339664295316,0.2505169832147658,200.0,0.0005344084347598255,0.1068816869519651,0.41670835417708857,0.08360550552606583,0.03483911260791037,0.0,0.0,0.0
835,0.5531031489372253,0.0,0.00021635109442286193,0.0,20.0,0.001875723130069673,0.03751446260139346,20.0,7.092317537171766e-05,0.0014184635074343532,10.0,0.011131446808576584,0.11131446808576584,25.0,3.5437427868600935e-05,0.0008859356967150234,6.258129064532266,0.0014680232852697372,0.009187079188956684,0.0,0.2950941324234009,0.0,500.0,0.0005019847303628922,0.2509923651814461,200.0,0.0005346021498553455,0.1069204299710691,0.41720860430215106,0.08357919752597809,0.03486996034850712,0.0,0.0,0.0
836,0.552967369556427,0.0,0.00021516554988920689,0.0,20.0,0.0018739355728030205,0.03747871145606041,20.0,7.062999065965414e-05,0.0014125998131930828,10.0,0.011126730591058731,0.11126730591058731,25.0,3.601739081204869e-05,0.0009004347703012172,6.265632816408204,0.0013578315265476704,0.00850767377189073,0.0,0.2950756847858429,0.0,500.0,0.0005030499887652695,0.25152499438263476,200.0,0.0005347784608602524,0.10695569217205048,0.4177088544272136,0.0835987851023674,0.0349199527566167,0.0,0.0,0.0
837,0.551020622253418,0.0,0.0002155100810341537,0.0,20.0,0.001872464083135128,0.03744928166270256,20.0,6.948367081349716e-05,0.0013896734162699431,10.0,0.011118541471660137,0.11118541471660137,25.0,3.6896202800562605e-05,0.0009224050700140651,6.2731365682841425,0.0011919360840693116,0.007477177836032601,0.0,0.2951081693172455,0.0,500.0,0.000501372676808387,0.2506863384041935,200.0,0.0005347298574633896,0.10694597149267793,0.4182091045522761,0.08360482007265091,0.0349642969388375,0.0,0.0,0.0
838,0.5511783957481384,0.0,0.00021636454039253294,0.0,20.0,0.0018782650586217642,0.037565301172435284,20.0,6.974165444262326e-05,0.0013948330888524652,10.0,0.01111867930740118,0.1111867930740118,25.0,3.640503928181715e-05,0.0009101259820454288,6.28064032016008,0.0012623086804524064,0.00792810679493745,0.0,0.2952662408351898,0.0,500.0,0.0005006463034078479,0.25032315170392394,200.0,0.0005343339871615171,0.10686679743230343,0.41870935467733866,0.08359803259372711,0.0350032782796146,0.0,0.0,0.0
839,0.5516996383666992,0.0,0.0002171661180909723,0.0,20.0,0.00189051846973598,0.0378103693947196,20.0,7.13899135007523e-05,0.001427798270015046,10.0,0.011128665879368782,0.11128665879368782,25.0,3.41469822160434e-05,0.0008536745554010849,6.288144072036018,0.0012566914083436131,0.007902256629754486,0.0,0.2953051030635834,0.0,500.0,0.0005012362962588668,0.2506181481294334,200.0,0.0005338590708561242,0.10677181417122483,0.4192096048024012,0.08355951309204102,0.035028950460795585,0.0,0.0,0.0
840,0.5517052412033081,0.0,0.00021930193179287016,0.0,20.0,0.00189563340973109,0.0379126681946218,20.0,7.29182138456963e-05,0.001458364276913926,10.0,0.011140386573970318,0.11140386573970318,25.0,3.354323416715488e-05,0.000838580854178872,6.295647823911956,0.0013258230173960328,0.008346914794361717,0.0,0.2953852117061615,0.0,500.0,0.0004999256925657392,0.24996284628286958,200.0,0.0005336584290489554,0.10673168580979109,0.4197098549274637,0.08351077884435654,0.03505029687364439,0.0,0.0,0.0
841,0.5524121522903442,0.0,0.00021945065236650407,0.0,20.0,0.0019009285606443882,0.038018571212887764,20.0,7.288540655281395e-05,0.001457708131056279,10.0,0.011148381046950817,0.11148381046950817,25.0,3.102417031186633e-05,0.0007756042577966582,6.3031515757878935,0.0013710865750908852,0.008642166506325738,0.0,0.2953062355518341,0.0,500.0,0.0005004820413887501,0.25024102069437504,200.0,0.0005335835739970207,0.10671671479940414,0.42021010505252626,0.08347383886575699,0.03507655059891739,0.0,0.0,0.0
842,0.5528052449226379,0.0,0.0002182984899263829,0.0,20.0,0.0019013992277905345,0.03802798455581069,20.0,7.112558523658663e-05,0.0014225117047317326,10.0,0.011150667443871498,0.11150667443871498,25.0,2.836444036802277e-05,0.0007091110092005692,6.310655327663832,0.0012843258446082473,0.008104937733733386,0.0,0.29521816968917847,0.0,500.0,0.0005023707635700703,0.25118538178503513,200.0,0.0005337295006029308,0.10674590012058616,0.4207103551775888,0.08343678712844849,0.03510272034768643,0.0,0.0,0.0
843,0.5527212619781494,0.0,0.00021759932860732079,0.0,20.0,0.0018953572725877166,0.03790714545175433,20.0,6.992237467784435e-05,0.001398447493556887,10.0,0.011150822043418884,0.11150822043418884,25.0,2.8187134375912137e-05,0.0007046783593978034,6.31815907953977,0.0012187239481136203,0.0077000917782266256,0.0,0.2951636016368866,0.0,500.0,0.000503112212754786,0.251556106377393,200.0,0.0005340278148651123,0.10680556297302246,0.4212106053026513,0.0834285318851471,0.03514098241485435,0.0,0.0,0.0
844,0.5524859428405762,0.0,0.0002175033005187288,0.0,20.0,0.0018863917794078588,0.03772783558815718,20.0,6.95146300131455e-05,0.0013902926002629101,10.0,0.011150592006742954,0.11150592006742954,25.0,2.9851129511371255e-05,0.0007462782377842814,6.325662831415708,0.0012692487798631191,0.008028839830599871,0.0,0.29504624009132385,0.0,500.0,0.0005021053366363049,0.2510526683181524,200.0,0.0005343110533431172,0.10686221066862345,0.42171085542771386,0.08340295404195786,0.035171931094232355,0.0,0.0,0.0
845,0.5532361268997192,0.0,0.00021741454838775098,0.0,20.0,0.0018783386331051588,0.037566772662103176,20.0,6.981220212765038e-05,0.0013962440425530076,10.0,0.011150737293064594,0.11150737293064594,25.0,3.2319869205821306e-05,0.0008079967301455326,6.3331665832916455,0.0014700423926115036,0.009310023356909272,0.0,0.2949836850166321,0.0,500.0,0.0005011172615922987,0.2505586307961494,200.0,0.0005344510427676141,0.10689020855352283,0.4222111055527764,0.08336787670850754,0.03519884339268652,0.0,0.0,0.0
846,0.5525783896446228,0.0,0.00021662295330315828,0.0,20.0,0.0018769500311464071,0.03753900062292814,20.0,7.017778989393264e-05,0.0014035557978786528,10.0,0.011150814592838287,0.11150814592838287,25.0,3.348859536345117e-05,0.0008372148840862792,6.340670335167584,0.0013229323085397482,0.00838827764419275,0.0,0.29506489634513855,0.0,500.0,0.0005016257055103779,0.25081285275518894,200.0,0.0005342991789802909,0.10685983579605818,0.4227113556778389,0.08334177732467651,0.03522951567751458,0.0,0.0,0.0
847,0.5535612106323242,0.0,0.0002163131721317768,0.0,20.0,0.001878642477095127,0.03757284954190254,20.0,6.96058850735426e-05,0.001392117701470852,10.0,0.011148246936500072,0.11148246936500072,25.0,3.372375067556277e-05,0.0008430937668890692,6.348174087043522,0.0014608376659452915,0.00927365181633104,0.0,0.29508519172668457,0.0,500.0,0.0005017593502998352,0.2508796751499176,200.0,0.0005342327058315277,0.10684654116630554,0.42321160580290146,0.08334089815616608,0.03527083533772712,0.0,0.0,0.0
848,0.5514163970947266,0.0,0.00021786187426187098,0.0,20.0,0.0018776928773149848,0.037553857546299696,20.0,6.955271237529814e-05,0.0013910542475059628,10.0,0.011149702593684196,0.11149702593684196,25.0,3.519950405461714e-05,0.0008799876013654284,6.35567783891946,0.0012748742010444403,0.008102689706988301,0.0,0.29515618085861206,0.0,500.0,0.0004996905336156487,0.24984526680782437,200.0,0.0005341718206182122,0.10683436412364244,0.423711855927964,0.08334007859230042,0.035312179373525994,0.0,0.0,0.0
849,0.5514345765113831,0.0,0.0002186314668506384,0.0,20.0,0.0018812455236911774,0.03762491047382355,20.0,7.054584420984611e-05,0.0014109168841969222,10.0,0.011156576685607433,0.11156576685607433,25.0,3.53912910213694e-05,0.0008847822755342349,6.3631815907953975,0.0012440015561878681,0.007915807801255469,0.0,0.2952060103416443,0.0,500.0,0.0004997887881472707,0.24989439407363534,200.0,0.0005339186172932386,0.10678372345864773,0.4242121060530265,0.08334098011255264,0.03535425269406935,0.0,0.0,0.0
850,0.5542474985122681,0.0,0.00021782785188406706,0.0,20.0,0.0018894303357228637,0.037788606714457273,20.0,7.135321357054636e-05,0.0014270642714109272,10.0,0.011165442876517773,0.11165442876517773,25.0,3.313702472951263e-05,0.0008284256182378158,6.370685342671336,0.0014605846954509616,0.009304925511039518,0.0,0.29525402188301086,0.0,500.0,0.0005021379329264164,0.2510689664632082,200.0,0.0005339063936844468,0.10678127873688936,0.42471235617808906,0.08333591371774673,0.03539379226931815,0.0,0.0,0.0
851,0.5545980334281921,0.0,0.00021758809452876449,0.0,20.0,0.0018884148448705673,0.037768296897411346,20.0,6.949671660549939e-05,0.0013899343321099877,10.0,0.011165430769324303,0.11165430769324303,25.0,3.170070704072714e-05,0.0007925176760181785,6.378189094547274,0.0015386813320219517,0.009814000491885886,0.0,0.2951722741127014,0.0,500.0,0.0005018840311095119,0.2509420155547559,200.0,0.0005340332281775773,0.10680664563551545,0.42521260630315155,0.08332379907369614,0.035430329771206456,0.0,0.0,0.0
852,0.5521929264068604,0.0,0.0002196461136918515,0.0,20.0,0.0018782466650009155,0.03756493330001831,20.0,6.850190402474254e-05,0.0013700380804948509,10.0,0.011164491064846516,0.11164491064846516,25.0,3.367066165083088e-05,0.000841766541270772,6.385692846423211,0.0013634796487167478,0.008706762239054169,0.0,0.29510557651519775,0.0,500.0,0.0004995965282432735,0.24979826412163675,200.0,0.0005340499919839203,0.10680999839678407,0.4257128564282141,0.08328677713871002,0.035456251798420324,0.0,0.0,0.0
853,0.5531353950500488,0.0,0.000220034911762923,0.0,20.0,0.001876362948678434,0.03752725897356868,20.0,6.885622133268043e-05,0.0013771244266536087,10.0,0.011169993318617344,0.11169993318617344,25.0,3.352993735461496e-05,0.000838248433865374,6.393196598299149,0.0014615320833399892,0.009343861943514288,0.0,0.2951142489910126,0.0,500.0,0.0005000681849196553,0.25003409245982766,200.0,0.0005341386422514915,0.10682772845029831,0.42621310655327665,0.08326157927513123,0.03548717635938559,0.0,0.0,0.0
854,0.5536559224128723,0.0,0.00021818175446242094,0.0,20.0,0.001884280238300562,0.03768560476601124,20.0,6.957122968742624e-05,0.0013914245937485248,10.0,0.011179497465491295,0.11179497465491295,25.0,3.0363093173946254e-05,0.0007590773293486563,6.400700350175088,0.001315833069384098,0.008422253187978757,0.0,0.29503878951072693,0.0,500.0,0.0005025813588872552,0.2512906794436276,200.0,0.0005339045310392976,0.10678090620785952,0.42671335667833915,0.08326659351587296,0.035530967618328975,0.0,0.0,0.0
855,0.5573810935020447,0.0,0.0002165551413781941,0.0,20.0,0.0018898466369137168,0.037796932738274336,20.0,7.015863957349211e-05,0.0014031727914698422,10.0,0.011182919144630432,0.11182919144630432,25.0,2.8449714591261e-05,0.000711242864781525,6.408204102051026,0.0014535421505570412,0.009314594771703702,0.0,0.2949690520763397,0.0,500.0,0.0005078592803329229,0.25392964016646147,200.0,0.0005341195501387119,0.10682391002774239,0.4272136068034017,0.08326615393161774,0.03557243394577366,0.0,0.0,0.0
856,0.5543169975280762,0.0,0.00021753323380835354,0.0,20.0,0.0018862276338040829,0.03772455267608166,20.0,6.950659735593945e-05,0.001390131947118789,10.0,0.01117896381765604,0.1117896381765604,25.0,2.9400385756161995e-05,0.0007350096439040499,6.415707853926963,0.0012827458558604121,0.00822972266203591,0.0,0.294994056224823,0.0,500.0,0.0005040576797910035,0.25202883989550173,200.0,0.000534026010427624,0.1068052020855248,0.42771385692846425,0.08326569199562073,0.0356138902732645,0.0,0.0,0.0
857,0.5539107918739319,0.0,0.00021894372184760869,0.0,20.0,0.0018836024682968855,0.03767204936593771,20.0,6.865075556561351e-05,0.0013730151113122702,10.0,0.011171391233801842,0.11171391233801842,25.0,3.0608713132096455e-05,0.0007652178283024114,6.423211605802901,0.0014805573737248778,0.0095099333059667,0.0,0.2950321137905121,0.0,500.0,0.0005006791325286031,0.25033956626430154,200.0,0.0005344030796550214,0.10688061593100429,0.42821410705352675,0.08326786011457443,0.03565647236522047,0.0,0.0,0.0
858,0.5531699657440186,0.0,0.00021917295816820115,0.0,20.0,0.0018816394731402397,0.037632789462804794,20.0,6.804120494052768e-05,0.0013608240988105536,10.0,0.01116326916962862,0.1116326916962862,25.0,3.179993655066937e-05,0.0007949984137667343,6.43071535767884,0.0014450453454628587,0.00929267529561033,0.0,0.2950672507286072,0.0,500.0,0.0004996555508114398,0.24982777540571988,200.0,0.0005346824764274061,0.10693649528548121,0.4287143571785893,0.08325294405221939,0.0356917323925723,0.0,0.0,0.0
859,0.5521531105041504,0.0,0.00021810189355164766,0.0,20.0,0.0018816730007529259,0.03763346001505852,20.0,6.878068234072998e-05,0.0013756136468145996,10.0,0.011160675436258316,0.11160675436258316,25.0,3.296500653959811e-05,0.0008241251634899527,6.438219109554778,0.001269662519916892,0.008174365498414408,0.0,0.2951655089855194,0.0,500.0,0.0004999419907107949,0.24997099535539746,200.0,0.0005342151271179318,0.10684302542358637,0.42921460730365185,0.08323291689157486,0.0357247837383548,0.0,0.0,0.0
860,0.5554574131965637,0.0,0.00021650409325957298,0.0,20.0,0.0018840562552213669,0.03768112510442734,20.0,6.993541319388896e-05,0.0013987082638777792,10.0,0.011162934824824333,0.11162934824824333,25.0,3.325295983813703e-05,0.0008313239959534258,6.445722861430715,0.0015226005343720317,0.009814261073228428,0.0,0.29510414600372314,0.0,500.0,0.0005030748434364796,0.2515374217182398,200.0,0.0005340362549759448,0.10680725099518895,0.42971485742871435,0.08321338146924973,0.03575802635421987,0.0,0.0,0.0
861,0.5520039796829224,0.0,0.0002174555411329493,0.0,20.0,0.0018759146332740784,0.03751829266548157,20.0,7.0172842242755e-05,0.0014034568448551,10.0,0.011163689196109772,0.11163689196109772,25.0,3.633017331594601e-05,0.0009082543328986503,6.453226613306653,0.0011944526340812445,0.007708073526587321,0.0,0.29518988728523254,0.0,500.0,0.0005004716804251075,0.25023584021255374,200.0,0.0005340535426512361,0.10681070853024721,0.4302151075537769,0.08317337930202484,0.035782444322031697,0.0,0.0,0.0
862,0.5527281761169434,0.0,0.00021816210937686265,0.0,20.0,0.0018698589410632849,0.0373971788212657,20.0,6.903203757246956e-05,0.0013806407514493912,10.0,0.01116504892706871,0.1116504892706871,25.0,3.714736885740422e-05,0.0009286842214351054,6.460730365182592,0.0013915153685957193,0.00899020559550461,0.0,0.2951986491680145,0.0,500.0,0.0004994859918951988,0.2497429959475994,200.0,0.0005341441137716174,0.10682882275432348,0.4307153576788394,0.08313879370689392,0.035809155268452054,0.0,0.0,0.0
863,0.5524976253509521,0.0,0.00021770689636468887,0.0,20.0,0.0018720885273069143,0.03744177054613829,20.0,6.807791942264885e-05,0.001361558388452977,10.0,0.011170639656484127,0.11170639656484127,25.0,3.49623805959709e-05,0.0008740595148992725,6.468234117058529,0.00131752691231668,0.00852207252438953,0.0,0.2951352298259735,0.0,500.0,0.0004998939693905413,0.24994698469527066,200.0,0.0005340744974091649,0.10681489948183298,0.43121560780390195,0.08309037983417511,0.0358298686428509,0.0,0.0,0.0
864,0.5549073219299316,0.0,0.00021622701024170965,0.0,20.0,0.0018801146652549505,0.03760229330509901,20.0,6.801273411838338e-05,0.0013602546823676676,10.0,0.011180246248841286,0.11180246248841286,25.0,3.112868944299407e-05,0.0007782172360748518,6.475737868934467,0.0013498488115146756,0.00874126706606177,0.0,0.2950727045536041,0.0,500.0,0.0005038275849074125,0.25191379245370626,200.0,0.0005343148950487375,0.1068629790097475,0.4317158579289645,0.08303159475326538,0.03584605616411607,0.0,0.0,0.0
865,0.5539019107818604,0.0,0.00021751636813860387,0.0,20.0,0.0018780676182359457,0.037561352364718914,20.0,6.86872735968791e-05,0.001373745471937582,10.0,0.011187092401087284,0.11187092401087284,25.0,3.151338387397118e-05,0.0007878345968492795,6.483241620810405,0.0013168645091354847,0.008537550794595238,0.0,0.29506564140319824,0.0,500.0,0.0005022381665185094,0.2511190832592547,200.0,0.0005339369527064264,0.10678739054128528,0.432216108054027,0.08297711610794067,0.03586404618172123,0.0,0.0,0.0
866,0.5546628832817078,0.0,0.00021865434246137738,0.0,20.0,0.0018755730707198381,0.03751146141439676,20.0,6.934920384082943e-05,0.0013869840768165886,10.0,0.011188862845301628,0.11188862845301628,25.0,3.2339459721697494e-05,0.0008084864930424374,6.4907453726863436,0.0015040081925690174,0.0097621342163997,0.0,0.29516538977622986,0.0,500.0,0.0005012604524381459,0.25063022621907294,200.0,0.0005339240306057036,0.10678480612114072,0.43271635817908954,0.08294137567281723,0.035890090023505204,0.0,0.0,0.0
867,0.5550307035446167,0.0,0.00021892719087190926,0.0,20.0,0.0018737477948889136,0.03747495589777827,20.0,6.963140913285315e-05,0.001392628182657063,10.0,0.011185518465936184,0.11185518465936184,25.0,3.300154276075773e-05,0.0008250385690189432,6.498249124562281,0.0015851028729230165,0.010300393356313149,0.0,0.29520589113235474,0.0,500.0,0.0005008965963497758,0.2504482981748879,200.0,0.0005340866628102958,0.10681733256205916,0.4332166083041521,0.08290758728981018,0.035916943768372,0.0,0.0,0.0
868,0.5542173385620117,0.0,0.00021805806318297982,0.0,20.0,0.001873987028375268,0.03747974056750536,20.0,6.935458804946393e-05,0.0013870917609892786,10.0,0.011178216896951199,0.11178216896951199,25.0,3.29411486745812e-05,0.00082352871686453,6.505752876438219,0.001446551294066012,0.009410905242285385,0.0,0.29517778754234314,0.0,500.0,0.0005011357716284692,0.2505678858142346,200.0,0.0005340167554095387,0.10680335108190775,0.4337168584292146,0.08291736990213394,0.03596266118316665,0.0,0.0,0.0
869,0.5557339191436768,0.0,0.000216540734982118,0.0,20.0,0.001876948168501258,0.03753896337002516,20.0,6.899921572767198e-05,0.0013799843145534396,10.0,0.011168396100401878,0.11168396100401878,25.0,3.23353087878786e-05,0.0008083827196969651,6.513256628314157,0.0015076023992151022,0.009819401319550091,0.0,0.29512056708335876,0.0,500.0,0.0005034124478697777,0.25170622393488884,200.0,0.0005339607014320791,0.10679214028641582,0.43421710855427714,0.0829189345240593,0.03600481999343846,0.0,0.0,0.0
870,0.5518444180488586,0.0,0.00021764700068160892,0.0,20.0,0.001870065345428884,0.03740130690857768,20.0,6.840850983280689e-05,0.0013681701966561377,10.0,0.011159401386976242,0.11159401386976242,25.0,3.480800660327077e-05,0.0008702001650817692,6.520760380190095,0.0011627370258793235,0.007581929530933958,0.0,0.2951686978340149,0.0,500.0,0.0005003113183192909,0.25015565915964544,200.0,0.0005341151845641434,0.10682303691282868,0.4347173586793397,0.08292757719755173,0.036050057320996726,0.0,0.0,0.0
871,0.5531695485115051,0.0,0.00021860390552319586,0.0,20.0,0.0018672056030482054,0.03734411206096411,20.0,6.890208169352263e-05,0.0013780416338704526,10.0,0.011158495210111141,0.11158495210111141,25.0,3.626232864917256e-05,0.000906558216229314,6.528264132066033,0.0014133069198578596,0.009226440872508788,0.0,0.2952384054660797,0.0,500.0,0.0004996430943720043,0.24982154718600214,200.0,0.00053409457905218,0.10681891581043601,0.4352176088044022,0.08292173594236374,0.0360889996347456,0.0,0.0,0.0
872,0.5528679490089417,0.0,0.00021822770941071212,0.0,20.0,0.0018720909720286727,0.037441819440573454,20.0,7.036171155050397e-05,0.0014072342310100794,10.0,0.01116649154573679,0.1116649154573679,25.0,3.5024306271225214e-05,0.0008756076567806304,6.535767883941971,0.0012369570322334766,0.00808446404508773,0.0,0.2952660024166107,0.0,500.0,0.0005010244203731418,0.2505122101865709,200.0,0.0005337969632819295,0.1067593926563859,0.43571785892946474,0.0829029530286789,0.03612229719258595,0.0,0.0,0.0
873,0.5544856190681458,0.0,0.0002177728747483343,0.0,20.0,0.001875913585536182,0.03751827171072364,20.0,7.027857645880431e-05,0.0014055715291760862,10.0,0.01117315236479044,0.1117315236479044,25.0,3.260545418015681e-05,0.0008151363545039203,6.543271635817909,0.001319838804192841,0.008636063811326844,0.0,0.29522770643234253,0.0,500.0,0.0005029068561270833,0.25145342806354165,200.0,0.000533859885763377,0.10677197715267539,0.43621810905452724,0.08287962526082993,0.03615359341042706,0.0,0.0,0.0
874,0.5545718669891357,0.0,0.00021787764853797853,0.0,20.0,0.0018766196444630623,0.037532392889261246,20.0,6.782000127714127e-05,0.0013564000255428255,10.0,0.011171289719641209,0.11171289719641209,25.0,3.010998625541106e-05,0.0007527496563852765,6.550775387693847,0.0013640420511364937,0.008935533096364374,0.0,0.2951260507106781,0.0,500.0,0.0005025544669479132,0.2512772334739566,200.0,0.0005340814241208136,0.10681628482416272,0.4367183591795898,0.08286437392234802,0.03618839341381182,0.0,0.0,0.0
875,0.5536471009254456,0.0,0.00021839022519998252,0.0,20.0,0.0018744447734206915,0.03748889546841383,20.0,6.689091242151335e-05,0.001337818248430267,10.0,0.011169430799782276,0.11169430799782276,25.0,2.957655851787422e-05,0.0007394139629468555,6.558279139569785,0.0012677700724452734,0.008314390019888712,0.0,0.2950879633426666,0.0,500.0,0.0005019954405725002,0.2509977202862501,200.0,0.0005342904478311539,0.10685808956623077,0.43721860930465234,0.08283384144306183,0.036216496959097566,0.0,0.0,0.0
876,0.5544144511222839,0.0,0.0002187121717724949,0.0,20.0,0.0018720133230090141,0.03744026646018028,20.0,6.787920574424788e-05,0.0013575841148849577,10.0,0.01117126177996397,0.1117126177996397,25.0,3.0285933462437242e-05,0.0007571483365609311,6.565782891445723,0.0014074341161176562,0.00924090684044234,0.0,0.29511430859565735,0.0,500.0,0.0005016194772906601,0.25080973864533007,200.0,0.0005342593067325652,0.10685186134651303,0.43771885942971483,0.08280272036790848,0.03624431231711852,0.0,0.0,0.0
877,0.5543497800827026,0.0,0.0002180560550186783,0.0,20.0,0.0018700454384088516,0.03740090876817703,20.0,6.949715316295624e-05,0.0013899430632591248,10.0,0.011172524653375149,0.11172524653375149,25.0,3.1314571970142424e-05,0.0007828642992535606,6.573286643321661,0.0013094020541757345,0.008607075033451301,0.0,0.2951661944389343,0.0,500.0,0.0005026709986850619,0.25133549934253097,200.0,0.0005341437645256519,0.10682875290513039,0.4382191095547774,0.08278856426477432,0.036279530913427865,0.0,0.0,0.0
878,0.5556968450546265,0.0,0.00021765794372186065,0.0,20.0,0.0018685836112126708,0.037371672224253416,20.0,7.051434658933431e-05,0.0014102869317866862,10.0,0.011169345118105412,0.11169345118105412,25.0,3.26032422890421e-05,0.0008150810572260525,6.580790395197599,0.0014676742721349,0.009658456753343977,0.0,0.2951996922492981,0.0,500.0,0.000503202376421541,0.2516011882107705,200.0,0.0005341341020539403,0.10682682041078806,0.43871935967983994,0.08278604596853256,0.0363198410777404,0.0,0.0,0.0
879,0.552323043346405,0.0,0.00021849926270078868,0.0,20.0,0.0018617598107084632,0.037235196214169264,20.0,7.001584162935615e-05,0.001400316832587123,10.0,0.011162497103214264,0.11162497103214264,25.0,3.5185719752917066e-05,0.0008796429938229267,6.588294147073537,0.001149714458733797,0.0075746570392816945,0.0,0.29516148567199707,0.0,500.0,0.0005007211584597826,0.2503605792298913,200.0,0.0005344123928807676,0.10688247857615352,0.43921960980490243,0.08279510587453842,0.03636523409597035,0.0,0.0,0.0
880,0.5529647469520569,0.0,0.00021880464919377118,0.0,20.0,0.0018596008885651827,0.037192017771303654,20.0,7.002953498158604e-05,0.0014005906996317208,10.0,0.011161046102643013,0.11161046102643013,25.0,3.640564318629913e-05,0.0009101410796574783,6.595797898949475,0.0012921706074848771,0.00852289617793302,0.0,0.29511386156082153,0.0,500.0,0.0005001269746571779,0.25006348732858896,200.0,0.000534321297891438,0.1068642595782876,0.439719859929965,0.0827820748090744,0.03640092233975808,0.0,0.0,0.0
881,0.5538405776023865,0.0,0.0002178732247557491,0.0,20.0,0.0018649669364094734,0.03729933872818947,20.0,7.063797966111451e-05,0.0014127595932222903,10.0,0.011165507137775421,0.11165507137775421,25.0,3.506998473312706e-05,0.0008767496183281764,6.603301650825412,0.001269957167096436,0.00838591025796546,0.0,0.29508158564567566,0.0,500.0,0.0005019082454964519,0.2509541227482259,200.0,0.0005341075011529028,0.10682150023058057,0.44022011005502754,0.08276572078466415,0.036435134712608536,0.0,0.0,0.0
882,0.5570142865180969,0.0,0.00021770286548417062,0.0,20.0,0.0018702864181250334,0.03740572836250067,20.0,7.07923827576451e-05,0.001415847655152902,10.0,0.011171977035701275,0.11171977035701275,25.0,3.345144432387315e-05,0.0008362861080968287,6.6108054027013505,0.0015922054881229997,0.010525760643094267,0.0,0.2951333522796631,0.0,500.0,0.0005036266520619392,0.2518133260309696,200.0,0.0005341341020539403,0.10682682041078806,0.44072036018009003,0.08275247365236282,0.03647069999386275,0.0,0.0,0.0
883,0.5539642572402954,0.0,0.00021989576634950936,0.0,20.0,0.0018647534307092428,0.037295068614184856,20.0,7.048577390378341e-05,0.0014097154780756682,10.0,0.011177487671375275,0.11177487671375275,25.0,3.507217479636893e-05,0.0008768043699092232,6.618309154577289,0.0013962428783997893,0.00924076702412667,0.0,0.29510772228240967,0.0,500.0,0.0005001564277336001,0.25007821386680007,200.0,0.0005339116905815899,0.10678233811631799,0.4412206103051526,0.08273983001708984,0.03650651829668496,0.0,0.0,0.0
884,0.554410994052887,0.0,0.00022064373479224741,0.0,20.0,0.0018634565640240908,0.037269131280481815,20.0,7.012084824964404e-05,0.0014024169649928808,10.0,0.011183936148881912,0.11183936148881912,25.0,3.458976425463334e-05,0.0008647441063658334,6.625812906453227,0.0014457337092608213,0.009579161070114847,0.0,0.2950954735279083,0.0,500.0,0.0005002127727493644,0.2501063863746822,200.0,0.0005340700736269355,0.1068140147253871,0.44172086043021513,0.08271222561597824,0.03653571546718799,0.0,0.0,0.0
885,0.5547447800636292,0.0,0.0002197573339799419,0.0,20.0,0.0018652904545888305,0.03730580909177661,20.0,7.008210377534851e-05,0.0014016420755069703,10.0,0.011191691271960735,0.11191691271960735,25.0,3.269578155595809e-05,0.0008173945388989523,6.633316658329164,0.0013729243073612452,0.009107041678644377,0.0,0.2950419783592224,0.0,500.0,0.0005016423529013991,0.25082117645069957,200.0,0.0005340405623428524,0.10680811246857047,0.44222111055527763,0.08268865942955017,0.036566670803262806,0.0,0.0,0.0
886,0.5554977059364319,0.0,0.00021803038544021547,0.0,20.0,0.0018671670695766807,0.03734334139153361,20.0,6.958164885872975e-05,0.001391632977174595,10.0,0.011192813515663147,0.11192813515663147,25.0,3.072063918807544e-05,0.000768015979701886,6.6408204102051025,0.0012356460792943835,0.008205703703168055,0.0,0.29495468735694885,0.0,500.0,0.0005048264865763485,0.25241324328817427,200.0,0.0005342627409845591,0.10685254819691181,0.4427213606803402,0.08265946060419083,0.036595108871790336,0.0,0.0,0.0
887,0.5555281639099121,0.0,0.0002179683360736817,0.0,20.0,0.0018649802077561617,0.037299604155123234,20.0,6.948116060812026e-05,0.0013896232121624053,10.0,0.011191915720701218,0.11191915720701218,25.0,3.0977676942711696e-05,0.0007744419235677924,6.648324162081041,0.0012674886966124177,0.008426675726852942,0.0,0.2949168086051941,0.0,500.0,0.0005044921999797225,0.25224609998986125,200.0,0.0005342208314687014,0.10684416629374027,0.4432216108054027,0.08264117687940598,0.03662835553534452,0.0,0.0,0.0
888,0.555260956287384,0.0,0.00021965503401588649,0.0,20.0,0.0018589412793517113,0.037178825587034225,20.0,6.961066537769511e-05,0.0013922133075539023,10.0,0.011188575997948647,0.11188575997948647,25.0,3.351083068992011e-05,0.0008377707672480028,6.655827913956979,0.00149597751442343,0.009956968899151444,0.0,0.29503491520881653,0.0,500.0,0.0005009395536035299,0.25046977680176497,200.0,0.000534399296157062,0.10687985923141241,0.44372186093046523,0.08261881023645401,0.036659772225980346,0.0,0.0,0.0
889,0.554087221622467,0.0,0.00022020006144884974,0.0,20.0,0.0018553186673671007,0.037106373347342014,20.0,6.955932622076944e-05,0.0013911865244153887,10.0,0.011185495182871819,0.11185495182871819,25.0,3.49659203493502e-05,0.000874148008733755,6.663331665832916,0.0013565680710598826,0.009039262984751193,0.0,0.295101523399353,0.0,500.0,0.0005003621336072683,0.25018106680363417,200.0,0.0005347186233848333,0.10694372467696667,0.4442221110555278,0.08260846138000488,0.03669650510527481,0.0,0.0,0.0
890,0.5537548065185547,0.0,0.00021937067504040897,0.0,20.0,0.0018583210185170174,0.03716642037034035,20.0,6.968607340240851e-05,0.0013937214680481702,10.0,0.011187275871634483,0.11187275871634483,25.0,3.420871144044213e-05,0.0008552177860110532,6.6708354177088545,0.0012673921883106232,0.008454564697910035,0.0,0.295073926448822,0.0,500.0,0.0005007851868867874,0.2503925934433937,200.0,0.0005344155943021178,0.10688311886042356,0.4447223611805903,0.0826052576303482,0.036736405219299426,0.0,0.0,0.0
891,0.5583527684211731,0.0,0.00021745520643889904,0.0,20.0,0.0018638111650943756,0.03727622330188751,20.0,7.028099935268983e-05,0.0014056199870537966,10.0,0.011190778575837612,0.11190778575837612,25.0,3.2730891689425334e-05,0.0008182722922356334,6.678339169584793,0.0016254717484116554,0.010855451646471037,0.0,0.295030802488327,0.0,500.0,0.0005049256142228842,0.2524628071114421,200.0,0.0005342195509001613,0.10684391018003225,0.4452226113056528,0.08261650800704956,0.03678273743185298,0.0,0.0,0.0
892,0.5551902651786804,0.0,0.00021815337822772563,0.0,20.0,0.001860475167632103,0.03720950335264206,20.0,6.977615703362972e-05,0.0013955231406725943,10.0,0.01119278185069561,0.1119278185069561,25.0,3.3748812711564824e-05,0.0008437203177891206,6.68584292146073,0.0013188308803364635,0.008817496105901367,0.0,0.29506203532218933,0.0,500.0,0.0005026720464229584,0.2513360232114792,200.0,0.0005342078511603177,0.10684157023206353,0.4457228614307154,0.08260435611009598,0.036818649972033775,0.0,0.0,0.0
893,0.553935170173645,0.0,0.0002197435824200511,0.0,20.0,0.0018537146970629692,0.037074293941259384,20.0,6.753682100679725e-05,0.001350736420135945,10.0,0.011189579032361507,0.11189579032361507,25.0,3.4950589906657115e-05,0.0008737647476664279,6.693346673336668,0.0013497164472937584,0.009034120092441464,0.0,0.29503539204597473,0.0,500.0,0.0004999617813155055,0.24998089065775275,200.0,0.0005343725788407028,0.10687451576814055,0.4462231115557779,0.08258432149887085,0.03685103290494887,0.0,0.0,0.0
894,0.5545046329498291,0.0,0.0002201622410211712,0.0,20.0,0.0018555289134383202,0.0371105782687664,20.0,6.75291012157686e-05,0.0013505820243153721,10.0,0.011197054758667946,0.11197054758667946,25.0,3.415516403038055e-05,0.0008538791007595137,6.700850425212606,0.0014148267218843102,0.009480542240940639,0.0,0.29501843452453613,0.0,500.0,0.000500044203363359,0.2500221016816795,200.0,0.0005342103540897369,0.10684207081794739,0.4467233616808404,0.08254393935203552,0.03687430607372072,0.0,0.0,0.0
895,0.5552536249160767,0.0,0.00021919782739132643,0.0,20.0,0.0018650563433766365,0.03730112686753273,20.0,6.928083894308656e-05,0.0013856167788617313,10.0,0.011212996207177639,0.11212996207177639,25.0,3.1441286409972236e-05,0.0007860321602493059,6.708354177088545,0.0013132358435541391,0.008809651156608807,0.0,0.2951033413410187,0.0,500.0,0.0005022519617341459,0.25112598086707294,200.0,0.0005339918425306678,0.10679836850613356,0.447223611805903,0.08254677057266235,0.03691686487841928,0.0,0.0,0.0
896,0.5584394931793213,0.0,0.00021814656793139875,0.0,20.0,0.0018716035410761833,0.037432070821523666,20.0,7.033233850961551e-05,0.0014066467701923102,10.0,0.011221879161894321,0.11221879161894321,25.0,2.9329976314329542e-05,0.0007332494078582386,6.715857928964482,0.0014282753691077232,0.009592094462366776,0.0,0.2950696349143982,0.0,500.0,0.0005065270815975964,0.2532635407987982,200.0,0.0005341902142390609,0.10683804284781218,0.44772386193096547,0.08253982663154602,0.036955049942588136,0.0,0.0,0.0
897,0.5551807284355164,0.0,0.0002193925902247429,0.0,20.0,0.0018686366965994239,0.03737273393198848,20.0,6.963520718272775e-05,0.001392704143654555,10.0,0.011221952736377716,0.11221952736377716,25.0,2.9891794838476926e-05,0.0007472948709619232,6.72336168084042,0.0012172898277640343,0.008184279782465543,0.0,0.2951327860355377,0.0,500.0,0.0005029832245782018,0.2514916122891009,200.0,0.0005339387571439147,0.10678775142878294,0.448224112056028,0.08251410722732544,0.036984812444063826,0.0,0.0,0.0
898,0.5558258295059204,0.0,0.00022029367391951382,0.0,20.0,0.0018642860231921077,0.037285720463842154,20.0,6.81320670992136e-05,0.001362641341984272,10.0,0.011215517297387123,0.11215517297387123,25.0,3.058381116716191e-05,0.0007645952791790478,6.730865432716358,0.0014955721562728286,0.01006649492878985,0.0,0.29506203532218933,0.0,500.0,0.0005005567218177021,0.250278360908851,200.0,0.0005344708915799856,0.10689417831599712,0.4487243621810905,0.08249753713607788,0.03701865473289737,0.0,0.0,0.0
899,0.5552446246147156,0.0,0.00022003220510669053,0.0,20.0,0.0018585127545520663,0.037170255091041327,20.0,6.738185766153038e-05,0.0013476371532306075,10.0,0.011209510266780853,0.11209510266780853,25.0,3.190643838024698e-05,0.0007976609595061745,6.738369184592296,0.0014600162394344807,0.009838128436809632,0.0,0.2950400412082672,0.0,500.0,0.0004999500815756619,0.24997504078783095,200.0,0.0005348494742065668,0.10696989484131336,0.44922461230615307,0.08247746527194977,0.03705090736078584,0.0,0.0,0.0
900,0.5552939176559448,0.0,0.000218510307604447,0.0,20.0,0.0018590828403830528,0.037181656807661057,20.0,6.805757584515959e-05,0.0013611515169031918,10.0,0.011210980825126171,0.11210980825126171,25.0,3.193063093931414e-05,0.0007982657734828535,6.745872936468234,0.001368215074762702,0.009229805044109573,0.0,0.2949889302253723,0.0,500.0,0.0005012924084439874,0.2506462042219937,200.0,0.0005344090750440955,0.1068818150088191,0.4497248624312156,0.08246202021837234,0.03708522069850762,0.0,0.0,0.0
901,0.5570429563522339,0.0,0.00021751585882157087,0.0,20.0,0.001859439886175096,0.03718879772350192,20.0,6.901525193825364e-05,0.0013803050387650728,10.0,0.011211994104087353,0.11211994104087353,25.0,3.265378836658783e-05,0.0008163447091646958,6.753376688344172,0.0014774982118979096,0.009978101981301541,0.0,0.2949961721897125,0.0,500.0,0.0005031928303651512,0.2515964151825756,200.0,0.0005342313088476658,0.10684626176953316,0.4502251125562781,0.08244050294160843,0.03711678471608183,0.0,0.0,0.0
902,0.5539543628692627,0.0,0.00021909462520852685,0.0,20.0,0.0018516102572903037,0.037032205145806074,20.0,6.877943087602034e-05,0.0013755886175204068,10.0,0.011207154020667076,0.11207154020667076,25.0,3.564574581105262e-05,0.0008911436452763155,6.76088044022011,0.0012601074995473027,0.00851943614626403,0.0,0.2951037585735321,0.0,500.0,0.0005000114906579256,0.2500057453289628,200.0,0.00053434754954651,0.106869509909302,0.45072536268134067,0.08250965923070908,0.037189196081475175,0.0,0.0,0.0
903,0.5539711713790894,0.0,0.0002191726234741509,0.0,20.0,0.0018522196915000677,0.037044393830001354,20.0,6.800290429964662e-05,0.0013600580859929323,10.0,0.011205652728676796,0.11205652728676796,25.0,3.501709579722956e-05,0.000875427394930739,6.768384192096048,0.0012659693602472544,0.008568567005575463,0.0,0.2950459420681,0.0,500.0,0.0004999029915779829,0.24995149578899145,200.0,0.0005342589574865997,0.10685179149731994,0.4512256128064032,0.08258160948753357,0.037262937347551414,0.0,0.0,0.0
904,0.555871844291687,0.0,0.00021845160517841578,0.0,20.0,0.001858993200585246,0.03717986401170492,20.0,6.843935989309102e-05,0.0013687871978618205,10.0,0.011210673488676548,0.11210673488676548,25.0,3.285985440015793e-05,0.0008214963600039482,6.775887943971986,0.0013632929185405374,0.00923752005084121,0.0,0.29495707154273987,0.0,500.0,0.0005019985255785286,0.2509992627892643,200.0,0.0005341661162674427,0.10683322325348854,0.4517258629314657,0.08262727409601212,0.03732487669269582,0.0,0.0,0.0
905,0.5556063652038574,0.0,0.00021904235472902656,0.0,20.0,0.0018603367498144507,0.037206734996289015,20.0,6.873620441183448e-05,0.0013747240882366896,10.0,0.01121455430984497,0.11214554309844971,25.0,3.2568499591434374e-05,0.0008142124897858594,6.783391695847924,0.00132467329967767,0.008985777860744976,0.0,0.29503464698791504,0.0,500.0,0.0005018137744627893,0.25090688723139465,200.0,0.0005339981289580464,0.10679962579160929,0.45222611305652827,0.08264198899269104,0.03737286545742506,0.0,0.0,0.0
906,0.5553568005561829,0.0,0.00021984532941132784,0.0,20.0,0.0018608856480568647,0.037217712961137295,20.0,6.865325121907517e-05,0.0013730650243815035,10.0,0.011215058155357838,0.11215058155357838,25.0,3.251695306971669e-05,0.0008129238267429173,6.790895447723862,0.0013412266271188855,0.009108129796467669,0.0,0.29511213302612305,0.0,500.0,0.000500996713526547,0.2504983567632735,200.0,0.0005338816554285586,0.10677633108571172,0.4527263631815908,0.08265410363674164,0.03741969174149634,0.0,0.0,0.0
907,0.5553005933761597,0.0,0.0002202382602263242,0.0,20.0,0.0018599642207846045,0.03719928441569209,20.0,6.860269786557183e-05,0.0013720539573114365,10.0,0.011212725192308426,0.11212725192308426,25.0,3.2858632039278746e-05,0.0008214658009819686,6.7983991995998,0.0013592070899903774,0.009240432392680955,0.0,0.29516494274139404,0.0,500.0,0.0005005565471947193,0.25027827359735966,200.0,0.0005339778726920485,0.10679557453840971,0.4532266133066533,0.08266572654247284,0.03746630727737889,0.0,0.0,0.0
908,0.555108368396759,0.0,0.00021970240049995482,0.0,20.0,0.0018569938838481903,0.037139877676963806,20.0,6.825610034866259e-05,0.0013651220069732517,10.0,0.011209933087229729,0.11209933087229729,25.0,3.290974200353958e-05,0.0008227435500884894,6.805902951475738,0.001298135961405933,0.008834987371149433,0.0,0.29505008459091187,0.0,500.0,0.0005010475288145244,0.2505237644072622,200.0,0.000534122227691114,0.10682444553822279,0.45372686343171587,0.08264453709125519,0.03749804659418132,0.0,0.0,0.0
909,0.5558231472969055,0.0,0.00021910518989898264,0.0,20.0,0.0018547525396570563,0.03709505079314113,20.0,6.854391540400684e-05,0.0013708783080801368,10.0,0.011207273229956627,0.11207273229956627,25.0,3.344178185216151e-05,0.0008360445463040378,6.813406703351676,0.0013403152115643024,0.009132112647076439,0.0,0.29500991106033325,0.0,500.0,0.00050191959599033,0.250959797995165,200.0,0.0005341041251085699,0.10682082502171397,0.4542271135567784,0.08263649791479111,0.037535737922276304,0.0,0.0,0.0
910,0.5543915629386902,0.0,0.00021950890368316323,0.0,20.0,0.0018492592498660088,0.036985184997320175,20.0,6.87512947479263e-05,0.001375025894958526,10.0,0.011205234564840794,0.11205234564840794,25.0,3.539008321240544e-05,0.0008847520803101361,6.820910455227613,0.0012165629304945469,0.008298066812052599,0.0,0.29506978392601013,0.0,500.0,0.0005007801810279489,0.25039009051397443,200.0,0.0005341725191101432,0.10683450382202864,0.4547273636818409,0.08262453228235245,0.03757163574019929,0.0,0.0,0.0
911,0.554331362247467,0.0,0.00021952544921077788,0.0,20.0,0.0018473271047696471,0.03694654209539294,20.0,6.824705633334816e-05,0.001364941126666963,10.0,0.011206798255443573,0.11206798255443573,25.0,3.531686161295511e-05,0.0008829215403238777,6.828414207103552,0.0012115256395190954,0.008272798889162407,0.0,0.29504305124282837,0.0,500.0,0.0005007163272239268,0.2503581636119634,200.0,0.0005341647192835808,0.10683294385671616,0.45522761380690346,0.08260729908943176,0.03760512364751521,0.0,0.0,0.0
912,0.5554496645927429,0.0,0.00021923042368143797,0.0,20.0,0.0018502874299883842,0.037005748599767685,20.0,6.874317477922887e-05,0.0013748634955845773,10.0,0.011213461868464947,0.11213461868464947,25.0,3.432646917644888e-05,0.000858161729411222,6.83591795897949,0.001264837454073131,0.008646325067488412,0.0,0.295102596282959,0.0,500.0,0.000502023147419095,0.2510115737095475,200.0,0.0005339637282304466,0.10679274564608932,0.45572786393196596,0.08256152272224426,0.037625586393178846,0.0,0.0,0.0
913,0.5558474659919739,0.0,0.00021967949578538537,0.0,20.0,0.0018528392538428307,0.03705678507685661,20.0,6.881976150907576e-05,0.0013763952301815152,10.0,0.01121743954718113,0.1121743954718113,25.0,3.3891315979417413e-05,0.0008472828994854353,6.843421710855428,0.0013240230036899447,0.009060847769123784,0.0,0.29511502385139465,0.0,500.0,0.000501824077218771,0.2509120386093855,200.0,0.0005338726914487779,0.10677453828975558,0.4562281140570285,0.08251389861106873,0.03764516034682075,0.0,0.0,0.0
914,0.5552350878715515,0.0,0.00022040550538804382,0.0,20.0,0.0018551470711827278,0.037102941423654556,20.0,6.894019315950572e-05,0.0013788038631901145,10.0,0.011219319887459278,0.11219319887459278,25.0,3.3922762668225914e-05,0.0008480690667056479,6.850925462731365,0.0012773247435688972,0.00875085660989297,0.0,0.2952176630496979,0.0,500.0,0.0005010879831388593,0.25054399156942964,200.0,0.0005338015034794807,0.10676030069589615,0.45672836418209106,0.0824492871761322,0.03765692805993432,0.0,0.0,0.0
915,0.5556675791740417,0.0,0.00022053936845622957,0.0,20.0,0.001858255360275507,0.03716510720551014,20.0,6.954280252102762e-05,0.0013908560504205525,10.0,0.011221404187381268,0.11221404187381268,25.0,3.3740143408067524e-05,0.0008435035852016881,6.858429214607304,0.0013052901485934854,0.008952240088652669,0.0,0.29519253969192505,0.0,500.0,0.0005013479385524988,0.2506739692762494,200.0,0.0005337606999091804,0.10675213998183608,0.45722861430715356,0.08240009099245071,0.0376756794232616,0.0,0.0,0.0
916,0.5562819838523865,0.0,0.00022035208530724049,0.0,20.0,0.001857871189713478,0.03715742379426956,20.0,6.973611016292125e-05,0.001394722203258425,10.0,0.011220223270356655,0.11220223270356655,25.0,3.4134587622247636e-05,0.0008533646905561909,6.865932966483242,0.0013775957049801946,0.00945847976530924,0.0,0.29523706436157227,0.0,500.0,0.0005015301867388189,0.25076509336940944,200.0,0.0005337842740118504,0.10675685480237007,0.4577288644322161,0.08234963566064835,0.0376938052173553,0.0,0.0,0.0
917,0.5549860000610352,0.0,0.00022033332788851112,0.0,20.0,0.001852488494478166,0.03704976988956332,20.0,6.936619320185855e-05,0.001387323864037171,10.0,0.011216826736927032,0.11216826736927032,25.0,3.55134361598175e-05,0.0008878359039954375,6.87343671835918,0.0012528260704129934,0.008611220714094312,0.0,0.29522666335105896,0.0,500.0,0.0005007583531551063,0.25037917657755315,200.0,0.0005339347408153117,0.10678694816306233,0.45822911455727866,0.08230689913034439,0.03771541751045296,0.0,0.0,0.0
918,0.5542666912078857,0.0,0.00022001532488502562,0.0,20.0,0.0018483008025214076,0.03696601605042815,20.0,6.938584556337446e-05,0.0013877169112674892,10.0,0.011216400191187859,0.11216400191187859,25.0,3.64597981388215e-05,0.0009114949534705374,6.880940470235117,0.00114239112008363,0.007860725291020675,0.0,0.2951366603374481,0.0,500.0,0.0005008467705920339,0.25042338529601693,200.0,0.0005340927746146917,0.10681855492293835,0.45872936468234116,0.0822594165802002,0.037734809906975274,0.0,0.0,0.0
919,0.5574538111686707,0.0,0.00021946022752672434,0.0,20.0,0.001848599873483181,0.03697199746966362,20.0,6.953107367735356e-05,0.0013906214735470712,10.0,0.01122097298502922,0.1122097298502922,25.0,3.5715653211809695e-05,0.0008928913302952424,6.888444222111056,0.0015044466126710176,0.01036329657652822,0.0,0.2950490713119507,0.0,500.0,0.0005021019605919719,0.25105098029598594,200.0,0.0005341072683222592,0.10682145366445184,0.4592296148074037,0.08220895379781723,0.03775278618629126,0.0,0.0,0.0
920,0.5560600757598877,0.0,0.00022151337179820985,0.0,20.0,0.001840543351136148,0.03681086702272296,20.0,6.987778760958463e-05,0.0013975557521916926,10.0,0.011225832626223564,0.11225832626223564,25.0,3.8622994907200336e-05,0.0009655748726800084,6.895947973986994,0.0014247391372919083,0.009824926967268112,0.0,0.29513174295425415,0.0,500.0,0.0005003000842407346,0.2501500421203673,200.0,0.0005344303790479898,0.10688607580959797,0.45972986493246626,0.08214979618787766,0.03776671470568262,0.0,0.0,0.0
921,0.5570084452629089,0.0,0.00022205171990208328,0.0,20.0,0.0018416106468066573,0.036832212936133146,20.0,7.066801481414586e-05,0.0014133602962829173,10.0,0.011234095320105553,0.11234095320105553,25.0,3.86959764000494e-05,0.0009673994100012351,6.903451725862931,0.0015081169549375772,0.010411212595366965,0.0,0.295131653547287,0.0,500.0,0.0005008282605558634,0.2504141302779317,200.0,0.0005341164651326835,0.1068232930265367,0.46023011505752875,0.08214559406042099,0.0378058762058966,0.0,0.0,0.0
922,0.5566643476486206,0.0,0.00022083637304604053,0.0,20.0,0.0018519351724535227,0.037038703449070454,20.0,7.033399015199393e-05,0.0014066798030398786,10.0,0.01123680267482996,0.1123680267482996,25.0,3.477220161585137e-05,0.0008693050403962843,6.910955477738869,0.0013289469061419368,0.00918429290062574,0.0,0.2949891984462738,0.0,500.0,0.0005023255944252014,0.2511627972126007,200.0,0.0005339671624824405,0.1067934324964881,0.4607303651825913,0.08213285356760025,0.03784109961768876,0.0,0.0,0.0
923,0.5601663589477539,0.0,0.00021968958026263863,0.0,20.0,0.0018609706312417984,0.03721941262483597,20.0,6.850292993476614e-05,0.0013700585986953229,10.0,0.011230862699449062,0.11230862699449062,25.0,3.104333518422209e-05,0.0007760833796055522,6.9184592296148075,0.0015755718341097236,0.010900529497617547,0.0,0.2948002517223358,0.0,500.0,0.0005055367364548147,0.25276836822740734,200.0,0.0005346801481209695,0.1069360296241939,0.4612306153076538,0.08214394003152847,0.03788730000453689,0.0,0.0,0.0
924,0.5569932460784912,0.0,0.00022120302310213447,0.0,20.0,0.001862033735960722,0.03724067471921444,20.0,6.678349745925516e-05,0.0013356699491851032,10.0,0.011224620044231415,0.11224620044231415,25.0,3.060347444261424e-05,0.0007650868610653561,6.925962981490746,0.0013167730066925287,0.00911992109937872,0.0,0.29477906227111816,0.0,500.0,0.0005028804298490286,0.2514402149245143,200.0,0.00053456611931324,0.10691322386264801,0.46173086543271635,0.08215223997831345,0.03793222486242287,0.0,0.0,0.0
925,0.5561489462852478,0.0,0.00022347335470840335,0.0,20.0,0.0018607734236866236,0.03721546847373247,20.0,6.765819125575945e-05,0.001353163825115189,10.0,0.011225543916225433,0.11225543916225433,25.0,3.217603443772532e-05,0.000804400860943133,6.933466733366683,0.001344812335446477,0.009324211590439304,0.0,0.29496705532073975,0.0,500.0,0.0005007173167541623,0.25035865837708116,200.0,0.0005343366065062582,0.10686732130125165,0.4622311155577789,0.08214565366506577,0.0379702771318263,0.0,0.0,0.0
926,0.5579997897148132,0.0,0.00022381216695066541,0.0,20.0,0.0018585387151688337,0.037170774303376675,20.0,7.092789019225165e-05,0.001418557803845033,10.0,0.011234007775783539,0.11234007775783539,25.0,3.427388219279237e-05,0.0008568470548198093,6.940970485242621,0.0015930559020489454,0.01105735399746329,0.0,0.2950221300125122,0.0,500.0,0.0005006083520129323,0.25030417600646615,200.0,0.0005342451040633023,0.10684902081266046,0.4627313656828414,0.0821276530623436,0.03800304106186485,0.0,0.0,0.0
927,0.5588285326957703,0.0,0.00022218472440727055,0.0,20.0,0.0018569650128483772,0.037139300256967545,20.0,7.339223520830274e-05,0.0014678447041660547,10.0,0.011239184997975826,0.11239184997975826,25.0,3.50843693013303e-05,0.0008771092325332575,6.9484742371185595,0.0014719078317284584,0.010227513648178234,0.0,0.2950824797153473,0.0,500.0,0.0005036987131461501,0.25184935657307506,200.0,0.0005341487121768296,0.10682974243536592,0.46323161580790395,0.08213134855031967,0.03804583729744673,0.0,0.0,0.0
928,0.5581557154655457,0.0,0.00022077831090427935,0.0,20.0,0.001853463938459754,0.03706927876919508,20.0,7.221787382150069e-05,0.0014443574764300138,10.0,0.01123209297657013,0.1123209297657013,25.0,3.506363646010868e-05,0.0008765909115027171,6.955977988994497,0.0013470581034198403,0.009370106517285082,0.0,0.29493993520736694,0.0,500.0,0.000504268507938832,0.252134253969416,200.0,0.000534273567609489,0.10685471352189779,0.4637318659329665,0.08212820440530777,0.03808546547459745,0.0,0.0,0.0
929,0.5569298267364502,0.0,0.00022028597595635802,0.0,20.0,0.001851070555858314,0.03702141111716628,20.0,6.843081064289436e-05,0.0013686162128578871,10.0,0.011216981336474419,0.11216981336474419,25.0,3.412107253097929e-05,0.0008530268132744823,6.963481740870435,0.001343316282145679,0.009354158402935393,0.0,0.29479339718818665,0.0,500.0,0.0005022193072363734,0.2511096536181867,200.0,0.0005346306716091931,0.10692613432183862,0.464232116058029,0.08212913572788239,0.038126982468971914,0.0,0.0,0.0
930,0.5551029443740845,0.0,0.00022031652042642236,0.0,20.0,0.0018498636782169342,0.036997273564338684,20.0,6.58024218864739e-05,0.0013160484377294779,10.0,0.011204768903553486,0.11204768903553486,25.0,3.399678462301381e-05,0.0008499196155753452,6.970985492746373,0.0011222398607060313,0.007823117788363455,0.0,0.29466134309768677,0.0,500.0,0.0005017416551709175,0.25087082758545876,200.0,0.0005351092549972236,0.10702185099944472,0.46473236618309155,0.08214668184518814,0.03817622182800389,0.0,0.0,0.0
931,0.5544030070304871,0.0,0.00022040864860173315,0.0,20.0,0.0018493456300348043,0.03698691260069609,20.0,6.658682104898617e-05,0.0013317364209797233,10.0,0.01120666228234768,0.11206662282347679,25.0,3.5105262213619426e-05,0.0008776315553404856,6.9784892446223115,0.0010864789364859462,0.007581981572775863,0.0,0.29475003480911255,0.0,500.0,0.0005007482250221074,0.2503741125110537,200.0,0.0005348396953195333,0.10696793906390667,0.4652326163081541,0.08214396983385086,0.03821605399974052,0.0,0.0,0.0
932,0.5573180317878723,0.0,0.00022023345809429884,0.0,20.0,0.0018540483433753252,0.037080966867506504,20.0,6.962923362152651e-05,0.0013925846724305302,10.0,0.011220403015613556,0.11220403015613556,25.0,3.5354729334358126e-05,0.0008838682333589531,6.985992996498249,0.0013864561915397644,0.009685773244048429,0.0,0.2949999272823334,0.0,500.0,0.0005019673844799399,0.25098369223996997,200.0,0.0005342112854123116,0.10684225708246231,0.4657328664332166,0.08211757242679596,0.03824485239086895,0.0,0.0,0.0
933,0.5572896003723145,0.0,0.0002211002865806222,0.0,20.0,0.0018500162987038493,0.037000325974076986,20.0,7.17838411219418e-05,0.001435676822438836,10.0,0.01123130600899458,0.1123130600899458,25.0,3.757807644433342e-05,0.0009394519111083355,6.993496748374187,0.0013194485800340772,0.009227559354115258,0.0,0.29508256912231445,0.0,500.0,0.0005025779246352613,0.25128896231763065,200.0,0.0005340017378330231,0.10680034756660461,0.46623311655827915,0.08211375772953033,0.03828415317855041,0.0,0.0,0.0
934,0.5575733780860901,0.0,0.00022166903363540769,0.0,20.0,0.0018432452343404293,0.036864904686808586,20.0,7.096506305970252e-05,0.0014193012611940503,10.0,0.01123442966490984,0.1123442966490984,25.0,3.839645432890393e-05,0.0009599113582225982,7.001000500250125,0.0014059230452403426,0.009842867943040817,0.0,0.29511308670043945,0.0,500.0,0.0005020153475925326,0.2510076737962663,200.0,0.000534046848770231,0.1068093697540462,0.46673336668334164,0.0821133404970169,0.038325035859788276,0.0,0.0,0.0
935,0.5559965968132019,0.0,0.00022081995848566294,0.0,20.0,0.0018351234029978514,0.03670246805995703,20.0,6.845685857115313e-05,0.0013691371714230627,10.0,0.011231081560254097,0.11231081560254097,25.0,3.8092202885309234e-05,0.0009523050721327309,7.008504252126063,0.001270138192921877,0.008901768925880689,0.0,0.29500654339790344,0.0,500.0,0.0005010666791349649,0.25053333956748247,200.0,0.000534342834725976,0.1068685669451952,0.4672336168084042,0.0820963978767395,0.03835819690689079,0.0,0.0,0.0
936,0.5566335320472717,0.0,0.00021908170310780406,0.0,20.0,0.0018332796171307564,0.03666559234261513,20.0,6.621894863201305e-05,0.001324378972640261,10.0,0.011229914613068104,0.11229914613068104,25.0,3.57007775164675e-05,0.0008925194379116874,7.016008004002001,0.00130271608941257,0.009139866510260778,0.0,0.29484298825263977,0.0,500.0,0.0005019640666432679,0.25098203332163393,200.0,0.000534702674485743,0.10694053489714861,0.46773386693346675,0.08207541704177856,0.038389452193128046,0.0,0.0,0.0
937,0.5600274801254272,0.0,0.00021730772277805954,0.0,20.0,0.0018391013145446777,0.036782026290893555,20.0,6.523610500153154e-05,0.0013047221000306308,10.0,0.011234520934522152,0.11234520934522152,25.0,3.2034502510214224e-05,0.0008008625627553556,7.023511755877939,0.0014242231845855713,0.010003048279930676,0.0,0.2946756184101105,0.0,500.0,0.000506721728015691,0.2533608640078455,200.0,0.0005351159488782287,0.10702318977564573,0.46823411705852924,0.0820263922214508,0.03840755533730763,0.0,0.0,0.0
938,0.558377206325531,0.0,0.000218358967686072,0.0,20.0,0.0018399471882730722,0.036798943765461445,20.0,6.452325033023953e-05,0.0012904650066047907,10.0,0.01123940572142601,0.1123940572142601,25.0,3.129726246697828e-05,0.000782431561674457,7.031015507753877,0.001310083782300353,0.009211219389810637,0.0,0.2948286533355713,0.0,500.0,0.000505153788253665,0.2525768941268325,200.0,0.0005345634999684989,0.10691269999369979,0.4687343671835918,0.08194506913423538,0.0384104701244515,0.0,0.0,0.0
939,0.5583400130271912,0.0,0.00022095529129728675,0.0,20.0,0.001840313896536827,0.03680627793073654,20.0,6.540994218084961e-05,0.0013081988436169922,10.0,0.011247517541050911,0.11247517541050911,25.0,3.252650276408531e-05,0.0008131625691021327,7.0385192596298145,0.001487030298449099,0.010466491395287054,0.0,0.2950572371482849,0.0,500.0,0.000502413313370198,0.251206656685099,200.0,0.0005342867225408554,0.10685734450817108,0.46923461730865434,0.08184972405433655,0.03840672394345557,0.0,0.0,0.0
940,0.5595836043357849,0.0,0.0002226392098236829,0.0,20.0,0.001844777725636959,0.03689555451273918,20.0,6.952736293897033e-05,0.0013905472587794065,10.0,0.01126270741224289,0.1126270741224289,25.0,3.4839198633562773e-05,0.0008709799658390693,7.046023011505753,0.001628770725801587,0.01147635601446491,0.0,0.2952721118927002,0.0,500.0,0.0005020818789489567,0.25104093947447836,200.0,0.0005343725788407028,0.10687451576814055,0.46973486743371684,0.08176443725824356,0.0384076070962935,0.0,0.0,0.0
941,0.5596769452095032,0.0,0.00022174717742018402,0.0,20.0,0.0018508475041016936,0.03701695008203387,20.0,7.140693924156949e-05,0.0014281387848313898,10.0,0.01127028651535511,0.1127028651535511,25.0,3.4414741094224155e-05,0.0008603685273556039,7.053526763381691,0.0015000157291069627,0.010580401090749461,0.0,0.2953401803970337,0.0,500.0,0.0005037168739363551,0.25185843696817756,200.0,0.000534030725248158,0.1068061450496316,0.4702351175587794,0.08171156048774719,0.03842364525186712,0.0,0.0,0.0
942,0.5584972500801086,0.0,0.00022002999321557581,0.0,20.0,0.0018553484696894884,0.03710696939378977,20.0,6.9823807280045e-05,0.0013964761456009,10.0,0.011262999847531319,0.11262999847531319,25.0,3.279329393990338e-05,0.0008198323484975845,7.061030515257629,0.0012547243386507034,0.008859646843449065,0.0,0.2952595055103302,0.0,500.0,0.0005049320752732456,0.2524660376366228,200.0,0.0005338024348020554,0.10676048696041107,0.47073536768384194,0.08169735968112946,0.03845783664829556,0.0,0.0,0.0
943,0.5590063333511353,0.0,0.00021940705482847989,0.0,20.0,0.0018537945579737425,0.03707589115947485,20.0,6.632060103584081e-05,0.0013264120207168162,10.0,0.011247551068663597,0.11247551068663597,25.0,3.2344298233510926e-05,0.0008086074558377732,7.0685342671335665,0.0014418403152376413,0.010191697675991932,0.0,0.29512038826942444,0.0,500.0,0.000503643648698926,0.251821824349463,200.0,0.0005339528433978558,0.10679056867957115,0.47123561780890444,0.08173363655805588,0.03851580071920392,0.0,0.0,0.0
944,0.5564317107200623,0.0,0.00022109322890173644,0.0,20.0,0.0018425385933369398,0.036850771866738796,20.0,6.407649198081344e-05,0.0012815298396162689,10.0,0.011233862489461899,0.11233862489461899,25.0,3.571892011677846e-05,0.0008929730029194616,7.076038019009505,0.0013131131418049335,0.00929163851467273,0.0,0.29500073194503784,0.0,500.0,0.0005006722640246153,0.25033613201230764,200.0,0.0005343840457499027,0.10687680914998055,0.471735867933967,0.08174760639667511,0.038563278055059845,0.0,0.0,0.0
945,0.5568689107894897,0.0,0.00022133984020911157,0.0,20.0,0.0018402737332507968,0.036805474665015936,20.0,6.525751086883247e-05,0.0013051502173766494,10.0,0.01123708114027977,0.1123708114027977,25.0,3.734847268788144e-05,0.000933711817197036,7.083541770885443,0.0014273595297709107,0.01011076085120365,0.0,0.2950359284877777,0.0,500.0,0.0004997424548491836,0.24987122742459178,200.0,0.0005343151278793812,0.10686302557587624,0.47223611805902954,0.0817573219537735,0.03860876034235227,0.0,0.0,0.0
946,0.5579082369804382,0.0,0.00022019314928911626,0.0,20.0,0.0018484804313629866,0.03696960862725973,20.0,6.865289469715208e-05,0.0013730578939430416,10.0,0.011253505013883114,0.11253505013883114,25.0,3.6194549466017634e-05,0.0009048637366504408,7.091045522761381,0.0013820138992741704,0.009799923472842104,0.0,0.2951466739177704,0.0,500.0,0.0005018076626583934,0.2509038313291967,200.0,0.0005337991169653833,0.10675982339307666,0.47273636818409204,0.08178363740444183,0.0386620997234605,0.0,0.0,0.0
947,0.5594204664230347,0.0,0.00021944133914075792,0.0,20.0,0.0018542673205956817,0.03708534641191363,20.0,6.969203241169453e-05,0.0013938406482338905,10.0,0.011261530220508575,0.11261530220508575,25.0,3.43404826708138e-05,0.000858512066770345,7.098549274637318,0.0013113096356391907,0.009308396062891503,0.0,0.2951526343822479,0.0,500.0,0.0005053358618170023,0.25266793090850115,200.0,0.0005338515038602054,0.10677030077204108,0.4732366183091546,0.08182137459516525,0.038720870618822574,0.0,0.0,0.0
948,0.5579853653907776,0.0,0.00021966753411106765,0.0,20.0,0.001856397371739149,0.03712794743478298,20.0,6.71563611831516e-05,0.001343127223663032,10.0,0.011255580931901932,0.11255580931901932,25.0,3.2320069294655696e-05,0.0008080017323663924,7.106053026513257,0.001278417301364243,0.00908450113350629,0.0,0.29497230052948,0.0,500.0,0.0005029049934819341,0.25145249674096704,200.0,0.0005341876531019807,0.10683753062039614,0.4737368684342171,0.08185119926929474,0.03877593081942077,0.0,0.0,0.0
949,0.5576286315917969,0.0,0.00022066572273615748,0.0,20.0,0.0018523866310715675,0.03704773262143135,20.0,6.483977631432936e-05,0.0012967955262865871,10.0,0.011248982511460781,0.11248982511460781,25.0,3.2157753594219685e-05,0.0008039438398554921,7.113556778389195,0.001398117863573134,0.009945590805407687,0.0,0.29486656188964844,0.0,500.0,0.0005004201666451991,0.25021008332259953,200.0,0.0005350620485842228,0.10701240971684456,0.47423711855927964,0.08186256140470505,0.038822265238449415,0.0,0.0,0.0
950,0.5574257373809814,0.0,0.00022032795823179185,0.0,20.0,0.001850709319114685,0.0370141863822937,20.0,6.453064997913316e-05,0.0012906129995826632,10.0,0.011247745715081692,0.11247745715081692,25.0,3.196216493961401e-05,0.0007990541234903503,7.121060530265132,0.0013585623819380999,0.009674404955922386,0.0,0.29474055767059326,0.0,500.0,0.0005005294806323946,0.2502647403161973,200.0,0.0005352168809622526,0.10704337619245052,0.4747373686843422,0.08185983449220657,0.038861922427765906,0.0,0.0,0.0
951,0.5594626665115356,0.0,0.00021892947552260011,0.0,20.0,0.0018523348262533545,0.03704669652506709,20.0,6.678917270619422e-05,0.0013357834541238844,10.0,0.011254257522523403,0.11254257522523403,25.0,3.2134361390490085e-05,0.0008033590347622521,7.12856428214107,0.0014777104370296001,0.01053395384075628,0.0,0.2948789596557617,0.0,500.0,0.0005028247833251953,0.25141239166259766,200.0,0.0005344370729289949,0.10688741458579898,0.4752376188094047,0.08185478299856186,0.03890047216039708,0.0,0.0,0.0
952,0.5589618682861328,0.0,0.0002194408734794706,0.0,20.0,0.0018470436334609985,0.03694087266921997,20.0,6.916659185662866e-05,0.0013833318371325731,10.0,0.011260886676609516,0.11260886676609516,25.0,3.4955381124746054e-05,0.0008738845281186514,7.136068034017009,0.001388477860018611,0.009908272472819153,0.0,0.29501092433929443,0.0,500.0,0.0005028800223954022,0.2514400111977011,200.0,0.000534365710336715,0.106873142067343,0.47573786893446723,0.08183802664279938,0.03893344839284753,0.0,0.0,0.0
953,0.5580164194107056,0.0,0.00021964841289445758,0.0,20.0,0.0018402895657345653,0.036805791314691305,20.0,6.947418296476826e-05,0.0013894836592953652,10.0,0.011260299943387508,0.11260299943387508,25.0,3.723047120729461e-05,0.0009307617801823653,7.143571785892947,0.001321950345300138,0.009443447189037505,0.0,0.29510655999183655,0.0,500.0,0.0005019563250243664,0.2509781625121832,200.0,0.0005345464451238513,0.10690928902477026,0.4762381190595298,0.08180036395788193,0.03895645146968664,0.0,0.0,0.0
954,0.5558648109436035,0.0,0.00021904491586610675,0.0,20.0,0.0018357085064053535,0.03671417012810707,20.0,6.777903763577342e-05,0.0013555807527154684,10.0,0.011254644021391869,0.11254644021391869,25.0,3.742164699360728e-05,0.0009355411748401821,7.151075537768884,0.0011237391736358404,0.00803594371541988,0.0,0.2949973940849304,0.0,500.0,0.0005007049185223877,0.25035245926119387,200.0,0.0005347308469936252,0.10694616939872503,0.4767383691845923,0.08176065236330032,0.038978440071148174,0.0,0.0,0.0
955,0.5572025179862976,0.0,0.0002183611213695258,0.0,20.0,0.0018366426229476929,0.03673285245895386,20.0,6.674908217974007e-05,0.0013349816435948014,10.0,0.011254946701228619,0.11254946701228619,25.0,3.610416752053425e-05,0.0009026041880133562,7.158579289644822,0.0012487733038142323,0.008939442710145906,0.0,0.29497185349464417,0.0,500.0,0.0005015878705307841,0.25079393526539207,200.0,0.0005347596597857773,0.10695193195715547,0.47723861930965483,0.08171447366476059,0.038997302589385496,0.0,0.0,0.0
956,0.5570077896118164,0.0,0.00021914375247433782,0.0,20.0,0.001837544608861208,0.03675089217722416,20.0,6.684857362415642e-05,0.0013369714724831283,10.0,0.011260973289608955,0.11260973289608955,25.0,3.5954763006884605e-05,0.0008988690751721151,7.166083041520761,0.001260512974113226,0.009032940647409686,0.0,0.2949135899543762,0.0,500.0,0.0005009326268918812,0.2504663134459406,200.0,0.0005344710662029684,0.10689421324059367,0.4777388694347174,0.08167193084955215,0.039017855908615465,0.0,0.0,0.0
957,0.5572053790092468,0.0,0.00022037493181414902,0.0,20.0,0.0018423828296363354,0.03684765659272671,20.0,6.829090852988884e-05,0.0013658181705977768,10.0,0.01127184834331274,0.1127184834331274,25.0,3.573912545107305e-05,0.0008934781362768263,7.173586793396698,0.0013029836118221283,0.00934706602977955,0.0,0.295015424489975,0.0,500.0,0.0005003875121474266,0.2501937560737133,200.0,0.0005340446368791163,0.10680892737582326,0.4782391195597799,0.08161237835884094,0.039030231971511724,0.0,0.0,0.0
958,0.5588458180427551,0.0,0.00022142348461784422,0.0,20.0,0.001846156781539321,0.03692313563078642,20.0,6.978710007388145e-05,0.001395742001477629,10.0,0.011282335966825485,0.11282335966825485,25.0,3.547279993654229e-05,0.0008868199984135572,7.181090545272636,0.0015007053734734654,0.010776701168690143,0.0,0.29516902565956116,0.0,500.0,0.0005004595732316375,0.25022978661581874,200.0,0.0005338498158380389,0.10676996316760778,0.47873936968484243,0.08154822885990143,0.039040347683304485,0.0,0.0,0.0
959,0.557806134223938,0.0,0.00022163749963510782,0.0,20.0,0.0018481118604540825,0.03696223720908165,20.0,6.982790364418179e-05,0.0013965580728836358,10.0,0.011287235654890537,0.11287235654890537,25.0,3.432706944295205e-05,0.0008581767360738013,7.188594297148574,0.001311189611442387,0.0094256101632952,0.0,0.29519233107566833,0.0,500.0,0.0005009488668292761,0.25047443341463804,200.0,0.0005337559268809855,0.1067511853761971,0.4792396198099049,0.08151578903198242,0.039065595744191675,0.0,0.0,0.0
960,0.5580880641937256,0.0,0.00022138573694974184,0.0,20.0,0.0018462585285305977,0.036925170570611954,20.0,6.789839244447649e-05,0.0013579678488895297,10.0,0.011286316439509392,0.11286316439509392,25.0,3.250765803386457e-05,0.0008126914508466143,7.1960980490245126,0.0013514627935364842,0.009725258771897113,0.0,0.2951241135597229,0.0,500.0,0.0005009627202525735,0.25048136012628675,200.0,0.000534157850779593,0.1068315701559186,0.4797398699349675,0.08148345351219177,0.03909086138979085,0.0,0.0,0.0
961,0.5587570071220398,0.0,0.00022056383022572845,0.0,20.0,0.0018420637352392077,0.036841274704784155,20.0,6.660876533715054e-05,0.0013321753067430109,10.0,0.011283678002655506,0.11283678002655506,25.0,3.178573751938529e-05,0.0007946434379846323,7.20360180090045,0.0013900200137868524,0.010013150674602638,0.0,0.2949485182762146,0.0,500.0,0.0005018246592953801,0.25091232964769006,200.0,0.0005345374229364097,0.10690748458728194,0.48024012006003003,0.08145756274461746,0.03911918971227252,0.0,0.0,0.0
962,0.5588916540145874,0.0,0.0002200515300501138,0.0,20.0,0.0018351348116993904,0.03670269623398781,20.0,6.618713086936623e-05,0.0013237426173873246,10.0,0.011281710118055344,0.11281710118055344,25.0,3.2742449548095465e-05,0.0008185612387023866,7.211105552776388,0.0014135788660496473,0.010193466410257961,0.0,0.2948853671550751,0.0,500.0,0.0005019255913794041,0.25096279568970203,200.0,0.0005346203106455505,0.1069240621291101,0.4807403701850925,0.08143533766269684,0.03914925437411289,0.0,0.0,0.0
963,0.55750572681427,0.0,0.00022003837511874735,0.0,20.0,0.0018274247413501143,0.03654849482700229,20.0,6.624558591283858e-05,0.0013249117182567716,10.0,0.011277731508016586,0.11277731508016586,25.0,3.4754910302581266e-05,0.0008688727575645316,7.218609304652326,0.0012757445219904184,0.009209101276799268,0.0,0.2949286103248596,0.0,500.0,0.0005013323971070349,0.25066619855351746,200.0,0.0005345369572751224,0.10690739145502448,0.4812406203101551,0.08146338909864426,0.039203491902399086,0.0,0.0,0.0
964,0.5571575164794922,0.0,0.0002200602029915899,0.0,20.0,0.0018241287907585502,0.036482575815171,20.0,6.766110891476274e-05,0.0013532221782952547,10.0,0.011279299855232239,0.11279299855232239,25.0,3.674057370517403e-05,0.0009185143426293507,7.2261130565282645,0.0011894414201378822,0.008595038176033873,0.0,0.2950470447540283,0.0,500.0,0.0005017886287532747,0.25089431437663734,200.0,0.0005342650110833347,0.10685300221666694,0.4817408704352176,0.08151236176490784,0.03926783610785705,0.0,0.0,0.0
965,0.558421790599823,0.0,0.00021991560060996562,0.0,20.0,0.0018249088898301125,0.03649817779660225,20.0,6.850178760942072e-05,0.0013700357521884143,10.0,0.011282102204859257,0.11282102204859257,25.0,3.695507257361896e-05,0.0009238768143404741,7.233616808404202,0.0012803717982023954,0.009261718960483561,0.0,0.2950906753540039,0.0,500.0,0.0005027829902246594,0.2513914951123297,200.0,0.0005341939395293593,0.10683878790587187,0.4822411205602801,0.0815291777253151,0.039316722024614184,0.0,0.0,0.0
966,0.5609237551689148,0.0,0.00021964858751744032,0.0,20.0,0.0018287136917933822,0.03657427383586764,20.0,6.800912524340674e-05,0.0013601825048681349,10.0,0.011279839091002941,0.11279839091002941,25.0,3.581834243959747e-05,0.0008954585609899368,7.24112056028014,0.0016006188234314322,0.011590273871520751,0.0,0.29508909583091736,0.0,500.0,0.0005030164611525834,0.2515082305762917,200.0,0.0005342429503798485,0.1068485900759697,0.4827413706853427,0.08151019364595413,0.03934834260547561,0.0,0.0,0.0
967,0.5576911568641663,0.0,0.00022185595298651606,0.0,20.0,0.0018260785145685077,0.03652157029137015,20.0,6.736498471582308e-05,0.0013472996943164617,10.0,0.01127553265541792,0.11275532655417919,25.0,3.7644742405973375e-05,0.0009411185601493344,7.248624312156078,0.001362713985145092,0.00987780172323781,0.0,0.2950655519962311,0.0,500.0,0.000500060326885432,0.250030163442716,200.0,0.0005341669311746955,0.1068333862349391,0.4832416208104052,0.08150056004524231,0.03938446273321865,0.0,0.0,0.0
968,0.5578690767288208,0.0,0.00022256124066188931,0.0,20.0,0.0018306630663573742,0.036613261327147484,20.0,6.753255729563534e-05,0.0013506511459127069,10.0,0.0112776393070817,0.112776393070817,25.0,3.6565277696354315e-05,0.0009141319424088579,7.256128064032016,0.001376747852191329,0.009989858727381304,0.0,0.29517534375190735,0.0,500.0,0.0004999664961360395,0.24998324806801975,200.0,0.0005340967909432948,0.10681935818865895,0.4837418709354677,0.08149424195289612,0.039422177072761654,0.0,0.0,0.0
969,0.5588375926017761,0.0,0.00022209645248949528,0.0,20.0,0.0018396166851744056,0.03679233370348811,20.0,6.865141040179878e-05,0.0013730282080359757,10.0,0.01128664705902338,0.1128664705902338,25.0,3.364144140505232e-05,0.000841036035126308,7.263631815907954,0.001368874218314886,0.009942998324128137,0.0,0.2951001226902008,0.0,500.0,0.0005015038186684251,0.25075190933421254,200.0,0.0005340572679415345,0.1068114535883069,0.4842421210605303,0.08148486912250519,0.03945840585822162,0.0,0.0,0.0
970,0.5598552227020264,0.0,0.00022106441610958427,0.0,20.0,0.0018437228864058852,0.036874457728117704,20.0,7.015450682956725e-05,0.001403090136591345,10.0,0.011292500421404839,0.11292500421404839,25.0,3.194430246367119e-05,0.0007986075615917798,7.271135567783892,0.0012288459111005068,0.008935105211528698,0.0,0.29504913091659546,0.0,500.0,0.0005052079795859754,0.2526039897929877,200.0,0.0005341054638847709,0.10682109277695417,0.4847423711855928,0.08147402107715607,0.0394939101669656,0.0,0.0,0.0
971,0.5599023103713989,0.0,0.00022123893722891808,0.0,20.0,0.0018418985418975353,0.036837970837950706,20.0,6.94369591656141e-05,0.001388739183312282,10.0,0.011289216578006744,0.11289216578006744,25.0,3.1441650207852945e-05,0.0007860412551963236,7.27863931965983,0.0013093817979097366,0.00953051783871269,0.0,0.2950313985347748,0.0,500.0,0.0005042616976425052,0.2521308488212526,200.0,0.0005340743227861822,0.10681486455723643,0.4852426213106553,0.0814463421702385,0.0395212365708511,0.0,0.0,0.0
972,0.5590997934341431,0.0,0.00022198993247002363,0.0,20.0,0.001838361844420433,0.03676723688840866,20.0,6.779469549655914e-05,0.0013558939099311829,10.0,0.011281711980700493,0.11281711980700493,25.0,3.136080704280175e-05,0.0007840201760700438,7.286143071535768,0.0013771206140518188,0.010033897820742741,0.0,0.29489150643348694,0.0,500.0,0.0005017901421524584,0.2508950710762292,200.0,0.0005344810779206455,0.1068962155841291,0.48574287143571787,0.08142227679491043,0.039550290529193614,0.0,0.0,0.0
973,0.5589152574539185,0.0,0.00022218265803530812,0.0,20.0,0.0018331342143937945,0.03666268428787589,20.0,6.713288894388825e-05,0.001342657778877765,10.0,0.011275004595518112,0.11275004595518112,25.0,3.225753243896179e-05,0.0008064383109740447,7.293646823411706,0.0014205448096618056,0.010360952138503814,0.0,0.2948485016822815,0.0,500.0,0.0005007456638850272,0.2503728319425136,200.0,0.0005352271837182343,0.10704543674364686,0.48624312156078037,0.08138763159513474,0.03957417604325711,0.0,0.0,0.0
974,0.5587388873100281,0.0,0.00022111210273578763,0.0,20.0,0.0018306912388652563,0.036613824777305126,20.0,6.8301145802252e-05,0.00136602291604504,10.0,0.011273900046944618,0.11273900046944618,25.0,3.3025404263753444e-05,0.0008256351065938361,7.301150575287644,0.0013419997412711382,0.00979814218301764,0.0,0.29477179050445557,0.0,500.0,0.0005015225615352392,0.2507612807676196,200.0,0.0005351472645998001,0.10702945291996002,0.4867433716858429,0.08136848360300064,0.039605570057888756,0.0,0.0,0.0
975,0.5615587830543518,0.0,0.0002200820599682629,0.0,20.0,0.0018295678310096264,0.03659135662019253,20.0,6.99500524206087e-05,0.001399001048412174,10.0,0.011272202245891094,0.11272202245891094,25.0,3.419247514102608e-05,0.000854811878525652,7.308654327163582,0.0015697069466114044,0.011472445467730175,0.0,0.2947551906108856,0.0,500.0,0.0005037744413129985,0.25188722065649927,200.0,0.0005349629791453481,0.10699259582906961,0.48724362181090547,0.08135412633419037,0.03963927916433288,0.0,0.0,0.0
976,0.5574659705162048,0.0,0.00022140826331451535,0.0,20.0,0.0018213049042969942,0.036426098085939884,20.0,7.015400478849187e-05,0.0014030800957698375,10.0,0.011270148679614067,0.11270148679614067,25.0,3.762346022995189e-05,0.0009405865057487972,7.3161580790395195,0.0011924998834729195,0.008724517656724086,0.0,0.2948330044746399,0.0,500.0,0.0005011503817513585,0.25057519087567925,200.0,0.0005351655418053269,0.10703310836106539,0.48774387193596797,0.08131708204746246,0.03966190845236413,0.0,0.0,0.0
977,0.5595360994338989,0.0,0.00022232133778743446,0.0,20.0,0.0018148439703509212,0.03629687940701842,20.0,6.904099427629262e-05,0.0013808198855258524,10.0,0.011269832029938698,0.11269832029938698,25.0,3.896958878613077e-05,0.0009742397196532693,7.323661830915458,0.0015328770969063044,0.011226273486097197,0.0,0.29484373331069946,0.0,500.0,0.0005003989208489656,0.2501994604244828,200.0,0.0005353143205866218,0.10706286411732435,0.4882441220610305,0.08130615949630737,0.039697254461428716,0.0,0.0,0.0
978,0.5582966804504395,0.0,0.00022188860748428851,0.0,20.0,0.0018166471272706985,0.03633294254541397,20.0,6.855583342257887e-05,0.0013711166684515774,10.0,0.01127555314451456,0.11275553144514561,25.0,3.734266647370532e-05,0.000933566661842633,7.331165582791396,0.0013613589107990265,0.009980347592676206,0.0,0.2947642207145691,0.0,500.0,0.000500421563629061,0.2502107818145305,200.0,0.0005349284037947655,0.1069856807589531,0.48874437218609307,0.08128318935632706,0.039726701351241386,0.0,0.0,0.0
979,0.5604451894760132,0.0,0.00022035885194782168,0.0,20.0,0.0018251420697197318,0.036502841394394636,20.0,6.877414853079244e-05,0.001375482970615849,10.0,0.011286325752735138,0.11286325752735138,25.0,3.373060826561414e-05,0.0008432652066403534,7.338669334667333,0.001409988384693861,0.010347438520989965,0.0,0.29472747445106506,0.0,500.0,0.0005035512149333954,0.2517756074666977,200.0,0.0005349212442524731,0.10698424885049462,0.48924462231115556,0.08125382661819458,0.039752997715154725,0.0,0.0,0.0
980,0.5591725707054138,0.0,0.0002213289262726903,0.0,20.0,0.0018261134391650558,0.036522268783301115,20.0,6.836467946413904e-05,0.0013672935892827809,10.0,0.011295088566839695,0.11295088566839695,25.0,3.317098526167683e-05,0.0008292746315419208,7.3461730865432715,0.0013041477650403976,0.009580495212415328,0.0,0.29473185539245605,0.0,500.0,0.0005024519050493836,0.2512259525246918,200.0,0.0005346325924620032,0.10692651849240065,0.4897448724362181,0.08120526373386383,0.03976986152849059,0.0,0.0,0.0
981,0.5592637658119202,0.0,0.0002223591727670282,0.0,20.0,0.001828780397772789,0.03657560795545578,20.0,6.856076652184129e-05,0.0013712153304368258,10.0,0.01130084227770567,0.1130084227770567,25.0,3.302458208054304e-05,0.000825614552013576,7.35367683841921,0.0013588913716375828,0.009992848005539004,0.0,0.29486188292503357,0.0,500.0,0.0005017097573727369,0.25085487868636847,200.0,0.0005342346848919988,0.10684693697839975,0.49024512256128067,0.08115995675325394,0.039788272945567214,0.0,0.0,0.0
982,0.5598062872886658,0.0,0.00022292305948212743,0.0,20.0,0.0018291010055691004,0.03658202011138201,20.0,6.88778527546674e-05,0.001377557055093348,10.0,0.011301128193736076,0.11301128193736076,25.0,3.3392254408681765e-05,0.0008348063602170441,7.361180590295148,0.0014526988379657269,0.010693578489577625,0.0,0.2949599325656891,0.0,500.0,0.000501367321703583,0.2506836608517915,200.0,0.0005340958014130592,0.10681916028261185,0.49074537268634316,0.08110975474119186,0.03980423681896409,0.0,0.0,0.0
983,0.5594400763511658,0.0,0.0002223563496954739,0.0,20.0,0.0018267253180965781,0.03653450636193156,20.0,6.943647167645395e-05,0.001388729433529079,10.0,0.01129823923110962,0.11298239231109619,25.0,3.41727354680188e-05,0.00085431838670047,7.368684342171085,0.0013635132927447557,0.010047299050590422,0.0,0.2949911653995514,0.0,500.0,0.0005019382806494832,0.2509691403247416,200.0,0.0005341492360457778,0.10682984720915556,0.4912456228114057,0.08108746260404587,0.03983386106912108,0.0,0.0,0.0
984,0.5595544576644897,0.0,0.00022161190281622112,0.0,20.0,0.0018239825731143355,0.03647965146228671,20.0,6.919548468431458e-05,0.0013839096936862916,10.0,0.01129138097167015,0.11291380971670151,25.0,3.448595816735178e-05,0.0008621489541837946,7.3761880940470235,0.0013480086345225573,0.009943165240637873,0.0,0.2949333190917969,0.0,500.0,0.0005024843849241734,0.2512421924620867,200.0,0.0005342692602425814,0.10685385204851627,0.4917458729364682,0.08109015226364136,0.03987574771143544,0.0,0.0,0.0
985,0.5589362382888794,0.0,0.00022100776550360024,0.0,20.0,0.00182265171315521,0.0364530342631042,20.0,6.777018279535696e-05,0.0013554036559071392,10.0,0.011281073093414307,0.11281073093414307,25.0,3.3927066397154704e-05,0.0008481766599288676,7.383691845922962,0.0012643124209716916,0.009335293313427799,0.0,0.29492491483688354,0.0,500.0,0.0005026003927923739,0.25130019639618695,200.0,0.0005345746758393943,0.10691493516787887,0.49224612306153076,0.08109455555677414,0.03991848057421998,0.0,0.0,0.0
986,0.5576364398002625,0.0,0.00022181135136634111,0.0,20.0,0.0018200146732851863,0.036400293465703726,20.0,6.681975355604663e-05,0.0013363950711209327,10.0,0.01127475406974554,0.1127475406974554,25.0,3.460591324255802e-05,0.0008651478310639504,7.391195597798899,0.0012050012592226267,0.008906400002508408,0.0,0.29493770003318787,0.0,500.0,0.0005008535226806998,0.2504267613403499,200.0,0.0005349967395886779,0.10699934791773558,0.4927463731865933,0.08108542859554291,0.03995455085873425,0.0,0.0,0.0
987,0.5573343634605408,0.0,0.00022221036488190293,0.0,20.0,0.001824776059947908,0.03649552119895816,20.0,6.787739403080195e-05,0.001357547880616039,10.0,0.011277394369244576,0.11277394369244576,25.0,3.3980089938268065e-05,0.0008495022484567016,7.398699349674837,0.0011283911298960447,0.00834862671894072,0.0,0.2949939966201782,0.0,500.0,0.0005011331522837281,0.25056657614186406,200.0,0.0005347251426428556,0.10694502852857113,0.4932466233116558,0.08109055459499359,0.03999764223645006,0.0,0.0,0.0
988,0.5620633959770203,0.0,0.0002218611043645069,0.0,20.0,0.0018315883353352547,0.03663176670670509,20.0,6.94126938469708e-05,0.001388253876939416,10.0,0.011283431202173233,0.11283431202173233,25.0,3.242864113417454e-05,0.0008107160283543635,7.406203101550775,0.0015949110966175795,0.011812235510466866,0.0,0.295065313577652,0.0,500.0,0.0005033542402088642,0.2516771201044321,200.0,0.0005343467928469181,0.10686935856938362,0.49374687343671836,0.08109346777200699,0.04003964616856973,0.0,0.0,0.0
989,0.5587918162345886,0.0,0.00022344902390614152,0.0,20.0,0.0018267948180437088,0.036535896360874176,20.0,6.945717905182391e-05,0.0013891435810364783,10.0,0.011286960914731026,0.11286960914731026,25.0,3.3915694075403735e-05,0.0008478923518850934,7.413706853426714,0.0012969635426998138,0.0096153075051582,0.0,0.29508477449417114,0.0,500.0,0.0005011573084630072,0.2505786542315036,200.0,0.000534398015588522,0.10687960311770439,0.4942471235617809,0.08108443021774292,0.04007574640076539,0.0,0.0,0.0
990,0.5593430399894714,0.0,0.00022331110085360706,0.0,20.0,0.001821206766180694,0.03642413532361388,20.0,6.926557398401201e-05,0.0013853114796802402,10.0,0.011290258727967739,0.11290258727967739,25.0,3.4388085623504594e-05,0.0008597021405876148,7.421210605302651,0.0013678090181201696,0.010150798791302009,0.0,0.2949358820915222,0.0,500.0,0.0005012489855289459,0.25062449276447296,200.0,0.000534412800334394,0.1068825600668788,0.4947473736868434,0.08107860386371613,0.040113426323769505,0.0,0.0,0.0
991,0.5598335266113281,0.0,0.0002219458547187969,0.0,20.0,0.0018171912524849176,0.03634382504969835,20.0,6.877419946249574e-05,0.0013754839892499149,10.0,0.011292300187051296,0.11292300187051296,25.0,3.390926940483041e-05,0.0008477317351207603,7.428714357178589,0.001351677579805255,0.010041226643375705,0.0,0.29479867219924927,0.0,500.0,0.000502515584230423,0.2512577921152115,200.0,0.0005344760720618069,0.10689521441236138,0.49524762381190596,0.08106902986764908,0.04014924440668964,0.0,0.0,0.0
992,0.5596858859062195,0.0,0.00022079912014305592,0.0,20.0,0.0018145309295505285,0.03629061859101057,20.0,6.693015893688425e-05,0.001338603178737685,10.0,0.0112887779250741,0.112887779250741,25.0,3.2879197533475235e-05,0.0008219799383368809,7.436218109054527,0.001260192133486271,0.009371063563918668,0.0,0.29473674297332764,0.0,500.0,0.0005036687944084406,0.2518343972042203,200.0,0.0005348072736524045,0.10696145473048091,0.4957478739369685,0.0810493528842926,0.04018004437635517,0.0,0.0,0.0
993,0.5613366365432739,0.0,0.00022038345923647285,0.0,20.0,0.001815491123124957,0.03630982246249914,20.0,6.613433652091771e-05,0.0013226867304183543,10.0,0.011286900378763676,0.11286900378763676,25.0,3.2227977499132976e-05,0.0008056994374783244,7.443721860930466,0.0014216573908925056,0.010582422199339912,0.0,0.29471516609191895,0.0,500.0,0.0005045353318564594,0.2522676659282297,200.0,0.000534893712028861,0.10697874240577221,0.496248124062031,0.08100903779268265,0.040200583036688935,0.0,0.0,0.0
994,0.5594911575317383,0.0,0.000222544971620664,0.0,20.0,0.0018111281096935272,0.036222562193870544,20.0,6.667901470791548e-05,0.0013335802941583097,10.0,0.011288287118077278,0.11288287118077278,25.0,3.5017386835534126e-05,0.0008754346708883531,7.451225612806403,0.001411272562108934,0.010515710261437003,0.0,0.29481926560401917,0.0,500.0,0.0005010661552660167,0.25053307763300836,200.0,0.0005345434183254838,0.10690868366509676,0.49674837418709356,0.08096501976251602,0.04021924193305573,0.0,0.0,0.0
995,0.5593810677528381,0.0,0.00022362724121194333,0.0,20.0,0.0018181370105594397,0.03636274021118879,20.0,6.882558227516711e-05,0.0013765116455033422,10.0,0.011297743767499924,0.11297743767499924,25.0,3.484517219476402e-05,0.0008711293048691005,7.458729364682341,0.001363620744086802,0.010170878086210214,0.0,0.29504498839378357,0.0,500.0,0.000501015514601022,0.250507757300511,200.0,0.000534363673068583,0.1068727346137166,0.49724862431215605,0.08092917501926422,0.04024192094504684,0.0,0.0,0.0
996,0.560977578163147,0.0,0.0002233640116173774,0.0,20.0,0.0018266182160004973,0.03653236432000995,20.0,7.063221710268408e-05,0.0014126443420536816,10.0,0.01130540668964386,0.1130540668964386,25.0,3.3372303732903674e-05,0.0008343075933225919,7.466233116558279,0.001426958478987217,0.01065400465176799,0.0,0.29507842659950256,0.0,500.0,0.0005027316510677338,0.2513658255338669,200.0,0.0005342705408111215,0.10685410816222429,0.4977488744372186,0.08090472221374512,0.04027023441854747,0.0,0.0,0.0
997,0.5609898567199707,0.0,0.00022265370353125036,0.0,20.0,0.0018319975351914763,0.03663995070382953,20.0,7.000594632700086e-05,0.0014001189265400171,10.0,0.011306053958833218,0.11306053958833218,25.0,3.0905976018402725e-05,0.0007726494004600681,7.473736868434217,0.0013032794231548905,0.009740367474704383,0.0,0.29497402906417847,0.0,500.0,0.0005044422578066587,0.2522211289033294,200.0,0.0005342402728274465,0.10684805456548929,0.49824912456228115,0.08089742809534073,0.040307072727843604,0.0,0.0,0.0
998,0.5603240728378296,0.0,0.0002225434291176498,0.0,20.0,0.001832056324928999,0.03664112649857998,20.0,6.757738447049633e-05,0.0013515476894099265,10.0,0.01130200270563364,0.1130200270563364,25.0,2.8966976969968528e-05,0.0007241744242492132,7.481240620310155,0.0012535859132185578,0.009378377855019276,0.0,0.2948106527328491,0.0,500.0,0.0005039139650762081,0.25195698253810406,200.0,0.000534487480763346,0.10689749615266919,0.49874937468734365,0.08091117441654205,0.04035439764546895,0.0,0.0,0.0
999,0.5600401163101196,0.0,0.0002229754172731191,0.0,20.0,0.001828269800171256,0.03656539600342512,20.0,6.571664562216029e-05,0.0013143329124432057,10.0,0.011294852010905743,0.11294852010905743,25.0,2.876302278309595e-05,0.0007190755695773987,7.488744372186093,0.0012943900655955076,0.009693356319141946,0.0,0.2946498394012451,0.0,500.0,0.0005028161103837192,0.2514080551918596,200.0,0.0005349754355847836,0.10699508711695671,0.4992496248124062,0.08091391623020172,0.040396242320030674,0.0,0.0,0.0
1000,0.5601584911346436,0.0,0.0002227051299996674,0.0,20.0,0.0018269212450832129,0.03653842490166426,20.0,6.628279516007751e-05,0.0013256559032015502,10.0,0.011293947696685791,0.11293947696685791,25.0,2.934681106125936e-05,0.000733670276531484,7.496248124062031,0.0013099974021315575,0.009820065568254823,0.0,0.29463711380958557,0.0,500.0,0.0005027776351198554,0.2513888175599277,200.0,0.0005347919068299234,0.10695838136598468,0.49974987493746875,0.08094841241836548,0.04045395898246479,0.0,0.0,0.0
1001,0.5605962872505188,0.0,0.00022221694234758615,0.0,20.0,0.0018241486977785826,0.03648297395557165,20.0,6.830989150330424e-05,0.0013661978300660849,10.0,0.011296483688056469,0.11296483688056469,25.0,3.136194936814718e-05,0.0007840487342036795,7.503751875937969,0.0013180435635149479,0.009890271862293255,0.0,0.29469484090805054,0.0,500.0,0.0005033700144849718,0.2516850072424859,200.0,0.0005346009274944663,0.10692018549889326,0.5002501250625313,0.0809650793671608,0.040502791079119964,0.0,0.0,0.0
1002,0.5612573623657227,0.0,0.00022209921735338867,0.0,20.0,0.001820696284994483,0.03641392569988966,20.0,6.927466893102974e-05,0.0013854933786205947,10.0,0.01129548717290163,0.1129548717290163,25.0,3.3672167774057016e-05,0.0008418041943514254,7.511255627813907,0.00140183768235147,0.010529561180844083,0.0,0.2947922646999359,0.0,500.0,0.0005032902117818594,0.2516451058909297,200.0,0.0005347424885258079,0.10694849770516157,0.5007503751875938,0.08095470070838928,0.0405380967529253,0.0,0.0,0.0
1003,0.5587410926818848,0.0,0.0002221345348516479,0.0,20.0,0.0018143736524507403,0.03628747304901481,20.0,6.912385288160294e-05,0.0013824770576320589,10.0,0.011289526708424091,0.11289526708424091,25.0,3.68703949789051e-05,0.0009217598744726274,7.518759379689845,0.001160654821433127,0.008726684325232565,0.0,0.29486626386642456,0.0,500.0,0.0005019770469516516,0.2509885234758258,200.0,0.0005348247941583395,0.1069649588316679,0.5012506253126563,0.08094549179077148,0.04057397837636469,0.0,0.0,0.0
1004,0.5580482482910156,0.0,0.0002218254958279431,0.0,20.0,0.0018122451147064567,0.03624490229412913,20.0,6.861073052277789e-05,0.0013722146104555577,10.0,0.011285440064966679,0.11285440064966679,25.0,3.847242987831123e-05,0.0009618107469577808,7.526263131565783,0.0011074880603700876,0.008335246557412692,0.0,0.2949037253856659,0.0,500.0,0.0005014134803786874,0.2507067401893437,200.0,0.0005348235135897994,0.10696470271795988,0.5017508754377189,0.08093304187059402,0.04060822461040811,0.0,0.0,0.0
1005,0.560733437538147,0.0,0.00022139790235087276,0.0,20.0,0.0018155773868784308,0.03631154773756862,20.0,6.780722469557077e-05,0.0013561444939114153,10.0,0.011286609806120396,0.11286609806120396,25.0,3.758512684726156e-05,0.0009396281711815391,7.533766883441721,0.0014155071694403887,0.010664101036404328,0.0,0.29485294222831726,0.0,500.0,0.0005020180251449347,0.2510090125724673,200.0,0.0005347613478079438,0.10695226956158876,0.5022511255627814,0.08090505003929138,0.040634652445947245,0.0,0.0,0.0
1006,0.5594221353530884,0.0,0.0002235548454336822,0.0,20.0,0.001814945018850267,0.03629890037700534,20.0,6.865344039397314e-05,0.0013730688078794628,10.0,0.011297338642179966,0.11297338642179966,25.0,3.932961044483818e-05,0.0009832402611209545,7.541270635317659,0.0013512418372556567,0.010190080388508767,0.0,0.2948930263519287,0.0,500.0,0.0005001453682780266,0.2500726841390133,200.0,0.0005344429519027472,0.10688859038054943,0.5027513756878439,0.08083958178758621,0.04064221095373894,0.0,0.0,0.0
1007,0.5612755417823792,0.0,0.00022414290287997574,0.0,20.0,0.001821937970817089,0.03643875941634178,20.0,6.989789108047262e-05,0.0013979578216094524,10.0,0.011311459355056286,0.11311459355056286,25.0,3.775601726374589e-05,0.0009439004315936472,7.548774387193597,0.0015002761501818895,0.011325246176210462,0.0,0.29499897360801697,0.0,500.0,0.0005011317552998662,0.2505658776499331,200.0,0.0005341500509530306,0.10683001019060612,0.5032516258129065,0.08079295605421066,0.040659186488512224,0.0,0.0,0.0
1008,0.5613319873809814,0.0,0.00022360423463396728,0.0,20.0,0.0018310610903427005,0.03662122180685401,20.0,6.983120692893863e-05,0.0013966241385787725,10.0,0.011318246833980083,0.11318246833980083,25.0,3.445131369517185e-05,0.0008612828423792962,7.556278139069534,0.0013334848918020725,0.010076182736703503,0.0,0.29497453570365906,0.0,500.0,0.0005033861380070448,0.2516930690035224,200.0,0.0005340703064575791,0.10681406129151583,0.503751875937969,0.0807681456208229,0.04068710487252059,0.0,0.0,0.0
1009,0.5614497661590576,0.0,0.00022350224026013166,0.0,20.0,0.0018373914062976837,0.036747828125953674,20.0,6.875545659568161e-05,0.0013751091319136322,10.0,0.011318721808493137,0.11318721808493137,25.0,3.1704115826869383e-05,0.0007926028956717346,7.563781890945473,0.0012597701279446483,0.009528626480501791,0.0,0.2949031591415405,0.0,500.0,0.0005045571597293019,0.25227857986465096,200.0,0.0005341630312614143,0.10683260625228286,0.5042521260630315,0.08072787523269653,0.04070720271863837,0.0,0.0,0.0
1010,0.5602732300758362,0.0,0.00022433203412219882,0.0,20.0,0.0018365820869803429,0.03673164173960686,20.0,6.626215326832607e-05,0.0013252430653665215,10.0,0.011311412788927555,0.11311412788927555,25.0,3.070095772272907e-05,0.0007675239430682268,7.571285642821411,0.0012424320448189974,0.009406807903119322,0.0,0.2948417663574219,0.0,500.0,0.0005024193087592721,0.25120965437963605,200.0,0.0005349366692826152,0.10698733385652304,0.5047523761880941,0.08069485425949097,0.04073091943363001,0.0,0.0,0.0
1011,0.5604631900787354,0.0,0.00022431861725635827,0.0,20.0,0.0018340693786740303,0.036681387573480606,20.0,6.5323241869919e-05,0.00130646483739838,10.0,0.011307592503726482,0.11307592503726482,25.0,3.0452189093921334e-05,0.0007613047273480333,7.578789394697349,0.0012729378649964929,0.009647327991344106,0.0,0.29470908641815186,0.0,500.0,0.0005022438708692789,0.25112193543463945,200.0,0.0005355214234441519,0.10710428468883038,0.5052526263131566,0.08068159222602844,0.04076458636732803,0.0,0.0,0.0
1012,0.5615953207015991,0.0,0.0002235640276921913,0.0,20.0,0.0018311779713258147,0.036623559426516294,20.0,6.735390343237668e-05,0.0013470780686475337,10.0,0.011310191825032234,0.11310191825032234,25.0,3.162747452734038e-05,0.0007906868631835096,7.586293146573286,0.0013898423640057445,0.010543751600873993,0.0,0.2947298288345337,0.0,500.0,0.000502819602843374,0.251409801421687,200.0,0.0005349155981093645,0.1069831196218729,0.5057528764382191,0.08066263794898987,0.04079536116379628,0.0,0.0,0.0
1013,0.5613082051277161,0.0,0.00022313845693133771,0.0,20.0,0.0018226273823529482,0.036452547647058964,20.0,6.950542592676356e-05,0.0013901085185352713,10.0,0.011312548071146011,0.11312548071146011,25.0,3.45249027304817e-05,0.0008631225682620425,7.593796898449225,0.0013023515930399299,0.009889793487917025,0.0,0.29483699798583984,0.0,500.0,0.000503554183524102,0.251777091762051,200.0,0.000534924678504467,0.1069849357008934,0.5062531265632816,0.0806417465209961,0.040825136307777905,0.0,0.0,0.0
1014,0.5614528059959412,0.0,0.00022246502339839935,0.0,20.0,0.0018107242649421096,0.03621448529884219,20.0,7.043114601401612e-05,0.0014086229202803224,10.0,0.011309740133583546,0.11309740133583546,25.0,3.814552474068478e-05,0.0009536381185171194,7.601300650325163,0.001276135677471757,0.009700290955069208,0.0,0.2949042320251465,0.0,500.0,0.0005042060511186719,0.25210302555933595,200.0,0.0005354706663638353,0.10709413327276707,0.5067533766883442,0.08067281544208527,0.040881221632232304,0.0,0.0,0.0
1015,0.5592930316925049,0.0,0.00022201311367098242,0.0,20.0,0.0018017934635281563,0.036035869270563126,20.0,6.828921323176473e-05,0.0013657842646352947,10.0,0.011298208497464657,0.11298208497464657,25.0,3.972427293774672e-05,0.000993106823443668,7.608804402201101,0.0011400035582482815,0.008674064092524443,0.0,0.29477164149284363,0.0,500.0,0.0005023303674533963,0.25116518372669816,200.0,0.0005357589689083397,0.10715179378166795,0.5072536268134067,0.08067979663610458,0.04092511945423214,0.0,0.0,0.0
1016,0.5600436925888062,0.0,0.0002214396372437477,0.0,20.0,0.0018011301290243864,0.03602260258048773,20.0,6.647329428233206e-05,0.0013294658856466413,10.0,0.011292867362499237,0.11292867362499237,25.0,3.918781294487417e-05,0.0009796953236218542,7.616308154077038,0.001263856771402061,0.009625922633614996,0.0,0.29465925693511963,0.0,500.0,0.0005021294928155839,0.25106474640779197,200.0,0.0005356078036129475,0.10712156072258949,0.5077538769384692,0.08069079369306564,0.04097106333089626,0.0,0.0,0.0
1017,0.559802234172821,0.0,0.00022223622363526374,0.0,20.0,0.0018038394628092647,0.03607678925618529,20.0,6.577180465683341e-05,0.0013154360931366682,10.0,0.011298366822302341,0.11298366822302341,25.0,3.8556951039936393e-05,0.0009639237759984098,7.6238119059529765,0.001261213910765946,0.009615257628850933,0.0,0.29466068744659424,0.0,500.0,0.0005016134819015861,0.25080674095079303,200.0,0.0005351840518414974,0.10703681036829948,0.5082541270635318,0.08067537844181061,0.04100359404546252,0.0,0.0,0.0
1018,0.5613873600959778,0.0,0.0002231352118542418,0.0,20.0,0.0018153720302507281,0.03630744060501456,20.0,6.680414662696421e-05,0.0013360829325392842,10.0,0.011313406750559807,0.11313406750559807,25.0,3.657377965282649e-05,0.0009143444913206622,7.631315657828915,0.001398351276293397,0.010671259989922847,0.0,0.29474949836730957,0.0,500.0,0.0005022316472604871,0.25111582363024354,200.0,0.0005344029050320387,0.10688058100640774,0.5087543771885943,0.08064350485801697,0.0410277360883458,0.0,0.0,0.0
1019,0.5610301494598389,0.0,0.0002243966155219823,0.0,20.0,0.0018265282269567251,0.0365305645391345,20.0,6.905818008817732e-05,0.0013811636017635465,10.0,0.01132777240127325,0.1132777240127325,25.0,3.6080342397326604e-05,0.0009020085599331651,7.638819409704852,0.001268527819775045,0.009690054931448191,0.0,0.2950232923030853,0.0,500.0,0.0005027821753174067,0.2513910876587033,200.0,0.0005340566858649254,0.10681133717298508,0.5092546273136568,0.08060049265623093,0.04104617384894601,0.0,0.0,0.0
1020,0.5612994432449341,0.0,0.00022530081332661211,0.0,20.0,0.0018348488956689835,0.03669697791337967,20.0,6.956118158996105e-05,0.001391223631799221,10.0,0.011333751492202282,0.11333751492202282,25.0,3.510326496325433e-05,0.0008775816240813583,7.64632316158079,0.0012728222645819187,0.009732410362248438,0.0,0.2950684130191803,0.0,500.0,0.0005027428269386292,0.2513714134693146,200.0,0.0005341232754290104,0.10682465508580208,0.5097548774387194,0.08056352287530899,0.0410676487293346,0.0,0.0,0.0
1021,0.5612719655036926,0.0,0.0002256168081657961,0.0,20.0,0.001838774187490344,0.03677548374980688,20.0,6.83407997712493e-05,0.0013668159954249859,10.0,0.011331812478601933,0.11331812478601933,25.0,3.3732998417690396e-05,0.0008433249604422599,7.6538269134567285,0.0012924117036163807,0.009891895480405515,0.0,0.29498791694641113,0.0,500.0,0.0005022427067160606,0.2511213533580303,200.0,0.0005343335797078907,0.10686671594157815,0.5102551275637819,0.0805249810218811,0.04108828446339106,0.0,0.0,0.0
1022,0.5618545413017273,0.0,0.00022521938080899417,0.0,20.0,0.0018360128160566092,0.03672025632113218,20.0,6.718081567669287e-05,0.0013436163135338575,10.0,0.011326964944601059,0.11326964944601059,25.0,3.33874486386776e-05,0.0008346862159669399,7.661330665332667,0.001384867005981505,0.010609924060333542,0.0,0.2949388325214386,0.0,500.0,0.0005021551623940468,0.2510775811970234,200.0,0.0005344010423868895,0.10688020847737789,0.5107553776888444,0.08050547540187836,0.04111860449490635,0.0,0.0,0.0
1023,0.5613692402839661,0.0,0.0002246111398562789,0.0,20.0,0.0018276337068527937,0.036552674137055874,20.0,6.69023793307133e-05,0.001338047586614266,10.0,0.011323152109980583,0.11323152109980583,25.0,3.4727167076198384e-05,0.0008681791769049596,7.668834417208604,0.0013578396756201982,0.010413047637447543,0.0,0.29500797390937805,0.0,500.0,0.000501852307934314,0.250926153967157,200.0,0.0005344603559933603,0.10689207119867206,0.511255627813907,0.08048329502344131,0.041147537525741386,0.0,0.0,0.0
1024,0.5611944198608398,0.0,0.00022360365255735815,0.0,20.0,0.0018163042841479182,0.036326085682958364,20.0,6.721569661749527e-05,0.0013443139323499054,10.0,0.01132021564990282,0.1132021564990282,25.0,3.713453043019399e-05,0.0009283632607548498,7.676338169084542,0.0013455436564981937,0.010328848128546664,0.0,0.2947736978530884,0.0,500.0,0.0005018798401579261,0.25093992007896304,200.0,0.0005347401020117104,0.10694802040234208,0.5117558779389695,0.08046163618564606,0.04117671526659125,0.0,0.0,0.0
1025,0.5617151260375977,0.0,0.0002225997595814988,0.0,20.0,0.0018075507832691073,0.03615101566538215,20.0,6.810468039475381e-05,0.0013620936078950763,10.0,0.011317907832562923,0.11317907832562923,25.0,3.984721843153238e-05,0.0009961804607883096,7.6838419209604805,0.0013690353371202946,0.010519451114641183,0.0,0.29485487937927246,0.0,500.0,0.0005025530699640512,0.2512765349820256,200.0,0.0005351091967895627,0.10702183935791254,0.512256128064032,0.08044600486755371,0.041208958971673336,0.0,0.0,0.0
1026,0.5593664646148682,0.0,0.0002226826036348939,0.0,20.0,0.00179982406552881,0.0359964813105762,20.0,6.772092456230894e-05,0.0013544184912461787,10.0,0.011314453557133675,0.11314453557133675,25.0,4.246277967467904e-05,0.001061569491866976,7.691345672836418,0.001131736789830029,0.008704578861248972,0.0,0.29484823346138,0.0,500.0,0.00050153344636783,0.250766723183915,200.0,0.0005354550085030496,0.10709100170060992,0.5127563781890946,0.08044196665287018,0.04124713147533363,0.0,0.0,0.0
1027,0.5593019723892212,0.0,0.0002225054777227342,0.0,20.0,0.0018005295423790812,0.036010590847581625,20.0,6.704731640638784e-05,0.0013409463281277567,10.0,0.011317570693790913,0.11317570693790913,25.0,4.177564915153198e-05,0.0010443912287882995,7.698849424712356,0.0011133363004773855,0.008571408536441703,0.0,0.294755220413208,0.0,500.0,0.0005016811192035675,0.25084055960178375,200.0,0.0005351588479243219,0.10703176958486438,0.5132566283141571,0.0804404690861702,0.0412866039431769,0.0,0.0,0.0
1028,0.5643476247787476,0.0,0.0002220401365775615,0.0,20.0,0.0018113842234015465,0.03622768446803093,20.0,6.716165808029473e-05,0.0013432331616058946,10.0,0.011327737011015415,0.11327737011015415,25.0,3.828818807960488e-05,0.000957204701990122,7.706353176588294,0.0015912053640931845,0.012262390512183845,0.0,0.2947786748409271,0.0,500.0,0.0005040083779022098,0.2520041889511049,200.0,0.0005348302074708045,0.10696604149416089,0.5137568784392196,0.08040682226419449,0.0413095580116697,0.0,0.0,0.0
1029,0.5608450174331665,0.0,0.00022404451738111675,0.0,20.0,0.0018146340735256672,0.036292681470513344,20.0,6.702994141960517e-05,0.0013405988283921033,10.0,0.01133451983332634,0.1133451983332634,25.0,3.8107686123112217e-05,0.0009526921530778054,7.713856928464232,0.0012941532768309116,0.009982913220976818,0.0,0.2947938144207001,0.0,500.0,0.0005014175549149513,0.25070877745747566,200.0,0.000534352904651314,0.1068705809302628,0.5142571285642822,0.08041024953126907,0.04135154403108785,0.0,0.0,0.0
1030,0.561711847782135,0.0,0.00022529945999849588,0.0,20.0,0.001817655167542398,0.03635310335084796,20.0,6.656245386693627e-05,0.0013312490773387253,10.0,0.011338286101818085,0.11338286101818085,25.0,3.718171865330078e-05,0.0009295429663325194,7.72136068034017,0.001442657201550901,0.011139276591264709,0.0,0.2948397994041443,0.0,500.0,0.0005006632418371737,0.25033162091858685,200.0,0.0005342536605894566,0.10685073211789131,0.5147573786893447,0.08041351288557053,0.04139344910417812,0.0,0.0,0.0
1031,0.5614499449729919,0.0,0.00022485366207547486,0.0,20.0,0.0018230618443340063,0.036461236886680126,20.0,6.709420995321125e-05,0.001341884199064225,10.0,0.011345178820192814,0.11345178820192814,25.0,3.4861739550251514e-05,0.0008715434887562878,7.728864432216108,0.001302974997088313,0.01007051711106275,0.0,0.2949032783508301,0.0,500.0,0.0005019456148147583,0.25097280740737915,200.0,0.0005342427757568657,0.10684855515137315,0.5152576288144072,0.08040948212146759,0.04143159909210186,0.0,0.0,0.0
1032,0.5632447004318237,0.0,0.0002238370361737907,0.0,20.0,0.00182550516910851,0.0365101033821702,20.0,6.788543396396562e-05,0.0013577086792793125,10.0,0.011349265463650227,0.11349265463650227,25.0,3.3147040085168555e-05,0.0008286760021292139,7.736368184092046,0.001343688229098916,0.010395266864939839,0.0,0.29482024908065796,0.0,500.0,0.0005046984297223389,0.25234921486116946,200.0,0.0005342463846318424,0.10684927692636847,0.5157578789394698,0.08039003610610962,0.04146179450995449,0.0,0.0,0.0
1033,0.5620535016059875,0.0,0.00022480663028545678,0.0,20.0,0.001816595671698451,0.03633191343396902,20.0,6.861091242171824e-05,0.0013722182484343648,10.0,0.011351843364536762,0.11351843364536762,25.0,3.5348777601029724e-05,0.0008837194400257431,7.743871935967984,0.0013424179051071405,0.010395512341700119,0.0,0.29493725299835205,0.0,500.0,0.0005024869460612535,0.2512434730306268,200.0,0.0005341269425116479,0.10682538850232959,0.5162581290645323,0.08035290986299515,0.041482842910760875,0.0,0.0,0.0
1034,0.5632319450378418,0.0,0.0002252203703392297,0.0,20.0,0.0018082885071635246,0.03616577014327049,20.0,6.852466322015971e-05,0.0013704932644031942,10.0,0.011348766274750233,0.11348766274750233,25.0,3.725948045030236e-05,0.0009314870112575591,7.751375687843922,0.0015654598828405142,0.012134467676144955,0.0,0.29485297203063965,0.0,500.0,0.0005013974732719362,0.2506987366359681,200.0,0.0005346808466129005,0.1069361693225801,0.5167583791895948,0.08032222837209702,0.04150718454646134,0.0,0.0,0.0
1035,0.5619460344314575,0.0,0.0002244657662231475,0.0,20.0,0.001805584877729416,0.03611169755458832,20.0,6.871596269775182e-05,0.0013743192539550364,10.0,0.011344250291585922,0.11344250291585922,25.0,3.786331944866106e-05,0.0009465829862165265,7.75887943971986,0.0014003063552081585,0.010864808188733636,0.0,0.29484590888023376,0.0,500.0,0.0005014404305256903,0.25072021526284516,200.0,0.0005347212427295744,0.10694424854591489,0.5172586293146574,0.08031120896339417,0.04154166586700829,0.0,0.0,0.0
1036,0.5627492666244507,0.0,0.0002230194804724306,0.0,20.0,0.001807548338547349,0.03615096677094698,20.0,6.847807526355609e-05,0.0013695615052711219,10.0,0.011338300071656704,0.11338300071656704,25.0,3.693376129376702e-05,0.0009233440323441755,7.766383191595798,0.001408133190125227,0.010936101939316734,0.0,0.29478150606155396,0.0,500.0,0.0005030275206081569,0.25151376030407846,200.0,0.000534488819539547,0.1068977639079094,0.5177588794397199,0.0802975445985794,0.04157476671312141,0.0,0.0,0.0
1037,0.5621359348297119,0.0,0.00022281333804130554,0.0,20.0,0.001804924919269979,0.03609849838539958,20.0,6.690924055874348e-05,0.0013381848111748695,10.0,0.01133191678673029,0.1133191678673029,25.0,3.683816976263188e-05,0.000920954244065797,7.7738869434717355,0.0013904997613281012,0.01080958793948909,0.0,0.29476839303970337,0.0,500.0,0.0005022620316594839,0.25113101582974195,200.0,0.0005345714744180441,0.10691429488360882,0.5182591295647824,0.08027692139148712,0.041604247404492575,0.0,0.0,0.0
1038,0.5611856579780579,0.0,0.0002249605895485729,0.0,20.0,0.0017975795781239867,0.035951591562479734,20.0,6.545430369442329e-05,0.0013090860738884658,10.0,0.01133215706795454,0.1133215706795454,25.0,3.855413888231851e-05,0.0009638534720579628,7.781390695347674,0.0013954528840258718,0.010858564087554996,0.0,0.294801265001297,0.0,500.0,0.0005003452533856034,0.2501726266928017,200.0,0.0005349168204702437,0.10698336409404874,0.5187593796898449,0.08023954182863235,0.04162501494561868,0.0,0.0,0.0
1039,0.561286211013794,0.0,0.00022569177963305265,0.0,20.0,0.001803383231163025,0.0360676646232605,20.0,6.653223681496456e-05,0.0013306447362992913,10.0,0.011344870552420616,0.11344870552420616,25.0,3.7272926419973373e-05,0.0009318231604993343,7.788894447223612,0.0013654371723532677,0.010635246009775076,0.0,0.2948318421840668,0.0,500.0,0.0005006805877201259,0.25034029386006296,200.0,0.0005343469092622399,0.10686938185244799,0.5192596298149075,0.08023437112569809,0.041662469849161894,0.0,0.0,0.0
1040,0.5624234676361084,0.0,0.0002246833755634725,0.0,20.0,0.0018154289573431015,0.03630857914686203,20.0,6.825949822086841e-05,0.0013651899644173682,10.0,0.011360382661223412,0.11360382661223412,25.0,3.3415046345908195e-05,0.0008353761586477049,7.79639819909955,0.0012977852020412683,0.01011805021201259,0.0,0.29485684633255005,0.0,500.0,0.0005032756016589701,0.25163780082948506,200.0,0.0005342088406905532,0.10684176813811064,0.51975987993997,0.08025418221950531,0.04171290411509055,0.0,0.0,0.0
1041,0.5667302012443542,0.0,0.00022319419076666236,0.0,20.0,0.0018224166706204414,0.03644833341240883,20.0,6.820630369475111e-05,0.0013641260738950223,10.0,0.011364453472197056,0.11364453472197056,25.0,3.0039085686439648e-05,0.0007509771421609912,7.8039019509754874,0.0015149207320064306,0.011822292856078198,0.0,0.29470381140708923,0.0,500.0,0.0005079061957076192,0.2539530978538096,200.0,0.00053495226893574,0.106990453787148,0.5202601300650325,0.08026060461997986,0.041756392598688866,0.0,0.0,0.0
1042,0.5644510388374329,0.0,0.0002236727304989472,0.0,20.0,0.001820554374717176,0.03641108749434352,20.0,6.619949999731034e-05,0.0013239899999462068,10.0,0.011361041106283665,0.11361041106283665,25.0,2.900808431149926e-05,0.0007252021077874815,7.811405702851426,0.0014036411885172129,0.01096441078474051,0.0,0.294612318277359,0.0,500.0,0.0005053635686635971,0.25268178433179855,200.0,0.0005347234546206892,0.10694469092413783,0.5207603801900951,0.08024705946445465,0.041789489195846574,0.0,0.0,0.0
1043,0.5638177990913391,0.0,0.00022594848996959627,0.0,20.0,0.001808392582461238,0.03616785164922476,20.0,6.419687997549772e-05,0.0012839375995099545,10.0,0.011353946290910244,0.11353946290910244,25.0,3.128148819087073e-05,0.0007820372047717683,7.818909454727364,0.0015608876710757613,0.012204439369141645,0.0,0.2945937216281891,0.0,500.0,0.0005020883399993181,0.25104416999965906,200.0,0.0005348655395209789,0.10697310790419579,0.5212606303151576,0.08023379743099213,0.041822719821457625,0.0,0.0,0.0
1044,0.5628995299339294,0.0,0.00022684340365231037,0.0,20.0,0.00179973931517452,0.0359947863034904,20.0,6.527447112603113e-05,0.0013054894225206226,10.0,0.011353005655109882,0.11353005655109882,25.0,3.4262342524016276e-05,0.0008565585631004069,7.826413206603302,0.001378118060529232,0.01078572138918451,0.0,0.29467740654945374,0.0,500.0,0.0005030803149566054,0.2515401574783027,200.0,0.0005351623985916376,0.10703247971832752,0.5217608804402201,0.08021741360425949,0.04185430834879572,0.0,0.0,0.0
1045,0.5651768445968628,0.0,0.00022541929502040148,0.0,20.0,0.0017985943704843521,0.03597188740968704,20.0,6.697847129544243e-05,0.0013395694259088486,10.0,0.011360261589288712,0.11360261589288712,25.0,3.439977444941178e-05,0.0008599943612352945,7.833916958479239,0.0016894728178158402,0.013235189758377217,0.0,0.2946860194206238,0.0,500.0,0.0005026399157941341,0.25131995789706707,200.0,0.0005348094273358583,0.10696188546717167,0.5222611305652827,0.08020078390836716,0.04188575207620576,0.0,0.0,0.0
1046,0.564128041267395,0.0,0.00022205786081030965,0.0,20.0,0.001800634665414691,0.03601269330829382,20.0,6.761105032637715e-05,0.001352221006527543,10.0,0.011363429017364979,0.11363429017364979,25.0,3.240732621634379e-05,0.0008101831554085948,7.841420710355178,0.0013273132499307394,0.010408021607135737,0.0,0.2946617901325226,0.0,500.0,0.0005060374969616532,0.2530187484808266,200.0,0.0005348008708097041,0.10696017416194081,0.5227613806903452,0.08021201938390732,0.04193174600109212,0.0,0.0,0.0
1047,0.5674328207969666,0.0,0.00021984585328027606,0.0,20.0,0.0018033025553449988,0.03606605110689998,20.0,6.532111001433805e-05,0.001306422200286761,10.0,0.011354414746165276,0.11354414746165276,25.0,2.9785231163259596e-05,0.0007446307790814899,7.848924462231116,0.0015116145368665457,0.01186454831587599,0.0,0.2944865822792053,0.0,500.0,0.0005096576642245054,0.2548288321122527,200.0,0.0005355491884984076,0.10710983769968152,0.5232616308154077,0.08020526170730591,0.04196833604094146,0.0,0.0,0.0
1048,0.5651305913925171,0.0,0.0002203465555794537,0.0,20.0,0.0018025673925876617,0.036051347851753235,20.0,6.293440674198791e-05,0.0012586881348397583,10.0,0.011343412101268768,0.11343412101268768,25.0,2.9685281333513558e-05,0.000742132033337839,7.856428214107053,0.0014480920508503914,0.01137683124492516,0.0,0.29441598057746887,0.0,500.0,0.0005063308635726571,0.25316543178632855,200.0,0.0005355113535188138,0.10710227070376277,0.5237618809404703,0.08018866181373596,0.04199976434166161,0.0,0.0,0.0
1049,0.5616140365600586,0.0,0.0002231862599728629,0.0,20.0,0.0017980405827984214,0.03596081165596843,20.0,6.219623173819855e-05,0.001243924634763971,10.0,0.011333921924233437,0.11333921924233437,25.0,3.230307629564777e-05,0.0008075769073911943,7.863931965982991,0.0012786092702299356,0.010054896312163376,0.0,0.2946021556854248,0.0,500.0,0.0005020952085033059,0.25104760425165296,200.0,0.0005355042521841824,0.10710085043683648,0.5242621310655328,0.0802254006266594,0.04205913949811858,0.0,0.0,0.0
1050,0.5633440017700195,0.0,0.00022504391381517053,0.0,20.0,0.0017993301153182983,0.03598660230636597,20.0,6.552724516950548e-05,0.0013105449033901095,10.0,0.011339014396071434,0.11339014396071434,25.0,3.557009404175915e-05,0.0008892523510439787,7.87143571785893,0.0015279320068657398,0.01202701857330286,0.0,0.2948322594165802,0.0,500.0,0.0005011511966586113,0.25057559832930565,200.0,0.0005352264270186424,0.10704528540372849,0.5247623811905953,0.08026409149169922,0.04211957577528388,0.0,0.0,0.0
1051,0.5649675726890564,0.0,0.000224781921133399,0.0,20.0,0.0018092578975483775,0.03618515795096755,20.0,6.917233986314386e-05,0.0013834467972628772,10.0,0.011353584006428719,0.11353584006428719,25.0,3.524727435433306e-05,0.0008811818588583264,7.878939469734868,0.001636523986235261,0.01289407342831684,0.0,0.2950684130191803,0.0,500.0,0.0005019523669034243,0.25097618345171213,200.0,0.0005346987163648009,0.10693974327296019,0.5252626313156579,0.08028732985258102,0.04217193413967488,0.0,0.0,0.0
1052,0.565108597278595,0.0,0.00022243428975343704,0.0,20.0,0.0018224077066406608,0.036448154132813215,20.0,7.024059596005827e-05,0.0014048119192011654,10.0,0.011363718658685684,0.11363718658685684,25.0,3.1125084205996245e-05,0.0007781271051499061,7.886443221610805,0.0013219565153121948,0.010425534999448099,0.0,0.29496368765830994,0.0,500.0,0.0005067030433565378,0.2533515216782689,200.0,0.0005342111689969897,0.10684223379939795,0.5257628814407204,0.08030436187982559,0.042221052694195446,0.0,0.0,0.0
1053,0.5688813924789429,0.0,0.00022109801648184657,0.0,20.0,0.0018310457235202193,0.036620914470404387,20.0,6.724045670125633e-05,0.0013448091340251267,10.0,0.011359037831425667,0.11359037831425667,25.0,2.684260834939778e-05,0.0006710652087349445,7.893946973486743,0.001632985076867044,0.012890697605283618,0.0,0.29477447271347046,0.0,500.0,0.000509115110617131,0.2545575553085655,200.0,0.0005346565158106387,0.10693130316212773,0.5262631315657829,0.08032985776662827,0.04227464250649972,0.0,0.0,0.0
1054,0.5642788410186768,0.0,0.0002217630681116134,0.0,20.0,0.0018292737659066916,0.03658547531813383,20.0,6.380249396897852e-05,0.0012760498793795705,10.0,0.011350376531481743,0.11350376531481743,25.0,2.5856654247036204e-05,0.0006464163561759051,7.901450725362682,0.0012654500314965844,0.009998891069278915,0.0,0.29464825987815857,0.0,500.0,0.0005059537943452597,0.25297689717262983,200.0,0.0005348506383597851,0.10697012767195702,0.5267633816908455,0.08034192025661469,0.04232118160591059,0.0,0.0,0.0
1055,0.5643772482872009,0.0,0.00022412311227526516,0.0,20.0,0.001819957746192813,0.03639915492385626,20.0,6.183094228617847e-05,0.0012366188457235694,10.0,0.011346785351634026,0.11346785351634026,25.0,2.773995765892323e-05,0.0006934989414730808,7.908954477238619,0.0014237621799111366,0.0112604702673312,0.0,0.29448401927948,0.0,500.0,0.0005036484217271209,0.25182421086356044,200.0,0.0005356002366170287,0.10712004732340574,0.527263631815908,0.0803685113787651,0.04237539319320582,0.0,0.0,0.0
1056,0.5650163292884827,0.0,0.00022492700372822583,0.0,20.0,0.0018187829991802573,0.036375659983605146,20.0,6.292137550190091e-05,0.0012584275100380182,10.0,0.011352963745594025,0.11352963745594025,25.0,2.883095294237137e-05,0.0007207738235592842,7.916458229114557,0.0015144275967031717,0.011988902810319006,0.0,0.29452022910118103,0.0,500.0,0.0005033084889873862,0.2516542444936931,200.0,0.0005353622836992145,0.10707245673984289,0.5277638819409705,0.08036971837282181,0.04241623455894297,0.0,0.0,0.0
1057,0.5648488402366638,0.0,0.0002245093637611717,0.0,20.0,0.0018218958284705877,0.036437916569411755,20.0,6.711020250804722e-05,0.0013422040501609445,10.0,0.011369711719453335,0.11369711719453335,25.0,3.0000395781826228e-05,0.0007500098945456557,7.923961980990495,0.001515776733867824,0.012010957210838585,0.0,0.29470157623291016,0.0,500.0,0.0005024175625294447,0.25120878126472235,200.0,0.0005346944089978933,0.10693888179957867,0.5282641320660331,0.08038207143545151,0.04246296520051866,0.0,0.0,0.0
1058,0.5656099915504456,0.0,0.00022295326925814152,0.0,20.0,0.0018224691739305854,0.03644938347861171,20.0,7.079137139953673e-05,0.0014158274279907346,10.0,0.011383630335330963,0.11383630335330963,25.0,3.099818422924727e-05,0.0007749546057311818,7.9314657328664335,0.0012530074454843998,0.009938185616886024,0.0,0.29469919204711914,0.0,500.0,0.0005075141089037061,0.25375705445185304,200.0,0.0005345940007828176,0.10691880015656352,0.5287643821910956,0.08041296899318695,0.04251951386983422,0.0,0.0,0.0
1059,0.56857830286026,0.0,0.00022135753533802927,0.0,20.0,0.0018192812567576766,0.03638562513515353,20.0,7.124419062165543e-05,0.0014248838124331087,10.0,0.01138240471482277,0.11382404714822769,25.0,3.1941010092850775e-05,0.0007985252523212694,7.938969484742371,0.0013653180794790387,0.010839218569951146,0.0,0.29465293884277344,0.0,500.0,0.0005114736850373447,0.25573684251867235,200.0,0.0005349157145246863,0.10698314290493727,0.5292646323161581,0.08046259731054306,0.042586006980767664,0.0,0.0,0.0
1060,0.5643630623817444,0.0,0.00022116888430900872,0.0,20.0,0.0018128779483959079,0.03625755896791816,20.0,6.799829861847684e-05,0.0013599659723695368,10.0,0.011368249543011189,0.11368249543011189,25.0,3.3102434827014804e-05,0.0008275608706753701,7.946473236618309,0.001171328709460795,0.00930793224101287,0.0,0.2945675253868103,0.0,500.0,0.0005066102603450418,0.2533051301725209,200.0,0.0005348848644644022,0.10697697289288044,0.5297648824412207,0.08049888163805008,0.04264548056763134,0.0,0.0,0.0
1061,0.5635239481925964,0.0,0.0002226580400019884,0.0,20.0,0.0018061313312500715,0.03612262662500143,20.0,6.396122626028955e-05,0.001279224525205791,10.0,0.01134671363979578,0.1134671363979578,25.0,3.560631375876255e-05,0.0008901578439690638,7.953976988494247,0.0014501672703772783,0.011534597098048388,0.0,0.29444965720176697,0.0,500.0,0.0005008834414184093,0.2504417207092047,200.0,0.0005354796885512769,0.10709593771025538,0.5302651325662832,0.080511674284935,0.04269253363783447,0.0,0.0,0.0
1062,0.5619209408760071,0.0,0.00022328458726406097,0.0,20.0,0.0018033817177638412,0.03606763435527682,20.0,6.326612492557615e-05,0.001265322498511523,10.0,0.011335818096995354,0.11335818096995354,25.0,3.886344711645506e-05,0.0009715861779113766,7.9614807403701855,0.0013149394653737545,0.010468865228325816,0.0,0.2945183217525482,0.0,500.0,0.0004998169606551528,0.2499084803275764,200.0,0.0005357545451261103,0.10715090902522206,0.5307653826913457,0.08050637692213058,0.04272999795616836,0.0,0.0,0.0
1063,0.5611016750335693,0.0,0.00022283298312686384,0.0,20.0,0.0018087303033098578,0.03617460606619716,20.0,6.567065429408103e-05,0.0013134130858816206,10.0,0.011340223252773285,0.11340223252773285,25.0,4.104956678929739e-05,0.0010262391697324347,7.968984492246123,0.0012225562240928411,0.009742531590694827,0.0,0.2946837246417999,0.0,500.0,0.0004993566544726491,0.24967832723632455,200.0,0.0005350442370399833,0.10700884740799665,0.5312656328164082,0.08047854155302048,0.042755483306307025,0.0,0.0,0.0
1064,0.5674973726272583,0.0,0.00022175285266712308,0.0,20.0,0.0018197360914200544,0.03639472182840109,20.0,6.916393613209948e-05,0.0013832787226419896,10.0,0.011355103924870491,0.11355103924870491,25.0,4.061995423398912e-05,0.001015498855849728,7.976488244122061,0.0016594852786511183,0.013236864816454268,0.0,0.29487350583076477,0.0,500.0,0.0005044173449277878,0.2522086724638939,200.0,0.0005346707766875625,0.1069341553375125,0.5317658829414708,0.08043603599071503,0.0427731396989145,0.0,0.0,0.0
1065,0.5665844678878784,0.0,0.00022249447647482157,0.0,20.0,0.0018215536838397384,0.03643107367679477,20.0,7.069538696669042e-05,0.0014139077393338084,10.0,0.011366830207407475,0.11366830207407475,25.0,4.158004594501108e-05,0.001039501148625277,7.983991995997999,0.0014812096487730742,0.011825965980199232,0.0,0.2948715388774872,0.0,500.0,0.0005051309708505869,0.25256548542529345,200.0,0.0005342828808352351,0.10685657616704702,0.5322661330665333,0.08038029074668884,0.042783706530503715,0.0,0.0,0.0
1066,0.5634130239486694,0.0,0.00022328025079332292,0.0,20.0,0.0018187379464507103,0.036374758929014206,20.0,6.854824459878728e-05,0.0013709648919757456,10.0,0.011366227641701698,0.11366227641701698,25.0,4.1021972720045596e-05,0.00102554931800114,7.991495747873937,0.0013702199794352055,0.010950107139308357,0.0,0.29480794072151184,0.0,500.0,0.0005007897852919996,0.2503948926459998,200.0,0.0005342300864867866,0.10684601729735732,0.5327663831915957,0.08031375706195831,0.04278846987042801,0.0,0.0,0.0
1067,0.5615286231040955,0.0,0.0002238426823168993,0.0,20.0,0.0018134721321985126,0.03626944264397025,20.0,6.507562648039311e-05,0.0013015125296078622,10.0,0.011362440884113312,0.11362440884113312,25.0,3.938745066989213e-05,0.0009846862667473033,7.998999499749875,0.0012822331627830863,0.010256582427664607,0.0,0.29469841718673706,0.0,500.0,0.0004987685242667794,0.2493842621333897,200.0,0.0005345623940229416,0.10691247880458832,0.5332666333166584,0.08025111258029938,0.04279524062561238,0.0,0.0,0.0
1068,0.5635364651679993,0.0,0.0002231741091236472,0.0,20.0,0.001813715323805809,0.03627430647611618,20.0,6.381168350344524e-05,0.0012762336700689048,10.0,0.01137006189674139,0.1137006189674139,25.0,3.648711572168395e-05,0.0009121778930420987,8.006503251625812,0.00143906578887254,0.011521884917911457,0.0,0.2946058511734009,0.0,500.0,0.0005001497338525951,0.25007486692629755,200.0,0.0005348764825612307,0.10697529651224613,0.5337668834417209,0.08018684387207031,0.042801081746622824,0.0,0.0,0.0
1069,0.5648840665817261,0.0,0.0002216386201325804,0.0,20.0,0.0018183784559369087,0.036367569118738174,20.0,6.491963722510263e-05,0.0012983927445020527,10.0,0.011384719051420689,0.11384719051420689,25.0,3.367567478562705e-05,0.0008418918696406763,8.014007003501751,0.0013545062392950058,0.010855022487996996,0.0,0.2945879399776459,0.0,500.0,0.0005039549432694912,0.2519774716347456,200.0,0.0005344928940758109,0.10689857881516218,0.5342671335667833,0.08010590821504593,0.04279795396381643,0.0,0.0,0.0
1070,0.563740074634552,0.0,0.00022255931980907917,0.0,20.0,0.0018173347925767303,0.036346695851534605,20.0,6.653340824414045e-05,0.001330668164882809,10.0,0.011400998570024967,0.11400998570024967,25.0,3.406568066566251e-05,0.0008516420166415628,8.021510755377689,0.0012333609629422426,0.009893418229504182,0.0,0.29473888874053955,0.0,500.0,0.0005033724009990692,0.2516862004995346,200.0,0.0005341921932995319,0.10683843865990639,0.534767383691846,0.08000291138887405,0.042782947611158764,0.0,0.0,0.0
1071,0.5657935738563538,0.0,0.00022345980687532574,0.0,20.0,0.0018171373521909118,0.036342747043818235,20.0,6.790282350266352e-05,0.0013580564700532705,10.0,0.011413016356527805,0.11413016356527805,25.0,3.467745773377828e-05,0.0008669364433444571,8.029014507253628,0.0014741037739440799,0.01183560058619434,0.0,0.2948337197303772,0.0,500.0,0.0005033089546486735,0.25165447732433677,200.0,0.000534082530066371,0.10681650601327419,0.5352676338169085,0.07993949204683304,0.04278902275643389,0.0,0.0,0.0
1072,0.5650666952133179,0.0,0.00022339873248711228,0.0,20.0,0.001818283461034298,0.03636566922068596,20.0,6.832713552284986e-05,0.0013665427104569972,10.0,0.011413131840527058,0.11413131840527058,25.0,3.44746804330498e-05,0.000861867010826245,8.036518259129565,0.0013473160797730088,0.010827730275914651,0.0,0.29488906264305115,0.0,500.0,0.0005038316594436765,0.25191582972183824,200.0,0.000533972168341279,0.1067944336682558,0.535767883941971,0.07989145815372467,0.04280327748005959,0.0,0.0,0.0
1073,0.5649736523628235,0.0,0.00022290472406893969,0.0,20.0,0.0018197305034846067,0.036394610069692135,20.0,6.735699571436271e-05,0.0013471399142872542,10.0,0.0114046735689044,0.114046735689044,25.0,3.377296889084391e-05,0.0008443242222710978,8.044022011005502,0.0013566468842327595,0.010912897397930351,0.0,0.29486966133117676,0.0,500.0,0.0005035597714595497,0.25177988572977483,200.0,0.0005339373601600528,0.10678747203201056,0.5362681340670336,0.07992371916770935,0.042860543745765096,0.0,0.0,0.0
1074,0.5642078518867493,0.0,0.00022276074741967022,0.0,20.0,0.0018197381868958473,0.036394763737916946,20.0,6.64108301862143e-05,0.001328216603724286,10.0,0.01139094028621912,0.1139094028621912,25.0,3.4306824090890586e-05,0.0008576706022722647,8.051525762881441,0.00134622014593333,0.01083912618749222,0.0,0.29487866163253784,0.0,500.0,0.00050231913337484,0.25115956668742,200.0,0.0005340446368791163,0.10680892737582326,0.536768384192096,0.07994165271520615,0.04291015175758689,0.0,0.0,0.0
1075,0.5638048052787781,0.0,0.00022282669669948518,0.0,20.0,0.0018190838163718581,0.03638167632743716,20.0,6.658687925664708e-05,0.0013317375851329416,10.0,0.011379215866327286,0.11379215866327286,25.0,3.590020060073584e-05,0.0008975050150183961,8.059029514757379,0.0013596725184470415,0.010957640956569203,0.0,0.2948623597621918,0.0,500.0,0.000501336413435638,0.250668206717819,200.0,0.0005340672214515507,0.10681344429031014,0.5372686343171585,0.07996455579996109,0.04296244768842331,0.0,0.0,0.0
1076,0.5615749359130859,0.0,0.00022388088109437376,0.0,20.0,0.001813625916838646,0.03627251833677292,20.0,6.747616862412542e-05,0.0013495233724825084,10.0,0.01137020718306303,0.1137020718306303,25.0,3.9336358895525336e-05,0.0009834089723881334,8.066533266633316,0.0012080580927431583,0.009744840793138282,0.0,0.2949717938899994,0.0,500.0,0.0004994052578695118,0.24970262893475592,200.0,0.000534079794306308,0.1068159588612616,0.5377688844422212,0.07996741682291031,0.043003988536582584,0.0,0.0,0.0
1077,0.562560498714447,0.0,0.000224330069613643,0.0,20.0,0.0018113856203854084,0.03622771240770817,20.0,6.904969632159919e-05,0.0013809939264319837,10.0,0.011367704719305038,0.11367704719305038,25.0,4.106991764274426e-05,0.0010267479410686065,8.074037018509255,0.001301271142438054,0.010506511375162678,0.0,0.2949844300746918,0.0,500.0,0.0004997205105610192,0.2498602552805096,200.0,0.0005340320058166981,0.10680640116333961,0.5382691345672836,0.08002475649118423,0.04307485642046735,0.0,0.0,0.0
1078,0.5629328489303589,0.0,0.0002237508015241474,0.0,20.0,0.0018131732940673828,0.036263465881347656,20.0,6.925640627741814e-05,0.0013851281255483627,10.0,0.011368970386683941,0.11368970386683941,25.0,3.895615373039618e-05,0.0009739038432599045,8.081540770385192,0.0012601823545992374,0.010184215076813748,0.0,0.2948147654533386,0.0,500.0,0.000500948284752667,0.2504741423763335,200.0,0.0005341063952073455,0.1068212790414691,0.5387693846923461,0.08007317781448364,0.043140976741470174,0.0,0.0,0.0
1079,0.565658688545227,0.0,0.00022299907868728042,0.0,20.0,0.0018141723703593016,0.03628344740718603,20.0,6.788918108213693e-05,0.0013577836216427386,10.0,0.011370392516255379,0.11370392516255379,25.0,3.53542527591344e-05,0.0008838563189783599,8.08904452226113,0.001472829026170075,0.011913779566368238,0.0,0.2945959270000458,0.0,500.0,0.0005028497544117272,0.2514248772058636,200.0,0.0005344412056729198,0.10688824113458395,0.5392696348174087,0.08011346310377121,0.04320275799192865,0.0,0.0,0.0
1080,0.564458966255188,0.0,0.000224286675802432,0.0,20.0,0.0018066158518195152,0.036132317036390305,20.0,6.687373388558626e-05,0.0013374746777117252,10.0,0.011373860761523247,0.11373860761523247,25.0,3.5338332963874564e-05,0.0008834583240968641,8.096548274137069,0.001443501329049468,0.011687378194430036,0.0,0.2945256531238556,0.0,500.0,0.0005010032327845693,0.25050161639228463,200.0,0.0005346565740182996,0.10693131480365992,0.5397698849424712,0.08012079447507858,0.04324679201531255,0.0,0.0,0.0
1081,0.5651645064353943,0.0,0.00022425560746341944,0.0,20.0,0.0018040327122434974,0.03608065424486995,20.0,6.690765439998358e-05,0.0013381530879996717,10.0,0.011377653107047081,0.11377653107047081,25.0,3.4491458791308105e-05,0.0008622864697827026,8.104052026013006,0.0014728769892826676,0.011936271749064139,0.0,0.2945057451725006,0.0,500.0,0.000501856382470578,0.250928191235289,200.0,0.0005347904516384006,0.10695809032768011,0.5402701350675337,0.08011598140001297,0.04328427209205303,0.0,0.0,0.0
1082,0.5659915208816528,0.0,0.00022333239030558616,0.0,20.0,0.001807341119274497,0.03614682238548994,20.0,6.824673619121313e-05,0.0013649347238242626,10.0,0.011381611227989197,0.11381611227989197,25.0,3.327870581415482e-05,0.0008319676453538705,8.111555777888945,0.0013888929970562458,0.011266083015141084,0.0,0.2944965660572052,0.0,500.0,0.0005046375445090234,0.2523187722545117,200.0,0.0005346545949578285,0.1069309189915657,0.5407703851925963,0.08010029792785645,0.043315868964488656,0.0,0.0,0.0
1083,0.5654216408729553,0.0,0.00022404118499252945,0.0,20.0,0.001807748107239604,0.03615496214479208,20.0,6.918932922417298e-05,0.0013837865844834596,10.0,0.01138481218367815,0.1138481218367815,25.0,3.3718341001076624e-05,0.0008429585250269156,8.119059529764883,0.0013348334468901157,0.010837592217622101,0.0,0.2945452630519867,0.0,500.0,0.0005042179254814982,0.2521089627407491,200.0,0.0005345526151359081,0.10691052302718163,0.5412706353176588,0.08006105571985245,0.04333469849368702,0.0,0.0,0.0
1084,0.5645971894264221,0.0,0.0002253496932098642,0.0,20.0,0.0018093365943059325,0.03618673188611865,20.0,6.950491660973057e-05,0.0013900983321946114,10.0,0.011385062709450722,0.11385062709450722,25.0,3.427420961088501e-05,0.0008568552402721252,8.12656328164082,0.0013290622737258673,0.010800708672674693,0.0,0.29456451535224915,0.0,500.0,0.0005025123246014118,0.2512561623007059,200.0,0.0005345561658032238,0.10691123316064477,0.5417708854427213,0.08000577241182327,0.04334479816008234,0.0,0.0,0.0
1085,0.5644715428352356,0.0,0.00022569358407054096,0.0,20.0,0.001811124151572585,0.0362224830314517,20.0,6.890122313052416e-05,0.0013780244626104832,10.0,0.011380675248801708,0.11380675248801708,25.0,3.4178447094745934e-05,0.0008544611773686484,8.134067033516759,0.0013668641913682222,0.0111181649583028,0.0,0.2946215867996216,0.0,500.0,0.0005016127834096551,0.25080639170482755,200.0,0.0005346008110791445,0.1069201622158289,0.542271135567784,0.0799693614244461,0.04336507643026492,0.0,0.0,0.0
1086,0.5644473433494568,0.0,0.00022500325576402247,0.0,20.0,0.0018111167009919882,0.036222334019839764,20.0,6.807253521401435e-05,0.001361450704280287,10.0,0.011374996043741703,0.11374996043741703,25.0,3.3925614843610674e-05,0.0008481403710902669,8.141570785392696,0.0013491399586200714,0.010984118472507085,0.0,0.29452383518218994,0.0,500.0,0.0005019361851736903,0.25096809258684516,200.0,0.0005346213583834469,0.10692427167668939,0.5427713856928464,0.07993961870670319,0.043388937617195075,0.0,0.0,0.0
1087,0.5661044120788574,0.0,0.0002243596682092175,0.0,20.0,0.0018095070263370872,0.03619014052674174,20.0,6.803141150157899e-05,0.0013606282300315797,10.0,0.011370634660124779,0.11370634660124779,25.0,3.474419645499438e-05,0.0008686049113748595,8.149074537268634,0.0015290450537577271,0.012460302113913644,0.0,0.2945559620857239,0.0,500.0,0.0005023591220378876,0.2511795610189438,200.0,0.0005346561083570123,0.10693122167140245,0.5432716358179089,0.0799003392457962,0.043407588004469574,0.0,0.0,0.0
1088,0.5635389685630798,0.0,0.00022568943677470088,0.0,20.0,0.00179923209361732,0.0359846418723464,20.0,6.780630792491138e-05,0.0013561261584982276,10.0,0.011368178762495518,0.11368178762495518,25.0,3.842353180516511e-05,0.0009605882951291278,8.156578289144573,0.0013672534842044115,0.011152110085018974,0.0,0.29468783736228943,0.0,500.0,0.000500002468470484,0.250001234235242,200.0,0.0005348448175936937,0.10696896351873875,0.5437718859429714,0.07987453043460846,0.04343352405323631,0.0,0.0,0.0
1089,0.5638828277587891,0.0,0.00022587436251342297,0.0,20.0,0.001795136253349483,0.03590272506698966,20.0,6.882276647957042e-05,0.0013764553295914084,10.0,0.011373842135071754,0.11373842135071754,25.0,4.000870467280038e-05,0.0010002176168200094,8.16408204102051,0.001383219612762332,0.011292718399340299,0.0,0.2947279214859009,0.0,500.0,0.0005003436235710979,0.2501718117855489,200.0,0.0005347202531993389,0.10694405063986778,0.544272136068034,0.0798431783914566,0.04345641725357918,0.0,0.0,0.0
1090,0.5645828247070312,0.0,0.00022501838975585997,0.0,20.0,0.0017984239384531975,0.03596847876906395,20.0,7.041655771899968e-05,0.0014083311543799937,10.0,0.01138441264629364,0.1138441264629364,25.0,3.892602035193704e-05,0.000973150508798426,8.171585792896447,0.0013362705940380692,0.010919449801706784,0.0,0.2947010099887848,0.0,500.0,0.0005022053373977542,0.2511026686988771,200.0,0.0005344406235963106,0.10688812471926212,0.5447723861930965,0.07981033623218536,0.04347846731208097,0.0,0.0,0.0
1091,0.5652572512626648,0.0,0.00022410007659345865,0.0,20.0,0.001800138270482421,0.03600276540964842,20.0,7.01622266205959e-05,0.001403244532411918,10.0,0.011388326063752174,0.11388326063752174,25.0,3.714219928951934e-05,0.0009285549822379835,8.179089544772387,0.001291802735067904,0.010565770244302266,0.0,0.2946373224258423,0.0,500.0,0.0005040963878855109,0.25204819394275546,200.0,0.000534660299308598,0.10693205986171961,0.545272636318159,0.0797644555568695,0.04349337496597687,0.0,0.0,0.0
1092,0.5651897192001343,0.0,0.00022419729793909937,0.0,20.0,0.0018006268655881286,0.03601253731176257,20.0,6.738786760251969e-05,0.0013477573520503938,10.0,0.011385936290025711,0.11385936290025711,25.0,3.4865613997681066e-05,0.0008716403499420267,8.186593296648324,0.0013492414727807045,0.011045691196626427,0.0,0.2945029139518738,0.0,500.0,0.0005031070904806256,0.2515535452403128,200.0,0.0005349935381673276,0.10699870763346553,0.5457728864432216,0.0797044187784195,0.04350051069897733,0.0,0.0,0.0
1093,0.5641805529594421,0.0,0.00022494929726235569,0.0,20.0,0.001802403829060495,0.0360480765812099,20.0,6.655146717093885e-05,0.001331029343418777,10.0,0.011385375633835793,0.11385375633835793,25.0,3.421479414100759e-05,0.0008553698535251897,8.194097048524263,0.0012757523218169808,0.010453638334848499,0.0,0.29448580741882324,0.0,500.0,0.0005022590048611164,0.2511295024305582,200.0,0.0005350216524675488,0.10700433049350977,0.5462731365682841,0.07963939756155014,0.04350486350035655,0.0,0.0,0.0
1094,0.5637974143028259,0.0,0.0002255640720250085,0.0,20.0,0.0018074981635436416,0.03614996327087283,20.0,6.744425627402961e-05,0.0013488851254805923,10.0,0.011387106031179428,0.11387106031179428,25.0,3.367199678905308e-05,0.0008417999197263271,8.2016008004002,0.0012315072817727923,0.010100331107886409,0.0,0.2945094704627991,0.0,500.0,0.0005019770469516516,0.2509885234758258,200.0,0.0005348001723177731,0.10696003446355462,0.5467733866933466,0.07962492108345032,0.04353678776598859,0.0,0.0,0.0
1095,0.5649179816246033,0.0,0.0002256573352497071,0.0,20.0,0.0018117459258064628,0.036234918516129255,20.0,6.960511382203549e-05,0.0013921022764407098,10.0,0.011392142623662949,0.11392142623662949,25.0,3.377611210453324e-05,0.000844402802613331,8.209104552276138,0.0013036432210355997,0.010701743500347268,0.0,0.29470768570899963,0.0,500.0,0.0005026849685236812,0.2513424842618406,200.0,0.0005344860255718231,0.10689720511436462,0.5472736368184092,0.07963781803846359,0.04358367830619268,0.0,0.0,0.0
1096,0.5660679340362549,0.0,0.00022582701058126986,0.0,20.0,0.0018128647934645414,0.03625729586929083,20.0,7.12371984263882e-05,0.001424743968527764,10.0,0.011394298635423183,0.11394298635423183,25.0,3.4388784115435556e-05,0.0008597196028858889,8.216608304152077,0.0013838852755725384,0.011370843247263104,0.0,0.29484662413597107,0.0,500.0,0.0005033922498114407,0.25169612490572035,200.0,0.0005345006939023733,0.10690013878047466,0.5477738869434717,0.07962418347597122,0.04361604847733291,0.0,0.0,0.0
1097,0.564854085445404,0.0,0.00022679968969896436,0.0,20.0,0.0018081808229908347,0.036163616459816694,20.0,7.052729779388756e-05,0.0014105459558777511,10.0,0.011392714455723763,0.11392714455723763,25.0,3.5263827157905325e-05,0.0008815956789476331,8.224112056028014,0.0013533085584640503,0.011129761231190088,0.0,0.2948239743709564,0.0,500.0,0.0005014115595258772,0.2507057797629386,200.0,0.0005347682745195925,0.1069536549039185,0.5482741370685342,0.07967180013656616,0.04368198746857254,0.0,0.0,0.0
1098,0.563997745513916,0.0,0.00022660515969619155,0.0,20.0,0.0017984448932111263,0.03596889786422253,20.0,6.86674247845076e-05,0.001373348495690152,10.0,0.011386231519281864,0.11386231519281864,25.0,3.628862395999022e-05,0.0009072155989997555,8.231615807903951,0.0013115789042785764,0.010796413641772872,0.0,0.29463106393814087,0.0,500.0,0.0005007138242945075,0.25035691214725375,200.0,0.0005349116399884224,0.10698232799768448,0.5487743871935968,0.07972365617752075,0.043750300563651964,0.0,0.0,0.0
1099,0.5644751787185669,0.0,0.0002249573590233922,0.0,20.0,0.0017916576471179724,0.03583315294235945,20.0,6.696857599308714e-05,0.0013393715198617429,10.0,0.011383505538105965,0.11383505538105965,25.0,3.5609889891929924e-05,0.0008902472472982481,8.23911955977989,0.0013099412899464369,0.010792762904160988,0.0,0.2945502996444702,0.0,500.0,0.0005019415984861553,0.25097079924307764,200.0,0.0005349308485165238,0.10698616970330477,0.5492746373186593,0.07979173213243484,0.043827574728070764,0.0,0.0,0.0
1100,0.5677614212036133,0.0,0.00022330955835059285,0.0,20.0,0.0017927903681993484,0.03585580736398697,20.0,6.747151201125234e-05,0.0013494302402250469,10.0,0.0113879619166255,0.113879619166255,25.0,3.446625851211138e-05,0.0008616564628027845,8.246623311655828,0.001476287143304944,0.01217438397067634,0.0,0.2944669723510742,0.0,500.0,0.0005054441862739623,0.25272209313698113,200.0,0.0005351852159947157,0.10703704319894314,0.5497748874437218,0.07981699705123901,0.04388138056994081,0.0,0.0,0.0
1101,0.5656983852386475,0.0,0.00022395412088371813,0.0,20.0,0.001789186499081552,0.03578372998163104,20.0,6.6942440753337e-05,0.00133884881506674,10.0,0.011390208266675472,0.11390208266675472,25.0,3.539783210726455e-05,0.0008849458026816137,8.254127063531765,0.0013384120538830757,0.01104742315611343,0.0,0.29448774456977844,0.0,500.0,0.000503577059134841,0.2517885295674205,200.0,0.0005351482541300356,0.10702965082600713,0.5502751375687844,0.07982037216424942,0.043923166273473924,0.0,0.0,0.0
1102,0.5652740001678467,0.0,0.0002262989873997867,0.0,20.0,0.001783248852007091,0.03566497704014182,20.0,6.624247180297971e-05,0.0013248494360595942,10.0,0.011391587555408478,0.11391587555408478,25.0,3.798892430495471e-05,0.0009497231076238677,8.261630815407704,0.0014374848688021302,0.011875969288777979,0.0,0.2945544719696045,0.0,500.0,0.0005012049223296344,0.2506024611648172,200.0,0.0005349749699234962,0.10699499398469925,0.5507753876938469,0.0797877162694931,0.04394511036153672,0.0,0.0,0.0
1103,0.565344512462616,0.0,0.0002273327554576099,0.0,20.0,0.0017866854323074222,0.03573370864614844,20.0,6.848785415058956e-05,0.0013697570830117911,10.0,0.01140278298407793,0.1140278298407793,25.0,3.9132264646468684e-05,0.000978306616161717,8.269134567283642,0.0014162419829517603,0.011711095536864731,0.0,0.29468634724617004,0.0,500.0,0.0005013099871575832,0.2506549935787916,200.0,0.0005345566896721721,0.10691133793443441,0.5512756378189094,0.07973778992891312,0.04395750100133179,0.0,0.0,0.0
1104,0.5669211745262146,0.0,0.00022646348224952817,0.0,20.0,0.0017970933113247156,0.03594186622649431,20.0,7.103284588083625e-05,0.001420656917616725,10.0,0.011416495777666569,0.11416495777666569,25.0,3.7105892261024565e-05,0.0009276473065256141,8.276638319159579,0.0014559788396582007,0.012050610256200564,0.0,0.29471296072006226,0.0,500.0,0.0005031299078837037,0.25156495394185185,200.0,0.0005343326483853161,0.10686652967706323,0.551775887943972,0.07971341907978058,0.04398394259379589,0.0,0.0,0.0
1105,0.569080650806427,0.0,0.00022470392286777496,0.0,20.0,0.0018068794161081314,0.03613758832216263,20.0,7.096221088431776e-05,0.0014192442176863551,10.0,0.01141725666821003,0.1141725666821003,25.0,3.369767000549473e-05,0.0008424417501373682,8.284142071035518,0.0014449043665081263,0.011969793051212893,0.0,0.2946254014968872,0.0,500.0,0.0005071876803413033,0.2535938401706517,200.0,0.0005346714751794934,0.10693429503589869,0.5522761380690345,0.07969002425670624,0.044010898839121404,0.0,0.0,0.0
1106,0.5677550435066223,0.0,0.00022482244821731,0.0,20.0,0.001808549975976348,0.03617099951952696,20.0,6.883010064484552e-05,0.0013766020128969103,10.0,0.011411226354539394,0.11411226354539394,25.0,3.2447038393002003e-05,0.0008111759598250501,8.291645822911455,0.001403212547302246,0.011634941456495611,0.0,0.2944619953632355,0.0,500.0,0.0005054393550381064,0.2527196775190532,200.0,0.0005344838136807084,0.10689676273614168,0.552776388194097,0.079657182097435,0.044032609413539606,0.0,0.0,0.0
1107,0.5658748149871826,0.0,0.0002268052048748359,0.0,20.0,0.0018024644814431667,0.036049289628863335,20.0,6.608847616007552e-05,0.0013217695232015103,10.0,0.011402777396142483,0.11402777396142483,25.0,3.3671443816274405e-05,0.0008417860954068601,8.299149574787394,0.0014507282758131623,0.012039810953346856,0.0,0.2945079505443573,0.0,500.0,0.0005010247114114463,0.25051235570572317,200.0,0.0005351299187168479,0.10702598374336958,0.5532766383191596,0.07962757349014282,0.04405607617813805,0.0,0.0,0.0
1108,0.5663822889328003,0.0,0.00022731749049853534,0.0,20.0,0.001802183105610311,0.03604366211220622,20.0,6.577388558071107e-05,0.0013154777116142213,10.0,0.011401458643376827,0.11401458643376827,25.0,3.394652594579384e-05,0.0008486631486448459,8.306653326663332,0.0015255995094776154,0.01267262624055818,0.0,0.2945275604724884,0.0,500.0,0.0005006160354241729,0.25030801771208644,200.0,0.0005355658358894289,0.10711316717788577,0.5537768884442221,0.07957368344068527,0.044066066817828216,0.0,0.0,0.0
1109,0.5659924149513245,0.0,0.00022658437956124544,0.0,20.0,0.0018024144228547812,0.03604828845709562,20.0,6.717134965583682e-05,0.0013434269931167364,10.0,0.011407371610403061,0.11407371610403061,25.0,3.3904812880791724e-05,0.0008476203220197931,8.314157078539269,0.0014663683250546455,0.012191616589498853,0.0,0.29452335834503174,0.0,500.0,0.0005007467698305845,0.25037338491529226,200.0,0.0005351899308152497,0.10703798616304994,0.5542771385692846,0.07952046394348145,0.04407637521229486,0.0,0.0,0.0
1110,0.5664812922477722,0.0,0.0002246567455586046,0.0,20.0,0.0018030302599072456,0.03606060519814491,20.0,6.894273974467069e-05,0.0013788547948934138,10.0,0.011413275264203548,0.11413275264203548,25.0,3.3428106689825654e-05,0.0008357026672456414,8.321660830415208,0.0013031003763899207,0.010843959360303319,0.0,0.29452967643737793,0.0,500.0,0.000504393014125526,0.252196507062763,200.0,0.0005346207180991769,0.10692414361983538,0.5547773886943472,0.07950709015130997,0.0441087358568298,0.0,0.0,0.0
1111,0.5690450668334961,0.0,0.0002237487497041002,0.0,20.0,0.0018020765855908394,0.03604153171181679,20.0,6.817080429755151e-05,0.0013634160859510303,10.0,0.011413531377911568,0.11413531377911568,25.0,3.260343873989768e-05,0.0008150859684974421,8.329164582291146,0.0015324936248362064,0.012764391622572705,0.0,0.2945525646209717,0.0,500.0,0.0005056791706010699,0.25283958530053496,200.0,0.0005347380065359175,0.1069476013071835,0.5552776388194097,0.0794883668422699,0.044138112653786685,0.0,0.0,0.0
1112,0.5660565495491028,0.0,0.00022493768483400345,0.0,20.0,0.0017953035421669483,0.035906070843338966,20.0,6.652080628555268e-05,0.0013304161257110536,10.0,0.011411198414862156,0.11411198414862156,25.0,3.414045932004228e-05,0.0008535114830010571,8.336668334167083,0.001425126800313592,0.011880809468347178,0.0,0.2945746183395386,0.0,500.0,0.0005016598151996732,0.2508299075998366,200.0,0.0005348995327949524,0.10697990655899048,0.5557778889444722,0.07946325093507767,0.04416391785336232,0.0,0.0,0.0
1113,0.565127432346344,0.0,0.0002255297586089,0.0,20.0,0.0017914697527885437,0.035829395055770874,20.0,6.526551442220807e-05,0.0013053102884441614,10.0,0.011409381404519081,0.11409381404519081,25.0,3.490083690849133e-05,0.0008725209227122832,8.344172086043022,0.001370017882436514,0.01143166497200653,0.0,0.2945829927921295,0.0,500.0,0.000500833208207041,0.2504166041035205,200.0,0.0005349866114556789,0.10699732229113579,0.5562781390695347,0.07942219078540802,0.04418082849093232,0.0,0.0,0.0
1114,0.5656869411468506,0.0,0.00022541754879057407,0.0,20.0,0.001792498747818172,0.03584997495636344,20.0,6.645456596743315e-05,0.001329091319348663,10.0,0.011417313478887081,0.11417313478887081,25.0,3.542030754033476e-05,0.000885507688508369,8.35167583791896,0.001408891985192895,0.011766609150973177,0.0,0.29459863901138306,0.0,500.0,0.00050106190610677,0.250530953053385,200.0,0.0005347229307517409,0.10694458615034819,0.5567783891945973,0.07939805835485458,0.044207123035994576,0.0,0.0,0.0
1115,0.565860390663147,0.0,0.00022446285584010184,0.0,20.0,0.0017943823477253318,0.035887646954506636,20.0,6.741001561749727e-05,0.0013482003123499453,10.0,0.011423335410654545,0.11423335410654545,25.0,3.478597864159383e-05,0.0008696494660398457,8.359179589794897,0.0013068804983049631,0.010924448787731831,0.0,0.29457950592041016,0.0,500.0,0.000502818264067173,0.2514091320335865,200.0,0.000534778053406626,0.1069556106813252,0.5572786393196598,0.0793721005320549,0.0442323761844468,0.0,0.0,0.0
1116,0.5677264928817749,0.0,0.0002236090658698231,0.0,20.0,0.0017977131064981222,0.035954262129962444,20.0,6.786936864955351e-05,0.0013573873729910702,10.0,0.011421667411923409,0.11421667411923409,25.0,3.395501698832959e-05,0.0008488754247082397,8.366683341670836,0.0013879963662475348,0.011612926075782902,0.0,0.2945607006549835,0.0,500.0,0.0005049599567428231,0.25247997837141156,200.0,0.0005349580897018313,0.10699161794036627,0.5577788894447223,0.07935904711484909,0.04426480116711192,0.0,0.0,0.0
1117,0.5663689970970154,0.0,0.00022470304975286126,0.0,20.0,0.001795936725102365,0.0359187345020473,20.0,6.77669740980491e-05,0.001355339481960982,10.0,0.011418631300330162,0.11418631300330162,25.0,3.519725942169316e-05,0.000879931485542329,8.374187093546773,0.0013824219349771738,0.011576659925721804,0.0,0.29457202553749084,0.0,500.0,0.0005024631973356009,0.2512315986678004,200.0,0.0005345788667909801,0.10691577335819602,0.5582791395697849,0.07935928553342819,0.04430463364447517,0.0,0.0,0.0
1118,0.5660814642906189,0.0,0.00022596088820137084,0.0,20.0,0.0017930567264556885,0.03586113452911377,20.0,6.641973595833406e-05,0.0013283947191666812,10.0,0.011411361396312714,0.11411361396312714,25.0,3.5818076867144555e-05,0.0008954519216786139,8.381690845422712,0.0014720180770382285,0.012338000440608064,0.0,0.29453450441360474,0.0,500.0,0.0005005197017453611,0.25025985087268054,200.0,0.0005347482510842383,0.10694965021684766,0.5587793896948474,0.07934319227933884,0.04433534055828989,0.0,0.0,0.0
1119,0.5656590461730957,0.0,0.0002261649933643639,0.0,20.0,0.0017955347429960966,0.03591069485992193,20.0,6.66942069074139e-05,0.001333884138148278,10.0,0.011408139020204544,0.11408139020204544,25.0,3.564804865163751e-05,0.0008912012162909377,8.38919459729865,0.001419480424374342,0.011908297507132425,0.0,0.2945713698863983,0.0,500.0,0.000500388559885323,0.2501942799426615,200.0,0.0005348962149582803,0.10697924299165606,0.5592796398199099,0.0793164074420929,0.04436005178602294,0.0,0.0,0.0
1120,0.5661472678184509,0.0,0.00022533060109708458,0.0,20.0,0.00180030707269907,0.0360061414539814,20.0,6.793456122977659e-05,0.0013586912245955318,10.0,0.011408060789108276,0.11408060789108276,25.0,3.490202288958244e-05,0.000872550572239561,8.396698349174587,0.0013648972380906343,0.011460630385868583,0.0,0.2946103513240814,0.0,500.0,0.0005020961398258805,0.25104806991294026,200.0,0.0005345998797565699,0.10691997595131397,0.5597798899449725,0.07931804656982422,0.04440064737950641,0.0,0.0,0.0
1121,0.566877543926239,0.0,0.00022468267707154155,0.0,20.0,0.001803219085559249,0.03606438171118498,20.0,6.8103545345366e-05,0.00136207090690732,10.0,0.011404415592551231,0.11404415592551231,25.0,3.38818172167521e-05,0.0008470454304188024,8.404202101050526,0.0013290217611938715,0.011169367477767405,0.0,0.2945821285247803,0.0,500.0,0.0005040498799644411,0.25202493998222053,200.0,0.0005345499375835061,0.10690998751670122,0.560280140070035,0.07934524118900299,0.04445556284726531,0.0,0.0,0.0
1122,0.5675957202911377,0.0,0.00022466843074653298,0.0,20.0,0.0018027650658041239,0.03605530131608248,20.0,6.655367906205356e-05,0.0013310735812410712,10.0,0.011398323811590672,0.11398323811590672,25.0,3.294965790701099e-05,0.0008237414476752747,8.411705852926463,0.0014537230599671602,0.01222829077205993,0.0,0.29452866315841675,0.0,500.0,0.0005034000496380031,0.25170002481900156,200.0,0.0005348450504243374,0.10696901008486748,0.5607803901950975,0.07936271280050278,0.04450505305120741,0.0,0.0,0.0
1123,0.5649393796920776,0.0,0.00022664852440357208,0.0,20.0,0.0017948737367987633,0.035897474735975266,20.0,6.546568329213187e-05,0.0013093136658426374,10.0,0.011395327746868134,0.11395327746868134,25.0,3.5092605685349554e-05,0.0008773151421337388,8.4192096048024,0.0013170597376301885,0.011088601993154612,0.0,0.294548898935318,0.0,500.0,0.0005003896076232195,0.25019480381160975,200.0,0.0005353690939955413,0.10707381879910827,0.5612806403201601,0.07936275750398636,0.044544779349411055,0.0,0.0,0.0
1124,0.5662314295768738,0.0,0.00022710465418640524,0.0,20.0,0.0017936739604920149,0.0358734792098403,20.0,6.564656359842047e-05,0.0013129312719684094,10.0,0.011401032097637653,0.11401032097637653,25.0,3.4868004149757326e-05,0.0008717001037439331,8.42671335667834,0.0014399515930563211,0.012134059322177955,0.0,0.29453763365745544,0.0,500.0,0.0005008912412449718,0.2504456206224859,200.0,0.0005350196734070778,0.10700393468141556,0.5617808904452226,0.07935372740030289,0.044579407639089616,0.0,0.0,0.0
1125,0.5674646496772766,0.0,0.00022640159295406193,0.0,20.0,0.0017957132076844573,0.035914264153689146,20.0,6.64880353724584e-05,0.001329760707449168,10.0,0.011413071304559708,0.11413071304559708,25.0,3.3073723898269236e-05,0.0008268430974567309,8.434217108554277,0.0014806425897404552,0.012488061062043058,0.0,0.2945977747440338,0.0,500.0,0.0005024498677812517,0.25122493389062583,200.0,0.0005346387624740601,0.10692775249481201,0.5622811405702851,0.07935940474271774,0.044622296613714224,0.0,0.0,0.0
1126,0.5676989555358887,0.0,0.00022469140822067857,0.0,20.0,0.0017926774453371763,0.035853548906743526,20.0,6.654288154095411e-05,0.0013308576308190823,10.0,0.011419926770031452,0.11419926770031452,25.0,3.158227991661988e-05,0.000789556997915497,8.441720860430214,0.001316868350841105,0.01111663502773569,0.0,0.29450613260269165,0.0,500.0,0.0005054371431469917,0.25271857157349586,200.0,0.0005351118161343038,0.10702236322686076,0.5627813906953477,0.07937043160200119,0.044668201877064204,0.0,0.0,0.0
1127,0.568090558052063,0.0,0.00022352664382196963,0.0,20.0,0.0017917833756655455,0.03583566751331091,20.0,6.574345025001094e-05,0.0013148690050002187,10.0,0.011417828500270844,0.11417828500270844,25.0,3.0203051210264675e-05,0.0007550762802566169,8.449224612306153,0.0012542355107143521,0.010597317546756082,0.0,0.2943700850009918,0.0,500.0,0.00050720403669402,0.25360201834701,200.0,0.0005355594330467284,0.10711188660934567,0.5632816408204102,0.07934830337762833,0.04469544252286618,0.0,0.0,0.0
1128,0.567182183265686,0.0,0.0002245978103019297,0.0,20.0,0.0017866622656583786,0.03573324531316757,20.0,6.478794239228591e-05,0.0012957588478457183,10.0,0.01141060795634985,0.1141060795634985,25.0,3.162772554787807e-05,0.0007906931386969518,8.45672836418209,0.0013595669297501445,0.011497488217822007,0.0,0.2944313883781433,0.0,500.0,0.0005040203686803579,0.25201018434017897,200.0,0.0005351959262043238,0.10703918524086475,0.5637818909454727,0.07930295914411545,0.04470957226384097,0.0,0.0,0.0
1129,0.5672955513000488,0.0,0.0002249444805784151,0.0,20.0,0.0017840994987636805,0.03568198997527361,20.0,6.51695518172346e-05,0.0013033910363446921,10.0,0.011404456570744514,0.11404456570744514,25.0,3.332679261802696e-05,0.0008331698154506739,8.46423211605803,0.001460515195503831,0.012362139623774297,0.0,0.2945363521575928,0.0,500.0,0.0005026060971431434,0.2513030485715717,200.0,0.0005352104199118912,0.10704208398237824,0.5642821410705353,0.07926028221845627,0.04472516175208538,0.0,0.0,0.0
1130,0.5671571493148804,0.0,0.00022450799588114023,0.0,20.0,0.0017838282510638237,0.035676565021276474,20.0,6.70647932565771e-05,0.001341295865131542,10.0,0.011402958072721958,0.11402958072721958,25.0,3.52352399204392e-05,0.00088088099801098,8.471735867933967,0.001445121830329299,0.012242690443535107,0.0,0.2946290373802185,0.0,500.0,0.0005023832200095057,0.2511916100047529,200.0,0.0005352839361876249,0.10705678723752499,0.5647823911955978,0.07921243458986282,0.04473778822008761,0.0,0.0,0.0
1131,0.5668749809265137,0.0,0.00022384224575944245,0.0,20.0,0.0017861565575003624,0.03572313115000725,20.0,6.908779323566705e-05,0.001381755864713341,10.0,0.011400832794606686,0.11400832794606686,25.0,3.66931599273812e-05,0.0009173289981845301,8.479239619809904,0.0013098710915073752,0.011106710855952981,0.0,0.29473966360092163,0.0,500.0,0.0005039007519371808,0.2519503759685904,200.0,0.0005351983709260821,0.10703967418521643,0.5652826413206603,0.07915982604026794,0.04474767555052665,0.0,0.0,0.0
1132,0.5660871267318726,0.0,0.00022377874120138586,0.0,20.0,0.0017878955695778131,0.03575791139155626,20.0,6.834715168224648e-05,0.0013669430336449295,10.0,0.011394258588552475,0.11394258588552475,25.0,3.684024341055192e-05,0.000921006085263798,8.486743371685844,0.0012569436803460121,0.010667358447758927,0.0,0.29471129179000854,0.0,500.0,0.0005033053457736969,0.25165267288684845,200.0,0.0005350380088202655,0.1070076017640531,0.5657828914457229,0.07913115620613098,0.04477105436174795,0.0,0.0,0.0
1133,0.5644382238388062,0.0,0.00022450921824201941,0.0,20.0,0.0017871437594294548,0.035742875188589096,20.0,6.648062844760716e-05,0.0013296125689521432,10.0,0.01138798426836729,0.1138798426836729,25.0,3.6782646930078045e-05,0.0009195661732519511,8.494247123561781,0.0011833013268187642,0.010051253891637127,0.0,0.29467907547950745,0.0,500.0,0.0005014152266085148,0.2507076133042574,200.0,0.0005350516876205802,0.10701033752411604,0.5662831415707854,0.0791071355342865,0.04479703723102167,0.0,0.0,0.0
1134,0.5640435218811035,0.0,0.00022535724565386772,0.0,20.0,0.0017906794091686606,0.03581358818337321,20.0,6.599775224458426e-05,0.0013199550448916852,10.0,0.011393057182431221,0.11393057182431221,25.0,3.5805693187285215e-05,0.0008951423296821304,8.501750875437718,0.0011601380538195372,0.00986320471468886,0.0,0.29463738203048706,0.0,500.0,0.0005008412408642471,0.25042062043212354,200.0,0.0005348526174202561,0.10697052348405123,0.5667833916958479,0.07909534126520157,0.044829925789631506,0.0,0.0,0.0
1135,0.5664238333702087,0.0,0.0002256447623949498,0.0,20.0,0.001799884019419551,0.03599768038839102,20.0,6.750135798938572e-05,0.0013500271597877145,10.0,0.01140623539686203,0.1140623539686203,25.0,3.37550081894733e-05,0.0008438752047368325,8.509254627313657,0.0013336497358977795,0.011348365186403817,0.0,0.2947445511817932,0.0,500.0,0.0005020898533985019,0.25104492669925094,200.0,0.0005344625096768141,0.10689250193536282,0.5672836418209104,0.07912111282348633,0.04488411302743046,0.0,0.0,0.0
1136,0.5665444135665894,0.0,0.00022600204101763666,0.0,20.0,0.0018016542308032513,0.036033084616065025,20.0,6.875746475998312e-05,0.0013751492951996624,10.0,0.011418594047427177,0.11418594047427177,25.0,3.3215765142813325e-05,0.0008303941285703331,8.516758379189595,0.0012546766083687544,0.01068577751749777,0.0,0.29477256536483765,0.0,500.0,0.0005032224580645561,0.25161122903227806,200.0,0.000534447783138603,0.1068895566277206,0.567783891945973,0.0791379064321518,0.0449332285145034,0.0,0.0,0.0
1137,0.5665665864944458,0.0,0.00022619179799221456,0.0,20.0,0.0017981831915676594,0.03596366383135319,20.0,6.801790732424706e-05,0.0013603581464849412,10.0,0.011421210132539272,0.11421210132539272,25.0,3.299910531495698e-05,0.0008249776328739244,8.524262131065532,0.0012828938197344542,0.010935723205740419,0.0,0.29466918110847473,0.0,500.0,0.000502771872561425,0.2513859362807125,200.0,0.0005345143144950271,0.10690286289900541,0.5682841420710355,0.07915236055850983,0.044981031312890024,0.0,0.0,0.0
1138,0.5668532848358154,0.0,0.0002260024193674326,0.0,20.0,0.0017940138932317495,0.03588027786463499,20.0,6.65509287500754e-05,0.001331018575001508,10.0,0.011418678797781467,0.11418678797781467,25.0,3.2542619010200724e-05,0.0008135654752550181,8.531765882941471,0.001345175551250577,0.011476722874726659,0.0,0.29447588324546814,0.0,500.0,0.0005024004494771361,0.25120022473856807,200.0,0.0005347518599592149,0.10695037199184299,0.568784392196098,0.07914111763238907,0.04501423249025831,0.0,0.0,0.0
1139,0.5670166611671448,0.0,0.00022575452749151736,0.0,20.0,0.0017897321376949549,0.0357946427538991,20.0,6.56524280202575e-05,0.00131304856040515,10.0,0.011415929533541203,0.11415929533541203,25.0,3.248934808652848e-05,0.000812233702163212,8.539269634817408,0.0013622688129544258,0.011632780708920484,0.0,0.2944457232952118,0.0,500.0,0.0005025421851314604,0.2512710925657302,200.0,0.0005349689745344222,0.10699379490688443,0.5692846423211606,0.07911648601293564,0.04503980044158117,0.0,0.0,0.0
1140,0.5665333867073059,0.0,0.00022565163089893758,0.0,20.0,0.0017864162800833583,0.035728325601667166,20.0,6.576568557647988e-05,0.0013153137115295976,10.0,0.011415020562708378,0.11415020562708378,25.0,3.316456059110351e-05,0.0008291140147775877,8.546773386693348,0.0013018886093050241,0.011126946918447393,0.0,0.29446959495544434,0.0,500.0,0.0005025958525948226,0.2512979262974113,200.0,0.0005350091378204525,0.10700182756409049,0.5697848924462231,0.0791240856051445,0.04508370860643301,0.0,0.0,0.0
1141,0.5668104887008667,0.0,0.00022575113689526916,0.0,20.0,0.001786594744771719,0.03573189489543438,20.0,6.68786815367639e-05,0.0013375736307352781,10.0,0.01141585223376751,0.1141585223376751,25.0,3.3916796382982284e-05,0.0008479199095745571,8.554277138569285,0.0013116318732500076,0.011220062547561346,0.0,0.29449060559272766,0.0,500.0,0.0005028099985793233,0.25140499928966165,200.0,0.0005349649582058191,0.10699299164116383,0.5702851425712856,0.07911227643489838,0.045116555845814976,0.0,0.0,0.0
1142,0.5675318241119385,0.0,0.00022593271569348872,0.0,20.0,0.0017889825394377112,0.035779650788754225,20.0,6.822939030826092e-05,0.0013645878061652184,10.0,0.011416788212954998,0.11416788212954998,25.0,3.453565659583546e-05,0.0008633914148958866,8.561780890445222,0.001346635282970965,0.011529596232140102,0.0,0.29453155398368835,0.0,500.0,0.0005033966735936701,0.25169833679683506,200.0,0.0005348931299522519,0.10697862599045038,0.5707853926963482,0.07910112291574478,0.04514976550618549,0.0,0.0,0.0
1143,0.5661565661430359,0.0,0.00022705250012222677,0.0,20.0,0.0017898613587021828,0.035797227174043655,20.0,6.906595808686689e-05,0.0013813191617373377,10.0,0.011414740234613419,0.11414740234613419,25.0,3.631535582826473e-05,0.0009078838957066182,8.569284642321161,0.001250648871064186,0.010717166163746628,0.0,0.29462870955467224,0.0,500.0,0.0005020747194066644,0.2510373597033322,200.0,0.0005349100101739168,0.10698200203478336,0.5712856428214107,0.07909569889307022,0.04518623718653637,0.0,0.0,0.0
1144,0.5648385286331177,0.0,0.00022747587354388088,0.0,20.0,0.0017926659202203155,0.03585331840440631,20.0,6.859994027763605e-05,0.001371998805552721,10.0,0.011412138119339943,0.11412138119339943,25.0,3.6076176911592484e-05,0.0009019044227898121,8.576788394197099,0.00112844817340374,0.009678461197102112,0.0,0.29466164112091064,0.0,500.0,0.0005014524795114994,0.2507262397557497,200.0,0.0005348289851099253,0.10696579702198505,0.5717858929464732,0.07908453792333603,0.04521942313475391,0.0,0.0,0.0
1145,0.5668448805809021,0.0,0.00022744113812223077,0.0,20.0,0.0017953028436750174,0.03590605687350035,20.0,6.842757284175605e-05,0.001368551456835121,10.0,0.011414784006774426,0.11414784006774426,25.0,3.507133078528568e-05,0.000876783269632142,8.584292146073036,0.0013321617152541876,0.011435665349555707,0.0,0.2945472002029419,0.0,500.0,0.0005018228548578918,0.2509114274289459,200.0,0.0005347097758203745,0.1069419551640749,0.5722861430715358,0.07908038049936295,0.04525660594860991,0.0,0.0,0.0
1146,0.5668016672134399,0.0,0.00022798121790401638,0.0,20.0,0.001794553711079061,0.03589107422158122,20.0,6.911509262863547e-05,0.0013823018525727093,10.0,0.01142225693911314,0.1142225693911314,25.0,3.5323610063642263e-05,0.0008830902515910566,8.591795897948975,0.0013261721469461918,0.011394200412106476,0.0,0.29452937841415405,0.0,500.0,0.0005016331560909748,0.2508165780454874,200.0,0.0005346111720427871,0.10692223440855742,0.5727863931965983,0.07906901091337204,0.04528965357469284,0.0,0.0,0.0
1147,0.5673598647117615,0.0,0.00022740413260180503,0.0,20.0,0.0017909889575093985,0.03581977915018797,20.0,6.972075061639771e-05,0.0013944150123279542,10.0,0.011430325917899609,0.11430325917899609,25.0,3.5099310480291024e-05,0.0008774827620072756,8.599299649824912,0.0013043233193457127,0.011216267063308053,0.0,0.2944377660751343,0.0,500.0,0.0005030012689530849,0.2515006344765425,200.0,0.0005346513353288174,0.10693026706576347,0.5732866433216608,0.07904907315969467,0.04531777780940975,0.0,0.0,0.0
1148,0.5672019124031067,0.0,0.00022693132632412016,0.0,20.0,0.0017858927603811026,0.03571785520762205,20.0,7.01161043252796e-05,0.0014023220865055919,10.0,0.01143459603190422,0.1143459603190422,25.0,3.5735352867050096e-05,0.0008933838216762524,8.60680340170085,0.0012396115344017744,0.010669092771076801,0.0,0.29442694783210754,0.0,500.0,0.0005037409137003124,0.2518704568501562,200.0,0.0005348155973479152,0.10696311946958303,0.5737868934467234,0.0790184885263443,0.04533977305638665,0.0,0.0,0.0
1149,0.5671730041503906,0.0,0.00022665507276542485,0.0,20.0,0.0017822531517595053,0.035645063035190105,20.0,6.910539377713576e-05,0.0013821078755427152,10.0,0.011433811858296394,0.11433811858296394,25.0,3.5701581509783864e-05,0.0008925395377445966,8.614307153576789,0.0012557310983538628,0.010817253383518518,0.0,0.2944066524505615,0.0,500.0,0.0005035160575062037,0.2517580287531018,200.0,0.0005349257262423635,0.10698514524847269,0.5742871435717859,0.07897569239139557,0.04535472479505859,0.0,0.0,0.0
1150,0.5680927634239197,0.0,0.00022664989228360355,0.0,20.0,0.0017823458183556795,0.03564691636711359,20.0,6.842060247436166e-05,0.0013684120494872332,10.0,0.011432358995079994,0.11432358995079994,25.0,3.554376962711103e-05,0.0008885942406777758,8.621810905452726,0.0013757796259596944,0.011861711782598965,0.0,0.29434168338775635,0.0,500.0,0.0005032476037740707,0.25162380188703537,200.0,0.0005349814891815186,0.10699629783630371,0.5747873936968484,0.07895690202713013,0.045383431930551534,0.0,0.0,0.0
1151,0.5666670799255371,0.0,0.00022757015540264547,0.0,20.0,0.0017834885511547327,0.035669771023094654,20.0,6.889994256198406e-05,0.0013779988512396812,10.0,0.011433042585849762,0.11433042585849762,25.0,3.672396269394085e-05,0.0009180990673485212,8.629314657328665,0.0012871416984125972,0.011107150724170737,0.0,0.2944646179676056,0.0,500.0,0.0005017422372475266,0.2508711186237633,200.0,0.0005349947023205459,0.10699894046410918,0.575287643821911,0.07890591770410538,0.045393599479600394,0.0,0.0,0.0
1152,0.5671806335449219,0.0,0.00022811564849689603,0.0,20.0,0.001788136549293995,0.0357627309858799,20.0,7.009485125308856e-05,0.0014018970250617713,10.0,0.011435680091381073,0.11435680091381073,25.0,3.740680040209554e-05,0.0009351700100523885,8.636818409204603,0.0013460107147693634,0.011625250120306683,0.0,0.2945553660392761,0.0,500.0,0.0005014113266952336,0.2507056633476168,200.0,0.0005347914411686361,0.10695828823372722,0.5757878939469735,0.0789089947938919,0.045434843925847714,0.0,0.0,0.0
1153,0.5691455006599426,0.0,0.00022814481053501368,0.0,20.0,0.001794956624507904,0.03589913249015808,20.0,7.065932732075453e-05,0.0014131865464150906,10.0,0.011436272412538528,0.11436272412538528,25.0,3.654320244095288e-05,0.0009135800610238221,8.64432216108054,0.0015128088416531682,0.013077206995381063,0.0,0.2946345806121826,0.0,500.0,0.0005022149998694658,0.2511074999347329,200.0,0.0005345199606381357,0.10690399212762713,0.576288144072036,0.07889828830957413,0.045468148140384884,0.0,0.0,0.0
1154,0.5652034878730774,0.0,0.00022954514133743942,0.0,20.0,0.0017916569486260414,0.03583313897252083,20.0,6.931037205504254e-05,0.0013862074411008507,10.0,0.011434952728450298,0.11434952728450298,25.0,3.74670053133741e-05,0.0009366751328343526,8.651825912956479,0.0011744021903723478,0.010160723302896326,0.0,0.29467928409576416,0.0,500.0,0.0005001445533707738,0.2500722766853869,200.0,0.0005347555270418525,0.1069511054083705,0.5767883941970986,0.0789090245962143,0.0455138095845098,0.0,0.0,0.0
1155,0.5658116936683655,0.0,0.00022945695673115551,0.0,20.0,0.0017894254997372627,0.035788509994745255,20.0,6.832962390035391e-05,0.0013665924780070782,10.0,0.011438487097620964,0.11438487097620964,25.0,3.6719098716275766e-05,0.0009179774679068942,8.659329664832416,0.0012289731530472636,0.0106420836814648,0.0,0.2945527136325836,0.0,500.0,0.000500431633554399,0.2502158167771995,200.0,0.0005346395191736519,0.10692790383473039,0.5772886443221611,0.07893438637256622,0.04556792489942042,0.0,0.0,0.0
1156,0.5690587162971497,0.0,0.00022783850727137178,0.0,20.0,0.0017904620617628098,0.035809241235256195,20.0,6.836330430814996e-05,0.0013672660861629993,10.0,0.011447526514530182,0.11447526514530182,25.0,3.42997009283863e-05,0.0008574925232096575,8.666833416708354,0.0014394850004464388,0.012475776704719634,0.0,0.29439684748649597,0.0,500.0,0.000503042247146368,0.251521123573184,200.0,0.000534654944203794,0.1069309888407588,0.5777888944472236,0.0789589062333107,0.04562157913930658,0.0,0.0,0.0
1157,0.5684787034988403,0.0,0.00022733488003723323,0.0,20.0,0.0017845233669504523,0.03569046733900905,20.0,6.780278636142612e-05,0.0013560557272285223,10.0,0.011452514678239822,0.11452514678239822,25.0,3.408186967135407e-05,0.0008520467417838518,8.674337168584293,0.0013243797002360225,0.011488116059075853,0.0,0.29439592361450195,0.0,500.0,0.0005038704257458448,0.2519352128729224,200.0,0.0005348977283574641,0.10697954567149282,0.5782891445722862,0.07894348353147507,0.04565215956097308,0.0,0.0,0.0
1158,0.56917804479599,0.0,0.00022807456844020635,0.0,20.0,0.0017773857107385993,0.035547714214771986,20.0,6.744629354216158e-05,0.0013489258708432317,10.0,0.011453686282038689,0.11453686282038689,25.0,3.550349720171653e-05,0.0008875874300429132,8.68184092046023,0.0014760808553546667,0.012815099171926083,0.0,0.29439857602119446,0.0,500.0,0.0005027595325373113,0.25137976626865566,200.0,0.0005348867271095514,0.10697734542191029,0.5787893946973487,0.07893151789903641,0.04568472546732623,0.0,0.0,0.0
1159,0.569136917591095,0.0,0.0002278781757922843,0.0,20.0,0.0017755532171577215,0.03551106434315443,20.0,6.764531281078234e-05,0.0013529062562156469,10.0,0.011451905593276024,0.11451905593276024,25.0,3.606886093621142e-05,0.0009017215234052856,8.689344672336167,0.0014712021220475435,0.012783782321143486,0.0,0.2944222092628479,0.0,500.0,0.0005027239676564932,0.2513619838282466,200.0,0.0005349605344235897,0.10699210688471794,0.5792896448224112,0.07891436666250229,0.04571427543530648,0.0,0.0,0.0
1160,0.5682123899459839,0.0,0.00022684542636852711,0.0,20.0,0.0017778805922716856,0.03555761184543371,20.0,6.737644434906542e-05,0.0013475288869813085,10.0,0.011446037329733372,0.11446037329733372,25.0,3.5363511415198445e-05,0.0008840877853799611,8.696848424212106,0.0013176780194044113,0.011459646006676184,0.0,0.29442131519317627,0.0,500.0,0.0005035253707319498,0.2517626853659749,200.0,0.0005350142018869519,0.10700284037739038,0.5797898949474737,0.07888652384281158,0.04573760937159511,0.0,0.0,0.0
1161,0.5706109404563904,0.0,0.00022628961596637964,0.0,20.0,0.001784847117960453,0.03569694235920906,20.0,6.726397259626538e-05,0.0013452794519253075,10.0,0.011439429596066475,0.11439429596066475,25.0,3.43122192134615e-05,0.0008578054803365376,8.704352176088044,0.0015126841608434916,0.013166935667171963,0.0,0.294409841299057,0.0,500.0,0.0005048258462920785,0.25241292314603925,200.0,0.0005348738632164896,0.10697477264329791,0.5802901450725363,0.07886051386594772,0.045761979031765564,0.0,0.0,0.0
1162,0.5662215352058411,0.0,0.00022802661987952888,0.0,20.0,0.0017865400295704603,0.035730800591409206,20.0,6.753994966857135e-05,0.001350798993371427,10.0,0.011436360888183117,0.11436360888183117,25.0,3.619628114392981e-05,0.0009049070285982452,8.711855927963981,0.0012008133344352245,0.010461312765977705,0.0,0.2944876253604889,0.0,500.0,0.0005013655172660947,0.25068275863304734,200.0,0.0005347831174731255,0.10695662349462509,0.5807903951975988,0.07880759984254837,0.04577069705712789,0.0,0.0,0.0
1163,0.565769612789154,0.0,0.00022923009237274528,0.0,20.0,0.0017910882597789168,0.03582176519557834,20.0,6.793784268666059e-05,0.0013587568537332118,10.0,0.011435532942414284,0.11435532942414284,25.0,3.693099642987363e-05,0.0009232749107468408,8.71935967983992,0.0011983041185885668,0.010448444615807264,0.0,0.29469263553619385,0.0,500.0,0.0005001855897717178,0.2500927948858589,200.0,0.00053494080202654,0.10698816040530801,0.5812906453226613,0.0787576362490654,0.045781077199306644,0.0,0.0,0.0
1164,0.5672528147697449,0.0,0.00022948527475818992,0.0,20.0,0.0017975749215111136,0.03595149843022227,20.0,6.92082685418427e-05,0.001384165370836854,10.0,0.011441837064921856,0.11441837064921856,25.0,3.6491335777100176e-05,0.0009122833944275044,8.726863431715858,0.0013058434706181288,0.01139591763128227,0.0,0.29489561915397644,0.0,500.0,0.0005009170854464173,0.25045854272320867,200.0,0.0005346594261936843,0.10693188523873687,0.5817908954477239,0.07872267067432404,0.04580013306365126,0.0,0.0,0.0
1165,0.5707149505615234,0.0,0.0002285515220137313,0.0,20.0,0.0018002031138166785,0.03600406227633357,20.0,6.925265188328922e-05,0.0013850530376657844,10.0,0.011446375399827957,0.11446375399827957,25.0,3.4951241104863584e-05,0.0008737810276215896,8.734367183591797,0.00157608138397336,0.013766073518846858,0.0,0.2948031723499298,0.0,500.0,0.0005030369502492249,0.25151847512461245,200.0,0.0005343777011148632,0.10687554022297263,0.5822911455727864,0.07870325446128845,0.04582820820057017,0.0,0.0,0.0
1166,0.5667646527290344,0.0,0.0002289681724505499,0.0,20.0,0.0017912685871124268,0.035825371742248535,20.0,6.722669786540791e-05,0.0013445339573081583,10.0,0.011446925811469555,0.11446925811469555,25.0,3.544941864674911e-05,0.0008862354661687277,8.741870935467734,0.0012476516421884298,0.010906809628435623,0.0,0.2945130467414856,0.0,500.0,0.0005011160392314196,0.2505580196157098,200.0,0.0005346026737242937,0.10692053474485874,0.5827913956978489,0.07867978513240814,0.045853901790523004,0.0,0.0,0.0
1167,0.5673176050186157,0.0,0.00022817886201664805,0.0,20.0,0.0017805222887545824,0.03561044577509165,20.0,6.50288347969763e-05,0.001300576695939526,10.0,0.011447015218436718,0.11447015218436718,25.0,3.5217821277910843e-05,0.0008804455319477711,8.749374687343671,0.0013116247719153762,0.01147589657868931,0.0,0.2944222092628479,0.0,500.0,0.0005014069611206651,0.25070348056033254,200.0,0.0005350076244212687,0.10700152488425374,0.5832916458229115,0.07864855229854584,0.04587504351180813,0.0,0.0,0.0
1168,0.5689458847045898,0.0,0.0002269343240186572,0.0,20.0,0.0017771425191313028,0.03554285038262606,20.0,6.495074921986088e-05,0.0012990149843972176,10.0,0.011452673934400082,0.11452673934400082,25.0,3.4205953852506354e-05,0.0008551488463126589,8.75687843921961,0.001387182273901999,0.012147386545600047,0.0,0.2943982183933258,0.0,500.0,0.0005032434710301459,0.25162173551507294,200.0,0.0005352096632122993,0.10704193264245987,0.583791895947974,0.07864288985729218,0.04591108177261629,0.0,0.0,0.0
1169,0.5694676637649536,0.0,0.00022665163851343095,0.0,20.0,0.001773947267793119,0.03547894535586238,20.0,6.638983904849738e-05,0.0013277967809699476,10.0,0.011456895619630814,0.11456895619630814,25.0,3.516712604323402e-05,0.0008791781510808505,8.764382191095548,0.0013794787228107452,0.012090278751197727,0.0,0.2944580912590027,0.0,500.0,0.0005043119890615344,0.2521559945307672,200.0,0.0005351363215595484,0.10702726431190968,0.5842921460730365,0.07862364500761032,0.04593917827358122,0.0,0.0,0.0
1170,0.5685675144195557,0.0,0.0002270776021759957,0.0,20.0,0.001774888951331377,0.03549777902662754,20.0,6.734025373589247e-05,0.0013468050747178495,10.0,0.011459046974778175,0.11459046974778175,25.0,3.557065429049544e-05,0.000889266357262386,8.771885942971485,0.0012642604997381568,0.011089948905907242,0.0,0.29447638988494873,0.0,500.0,0.0005043785204179585,0.25218926020897925,200.0,0.0005349575658328831,0.10699151316657662,0.5847923961980991,0.07861331850290298,0.045972470900396994,0.0,0.0,0.0
1171,0.568122386932373,0.0,0.0002275165170431137,0.0,20.0,0.0017809005221351981,0.03561801044270396,20.0,6.694051990052685e-05,0.001338810398010537,10.0,0.011455058120191097,0.11455058120191097,25.0,3.44335894624237e-05,0.0008608397365605924,8.779389694847424,0.0012512505054473877,0.010985215793197426,0.0,0.2944432497024536,0.0,500.0,0.0005035769427195191,0.25178847135975957,200.0,0.0005348400445654988,0.10696800891309977,0.5852926463231616,0.07861445099115372,0.046012460059854855,0.0,0.0,0.0
1172,0.569815993309021,0.0,0.00022767134942114353,0.0,20.0,0.0017892452888190746,0.03578490577638149,20.0,6.582061178050935e-05,0.001316412235610187,10.0,0.011447176337242126,0.11447176337242126,25.0,3.2498523069079965e-05,0.0008124630767269991,8.786893446723361,0.0014492218615487218,0.012734158078090694,0.0,0.2944089472293854,0.0,500.0,0.0005033638444729149,0.25168192223645747,200.0,0.0005348605336621404,0.10697210673242807,0.5857928964482241,0.07859815657138824,0.04604224179344454,0.0,0.0,0.0
1173,0.5672217011451721,0.0,0.0002289704862050712,0.0,20.0,0.0017922039842233062,0.035844079684466124,20.0,6.627847324125469e-05,0.0013255694648250937,10.0,0.011442801915109158,0.11442801915109158,25.0,3.362786810612306e-05,0.0008406967026530765,8.794397198599299,0.001255012582987547,0.011037079144032553,0.0,0.2945779263973236,0.0,500.0,0.000501426518894732,0.250713259447366,200.0,0.0005348740378394723,0.10697480756789446,0.5862931465732867,0.07855824381113052,0.04605815995329914,0.0,0.0,0.0
1174,0.5681580305099487,0.0,0.00022905939840711653,0.0,20.0,0.0017960274126380682,0.035920548252761364,20.0,6.785824371036142e-05,0.0013571648742072284,10.0,0.011443819850683212,0.11443819850683212,25.0,3.431815275689587e-05,0.0008579538189223967,8.801900950475238,0.0013339156284928322,0.011740993238284834,0.0,0.2946532368659973,0.0,500.0,0.000501616857945919,0.2508084289729595,200.0,0.0005347579135559499,0.10695158271118999,0.5867933966983492,0.07853388041257858,0.04608316244319894,0.0,0.0,0.0
1175,0.5703065395355225,0.0,0.00022827294014859945,0.0,20.0,0.0017955045914277434,0.03591009182855487,20.0,6.923988985363394e-05,0.0013847977970726788,10.0,0.01144371461123228,0.11443714611232281,25.0,3.5363635106477886e-05,0.0008840908776619472,8.809404702351175,0.0014708853559568524,0.012957624371385777,0.0,0.2946484386920929,0.0,500.0,0.0005034133209846914,0.2517066604923457,200.0,0.000534531194716692,0.1069062389433384,0.5872936468234117,0.07852964103221893,0.04611995926554528,0.0,0.0,0.0
1176,0.566879391670227,0.0,0.00022898118186276406,0.0,20.0,0.001785034779459238,0.03570069558918476,20.0,6.836441752966493e-05,0.0013672883505932987,10.0,0.011439756490290165,0.11439756490290165,25.0,3.79477278329432e-05,0.00094869319582358,8.816908454227114,0.0012173592112958431,0.01073334472190557,0.0,0.29456526041030884,0.0,500.0,0.000501236179843545,0.2506180899217725,200.0,0.0005347809637896717,0.10695619275793433,0.5877938969484743,0.07852663844823837,0.04615747882775392,0.0,0.0,0.0
1177,0.5677177309989929,0.0,0.00022912293206900358,0.0,20.0,0.0017741334158927202,0.035482668317854404,20.0,6.674946052953601e-05,0.0013349892105907202,10.0,0.011439410038292408,0.11439410038292408,25.0,3.902060416294262e-05,0.0009755151040735655,8.824412206103052,0.0013432276900857687,0.011853194823968464,0.0,0.29453811049461365,0.0,500.0,0.0005008563748560846,0.2504281874280423,200.0,0.0005352406296879053,0.10704812593758106,0.5882941470735368,0.07853370904922485,0.046200921381635035,0.0,0.0,0.0
1178,0.5691165328025818,0.0,0.00022795365657657385,0.0,20.0,0.0017729675164446235,0.03545935032889247,20.0,6.583723006770015e-05,0.001316744601354003,10.0,0.011445052921772003,0.11445052921772003,25.0,3.691244273795746e-05,0.0009228110684489366,8.831915957978989,0.0014316027518361807,0.012643795189428599,0.0,0.29431790113449097,0.0,500.0,0.0005020461976528168,0.2510230988264084,200.0,0.000535284576471895,0.107056915294379,0.5887943971985993,0.07853883504867554,0.046243226039165135,0.0,0.0,0.0
1179,0.5713155269622803,0.0,0.00022649623861070722,0.0,20.0,0.001779096550308168,0.03558193100616336,20.0,6.588468386325985e-05,0.001317693677265197,10.0,0.011453961953520775,0.11453961953520775,25.0,3.3373202313669026e-05,0.0008343300578417256,8.839419709854928,0.0014106116723269224,0.012468988619318019,0.0,0.294236421585083,0.0,500.0,0.00050633295904845,0.253166479524225,200.0,0.0005356414476409554,0.10712828952819109,0.5892946473236619,0.07853154838085175,0.04627822110687512,0.0,0.0,0.0
1180,0.569430947303772,0.0,0.00022736910614185035,0.0,20.0,0.0017798964399844408,0.035597928799688816,20.0,6.642233347520232e-05,0.0013284466695040464,10.0,0.011463054455816746,0.11463054455816746,25.0,3.3131193049484864e-05,0.0008282798262371216,8.846923461730865,0.0012135913129895926,0.010736549459840393,0.0,0.2943074703216553,0.0,500.0,0.0005059122340753675,0.2529561170376837,200.0,0.0005352796870283782,0.10705593740567565,0.5897948974487244,0.0784970074892044,0.046297134482127064,0.0,0.0,0.0
1181,0.5696521401405334,0.0,0.00022831736714579165,0.0,20.0,0.0017828469863161445,0.03565693972632289,20.0,6.670802395092323e-05,0.0013341604790184647,10.0,0.011464263312518597,0.11464263312518597,25.0,3.3029693440767005e-05,0.0008257423360191751,8.854427213606803,0.001305015292018652,0.01155516291582298,0.0,0.2943473160266876,0.0,500.0,0.000504752213601023,0.2523761068005115,200.0,0.0005347715341486037,0.10695430682972074,0.5902951475737869,0.07844723761081696,0.04630702370223312,0.0,0.0,0.0
1182,0.5700281262397766,0.0,0.0002290862612426281,0.0,20.0,0.001785889035090804,0.03571778070181608,20.0,6.706685962853953e-05,0.0013413371925707906,10.0,0.011461658403277397,0.11461658403277397,25.0,3.3101634471677244e-05,0.0008275408617919311,8.861930965482742,0.0014054219936951995,0.012454752685497979,0.0,0.2943781912326813,0.0,500.0,0.000503658433444798,0.251829216722399,200.0,0.000534608552698046,0.1069217105396092,0.5907953976988495,0.07840137183666229,0.046319169654376276,0.0,0.0,0.0
1183,0.569139838218689,0.0,0.00022884030477143824,0.0,20.0,0.0017864740220829844,0.03572948044165969,20.0,6.672919698758051e-05,0.0013345839397516102,10.0,0.011453921906650066,0.11453921906650066,25.0,3.288813240942545e-05,0.0008222033102356363,8.86943471735868,0.0013345411280170083,0.011836625412577066,0.0,0.29441097378730774,0.0,500.0,0.0005031377077102661,0.25156885385513306,200.0,0.0005348151316866279,0.10696302633732557,0.591295647823912,0.07838010042905807,0.046345812259703176,0.0,0.0,0.0
1184,0.5699359774589539,0.0,0.00022791395895183086,0.0,20.0,0.0017871883464977145,0.03574376692995429,20.0,6.56944393995218e-05,0.001313888787990436,10.0,0.011442533694207668,0.11442533694207668,25.0,3.212409865227528e-05,0.000803102466306882,8.876938469234616,0.0014112706994637847,0.012527763162573716,0.0,0.2943849265575409,0.0,500.0,0.0005034594796597958,0.2517297398298979,200.0,0.0005350637948140502,0.10701275896281004,0.5917958979489745,0.07837096601724625,0.046379616207304804,0.0,0.0,0.0
1185,0.5697382092475891,0.0,0.00022759953571949154,0.0,20.0,0.001785726984962821,0.03571453969925642,20.0,6.518856389448047e-05,0.0013037712778896093,10.0,0.011431972496211529,0.11431972496211529,25.0,3.250711961300112e-05,0.0008126779903250281,8.884442221110556,0.0014036402571946383,0.012470560764270524,0.0,0.29438531398773193,0.0,500.0,0.0005032893386669457,0.25164466933347285,200.0,0.0005352580919861794,0.10705161839723587,0.592296148074037,0.07837405055761337,0.04642064825423423,0.0,0.0,0.0
1186,0.5675956606864929,0.0,0.0002287363458890468,0.0,20.0,0.0017778968904167414,0.03555793780833483,20.0,6.606644456041977e-05,0.0013213288912083954,10.0,0.011428249068558216,0.11428249068558216,25.0,3.6029017792316154e-05,0.0009007254448079038,8.891945972986493,0.0012691313168033957,0.011285047101641,0.0,0.29449087381362915,0.0,500.0,0.0005013862974010408,0.2506931487005204,200.0,0.0005354737513698637,0.10709475027397275,0.5927963981990996,0.07837461680173874,0.046460190550305355,0.0,0.0,0.0
1187,0.5677099823951721,0.0,0.000228091113967821,0.0,20.0,0.00177964277099818,0.0355928554199636,20.0,6.746180588379502e-05,0.0013492361176759005,10.0,0.011431100778281689,0.11431100778281689,25.0,3.615047171479091e-05,0.0009037617928697728,8.899449724862432,0.0012018023990094662,0.010695380029203805,0.0,0.2944951057434082,0.0,500.0,0.0005027113948017359,0.25135569740086794,200.0,0.0005350238061510026,0.10700476123020053,0.5932966483241621,0.07837104052305222,0.04649727566800396,0.0,0.0,0.0
1188,0.5730854272842407,0.0,0.00022678595269098878,0.0,20.0,0.001782657578587532,0.03565315157175064,20.0,6.769933679606766e-05,0.001353986735921353,10.0,0.011431294493377209,0.11431294493377209,25.0,3.4764481824822724e-05,0.0008691120456205681,8.90695347673837,0.0016266002785414457,0.01448805300621833,0.0,0.29448577761650085,0.0,500.0,0.0005058033857494593,0.25290169287472963,200.0,0.000534876890014857,0.10697537800297141,0.5937968984492246,0.07836198806762695,0.04653110547087203,0.0,0.0,0.0
1189,0.5697514414787292,0.0,0.00022765166067983955,0.0,20.0,0.0017790873534977436,0.03558174706995487,20.0,6.7495959228836e-05,0.00134991918457672,10.0,0.011432016268372536,0.11432016268372536,25.0,3.609031409723684e-05,0.000902257852430921,8.914457228614307,0.001373698702082038,0.012245778324713314,0.0,0.29449462890625,0.0,500.0,0.000503667164593935,0.2518335822969675,200.0,0.0005347776459529996,0.10695552919059992,0.5942971485742872,0.07834881544113159,0.04656247761083759,0.0,0.0,0.0
1190,0.5678240060806274,0.0,0.00022895900474395603,0.0,20.0,0.001773705123923719,0.03547410247847438,20.0,6.575809675268829e-05,0.0013151619350537658,10.0,0.011429857462644577,0.11429857462644577,25.0,3.698826185427606e-05,0.0009247065463569015,8.921960980490246,0.0012978618033230305,0.011579472367316783,0.0,0.29443424940109253,0.0,500.0,0.0005013144109398127,0.25065720546990633,200.0,0.000534930732101202,0.1069861464202404,0.5947973986993497,0.0783269852399826,0.04658868706870401,0.0,0.0,0.0
1191,0.5681624412536621,0.0,0.00022887277009431273,0.0,20.0,0.0017762458883225918,0.035524917766451836,20.0,6.586007657460868e-05,0.0013172015314921737,10.0,0.011437229812145233,0.11437229812145233,25.0,3.5513683542376384e-05,0.0008878420885594096,8.929464732366183,0.0012852766085416079,0.011476832147307504,0.0,0.29440033435821533,0.0,500.0,0.0005019536474719644,0.2509768237359822,200.0,0.0005349143757484853,0.10698287514969707,0.5952976488244122,0.07831993699073792,0.04662367434666239,0.0,0.0,0.0
1192,0.5699694156646729,0.0,0.0002283746434841305,0.0,20.0,0.0017792307771742344,0.03558461554348469,20.0,6.707757711410522e-05,0.0013415515422821045,10.0,0.011446516029536724,0.11446516029536724,25.0,3.438946805545129e-05,0.0008597367013862822,8.93696848424212,0.0013663487043231726,0.012211015309021248,0.0,0.29437485337257385,0.0,500.0,0.0005037817172706127,0.25189085863530636,200.0,0.0005348066333681345,0.1069613266736269,0.5957978989494748,0.07830705493688583,0.046655178804317674,0.0,0.0,0.0
1193,0.5703593492507935,0.0,0.00022787679336033762,0.0,20.0,0.0017825087998062372,0.035650175996124744,20.0,6.696121272398159e-05,0.0013392242544796318,10.0,0.011450031772255898,0.11450031772255898,25.0,3.2400752388639376e-05,0.0008100188097159844,8.94447223611806,0.0012981676263734698,0.011611424291924783,0.0,0.29431939125061035,0.0,500.0,0.0005056092049926519,0.25280460249632597,200.0,0.0005348672857508063,0.10697345715016127,0.5962981490745373,0.07826639711856842,0.046670107736535044,0.0,0.0,0.0
1194,0.5692905783653259,0.0,0.00022896475275047123,0.0,20.0,0.001779750338755548,0.03559500677511096,20.0,6.681535887764767e-05,0.0013363071775529534,10.0,0.011452753096818924,0.11452753096818924,25.0,3.277213909314014e-05,0.0008193034773285035,8.951975987993997,0.0012738148216158152,0.011403159696255634,0.0,0.2943084239959717,0.0,500.0,0.0005038967938162386,0.2519483969081193,200.0,0.0005348190315999091,0.10696380631998181,0.5967983991995998,0.07824598997831345,0.04669708156284539,0.0,0.0,0.0
1195,0.5708479285240173,0.0,0.0002295225131092593,0.0,20.0,0.001777509693056345,0.0355501938611269,20.0,6.613282312173396e-05,0.0013226564624346793,10.0,0.01145165041089058,0.11451650410890579,25.0,3.276754432590678e-05,0.0008191886081476696,8.959479739869934,0.0014951720368117094,0.013395963571434574,0.0,0.2943231463432312,0.0,500.0,0.0005029883468523622,0.2514941734261811,200.0,0.000535133178345859,0.10702663566917181,0.5972986493246624,0.07822321355342865,0.046722619801297556,0.0,0.0,0.0
1196,0.569678008556366,0.0,0.00022900878684595227,0.0,20.0,0.0017760868649929762,0.035521737299859524,20.0,6.605951057281345e-05,0.001321190211456269,10.0,0.011449928395450115,0.11449928395450115,25.0,3.271150490036234e-05,0.0008177876225090586,8.966983491745873,0.001347938785329461,0.012086944835933262,0.0,0.2943212389945984,0.0,500.0,0.0005032587796449661,0.25162938982248306,200.0,0.0005351543659344316,0.10703087318688631,0.5977988994497249,0.07823838293552399,0.04677081921358237,0.0,0.0,0.0
1197,0.5703641772270203,0.0,0.0002279433247167617,0.0,20.0,0.0017764134099707007,0.035528268199414015,20.0,6.613436562474817e-05,0.0013226873124949634,10.0,0.011447032913565636,0.11447032913565636,25.0,3.2282267056871206e-05,0.0008070566764217801,8.97448724362181,0.001346267876215279,0.012082063881591849,0.0,0.294353723526001,0.0,500.0,0.0005046619335189462,0.2523309667594731,200.0,0.0005350527353584766,0.10701054707169533,0.5982991495747874,0.0782422199845314,0.046812253677588574,0.0,0.0,0.0
1198,0.5702489614486694,0.0,0.0002281307679368183,0.0,20.0,0.0017760260961949825,0.03552052192389965,20.0,6.570341065526009e-05,0.0013140682131052017,10.0,0.01144259050488472,0.1144259050488472,25.0,3.2767704396974295e-05,0.0008191926099243574,8.98199099549775,0.0013792231911793351,0.01238817028395446,0.0,0.2943616509437561,0.0,500.0,0.0005038498202338815,0.25192491011694074,200.0,0.0005350698484107852,0.10701396968215704,0.59879939969985,0.07822686433792114,0.04684219940594878,0.0,0.0,0.0
1199,0.568342924118042,0.0,0.0002288247924298048,0.0,20.0,0.0017761231865733862,0.035522463731467724,20.0,6.546257645823061e-05,0.0013092515291646123,10.0,0.011438519693911076,0.11438519693911076,25.0,3.3598989830352366e-05,0.0008399747457588091,8.989494747373687,0.0012285358970984817,0.011043916993926822,0.0,0.2943935692310333,0.0,500.0,0.0005026940489187837,0.25134702445939183,200.0,0.0005350335268303752,0.10700670536607504,0.5992996498249125,0.07823852449655533,0.04688832033360344,0.0,0.0,0.0
1200,0.5682198405265808,0.0,0.0002291939890710637,0.0,20.0,0.0017777318134903908,0.035554636269807816,20.0,6.638299237238243e-05,0.0013276598474476486,10.0,0.011438519693911076,0.11438519693911076,25.0,3.4292152122361585e-05,0.0008573038030590396,8.996998499249624,0.001209451351314783,0.010881431992694533,0.0,0.29446351528167725,0.0,500.0,0.0005026389844715595,0.25131949223577976,200.0,0.0005348690319806337,0.10697380639612675,0.599799899949975,0.07822655141353607,0.04692027771127051,0.0,0.0,0.0
1201,0.5714467167854309,0.0,0.000228922872338444,0.0,20.0,0.0017802256625145674,0.03560451325029135,20.0,6.71103480271995e-05,0.0013422069605439901,10.0,0.011439071968197823,0.11439071968197823,25.0,3.397362888790667e-05,0.0008493407221976668,9.004502251125563,0.0014979720581322908,0.013488492769575406,0.0,0.29449301958084106,0.0,500.0,0.0005037111113779247,0.25185555568896234,200.0,0.0005347789265215397,0.10695578530430794,0.6003001500750376,0.0782277062535286,0.04696010380401917,0.0,0.0,0.0
1202,0.5671417117118835,0.0,0.0002295610320288688,0.0,20.0,0.001773827476426959,0.03547654952853918,20.0,6.58127901260741e-05,0.0013162558025214821,10.0,0.01143561489880085,0.1143561489880085,25.0,3.484850822133012e-05,0.000871212705533253,9.0120060030015,0.001108938711695373,0.009993762326759453,0.0,0.2943897545337677,0.0,500.0,0.0005022842669859529,0.2511421334929764,200.0,0.0005349289276637137,0.10698578553274274,0.6008004002001001,0.07822880893945694,0.0469998997180029,0.0,0.0,0.0
1203,0.5678344964981079,0.0,0.00022941101633477956,0.0,20.0,0.0017744008218869567,0.035488016437739134,20.0,6.595350714633241e-05,0.0013190701429266483,10.0,0.011439641937613487,0.11439641937613487,25.0,3.4057247830787674e-05,0.0008514311957696918,9.019509754877438,0.001151079311966896,0.010382171082923029,0.0,0.29435408115386963,0.0,500.0,0.0005027400329709053,0.25137001648545265,200.0,0.0005349768325686455,0.1069953665137291,0.6013006503251626,0.07821710407733917,0.04703199554825497,0.0,0.0,0.0
1204,0.5717286467552185,0.0,0.00022876285947859287,0.0,20.0,0.0017778448527678847,0.035556897055357695,20.0,6.702977407258004e-05,0.0013405954814516008,10.0,0.01144712045788765,0.1144712045788765,25.0,3.275606650277041e-05,0.0008189016625692602,9.027013506753377,0.0014513018541038036,0.013100921439371254,0.0,0.29431256651878357,0.0,500.0,0.000504786497913301,0.2523932489566505,200.0,0.0005349458078853786,0.10698916157707572,0.6018009004502252,0.07819491624832153,0.04705777100886984,0.0,0.0,0.0
1205,0.5706998109817505,0.0,0.00023009098367765546,0.0,20.0,0.0017741515766829252,0.035483031533658504,20.0,6.740610115230083e-05,0.0013481220230460167,10.0,0.011453715153038502,0.11453715153038502,25.0,3.398149783606641e-05,0.0008495374459016602,9.034517258629315,0.001421674620360136,0.012844143893798928,0.0,0.29429468512535095,0.0,500.0,0.0005031691398471594,0.2515845699235797,200.0,0.0005348366685211658,0.10696733370423317,0.6023011505752877,0.07817669212818146,0.04708591161697372,0.0,0.0,0.0
1206,0.5713062286376953,0.0,0.00023027518182061613,0.0,20.0,0.001772443763911724,0.03544887527823448,20.0,6.806963210692629e-05,0.0013613926421385258,10.0,0.011457961983978748,0.11457961983978748,25.0,3.4577184123918414e-05,0.0008644296030979604,9.042021010505252,0.0014745966764166951,0.01333333413018097,0.0,0.29429709911346436,0.0,500.0,0.0005032922490499914,0.2516461245249957,200.0,0.0005348284030333161,0.10696568060666323,0.6028014007003502,0.07814650237560272,0.047106821091846565,0.0,0.0,0.0
1207,0.5703635215759277,0.0,0.00022947989054955542,0.0,20.0,0.001772768096998334,0.03545536193996668,20.0,6.830370693933219e-05,0.0013660741387866437,10.0,0.011458002030849457,0.11458002030849457,25.0,3.435190592426807e-05,0.0008587976481067017,9.049524762381191,0.0013144419062882662,0.011895074579667202,0.0,0.29429885745048523,0.0,500.0,0.0005041895783506334,0.2520947891753167,200.0,0.0005348556442186236,0.10697112884372473,0.6033016508254128,0.07814045995473862,0.04714226848695086,0.0,0.0,0.0
1208,0.5719993114471436,0.0,0.0002285056543769315,0.0,20.0,0.0017754578730091453,0.035509157460182905,20.0,6.834455416537821e-05,0.0013668910833075643,10.0,0.011456193402409554,0.11456193402409554,25.0,3.3665663067949936e-05,0.0008416415766987484,9.057028514257128,0.0013871703995391726,0.012563641862759739,0.0,0.29428985714912415,0.0,500.0,0.0005059982067905366,0.2529991033952683,200.0,0.0005349461571313441,0.10698923142626882,0.6038019009504753,0.07811775803565979,0.04716765079992064,0.0,0.0,0.0
1209,0.5698735117912292,0.0,0.00022974515741225332,0.0,20.0,0.0017725027864798903,0.03545005572959781,20.0,6.785537698306143e-05,0.0013571075396612287,10.0,0.011453739367425442,0.11453739367425442,25.0,3.5500012018019333e-05,0.0008875003004504833,9.064532266133067,0.0013208255404606462,0.011972665729438175,0.0,0.2943315804004669,0.0,500.0,0.0005029485328122973,0.25147426640614867,200.0,0.0005350459250621498,0.10700918501242995,0.6043021510755378,0.07808239758014679,0.04718536081881807,0.0,0.0,0.0
1210,0.5690374970436096,0.0,0.00023039280495140702,0.0,20.0,0.0017718221060931683,0.035436442121863365,20.0,6.794305227231234e-05,0.0013588610454462469,10.0,0.011452059261500835,0.11452059261500835,25.0,3.681563975987956e-05,0.000920390993996989,9.072036018009005,0.0012854381930083036,0.011661541585895741,0.0,0.29435452818870544,0.0,500.0,0.0005017956718802452,0.2508978359401226,200.0,0.0005351404543034732,0.10702809086069465,0.6048024012006002,0.07806483656167984,0.04721380060183638,0.0,0.0,0.0
1211,0.5698311924934387,0.0,0.00023036065977066755,0.0,20.0,0.0017743725329637527,0.035487450659275055,20.0,6.904530891915783e-05,0.0013809061783831567,10.0,0.011455193161964417,0.11455193161964417,25.0,3.71733694919385e-05,0.0009293342372984625,9.079539769884942,0.0013304443564265966,0.012079822445794261,0.0,0.29440218210220337,0.0,500.0,0.0005023271078243852,0.2511635539121926,200.0,0.0005349420243874192,0.10698840487748384,0.6053026513256629,0.07805976271629333,0.04724978133402448,0.0,0.0,0.0
1212,0.571465790271759,0.0,0.00022993306629359722,0.0,20.0,0.001774979173205793,0.03549958346411586,20.0,6.87597130308859e-05,0.001375194260617718,10.0,0.011455848813056946,0.11455848813056946,25.0,3.665751137305051e-05,0.0009164377843262628,9.087043521760881,0.0014630507212132215,0.01329480557820819,0.0,0.2943841218948364,0.0,500.0,0.00050310482038185,0.251552410190925,200.0,0.0005349086131900549,0.10698172263801098,0.6058029014507254,0.07805701345205307,0.04728716522783205,0.0,0.0,0.0
1213,0.5711698532104492,0.0,0.00022959421039558947,0.0,20.0,0.001772379851900041,0.03544759703800082,20.0,6.687974382657558e-05,0.0013375948765315115,10.0,0.011450430378317833,0.11450430378317833,25.0,3.5955901694251224e-05,0.0008988975423562806,9.094547273636818,0.0014481598045676947,0.013170357802421555,0.0,0.2943344712257385,0.0,500.0,0.0005028526647947729,0.25142633239738643,200.0,0.0005352249718271196,0.10704499436542392,0.6063031515757878,0.07807941734790802,0.04733979681123787,0.0,0.0,0.0
1214,0.5691587328910828,0.0,0.00023110304027795792,0.0,20.0,0.0017649363726377487,0.035298727452754974,20.0,6.621060310862958e-05,0.0013242120621725917,10.0,0.011451095342636108,0.11451095342636108,25.0,3.810033740592189e-05,0.0009525084351480473,9.102051025512756,0.0012928368523716927,0.011767466997950449,0.0,0.29440781474113464,0.0,500.0,0.0005016332725062966,0.2508166362531483,200.0,0.000535489758476615,0.10709795169532299,0.6068034017008505,0.07809820771217346,0.04739025810648645,0.0,0.0,0.0
1215,0.5706326961517334,0.0,0.00023093726485967636,0.0,20.0,0.0017661938909441233,0.035323877818882465,20.0,6.743414996890351e-05,0.0013486829993780702,10.0,0.011459742672741413,0.11459742672741413,25.0,3.764632128877565e-05,0.0009411580322193913,9.109554777388695,0.0013909402769058943,0.012670846644550444,0.0,0.29443973302841187,0.0,500.0,0.0005026033613830805,0.25130168069154024,200.0,0.0005350462161004543,0.10700924322009087,0.607303651825913,0.07811542600393295,0.04743978347612537,0.0,0.0,0.0
1216,0.5722126364707947,0.0,0.00022926107340026647,0.0,20.0,0.00176912359893322,0.0353824719786644,20.0,6.816328095737845e-05,0.001363265619147569,10.0,0.011467715725302696,0.11467715725302696,25.0,3.522334372974001e-05,0.0008805835932435002,9.117058529264632,0.001375017105601728,0.012536111430511001,0.0,0.29432982206344604,0.0,500.0,0.0005056977970525622,0.2528488985262811,200.0,0.0005352355656214058,0.10704711312428117,0.6078039019509754,0.07811249047517776,0.04747707650192145,0.0,0.0,0.0
1217,0.5728694200515747,0.0,0.00022904587967786938,0.0,20.0,0.0017683643382042646,0.03536728676408529,20.0,6.763784040231258e-05,0.0013527568080462515,10.0,0.011466152034699917,0.11466152034699917,25.0,3.48585017491132e-05,0.00087146254372783,9.12456228114057,0.0014592548832297325,0.013315062066088203,0.0,0.2943117320537567,0.0,500.0,0.0005054391222074628,0.2527195611037314,200.0,0.000535341096110642,0.10706821922212839,0.608304152076038,0.07810824364423752,0.04751356892015649,0.0,0.0,0.0
1218,0.570500910282135,0.0,0.00023029596195556223,0.0,20.0,0.0017656179843470454,0.03531235968694091,20.0,6.61760350340046e-05,0.001323520700680092,10.0,0.011460564099252224,0.11460564099252224,25.0,3.569993714336306e-05,0.0008924984285840765,9.132066033016509,0.0013753026723861694,0.012559354819614569,0.0,0.2943230867385864,0.0,500.0,0.0005024776910431683,0.25123884552158415,200.0,0.0005352022708393633,0.10704045416787267,0.6088044022011005,0.07806811481714249,0.047528211972217314,0.0,0.0,0.0
1219,0.5705442428588867,0.0,0.0002305421221535653,0.0,20.0,0.001767471432685852,0.03534942865371704,20.0,6.597537867492065e-05,0.001319507573498413,10.0,0.01145832147449255,0.1145832147449255,25.0,3.556298543117009e-05,0.0008890746357792523,9.139569784892446,0.0014018473448231816,0.012812281635777653,0.0,0.2942858040332794,0.0,500.0,0.0005020340904593468,0.2510170452296734,200.0,0.0005351912695914507,0.10703825391829014,0.609304652326163,0.07801589369773865,0.04753544698541554,0.0,0.0,0.0
1220,0.5704731941223145,0.0,0.00022989328135736287,0.0,20.0,0.001774870790541172,0.03549741581082344,20.0,6.742044206475839e-05,0.0013484088412951678,10.0,0.011462218128144741,0.11462218128144741,25.0,3.4468343073967844e-05,0.0008617085768491961,9.147073536768383,0.0013158060610294342,0.012035774800361781,0.0,0.29428380727767944,0.0,500.0,0.0005031565669924021,0.25157828349620104,200.0,0.0005349624552763999,0.10699249105527997,0.6098049024512256,0.07795439660549164,0.04753697321765599,0.0,0.0,0.0
1221,0.574185311794281,0.0,0.00022898343740962446,0.0,20.0,0.0017815269529819489,0.03563053905963898,20.0,6.862745067337528e-05,0.0013725490134675056,10.0,0.01146564818918705,0.1146564818918705,25.0,3.307125734863803e-05,0.0008267814337159507,9.154577288644322,0.0015430290950462222,0.014125779109227547,0.0,0.2944629490375519,0.0,500.0,0.0005061152041889727,0.25305760209448636,200.0,0.0005348615814000368,0.10697231628000736,0.6103051525762881,0.07790086418390274,0.047543298801581466,0.0,0.0,0.0
1222,0.5709859132766724,0.0,0.00022995930339675397,0.0,20.0,0.0017799667548388243,0.035599335096776485,20.0,6.875827966723591e-05,0.0013751655933447182,10.0,0.011468859389424324,0.11468859389424324,25.0,3.383890725672245e-05,0.0008459726814180613,9.16208104052026,0.0013049901463091373,0.011956425477564706,0.0,0.29460880160331726,0.0,500.0,0.0005039477837271988,0.2519738918635994,200.0,0.000534911872819066,0.10698237456381321,0.6108054027013506,0.0778711810708046,0.047564138112782595,0.0,0.0,0.0
1223,0.5718570947647095,0.0,0.00023114503710530698,0.0,20.0,0.001775580458343029,0.03551160916686058,20.0,6.696271884720773e-05,0.0013392543769441545,10.0,0.011466804891824722,0.11466804891824722,25.0,3.409167402423918e-05,0.0008522918506059796,9.169584792396199,0.0015256062615662813,0.013989175975242591,0.0,0.29452717304229736,0.0,500.0,0.0005016112118028104,0.2508056059014052,200.0,0.0005354960449039936,0.10709920898079872,0.6113056528264132,0.07785292714834213,0.04759193445486448,0.0,0.0,0.0
1224,0.5717825889587402,0.0,0.00023071524628903717,0.0,20.0,0.0017733315471559763,0.035466630943119526,20.0,6.634806049987674e-05,0.0013269612099975348,10.0,0.011468727141618729,0.11468727141618729,25.0,3.343044954817742e-05,0.0008357612387044355,9.177088544272136,0.0014969678595662117,0.01373780659516866,0.0,0.29436400532722473,0.0,500.0,0.0005020234966650605,0.25101174833253026,200.0,0.0005354297463782132,0.10708594927564263,0.6118059029514757,0.07785223424434662,0.047630456468652285,0.0,0.0,0.0
1225,0.5717738270759583,0.0,0.00022910081315785646,0.0,20.0,0.001771100563928485,0.0354220112785697,20.0,6.686353299301118e-05,0.0013372706598602235,10.0,0.01147236954420805,0.1147236954420805,25.0,3.293607369414531e-05,0.0008234018423536327,9.184592296148073,0.0013791664969176054,0.012667081982694964,0.0,0.2942885458469391,0.0,500.0,0.0005041994154453278,0.2520997077226639,200.0,0.0005351291038095951,0.10702582076191902,0.6123061530765382,0.07786113023757935,0.04767484912996354,0.0,0.0,0.0
1226,0.5744602680206299,0.0,0.00022792055096942931,0.0,20.0,0.0017698894953355193,0.035397789906710386,20.0,6.800580013077706e-05,0.0013601160026155412,10.0,0.011473840102553368,0.11473840102553368,25.0,3.323133205412887e-05,0.0008307833013532218,9.192096048024013,0.0015035648830235004,0.013820912819188005,0.0,0.29432788491249084,0.0,500.0,0.0005070557817816734,0.2535278908908367,200.0,0.0005353244487196207,0.10706488974392414,0.6128064032016008,0.0778704434633255,0.047719506374474106,0.0,0.0,0.0
1227,0.571649432182312,0.0,0.00022892039851285517,0.0,20.0,0.0017644636100158095,0.03528927220031619,20.0,6.81421224726364e-05,0.001362842449452728,10.0,0.011474025435745716,0.11474025435745716,25.0,3.54832191078458e-05,0.000887080477696145,9.19959979989995,0.0013513999292626977,0.01243233851882992,0.0,0.29437533020973206,0.0,500.0,0.0005042600678279996,0.2521300339139998,200.0,0.00053523073438555,0.10704614687711,0.6133066533266633,0.07787543535232544,0.04776152263229164,0.0,0.0,0.0
1228,0.5698488354682922,0.0,0.00023016033810563385,0.0,20.0,0.001758765778504312,0.03517531557008624,20.0,6.676787597825751e-05,0.0013353575195651501,10.0,0.011465945281088352,0.11465945281088352,25.0,3.761938205570914e-05,0.0009404845513927285,9.207103551775887,0.0012999300379306078,0.011968590469291062,0.0,0.2944035232067108,0.0,500.0,0.0005018219235353172,0.2509109617676586,200.0,0.0005352869047783315,0.1070573809556663,0.6138069034517258,0.07787676155567169,0.04780129386133525,0.0,0.0,0.0
1229,0.5700159072875977,0.0,0.00023015937767922878,0.0,20.0,0.0017623727908357978,0.035247455816715956,20.0,6.61434605717659e-05,0.001322869211435318,10.0,0.011464893817901611,0.11464893817901611,25.0,3.643886520876549e-05,0.0009109716302191373,9.214607303651826,0.0013236714294180274,0.012197112421150609,0.0,0.2943468391895294,0.0,500.0,0.0005016033537685871,0.25080167688429356,200.0,0.0005352645530365407,0.10705291060730815,0.6143071535767884,0.0778665617108345,0.04783398588339408,0.0,0.0,0.0
1230,0.572756290435791,0.0,0.00022899570467416197,0.0,20.0,0.0017730215331539512,0.03546043066307902,20.0,6.675036274828017e-05,0.0013350072549656034,10.0,0.011472110636532307,0.11472110636532307,25.0,3.2998359529301524e-05,0.0008249589882325381,9.222111055527764,0.0014369337586686015,0.013251562701878774,0.0,0.29427340626716614,0.0,500.0,0.0005044834106229246,0.2522417053114623,200.0,0.0005352338193915784,0.10704676387831569,0.6148074037018509,0.07786945253610611,0.04787471594140791,0.0,0.0,0.0
1231,0.5714908242225647,0.0,0.00022995601466391236,0.0,20.0,0.0017765653319656849,0.0355313066393137,20.0,6.750517059117556e-05,0.0013501034118235111,10.0,0.011480573564767838,0.11480573564767838,25.0,3.2587588066235185e-05,0.0008146897016558796,9.229614807403701,0.0013009977992624044,0.012007708552471916,0.0,0.2942105233669281,0.0,500.0,0.0005041796248406172,0.2520898124203086,200.0,0.0005349756684154272,0.10699513368308544,0.6153076538269134,0.07784122973680496,0.047896304440355225,0.0,0.0,0.0
1232,0.5710562467575073,0.0,0.00023090949980542064,0.0,20.0,0.001777729718014598,0.03555459436029196,20.0,6.722703255945817e-05,0.0013445406511891633,10.0,0.011485434137284756,0.11485434137284756,25.0,3.2096635550260544e-05,0.0008024158887565136,9.23711855927964,0.0012999636819586158,0.012007918653009425,0.0,0.29434338212013245,0.0,500.0,0.0005031722830608487,0.25158614153042436,200.0,0.0005349839339032769,0.10699678678065538,0.615807903951976,0.0777994692325592,0.04790952807667853,0.0,0.0,0.0
1233,0.5715934634208679,0.0,0.00023107950983103365,0.0,20.0,0.0017771876882761717,0.035543753765523434,20.0,6.705091072944924e-05,0.0013410182145889848,10.0,0.01148760225623846,0.1148760225623846,25.0,3.1666888389736414e-05,0.0007916722097434103,9.244622311155577,0.0013545519905164838,0.012522321553148884,0.0,0.29434454441070557,0.0,500.0,0.0005031460314057767,0.25157301570288837,200.0,0.0005351300351321697,0.10702600702643394,0.6163081540770385,0.07775267958641052,0.047919610430444105,0.0,0.0,0.0
1234,0.5716890096664429,0.0,0.000230041507165879,0.0,20.0,0.0017756754532456398,0.035513509064912796,20.0,6.659225618932396e-05,0.0013318451237864792,10.0,0.011486904695630074,0.11486904695630074,25.0,3.058402216993272e-05,0.0007646005542483181,9.252126063031517,0.0012867932673543692,0.011905573526622842,0.0,0.2941485047340393,0.0,500.0,0.0005045972066000104,0.2522986033000052,200.0,0.0005352678126655519,0.10705356253311038,0.616808404202101,0.07774265855550766,0.047952325162051494,0.0,0.0,0.0
1235,0.5734320282936096,0.0,0.00022909871768206358,0.0,20.0,0.0017742558848112822,0.03548511769622564,20.0,6.648444104939699e-05,0.0013296888209879398,10.0,0.011486709117889404,0.11486709117889404,25.0,2.9997825549799018e-05,0.0007499456387449754,9.259629814907454,0.001380109810270369,0.012779305947025778,0.0,0.29411187767982483,0.0,500.0,0.0005062840646132827,0.25314203230664134,200.0,0.0005353515734896064,0.10707031469792128,0.6173086543271635,0.07777069509029388,0.048008523132277464,0.0,0.0,0.0
1236,0.5720657706260681,0.0,0.0002302164793945849,0.0,20.0,0.0017664808547124267,0.03532961709424853,20.0,6.666887202300131e-05,0.0013333774404600263,10.0,0.011487934738397598,0.11487934738397598,25.0,3.244045365136117e-05,0.0008110113412840292,9.267133566783391,0.0013804337941110134,0.012792664350128324,0.0,0.2942110002040863,0.0,500.0,0.0005035430076532066,0.2517715038266033,200.0,0.0005355090834200382,0.10710181668400764,0.6178089044522261,0.0777691900730133,0.04804649811914529,0.0,0.0,0.0
1237,0.5718789100646973,0.0,0.00023010250879451632,0.0,20.0,0.001763969543389976,0.03527939086779952,20.0,6.70403751428239e-05,0.001340807502856478,10.0,0.011486812494695187,0.11486812494695187,25.0,3.344889046275057e-05,0.0008362222615687642,9.27463731865933,0.0013656348455697298,0.012665767902382587,0.0,0.2942652702331543,0.0,500.0,0.0005034458008594811,0.25172290042974055,200.0,0.0005354492459446192,0.10708984918892384,0.6183091545772886,0.07775375992059708,0.04807586156170985,0.0,0.0,0.0
1238,0.5714782476425171,0.0,0.00022946085664443672,0.0,20.0,0.0017650607042014599,0.0353012140840292,20.0,6.673260941170156e-05,0.0013346521882340312,10.0,0.011481915600597858,0.11481915600597858,25.0,3.331447078380734e-05,0.0008328617695951834,9.282141070535268,0.001299803494475782,0.012064959399698916,0.0,0.29428187012672424,0.0,500.0,0.0005038678646087646,0.2519339323043823,200.0,0.0005353575688786805,0.1070715137757361,0.6188094047023511,0.07776215672492981,0.048119953911324745,0.0,0.0,0.0
1239,0.5731063485145569,0.0,0.00022931532294023782,0.0,20.0,0.0017670493107289076,0.03534098621457815,20.0,6.612993456656113e-05,0.0013225986913312227,10.0,0.01147419586777687,0.11474195867776871,25.0,3.3273874578299e-05,0.000831846864457475,9.289644822411205,0.0014824133832007647,0.013771093809924062,0.0,0.29424452781677246,0.0,500.0,0.0005037131486460567,0.2518565743230283,200.0,0.0005353351589292288,0.10706703178584576,0.6193096548274137,0.07778707146644592,0.04817428437991999,0.0,0.0,0.0
1240,0.5700452923774719,0.0,0.00023073822376318276,0.0,20.0,0.0017635560361668468,0.035271120723336935,20.0,6.569088873220608e-05,0.0013138177746441215,10.0,0.011468959040939808,0.11468959040939808,25.0,3.537536395015195e-05,0.0008843840987537988,9.297148574287144,0.0012590948026627302,0.011705991449468154,0.0,0.29429468512535095,0.0,500.0,0.000501818663906306,0.250909331953153,200.0,0.0005352489533834159,0.10704979067668319,0.6198099049524762,0.07780013233423233,0.04822129262737061,0.0,0.0,0.0
1241,0.5701056718826294,0.0,0.00023079628590494394,0.0,20.0,0.00176935491617769,0.0353870983235538,20.0,6.749442400177941e-05,0.0013498884800355881,10.0,0.011472783982753754,0.11472783982753754,25.0,3.5488537832861766e-05,0.0008872134458215442,9.304652326163081,0.0012189979897812009,0.011342352481205771,0.0,0.29433903098106384,0.0,500.0,0.0005023502744734287,0.25117513723671436,200.0,0.000534907216206193,0.1069814432412386,0.6203101550775387,0.07779128849506378,0.04825472623005457,0.0,0.0,0.0
1242,0.5728855729103088,0.0,0.00023020224762149155,0.0,20.0,0.0017745944205671549,0.0354918884113431,20.0,6.911093805683777e-05,0.0013822187611367553,10.0,0.011476668529212475,0.11476668529212475,25.0,3.4707863960647956e-05,0.0008676965990161989,9.312156078039019,0.0013653011992573738,0.012713897861018515,0.0,0.2944374084472656,0.0,500.0,0.0005047873128205538,0.2523936564102769,200.0,0.0005348529666662216,0.10697059333324432,0.6208104052026013,0.07779977470636368,0.04829890966012873,0.0,0.0,0.0
1243,0.5722987055778503,0.0,0.00023066216090228409,0.0,20.0,0.001770402304828167,0.03540804609656334,20.0,6.881133595015854e-05,0.0013762267190031707,10.0,0.011476840823888779,0.11476840823888779,25.0,3.544001083355397e-05,0.0008860002708388492,9.319659829914958,0.0013617923250421882,0.012691441228382174,0.0,0.2943539619445801,0.0,500.0,0.0005037515657022595,0.25187578285112977,200.0,0.0005347826518118382,0.10695653036236763,0.6213106553276638,0.07779723405838013,0.0483362504754918,0.0,0.0,0.0
1244,0.570761501789093,0.0,0.00023078027879819274,0.0,20.0,0.0017650509253144264,0.03530101850628853,20.0,6.658682104898617e-05,0.0013317364209797233,10.0,0.01147165335714817,0.1147165335714817,25.0,3.507343717501499e-05,0.0008768359293753747,9.327163581790895,0.0012659004423767328,0.011807260504309245,0.0,0.2942299246788025,0.0,500.0,0.0005026194849051535,0.25130974245257676,200.0,0.0005352503503672779,0.10705007007345557,0.6218109054527263,0.07778625190258026,0.048368339727317286,0.0,0.0,0.0
1245,0.5712085366249084,0.0,0.00023055034398566931,0.0,20.0,0.0017626220360398293,0.035252440720796585,20.0,6.531673716381192e-05,0.0013063347432762384,10.0,0.0114700086414814,0.114700086414814,25.0,3.4388111089356244e-05,0.0008597027772339061,9.334667333666834,0.0012871306389570236,0.012014936329633848,0.0,0.29414448142051697,0.0,500.0,0.0005031167529523373,0.25155837647616863,200.0,0.0005356914480216801,0.10713828960433602,0.6223111555777889,0.07773991674184799,0.048378417422140524,0.0,0.0,0.0
1246,0.5732569694519043,0.0,0.00023004921968095005,0.0,20.0,0.001767101464793086,0.03534202929586172,20.0,6.63463506498374e-05,0.001326927012996748,10.0,0.01147703267633915,0.1147703267633915,25.0,3.334365101181902e-05,0.0008335912752954755,9.342171085542772,0.0014021657407283783,0.013099272240171319,0.0,0.29414668679237366,0.0,500.0,0.0005048268940299749,0.25241344701498747,200.0,0.0005353806191124022,0.10707612382248044,0.6228114057028514,0.07770455628633499,0.04839528393020864,0.0,0.0,0.0
1247,0.5719234943389893,0.0,0.00023113410861697048,0.0,20.0,0.0017697091680020094,0.03539418336004019,20.0,6.808975012972951e-05,0.0013617950025945902,10.0,0.011486546136438847,0.11486546136438847,25.0,3.429557182244025e-05,0.0008573892955610063,9.349674837418709,0.001264119753614068,0.01181910865184939,0.0,0.2942560613155365,0.0,500.0,0.0005043819546699524,0.2521909773349762,200.0,0.0005350426072254777,0.10700852144509554,0.6233116558279139,0.07769165933132172,0.048426116821824336,0.0,0.0,0.0
1248,0.5724576115608215,0.0,0.00023196966503746808,0.0,20.0,0.0017740644980221987,0.035481289960443974,20.0,6.901437882333994e-05,0.0013802875764667988,10.0,0.011492222547531128,0.11492222547531128,25.0,3.4573167795315385e-05,0.0008643291948828846,9.357178589294648,0.001307798083871603,0.01223730022952393,0.0,0.2943951189517975,0.0,500.0,0.0005042612319812179,0.25213061599060893,200.0,0.000534946215339005,0.106989243067801,0.6238119059529765,0.07767131924629211,0.04845229369691159,0.0,0.0,0.0
1249,0.571963369846344,0.0,0.00023214862449094653,0.0,20.0,0.0017776591703295708,0.035553183406591415,20.0,6.889770884299651e-05,0.0013779541768599302,10.0,0.011494058184325695,0.11494058184325695,25.0,3.411700890865177e-05,0.0008529252227162942,9.364682341170585,0.0012388897594064474,0.011601809052570633,0.0,0.29441332817077637,0.0,500.0,0.0005043583223596215,0.25217916117981076,200.0,0.000534930091816932,0.10698601836338639,0.624312156078039,0.07764028757810593,0.0484717753364063,0.0,0.0,0.0
1250,0.5736109614372253,0.0,0.00023162888828665018,0.0,20.0,0.001779504818841815,0.0355900963768363,20.0,6.831147766206414e-05,0.0013662295532412827,10.0,0.011493504047393799,0.11493504047393799,25.0,3.3365173294441774e-05,0.0008341293323610444,9.372186093046523,0.0013640185352414846,0.01278383554664793,0.0,0.29433703422546387,0.0,500.0,0.0005052083870396018,0.2526041935198009,200.0,0.0005349675775505602,0.10699351551011205,0.6248124062031015,0.07762960344552994,0.04850393932139414,0.0,0.0,0.0
1251,0.5736122131347656,0.0,0.00023247659555636346,0.0,20.0,0.0017698279116302729,0.03539655823260546,20.0,6.717204814776778e-05,0.0013434409629553556,10.0,0.011492160148918629,0.11492160148918629,25.0,3.562908386811614e-05,0.0008907270967029035,9.379689844922462,0.0014971118653193116,0.014042444959848471,0.0,0.29422569274902344,0.0,500.0,0.0005029022577218711,0.25145112886093557,200.0,0.0005351532017812133,0.10703064035624266,0.6253126563281641,0.07761819660663605,0.048535640699497284,0.0,0.0,0.0
1252,0.5735260248184204,0.0,0.00023195904213935137,0.0,20.0,0.0017625935142859817,0.03525187028571963,20.0,6.645670509897172e-05,0.0013291341019794345,10.0,0.011489995755255222,0.11489995755255222,25.0,3.6740664654644206e-05,0.0009185166163661052,9.387193596798399,0.0014948255848139524,0.014032217158095956,0.0,0.29421478509902954,0.0,500.0,0.0005028895102441311,0.25144475512206554,200.0,0.0005353564047254622,0.10707128094509244,0.6258129064532266,0.07762423157691956,0.048578245974350356,0.0,0.0,0.0
1253,0.571918249130249,0.0,0.00023069060989655554,0.0,20.0,0.0017567165195941925,0.03513433039188385,20.0,6.686153938062489e-05,0.0013372307876124978,10.0,0.011487534269690514,0.11487534269690514,25.0,3.798735633608885e-05,0.0009496839084022213,9.394697348674336,0.0012860565911978483,0.012082112447571581,0.0,0.2942129373550415,0.0,500.0,0.0005036129150539637,0.25180645752698183,200.0,0.0005354784661903977,0.10709569323807955,0.6263131565782891,0.07765669375658035,0.048637408996117355,0.0,0.0,0.0
1254,0.572888195514679,0.0,0.00022946027456782758,0.0,20.0,0.0017566796159371734,0.03513359231874347,20.0,6.682473031105474e-05,0.0013364946062210947,10.0,0.011482267640531063,0.11482267640531063,25.0,3.783559805015102e-05,0.0009458899512537755,9.402201100550275,0.0013153485488146544,0.012367171573272351,0.0,0.29414278268814087,0.0,500.0,0.0005049154860898852,0.2524577430449426,200.0,0.0005357153131626546,0.10714306263253093,0.6268134067033517,0.07766512036323547,0.04868153867690548,0.0,0.0,0.0
1255,0.5720486640930176,0.0,0.0002296905149705708,0.0,20.0,0.0017580396961420774,0.03516079392284155,20.0,6.666879926342517e-05,0.0013333759852685034,10.0,0.01147652417421341,0.1147652417421341,25.0,3.8585483707720414e-05,0.0009646370926930103,9.409704852426213,0.0012844691518694162,0.012086475611137428,0.0,0.2941489815711975,0.0,500.0,0.000503840041346848,0.251920020673424,200.0,0.0005355837056413293,0.10711674112826586,0.6273136568284142,0.07763474434614182,0.04870133537271728,0.0,0.0,0.0
1256,0.5701797604560852,0.0,0.0002309803239768371,0.0,20.0,0.0017641258891671896,0.03528251778334379,20.0,6.765781290596351e-05,0.0013531562581192702,10.0,0.011475560255348682,0.11475560255348682,25.0,3.961362745030783e-05,0.0009903406862576958,9.417208604302152,0.0011663257610052824,0.0109835329919582,0.0,0.29431673884391785,0.0,500.0,0.0005021798424422741,0.25108992122113705,200.0,0.0005350768915377557,0.10701537830755115,0.6278139069534767,0.0775856077671051,0.048709323535626264,0.0,0.0,0.0
1257,0.5714854001998901,0.0,0.00023152006906457245,0.0,20.0,0.0017728175735101104,0.03545635147020221,20.0,6.885750190122053e-05,0.0013771500380244106,10.0,0.01147797703742981,0.1147797703742981,25.0,3.9018617826513946e-05,0.0009754654456628487,9.42471235617809,0.0012763985432684422,0.0120296891221498,0.0,0.2944021224975586,0.0,500.0,0.0005023639532737434,0.2511819766368717,200.0,0.0005348088452592492,0.10696176905184984,0.6283141570785392,0.07754599303007126,0.0487232452455075,0.0,0.0,0.0
1258,0.5735133290290833,0.0,0.00023133514332585037,0.0,20.0,0.0017805829411372542,0.035611658822745085,20.0,6.874672544654459e-05,0.0013749345089308918,10.0,0.011479304172098637,0.11479304172098637,25.0,3.673804894788191e-05,0.0009184512236970477,9.432216108054027,0.0014155645621940494,0.013351910865517158,0.0,0.29451993107795715,0.0,500.0,0.0005035247886553407,0.25176239432767034,200.0,0.0005348073900677264,0.10696147801354527,0.6288144072036018,0.07751015573740005,0.04873950263227207,0.0,0.0,0.0
1259,0.5706303715705872,0.0,0.00023261680325958878,0.0,20.0,0.0017776674358174205,0.03555334871634841,20.0,6.731917528668419e-05,0.0013463835057336837,10.0,0.011480415239930153,0.11480415239930153,25.0,3.6807199649047107e-05,0.0009201799912261777,9.439719859929966,0.00121915596537292,0.011508490778682844,0.0,0.29459476470947266,0.0,500.0,0.0005014240741729736,0.2507120370864868,200.0,0.0005351579748094082,0.10703159496188164,0.6293146573286643,0.07747194916009903,0.04875423313827142,0.0,0.0,0.0
1260,0.571648895740509,0.0,0.00023259740555658937,0.0,20.0,0.0017743738135322928,0.03548747627064586,20.0,6.659242353634909e-05,0.0013318484707269818,10.0,0.011485959403216839,0.11485959403216839,25.0,3.5833927540807053e-05,0.0008958481885201763,9.447223611805903,0.001300431089475751,0.01228546329402179,0.0,0.2944639027118683,0.0,500.0,0.0005018863594159484,0.2509431797079742,200.0,0.0005353046581149101,0.10706093162298203,0.6298149074537268,0.07745859771966934,0.048784579554309,0.0,0.0,0.0
1261,0.5736340880393982,0.0,0.00023101179976947606,0.0,20.0,0.0017708943923935294,0.03541788784787059,20.0,6.610332638956606e-05,0.0013220665277913213,10.0,0.011494315229356289,0.11494315229356289,25.0,3.356277375132777e-05,0.0008390693437831942,9.45472736368184,0.001361573813483119,0.012873309192011479,0.0,0.2942120432853699,0.0,500.0,0.0005047594313509762,0.2523797156754881,200.0,0.0005352167063392699,0.10704334126785398,0.6303151575787894,0.07744628190994263,0.048815565385956834,0.0,0.0,0.0
1262,0.5736364126205444,0.0,0.0002301691856700927,0.0,20.0,0.0017663482576608658,0.035326965153217316,20.0,6.631301948800683e-05,0.0013262603897601366,10.0,0.011502707377076149,0.11502707377076149,25.0,3.3018586691468954e-05,0.0008254646672867239,9.46223111555778,0.0012407987378537655,0.01174072442546472,0.0,0.29419076442718506,0.0,500.0,0.0005069886101409793,0.25349430507048965,200.0,0.0005352594307623804,0.10705188615247607,0.6308154077038519,0.07742954045534134,0.04884374713065804,0.0,0.0,0.0
1263,0.5748422741889954,0.0,0.00023146442254073918,0.0,20.0,0.0017578578554093838,0.035157157108187675,20.0,6.65815023239702e-05,0.001331630046479404,10.0,0.011508077383041382,0.11508077383041382,25.0,3.557648597052321e-05,0.0008894121492630802,9.469734867433717,0.0014787042746320367,0.01400293742810628,0.0,0.2942872643470764,0.0,500.0,0.0005049332976341248,0.2524666488170624,200.0,0.0005352855660021305,0.1070571132004261,0.6313156578289144,0.07738855481147766,0.04885660638923702,0.0,0.0,0.0
1264,0.575200617313385,0.0,0.00023199146380648017,0.0,20.0,0.0017532373312860727,0.035064746625721455,20.0,6.671444134553894e-05,0.0013342888269107789,10.0,0.011510899290442467,0.11510899290442467,25.0,3.715508137247525e-05,0.0009288770343118813,9.477238619309654,0.001531196990981698,0.014511519256702484,0.0,0.29429706931114197,0.0,500.0,0.0005046186852268875,0.25230934261344373,200.0,0.0005353635060600936,0.10707270121201873,0.631815907953977,0.0773487463593483,0.048870168410133516,0.0,0.0,0.0
1265,0.574779748916626,0.0,0.00023174136003945023,0.0,20.0,0.0017539046239107847,0.035078092478215694,20.0,6.649114948231727e-05,0.0013298229896463454,10.0,0.011506857350468636,0.11506857350468636,25.0,3.761763946386054e-05,0.0009404409865965135,9.484742371185593,0.0015220283530652523,0.014436046810463824,0.0,0.2942739427089691,0.0,500.0,0.0005039220559410751,0.25196102797053754,200.0,0.0005352734588086605,0.1070546917617321,0.6323161580790395,0.07735215127468109,0.04891101511315503,0.0,0.0,0.0
1266,0.5735325217247009,0.0,0.00023095926735550165,0.0,20.0,0.0017582743894308805,0.03516548778861761,20.0,6.565331568708643e-05,0.0013130663137417287,10.0,0.011496717110276222,0.11496717110276222,25.0,3.6732861190102994e-05,0.0009183215297525749,9.49224612306153,0.001406180439516902,0.013347810825329272,0.0,0.29424217343330383,0.0,500.0,0.0005036016227677464,0.2518008113838732,200.0,0.0005353063461370766,0.10706126922741532,0.632816408204102,0.0773661658167839,0.04895857916870017,0.0,0.0,0.0
1267,0.5756546854972839,0.0,0.00022975783213041723,0.0,20.0,0.0017654993571341038,0.035309987142682076,20.0,6.617106555495411e-05,0.0013234213110990822,10.0,0.011486625298857689,0.11486625298857689,25.0,3.5898534406442195e-05,0.0008974633601610549,9.49974987493747,0.001505600637756288,0.014302829470231072,0.0,0.2942018508911133,0.0,500.0,0.000505720148794353,0.2528600743971765,200.0,0.0005354804452508688,0.10709608905017376,0.6333166583291646,0.07736822217702866,0.04899858393002415,0.0,0.0,0.0
1268,0.5725195407867432,0.0,0.00023064078413881361,0.0,20.0,0.0017674076370894909,0.03534815274178982,20.0,6.584738730452955e-05,0.001316947746090591,10.0,0.0114779993891716,0.114779993891716,25.0,3.670717705972493e-05,0.0009176794264931232,9.507253626813407,0.0012946008937433362,0.012308099042317212,0.0,0.2942390441894531,0.0,500.0,0.0005035515641793609,0.25177578208968043,200.0,0.0005352094303816557,0.10704188607633114,0.6338169084542271,0.07735834270715714,0.04903102561779294,0.0,0.0,0.0
1269,0.5707878470420837,0.0,0.0002318954502698034,0.0,20.0,0.0017676381394267082,0.035352762788534164,20.0,6.535445572808385e-05,0.001307089114561677,10.0,0.011473811231553555,0.11473811231553555,25.0,3.73246512026526e-05,0.0009331162800663151,9.514757378689344,0.001215388998389244,0.011564131440401911,0.0,0.2942473292350769,0.0,500.0,0.000501521397382021,0.2507606986910105,200.0,0.000535349128767848,0.1070698257535696,0.6343171585792896,0.0773463025689125,0.04906208687212659,0.0,0.0,0.0
1270,0.5718465447425842,0.0,0.00023254065308719873,0.0,20.0,0.0017699366435408592,0.035398732870817184,20.0,6.677577766822651e-05,0.0013355155533645302,10.0,0.011480959132313728,0.11480959132313728,25.0,3.7365789467003196e-05,0.0009341447366750799,9.522261130565283,0.0013067281106486917,0.012443006296247047,0.0,0.29444149136543274,0.0,500.0,0.0005015904316678643,0.25079521583393216,200.0,0.0005352492444217205,0.1070498488843441,0.6348174087043522,0.0773143544793129,0.04908049816620714,0.0,0.0,0.0
1271,0.5732802152633667,0.0,0.0002315601595910266,0.0,20.0,0.0017756300512701273,0.035512601025402546,20.0,6.82142490404658e-05,0.001364284980809316,10.0,0.011491617187857628,0.11491617187857628,25.0,3.4972381399711594e-05,0.0008743095349927898,9.52976488244122,0.0012859557755291462,0.012254856190010122,0.0,0.29449811577796936,0.0,500.0,0.0005045633297413588,0.2522816648706794,200.0,0.0005348936538212001,0.10697873076424003,0.6353176588294147,0.07728040963411331,0.04909760892212302,0.0,0.0,0.0
1272,0.5760007500648499,0.0,0.00023067656729836017,0.0,20.0,0.0017767570680007339,0.03553514136001468,20.0,6.712072354275733e-05,0.0013424144708551466,10.0,0.01149585098028183,0.1149585098028183,25.0,3.201302024535835e-05,0.0008003255061339587,9.537268634317158,0.001468898612074554,0.01400928065993065,0.0,0.2943437099456787,0.0,500.0,0.0005064295837655663,0.2532147918827832,200.0,0.0005350272404029965,0.10700544808059931,0.6358179089544772,0.07727809250354767,0.04913479518359634,0.0,0.0,0.0
1273,0.5738946795463562,0.0,0.0002314576122444123,0.0,20.0,0.0017686327919363976,0.03537265583872795,20.0,6.561812188010663e-05,0.0013123624376021326,10.0,0.011499261483550072,0.11499261483550072,25.0,3.2174302759813145e-05,0.0008043575689953286,9.544772386193097,0.0013686686288565397,0.01306363053455867,0.0,0.2942490577697754,0.0,500.0,0.0005042520351707935,0.25212601758539677,200.0,0.0005352642619982362,0.10705285239964724,0.6363181590795398,0.07727298885583878,0.04917020601532113,0.0,0.0,0.0
1274,0.5747650265693665,0.0,0.0002311004209332168,0.0,20.0,0.0017636948032304645,0.03527389606460929,20.0,6.478255818365142e-05,0.0012956511636730283,10.0,0.011501504108309746,0.11501504108309746,25.0,3.170875788782723e-05,0.0007927189471956808,9.552276138069034,0.0014350480632856488,0.013707975371905684,0.0,0.2941451668739319,0.0,500.0,0.0005048105376772583,0.2524052688386291,200.0,0.0005353566957637668,0.10707133915275335,0.6368184092046023,0.07726405560970306,0.049203172982067035,0.0,0.0,0.0
1275,0.5747061967849731,0.0,0.00022974966850597411,0.0,20.0,0.0017652707174420357,0.035305414348840714,20.0,6.552846753038466e-05,0.0013105693506076932,10.0,0.011503451503813267,0.11503451503813267,25.0,3.079482848988846e-05,0.0007698707122472115,9.559779889944972,0.0012866698671132326,0.01230028072062725,0.0,0.2941375970840454,0.0,500.0,0.0005073489737696946,0.2536744868848473,200.0,0.0005353132146410644,0.10706264292821288,0.6373186593296648,0.07727447897195816,0.04924846733880675,0.0,0.0,0.0
1276,0.5760481953620911,0.0,0.00022975844331085682,0.0,20.0,0.0017663807375356555,0.03532761475071311,20.0,6.655083416262642e-05,0.0013310166832525283,10.0,0.01150395069271326,0.1150395069271326,25.0,3.14954922941979e-05,0.0007873873073549476,9.56728364182091,0.0014058651868253946,0.013450311004520097,0.0,0.29419389367103577,0.0,500.0,0.0005075560184195638,0.2537780092097819,200.0,0.0005352644948288798,0.10705289896577597,0.6378189094547274,0.07726550847291946,0.04928140235266249,0.0,0.0,0.0
1277,0.5750706791877747,0.0,0.00023176004469860345,0.0,20.0,0.0017631417140364647,0.035262834280729294,20.0,6.653499440290034e-05,0.0013306998880580068,10.0,0.011501247063279152,0.11501247063279152,25.0,3.410905264900066e-05,0.0008527263162250165,9.574787393696848,0.0014988251496106386,0.014350932147847734,0.0,0.2943309545516968,0.0,500.0,0.0005038122762925923,0.25190613814629614,200.0,0.0005352396401576698,0.10704792803153396,0.6383191595797899,0.07724502682685852,0.04930698060583866,0.0,0.0,0.0
1278,0.5727828741073608,0.0,0.0002328044211026281,0.0,20.0,0.001759649021551013,0.03519298043102026,20.0,6.593066791538149e-05,0.0013186133583076298,10.0,0.011495081707835197,0.11495081707835197,25.0,3.596683745854534e-05,0.0008991709364636336,9.582291145572787,0.0013114720350131392,0.012566906868772728,0.0,0.2943556308746338,0.0,500.0,0.000502861337736249,0.2514306688681245,200.0,0.0005354265449568629,0.10708530899137259,0.6388194097048524,0.07723372429609299,0.049338402164137436,0.0,0.0,0.0
1279,0.5736920237541199,0.0,0.0002321846259292215,0.0,20.0,0.0017607053741812706,0.03521410748362541,20.0,6.618435145355761e-05,0.0013236870290711522,10.0,0.011495282873511314,0.11495282873511314,25.0,3.5711360396817327e-05,0.0008927840099204332,9.589794897448725,0.001408046344295144,0.013502875647892904,0.0,0.29424849152565,0.0,500.0,0.000502808834426105,0.2514044172130525,200.0,0.0005351930158212781,0.10703860316425562,0.639319659829915,0.07721135765314102,0.04936273890981202,0.0,0.0,0.0
1280,0.5738843679428101,0.0,0.00023032755416352302,0.0,20.0,0.0017633922398090363,0.035267844796180725,20.0,6.640920764766634e-05,0.0013281841529533267,10.0,0.011495948769152164,0.11495948769152164,25.0,3.379914051038213e-05,0.0008449785127595533,9.597298649324662,0.0012917730491608381,0.012397531739945311,0.0,0.2941889464855194,0.0,500.0,0.0005052675260230899,0.25263376301154494,200.0,0.0005353284068405628,0.10706568136811256,0.6398199099549775,0.07718878984451294,0.04938692456784995,0.0,0.0,0.0
1281,0.5785402655601501,0.0,0.00022892362903803587,0.0,20.0,0.0017682660836726427,0.035365321673452854,20.0,6.671834125882015e-05,0.001334366825176403,10.0,0.011492758989334106,0.11492758989334106,25.0,3.2153504434973e-05,0.000803837610874325,9.604802401200601,0.0015369318425655365,0.014761926651955129,0.0,0.29410457611083984,0.0,500.0,0.0005095075466670096,0.2547537733335048,200.0,0.0005358337075449526,0.10716674150899053,0.64032016008004,0.07719054818153381,0.04942666416826577,0.0,0.0,0.0
1282,0.5772954821586609,0.0,0.00022970257850829512,0.0,20.0,0.0017692090477794409,0.03538418095558882,20.0,6.62295933580026e-05,0.001324591867160052,10.0,0.01148807443678379,0.1148807443678379,25.0,3.264890256104991e-05,0.0008162225640262477,9.612306153076538,0.0015328318113461137,0.014734048651833705,0.0,0.29407748579978943,0.0,500.0,0.0005071728373877704,0.2535864186938852,200.0,0.0005355237517505884,0.10710475035011768,0.6408204102051025,0.0771893560886383,0.04946451483218892,0.0,0.0,0.0
1283,0.5744205713272095,0.0,0.0002323498483747244,0.0,20.0,0.0017648187931627035,0.03529637586325407,20.0,6.580482295248657e-05,0.0013160964590497315,10.0,0.01148433517664671,0.1148433517664671,25.0,3.57559256372042e-05,0.000893898140930105,9.619809904952476,0.0015017748810350895,0.01444678887559018,0.0,0.29414060711860657,0.0,500.0,0.0005020301905460656,0.2510150952730328,200.0,0.0005356022156774998,0.10712044313549995,0.6413206603301651,0.07716657221317291,0.049488517047167425,0.0,0.0,0.0
1284,0.5747667551040649,0.0,0.00023359560873359442,0.0,20.0,0.0017675634007900953,0.03535126801580191,20.0,6.688106077490374e-05,0.0013376212154980749,10.0,0.011490105651319027,0.11490105651319027,25.0,3.673562241601758e-05,0.0009183905604004394,9.627313656828415,0.0015333142364397645,0.014761697088685978,0.0,0.2942853569984436,0.0,500.0,0.0005017229123041034,0.2508614561520517,200.0,0.0005356268957257271,0.10712537914514542,0.6418209104552276,0.0771397203207016,0.04950988552849432,0.0,0.0,0.0
1285,0.574436366558075,0.0,0.00023309965035878122,0.0,20.0,0.0017756298184394836,0.03551259636878967,20.0,6.874943937873468e-05,0.0013749887875746936,10.0,0.011500807479023933,0.11500807479023933,25.0,3.519257370498963e-05,0.0008798143426247407,9.634817408704352,0.0013922032667323947,0.013413624270768344,0.0,0.2943514883518219,0.0,500.0,0.0005033778725191951,0.25168893625959754,200.0,0.0005351202562451363,0.10702405124902725,0.6423211605802901,0.07711759954690933,0.04953426604213686,0.0,0.0,0.0
1286,0.5751739144325256,0.0,0.0002314794692210853,0.0,20.0,0.0017814653692767024,0.03562930738553405,20.0,6.910752563271672e-05,0.0013821505126543343,10.0,0.011506881564855576,0.11506881564855576,25.0,3.247285712859593e-05,0.0008118214282148983,9.64232116058029,0.0012273701140657067,0.011834696822719608,0.0,0.2942122220993042,0.0,500.0,0.0005077967653051019,0.25389838265255094,200.0,0.0005349606508389115,0.1069921301677823,0.6428214107053527,0.07709238678216934,0.04955663682595678,0.0,0.0,0.0
1287,0.5756481885910034,0.0,0.0002313873847015202,0.0,20.0,0.0017806332325562835,0.03561266465112567,20.0,6.706403655698523e-05,0.0013412807311397046,10.0,0.011504682712256908,0.11504682712256908,25.0,3.134486541966908e-05,0.0007836216354917269,9.649824912456229,0.001331759849563241,0.012851249373724323,0.0,0.2940407693386078,0.0,500.0,0.000506753392983228,0.253376696491614,200.0,0.0005352438893169165,0.1070487778633833,0.6433216608304152,0.07707972079515457,0.04958705399828353,0.0,0.0,0.0
1288,0.5757043957710266,0.0,0.00023298533051274717,0.0,20.0,0.0017719892784953117,0.035439785569906235,20.0,6.5245883888565e-05,0.0013049176777713,10.0,0.011501515284180641,0.11501515284180641,25.0,3.334377834107727e-05,0.0008335944585269317,9.657328664332166,0.001535809482447803,0.014831816937796316,0.0,0.29402199387550354,0.0,500.0,0.0005030829925090075,0.2515414962545037,200.0,0.0005355209577828646,0.10710419155657291,0.6438219109554777,0.07709190994501114,0.04963346078000467,0.0,0.0,0.0
1289,0.5761237144470215,0.0,0.00023309901007451117,0.0,20.0,0.0017633363604545593,0.035266727209091187,20.0,6.515485438285396e-05,0.001303097087657079,10.0,0.011502270586788654,0.11502270586788654,25.0,3.5369426768738776e-05,0.0008842356692184694,9.664832416208103,0.0015909071080386639,0.015375850588947965,0.0,0.29404836893081665,0.0,500.0,0.0005029486492276192,0.2514743246138096,200.0,0.0005356003530323505,0.10712007060647011,0.6443221610805403,0.07709914445877075,0.04967668737513593,0.0,0.0,0.0
1290,0.5761071443557739,0.0,0.00023200186842586845,0.0,20.0,0.0017569826450198889,0.03513965290039778,20.0,6.603684596484527e-05,0.0013207369192969054,10.0,0.011507086455821991,0.11507086455821991,25.0,3.652469604276121e-05,0.0009131174010690302,9.672336168084042,0.0015495950356125832,0.014988204108839068,0.0,0.2941356599330902,0.0,500.0,0.0005036809598095715,0.25184047990478575,200.0,0.0005355713656172156,0.10711427312344313,0.6448224112056028,0.07710631191730499,0.04971987796968791,0.0,0.0,0.0
1291,0.5753026604652405,0.0,0.0002302131470059976,0.0,20.0,0.0017565414309501648,0.035130828619003296,20.0,6.743690755683929e-05,0.0013487381511367857,10.0,0.011510523036122322,0.11510523036122322,25.0,3.639433634816669e-05,0.0009098584087041672,9.67983991995998,0.0012924902839586139,0.012511099046823,0.0,0.29411154985427856,0.0,500.0,0.0005067390156909823,0.25336950784549117,200.0,0.0005357514601200819,0.10715029202401638,0.6453226613306653,0.07713517546653748,0.0497770767142738,0.0,0.0,0.0
1292,0.5773836374282837,0.0,0.00022910330153536052,0.0,20.0,0.0017602599691599607,0.035205199383199215,20.0,6.708726868964732e-05,0.0013417453737929463,10.0,0.011508134193718433,0.11508134193718433,25.0,3.4782478905981407e-05,0.0008695619726495352,9.687343671835919,0.001365511561743915,0.013228179786478698,0.0,0.2940966486930847,0.0,500.0,0.0005092833307571709,0.25464166537858546,200.0,0.0005360052455216646,0.10720104910433292,0.6458229114557279,0.07713408023118973,0.04981495626736666,0.0,0.0,0.0
1293,0.5747109055519104,0.0,0.00023001711815595627,0.0,20.0,0.0017592826625332236,0.03518565325066447,20.0,6.584583024960011e-05,0.0013169166049920022,10.0,0.011502091772854328,0.11502091772854328,25.0,3.5506502172211185e-05,0.0008876625543052796,9.694847423711856,0.0012832661159336567,0.012441069197996132,0.0,0.2941999137401581,0.0,500.0,0.000505754433106631,0.2528772165533155,200.0,0.0005357195041142404,0.10714390082284808,0.6463231615807904,0.07710936665534973,0.049837569644178015,0.0,0.0,0.0
1294,0.5752128958702087,0.0,0.0002314729936188087,0.0,20.0,0.0017598191043362021,0.03519638208672404,20.0,6.516197026940063e-05,0.0013032394053880125,10.0,0.011497682891786098,0.11497682891786098,25.0,3.659427966340445e-05,0.0009148569915851112,9.702351175587793,0.0014788700500503182,0.014348516568647284,0.0,0.2942310571670532,0.0,500.0,0.0005030627362430096,0.2515313681215048,200.0,0.0005355020985007286,0.10710041970014572,0.6468234117058529,0.07705546915531158,0.049841281449633755,0.0,0.0,0.0
1295,0.5736527442932129,0.0,0.00023147260071709752,0.0,20.0,0.0017657401040196419,0.03531480208039284,20.0,6.557676533702761e-05,0.0013115353067405522,10.0,0.011495004408061504,0.11495004408061504,25.0,3.5982870031148195e-05,0.0008995717507787049,9.709854927463732,0.001304545672610402,0.012666949227297603,0.0,0.29428642988204956,0.0,500.0,0.0005031722248531878,0.2515861124265939,200.0,0.0005353624583221972,0.10707249166443944,0.6473236618309155,0.07701132446527481,0.04985125255531046,0.0,0.0,0.0
1296,0.5754635334014893,0.0,0.00023082566622179002,0.0,20.0,0.0017692017136141658,0.035384034272283316,20.0,6.59949000691995e-05,0.00131989800138399,10.0,0.011491958051919937,0.11491958051919937,25.0,3.5277273127576336e-05,0.0008819318281894084,9.71735867933967,0.0014167329063639045,0.013766901803961402,0.0,0.2943146228790283,0.0,500.0,0.000504538300447166,0.252269150223583,200.0,0.0005352720618247986,0.10705441236495972,0.647823911955978,0.07697709649801254,0.0498676037843553,0.0,0.0,0.0
1297,0.5717563629150391,0.0,0.0002319173072464764,0.0,20.0,0.0017643645405769348,0.035287290811538696,20.0,6.631750147789717e-05,0.0013263500295579433,10.0,0.01149152871221304,0.1149152871221304,25.0,3.761622792808339e-05,0.0009404056982020847,9.724862431215607,0.0011284672655165195,0.010974188915278208,0.0,0.2943938672542572,0.0,500.0,0.0005026840372011065,0.2513420186005533,200.0,0.0005353910382837057,0.10707820765674114,0.6483241620810405,0.07695621997117996,0.04989257682973948,0.0,0.0,0.0
1298,0.5737678408622742,0.0,0.00023222400341182947,0.0,20.0,0.001763262553140521,0.03526525106281042,20.0,6.689363362966105e-05,0.001337872672593221,10.0,0.011496162042021751,0.11496162042021751,25.0,3.80615092581138e-05,0.000951537731452845,9.732366183091546,0.0013220615219324827,0.012866786848022237,0.0,0.29445573687553406,0.0,500.0,0.00050283846212551,0.251419231062755,200.0,0.0005352033767849207,0.10704067535698414,0.6488244122061031,0.07694673538208008,0.04992492035545666,0.0,0.0,0.0
1299,0.5751146674156189,0.0,0.00023112189956009388,0.0,20.0,0.0017626093467697501,0.035252186935395,20.0,6.773127824999392e-05,0.0013546255649998784,10.0,0.011500989086925983,0.11500989086925983,25.0,3.752447810256854e-05,0.0009381119525642134,9.739869934967484,0.001345278462395072,0.013102837250041046,0.0,0.29436954855918884,0.0,500.0,0.0005049789324402809,0.25248946622014046,200.0,0.0005350522696971893,0.10701045393943787,0.6493246623311656,0.0769369900226593,0.049957085067239504,0.0,0.0,0.0
1300,0.5760896801948547,0.0,0.0002302842040080577,0.0,20.0,0.0017617749981582165,0.03523549996316433,20.0,6.708569708280265e-05,0.001341713941656053,10.0,0.01149994507431984,0.1149994507431984,25.0,3.664333780761808e-05,0.000916083445190452,9.74737368684342,0.0013671177439391613,0.013325807524089323,0.0,0.29427847266197205,0.0,500.0,0.0005064788274466991,0.25323941372334957,200.0,0.0005352224688977003,0.10704449377954006,0.6498249124562281,0.07692409306764603,0.04998719204345782,0.0,0.0,0.0
1301,0.5731282234191895,0.0,0.00023155330563895404,0.0,20.0,0.0017582757864147425,0.03516551572829485,20.0,6.526881770696491e-05,0.0013053763541392982,10.0,0.011497311294078827,0.11497311294078827,25.0,3.7217458157101646e-05,0.0009304364539275412,9.75487743871936,0.0012234203750267625,0.011934315814418143,0.0,0.2942032516002655,0.0,500.0,0.0005035352078266442,0.2517676039133221,200.0,0.0005352068692445755,0.1070413738489151,0.6503251625812907,0.07690080255270004,0.05001052692271639,0.0,0.0,0.0
1302,0.5741560459136963,0.0,0.0002325442765140906,0.0,20.0,0.0017599454149603844,0.03519890829920769,20.0,6.52698363410309e-05,0.001305396726820618,10.0,0.01149840746074915,0.1149840746074915,25.0,3.7417703424580395e-05,0.0009354425856145099,9.762381190595297,0.0013584265252575278,0.013261477558979818,0.0,0.29424065351486206,0.0,500.0,0.0005028049345128238,0.2514024672564119,200.0,0.0005351405125111341,0.10702810250222683,0.6508254127063532,0.07688722014427185,0.05004015678223996,0.0,0.0,0.0
1303,0.574217677116394,0.0,0.00023257148859556764,0.0,20.0,0.0017664420884102583,0.035328841768205166,20.0,6.682232924504206e-05,0.0013364465849008411,10.0,0.01150449924170971,0.11504499241709709,25.0,3.6578010622179136e-05,0.0009144502655544784,9.769884942471236,0.0012940990272909403,0.012643198600796431,0.0,0.29439792037010193,0.0,500.0,0.0005037693772464991,0.25188468862324953,200.0,0.0005349385901354253,0.10698771802708507,0.6513256628314157,0.07688520103693008,0.05007730452730513,0.0,0.0,0.0
1304,0.5750958323478699,0.0,0.0002322100626770407,0.0,20.0,0.00177106074988842,0.0354212149977684,20.0,6.76610361551866e-05,0.0013532207231037319,10.0,0.011505861766636372,0.11505861766636372,25.0,3.553319402271882e-05,0.0008883298505679704,9.777388694347174,0.0012878433335572481,0.012591744849613014,0.0,0.2943616509437561,0.0,500.0,0.0005053788190707564,0.2526894095353782,200.0,0.0005349645507521927,0.10699291015043855,0.6518259129564783,0.07686162739992142,0.050100400451274445,0.0,0.0,0.0
1305,0.5747548937797546,0.0,0.0002322213549632579,0.0,20.0,0.001771212904714048,0.03542425809428096,20.0,6.693862815154716e-05,0.0013387725630309433,10.0,0.011505276896059513,0.11505276896059513,25.0,3.4432679967721924e-05,0.0008608169991930481,9.784892446223111,0.0012476129923015833,0.012207758944181574,0.0,0.2943461835384369,0.0,500.0,0.0005054258508607745,0.25271292543038726,200.0,0.000535156053956598,0.10703121079131961,0.6523261630815408,0.0768425390124321,0.05012639863542344,0.0,0.0,0.0
1306,0.5748718976974487,0.0,0.00023272950784303248,0.0,20.0,0.001767619396559894,0.03535238793119788,20.0,6.533836130984128e-05,0.0013067672261968255,10.0,0.011502379551529884,0.11502379551529884,25.0,3.4007483918685466e-05,0.0008501870979671367,9.79239619809905,0.0013323108432814479,0.01304651563643539,0.0,0.2942543923854828,0.0,500.0,0.0005039821262471378,0.2519910631235689,200.0,0.0005357627524062991,0.10715255048125982,0.6528264132066033,0.07681764662265778,0.05014858871564202,0.0,0.0,0.0
1307,0.5741011500358582,0.0,0.00023286390933208168,0.0,20.0,0.001764585031196475,0.0352917006239295,20.0,6.500622112071142e-05,0.0013001244224142283,10.0,0.011502280831336975,0.11502280831336975,25.0,3.39893413183745e-05,0.0008497335329593625,9.799899949974987,0.0012635800521820784,0.012382958090168542,0.0,0.29414626955986023,0.0,500.0,0.000503749935887754,0.251874967943877,200.0,0.0005360037903301418,0.10720075806602836,0.6533266633316658,0.076804019510746,0.050178113797415845,0.0,0.0,0.0
1308,0.5752588510513306,0.0,0.00023236322158481926,0.0,20.0,0.0017650364898145199,0.0353007297962904,20.0,6.663118256255984e-05,0.0013326236512511969,10.0,0.011506718583405018,0.11506718583405018,25.0,3.40768056048546e-05,0.000851920140121365,9.807403701850925,0.0013175284257158637,0.012921533159659583,0.0,0.294184148311615,0.0,500.0,0.0005049118772149086,0.2524559386074543,200.0,0.0005355173489078879,0.10710346978157759,0.6538269134567284,0.0768176019191742,0.05022541556196132,0.0,0.0,0.0
1309,0.5775530338287354,0.0,0.0002321808278793469,0.0,20.0,0.001767314039170742,0.03534628078341484,20.0,6.758458766853437e-05,0.0013516917533706874,10.0,0.011508234776556492,0.11508234776556492,25.0,3.383899820619263e-05,0.0008459749551548157,9.814907453726864,0.0014863719698041677,0.014588603325441606,0.0,0.29412841796875,0.0,500.0,0.0005059747491031885,0.25298737455159426,200.0,0.0005353862652555108,0.10707725305110216,0.6543271635817909,0.0768323466181755,0.05027349143400378,0.0,0.0,0.0
1310,0.5758967995643616,0.0,0.00023380466154776514,0.0,20.0,0.0017632170347496867,0.035264340694993734,20.0,6.762905104551464e-05,0.0013525810209102929,10.0,0.011510984040796757,0.11510984040796757,25.0,3.563233622116968e-05,0.000890808405529242,9.822411205602801,0.0014344670344144106,0.014089925072899925,0.0,0.2941940128803253,0.0,500.0,0.0005036102957092226,0.2518051478546113,200.0,0.0005353349260985851,0.10706698521971703,0.6548274137068534,0.0768403634428978,0.05031717646160741,0.0,0.0,0.0
1311,0.5750758647918701,0.0,0.00023380832863040268,0.0,20.0,0.0017615393735468388,0.035230787470936775,20.0,6.821105489507318e-05,0.0013642210979014635,10.0,0.011509655974805355,0.11509655974805355,25.0,3.6775993066839874e-05,0.0009193998266709968,9.829914957478739,0.0013624194543808699,0.013392467372978535,0.0,0.2941378653049469,0.0,500.0,0.0005032909102737904,0.2516454551368952,200.0,0.0005352949956431985,0.1070589991286397,0.655327663831916,0.07685922086238861,0.050367973651690386,0.0,0.0,0.0
1312,0.5776505470275879,0.0,0.00023214278917293996,0.0,20.0,0.001763890846632421,0.03527781693264842,20.0,6.759200186934322e-05,0.0013518400373868644,10.0,0.011505059897899628,0.11505059897899628,25.0,3.4962373320013285e-05,0.0008740593330003321,9.837418709354678,0.001513668685220182,0.014890592643749314,0.0,0.29400214552879333,0.0,500.0,0.0005053062923252583,0.2526531461626291,200.0,0.0005356635665521026,0.10713271331042051,0.6558279139569785,0.07687958329916,0.05041977674096987,0.0,0.0,0.0
1313,0.5744880437850952,0.0,0.00023230462102219462,0.0,20.0,0.001759491628035903,0.03518983256071806,20.0,6.58796780044213e-05,0.0013175935600884259,10.0,0.011500935070216656,0.11500935070216656,25.0,3.525136344251223e-05,0.0008812840860628057,9.844922461230615,0.001255786744877696,0.012363123131162109,0.0,0.2939673960208893,0.0,500.0,0.0005042222328484058,0.2521111164242029,200.0,0.000535799830686301,0.1071599661372602,0.656328164082041,0.07687590271234512,0.050455820089343066,0.0,0.0,0.0
1314,0.5735386610031128,0.0,0.0002338981576031074,0.0,20.0,0.001754437806084752,0.03508875612169504,20.0,6.615708116441965e-05,0.001323141623288393,10.0,0.011507528834044933,0.11507528834044933,25.0,3.7600198993459344e-05,0.0009400049748364836,9.852426213106554,0.0012463819002732635,0.01227988570579386,0.0,0.2940557599067688,0.0,500.0,0.0005024783895350993,0.25123919476754963,200.0,0.0005356873734854162,0.10713747469708323,0.6568284142071036,0.07681608945131302,0.050454990219896946,0.0,0.0,0.0
1315,0.5760700702667236,0.0,0.0002341630170121789,0.0,20.0,0.0017578838160261512,0.035157676320523024,20.0,6.880609726067632e-05,0.0013761219452135265,10.0,0.01152310986071825,0.1152310986071825,25.0,3.819356788881123e-05,0.0009548391972202808,9.859929964982491,0.001456860569305718,0.0143645431820989,0.0,0.29417821764945984,0.0,500.0,0.0005028974264860153,0.25144871324300766,200.0,0.0005353117594495416,0.10706235188990831,0.6573286643321661,0.07678762078285217,0.0504747042064371,0.0,0.0,0.0
1316,0.5771908760070801,0.0,0.0002332212752662599,0.0,20.0,0.0017617763951420784,0.03523552790284157,20.0,7.152054604375735e-05,0.001430410920875147,10.0,0.011535179801285267,0.11535179801285267,25.0,3.782780549954623e-05,0.0009456951374886557,9.867433716858429,0.0013664670987054706,0.013483523522744074,0.0,0.2942012548446655,0.0,500.0,0.0005064219003543258,0.2532109501771629,200.0,0.0005351757863536477,0.10703515727072954,0.6578289144572286,0.07676426321268082,0.05049775193830679,0.0,0.0,0.0
1317,0.5779320597648621,0.0,0.00023248238721862435,0.0,20.0,0.001766388537362218,0.03532777074724436,20.0,7.009899127297103e-05,0.0014019798254594207,10.0,0.011530458927154541,0.11530458927154541,25.0,3.551245026756078e-05,0.0008878112566890195,9.874937468734368,0.0014099893160164356,0.013923556327245843,0.0,0.2940908968448639,0.0,500.0,0.000507035874761641,0.2535179373808205,200.0,0.0005352110019885004,0.10704220039770007,0.6583291645822912,0.07674913108348846,0.050526191348609716,0.0,0.0,0.0
1318,0.5758885741233826,0.0,0.00023354741279035807,0.0,20.0,0.0017654317198321223,0.035308634396642447,20.0,6.74329130561091e-05,0.001348658261122182,10.0,0.011522727087140083,0.11522727087140083,25.0,3.522372935549356e-05,0.000880593233887339,9.882441220610305,0.0013718194095417857,0.013556924680089033,0.0,0.29403790831565857,0.0,500.0,0.0005037973169237375,0.25189865846186876,200.0,0.0005355577450245619,0.10711154900491238,0.6588294147073537,0.07673652470111847,0.05055627965551427,0.0,0.0,0.0
1319,0.57496577501297,0.0,0.00023434775357600302,0.0,20.0,0.001765351160429418,0.03530702320858836,20.0,6.607989053009078e-05,0.0013215978106018156,10.0,0.01152003463357687,0.1152003463357687,25.0,3.5329576348885894e-05,0.0008832394087221473,9.889944972486242,0.001308245351538062,0.012938474537222354,0.0,0.29402053356170654,0.0,500.0,0.0005030491156503558,0.2515245578251779,200.0,0.0005360040813684464,0.10720081627368927,0.6593296648324162,0.07672903686761856,0.05058973016084105,0.0,0.0,0.0
1320,0.5747556686401367,0.0,0.0002341980580240488,0.0,20.0,0.00176899170037359,0.0353798340074718,20.0,6.721130921505392e-05,0.0013442261843010783,10.0,0.011527403257787228,0.11527403257787228,25.0,3.5125391150359064e-05,0.0008781347787589766,9.897448724362182,0.0012678646016865969,0.012548624884626974,0.0,0.2940734922885895,0.0,500.0,0.000503216462675482,0.251608231337741,200.0,0.0005354852182790637,0.10709704365581274,0.6598299149574788,0.07672519981861115,0.050625582071409755,0.0,0.0,0.0
1321,0.5780731439590454,0.0,0.00023336852609645575,0.0,20.0,0.0017743180505931377,0.035486361011862755,20.0,6.96453353157267e-05,0.001392906706314534,10.0,0.011540454812347889,0.11540454812347889,25.0,3.456590638961643e-05,0.0008641476597404107,9.904952476238119,0.001433525700122118,0.014199003933175556,0.0,0.2941817045211792,0.0,500.0,0.0005060936673544347,0.25304683367721736,200.0,0.0005351179279386997,0.10702358558773994,0.6603301650825413,0.07671273499727249,0.05065573296468218,0.0,0.0,0.0
1322,0.5767197012901306,0.0,0.00023419110220856965,0.0,20.0,0.0017705447971820831,0.03541089594364166,20.0,7.142163667595014e-05,0.0014284327335190028,10.0,0.011551151983439922,0.11551151983439922,25.0,3.696469866554253e-05,0.0009241174666385632,9.912456228114056,0.0012979224557057023,0.01286559952966908,0.0,0.2942943274974823,0.0,500.0,0.0005057701491750777,0.25288507458753884,200.0,0.0005350378924049437,0.10700757848098874,0.6608304152076038,0.07670117169618607,0.05068646713890034,0.0,0.0,0.0
1323,0.5773447751998901,0.0,0.0002348029229324311,0.0,20.0,0.001767630223184824,0.03535260446369648,20.0,6.958196172490716e-05,0.0013916392344981432,10.0,0.011548100039362907,0.11548100039362907,25.0,3.721880420926027e-05,0.0009304701052315067,9.919959979989995,0.0014786911197006702,0.014668556730197244,0.0,0.2941683828830719,0.0,500.0,0.0005035368958488107,0.25176844792440534,200.0,0.0005351550644263625,0.1070310128852725,0.6613306653326664,0.07669545710086823,0.05072105767251016,0.0,0.0,0.0
1324,0.5760828852653503,0.0,0.00023427528503816575,0.0,20.0,0.0017645753687247634,0.03529150737449527,20.0,6.72834285069257e-05,0.001345668570138514,10.0,0.01154273934662342,0.11542739346623421,25.0,3.6317196645541117e-05,0.0009079299161385279,9.927463731865933,0.001382797840051353,0.013727675405612356,0.0,0.2940409481525421,0.0,500.0,0.0005030997563153505,0.25154987815767527,200.0,0.0005353576270863414,0.10707152541726828,0.6618309154577289,0.07669839262962341,0.05076136740819999,0.0,0.0,0.0
1325,0.5772016048431396,0.0,0.0002327666588826105,0.0,20.0,0.0017627212218940258,0.035254424437880516,20.0,6.547106750076637e-05,0.0013094213500153273,10.0,0.01153581589460373,0.11535815894603729,25.0,3.464101246208884e-05,0.000866025311552221,9.934967483741872,0.0014113627839833498,0.014021843366637983,0.0,0.2939288020133972,0.0,500.0,0.0005048109451308846,0.2524054725654423,200.0,0.0005358975613489747,0.10717951226979494,0.6623311655827914,0.07670903950929642,0.05080678754892869,0.0,0.0,0.0
1326,0.5771653652191162,0.0,0.00023216629051603377,0.0,20.0,0.0017588380724191666,0.03517676144838333,20.0,6.546280928887427e-05,0.0013092561857774854,10.0,0.011534422636032104,0.11534422636032104,25.0,3.537459997460246e-05,0.0008843649993650615,9.942471235617809,0.0013839323073625565,0.013759707157994402,0.0,0.29384708404541016,0.0,500.0,0.0005052824853919446,0.2526412426959723,200.0,0.0005360610666684806,0.10721221333369613,0.662831415707854,0.07669772952795029,0.050837664644589366,0.0,0.0,0.0
1327,0.5760678648948669,0.0,0.00023311909171752632,0.0,20.0,0.0017507008742541075,0.03501401748508215,20.0,6.645906250923872e-05,0.0013291812501847744,10.0,0.011536845937371254,0.11536845937371254,25.0,3.8889538700459525e-05,0.0009722384675114881,9.949974987493746,0.0013738152338191867,0.013669427213938781,0.0,0.29399019479751587,0.0,500.0,0.0005033696070313454,0.2516848035156727,200.0,0.0005358562339097261,0.10717124678194523,0.6633316658329165,0.07667127996683121,0.05085848786194006,0.0,0.0,0.0
1328,0.5766350030899048,0.0,0.00023385489475913346,0.0,20.0,0.0017481910763308406,0.03496382152661681,20.0,6.798488175263628e-05,0.0013596976350527257,10.0,0.01153882872313261,0.1153882872313261,25.0,4.1603554564062506e-05,0.0010400888641015626,9.957478739369686,0.0014242129400372505,0.014181570070756115,0.0,0.29421016573905945,0.0,500.0,0.0005033392226323485,0.25166961131617427,200.0,0.0005357402842491865,0.1071480568498373,0.663831915957979,0.07665172219276428,0.05088385960470145,0.0,0.0,0.0
1329,0.5758048892021179,0.0,0.00023325649090111256,0.0,20.0,0.0017519373213872313,0.03503874642774463,20.0,6.813547224737704e-05,0.0013627094449475408,10.0,0.011537240818142891,0.11537240818142891,25.0,4.066318069817498e-05,0.0010165795174543746,9.964982491245623,0.0013142430689185858,0.013096409171014622,0.0,0.294216126203537,0.0,500.0,0.0005038444069214165,0.25192220346070826,200.0,0.0005354795139282942,0.10709590278565884,0.6643321660830416,0.07661820948123932,0.05089994106607595,0.0,0.0,0.0
1330,0.5772844552993774,0.0,0.00023227755445986986,0.0,20.0,0.001756123616360128,0.03512247232720256,20.0,6.691890303045511e-05,0.0013383780606091022,10.0,0.011530499905347824,0.11530499905347824,25.0,3.8474980101455e-05,0.0009618745025363751,9.97248624312156,0.0014122533611953259,0.01408367721632257,0.0,0.29415273666381836,0.0,500.0,0.0005049159517511725,0.25245797587558627,200.0,0.0005354902241379023,0.10709804482758045,0.6648324162081041,0.0765862762928009,0.05091703911612427,0.0,0.0,0.0
1331,0.5744035840034485,0.0,0.00023316324222832918,0.0,20.0,0.0017543252324685454,0.03508650464937091,20.0,6.542868504766375e-05,0.001308573700953275,10.0,0.011525296606123447,0.11525296606123447,25.0,3.901127274730243e-05,0.0009752818186825607,9.9799899949975,0.0012305981945246458,0.012281357669217952,0.0,0.2940884232521057,0.0,500.0,0.0005028967279940844,0.2514483639970422,200.0,0.0005355160683393478,0.10710321366786957,0.6653326663331666,0.0765741840004921,0.05094730601333391,0.0,0.0,0.0
1332,0.5743936896324158,0.0,0.00023395707830786705,0.0,20.0,0.001759527251124382,0.03519054502248764,20.0,6.574248254764825e-05,0.001314849650952965,10.0,0.011528276838362217,0.11528276838362217,25.0,3.8638296246062964e-05,0.0009659574061515741,9.987493746873437,0.0012475919211283326,0.01246031651091904,0.0,0.2941730320453644,0.0,500.0,0.000502329901792109,0.2511649508960545,200.0,0.00053527852287516,0.107055704575032,0.6658329164582291,0.07653357088565826,0.05095857070976045,0.0,0.0,0.0
1333,0.5755221247673035,0.0,0.0002342970110476017,0.0,20.0,0.0017678606091067195,0.03535721218213439,20.0,6.732478505000472e-05,0.0013464957010000944,10.0,0.011537062004208565,0.11537062004208565,25.0,3.766878216993064e-05,0.0009417195542482659,9.994997498749374,0.001312724780291319,0.013120680895558054,0.0,0.2943824827671051,0.0,500.0,0.000502846552990377,0.2514232764951885,200.0,0.0005350043647922575,0.10700087295845151,0.6663331665832917,0.07648014277219772,0.05096125571414076,0.0,0.0,0.0
1334,0.5786395072937012,0.0,0.00023385111126117408,0.0,20.0,0.0017738736933097243,0.03547747386619449,20.0,6.916797428857535e-05,0.001383359485771507,10.0,0.011543328873813152,0.11543328873813152,25.0,3.6708155676024035e-05,0.0009177038919006009,10.002501250625313,0.0014756645541638136,0.01476033654852699,0.0,0.2944069802761078,0.0,500.0,0.0005053807399235666,0.2526903699617833,200.0,0.0005349965649656951,0.10699931299313903,0.6668334167083542,0.07644733786582947,0.050977639507329,0.0,0.0,0.0
1335,0.575459361076355,0.0,0.00023468435392715037,0.0,20.0,0.001771520241163671,0.03543040482327342,20.0,6.853813101770356e-05,0.0013707626203540713,10.0,0.011545738205313683,0.11545738205313683,25.0,3.6743891541846097e-05,0.0009185972885461524,10.01000500250125,0.0012352097546681762,0.012364455823366786,0.0,0.2944470942020416,0.0,500.0,0.0005037761875428259,0.25188809377141297,200.0,0.0005350317806005478,0.10700635612010956,0.6673336668334167,0.07645849138498306,0.051023325416491946,0.0,0.0,0.0
1336,0.5759782195091248,0.0,0.00023436237825080752,0.0,20.0,0.0017670560628175735,0.03534112125635147,20.0,6.692542956443503e-05,0.0013385085912887007,10.0,0.01154272723942995,0.11542727239429951,25.0,3.5647230106405914e-05,0.0008911807526601478,10.01750875437719,0.0013076660688966513,0.01309955629297421,0.0,0.29436904191970825,0.0,500.0,0.0005035216454416513,0.25176082272082567,200.0,0.0005353371379896998,0.10706742759793997,0.6678339169584793,0.07644475251436234,0.05105239850258816,0.0,0.0,0.0
1337,0.5761821866035461,0.0,0.00023349217372015119,0.0,20.0,0.0017618322744965553,0.03523664548993111,20.0,6.555915024364367e-05,0.0013111830048728734,10.0,0.011539565399289131,0.11539565399289131,25.0,3.4599197533680126e-05,0.0008649799383420032,10.025012506253127,0.001293022884055972,0.012962570583532607,0.0,0.29411882162094116,0.0,500.0,0.0005043598357588053,0.25217991787940264,200.0,0.000535659259185195,0.107131851837039,0.6683341670835418,0.0764579102396965,0.051099433756995764,0.0,0.0,0.0
1338,0.5772360563278198,0.0,0.00023229469661600888,0.0,20.0,0.0017587238689884543,0.03517447737976909,20.0,6.500801828224212e-05,0.0013001603656448424,10.0,0.011538543738424778,0.11538543738424778,25.0,3.3514268579892814e-05,0.0008378567144973204,10.032516258129064,0.0013037171447649598,0.013079563450856061,0.0,0.2939675450325012,0.0,500.0,0.0005062977434135973,0.2531488717067987,200.0,0.0005358614143915474,0.10717228287830949,0.6688344172086043,0.07645746320486069,0.0511373828438713,0.0,0.0,0.0
1339,0.5766395330429077,0.0,0.00023288351076189429,0.0,20.0,0.001750172465108335,0.0350034493021667,20.0,6.545694486703724e-05,0.0013091388973407447,10.0,0.011539706960320473,0.11539706960320473,25.0,3.591217682696879e-05,0.0008978044206742197,10.040020010005003,0.0013312416849657893,0.013365693155209302,0.0,0.29406142234802246,0.0,500.0,0.000504631141666323,0.2523155708331615,200.0,0.0005358671769499779,0.10717343538999557,0.6693346673336669,0.07646007835865021,0.05117738111249324,0.0,0.0,0.0
1340,0.578994631767273,0.0,0.00023305611102841794,0.0,20.0,0.0017474405467510223,0.03494881093502045,20.0,6.714496703352779e-05,0.0013428993406705558,10.0,0.011541754938662052,0.11541754938662052,25.0,3.7944657378830016e-05,0.0009486164344707504,10.04752376188094,0.001558066694997251,0.015654712140580184,0.0,0.2941425144672394,0.0,500.0,0.0005046626320108771,0.25233131600543857,200.0,0.0005356912733986974,0.10713825467973948,0.6698349174587294,0.07645530253648758,0.05121243126381034,0.0,0.0,0.0
1341,0.5783976316452026,0.0,0.00023248094657901675,0.0,20.0,0.0017481017857789993,0.03496203571557999,20.0,6.872787344036624e-05,0.0013745574688073248,10.0,0.011539130471646786,0.11539130471646786,25.0,3.902041135006584e-05,0.0009755102837516461,10.055027513756878,0.0014194282703101635,0.014272390311773029,0.0,0.2942385971546173,0.0,500.0,0.0005061146803200245,0.25305734016001225,200.0,0.0005355653120204806,0.10711306240409613,0.6703351675837919,0.07645642012357712,0.05125142719639486,0.0,0.0,0.0
1342,0.5772417783737183,0.0,0.0002321267093066126,0.0,20.0,0.0017488942248746753,0.034977884497493505,20.0,6.749771273462102e-05,0.0013499542546924204,10.0,0.011528005823493004,0.11528005823493004,25.0,3.8547055737581104e-05,0.0009636763934395276,10.062531265632817,0.0013625912833958864,0.013711117391449854,0.0,0.29416391253471375,0.0,500.0,0.0005050732870586216,0.2525366435293108,200.0,0.0005356937181204557,0.10713874362409115,0.6708354177088545,0.07644757628440857,0.05128374176958074,0.0,0.0,0.0
1343,0.5732430219650269,0.0,0.00023302866611629725,0.0,20.0,0.0017495912034064531,0.03499182406812906,20.0,6.529763777507469e-05,0.0013059527555014938,10.0,0.01151298452168703,0.11512984521687031,25.0,3.864722384605557e-05,0.0009661805961513892,10.070035017508754,0.001102233538404107,0.011099530329201938,0.0,0.29416152834892273,0.0,500.0,0.0005025690188631415,0.25128450943157077,200.0,0.0005357010522857308,0.10714021045714617,0.671335667833917,0.07645201683044434,0.051324965776116206,0.0,0.0,0.0
1344,0.5738375782966614,0.0,0.00023333201534114778,0.0,20.0,0.0017579933628439903,0.035159867256879807,20.0,6.519041926367208e-05,0.0013038083852734417,10.0,0.011512849479913712,0.11512849479913712,25.0,3.6548703064909205e-05,0.0009137175766227301,10.077538769384692,0.0011400271905586123,0.011488668211007125,0.0,0.29416900873184204,0.0,500.0,0.0005027846782468259,0.25139233912341297,200.0,0.0005355269531719387,0.10710539063438773,0.6718359179589795,0.07642532140016556,0.051345275958190266,0.0,0.0,0.0
1345,0.5803545117378235,0.0,0.0002334055316168815,0.0,20.0,0.0017735257279127836,0.03547051455825567,20.0,6.773961649741977e-05,0.0013547923299483955,10.0,0.011528516188263893,0.11528516188263893,25.0,3.337678572279401e-05,0.0008344196430698503,10.08504252126063,0.001611187937669456,0.016248898861138686,0.0,0.29429471492767334,0.0,500.0,0.0005054459907114506,0.2527229953557253,200.0,0.0005353299784474075,0.1070659956894815,0.6723361680840421,0.07640784233808517,0.05137175592915782,0.0,0.0,0.0
1346,0.5775192379951477,0.0,0.00023483388940803707,0.0,20.0,0.0017776181921362877,0.035552363842725754,20.0,6.982633203733712e-05,0.0013965266407467425,10.0,0.01154367532581091,0.11543675325810909,25.0,3.3374402846675366e-05,0.0008343600711668842,10.092546273136568,0.0013218270614743233,0.013340600783013742,0.0,0.29439109563827515,0.0,500.0,0.0005050492472946644,0.2525246236473322,200.0,0.000535174214746803,0.10703484294936061,0.6728364182091046,0.07639180123806,0.05139918592555813,0.0,0.0,0.0
1347,0.5779958367347717,0.0,0.00023587494797538966,0.0,20.0,0.0017734954599291086,0.03546990919858217,20.0,6.908278737682849e-05,0.0013816557475365698,10.0,0.011551756411790848,0.11551756411790848,25.0,3.305984500912018e-05,0.0008264961252280045,10.100050025012505,0.0014266015496104956,0.014408747016826364,0.0,0.29430845379829407,0.0,500.0,0.0005037908558733761,0.25189542793668807,200.0,0.0005354029126465321,0.10708058252930641,0.673336668334167,0.07635921239852905,0.051415457673046575,0.0,0.0,0.0
1348,0.5787830948829651,0.0,0.00023544291616417468,0.0,20.0,0.001763278036378324,0.03526556072756648,20.0,6.776453665224835e-05,0.001355290733044967,10.0,0.011554200202226639,0.11554200202226639,25.0,3.308306622784585e-05,0.0008270766556961462,10.107553776888444,0.001497261575423181,0.015133651891658516,0.0,0.29418984055519104,0.0,500.0,0.000504092953633517,0.2520464768167585,200.0,0.000535715080332011,0.1071430160664022,0.6738369184592297,0.07638350129127502,0.05147002313123935,0.0,0.0,0.0
1349,0.5781121850013733,0.0,0.0002337168261874467,0.0,20.0,0.0017535255756229162,0.035070511512458324,20.0,6.669382855761796e-05,0.0013338765711523592,10.0,0.011555420234799385,0.11555420234799385,25.0,3.233290044590831e-05,0.0008083225111477077,10.115057528764382,0.0013417721493169665,0.013572102480834949,0.0,0.2938181459903717,0.0,500.0,0.0005060686962679029,0.2530343481339514,200.0,0.0005360739305615425,0.1072147861123085,0.6743371685842922,0.07640694826841354,0.051524045155488474,0.0,0.0,0.0
1350,0.5833350419998169,0.0,0.00023154439986683428,0.0,20.0,0.0017502246191725135,0.03500449238345027,20.0,6.597405445063487e-05,0.0013194810890126973,10.0,0.011553387157619,0.11553387157619,25.0,3.078999725403264e-05,0.000769749931350816,10.122561280640321,0.0016540882643312216,0.016743609819280775,0.0,0.29375723004341125,0.0,500.0,0.000510183279402554,0.255091639701277,200.0,0.0005365785327740014,0.10731570655480027,0.6748374187093547,0.07639831304550171,0.05155644036937559,0.0,0.0,0.0
1351,0.5781441926956177,0.0,0.00023178730043582618,0.0,20.0,0.00174671970307827,0.0349343940615654,20.0,6.464518082793802e-05,0.0012929036165587604,10.0,0.011550470255315304,0.11550470255315304,25.0,3.1114803277887404e-05,0.0007778700819471851,10.130065032516258,0.001198586542159319,0.01214175961917269,0.0,0.2936927080154419,0.0,500.0,0.0005090793129056692,0.2545396564528346,200.0,0.0005368975689634681,0.10737951379269361,0.6753376688344173,0.0763668641448021,0.05157342000774529,0.0,0.0,0.0
1352,0.5758042335510254,0.0,0.00023323741334024817,0.0,20.0,0.0017557860119268298,0.035115720238536596,20.0,6.483530160039663e-05,0.0012967060320079327,10.0,0.011551623232662678,0.11551623232662678,25.0,3.116223888355307e-05,0.0007790559720888268,10.137568784392196,0.0010793206747621298,0.010941687580817688,0.0,0.293693870306015,0.0,500.0,0.0005066838348284364,0.2533419174142182,200.0,0.0005361703224480152,0.10723406448960304,0.6758379189594798,0.0763183981180191,0.05157886736240311,0.0,0.0,0.0
1353,0.5759139657020569,0.0,0.00023446875275112689,0.0,20.0,0.0017718294402584434,0.03543658880516887,20.0,6.686402775812894e-05,0.0013372805551625788,10.0,0.011557035148143768,0.11557035148143768,25.0,3.110082252533175e-05,0.0007775205631332938,10.145072536268135,0.0011351408902555704,0.011516086670526749,0.0,0.2940331995487213,0.0,500.0,0.0005051535554230213,0.25257677771151066,200.0,0.0005354442400857806,0.10708884801715612,0.6763381690845423,0.07630877941846848,0.05161054015696317,0.0,0.0,0.0
1354,0.5779024958610535,0.0,0.0002351318980799988,0.0,20.0,0.0017866278067231178,0.03573255613446236,20.0,6.888437201268971e-05,0.0013776874402537942,10.0,0.011563374660909176,0.11563374660909176,25.0,3.0566781788365915e-05,0.0007641695447091479,10.152576288144072,0.0012631828431040049,0.012824560180488134,0.0,0.2941802442073822,0.0,500.0,0.0005057287053205073,0.25286435266025364,200.0,0.0005354162422008812,0.10708324844017625,0.6768384192096047,0.07626955956220627,0.05162216812789648,0.0,0.0,0.0
1355,0.5774009823799133,0.0,0.00023673029500059783,0.0,20.0,0.0017871789168566465,0.03574357833713293,20.0,7.02068573446013e-05,0.001404137146892026,10.0,0.011564850807189941,0.11564850807189941,25.0,3.352395287947729e-05,0.0008380988219869323,10.16008004002001,0.001328134909272194,0.013493956982150203,0.0,0.29433387517929077,0.0,500.0,0.0005029999301768839,0.25149996508844197,200.0,0.0005355602479539812,0.10711204959079623,0.6773386693346674,0.07627014070749283,0.05166071561678104,0.0,0.0,0.0
1356,0.5791882276535034,0.0,0.00023715989664196968,0.0,20.0,0.001778999692760408,0.03557999385520816,20.0,7.112474122550339e-05,0.0014224948245100677,10.0,0.011561738327145576,0.11561738327145576,25.0,3.751556505449116e-05,0.0009378891263622791,10.167583791895948,0.0015335808275267482,0.015592811565523342,0.0,0.29438090324401855,0.0,500.0,0.0005024222773499787,0.25121113867498934,200.0,0.0005355749744921923,0.10711499489843845,0.6778389194597298,0.0762888565659523,0.051711556101483425,0.0,0.0,0.0
1357,0.579785943031311,0.0,0.00023575135855935514,0.0,20.0,0.0017672976246103644,0.03534595249220729,20.0,7.030674896668643e-05,0.0014061349793337286,10.0,0.011551071889698505,0.11551071889698505,25.0,3.9732560253469273e-05,0.0009933140063367318,10.175087543771886,0.0016225081635639071,0.01650916260474731,0.0,0.29423680901527405,0.0,500.0,0.0005023223347961903,0.25116116739809513,200.0,0.0005354234599508345,0.1070846919901669,0.6783391695847923,0.07632581144571304,0.05177478755397043,0.0,0.0,0.0
1358,0.5777711272239685,0.0,0.00023288564989343286,0.0,20.0,0.0017562865978106856,0.03512573195621371,20.0,6.825067976024002e-05,0.0013650135952048004,10.0,0.011535651050508022,0.11535651050508022,25.0,3.943661431549117e-05,0.0009859153578872792,10.182591295647823,0.0013551810989156365,0.013799255261844811,0.0,0.2938975393772125,0.0,500.0,0.0005041868425905704,0.2520934212952852,200.0,0.0005360498325899243,0.10720996651798487,0.678839419709855,0.07635869085788727,0.0518352893917724,0.0,0.0,0.0
1359,0.5819814801216125,0.0,0.00023065971618052572,0.0,20.0,0.0017463298281654716,0.03492659656330943,20.0,6.523891352117062e-05,0.0013047782704234123,10.0,0.011520473286509514,0.11520473286509514,25.0,3.830042987829074e-05,0.0009575107469572686,10.190095047523762,0.0016391414683312178,0.016703007358632768,0.0,0.29365164041519165,0.0,500.0,0.0005069957696832716,0.2534978848416358,200.0,0.0005374226602725685,0.10748453205451369,0.6793396698349174,0.0764012336730957,0.05190238885846121,0.0,0.0,0.0
1360,0.5791608691215515,0.0,0.00023076729848980904,0.0,20.0,0.0017355100717395544,0.03471020143479109,20.0,6.31501607131213e-05,0.001263003214262426,10.0,0.01151310745626688,0.1151310745626688,25.0,3.96182804252021e-05,0.0009904570106300525,10.1975987993997,0.0014544494915753603,0.014831892389076397,0.0,0.29369229078292847,0.0,500.0,0.0005052162450738251,0.25260812253691256,200.0,0.0005383914685808122,0.10767829371616244,0.6798399199599799,0.07641185820102692,0.051947831563379475,0.0,0.0,0.0
1361,0.577141523361206,0.0,0.0002331621217308566,0.0,20.0,0.001728902803733945,0.0345780560746789,20.0,6.325832509901375e-05,0.001265166501980275,10.0,0.011519651859998703,0.11519651859998703,25.0,4.286045805201866e-05,0.0010715114513004664,10.205102551275639,0.0013710152124986053,0.013991350842907228,0.0,0.29376718401908875,0.0,500.0,0.0005028301966376603,0.25141509831883013,200.0,0.0005381921655498445,0.1076384331099689,0.6803401700850426,0.07641091197729111,0.051985412850983445,0.0,0.0,0.0
1362,0.578747034072876,0.0,0.00023446805425919592,0.0,20.0,0.001733702956698835,0.0346740591339767,20.0,6.562134512932971e-05,0.0013124269025865942,10.0,0.011538460850715637,0.11538460850715637,25.0,4.344770422903821e-05,0.0010861926057259552,10.212606303151576,0.00147068384103477,0.015019515064894863,0.0,0.29392245411872864,0.0,500.0,0.0005037172813899815,0.25185864069499075,200.0,0.0005370206199586391,0.10740412399172783,0.680840420210105,0.07638712227344513,0.05200744042729306,0.0,0.0,0.0
1363,0.5815311670303345,0.0,0.00023450861044693738,0.0,20.0,0.0017494395142421126,0.03498879028484225,20.0,6.765291618648916e-05,0.0013530583237297833,10.0,0.011559871025383472,0.11559871025383472,25.0,3.961178663303144e-05,0.000990294665825786,10.220110055027513,0.0015932442620396614,0.016283131702586433,0.0,0.2940719723701477,0.0,500.0,0.0005063579301349819,0.25317896506749094,200.0,0.0005356533802114427,0.10713067604228854,0.6813406703351675,0.07633119076490402,0.05200754468324126,0.0,0.0,0.0
1364,0.5805639028549194,0.0,0.00023354048607870936,0.0,20.0,0.0017664383631199598,0.0353287672623992,20.0,6.696893251501024e-05,0.0013393786503002048,10.0,0.01156553439795971,0.11565534397959709,25.0,3.4065928048221394e-05,0.0008516482012055349,10.227613806903452,0.0013230204349383712,0.013531342067191096,0.0,0.29399287700653076,0.0,500.0,0.0005096411914564669,0.25482059572823346,200.0,0.0005351718864403665,0.1070343772880733,0.6818409204602301,0.07626771926879883,0.052002451907640225,0.0,0.0,0.0
1365,0.5798536539077759,0.0,0.00023415082250721753,0.0,20.0,0.0017753352876752615,0.03550670575350523,20.0,6.504987686639652e-05,0.0013009975373279303,10.0,0.011566192843019962,0.11566192843019962,25.0,3.139892214676365e-05,0.0007849730536690913,10.23511755877939,0.0012858210830017924,0.013160529944080377,0.0,0.2940610945224762,0.0,500.0,0.0005086988676339388,0.2543494338169694,200.0,0.0005353862652555108,0.10707725305110216,0.6823411705852926,0.07622560113668442,0.05201186590817286,0.0,0.0,0.0
1366,0.5796477794647217,0.0,0.00023586349561810493,0.0,20.0,0.0017731618136167526,0.03546323627233505,20.0,6.307163857854903e-05,0.0012614327715709805,10.0,0.01155987661331892,0.1155987661331892,25.0,3.2646654290147126e-05,0.0008161663572536781,10.242621310655327,0.0014555761590600014,0.014908915386069798,0.0,0.2942289710044861,0.0,500.0,0.0005049221217632294,0.2524610608816147,200.0,0.0005355993052944541,0.10711986105889082,0.6828414207103551,0.07617925107479095,0.052018348032561106,0.0,0.0,0.0
1367,0.5780022144317627,0.0,0.000235981511650607,0.0,20.0,0.0017764316871762276,0.03552863374352455,20.0,6.333794590318576e-05,0.001266758918063715,10.0,0.01155848614871502,0.11558486148715019,25.0,3.299547825008631e-05,0.0008248869562521577,10.250125062531266,0.0013023908250033855,0.013349668836577974,0.0,0.29429757595062256,0.0,500.0,0.0005046569276601076,0.2523284638300538,200.0,0.000535449362359941,0.1070898724719882,0.6833416708354177,0.0761391893029213,0.0520290808343124,0.0,0.0,0.0
1368,0.5789633393287659,0.0,0.0002347283298149705,0.0,20.0,0.0017826161347329617,0.03565232269465923,20.0,6.600632332265377e-05,0.0013201264664530754,10.0,0.011560137383639812,0.11560137383639812,25.0,3.346020821481943e-05,0.0008365052053704858,10.257628814407203,0.0012857490219175816,0.013188736215317664,0.0,0.29442083835601807,0.0,500.0,0.0005065280711278319,0.25326403556391597,200.0,0.0005352951120585203,0.10705902241170406,0.6838419209604802,0.07610125839710236,0.05204123072978435,0.0,0.0,0.0
1369,0.578479528427124,0.0,0.00023451859306078404,0.0,20.0,0.001778733334504068,0.03557466669008136,20.0,6.766588194295764e-05,0.0013533176388591528,10.0,0.011558027938008308,0.11558027938008308,25.0,3.644264870672487e-05,0.0009110662176681217,10.26513256628314,0.001259133336134255,0.012925170614044476,0.0,0.29440346360206604,0.0,500.0,0.000506085401866585,0.2530427009332925,200.0,0.000535246916115284,0.1070493832230568,0.6843421710855427,0.07604809105396271,0.05204291573877988,0.0,0.0,0.0
1370,0.5786902904510498,0.0,0.00023477250942960382,0.0,20.0,0.001771031180396676,0.03542062360793352,20.0,6.758143717888743e-05,0.0013516287435777485,10.0,0.011550781317055225,0.11550781317055225,25.0,3.95454335375689e-05,0.0009886358384392224,10.27263631815908,0.0013933400623500347,0.014313275728043003,0.0,0.2943249046802521,0.0,500.0,0.0005039446987211704,0.2519723493605852,200.0,0.0005352657753974199,0.10705315507948399,0.6848424212106053,0.07605087012052536,0.05208286202851387,0.0,0.0,0.0
1371,0.5783194303512573,0.0,0.0002347330591874197,0.0,20.0,0.0017617437988519669,0.03523487597703934,20.0,6.662910163868219e-05,0.0013325820327736437,10.0,0.011542048305273056,0.11542048305273056,25.0,4.19628486270085e-05,0.0010490712156752124,10.280140070035017,0.0014276423025876284,0.014676362840508135,0.0,0.29430457949638367,0.0,500.0,0.0005027488805353642,0.2513744402676821,200.0,0.0005355786415748298,0.10711572831496596,0.6853426713356678,0.0760434940457344,0.05211585134700157,0.0,0.0,0.0
1372,0.5781720280647278,0.0,0.00023347549722529948,0.0,20.0,0.0017576050013303757,0.03515210002660751,20.0,6.635078898398206e-05,0.0013270157796796411,10.0,0.011535126715898514,0.11535126715898514,25.0,4.2378575017210096e-05,0.0010594643754302524,10.287643821910956,0.0013747161719948053,0.014142590333703438,0.0,0.2941058576107025,0.0,500.0,0.0005037484224885702,0.2518742112442851,200.0,0.0005355990724638104,0.10711981449276209,0.6858429214607303,0.07603143900632858,0.052145624250963724,0.0,0.0,0.0
1373,0.5778765082359314,0.0,0.00023264542687684298,0.0,20.0,0.0017525901785120368,0.035051803570240736,20.0,6.552212289534509e-05,0.0013104424579069018,10.0,0.011528835631906986,0.11528835631906986,25.0,4.2653573473216966e-05,0.0010663393368304241,10.295147573786894,0.0013165214331820607,0.013553782438662737,0.0,0.29406943917274475,0.0,500.0,0.0005044364370405674,0.2522182185202837,200.0,0.0005358921480365098,0.10717842960730195,0.6863431715857929,0.07606855034828186,0.05220913010397334,0.0,0.0,0.0
1374,0.5793306231498718,0.0,0.00023202870215754956,0.0,20.0,0.0017513914499431849,0.0350278289988637,20.0,6.454510003095493e-05,0.0012909020006190985,10.0,0.011523204855620861,0.11523204855620861,25.0,4.177964729024097e-05,0.0010444911822560243,10.302651325662831,0.0014031825121492147,0.01445650016894101,0.0,0.2940097153186798,0.0,500.0,0.0005054785870015621,0.25273929350078106,200.0,0.0005363323725759983,0.10726647451519966,0.6868434217108554,0.07610628753900528,0.052273102947000626,0.0,0.0,0.0
1375,0.5758901834487915,0.0,0.00023349450202658772,0.0,20.0,0.0017480760579928756,0.03496152115985751,20.0,6.34401076240465e-05,0.00126880215248093,10.0,0.011519641615450382,0.11519641615450382,25.0,4.298207932151854e-05,0.0010745519830379635,10.31015507753877,0.0011704867938533425,0.012067900360839115,0.0,0.29404109716415405,0.0,500.0,0.0005033161141909659,0.25165805709548295,200.0,0.0005366416880860925,0.1073283376172185,0.6873436718359179,0.07614036649465561,0.05233459908136909,0.0,0.0,0.0
1376,0.5773516297340393,0.0,0.000233627506531775,0.0,20.0,0.0017543341964483261,0.03508668392896652,20.0,6.399186531780288e-05,0.0012798373063560575,10.0,0.011525670066475868,0.11525670066475868,25.0,4.12916015193332e-05,0.00103229003798333,10.317658829414707,0.0012585478834807873,0.012985267682236738,0.0,0.29406502842903137,0.0,500.0,0.0005042387638241053,0.25211938191205263,200.0,0.0005360814393498003,0.10721628786996007,0.6878439219609805,0.07614398747682571,0.052375178979807584,0.0,0.0,0.0
1377,0.5799708962440491,0.0,0.0002333552693016827,0.0,20.0,0.001761381863616407,0.03522763727232814,20.0,6.481248419731855e-05,0.001296249683946371,10.0,0.011531922966241837,0.11531922966241837,25.0,3.9217713492689654e-05,0.0009804428373172414,10.325162581290645,0.0014046432916074991,0.014503170354566674,0.0,0.2940535247325897,0.0,500.0,0.0005062166601419449,0.25310833007097244,200.0,0.0005356676992960274,0.10713353985920548,0.688344172086043,0.0761280357837677,0.052402289764114235,0.0,0.0,0.0
1378,0.5797652006149292,0.0,0.000234550578170456,0.0,20.0,0.0017595048993825912,0.035190097987651825,20.0,6.505139754153788e-05,0.0013010279508307576,10.0,0.011537265032529831,0.11537265032529831,25.0,3.998280590167269e-05,0.0009995701475418173,10.332666333166584,0.0014488331507891417,0.014970309519534628,0.0,0.29414260387420654,0.0,500.0,0.0005049181636422873,0.2524590818211436,200.0,0.0005353180458769202,0.10706360917538404,0.6888444222111055,0.07608233392238617,0.052408891351238496,0.0,0.0,0.0
1379,0.5787178874015808,0.0,0.00023437732306774706,0.0,20.0,0.0017605794128030539,0.03521158825606108,20.0,6.527865480165929e-05,0.0013055730960331857,10.0,0.011539648286998272,0.11539648286998272,25.0,3.91066241718363e-05,0.0009776656042959075,10.340170085042521,0.0013208056334406137,0.013657354899058272,0.0,0.2941519021987915,0.0,500.0,0.0005053714266978204,0.2526857133489102,200.0,0.00053537538042292,0.107075076084584,0.689344672336168,0.07602637261152267,0.05240837491679752,0.0,0.0,0.0
1380,0.5796027183532715,0.0,0.00023395242169499397,0.0,20.0,0.0017643223982304335,0.03528644796460867,20.0,6.525868957396597e-05,0.0013051737914793193,10.0,0.011540139093995094,0.11540139093995094,25.0,3.740307511179708e-05,0.000935076877794927,10.347673836918458,0.0013398824958130717,0.013864667046469928,0.0,0.2941287159919739,0.0,500.0,0.0005065827863290906,0.2532913931645453,200.0,0.0005354690365493298,0.10709380730986595,0.6898449224612306,0.07599500566720963,0.052424768791937006,0.0,0.0,0.0
1381,0.578302800655365,0.0,0.00023459084331989288,0.0,20.0,0.0017627463676035404,0.03525492735207081,20.0,6.60278819850646e-05,0.001320557639701292,10.0,0.011543658562004566,0.11543658562004566,25.0,3.835674942820333e-05,0.0009589187357050832,10.355177588794398,0.0012470806250348687,0.012913741339780783,0.0,0.2942899763584137,0.0,500.0,0.0005058138631284237,0.25290693156421185,200.0,0.000535453436896205,0.10709068737924099,0.6903451725862931,0.07593368738889694,0.05242045452560169,0.0,0.0,0.0
1382,0.5787558555603027,0.0,0.00023517129011452198,0.0,20.0,0.0017626684857532382,0.035253369715064764,20.0,6.666065019089729e-05,0.0013332130038179457,10.0,0.011543731205165386,0.11543731205165386,25.0,3.923868280253373e-05,0.0009809670700633433,10.362681340670335,0.0013208371819928288,0.013687414819900675,0.0,0.2943141758441925,0.0,500.0,0.0005050842300988734,0.2525421150494367,200.0,0.0005355195607990026,0.10710391215980053,0.6908454227113556,0.07587448507547379,0.05241754071497213,0.0,0.0,0.0
1383,0.5787660479545593,0.0,0.00023532810155302286,0.0,20.0,0.0017624725587666035,0.03524945117533207,20.0,6.66639389237389e-05,0.001333278778474778,10.0,0.011541958898305893,0.11541958898305893,25.0,3.945794014725834e-05,0.0009864485036814585,10.370185092546274,0.0013356131967157125,0.013850556061989356,0.0,0.29434266686439514,0.0,500.0,0.0005048065213486552,0.2524032606743276,200.0,0.0005355085013434291,0.10710170026868582,0.6913456728364182,0.07582572847604752,0.052421789271584626,0.0,0.0,0.0
1384,0.5792235136032104,0.0,0.0002349222486373037,0.0,20.0,0.00176240224391222,0.0352480448782444,20.0,6.671507435385138e-05,0.0013343014870770276,10.0,0.011539611034095287,0.11539611034095287,25.0,3.9382695831591263e-05,0.0009845673957897816,10.377688844422211,0.0013571421150118113,0.01408399858725364,0.0,0.2943055331707001,0.0,500.0,0.0005053167697042227,0.25265838485211134,200.0,0.0005353408632799983,0.10706817265599966,0.6918459229614807,0.07581163197755814,0.05244996849672982,0.0,0.0,0.0
1385,0.5795193314552307,0.0,0.0002346216351725161,0.0,20.0,0.0017600532155483961,0.03520106431096792,20.0,6.631202268181369e-05,0.0013262404536362737,10.0,0.011536803096532822,0.11536803096532822,25.0,3.957212538807653e-05,0.0009893031347019132,10.385192596298149,0.001388442819006741,0.014419246084332137,0.0,0.29425719380378723,0.0,500.0,0.0005053802742622793,0.25269013713113964,200.0,0.0005352753214538097,0.10705506429076195,0.6923461730865432,0.07578614354133606,0.052470246453831464,0.0,0.0,0.0
1386,0.5765218734741211,0.0,0.00023503015108872205,0.0,20.0,0.0017554513178765774,0.03510902635753155,20.0,6.61763915559277e-05,0.0013235278311185539,10.0,0.01153438538312912,0.1153438538312912,25.0,4.110462396056391e-05,0.0010276155990140978,10.392696348174088,0.0011616076808422804,0.012072235902700538,0.0,0.2941752076148987,0.0,500.0,0.0005041349795646966,0.2520674897823483,200.0,0.0005353548331186175,0.1070709666237235,0.6928464232116058,0.07578467577695847,0.052507141546316895,0.0,0.0,0.0
1387,0.5792875289916992,0.0,0.00023487015278078616,0.0,20.0,0.0017554694786667824,0.03510938957333565,20.0,6.64445324218832e-05,0.001328890648437664,10.0,0.011534200981259346,0.11534200981259346,25.0,4.0868002542993054e-05,0.0010217000635748263,10.400200100050025,0.0014043753035366535,0.014605784172349688,0.0,0.29410335421562195,0.0,500.0,0.0005045222351327538,0.2522611175663769,200.0,0.000535443949047476,0.10708878980949521,0.6933466733366683,0.07576269656419754,0.052529813625801794,0.0,0.0,0.0
1388,0.5781053304672241,0.0,0.00023488365695811808,0.0,20.0,0.0017543528228998184,0.03508705645799637,20.0,6.632800068473443e-05,0.0013265600136946887,10.0,0.011531063355505466,0.11531063355505466,25.0,4.0716953662922606e-05,0.0010179238415730651,10.407703851925962,0.0012981620384380221,0.013510886047875462,0.0,0.29405641555786133,0.0,500.0,0.0005042969714850187,0.25214848574250937,200.0,0.0005356045439839363,0.10712090879678726,0.6938469234617308,0.07578450441360474,0.05258284523345161,0.0,0.0,0.0
1389,0.5769239664077759,0.0,0.0002346535911783576,0.0,20.0,0.001750910421833396,0.03501820843666792,20.0,6.578125612577423e-05,0.0013156251225154847,10.0,0.01152891293168068,0.1152891293168068,25.0,4.024257214041427e-05,0.0010060643035103567,10.415207603801901,0.0011910813627764583,0.012405359666336099,0.0,0.29401105642318726,0.0,500.0,0.000504173047374934,0.252086523687467,200.0,0.000535820669028908,0.1071641338057816,0.6943471735867934,0.07581061124801636,0.052638883647947325,0.0,0.0,0.0
1390,0.5809475183486938,0.0,0.0002341381914447993,0.0,20.0,0.0017501370748504996,0.03500274149700999,20.0,6.587474490515888e-05,0.0013174948981031775,10.0,0.01153249479830265,0.1153249479830265,25.0,3.887179627781734e-05,0.0009717949069454335,10.422711355677839,0.0015292844036594033,0.015939289920081874,0.0,0.2940274178981781,0.0,500.0,0.000505104660987854,0.252552330493927,200.0,0.0005358218913897872,0.10716437827795744,0.6948474237118559,0.07580731064081192,0.052674514497292525,0.0,0.0,0.0
1391,0.5768469572067261,0.0,0.00023569108452647924,0.0,20.0,0.0017469337908551097,0.034938675817102194,20.0,6.569722609128803e-05,0.0013139445218257606,10.0,0.011538850143551826,0.11538850143551826,25.0,3.943135743611492e-05,0.000985783935902873,10.430215107553776,0.0012041444424539804,0.012559485555360425,0.0,0.2940855324268341,0.0,500.0,0.0005036438815295696,0.2518219407647848,200.0,0.000535710365511477,0.1071420731022954,0.6953476738369184,0.07578444480895996,0.05269653741093264,0.0,0.0,0.0
1392,0.5808602571487427,0.0,0.00023594510275870562,0.0,20.0,0.001752316951751709,0.03504633903503418,20.0,6.748435407644138e-05,0.0013496870815288275,10.0,0.011551636271178722,0.11551636271178722,25.0,3.815765740000643e-05,0.0009539414350001607,10.437718859429715,0.0015301537932828069,0.01597131510597587,0.0,0.2941654622554779,0.0,500.0,0.0005044318968430161,0.2522159484215081,200.0,0.0005354310851544142,0.10708621703088284,0.695847923961981,0.07576428353786469,0.052720419410290036,0.0,0.0,0.0
1393,0.5815282464027405,0.0,0.00023456834605894983,0.0,20.0,0.0017585050081834197,0.035170100163668394,20.0,6.757700612070039e-05,0.0013515401224140078,10.0,0.011555403470993042,0.11555403470993042,25.0,3.469529838184826e-05,0.0008673824595462065,10.445222611305653,0.001436794176697731,0.015007635022235429,0.0,0.29404929280281067,0.0,500.0,0.000507394433952868,0.253697216976434,200.0,0.0005356301553547382,0.10712603107094765,0.6963481740870435,0.07575853168964386,0.052754315213598926,0.0,0.0,0.0
1394,0.5809215903282166,0.0,0.00023498092195950449,0.0,20.0,0.0017591634532436728,0.03518326906487346,20.0,6.639752245973796e-05,0.0013279504491947591,10.0,0.01155813317745924,0.1155813317745924,25.0,3.322105112602003e-05,0.0008305262781505007,10.452726363181592,0.0014048300217837095,0.01468430380448755,0.0,0.2940463125705719,0.0,500.0,0.0005067987367510796,0.2533993683755398,200.0,0.000535650469828397,0.10713009396567941,0.696848424212106,0.07574784010648727,0.05278476301567622,0.0,0.0,0.0
1395,0.5801184177398682,0.0,0.0002363495295867324,0.0,20.0,0.0017547024181112647,0.035094048362225294,20.0,6.552868580911309e-05,0.0013105737161822617,10.0,0.011562218889594078,0.11562218889594078,25.0,3.3909040212165564e-05,0.0008477260053041391,10.460230115057529,0.001410413533449173,0.014753250117269738,0.0,0.294099360704422,0.0,500.0,0.0005050950567238033,0.25254752836190164,200.0,0.000535749364644289,0.1071498729288578,0.6973486743371686,0.07570566236972809,0.052793243293347156,0.0,0.0,0.0
1396,0.5795124173164368,0.0,0.00023633867385797203,0.0,20.0,0.001755460980348289,0.03510921960696578,20.0,6.675021722912788e-05,0.0013350043445825577,10.0,0.011569121852517128,0.11569121852517128,25.0,3.411700527067296e-05,0.000852925131766824,10.467733866933466,0.0013266158057376742,0.013886661198129481,0.0,0.29413431882858276,0.0,500.0,0.0005053473869338632,0.2526736934669316,200.0,0.0005357677582651377,0.10715355165302753,0.6978489244622311,0.07567568123340607,0.05281019275667907,0.0,0.0,0.0
1397,0.5814258456230164,0.0,0.00023532532213721424,0.0,20.0,0.001760765677317977,0.03521531354635954,20.0,6.972747360123321e-05,0.0013945494720246643,10.0,0.011576255783438683,0.11576255783438683,25.0,3.420908615225926e-05,0.0008552271538064815,10.475237618809405,0.0013345424085855484,0.013979648842311848,0.0,0.29416871070861816,0.0,500.0,0.0005085418233647943,0.2542709116823971,200.0,0.0005355406319722533,0.10710812639445066,0.6983491745872936,0.07566345483064651,0.05283951122740497,0.0,0.0,0.0
1398,0.5812879204750061,0.0,0.00023591403441969305,0.0,20.0,0.0017589892959222198,0.035179785918444395,20.0,7.130193989723921e-05,0.0014260387979447842,10.0,0.011578399688005447,0.11578399688005447,25.0,3.6695331800729036e-05,0.0009173832950182259,10.482741370685343,0.001348410383798182,0.014135037314902904,0.0,0.29423126578330994,0.0,500.0,0.0005077332025393844,0.2538666012696922,200.0,0.0005355286994017661,0.10710573988035321,0.6988494247123562,0.07565763592720032,0.052873295342820835,0.0,0.0,0.0
1399,0.5790831446647644,0.0,0.00023661970044486225,0.0,20.0,0.0017563122091814876,0.03512624418362975,20.0,6.865294562885538e-05,0.0013730589125771075,10.0,0.011567828245460987,0.11567828245460987,25.0,3.704104165080935e-05,0.0009260260412702337,10.49024512256128,0.0013287528418004513,0.013938943017786623,0.0,0.2940784692764282,0.0,500.0,0.0005040002288296819,0.25200011441484094,200.0,0.000535641040187329,0.10712820803746581,0.6993496748374187,0.07565919309854507,0.052912232091928975,0.0,0.0,0.0
1400,0.5786301493644714,0.0,0.00023660672013647854,0.0,20.0,0.0017526167212054133,0.03505233442410827,20.0,6.547491648234427e-05,0.0013094983296468854,10.0,0.011554716154932976,0.11554716154932976,25.0,3.669452780741267e-05,0.0009173631951853167,10.49774887443722,0.0013283046428114176,0.01394420856898329,0.0,0.29390648007392883,0.0,500.0,0.0005033154739066958,0.2516577369533479,200.0,0.0005361968651413918,0.10723937302827835,0.6998499249624812,0.07567693293094635,0.05296249583311353,0.0,0.0,0.0
1401,0.5794201493263245,0.0,0.00023524515563622117,0.0,20.0,0.0017553658690303564,0.03510731738060713,20.0,6.472763925557956e-05,0.0012945527851115912,10.0,0.01155095361173153,0.11550953611731529,25.0,3.498604564811103e-05,0.0008746511412027758,10.505252626313156,0.0013117610942572355,0.013780381680541243,0.0,0.29366642236709595,0.0,500.0,0.0005051055923104286,0.2525527961552143,200.0,0.0005365089746192098,0.10730179492384195,0.7003501750875438,0.07567520439624786,0.05299914264869786,0.0,0.0,0.0
1402,0.5806778073310852,0.0,0.00023535400396212935,0.0,20.0,0.0017561543500050902,0.035123087000101805,20.0,6.692312308587134e-05,0.0013384624617174268,10.0,0.011560752056539059,0.11560752056539059,25.0,3.629052662290633e-05,0.0009072631655726582,10.512756378189094,0.0014475391944870353,0.015217626899522283,0.0,0.2937825918197632,0.0,500.0,0.0005045309662818909,0.25226548314094543,200.0,0.0005359570495784283,0.10719140991568565,0.7008504252126063,0.07566088438034058,0.053026962989923536,0.0,0.0,0.0
1403,0.579814612865448,0.0,0.00023637170670554042,0.0,20.0,0.0017538201063871384,0.03507640212774277,20.0,7.003287464613095e-05,0.001400657492922619,10.0,0.011573508381843567,0.11573508381843567,25.0,3.962231858167797e-05,0.0009905579645419493,10.520260130065033,0.0013678171671926975,0.014389792409235833,0.0,0.2939971387386322,0.0,500.0,0.0005041867261752486,0.2520933630876243,200.0,0.0005353898741304874,0.10707797482609749,0.7013506753376688,0.07564085721969604,0.053050766294154006,0.0,0.0,0.0
1404,0.5826855301856995,0.0,0.00023715845600236207,0.0,20.0,0.0017474375199526548,0.0349487503990531,20.0,7.08941588527523e-05,0.001417883177055046,10.0,0.01157937292009592,0.1157937292009592,25.0,4.225783050060272e-05,0.001056445762515068,10.52776388194097,0.0016130644362419844,0.016981961511111837,0.0,0.2941306233406067,0.0,500.0,0.0005045915604569018,0.2522957802284509,200.0,0.0005354518070816994,0.10709036141633987,0.7018509254627313,0.0756579041481018,0.05310057004491587,0.0,0.0,0.0
1405,0.5819627046585083,0.0,0.0002365004038438201,0.0,20.0,0.0017477218061685562,0.034954436123371124,20.0,7.031033601379022e-05,0.0014062067202758044,10.0,0.011580714024603367,0.11580714024603367,25.0,4.08020059694536e-05,0.00102005014923634,10.53526763381691,0.0015207481337711215,0.016021488592906363,0.0,0.2940206825733185,0.0,500.0,0.000505053554661572,0.252526777330786,200.0,0.000535419792868197,0.10708395857363939,0.7023511755877939,0.07566390931606293,0.05314263565770503,0.0,0.0,0.0
1406,0.581146240234375,0.0,0.00023479184892494231,0.0,20.0,0.0017504151910543442,0.035008303821086884,20.0,6.800027040299028e-05,0.0013600054080598056,10.0,0.011572316288948059,0.11572316288948059,25.0,3.718071820912883e-05,0.0009295179552282207,10.542771385692847,0.001372894854284823,0.014474116585318981,0.0,0.2938906252384186,0.0,500.0,0.0005065742298029363,0.25328711490146816,200.0,0.0005358772468753159,0.10717544937506318,0.7028514257128564,0.07567539811134338,0.053188561453945696,0.0,0.0,0.0
1407,0.5806299448013306,0.0,0.00023496459471061826,0.0,20.0,0.0017484923591837287,0.034969847183674574,20.0,6.52192029519938e-05,0.0013043840590398759,10.0,0.01156687829643488,0.11566878296434879,25.0,3.553949863999151e-05,0.0008884874659997877,10.550275137568784,0.001353639643639326,0.01428127067751545,0.0,0.2937278151512146,0.0,500.0,0.0005060593248344958,0.2530296624172479,200.0,0.0005363355739973485,0.10726711479946971,0.7033516758379189,0.07566681504249573,0.05322038116545722,0.0,0.0,0.0
1408,0.5801464319229126,0.0,0.0002365523687331006,0.0,20.0,0.0017463946714997292,0.03492789342999458,20.0,6.439286516979337e-05,0.0012878573033958673,10.0,0.011568224057555199,0.11568224057555199,25.0,3.627512705861591e-05,0.0009068781764653977,10.557778889444723,0.0013758630957454443,0.014526058347027316,0.0,0.29388317465782166,0.0,500.0,0.0005046220030635595,0.25231100153177977,200.0,0.0005363338859751821,0.10726677719503641,0.7038519259629815,0.07563772797584534,0.053237760511262826,0.0,0.0,0.0
1409,0.5815656781196594,0.0,0.00023701455211266875,0.0,20.0,0.0017513836501166224,0.03502767300233245,20.0,6.649175338679925e-05,0.001329835067735985,10.0,0.011577275581657887,0.11577275581657887,25.0,3.6495141102932394e-05,0.0009123785275733098,10.56528264132066,0.0015000314451754093,0.015848256189146898,0.0,0.2940906882286072,0.0,500.0,0.0005045987782068551,0.25229938910342753,200.0,0.0005356580368243158,0.10713160736486316,0.704352176088044,0.07559254765510559,0.05324377543691279,0.0,0.0,0.0
1410,0.5804904699325562,0.0,0.00023616457474417984,0.0,20.0,0.0017579178093001246,0.03515835618600249,20.0,6.930130621185526e-05,0.0013860261242371053,10.0,0.01158574316650629,0.1158574316650629,25.0,3.576138988137245e-05,0.0008940347470343113,10.572786393196598,0.0012262449599802494,0.012964826027605087,0.0,0.29418864846229553,0.0,500.0,0.0005077862297184765,0.25389311485923827,200.0,0.0005353896412998438,0.10707792825996876,0.7048524262131065,0.07556021958589554,0.05325880410031356,0.0,0.0,0.0
1411,0.5824241638183594,0.0,0.0002357780176680535,0.0,20.0,0.0017619816353544593,0.035239632707089186,20.0,6.999025208642706e-05,0.0013998050417285413,10.0,0.011582993902266026,0.11582993902266026,25.0,3.535439827828668e-05,0.000883859956957167,10.580290145072537,0.001337355701252818,0.014149611346421764,0.0,0.2941908538341522,0.0,500.0,0.0005091141792945564,0.2545570896472782,200.0,0.0005354286404326558,0.10708572808653116,0.7053526763381691,0.07553452253341675,0.05327847762487124,0.0,0.0,0.0
1412,0.5794664025306702,0.0,0.00023683054314460605,0.0,20.0,0.001759089413098991,0.03518178826197982,20.0,6.910105003044009e-05,0.0013820210006088018,10.0,0.011575203388929367,0.11575203388929367,25.0,3.7099911423865706e-05,0.0009274977855966426,10.587793896948474,0.001249433495104313,0.013228744334108445,0.0,0.29427409172058105,0.0,500.0,0.0005051823100075126,0.2525911550037563,200.0,0.0005355465691536665,0.1071093138307333,0.7058529264632316,0.07550276815891266,0.0532938498610434,0.0,0.0,0.0
1413,0.5790085792541504,0.0,0.00023690875968895853,0.0,20.0,0.0017568767070770264,0.03513753414154053,20.0,6.810923514422029e-05,0.0013621847028844059,10.0,0.011567016132175922,0.11567016132175922,25.0,3.769971590372734e-05,0.0009424928975931834,10.595297648824411,0.0012748443987220526,0.013507355860396733,0.0,0.294267863035202,0.0,500.0,0.0005038774688728154,0.2519387344364077,200.0,0.0005356664769351482,0.10713329538702965,0.7063531765882941,0.07548178732395172,0.05331680025083533,0.0,0.0,0.0
1414,0.5789204239845276,0.0,0.0002362576051382348,0.0,20.0,0.0017528010066598654,0.03505602013319731,20.0,6.677391502307728e-05,0.0013354783004615456,10.0,0.01155752595514059,0.1155752595514059,25.0,3.782847852562554e-05,0.0009457119631406385,10.60280140070035,0.0012921227607876062,0.013700121017955636,0.0,0.29419273138046265,0.0,500.0,0.0005036452785134315,0.2518226392567158,200.0,0.0005357040790840983,0.10714081581681967,0.7068534267133567,0.07546726614236832,0.05334429567742193,0.0,0.0,0.0
1415,0.5821979641914368,0.0,0.0002351059520151466,0.0,20.0,0.0017553037032485008,0.035106074064970016,20.0,6.649352144449949e-05,0.0013298704288899899,10.0,0.011557720601558685,0.11557720601558685,25.0,3.582885619834997e-05,0.0008957214049587492,10.610305152576288,0.0014955673832446337,0.015868426312465572,0.0,0.2940014600753784,0.0,500.0,0.0005058032693341374,0.2529016346670687,200.0,0.0005357516347430646,0.10715032694861293,0.7073536768384192,0.07544834911823273,0.05336866716017062,0.0,0.0,0.0
1416,0.5791021585464478,0.0,0.00023555093503091484,0.0,20.0,0.001750514260493219,0.03501028520986438,20.0,6.589053373318166e-05,0.001317810674663633,10.0,0.011560807935893536,0.11560807935893536,25.0,3.633173037087545e-05,0.0009082932592718862,10.617808904452225,0.0012551755644381046,0.013327214284741755,0.0,0.2940285801887512,0.0,500.0,0.0005047509912401438,0.2523754956200719,200.0,0.000535812578164041,0.10716251563280821,0.7078539269634817,0.07542868703603745,0.05339249232415857,0.0,0.0,0.0
1417,0.5790796875953674,0.0,0.00023580031120218337,0.0,20.0,0.0017488370649516582,0.034976741299033165,20.0,6.658723577857018e-05,0.0013317447155714035,10.0,0.011569090187549591,0.11569090187549591,25.0,3.673523315228522e-05,0.0009183808288071305,10.625312656328164,0.0012374897487461567,0.013148715489428899,0.0,0.29403382539749146,0.0,500.0,0.0005049107130616903,0.25245535653084517,200.0,0.0005357465706765652,0.10714931413531303,0.7083541770885443,0.07539812475442886,0.05340857661444286,0.0,0.0,0.0
1418,0.5802291631698608,0.0,0.00023563604918308556,0.0,20.0,0.0017488498706370592,0.034976997412741184,20.0,6.741333345416933e-05,0.0013482666690833867,10.0,0.011575267650187016,0.11575267650187016,25.0,3.6754099710378796e-05,0.0009188524927594699,10.632816408204102,0.001291627180762589,0.013733634680894861,0.0,0.29405805468559265,0.0,500.0,0.0005058189854025841,0.25290949270129204,200.0,0.0005356821930035949,0.10713643860071898,0.7088544272136068,0.07540729641914368,0.053452795910918754,0.0,0.0,0.0
1419,0.5810140371322632,0.0,0.00023559486726298928,0.0,20.0,0.0017481741961091757,0.034963483922183514,20.0,6.796304660383612e-05,0.0013592609320767224,10.0,0.01157382968813181,0.11573829688131809,25.0,3.753342753043398e-05,0.0009383356882608496,10.64032016008004,0.001352043473161757,0.01438617542478768,0.0,0.29409441351890564,0.0,500.0,0.0005060425028204918,0.2530212514102459,200.0,0.0005356427282094955,0.10712854564189911,0.7093546773386693,0.07539056241512299,0.05347864807636037,0.0,0.0,0.0
1420,0.5811691880226135,0.0,0.00023522076662629843,0.0,20.0,0.0017461793031543493,0.03492358606308699,20.0,6.785496225347742e-05,0.0013570992450695485,10.0,0.011569167487323284,0.11569167487323284,25.0,3.7946672819089144e-05,0.0009486668204772286,10.647823911955978,0.0013612788170576096,0.014494657139105162,0.0,0.2940874397754669,0.0,500.0,0.0005061596166342497,0.25307980831712484,200.0,0.0005357373156584799,0.10714746313169599,0.7098549274637319,0.07540445774793625,0.05352622588510332,0.0,0.0,0.0
1421,0.5816261768341064,0.0,0.00023501852410845459,0.0,20.0,0.001742927823215723,0.03485855646431446,20.0,6.662771193077788e-05,0.0013325542386155576,10.0,0.011563209816813469,0.11563209816813469,25.0,3.796464079641737e-05,0.0009491160199104343,10.655327663831915,0.0014393015298992395,0.015336229408130966,0.0,0.2939942479133606,0.0,500.0,0.0005054664798080921,0.25273323990404606,200.0,0.0005360246868804097,0.10720493737608194,0.7103551775887944,0.07542628049850464,0.053579448878377484,0.0,0.0,0.0
1422,0.5790824294090271,0.0,0.0002363375824643299,0.0,20.0,0.0017352489521726966,0.03470497904345393,20.0,6.58099161228165e-05,0.00131619832245633,10.0,0.011559284292161465,0.11559284292161465,25.0,4.071887087775394e-05,0.0010179717719438486,10.662831415707855,0.0012987004593014717,0.013847824057033952,0.0,0.29402557015419006,0.0,500.0,0.0005034561036154628,0.2517280518077314,200.0,0.0005363146774470806,0.10726293548941612,0.7108554277138569,0.07541843503713608,0.053611603895833096,0.0,0.0,0.0
1423,0.5788612365722656,0.0,0.00023647461785003543,0.0,20.0,0.0017361369682475924,0.03472273936495185,20.0,6.728898733854294e-05,0.0013457797467708588,10.0,0.011564694344997406,0.11564694344997406,25.0,4.1655479435576126e-05,0.0010413869858894031,10.670335167583792,0.0012716284254565835,0.013568701508248588,0.0,0.2941136956214905,0.0,500.0,0.0005034214118495584,0.2517107059247792,200.0,0.0005359600181691349,0.10719200363382697,0.7113556778389195,0.07539540529251099,0.05363294963779421,0.0,0.0,0.0
1424,0.5806528925895691,0.0,0.00023544771829620004,0.0,20.0,0.001743631437420845,0.0348726287484169,20.0,6.969308014959097e-05,0.0013938616029918194,10.0,0.011577903293073177,0.11577903293073177,25.0,3.9807186112739146e-05,0.0009951796528184786,10.67783891945973,0.001255885581485927,0.013410143940378745,0.0,0.2940640151500702,0.0,500.0,0.0005068551981821656,0.2534275990910828,200.0,0.0005356046021915972,0.10712092043831944,0.711855927963982,0.07537131756544113,0.053653519207415075,0.0,0.0,0.0
1425,0.5822616219520569,0.0,0.00023525560391135514,0.0,20.0,0.0017511823680251837,0.035023647360503674,20.0,6.89027292537503e-05,0.0013780545850750059,10.0,0.011584742926061153,0.11584742926061153,25.0,3.6579487641574815e-05,0.0009144871910393704,10.685342671335668,0.0013048402033746243,0.013942664704393185,0.0,0.29400259256362915,0.0,500.0,0.000508699391502887,0.2543496957514435,200.0,0.0005356631590984762,0.10713263181969523,0.7123561780890445,0.07534579932689667,0.05367304564357221,0.0,0.0,0.0
1426,0.5787435173988342,0.0,0.00023686689382884651,0.0,20.0,0.0017546284943819046,0.03509256988763809,20.0,6.742259574821219e-05,0.0013484519149642438,10.0,0.01158960722386837,0.1158960722386837,25.0,3.556197407306172e-05,0.000889049351826543,10.692846423211606,0.0010884617222473025,0.011638754033534813,0.0,0.2940405011177063,0.0,500.0,0.0005061572301201522,0.2530786150600761,200.0,0.0005355278262868524,0.10710556525737047,0.7128564282141071,0.07532291114330292,0.053694421400303484,0.0,0.0,0.0
1427,0.5792028307914734,0.0,0.0002377465134486556,0.0,20.0,0.0017593186348676682,0.03518637269735336,20.0,6.622946966672316e-05,0.0013245893933344632,10.0,0.011592444032430649,0.11592444032430649,25.0,3.390148049220443e-05,0.0008475370123051107,10.700350175087543,0.0011221850290894508,0.012007772772497925,0.0,0.29400286078453064,0.0,500.0,0.0005061216652393341,0.25306083261966705,200.0,0.0005356912151910365,0.10713824303820729,0.7133566783391696,0.07529620081186295,0.05371304770270963,0.0,0.0,0.0
1428,0.5811994671821594,0.0,0.0002374876057729125,0.0,20.0,0.0017638149438425899,0.0352762988768518,20.0,6.573174323420972e-05,0.0013146348646841943,10.0,0.01159441377967596,0.1159441377967596,25.0,3.1903156923362985e-05,0.0007975789230840746,10.707853926963482,0.0012195722665637732,0.013059001683740653,0.0,0.293958842754364,0.0,500.0,0.0005077518289908767,0.25387591449543834,200.0,0.0005359501810744405,0.1071900362148881,0.7138569284642321,0.07528378069400787,0.05374184844939932,0.0,0.0,0.0
1429,0.5856040716171265,0.0,0.00023718213196843863,0.0,20.0,0.0017726275837048888,0.035452551674097776,20.0,6.630322604905814e-05,0.0013260645209811628,10.0,0.011597247794270515,0.11597247794270515,25.0,2.9985558285261504e-05,0.0007496389571315376,10.71535767883942,0.0015318334335461259,0.016414143144851432,0.0,0.2939249575138092,0.0,500.0,0.0005094118532724679,0.2547059266362339,200.0,0.0005360255017876625,0.1072051003575325,0.7143571785892946,0.07528189569711685,0.05377816260904595,0.0,0.0,0.0
1430,0.5803576111793518,0.0,0.00023809558479115367,0.0,20.0,0.0017714471323415637,0.035428942646831274,20.0,6.683838728349656e-05,0.0013367677456699312,10.0,0.011598192155361176,0.11598192155361176,25.0,3.151251075905748e-05,0.0007878127689764369,10.722861430715358,0.0011863885447382927,0.012721479968216761,0.0,0.29400187730789185,0.0,500.0,0.0005061198608018458,0.2530599304009229,200.0,0.0005360901704989374,0.10721803409978747,0.7148574287143572,0.07529163360595703,0.05382278360325793,0.0,0.0,0.0
1431,0.5806359052658081,0.0,0.00023792643332853913,0.0,20.0,0.001765773631632328,0.03531547263264656,20.0,6.702338578179479e-05,0.0013404677156358957,10.0,0.011594315990805626,0.11594315990805626,25.0,3.3394382626283914e-05,0.0008348595656570978,10.730365182591296,0.0012808491010218859,0.013743978597758605,0.0,0.293996125459671,0.0,500.0,0.0005047618178650737,0.25238090893253684,200.0,0.0005360277136787772,0.10720554273575544,0.7153576788394197,0.07530707120895386,0.053871491660232126,0.0,0.0,0.0
1432,0.580955445766449,0.0,0.00023633643286302686,0.0,20.0,0.0017617781413719058,0.035235562827438116,20.0,6.73502727295272e-05,0.001347005454590544,10.0,0.01159394346177578,0.1159394346177578,25.0,3.356273373356089e-05,0.0008390683433390222,10.737868934467233,0.0012317069340497255,0.013225907623500429,0.0,0.29398006200790405,0.0,500.0,0.0005065712612122297,0.25328563060611486,200.0,0.000535830738954246,0.10716614779084921,0.7158579289644822,0.07531757652759552,0.05391668434766843,0.0,0.0,0.0
1433,0.5825567245483398,0.0,0.00023571883502881974,0.0,20.0,0.0017549371114000678,0.035098742228001356,20.0,6.779454997740686e-05,0.0013558909995481372,10.0,0.011593521572649479,0.11593521572649479,25.0,3.542425110936165e-05,0.0008856062777340412,10.745372686343172,0.0013718768022954464,0.014741327520413301,0.0,0.2939034700393677,0.0,500.0,0.0005067356978543103,0.25336784892715514,200.0,0.0005358979105949402,0.10717958211898804,0.7163581790895448,0.07537083327770233,0.05399251288327651,0.0,0.0,0.0
1434,0.5811544060707092,0.0,0.00023644261818844825,0.0,20.0,0.0017476712819188833,0.034953425638377666,20.0,6.7225206294097e-05,0.0013445041258819401,10.0,0.011589843779802322,0.11589843779802322,25.0,3.814343654084951e-05,0.0009535859135212377,10.75287643821911,0.0013550203293561935,0.014570366172842112,0.0,0.2938360869884491,0.0,500.0,0.0005043653654865921,0.252182682743296,200.0,0.0005360624054446816,0.10721248108893633,0.7168584292146073,0.07538295537233353,0.05403890697776585,0.0,0.0,0.0
1435,0.5797752737998962,0.0,0.000235992600210011,0.0,20.0,0.0017431133892387152,0.0348622677847743,20.0,6.622409273404628e-05,0.0013244818546809256,10.0,0.011581242084503174,0.11581242084503174,25.0,3.918864604202099e-05,0.0009797161510505248,10.760380190095047,0.0012554682325571775,0.013509315498901895,0.0,0.29380151629447937,0.0,500.0,0.0005038670497015119,0.25193352485075593,200.0,0.0005363501841202378,0.10727003682404757,0.7173586793396698,0.07539253681898117,0.05408349064453176,0.0,0.0,0.0
1436,0.5815503597259521,0.0,0.00023488276929128915,0.0,20.0,0.0017406402621418238,0.034812805242836475,20.0,6.517033762065694e-05,0.0013034067524131387,10.0,0.011574341915547848,0.11574341915547848,25.0,3.874002504744567e-05,0.0009685006261861417,10.767883941970986,0.001380683621391654,0.01486704099572554,0.0,0.2936575412750244,0.0,500.0,0.0005047517479397357,0.2523758739698678,200.0,0.0005367900594137609,0.10735801188275218,0.7178589294647324,0.07539258152246475,0.05412123786129911,0.0,0.0,0.0
1437,0.579114556312561,0.0,0.00023521989351138473,0.0,20.0,0.0017402166267856956,0.03480433253571391,20.0,6.568958633579314e-05,0.0013137917267158628,10.0,0.011574607342481613,0.11574607342481613,25.0,3.9888032915769145e-05,0.0009972008228942286,10.775387693846923,0.0011650952510535717,0.012554353030362148,0.0,0.29374071955680847,0.0,500.0,0.0005044921999797225,0.25224609998986125,200.0,0.000536559266038239,0.1073118532076478,0.7183591795897949,0.07536743581295013,0.05414088935837739,0.0,0.0,0.0
1438,0.5812070369720459,0.0,0.00023557923850603402,0.0,20.0,0.00174390384927392,0.0348780769854784,20.0,6.696319178445265e-05,0.001339263835689053,10.0,0.011580003425478935,0.11580003425478935,25.0,4.028535113320686e-05,0.0010071337783301715,10.78289144572286,0.0013210577890276909,0.014244822732612244,0.0,0.2938496470451355,0.0,500.0,0.0005051482003182173,0.25257410015910864,200.0,0.0005361046642065048,0.10722093284130096,0.7188594297148574,0.07531746476888657,0.05414266977133066,0.0,0.0,0.0
1439,0.5808969736099243,0.0,0.00023648253409191966,0.0,20.0,0.0017494497587904334,0.03498899517580867,20.0,6.729038432240486e-05,0.0013458076864480972,10.0,0.011584707535803318,0.11584707535803318,25.0,3.9728729461785406e-05,0.0009932182365446351,10.7903951975988,0.0012998858001083136,0.01402628149491562,0.0,0.29402828216552734,0.0,500.0,0.0005048580351285636,0.2524290175642818,200.0,0.0005356707843020558,0.10713415686041117,0.71935967983992,0.07525079697370529,0.05413238921870346,0.0,0.0,0.0
1440,0.5811323523521423,0.0,0.0002370072470512241,0.0,20.0,0.0017557055689394474,0.03511411137878895,20.0,6.666849367320538e-05,0.0013333698734641075,10.0,0.01158878579735756,0.11588785797357559,25.0,3.7794576201122254e-05,0.0009448644050280564,10.797898949474737,0.001318406779319048,0.014236023177389518,0.0,0.2940773665904999,0.0,500.0,0.0005047729355283082,0.2523864677641541,200.0,0.0005355283501558006,0.10710567003116012,0.7198599299649825,0.07518672943115234,0.054123913782605414,0.0,0.0,0.0
1441,0.582621693611145,0.0,0.00023739071912132204,0.0,20.0,0.0017600913997739553,0.03520182799547911,20.0,6.518034206237644e-05,0.0013036068412475288,10.0,0.011591457761824131,0.11591457761824131,25.0,3.5544675483834e-05,0.00088861688709585,10.805402701350676,0.0014403838431462646,0.015563927469714516,0.0,0.29397377371788025,0.0,500.0,0.0005049853352829814,0.2524926676414907,200.0,0.0005356894689612091,0.10713789379224181,0.720360180090045,0.07512710988521576,0.05411857840655862,0.0,0.0,0.0
1442,0.5818473696708679,0.0,0.0002385213883826509,0.0,20.0,0.0017568384064361453,0.035136768128722906,20.0,6.544862117152661e-05,0.0013089724234305322,10.0,0.011597962118685246,0.11597962118685246,25.0,3.688842480187304e-05,0.0009222106200468261,10.812906453226613,0.0014085547300055623,0.015230570529800015,0.0,0.2940538227558136,0.0,500.0,0.000503990042489022,0.251995021244511,200.0,0.0005357378977350891,0.10714757954701781,0.7208604302151076,0.07508616894483566,0.05412664804877849,0.0,0.0,0.0
1443,0.5816589593887329,0.0,0.00023795492597855628,0.0,20.0,0.0017551922937855124,0.03510384587571025,20.0,6.652637966908514e-05,0.001330527593381703,10.0,0.01160578615963459,0.1160578615963459,25.0,3.7010922824265435e-05,0.0009252730706066359,10.82041020510255,0.001325144898146391,0.014338611379142788,0.0,0.2940905690193176,0.0,500.0,0.0005053210770711303,0.25266053853556514,200.0,0.0005354918539524078,0.10709837079048157,0.7213606803401701,0.07505802065134048,0.05414390484203751,0.0,0.0,0.0
1444,0.5824708938598633,0.0,0.00023690379748586565,0.0,20.0,0.0017550669144839048,0.0351013382896781,20.0,6.741960532963276e-05,0.0013483921065926552,10.0,0.011611678637564182,0.11611678637564182,25.0,3.643231684691273e-05,0.0009108079211728182,10.82791395697849,0.0012594755971804261,0.013637493397183755,0.0,0.29400935769081116,0.0,500.0,0.0005082290153950453,0.25411450769752264,200.0,0.0005354099557735026,0.10708199115470052,0.7218609304652326,0.07502774149179459,0.054159595283971775,0.0,0.0,0.0
1445,0.5810953378677368,0.0,0.0002374189207330346,0.0,20.0,0.001749710412696004,0.03499420825392008,20.0,6.673716416116804e-05,0.0013347432832233608,10.0,0.011612944304943085,0.11612944304943085,25.0,3.754096542252228e-05,0.0009385241355630569,10.835417708854427,0.0012085681082680821,0.013095340282684671,0.0,0.29404139518737793,0.0,500.0,0.0005066777812317014,0.2533388906158507,200.0,0.0005354279419407248,0.10708558838814497,0.7223611805902952,0.07500210404396057,0.05417860842395151,0.0,0.0,0.0
1446,0.5821852087974548,0.0,0.00023769491235725582,0.0,20.0,0.0017476611537858844,0.03495322307571769,20.0,6.587088864762336e-05,0.0013174177729524672,10.0,0.011609933339059353,0.11609933339059353,25.0,3.797378303715959e-05,0.0009493445759289898,10.842921460730365,0.0013583535328507423,0.014728520672606223,0.0,0.2939695715904236,0.0,500.0,0.0005056813824921846,0.2528406912460923,200.0,0.00053552130702883,0.10710426140576601,0.7228614307153577,0.0749693289399147,0.05419243637727701,0.0,0.0,0.0
1447,0.581835150718689,0.0,0.00023734445858281106,0.0,20.0,0.0017477854853495955,0.03495570970699191,20.0,6.541606853716075e-05,0.001308321370743215,10.0,0.011605702340602875,0.11605702340602875,25.0,3.776693847612478e-05,0.0009441734619031195,10.850425212606304,0.0013256421079859138,0.014383780551382926,0.0,0.293958455324173,0.0,500.0,0.0005056503578089178,0.2528251789044589,200.0,0.0005356521578505635,0.1071304315701127,0.7233616808404202,0.07497020065784454,0.054230570360802005,0.0,0.0,0.0
1448,0.583607017993927,0.0,0.00023658332065679133,0.0,20.0,0.001752067357301712,0.03504134714603424,20.0,6.59703291603364e-05,0.001319406583206728,10.0,0.011599932797253132,0.11599932797253132,25.0,3.7153713492443785e-05,0.0009288428373110946,10.857928964482241,0.0014268492814153433,0.015492628140630328,0.0,0.2939685881137848,0.0,500.0,0.0005068592727184296,0.2534296363592148,200.0,0.0005356592009775341,0.10713184019550681,0.7238619309654828,0.07496453821659088,0.054263975387397204,0.0,0.0,0.0
1449,0.5815024971961975,0.0,0.00023744534701108932,0.0,20.0,0.0017499877139925957,0.03499975427985191,20.0,6.6120526753366e-05,0.0013224105350673199,10.0,0.011595028452575207,0.11595028452575207,25.0,3.881415250361897e-05,0.0009703538125904743,10.865432716358178,0.0013263024156913161,0.01441084965923731,0.0,0.29405996203422546,0.0,500.0,0.00050482212100178,0.25241106050089,200.0,0.0005355996545404196,0.10711993090808392,0.7243621810905453,0.07498709112405777,0.05431781288025796,0.0,0.0,0.0
1450,0.5792349576950073,0.0,0.00023796534514985979,0.0,20.0,0.0017479390371590853,0.034958780743181705,20.0,6.56979827908799e-05,0.001313959655817598,10.0,0.011587753891944885,0.11587753891944885,25.0,3.97768963011913e-05,0.0009944224075297825,10.872936468234117,0.0011699177557602525,0.012720441431440264,0.0,0.2941616475582123,0.0,500.0,0.0005037109949626029,0.2518554974813014,200.0,0.0005357375484891236,0.10714750969782472,0.7248624312156078,0.07500293850898743,0.05436681235593936,0.0,0.0,0.0
1451,0.5822746157646179,0.0,0.0002374530304223299,0.0,20.0,0.0017507297452539206,0.03501459490507841,20.0,6.703402323182672e-05,0.0013406804646365345,10.0,0.011587562039494514,0.11587562039494514,25.0,3.942984767490998e-05,0.0009857461918727495,10.880440220110055,0.0013990681618452072,0.015222477498816035,0.0,0.294133722782135,0.0,500.0,0.0005046176956966519,0.25230884784832597,200.0,0.0005355438916012645,0.1071087783202529,0.7253626813406704,0.0750216469168663,0.05441790296621118,0.0,0.0,0.0
1452,0.5840113759040833,0.0,0.00023662648163735867,0.0,20.0,0.0017506012227386236,0.03501202445477247,20.0,6.763837882317603e-05,0.0013527675764635205,10.0,0.011584949679672718,0.11584949679672718,25.0,3.888355422532186e-05,0.0009720888556330465,10.887943971985994,0.0014835717156529427,0.016153045718452375,0.0,0.2940002679824829,0.0,500.0,0.0005061465781182051,0.25307328905910254,200.0,0.000535664614289999,0.1071329228579998,0.7258629314657329,0.07503590732812881,0.05446578365838665,0.0,0.0,0.0
1453,0.5819911956787109,0.0,0.00023731401597615331,0.0,20.0,0.0017433902248740196,0.03486780449748039,20.0,6.747576117049903e-05,0.0013495152234099805,10.0,0.011583687737584114,0.11583687737584114,25.0,4.076483673998155e-05,0.0010191209184995387,10.895447723861931,0.0013829066883772612,0.01506738753019347,0.0,0.2940066158771515,0.0,500.0,0.0005043830024078488,0.2521915012039244,200.0,0.0005357984919101,0.10715969838202,0.7263631815907954,0.07503043860197067,0.05449934809908025,0.0,0.0,0.0
1454,0.581334114074707,0.0,0.00023772212443873286,0.0,20.0,0.0017390036955475807,0.034780073910951614,20.0,6.716432835673913e-05,0.0013432865671347827,10.0,0.011580833233892918,0.11580833233892918,25.0,4.187239028397016e-05,0.001046809757099254,10.902951475737868,0.0013548977440223098,0.014772384357661952,0.0,0.29399359226226807,0.0,500.0,0.0005037008668296039,0.25185043341480196,200.0,0.000535961240530014,0.10719224810600281,0.7268634317158579,0.07503542304039001,0.05454050509138904,0.0,0.0,0.0
1455,0.5806435346603394,0.0,0.0002370011352468282,0.0,20.0,0.0017394497990608215,0.03478899598121643,20.0,6.783041317248717e-05,0.0013566082634497434,10.0,0.01158316433429718,0.1158316433429718,25.0,4.124697807128541e-05,0.0010311744517821353,10.910455227613808,0.0012356424704194069,0.013481421850849058,0.0,0.29393941164016724,0.0,500.0,0.0005047947051934898,0.2523973525967449,200.0,0.0005359490751288831,0.10718981502577662,0.7273636818409205,0.07501958310604095,0.054566520178180866,0.0,0.0,0.0
1456,0.583495557308197,0.0,0.00023618919658474624,0.0,20.0,0.0017431851010769606,0.03486370202153921,20.0,6.793158536311239e-05,0.0013586317072622478,10.0,0.011583620682358742,0.11583620682358742,25.0,3.9604841731488705e-05,0.0009901210432872176,10.917958979489745,0.0014019104419276118,0.015306000697884006,0.0,0.29384398460388184,0.0,500.0,0.000506723124999553,0.2533615624997765,200.0,0.000535979401320219,0.10719588026404381,0.727863931965983,0.07499135285615921,0.05458350095333249,0.0,0.0,0.0
1457,0.5811732411384583,0.0,0.00023713849077466875,0.0,20.0,0.0017420680960640311,0.03484136192128062,20.0,6.723086698912084e-05,0.0013446173397824168,10.0,0.011586601845920086,0.11586601845920086,25.0,3.986270530731417e-05,0.0009965676326828543,10.925462731365682,0.0012665485264733434,0.013837628723450634,0.0,0.29386529326438904,0.0,500.0,0.0005050420295447111,0.25252101477235556,200.0,0.0005359095521271229,0.10718191042542458,0.7283641820910455,0.07494066655635834,0.05458409730167971,0.0,0.0,0.0
1458,0.5814024806022644,0.0,0.00023764444631524384,0.0,20.0,0.0017422274686396122,0.034844549372792244,20.0,6.729672895744443e-05,0.0013459345791488886,10.0,0.011590352281928062,0.11590352281928062,25.0,4.004218862974085e-05,0.0010010547157435212,10.932966483241621,0.0013043205253779888,0.014260092587361654,0.0,0.29405415058135986,0.0,500.0,0.0005045396974310279,0.25226984871551394,200.0,0.0005359009956009686,0.10718019912019372,0.7288644322161081,0.07490739971399307,0.05459733936132462,0.0,0.0,0.0
1459,0.5814871788024902,0.0,0.00023769165272824466,0.0,20.0,0.0017428493592888117,0.034856987185776234,20.0,6.787163147237152e-05,0.0013574326294474304,10.0,0.011592110618948936,0.11592110618948936,25.0,4.0149858250515535e-05,0.0010037464562628884,10.940470235117559,0.001293123816139996,0.014147382620801258,0.0,0.29406875371932983,0.0,500.0,0.0005048482562415302,0.2524241281207651,200.0,0.000535800470970571,0.10716009419411421,0.7293646823411706,0.07488203793764114,0.054616313813447115,0.0,0.0,0.0
1460,0.5817258954048157,0.0,0.0002375649637542665,0.0,20.0,0.001743221073411405,0.0348644214682281,20.0,6.792134809074923e-05,0.0013584269618149847,10.0,0.011590142734348774,0.11590142734348774,25.0,4.003422873211093e-05,0.0010008557183027733,10.947973986993496,0.0013053194852545857,0.014290603769282945,0.0,0.29407811164855957,0.0,500.0,0.0005050325999036431,0.25251629995182157,200.0,0.0005357451736927032,0.10714903473854065,0.7298649324662331,0.07486985623836517,0.054644882567170976,0.0,0.0,0.0
1461,0.5808385014533997,0.0,0.00023736264847684652,0.0,20.0,0.0017432718304917216,0.03486543660983443,20.0,6.681979721179232e-05,0.0013363959442358464,10.0,0.011584848165512085,0.11584848165512085,25.0,3.918186484952457e-05,0.0009795466212381143,10.955477738869435,0.001237819204106927,0.01356090073533852,0.0,0.2940337061882019,0.0,500.0,0.0005048023886047304,0.2524011943023652,200.0,0.0005358639173209667,0.10717278346419334,0.7303651825912957,0.07485804706811905,0.054673711215334576,0.0,0.0,0.0
1462,0.5828098058700562,0.0,0.000236954860156402,0.0,20.0,0.0017446292331442237,0.034892584662884474,20.0,6.618016050197184e-05,0.0013236032100394368,10.0,0.011582163162529469,0.11582163162529469,25.0,3.7925918149994686e-05,0.0009481479537498672,10.962981490745372,0.0013872593408450484,0.015208498476547892,0.0,0.29402074217796326,0.0,500.0,0.0005054419161751866,0.2527209580875933,200.0,0.0005359310889616609,0.10718621779233217,0.7308654327163582,0.07485393434762955,0.054708153117502135,0.0,0.0,0.0
1463,0.5808424353599548,0.0,0.00023813536972738802,0.0,20.0,0.001740023260936141,0.03480046521872282,20.0,6.564034265466034e-05,0.0013128068530932069,10.0,0.011584447696805,0.11584447696805,25.0,3.8976373616606e-05,0.0009744093404151499,10.970485242621312,0.001281543867662549,0.014059158087963833,0.0,0.29412728548049927,0.0,500.0,0.0005038518575020134,0.2519259287510067,200.0,0.0005360108334571123,0.10720216669142246,0.7313656828414207,0.0748230442404747,0.054723006843208605,0.0,0.0,0.0
1464,0.5824314951896667,0.0,0.00023786591191310436,0.0,20.0,0.0017428214196115732,0.034856428392231464,20.0,6.641389336436987e-05,0.0013282778672873974,10.0,0.011592521332204342,0.11592521332204342,25.0,3.7307436286937445e-05,0.0009326859071734361,10.977988994497249,0.001357430825009942,0.014901860657750465,0.0,0.2941047251224518,0.0,500.0,0.0005051800981163979,0.25259004905819893,200.0,0.000535789062269032,0.1071578124538064,0.7318659329664833,0.0747939944267273,0.05473917651140672,0.0,0.0,0.0
1465,0.5840631127357483,0.0,0.00023684521147515625,0.0,20.0,0.001743451924994588,0.03486903849989176,20.0,6.656312325503677e-05,0.0013312624651007354,10.0,0.011596321128308773,0.11596321128308773,25.0,3.52516035491135e-05,0.0008812900887278374,10.985492746373186,0.001381233218125999,0.015173527498772854,0.0,0.2939798831939697,0.0,500.0,0.0005077827372588217,0.25389136862941086,200.0,0.0005359133938327432,0.10718267876654863,0.7323661830915458,0.07478602975606918,0.054770759161023155,0.0,0.0,0.0
1466,0.5831405520439148,0.0,0.00023769796825945377,0.0,20.0,0.0017408843850716949,0.0348176877014339,20.0,6.58850694890134e-05,0.001317701389780268,10.0,0.011600000783801079,0.11600000783801079,25.0,3.511169779812917e-05,0.0008777924449532293,10.992996498249125,0.0013505647657439113,0.014846753740481467,0.0,0.29403671622276306,0.0,500.0,0.0005066251032985747,0.25331255164928734,200.0,0.0005358772468753159,0.10717544937506318,0.7328664332166083,0.07476473599672318,0.05479256540029987,0.0,0.0,0.0
1467,0.5826314091682434,0.0,0.0002380817022640258,0.0,20.0,0.0017432750901207328,0.034865501802414656,20.0,6.62989987176843e-05,0.001325979974353686,10.0,0.01160276960581541,0.1160276960581541,25.0,3.469939838396385e-05,0.0008674849595990963,11.000500250125063,0.0012990396935492754,0.014290086473811189,0.0,0.2940708100795746,0.0,500.0,0.0005066194571554661,0.25330972857773304,200.0,0.0005357606569305062,0.10715213138610125,0.7333666833416709,0.07471407204866409,0.05479281121727942,0.0,0.0,0.0
1468,0.5841367840766907,0.0,0.00023798765323590487,0.0,20.0,0.0017484923591837287,0.034969847183674574,20.0,6.771293556084856e-05,0.0013542587112169713,10.0,0.011605343781411648,0.11605343781411648,25.0,3.427493720664643e-05,0.0008568734301661607,11.008004002001,0.0013731924118474126,0.015116107565133723,0.0,0.29408037662506104,0.0,500.0,0.000507695775013417,0.2538478875067085,200.0,0.0005356909241527319,0.10713818483054638,0.7338669334667334,0.07467326521873474,0.054800240158020944,0.0,0.0,0.0
1469,0.5834423303604126,0.0,0.00023937199148349464,0.0,20.0,0.0017473030602559447,0.034946061205118895,20.0,6.771509652025998e-05,0.0013543019304051995,10.0,0.011605112813413143,0.11605112813413143,25.0,3.579334224923514e-05,0.0008948335562308785,11.015507753876939,0.0014121998101472855,0.015556097958700964,0.0,0.2941301465034485,0.0,500.0,0.0005053835920989513,0.25269179604947567,200.0,0.0005356367328204215,0.10712734656408429,0.7343671835917959,0.07465025037527084,0.054820694122510054,0.0,0.0,0.0
1470,0.5827869772911072,0.0,0.0002392296155449003,0.0,20.0,0.0017475958447903395,0.03495191689580679,20.0,6.731637404300272e-05,0.0013463274808600545,10.0,0.011600044555962086,0.11600044555962086,25.0,3.5716042475542054e-05,0.0008929010618885513,11.023011505752876,0.0013605515705421567,0.01499737561625634,0.0,0.29398414492607117,0.0,500.0,0.0005052430788055062,0.2526215394027531,200.0,0.0005357041954994202,0.10714083909988403,0.7348674337168585,0.07461971789598465,0.05483560059489818,0.0,0.0,0.0
1471,0.5839299559593201,0.0,0.00023819769558031112,0.0,20.0,0.0017494017956778407,0.034988035913556814,20.0,6.789636972825974e-05,0.0013579273945651948,10.0,0.01159678865224123,0.1159678865224123,25.0,3.514552372507751e-05,0.0008786380931269377,11.030515257628814,0.0013669098261743784,0.01507771969341923,0.0,0.293954461812973,0.0,500.0,0.0005072705680504441,0.25363528402522206,200.0,0.0005357000627554953,0.10714001255109906,0.735367683841921,0.07463537901639938,0.054884445799953524,0.0,0.0,0.0
1472,0.5824636816978455,0.0,0.00023851172591093928,0.0,20.0,0.0017473641782999039,0.03494728356599808,20.0,6.76421623211354e-05,0.001352843246422708,10.0,0.011594078503549099,0.11594078503549099,25.0,3.586446837289259e-05,0.0008966117093223147,11.038019009504753,0.0012667457340285182,0.013982363492415835,0.0,0.2938699722290039,0.0,500.0,0.0005065217847004533,0.25326089235022664,200.0,0.000535809260327369,0.1071618520654738,0.7358679339669835,0.07463444769382477,0.054921096827221724,0.0,0.0,0.0
1473,0.5819951295852661,0.0,0.00023872179735917598,0.0,20.0,0.0017461308743804693,0.034922617487609386,20.0,6.751766341039911e-05,0.0013503532682079822,10.0,0.011592498980462551,0.11592498980462551,25.0,3.62389073416125e-05,0.0009059726835403126,11.04552276138069,0.0012363840360194445,0.013656508011660497,0.0,0.2938443720340729,0.0,500.0,0.0005061415140517056,0.2530707570258528,200.0,0.0005359427887015045,0.1071885577403009,0.7363681840920461,0.0746573880314827,0.05497532525379817,0.0,0.0,0.0
1474,0.5827122330665588,0.0,0.00023871383746154606,0.0,20.0,0.0017444491386413574,0.03488898277282715,20.0,6.765971920685843e-05,0.0013531943841371685,10.0,0.011592362076044083,0.11592362076044083,25.0,3.6762394302058965e-05,0.0009190598575514741,11.053026513256627,0.0013011571718379855,0.014381724718239263,0.0,0.2938481271266937,0.0,500.0,0.0005060502444393933,0.25302512221969664,200.0,0.0005360011709854007,0.10720023419708014,0.7368684342171086,0.07466768473386765,0.05502025993646175,0.0,0.0,0.0
1475,0.5828885436058044,0.0,0.00023833263549022377,0.0,20.0,0.00174465193413198,0.0348930386826396,20.0,6.81663368595764e-05,0.001363326737191528,10.0,0.011592168360948563,0.11592168360948563,25.0,3.695788836921565e-05,0.0009239472092303913,11.060530265132567,0.001273804111406207,0.014088948926058649,0.0,0.29379862546920776,0.0,500.0,0.0005068622995167971,0.25343114975839853,200.0,0.0005359405768103898,0.10718811536207795,0.7373686843421711,0.07469574362039566,0.05507830219933126,0.0,0.0,0.0
1476,0.5840861797332764,0.0,0.00023800702183507383,0.0,20.0,0.0017453128239139915,0.03490625647827983,20.0,6.816646782681346e-05,0.0013633293565362692,10.0,0.01159276906400919,0.1159276906400919,25.0,3.661632217699662e-05,0.0009154080544249155,11.068034017008504,0.0013363329926505685,0.014790579020707267,0.0,0.29378584027290344,0.0,500.0,0.0005076985107734799,0.25384925538673997,200.0,0.0005359736969694495,0.1071947393938899,0.7378689344672336,0.07472732663154602,0.05513897287720379,0.0,0.0,0.0
1477,0.5826285481452942,0.0,0.0002389016153756529,0.0,20.0,0.0017439478542655706,0.03487895708531141,20.0,6.638993363594636e-05,0.0013277986727189273,10.0,0.011590364389121532,0.11590364389121532,25.0,3.669208672363311e-05,0.0009173021680908278,11.075537768884443,0.0013029049150645733,0.014430372596062859,0.0,0.29375767707824707,0.0,500.0,0.0005055169458501041,0.25275847292505205,200.0,0.0005361217772588134,0.10722435545176268,0.7383691845922962,0.0747426301240921,0.05518765485900948,0.0,0.0,0.0
1478,0.5826376676559448,0.0,0.00023904992849566042,0.0,20.0,0.0017445709090679884,0.03489141818135977,20.0,6.441440200433135e-05,0.001288288040086627,10.0,0.011586450971662998,0.11586450971662998,25.0,3.559831384336576e-05,0.000889957846084144,11.08304152076038,0.0013080525677651167,0.01449720091987802,0.0,0.2936861515045166,0.0,500.0,0.0005053861532360315,0.25269307661801577,200.0,0.0005364203825592995,0.1072840765118599,0.7388694347173587,0.07474812865257263,0.05522910756370674,0.0,0.0,0.0
1479,0.5845630168914795,0.0,0.00023826502729207277,0.0,20.0,0.0017509651370346546,0.03501930274069309,20.0,6.548532837769017e-05,0.0013097065675538033,10.0,0.011589827947318554,0.11589827947318554,25.0,3.471611489658244e-05,0.000867902872414561,11.090545272636318,0.0014091406483203173,0.01562813815570857,0.0,0.29374179244041443,0.0,500.0,0.0005066905869171023,0.25334529345855117,200.0,0.0005361248040571809,0.10722496081143618,0.7393696848424212,0.07475219666957855,0.05526950809286498,0.0,0.0,0.0
1480,0.5846485495567322,0.0,0.00023826536198612303,0.0,20.0,0.0017516501247882843,0.035033002495765686,20.0,6.736435898346826e-05,0.0013472871796693653,10.0,0.011594963259994984,0.11594963259994984,25.0,3.6338613426778466e-05,0.0009084653356694616,11.098049024512257,0.0013825768837705255,0.015343906036242676,0.0,0.293897420167923,0.0,500.0,0.0005072294152341783,0.25361470761708915,200.0,0.0005358835333026946,0.10717670666053891,0.7398699349674838,0.07470887899398804,0.055274853442775544,0.0,0.0,0.0
1481,0.5854083895683289,0.0,0.00023965946456883103,0.0,20.0,0.001745719462633133,0.03491438925266266,20.0,6.792580825276673e-05,0.0013585161650553346,10.0,0.011599112302064896,0.11599112302064896,25.0,3.964611823903397e-05,0.0009911529559758492,11.105552776388194,0.0015341598773375154,0.017037693485189014,0.0,0.29404860734939575,0.0,500.0,0.0005053050117567182,0.2526525058783591,200.0,0.0005358500638976693,0.10717001277953386,0.7403701850925463,0.07468292862176895,0.0552930136869525,0.0,0.0,0.0
1482,0.585417628288269,0.0,0.00023906731803435832,0.0,20.0,0.0017408241983503103,0.034816483967006207,20.0,6.715274503221735e-05,0.001343054900644347,10.0,0.011599130928516388,0.11599130928516388,25.0,3.9737875340506434e-05,0.0009934468835126609,11.113056528264131,0.0015381928533315659,0.01709402413044559,0.0,0.29396143555641174,0.0,500.0,0.0005053344066254795,0.25266720331273973,200.0,0.0005359407514333725,0.1071881502866745,0.7408704352176088,0.07467423379421234,0.05532393209065956,0.0,0.0,0.0
1483,0.5853978395462036,0.0,0.0002368355490034446,0.0,20.0,0.0017391102155670524,0.03478220431134105,20.0,6.543212657561526e-05,0.0013086425315123051,10.0,0.011595441959798336,0.11595441959798336,25.0,3.691408346639946e-05,0.0009228520866599865,11.12056028014007,0.0014100633561611176,0.015680694551006326,0.0,0.2936546802520752,0.0,500.0,0.0005082782008685172,0.2541391004342586,200.0,0.0005363660748116672,0.10727321496233344,0.7413706853426714,0.07464112341403961,0.05533674082021346,0.0,0.0,0.0
1484,0.5851567983627319,0.0,0.00023660517763346434,0.0,20.0,0.0017347335815429688,0.034694671630859375,20.0,6.427647895179689e-05,0.0012855295790359378,10.0,0.0115949846804142,0.115949846804142,25.0,3.695671330206096e-05,0.000923917832551524,11.128064032016008,0.0013844796922057867,0.015406578665891808,0.0,0.29355353116989136,0.0,500.0,0.0005084433360025287,0.25422166800126433,200.0,0.000536652107257396,0.1073304214514792,0.7418709354677339,0.07460075616836548,0.055344132765225616,0.0,0.0,0.0
1485,0.5837669968605042,0.0,0.0002381756785325706,0.0,20.0,0.0017280657775700092,0.034561315551400185,20.0,6.357387610478327e-05,0.0012714775220956653,10.0,0.011598316952586174,0.11598316952586174,25.0,3.957490116590634e-05,0.0009893725291476585,11.135567783891945,0.001373058301396668,0.015289783786438133,0.0,0.29365378618240356,0.0,500.0,0.0005059593822807074,0.2529796911403537,200.0,0.0005367433186620474,0.10734866373240948,0.7423711855927964,0.07454963773488998,0.05534350295076375,0.0,0.0,0.0
1486,0.5839720368385315,0.0,0.00023855574545450509,0.0,20.0,0.0017307124799117446,0.03461424959823489,20.0,6.499860319308937e-05,0.0012999720638617873,10.0,0.01160852424800396,0.1160852424800396,25.0,4.0685430576559156e-05,0.001017135764413979,11.143071535767884,0.0013911934802308679,0.015502168470306445,0.0,0.2939390242099762,0.0,500.0,0.0005056943045929074,0.2528471522964537,200.0,0.0005362531519494951,0.10725063038989902,0.742871435717859,0.07451558858156204,0.05535550227294629,0.0,0.0,0.0
1487,0.5846967697143555,0.0,0.00023794567096047103,0.0,20.0,0.0017424598336219788,0.034849196672439575,20.0,6.836088141426444e-05,0.0013672176282852888,10.0,0.01162166241556406,0.1162166241556406,25.0,4.0243150579044595e-05,0.0010060787644761149,11.150575287643822,0.0012930987868458033,0.01441879537708502,0.0,0.29416128993034363,0.0,500.0,0.0005086737801320851,0.25433689006604254,200.0,0.0005356789915822446,0.10713579831644893,0.7433716858429215,0.07447978109121323,0.05536616043098692,0.0,0.0,0.0
1488,0.5890669226646423,0.0,0.00023750890977680683,0.0,20.0,0.00175456830766052,0.0350913661532104,20.0,6.936131831025705e-05,0.001387226366205141,10.0,0.01162394043058157,0.1162394043058157,25.0,3.846723848255351e-05,0.0009616809620638378,11.15807903951976,0.0015381698030978441,0.01716302023916829,0.0,0.29412904381752014,0.0,500.0,0.00051139882998541,0.255699414992705,200.0,0.0005357973859645426,0.10715947719290853,0.743871935967984,0.07442857325077057,0.05536532687538561,0.0,0.0,0.0
1489,0.5855274796485901,0.0,0.00023842460359446704,0.0,20.0,0.0017604981549084187,0.03520996309816837,20.0,6.816180393798277e-05,0.0013632360787596554,10.0,0.01161989290267229,0.11619892902672291,25.0,3.802202991209924e-05,0.0009505507478024811,11.165582791395698,0.0013586488785222173,0.015170106537576734,0.0,0.29413825273513794,0.0,500.0,0.0005082059651613235,0.2541029825806618,200.0,0.0005356097826734185,0.1071219565346837,0.7443721860930466,0.07443825155496597,0.05540976403891414,0.0,0.0,0.0
1490,0.5849934220314026,0.0,0.00024056044640019536,0.0,20.0,0.001758516184054315,0.0351703236810863,20.0,6.618133920710534e-05,0.0013236267841421068,10.0,0.011611963622272015,0.11611963622272015,25.0,4.008415635325946e-05,0.0010021039088314865,11.173086543271635,0.0015198101755231619,0.016980970620465143,0.0,0.29414188861846924,0.0,500.0,0.0005035412032157183,0.25177060160785913,200.0,0.0005358902271836996,0.10717804543673992,0.7448724362181091,0.07443977147340775,0.055448133928916524,0.0,0.0,0.0
1491,0.5845351815223694,0.0,0.00024088367354124784,0.0,20.0,0.0017549509648233652,0.035099019296467304,20.0,6.610882701352239e-05,0.0013221765402704477,10.0,0.011608905158936977,0.11608905158936977,25.0,4.199889735900797e-05,0.0010499724339751992,11.180590295147574,0.0014978107064962387,0.016746407849019977,0.0,0.29415300488471985,0.0,500.0,0.000503030838444829,0.2515154192224145,200.0,0.000536056817509234,0.10721136350184679,0.7453726863431716,0.07446174323558807,0.055501749585305765,0.0,0.0,0.0
1492,0.5844529867172241,0.0,0.0002395630144746974,0.0,20.0,0.0017522703856229782,0.035045407712459564,20.0,6.785062578273937e-05,0.0013570125156547874,10.0,0.011614150367677212,0.11614150367677212,25.0,4.292180892662145e-05,0.0010730452231655363,11.188094047023512,0.0014450644375756383,0.016167516831605378,0.0,0.294140487909317,0.0,500.0,0.0005040170508436859,0.25200852542184293,200.0,0.0005355742760002613,0.10711485520005226,0.7458729364682342,0.07446993142366409,0.05554510642955636,0.0,0.0,0.0
1493,0.5857363343238831,0.0,0.00023731676628813148,0.0,20.0,0.0017492275219410658,0.034984550438821316,20.0,6.878317799419165e-05,0.001375663559883833,10.0,0.011616431176662445,0.11616431176662445,25.0,4.221675408189185e-05,0.0010554188520472962,11.195597798899449,0.0013637810479849577,0.015268344099001177,0.0,0.2940085530281067,0.0,500.0,0.0005083109717816114,0.2541554858908057,200.0,0.0005356975016184151,0.10713950032368302,0.7463731865932967,0.07448431104421616,0.05559309258527789,0.0,0.0,0.0
1494,0.5879263877868652,0.0,0.00023608116316609085,0.0,20.0,0.0017449840670451522,0.034899681340903044,20.0,6.729390588589013e-05,0.0013458781177178025,10.0,0.011613805778324604,0.11613805778324604,25.0,4.099031139048748e-05,0.001024757784762187,11.203101550775388,0.0014956847298890352,0.01675630791689092,0.0,0.2937231957912445,0.0,500.0,0.0005097323446534574,0.2548661723267287,200.0,0.0005362954689189792,0.10725909378379583,0.7468734367183592,0.0744924321770668,0.05563641882959516,0.0,0.0,0.0
1495,0.5842739343643188,0.0,0.00023665669141337276,0.0,20.0,0.0017381366342306137,0.034762732684612274,20.0,6.499358278233558e-05,0.0012998716556467116,10.0,0.011610640212893486,0.11610640212893486,25.0,4.151212124270387e-05,0.0010378030310675967,11.210605302651325,0.0013339826837182045,0.01495475334773635,0.0,0.2936471700668335,0.0,500.0,0.0005061572883278131,0.2530786441639066,200.0,0.0005368005367927253,0.10736010735854506,0.7473736868434218,0.07449232786893845,0.0556736057209575,0.0,0.0,0.0
1496,0.5839767456054688,0.0,0.00023754409630782902,0.0,20.0,0.0017340604681521654,0.03468120936304331,20.0,6.306431168923154e-05,0.001261286233784631,10.0,0.011607980355620384,0.11607980355620384,25.0,4.177297523710877e-05,0.0010443243809277192,11.218109054527263,0.0013857695739716291,0.01554571420525952,0.0,0.2936062216758728,0.0,500.0,0.0005043286946602166,0.2521643473301083,200.0,0.0005375002510845661,0.10750005021691322,0.7478739369684843,0.07447784394025803,0.05570003836452514,0.0,0.0,0.0
1497,0.5840955972671509,0.0,0.00023766528465785086,0.0,20.0,0.0017382686492055655,0.03476537298411131,20.0,6.366019806591794e-05,0.0012732039613183588,10.0,0.011615484952926636,0.11615484952926636,25.0,4.095555777894333e-05,0.0010238889444735833,11.225612806403202,0.0013883371138945222,0.01558493488533921,0.0,0.2937313914299011,0.0,500.0,0.00050434994045645,0.252174970228225,200.0,0.0005369165446609259,0.10738330893218517,0.7483741870935467,0.07447484135627747,0.055735048858925,0.0,0.0,0.0
1498,0.5872936248779297,0.0,0.000236479114391841,0.0,20.0,0.0017491517355665565,0.03498303471133113,20.0,6.556484731845558e-05,0.0013112969463691115,10.0,0.011626758612692356,0.11626758612692356,25.0,3.81501013180241e-05,0.0009537525329506025,11.23311655827914,0.001477367477491498,0.01659544107407283,0.0,0.2938968241214752,0.0,500.0,0.0005083352443762124,0.2541676221881062,200.0,0.0005362836527638137,0.10725673055276275,0.7488744372186094,0.07445598393678665,0.05575818306821892,0.0,0.0,0.0
1499,0.5879557132720947,0.0,0.0002370562287978828,0.0,20.0,0.0017549635376781225,0.03509927075356245,20.0,6.665959517704323e-05,0.0013331919035408646,10.0,0.011635661125183105,0.11635661125183105,25.0,3.763070344575681e-05,0.0009407675861439202,11.240620310155078,0.0014944946160539985,0.01679904653463399,0.0,0.29406142234802246,0.0,500.0,0.0005088782636448741,0.25443913182243705,200.0,0.0005360463401302695,0.1072092680260539,0.7493746873436719,0.07443320006132126,0.05577835602394159,0.0,0.0,0.0
1500,0.5849354267120361,0.0,0.0002388266148045659,0.0,20.0,0.0017541036941111088,0.035082073882222176,20.0,6.606613169424236e-05,0.0013213226338848472,10.0,0.011638453230261803,0.11638453230261803,25.0,3.87954423786141e-05,0.0009698860594653524,11.248124062031016,0.0013897331664338708,0.015631891069167375,0.0,0.2941393256187439,0.0,500.0,0.000505154428537935,0.2525772142689675,200.0,0.0005359113565646112,0.10718227131292224,0.7498749374687343,0.07439403980970383,0.05578622595034819,0.0,0.0,0.0
1501,0.5842643976211548,0.0,0.00023897152277640998,0.0,20.0,0.0017503125127404928,0.035006250254809856,20.0,6.458847201429307e-05,0.0012917694402858615,10.0,0.011635595001280308,0.11635595001280308,25.0,3.843340164166875e-05,0.0009608350410417188,11.255627813906953,0.0013783988542854786,0.01551474448295311,0.0,0.29408419132232666,0.0,500.0,0.0005042285774834454,0.2521142887417227,200.0,0.0005361008225008845,0.1072201645001769,0.7503751875937968,0.07436327636241913,0.055800357450539614,0.0,0.0,0.0
1502,0.584149956703186,0.0,0.0002376224147155881,0.0,20.0,0.001750301569700241,0.03500603139400482,20.0,6.454640242736787e-05,0.0012909280485473573,10.0,0.011635437607765198,0.11635437607765198,25.0,3.6928264307789505e-05,0.0009232066076947376,11.263131565782892,0.001303181517869234,0.014677904889857832,0.0,0.2939763069152832,0.0,500.0,0.0005057131638750434,0.2528565819375217,200.0,0.0005361794610507786,0.10723589221015573,0.7508754377188595,0.0743199810385704,0.05580504829359389,0.0,0.0,0.0
1503,0.5875726342201233,0.0,0.0002362955710850656,0.0,20.0,0.001751555479131639,0.03503110958263278,20.0,6.543358904309571e-05,0.0013086717808619142,10.0,0.011636920273303986,0.11636920273303986,25.0,3.57661847374402e-05,0.000894154618436005,11.27063531765883,0.0014404302928596735,0.016234564531329886,0.0,0.2939143180847168,0.0,500.0,0.0005092904320918024,0.2546452160459012,200.0,0.0005363698583096266,0.10727397166192532,0.751375687843922,0.07428468763828278,0.055815708270485605,0.0,0.0,0.0
1504,0.5857213735580444,0.0,0.00023683915787842125,0.0,20.0,0.0017495057545602322,0.03499011509120464,20.0,6.589467375306413e-05,0.0013178934750612825,10.0,0.011638949625194073,0.11638949625194073,25.0,3.675268453662284e-05,0.0009188171134155709,11.278139069534767,0.0013330135261639953,0.01503391192964846,0.0,0.2939206063747406,0.0,500.0,0.0005079921102151275,0.25399605510756373,200.0,0.000536204082891345,0.107240816578269,0.7518759379689844,0.07425999641418457,0.055834304457488444,0.0,0.0,0.0
1505,0.585832953453064,0.0,0.00023884142865426838,0.0,20.0,0.0017424005782231688,0.03484801156446338,20.0,6.629680865444243e-05,0.0013259361730888486,10.0,0.011643419042229652,0.11643419042229652,25.0,4.02236073568929e-05,0.0010055901839223225,11.285642821410706,0.001494568306952715,0.01686716408446886,0.0,0.2940770387649536,0.0,500.0,0.0005044539575465024,0.2522269787732512,200.0,0.0005363708478398621,0.10727416956797242,0.752376188094047,0.07423268258571625,0.05585090275583654,0.0,0.0,0.0
1506,0.5867692828178406,0.0,0.00023937311198096722,0.0,20.0,0.0017401486402377486,0.03480297280475497,20.0,6.69454166200012e-05,0.001338908332400024,10.0,0.01164733711630106,0.1164733711630106,25.0,4.1546252759872004e-05,0.0010386563189968001,11.293146573286643,0.001570424297824502,0.017735031777582858,0.0,0.29413485527038574,0.0,500.0,0.0005044871941208839,0.25224359706044197,200.0,0.0005363615928217769,0.10727231856435537,0.7528764382191095,0.074201300740242,0.055864411012538376,0.0,0.0,0.0
1507,0.5862098336219788,0.0,0.00023879142827354372,0.0,20.0,0.0017415154725313187,0.03483030945062637,20.0,6.72079186188057e-05,0.0013441583723761141,10.0,0.011646808125078678,0.11646808125078678,25.0,4.0908180380938575e-05,0.0010227045095234644,11.30065032516258,0.0014971308410167694,0.016918552125347083,0.0,0.2940216362476349,0.0,500.0,0.0005050897598266602,0.2525448799133301,200.0,0.0005359371425583959,0.10718742851167917,0.753376688344172,0.07419092953205109,0.05589371679603248,0.0,0.0,0.0
1508,0.5876787304878235,0.0,0.000237051717704162,0.0,20.0,0.0017477864166721702,0.0349557283334434,20.0,6.711001333314925e-05,0.001342200266662985,10.0,0.011642769910395145,0.11642769910395145,25.0,3.77300129912328e-05,0.0009432503247808199,11.30815407703852,0.0014373012818396091,0.016253224350167267,0.0,0.2938898503780365,0.0,500.0,0.0005092016072012484,0.2546008036006242,200.0,0.0005361363291740417,0.10722726583480835,0.7538769384692346,0.07418793439865112,0.05592857285581153,0.0,0.0,0.0
1509,0.5876356959342957,0.0,0.00023691542446613312,0.0,20.0,0.0017486137803643942,0.034972275607287884,20.0,6.585191295016557e-05,0.0013170382590033114,10.0,0.011636345647275448,0.11636345647275448,25.0,3.659325375338085e-05,0.0009148313438345212,11.315657828914457,0.0014262804761528969,0.016139301836207365,0.0,0.29368138313293457,0.0,500.0,0.0005093022482469678,0.2546511241234839,200.0,0.000536569335963577,0.1073138671927154,0.7543771885942971,0.07418543100357056,0.055963796875129763,0.0,0.0,0.0
1510,0.5848739147186279,0.0,0.0002385492844041437,0.0,20.0,0.001747023779898882,0.03494047559797764,20.0,6.465542537625879e-05,0.0012931085075251758,10.0,0.011632726527750492,0.11632726527750492,25.0,3.74203227693215e-05,0.0009355080692330375,11.323161580790396,0.001362035982310772,0.01542255350655544,0.0,0.29378852248191833,0.0,500.0,0.0005052785854786634,0.2526392927393317,200.0,0.0005366894765757024,0.10733789531514049,0.7548774387193596,0.0741548165678978,0.05597779799947862,0.0,0.0,0.0
1511,0.585191547870636,0.0,0.00023954462085384876,0.0,20.0,0.0017462715040892363,0.034925430081784725,20.0,6.530316750286147e-05,0.0013060633500572294,10.0,0.011633207090198994,0.11633207090198994,25.0,3.889326399075799e-05,0.0009723315997689497,11.330665332666333,0.0014456372009590268,0.016380031316519238,0.0,0.2939225435256958,0.0,500.0,0.0005039612879045308,0.2519806439522654,200.0,0.0005364202661439776,0.10728405322879553,0.7553776888444222,0.07414954900741577,0.05601091495807795,0.0,0.0,0.0
1512,0.583794355392456,0.0,0.00023891119053587317,0.0,20.0,0.0017481216927990317,0.034962433855980635,20.0,6.701478559989482e-05,0.0013402957119978964,10.0,0.011634147725999355,0.11634147725999355,25.0,3.899654620909132e-05,0.000974913655227283,11.33816908454227,0.0012515303678810596,0.014190062925474846,0.0,0.2939964830875397,0.0,500.0,0.0005055279470980167,0.25276397354900837,200.0,0.000535819330252707,0.1071638660505414,0.7558779389694847,0.07416184991598129,0.056057306264656194,0.0,0.0,0.0
1513,0.5857124328613281,0.0,0.00023803688236512244,0.0,20.0,0.0017486498691141605,0.03497299738228321,20.0,6.734506314387545e-05,0.001346901262877509,10.0,0.011631565168499947,0.11631565168499947,25.0,3.802755963988602e-05,0.0009506889909971505,11.34567283641821,0.0013331373920664191,0.015125340696381384,0.0,0.2939445376396179,0.0,500.0,0.0005074737127870321,0.25373685639351606,200.0,0.000535830098669976,0.1071660197339952,0.7563781890945472,0.07416654378175735,0.05609795607704708,0.0,0.0,0.0
1514,0.5846877098083496,0.0,0.00023858933127485216,0.0,20.0,0.0017438530921936035,0.03487706184387207,20.0,6.621739157708362e-05,0.0013243478315416723,10.0,0.011627101339399815,0.11627101339399815,25.0,3.8531867176061496e-05,0.0009632966794015374,11.353176588294147,0.0013429063837975264,0.015246253316800832,0.0,0.2939363420009613,0.0,500.0,0.0005053160130046308,0.2526580065023154,200.0,0.0005361030925996602,0.10722061851993203,0.7568784392196098,0.07415598630905151,0.056127067176385666,0.0,0.0,0.0
1515,0.5843736529350281,0.0,0.00023898782092146575,0.0,20.0,0.0017391056753695011,0.03478211350739002,20.0,6.448522617574781e-05,0.0012897045235149562,10.0,0.01162103284150362,0.1162103284150362,25.0,3.8535657949978486e-05,0.0009633914487494621,11.360680340170084,0.0013628755696117878,0.015483193689786743,0.0,0.2938583493232727,0.0,500.0,0.0005043781129643321,0.25218905648216605,200.0,0.000536500767339021,0.1073001534678042,0.7573786893446723,0.07414475828409195,0.0561556598509831,0.0,0.0,0.0
1516,0.5837613940238953,0.0,0.00023847183911129832,0.0,20.0,0.0017431445885449648,0.034862891770899296,20.0,6.51584705337882e-05,0.001303169410675764,10.0,0.01162488479167223,0.1162488479167223,25.0,3.71817295672372e-05,0.00092954323918093,11.368184092046024,0.0012530821841210127,0.014245268951550783,0.0,0.29379531741142273,0.0,500.0,0.0005054486100561917,0.25272430502809584,200.0,0.0005363464588299394,0.10726929176598787,0.7578789394697348,0.07412534207105637,0.05617803563664352,0.0,0.0,0.0
1517,0.5882996916770935,0.0,0.00023782619973644614,0.0,20.0,0.00175020145252347,0.0350040290504694,20.0,6.746571307303384e-05,0.0013493142614606768,10.0,0.011635742150247097,0.11635742150247097,25.0,3.6010165786137804e-05,0.0009002541446534451,11.37568784392196,0.0014909065794199705,0.01696008785193103,0.0,0.2939243018627167,0.0,500.0,0.0005086149321869016,0.2543074660934508,200.0,0.0005361299263313413,0.10722598526626825,0.7583791895947974,0.07409895956516266,0.05619510890484572,0.0,0.0,0.0
1518,0.5858961343765259,0.0,0.00023865397088229656,0.0,20.0,0.0017510969191789627,0.035021938383579254,20.0,6.85175255057402e-05,0.001370350510114804,10.0,0.01164319273084402,0.11643192730844021,25.0,3.685434421640821e-05,0.0009213586054102052,11.383191595797898,0.0013102098600938916,0.014914369868152326,0.0,0.2940085232257843,0.0,500.0,0.0005076350644230843,0.25381753221154213,200.0,0.0005359273636713624,0.10718547273427248,0.7588794397198599,0.07410027086734772,0.0562331720389027,0.0,0.0,0.0
1519,0.5867102742195129,0.0,0.0002400944649707526,0.0,20.0,0.0017477580113336444,0.03495516022667289,20.0,6.689663860015571e-05,0.0013379327720031142,10.0,0.011641883291304111,0.11641883291304111,25.0,3.747407390619628e-05,0.000936851847654907,11.390695347673837,0.0015125072095543146,0.01722850883519347,0.0,0.2939903438091278,0.0,500.0,0.0005047189770266414,0.2523594885133207,200.0,0.0005359964561648667,0.10719929123297334,0.7593796898449224,0.07410541921854019,0.056274150262003005,0.0,0.0,0.0
1520,0.5854166746139526,0.0,0.00024019970442168415,0.0,20.0,0.001741550164297223,0.03483100328594446,20.0,6.590876000700518e-05,0.0013181752001401037,10.0,0.011640447191894054,0.11640447191894054,25.0,3.789893526118249e-05,0.0009474733815295622,11.398199099549775,0.0014085700968280435,0.016055162409318143,0.0,0.2938960790634155,0.0,500.0,0.0005046428996138275,0.25232144980691373,200.0,0.000536129402462393,0.10722588049247861,0.759879939969985,0.07410778850317001,0.056313021879097175,0.0,0.0,0.0
1521,0.586444616317749,0.0,0.0002389737346675247,0.0,20.0,0.0017367503605782986,0.03473500721156597,20.0,6.656209006905556e-05,0.0013312418013811111,10.0,0.011643295176327229,0.11643295176327229,25.0,3.791206836467609e-05,0.0009478017091169022,11.405702851425714,0.0014480685349553823,0.01651623941820046,0.0,0.29385581612586975,0.0,500.0,0.0005057762609794736,0.2528881304897368,200.0,0.0005361484363675117,0.10722968727350235,0.7603801900950475,0.07412547618150711,0.056363543669780296,0.0,0.0,0.0
1522,0.5859783291816711,0.0,0.0002370979345869273,0.0,20.0,0.001734212739393115,0.0346842547878623,20.0,6.739499804098159e-05,0.0013478999608196318,10.0,0.011642840690910816,0.11642840690910816,25.0,3.7305184378055856e-05,0.0009326296094513964,11.413206603301651,0.0012562440242618322,0.014337772593063383,0.0,0.2935255467891693,0.0,500.0,0.0005090517224743962,0.2545258612371981,200.0,0.000536471139639616,0.1072942279279232,0.76088044022011,0.07416053116321564,0.0564272975984247,0.0,0.0,0.0
1523,0.585267961025238,0.0,0.0002370603906456381,0.0,20.0,0.0017298050224781036,0.03459610044956207,20.0,6.681242666672915e-05,0.001336248533334583,10.0,0.011639389209449291,0.11639389209449291,25.0,3.8007365219527856e-05,0.0009501841304881964,11.420710355177588,0.0012368708848953247,0.014125944123141701,0.0,0.29355916380882263,0.0,500.0,0.0005080844857729971,0.25404224288649857,200.0,0.0005367399426177144,0.10734798852354288,0.7613806903451726,0.07417496293783188,0.05647538448793403,0.0,0.0,0.0
1524,0.5844200849533081,0.0,0.0002378915378358215,0.0,20.0,0.001729417941533029,0.03458835883066058,20.0,6.53601746307686e-05,0.001307203492615372,10.0,0.011630968190729618,0.11630968190729618,25.0,3.832548827631399e-05,0.0009581372069078498,11.428214107053527,0.001277474919334054,0.014599256894540502,0.0,0.2935868203639984,0.0,500.0,0.0005055427900515497,0.25277139502577484,200.0,0.000536957464646548,0.1073914929293096,0.7618809404702351,0.07415138185024261,0.05649452454123037,0.0,0.0,0.0
1525,0.5834439992904663,0.0,0.00023861014051362872,0.0,20.0,0.0017337084282189608,0.034674168564379215,20.0,6.512608524644747e-05,0.0013025217049289495,10.0,0.011628235690295696,0.11628235690295696,25.0,3.817644756054506e-05,0.0009544111890136264,11.435717858929465,0.001236779266037047,0.014143458740173533,0.0,0.293718159198761,0.0,500.0,0.0005044608842581511,0.2522304421290755,200.0,0.0005367414560168982,0.10734829120337963,0.7623811905952976,0.07412084937095642,0.05650834139136447,0.0,0.0,0.0
1526,0.5851089358329773,0.0,0.0002388883731327951,0.0,20.0,0.0017445876728743315,0.03489175345748663,20.0,6.652715092059225e-05,0.001330543018411845,10.0,0.011634142138063908,0.11634142138063908,25.0,3.6863428249489516e-05,0.0009215857062372379,11.443221610805402,0.0013439729809761047,0.015379380660244319,0.0,0.2939682602882385,0.0,500.0,0.0005050473846495152,0.2525236923247576,200.0,0.0005361008225008845,0.1072201645001769,0.7628814407203601,0.0740618109703064,0.056500381055386316,0.0,0.0,0.0
1527,0.588178277015686,0.0,0.0002385849948041141,0.0,20.0,0.0017529975157231092,0.035059950314462185,20.0,6.680268415948376e-05,0.0013360536831896752,10.0,0.011639841832220554,0.11639841832220554,25.0,3.446285336394794e-05,0.0008615713340986986,11.450725362681341,0.0015105570200830698,0.017296973581641555,0.0,0.29393646121025085,0.0,500.0,0.0005070152110420167,0.2535076055210084,200.0,0.000536073581315577,0.1072147162631154,0.7633816908454227,0.07401663810014725,0.056502946343584146,0.0,0.0,0.0
1528,0.5852530598640442,0.0,0.00023943059204611927,0.0,20.0,0.0017515600193291903,0.035031200386583805,20.0,6.660239887423813e-05,0.0013320479774847627,10.0,0.011647223494946957,0.11647223494946957,25.0,3.477614518487826e-05,0.0008694036296219565,11.458229114557279,0.001309488550759852,0.015004419837495953,0.0,0.29400068521499634,0.0,500.0,0.0005056182853877544,0.2528091426938772,200.0,0.0005361262592487037,0.10722525184974074,0.7638819409704852,0.0739765539765358,0.05650935363790403,0.0,0.0,0.0
1529,0.5857647061347961,0.0,0.00024061457952484488,0.0,20.0,0.0017436845228075981,0.03487369045615196,20.0,6.61679805489257e-05,0.001323359610978514,10.0,0.011652521789073944,0.11652521789073944,25.0,3.681354064610787e-05,0.0009203385161526967,11.465732866433216,0.00141876598354429,0.016267191767301212,0.0,0.2940322160720825,0.0,500.0,0.0005041330005042255,0.25206650025211275,200.0,0.0005363303935155272,0.10726607870310545,0.7643821910955477,0.0739450603723526,0.05652228726811144,0.0,0.0,0.0
1530,0.588334321975708,0.0,0.00024024577578529716,0.0,20.0,0.001734284101985395,0.0346856820397079,20.0,6.698847573716193e-05,0.0013397695147432387,10.0,0.01165985967963934,0.1165985967963934,25.0,3.866479528369382e-05,0.0009666198820923455,11.473236618309155,0.0016141935484483838,0.01852002452909639,0.0,0.2939779758453369,0.0,500.0,0.0005048036691732705,0.25240183458663523,200.0,0.0005363470409065485,0.1072694081813097,0.7648824412206103,0.07393604516983032,0.056552382723697135,0.0,0.0,0.0
1531,0.5869964361190796,0.0,0.00023868295829743147,0.0,20.0,0.0017229700461030006,0.03445940092206001,20.0,6.736310024280101e-05,0.0013472620048560202,10.0,0.011663204990327358,0.11663204990327358,25.0,3.9816757634980604e-05,0.000995418940874515,11.480740370185092,0.0014297927264124155,0.016415079075120027,0.0,0.29378214478492737,0.0,500.0,0.0005064582219347358,0.2532291109673679,200.0,0.0005364353419281542,0.10728706838563085,0.7653826913456728,0.07399055361747742,0.056631089061901174,0.0,0.0,0.0
1532,0.5882552862167358,0.0,0.00023658861755393445,0.0,20.0,0.001724163768813014,0.03448327537626028,20.0,6.746727740392089e-05,0.0013493455480784178,10.0,0.01166223268955946,0.1166223268955946,25.0,3.782090425374918e-05,0.0009455226063437294,11.48824412206103,0.0013405068311840296,0.015400069723932585,0.0,0.2936096489429474,0.0,500.0,0.000510723446495831,0.2553617232479155,200.0,0.0005370036233216524,0.10740072466433048,0.7658829414707353,0.07402216643095016,0.05669231456017244,0.0,0.0,0.0
1533,0.5877634286880493,0.0,0.0002365239488426596,0.0,20.0,0.0017260046442970634,0.03452009288594127,20.0,6.622083310503513e-05,0.0013244166621007025,10.0,0.011659063398838043,0.11659063398838043,25.0,3.671468221000396e-05,0.0009178670552500989,11.495747873936969,0.0012887467164546251,0.014815107325726506,0.0,0.293491393327713,0.0,500.0,0.0005108939949423075,0.25544699747115374,200.0,0.0005370739381760359,0.10741478763520718,0.7663831915957979,0.0740276575088501,0.056733552427993175,0.0,0.0,0.0
1534,0.5853636264801025,0.0,0.0002383099345024675,0.0,20.0,0.0017270095413550735,0.03454019082710147,20.0,6.464165926445276e-05,0.0012928331852890551,10.0,0.011655098758637905,0.11655098758637905,25.0,3.731650213012472e-05,0.000932912553253118,11.503251625812906,0.0012687364360317588,0.014594594470510402,0.0,0.2935629189014435,0.0,500.0,0.0005067331367172301,0.25336656835861504,200.0,0.0005366291152313352,0.10732582304626703,0.7668834417208604,0.07401348650455475,0.0567597172643734,0.0,0.0,0.0
1535,0.5866580605506897,0.0,0.00024001355632208288,0.0,20.0,0.0017352225258946419,0.03470445051789284,20.0,6.49872818030417e-05,0.001299745636060834,10.0,0.011659330688416958,0.11659330688416958,25.0,3.7160469219088554e-05,0.0009290117304772139,11.510755377688845,0.0014349862467497587,0.016517775656684316,0.0,0.29380345344543457,0.0,500.0,0.0005051680491305888,0.2525840245652944,200.0,0.0005363856325857341,0.10727712651714683,0.7673836918459229,0.07395599782466888,0.05675262664484345,0.0,0.0,0.0
1536,0.5867105722427368,0.0,0.00024033148656599224,0.0,20.0,0.0017482624389231205,0.03496524877846241,20.0,6.739586387993768e-05,0.0013479172775987536,10.0,0.011669124476611614,0.11669124476611614,25.0,3.6011217162013054e-05,0.0009002804290503263,11.518259129564782,0.0013949660351499915,0.016067580269799178,0.0,0.29393333196640015,0.0,500.0,0.0005055891233496368,0.2527945616748184,200.0,0.000535973405931145,0.10719468118622899,0.7678839419709855,0.0739031434059143,0.05674903708258052,0.0,0.0,0.0
1537,0.587394118309021,0.0,0.000239812841755338,0.0,20.0,0.0017618115525692701,0.0352362310513854,20.0,6.900705193402246e-05,0.0013801410386804491,10.0,0.011674853973090649,0.11674853973090649,25.0,3.329886749270372e-05,0.000832471687317593,11.52576288144072,0.0012771645560860634,0.014720295834028464,0.0,0.2939327359199524,0.0,500.0,0.0005090248887427151,0.25451244437135756,200.0,0.0005360047798603773,0.10720095597207546,0.768384192096048,0.07387321442365646,0.05676301018245939,0.0,0.0,0.0
1538,0.589049756526947,0.0,0.0002396774070803076,0.0,20.0,0.001767520559951663,0.03535041119903326,20.0,6.867616320960224e-05,0.0013735232641920447,10.0,0.011669297702610493,0.11669297702610493,25.0,3.197132173227146e-05,0.0007992830433067866,11.533266633316659,0.0014018139336258173,0.01616749386680501,0.0,0.29391881823539734,0.0,500.0,0.0005092377541586757,0.25461887707933784,200.0,0.0005362041993066669,0.10724083986133337,0.7688844422211105,0.07388146966695786,0.056806312595354784,0.0,0.0,0.0
1539,0.5854256749153137,0.0,0.0002406733692623675,0.0,20.0,0.0017643570899963379,0.03528714179992676,20.0,6.718840450048447e-05,0.0013437680900096893,10.0,0.011661102063953876,0.11661102063953876,25.0,3.2764026400400326e-05,0.0008191006600100081,11.540770385192596,0.0012658997438848019,0.014609458274848613,0.0,0.29389262199401855,0.0,500.0,0.000505134928971529,0.2525674644857645,200.0,0.0005366199184209108,0.10732398368418217,0.7693846923461731,0.07390806078910828,0.056863730612130334,0.0,0.0,0.0
1540,0.5856572389602661,0.0,0.00024042357108555734,0.0,20.0,0.001759715611115098,0.03519431222230196,20.0,6.634548481088132e-05,0.0013269096962176263,10.0,0.011656084097921848,0.11656084097921848,25.0,3.291203756816685e-05,0.0008228009392041713,11.548274137068534,0.0013066153042018414,0.015089151724612058,0.0,0.293865829706192,0.0,500.0,0.0005047519225627184,0.2523759612813592,200.0,0.0005367273697629571,0.10734547395259142,0.7698849424712356,0.07396143674850464,0.056941796476212427,0.0,0.0,0.0
1541,0.5864264965057373,0.0,0.00023912782489787787,0.0,20.0,0.0017523556016385555,0.03504711203277111,20.0,6.584280345123261e-05,0.0013168560690246522,10.0,0.01165374182164669,0.1165374182164669,25.0,3.269387161708437e-05,0.0008173467904271092,11.555777888944473,0.001317786518484354,0.015228048312650615,0.0,0.2937690317630768,0.0,500.0,0.0005063306307420135,0.2531653153710067,200.0,0.0005365940742194653,0.10731881484389305,0.7703851925962981,0.07398321479558945,0.056995573179193466,0.0,0.0,0.0
1542,0.5862308144569397,0.0,0.00023828726261854172,0.0,20.0,0.0017422385280951858,0.034844770561903715,20.0,6.58653152640909e-05,0.001317306305281818,10.0,0.011654605157673359,0.11654605157673359,25.0,3.392855796846561e-05,0.0008482139492116403,11.56328164082041,0.0012750308960676193,0.014743541351977498,0.0,0.2936238646507263,0.0,500.0,0.0005071404157206416,0.2535702078603208,200.0,0.0005367390112951398,0.10734780225902796,0.7708854427213607,0.07395767420530319,0.05701289442239731,0.0,0.0,0.0
1543,0.585730254650116,0.0,0.00023819738999009132,0.0,20.0,0.0017329668626189232,0.034659337252378464,20.0,6.625711102969944e-05,0.001325142220593989,10.0,0.011657575145363808,0.11657575145363808,25.0,3.5949069570051506e-05,0.0008987267392512877,11.570785392696347,0.0012277922360226512,0.014206520469836878,0.0,0.2934971749782562,0.0,500.0,0.0005071868072263896,0.2535934036131948,200.0,0.0005369540303945541,0.10739080607891083,0.7713856928464232,0.07399743050336838,0.05708055919769587,0.0,0.0,0.0
1544,0.586273729801178,0.0,0.0002381053927820176,0.0,20.0,0.001730336807668209,0.03460673615336418,20.0,6.606773240491748e-05,0.0013213546480983496,10.0,0.011657719500362873,0.11657719500362873,25.0,3.640642171376385e-05,0.0009101605428440962,11.578289144572286,0.0012608071556314826,0.014597989803447056,0.0,0.2933702766895294,0.0,500.0,0.0005073791253380477,0.25368956266902387,200.0,0.0005371090956032276,0.10742181912064552,0.7718859429714857,0.0740380585193634,0.05714893661599686,0.0,0.0,0.0
1545,0.5869981050491333,0.0,0.0002380470687057823,0.0,20.0,0.0017347236862406135,0.03469447372481227,20.0,6.568888784386218e-05,0.0013137777568772435,10.0,0.011656127870082855,0.11656127870082855,25.0,3.550968176568858e-05,0.0008877420441422146,11.585792896448224,0.0012986863730475307,0.01504631135556819,0.0,0.2934219241142273,0.0,500.0,0.0005077882087789476,0.2538941043894738,200.0,0.0005370551953092217,0.10741103906184435,0.7723861930965483,0.07404247671365738,0.05718938671630165,0.0,0.0,0.0
1546,0.5862610936164856,0.0,0.00023901807435322553,0.0,20.0,0.0017404153477400541,0.03480830695480108,20.0,6.596639286726713e-05,0.0013193278573453426,10.0,0.0116574726998806,0.116574726998806,25.0,3.559986726031639e-05,0.0008899966815079097,11.593296648324163,0.0012646509567275643,0.014661473697929618,0.0,0.29360657930374146,0.0,500.0,0.0005069889011792839,0.25349445058964193,200.0,0.0005366100231185555,0.10732200462371111,0.7728864432216108,0.0739964172244072,0.05719082771971442,0.0,0.0,0.0
1547,0.5861999988555908,0.0,0.00023979369143489748,0.0,20.0,0.0017479164525866508,0.03495832905173302,20.0,6.655286415480077e-05,0.0013310572830960155,10.0,0.011659600771963596,0.11659600771963596,25.0,3.53097275365144e-05,0.00088274318841286,11.6008004002001,0.0012570223771035671,0.014582465695363542,0.0,0.2936721742153168,0.0,500.0,0.0005068497848697007,0.25342489243485034,200.0,0.0005362814990803599,0.10725629981607199,0.7733866933466733,0.07391930371522903,0.05716820587480945,0.0,0.0,0.0
1548,0.5877088904380798,0.0,0.0002402657992206514,0.0,20.0,0.0017566762398928404,0.03513352479785681,20.0,6.743530684616417e-05,0.0013487061369232833,10.0,0.011662979610264301,0.11662979610264301,25.0,3.459603613009676e-05,0.0008649009032524191,11.608304152076037,0.0013400919269770384,0.015556194680091133,0.0,0.29373303055763245,0.0,500.0,0.0005076210363768041,0.25381051818840206,200.0,0.0005360813229344785,0.1072162645868957,0.7738869434717359,0.0738467127084732,0.057149006783395725,0.0,0.0,0.0
1549,0.5878444314002991,0.0,0.00024181202752515674,0.0,20.0,0.0017563640139997005,0.03512728027999401,20.0,6.751730688847601e-05,0.0013503461377695203,10.0,0.011667503975331783,0.11667503975331783,25.0,3.61485690518748e-05,0.00090371422629687,11.615807903951977,0.001434055040590465,0.016657707875192898,0.0,0.2937907576560974,0.0,500.0,0.0005054566427133977,0.25272832135669887,200.0,0.0005363104864954948,0.10726209729909897,0.7743871935967984,0.07378725707530975,0.057139906929754625,0.0,0.0,0.0
1550,0.5866826176643372,0.0,0.00024177823797799647,0.0,20.0,0.0017569385236129165,0.03513877047225833,20.0,6.749798194505274e-05,0.0013499596389010549,10.0,0.011669955216348171,0.11669955216348171,25.0,3.605175152188167e-05,0.0009012937880470417,11.623311655827914,0.0013074363814666867,0.015196740531955211,0.0,0.2937764525413513,0.0,500.0,0.0005059682880528271,0.25298414402641356,200.0,0.0005362255615182221,0.10724511230364442,0.7748874437218609,0.07377468794584274,0.05716707935373207,0.0,0.0,0.0
1551,0.5894451141357422,0.0,0.00024060736177489161,0.0,20.0,0.0017589892959222198,0.035179785918444395,20.0,6.775830843253061e-05,0.0013551661686506122,10.0,0.01167344767600298,0.11673447676002979,25.0,3.464079418336041e-05,0.0008660198545840103,11.630815407703851,0.001397058367729187,0.01624892798884622,0.0,0.2936820089817047,0.0,500.0,0.0005093017825856805,0.25465089129284024,200.0,0.0005359709030017257,0.10719418060034513,0.7753876938469234,0.0737898200750351,0.057215718417360874,0.0,0.0,0.0
1552,0.5865492820739746,0.0,0.00024065686739049852,0.0,20.0,0.0017525156727060676,0.03505031345412135,20.0,6.71596426400356e-05,0.001343192852800712,10.0,0.011674854904413223,0.11674854904413223,25.0,3.58465695171617e-05,0.0008961642379290424,11.63831915957979,0.0011765671661123633,0.013693264191898017,0.0,0.2936457693576813,0.0,500.0,0.0005087117315270007,0.25435586576350033,200.0,0.0005360366776585579,0.10720733553171158,0.775887943971986,0.07379232347011566,0.05725457413814377,0.0,0.0,0.0
1553,0.5857411623001099,0.0,0.00024081417359411716,0.0,20.0,0.0017496810760349035,0.03499362152069807,20.0,6.656112964265049e-05,0.0013312225928530097,10.0,0.01167298760265112,0.11672987602651119,25.0,3.683561953948811e-05,0.0009208904884872027,11.645822911455728,0.0011346223764121532,0.013213611267070999,0.0,0.2936384379863739,0.0,500.0,0.0005081259878352284,0.2540629939176142,200.0,0.0005360791692510247,0.10721583385020494,0.7763881940970485,0.07376869022846222,0.05727314018738037,0.0,0.0,0.0
1554,0.5871202349662781,0.0,0.00024061778094619513,0.0,20.0,0.0017520723631605506,0.03504144726321101,20.0,6.646137626376003e-05,0.0013292275252752006,10.0,0.011669371277093887,0.11669371277093887,25.0,3.702511821757071e-05,0.0009256279554392677,11.653326663331665,0.001228183857165277,0.014312427690177652,0.0,0.29362770915031433,0.0,500.0,0.0005086327437311411,0.25431637186557055,200.0,0.0005360761424526572,0.10721522849053144,0.776888444222111,0.07373803108930588,0.057286224252972494,0.0,0.0,0.0
1555,0.5853812098503113,0.0,0.000240612484049052,0.0,20.0,0.0017558520194143057,0.035117040388286114,20.0,6.684703839709982e-05,0.0013369407679419965,10.0,0.01166265644133091,0.1166265644133091,25.0,3.7952926504658535e-05,0.0009488231626164634,11.660830415207604,0.0010905377566814423,0.012716575842043231,0.0,0.29363614320755005,0.0,500.0,0.0005082316929474473,0.25411584647372365,200.0,0.0005360078066587448,0.10720156133174896,0.7773886943471736,0.07373126596212387,0.05731785257885968,0.0,0.0,0.0
1556,0.5856070518493652,0.0,0.00024130585370585322,0.0,20.0,0.001758338650688529,0.03516677301377058,20.0,6.704215775243938e-05,0.0013408431550487876,10.0,0.01165707129985094,0.11657071299850941,25.0,3.948444646084681e-05,0.0009871111615211703,11.668334167083541,0.0011796701001003385,0.01376478493488764,0.0,0.29366907477378845,0.0,500.0,0.0005064475117251277,0.25322375586256385,200.0,0.0005358989583328366,0.10717979166656733,0.7778889444722361,0.07375508546829224,0.057373265584389405,0.0,0.0,0.0
1557,0.5854969024658203,0.0,0.00024184666108340025,0.0,20.0,0.0017615107353776693,0.03523021470755339,20.0,6.739442324033007e-05,0.0013478884648066014,10.0,0.011650638654828072,0.11650638654828072,25.0,4.0764738514553756e-05,0.0010191184628638439,11.67583791895948,0.0012154658325016499,0.014191582056322417,0.0,0.2937324047088623,0.0,500.0,0.0005052469787187874,0.2526234893593937,200.0,0.0005358998896554112,0.10717997793108225,0.7783891945972986,0.07373972237110138,0.05739820310627,0.0,0.0,0.0
1558,0.5867940187454224,0.0,0.00024148539523594081,0.0,20.0,0.0017636965494602919,0.03527393098920584,20.0,6.788974860683084e-05,0.0013577949721366167,10.0,0.011645743623375893,0.11645743623375893,25.0,4.1001672798302025e-05,0.0010250418199575506,11.683341670835418,0.0012912347447127104,0.015085936699732542,0.0,0.2937259078025818,0.0,500.0,0.0005059263203293085,0.25296316016465425,200.0,0.0005359182832762599,0.10718365665525198,0.7788894447223612,0.07375512272119522,0.05744708658174135,0.0,0.0,0.0
1559,0.586454451084137,0.0,0.0002417449140921235,0.0,20.0,0.0017607839545235038,0.035215679090470076,20.0,6.785008008591831e-05,0.0013570016017183661,10.0,0.011644982732832432,0.11644982732832432,25.0,4.212102066958323e-05,0.0010530255167395808,11.690845422711355,0.0012724734842777252,0.014876290809189813,0.0,0.29375535249710083,0.0,500.0,0.0005055489018559456,0.2527744509279728,200.0,0.000536046689376235,0.107209337875247,0.7793896948474237,0.07379982620477676,0.05751882402553386,0.0,0.0,0.0
1560,0.587242066860199,0.0,0.00024142785696312785,0.0,20.0,0.0017579899867996573,0.03515979973599315,20.0,6.769636820536107e-05,0.0013539273641072214,10.0,0.011645103804767132,0.11645103804767132,25.0,4.2321033106418326e-05,0.0010580258276604582,11.698349174587294,0.001301883952692151,0.01522989306338467,0.0,0.29369431734085083,0.0,500.0,0.0005063675343990326,0.2531837671995163,200.0,0.0005361333605833352,0.10722667211666703,0.7798899449724862,0.07382956147193909,0.05757893263369336,0.0,0.0,0.0
1561,0.5882964730262756,0.0,0.00024083843163680285,0.0,20.0,0.0017585332971066236,0.03517066594213247,20.0,6.704785482725129e-05,0.0013409570965450257,10.0,0.01164595689624548,0.1164595689624548,25.0,4.091189839527942e-05,0.0010227974598819856,11.705852926463232,0.0013041220372542739,0.015265860766258134,0.0,0.2935209572315216,0.0,500.0,0.0005082946154288948,0.2541473077144474,200.0,0.0005362920928746462,0.10725841857492924,0.7803901950975488,0.07384875416755676,0.057630843672530546,0.0,0.0,0.0
1562,0.5867855548858643,0.0,0.00024176103761419654,0.0,20.0,0.001755773089826107,0.03511546179652214,20.0,6.56807969789952e-05,0.001313615939579904,10.0,0.01164440717548132,0.1164440717548132,25.0,4.163500852882862e-05,0.0010408752132207155,11.713356678339169,0.0012465938925743103,0.014601798896762119,0.0,0.2934575080871582,0.0,500.0,0.0005065937875770032,0.2532968937885016,200.0,0.0005365308606997132,0.10730617213994265,0.7808904452226113,0.07384733110666275,0.05766667526638347,0.0,0.0,0.0
1563,0.5851162075996399,0.0,0.00024198218306992203,0.0,20.0,0.0017608706839382648,0.0352174136787653,20.0,6.698285869788378e-05,0.0013396571739576757,10.0,0.0116488141939044,0.116488141939044,25.0,4.197063026367687e-05,0.0010492657565919217,11.720860430215108,0.0010655124206095934,0.0124887223686257,0.0,0.2935362756252289,0.0,500.0,0.0005072155618108809,0.25360778090544045,200.0,0.0005361543735489249,0.10723087470978498,0.7813906953476738,0.07383550703525543,0.057694378183626306,0.0,0.0,0.0
1564,0.5878182649612427,0.0,0.00024226633831858635,0.0,20.0,0.0017688092775642872,0.035376185551285744,20.0,6.870799552416429e-05,0.0013741599104832858,10.0,0.011653817258775234,0.11653817258775234,25.0,4.220340269966982e-05,0.0010550850674917456,11.728364182091045,0.0012344105634838343,0.014477616638758626,0.0,0.2936021387577057,0.0,500.0,0.00050819554599002,0.25409777299501,200.0,0.0005359374918043613,0.10718749836087227,0.7818909454727364,0.07381050288677216,0.05771176388795642,0.0,0.0,0.0
1565,0.5856702327728271,0.0,0.00024315103655681014,0.0,20.0,0.0017685334896668792,0.035370669793337584,20.0,6.886728806421161e-05,0.0013773457612842321,10.0,0.011650029569864273,0.11650029569864273,25.0,4.4520806113723665e-05,0.0011130201528430916,11.735867933966983,0.0011529140174388885,0.013530446647882104,0.0,0.29364389181137085,0.0,500.0,0.0005057791131548584,0.2528895565774292,200.0,0.0005358238704502583,0.10716477409005165,0.7823911955977989,0.07377909123897552,0.057724111404581155,0.0,0.0,0.0
1566,0.5863953232765198,0.0,0.00024322824901901186,0.0,20.0,0.0017675331328064203,0.035350662656128407,20.0,6.879127613501623e-05,0.0013758255227003247,10.0,0.011646981351077557,0.11646981351077557,25.0,4.5760425564367324e-05,0.001144010639109183,11.743371685842922,0.001245281659066677,0.014623805375983115,0.0,0.2936670780181885,0.0,500.0,0.0005050530890002847,0.25252654450014234,200.0,0.0005358289345167577,0.10716578690335155,0.7828914457228614,0.07375079393386841,0.05773886568609508,0.0,0.0,0.0
1567,0.5868789553642273,0.0,0.00024246977409347892,0.0,20.0,0.001766084460541606,0.03532168921083212,20.0,6.827703327871859e-05,0.0013655406655743718,10.0,0.011644231155514717,0.11644231155514717,25.0,4.543232353171334e-05,0.0011358080882928334,11.75087543771886,0.0012489983346313238,0.014676823852170983,0.0,0.293597549200058,0.0,500.0,0.0005059944232925773,0.25299721164628863,200.0,0.000535935047082603,0.1071870094165206,0.783391695847924,0.07372113317251205,0.05775252353584486,0.0,0.0,0.0
1568,0.5879480838775635,0.0,0.0002419449301669374,0.0,20.0,0.0017642562743276358,0.035285125486552715,20.0,6.739031960023567e-05,0.0013478063920047134,10.0,0.011643271893262863,0.11643271893262863,25.0,4.480669667827897e-05,0.0011201674169569742,11.758379189594798,0.0012987072113901377,0.015270691847786488,0.0,0.293485552072525,0.0,500.0,0.0005069897742941976,0.2534948871470988,200.0,0.0005361895891837776,0.10723791783675551,0.7838919459729865,0.07368205487728119,0.05775876938104033,0.0,0.0,0.0
1569,0.5869817137718201,0.0,0.00024283904349431396,0.0,20.0,0.001757075428031385,0.0351415085606277,20.0,6.632909207837656e-05,0.0013265818415675312,10.0,0.011645752005279064,0.11645752005279064,25.0,4.663034633267671e-05,0.0011657586583169177,11.765882941470736,0.001296602888032794,0.015255677802166741,0.0,0.2934590280056,0.0,500.0,0.0005050855688750744,0.2525427844375372,200.0,0.0005365770775824785,0.1073154155164957,0.784392196098049,0.07365763932466507,0.05777647746927205,0.0,0.0,0.0
1570,0.5864725708961487,0.0,0.00024266335822176188,0.0,20.0,0.0017566656460985541,0.03513331292197108,20.0,6.667003617621958e-05,0.0013334007235243917,10.0,0.01165765430778265,0.1165765430778265,25.0,4.6047116484260187e-05,0.0011511779121065047,11.773386693346673,0.0012007324257865548,0.014136687164025295,0.0,0.29346519708633423,0.0,500.0,0.0005061355186626315,0.25306775933131576,200.0,0.0005364226526580751,0.10728453053161502,0.7848924462231116,0.073626808822155,0.05778912608402261,0.0,0.0,0.0
1571,0.5885791182518005,0.0,0.00024185082293115556,0.0,20.0,0.0017617722041904926,0.03523544408380985,20.0,6.692759779980406e-05,0.0013385519559960812,10.0,0.011668163351714611,0.11668163351714611,25.0,4.3425181502243504e-05,0.0010856295375560876,11.780890445222612,0.0012334254570305347,0.01453085018162536,0.0,0.2934815585613251,0.0,500.0,0.0005093581276014447,0.25467906380072236,200.0,0.0005361821968108416,0.10723643936216831,0.7853926963481741,0.0735829770565033,0.057791532755732955,0.0,0.0,0.0
1572,0.5867496728897095,0.0,0.00024266907712444663,0.0,20.0,0.0017634956166148186,0.03526991233229637,20.0,6.682134699076414e-05,0.0013364269398152828,10.0,0.011671233922243118,0.11671233922243118,25.0,4.403679122333415e-05,0.0011009197805833537,11.78839419709855,0.0011383985402062535,0.013419890745352858,0.0,0.2936137020587921,0.0,500.0,0.0005078219110146165,0.25391095550730824,200.0,0.000535977422259748,0.1071954844519496,0.7858929464732366,0.073551706969738,0.057803767708583496,0.0,0.0,0.0
1573,0.5877552032470703,0.0,0.00024365115677937865,0.0,20.0,0.0017666630446910858,0.035333260893821716,20.0,6.703136750729755e-05,0.001340627350145951,10.0,0.011666460894048214,0.11666460894048214,25.0,4.5784141548210755e-05,0.0011446035387052689,11.795897948974487,0.0013152901083230972,0.015515027891074853,0.0,0.2936791479587555,0.0,500.0,0.0005055625224485993,0.25278126122429967,200.0,0.0005358304479159415,0.1071660895831883,0.7863931965982992,0.07351243495941162,0.057809678717456264,0.0,0.0,0.0
1574,0.5873823761940002,0.0,0.00024339846277143806,0.0,20.0,0.0017728963866829872,0.035457927733659744,20.0,6.745398422935978e-05,0.0013490796845871955,10.0,0.011661704629659653,0.11661704629659653,25.0,4.531567537924275e-05,0.0011328918844810687,11.803401700850426,0.0012669897405430675,0.014954788858486083,0.0,0.2936844527721405,0.0,500.0,0.000505751115269959,0.2528755576349795,200.0,0.0005357634508982301,0.10715269017964602,0.7868934467233617,0.07350724935531616,0.05784237280435834,0.0,0.0,0.0
1575,0.5877312421798706,0.0,0.00024277137708850205,0.0,20.0,0.0017787361284717917,0.035574722569435835,20.0,6.700675294268876e-05,0.0013401350588537753,10.0,0.011656466871500015,0.11656466871500015,25.0,4.342385000200011e-05,0.0010855962500500027,11.810905452726363,0.0012163487263023853,0.01436617980390161,0.0,0.29362136125564575,0.0,500.0,0.0005074752843938768,0.2537376421969384,200.0,0.0005359204369597137,0.10718408739194274,0.7873936968484242,0.07350602746009827,0.05787818270244856,0.0,0.0,0.0
1576,0.5889307856559753,0.0,0.000243108079303056,0.0,20.0,0.0017740174662321806,0.03548034932464361,20.0,6.582053902093321e-05,0.0013164107804186642,10.0,0.011652329005300999,0.11652329005300999,25.0,4.433557842276059e-05,0.0011083894605690148,11.8184092046023,0.0013873883290216327,0.01639672299806707,0.0,0.29360660910606384,0.0,500.0,0.0005060149123892188,0.2530074561946094,200.0,0.000535949831828475,0.107189966365695,0.7878939469734867,0.0734974816441536,0.057908220905223566,0.0,0.0,0.0
1577,0.5881305932998657,0.0,0.00024403544375672936,0.0,20.0,0.0017656133277341723,0.03531226655468345,20.0,6.65970947011374e-05,0.0013319418940227479,10.0,0.011658073402941227,0.11658073402941227,25.0,4.783664917340502e-05,0.0011959162293351255,11.82591295647824,0.0013776981504634023,0.016292538407681256,0.0,0.2937130928039551,0.0,500.0,0.000504592782817781,0.2522963914088905,200.0,0.0005360851646400988,0.10721703292801976,0.7883941970985493,0.073445163667202,0.057903740840175265,0.0,0.0,0.0
1578,0.5885140299797058,0.0,0.0002433592453598976,0.0,20.0,0.0017612716183066368,0.035225432366132736,20.0,6.833398947492242e-05,0.0013666797894984484,10.0,0.011668361723423004,0.11668361723423004,25.0,4.908157279714942e-05,0.0012270393199287355,11.833416708354177,0.0013335304101929069,0.015780221037075142,0.0,0.29370442032814026,0.0,500.0,0.0005062175332568586,0.2531087666284293,200.0,0.0005360365030355752,0.10720730060711503,0.7888944472236118,0.07341279089450836,0.057914943091865775,0.0,0.0,0.0
1579,0.5908629894256592,0.0,0.00024161094916053116,0.0,20.0,0.0017648715293034911,0.03529743058606982,20.0,6.972447590669617e-05,0.0013944895181339234,10.0,0.011675575748085976,0.11675575748085976,25.0,4.699136843555607e-05,0.0011747842108889017,11.840920460230116,0.0012709565926343203,0.015049295921788075,0.0,0.2935868203639984,0.0,500.0,0.0005120458081364632,0.2560229040682316,200.0,0.0005360993673093617,0.10721987346187234,0.7893946973486743,0.07340873777866364,0.05794846834153637,0.0,0.0,0.0
1580,0.5919296741485596,0.0,0.00024098643916659057,0.0,20.0,0.0017626024782657623,0.03525204956531525,20.0,6.837431283202022e-05,0.0013674862566404045,10.0,0.011671407148241997,0.11671407148241997,25.0,4.643654392566532e-05,0.001160913598141633,11.848424212106053,0.0013327122433111072,0.015790540011417494,0.0,0.2933311462402344,0.0,500.0,0.0005128681077621877,0.25643405388109386,200.0,0.0005361799849197268,0.10723599698394537,0.7898949474737369,0.07339528203010559,0.05797456244399036,0.0,0.0,0.0
1581,0.587802529335022,0.0,0.00024165643844753504,0.0,20.0,0.0017557762330397964,0.03511552466079593,20.0,6.535515422001481e-05,0.0013071030844002962,10.0,0.011660964228212833,0.11660964228212833,25.0,4.750358493765816e-05,0.001187589623441454,11.85592796398199,0.0011765745002776384,0.01394938251954979,0.0,0.2933017909526825,0.0,500.0,0.0005085791926831007,0.25428959634155035,200.0,0.000536707229912281,0.10734144598245621,0.7903951975987994,0.0733838602900505,0.058002250754517155,0.0,0.0,0.0
1582,0.5888968110084534,0.0,0.00024233799194917083,0.0,20.0,0.0017532098572701216,0.03506419714540243,20.0,6.349782051984221e-05,0.0012699564103968441,10.0,0.011648069135844707,0.11648069135844707,25.0,4.8991227231454104e-05,0.0012247806807863526,11.86343171585793,0.0013752225786447525,0.016314859155858084,0.0,0.29343557357788086,0.0,500.0,0.0005061163101345301,0.25305815506726503,200.0,0.0005373861058615148,0.10747722117230296,0.7908954477238619,0.07334339618682861,0.0580069581647704,0.0,0.0,0.0
1583,0.5876120328903198,0.0,0.0002420225937385112,0.0,20.0,0.0017585288733243942,0.035170577466487885,20.0,6.349500472424552e-05,0.0012699000944849104,10.0,0.01164414081722498,0.1164414081722498,25.0,4.850867117056623e-05,0.0012127167792641558,11.870935467733867,0.0012840289855375886,0.015242625226016496,0.0,0.2934888005256653,0.0,500.0,0.000505723524838686,0.252861762419343,200.0,0.0005369557184167206,0.10739114368334413,0.7913956978489245,0.07331593334674835,0.05802191423439514,0.0,0.0,0.0
1584,0.5904241800308228,0.0,0.00024100072914734483,0.0,20.0,0.0017704477068036795,0.03540895413607359,20.0,6.490907981060445e-05,0.001298181596212089,10.0,0.011647842824459076,0.11647842824459076,25.0,4.598917439579964e-05,0.001149729359894991,11.878439219609804,0.0013951309956610203,0.01657197873535314,0.0,0.29361972212791443,0.0,500.0,0.0005084694130346179,0.25423470651730895,200.0,0.0005362269002944231,0.10724538005888462,0.791895947973987,0.07328839600086212,0.05803678382659567,0.0,0.0,0.0
1585,0.591594934463501,0.0,0.000241511341300793,0.0,20.0,0.0017766142264008522,0.035532284528017044,20.0,6.634186138398945e-05,0.001326837227679789,10.0,0.011657191440463066,0.11657191440463066,25.0,4.583149348036386e-05,0.0011457873370090965,11.885942971485743,0.0014837251510471106,0.017635472530705028,0.0,0.29376912117004395,0.0,500.0,0.0005082543939352036,0.2541271969676018,200.0,0.000536002335138619,0.10720046702772379,0.7923961980990495,0.07326511293649673,0.0580549969441775,0.0,0.0,0.0
1586,0.5887554883956909,0.0,0.00024315103655681014,0.0,20.0,0.0017749713733792305,0.03549942746758461,20.0,6.680274964310229e-05,0.0013360549928620458,10.0,0.011663980782032013,0.11663980782032013,25.0,4.7957055357983336e-05,0.0011989263839495834,11.89344672336168,0.0013700027484446764,0.016294054699485833,0.0,0.293954074382782,0.0,500.0,0.0005050167092122138,0.2525083546061069,200.0,0.0005359527422115207,0.10719054844230413,0.7928964482241121,0.07326091825962067,0.058088321881690226,0.0,0.0,0.0
1587,0.5897802710533142,0.0,0.0002435633505228907,0.0,20.0,0.001770776929333806,0.03541553858667612,20.0,6.719854718539864e-05,0.0013439709437079728,10.0,0.011668379418551922,0.11668379418551922,25.0,4.901390275335871e-05,0.0012253475688339677,11.900950475237618,0.0014445777051150799,0.017191847726206976,0.0,0.29398488998413086,0.0,500.0,0.0005051431362517178,0.2525715681258589,200.0,0.0005361181101761758,0.10722362203523517,0.7933966983491746,0.0732603445649147,0.05812451549772622,0.0,0.0,0.0
1588,0.5881141424179077,0.0,0.0002424136910121888,0.0,20.0,0.0017692756373435259,0.03538551274687052,20.0,6.751616456313059e-05,0.0013503232912626117,10.0,0.011671210639178753,0.11671210639178753,25.0,4.740457370644435e-05,0.0011851143426611088,11.908454227113557,0.00120551825966686,0.0143558590151924,0.0,0.2938741445541382,0.0,500.0,0.0005074873915873468,0.2537436957936734,200.0,0.0005361272487789392,0.10722544975578785,0.7938969484742371,0.07325390726327896,0.058156053440131916,0.0,0.0,0.0
1589,0.5906329154968262,0.0,0.00024101408780552447,0.0,20.0,0.0017661594320088625,0.03532318864017725,20.0,6.532530824188143e-05,0.0013065061648376286,10.0,0.011660417541861534,0.11660417541861534,25.0,4.476601679925807e-05,0.0011191504199814517,11.915957978989494,0.0013569260481745005,0.01616907377064362,0.0,0.29361751675605774,0.0,500.0,0.0005093255895189941,0.25466279475949705,200.0,0.0005363128730095923,0.10726257460191846,0.7943971985992997,0.07324480265378952,0.05818546604012895,0.0,0.0,0.0
1590,0.5890344977378845,0.0,0.0002403462422080338,0.0,20.0,0.0017571316566318274,0.03514263313263655,20.0,6.22001534793526e-05,0.0012440030695870519,10.0,0.011642221361398697,0.11642221361398697,25.0,4.440615884959698e-05,0.0011101539712399244,11.923461730865434,0.0012612275313585997,0.015038198204068147,0.0,0.2933611273765564,0.0,500.0,0.0005089613841846585,0.25448069209232926,200.0,0.0005367834819480777,0.10735669638961554,0.7948974487243622,0.07326719164848328,0.05823990371657825,0.0,0.0,0.0
1591,0.5875031352043152,0.0,0.00024158201995305717,0.0,20.0,0.001749236835166812,0.03498473670333624,20.0,6.0411675804061815e-05,0.0012082335160812363,10.0,0.011631268076598644,0.11631268076598644,25.0,4.671877468354069e-05,0.0011679693670885172,11.930965482741371,0.001231773872859776,0.014696251559632646,0.0,0.29351806640625,0.0,500.0,0.0005066906451247633,0.2533453225623816,200.0,0.0005375774344429374,0.10751548688858747,0.7953976988494247,0.07326198369264603,0.05827241324227472,0.0,0.0,0.0
1592,0.5874030590057373,0.0,0.00024162873160094023,0.0,20.0,0.0017472673207521439,0.03494534641504288,20.0,6.0997546825092286e-05,0.0012199509365018457,10.0,0.011631636880338192,0.11631636880338192,25.0,4.804381387657486e-05,0.0012010953469143715,11.938469234617308,0.0012672885786741972,0.0151294857078838,0.0,0.2936108112335205,0.0,500.0,0.0005055873189121485,0.25279365945607424,200.0,0.000537548796273768,0.10750975925475359,0.7958979489744873,0.07323478162288666,0.058287412487249966,0.0,0.0,0.0
1593,0.5884267687797546,0.0,0.00024088480859063566,0.0,20.0,0.0017506431322544813,0.035012862645089626,20.0,6.418935663532466e-05,0.0012837871327064931,10.0,0.01164322905242443,0.11643229052424431,25.0,4.920735955238342e-05,0.0012301839888095856,11.945972986493247,0.0013473967555910349,0.016095965244379146,0.0,0.29370424151420593,0.0,500.0,0.0005055391229689121,0.25276956148445606,200.0,0.0005364986136555672,0.10729972273111343,0.7963981990995498,0.07320759445428848,0.058302396383805535,0.0,0.0,0.0
1594,0.593441903591156,0.0,0.00023960755788721144,0.0,20.0,0.0017552797216922045,0.03510559443384409,20.0,6.818947440478951e-05,0.0013637894880957901,10.0,0.011654761619865894,0.11654761619865894,25.0,4.9973896238952875e-05,0.0012493474059738219,11.953476738369185,0.0014878716319799423,0.017785238942551636,0.0,0.293893963098526,0.0,500.0,0.000511705526150763,0.2558527630753815,200.0,0.0005361506482586265,0.10723012965172529,0.7968984492246123,0.07316800951957703,0.0583074733190026,0.0,0.0,0.0
1595,0.5953496694564819,0.0,0.00023912807228043675,0.0,20.0,0.0017593585653230548,0.035187171306461096,20.0,6.871690857224166e-05,0.0013743381714448333,10.0,0.011654315516352654,0.11654315516352654,25.0,4.901650390820578e-05,0.0012254125977051444,11.960980490245122,0.0015497260028496385,0.01853624248531008,0.0,0.29396602511405945,0.0,500.0,0.0005138604901731014,0.2569302450865507,200.0,0.0005361577495932579,0.10723154991865158,0.7973986993496749,0.07313982397317886,0.058321600506877,0.0,0.0,0.0
1596,0.5898959040641785,0.0,0.00023996664094738662,0.0,20.0,0.0017613933887332678,0.035227867774665356,20.0,6.689078873023391e-05,0.0013378157746046782,10.0,0.011646929197013378,0.11646929197013378,25.0,4.826428266824223e-05,0.0012066070667060558,11.968484242121061,0.0012993126874789596,0.015550803425679894,0.0,0.29396095871925354,0.0,500.0,0.0005090678459964693,0.25453392299823463,200.0,0.0005359800416044891,0.10719600832089782,0.7978989494747374,0.0731591284275055,0.05837359171679403,0.0,0.0,0.0
1597,0.5861858129501343,0.0,0.0002414544578641653,0.0,20.0,0.0017605707980692387,0.03521141596138477,20.0,6.242209929041564e-05,0.001248441985808313,10.0,0.011632087640464306,0.11632087640464306,25.0,4.648591493605636e-05,0.001162147873401409,11.975987993996998,0.0011609612265601754,0.01390365771078069,0.0,0.2938053607940674,0.0,500.0,0.0005051977932453156,0.2525988966226578,200.0,0.0005364827229641378,0.10729654459282756,0.7983991995997999,0.07320128381252289,0.058443846405596064,0.0,0.0,0.0
1598,0.5879936814308167,0.0,0.00024158446467481554,0.0,20.0,0.001763913780450821,0.03527827560901642,20.0,6.046535781933926e-05,0.0012093071563867852,10.0,0.011628394015133381,0.11628394015133381,25.0,4.364928463473916e-05,0.001091232115868479,11.983491745872936,0.0012005406897515059,0.01438666944622177,0.0,0.29374194145202637,0.0,500.0,0.0005076561938039958,0.2538280969019979,200.0,0.0005370985018089414,0.10741970036178827,0.7988994497248624,0.07322128117084503,0.05849644123553752,0.0,0.0,0.0
1599,0.5888165831565857,0.0,0.00024061861040536314,0.0,20.0,0.001772825955413282,0.03545651910826564,20.0,6.045537884347141e-05,0.0012091075768694282,10.0,0.011636920273303986,0.11636920273303986,25.0,3.93981572415214e-05,0.000984953931038035,11.990995497748875,0.0010805107885971665,0.012956400001337711,0.0,0.29359719157218933,0.0,500.0,0.0005118897533975542,0.2559448766987771,200.0,0.0005368324927985668,0.10736649855971336,0.799399699849925,0.07321620732545853,0.05852901416012143,0.0,0.0,0.0
1600,0.5958239436149597,0.0,0.00024008654872886837,0.0,20.0,0.0017857193015515804,0.03571438603103161,20.0,6.297812069533393e-05,0.0012595624139066786,10.0,0.011656512506306171,0.11656512506306171,25.0,3.662181188701652e-05,0.000915545297175413,11.998499249624812,0.0015105209313333035,0.018123984261145212,0.0,0.2936801314353943,0.0,500.0,0.0005148357595317066,0.2574178797658533,200.0,0.0005365015240386128,0.10730030480772257,0.7998999499749875,0.07316815108060837,0.05852720038914096,0.0,0.0,0.0
1601,0.5934904217720032,0.0,0.00024098303401842713,0.0,20.0,0.0017921304097399116,0.03584260819479823,20.0,6.543728522956371e-05,0.0013087457045912743,10.0,0.011677687056362629,0.11677687056362629,25.0,3.658305649878457e-05,0.0009145764124696143,12.00600300150075,0.001320117386057973,0.015849333299345347,0.0,0.2938327193260193,0.0,500.0,0.0005139270797371864,0.2569635398685932,200.0,0.0005365449469536543,0.10730898939073086,0.80040020010005,0.0731205940246582,0.05852573808877094,0.0,0.0,0.0
1602,0.5943642854690552,0.0,0.0002430237364023924,0.0,20.0,0.0017905872082337737,0.035811744164675474,20.0,6.707447755616158e-05,0.0013414895511232316,10.0,0.011696048080921173,0.11696048080921173,25.0,3.887285856762901e-05,0.0009718214641907252,12.013506753376689,0.001528781489469111,0.018366026748174436,0.0,0.29400256276130676,0.0,500.0,0.0005100791458971798,0.2550395729485899,200.0,0.0005368060083128512,0.10736120166257024,0.8009004502251126,0.07305774092674255,0.058511977600657746,0.0,0.0,0.0
1603,0.5941530466079712,0.0,0.00024329809821210802,0.0,20.0,0.0017857733182609081,0.03571546636521816,20.0,6.728630978614092e-05,0.0013457261957228184,10.0,0.011707094497978687,0.11707094497978687,25.0,3.935444328817539e-05,0.0009838610822043847,12.021010505252626,0.0014803129015490413,0.01779485694058202,0.0,0.2939511239528656,0.0,500.0,0.0005108388140797615,0.25541940703988075,200.0,0.0005366269033402205,0.10732538066804409,0.8014007003501751,0.07299390435218811,0.05849736606913725,0.0,0.0,0.0
1604,0.5950789451599121,0.0,0.00024227125686593354,0.0,20.0,0.0017807199619710445,0.03561439923942089,20.0,6.518463487736881e-05,0.0013036926975473762,10.0,0.011705055832862854,0.11705055832862854,25.0,3.758250750252046e-05,0.0009395626875630114,12.028514257128565,0.0015484942123293877,0.018626084710085106,0.0,0.29365962743759155,0.0,500.0,0.0005114941741339862,0.2557470870669931,200.0,0.0005362522206269205,0.10725044412538409,0.8019009504752376,0.07301042973995209,0.05854713300307313,0.0,0.0,0.0
1605,0.5935536026954651,0.0,0.00024030896020121872,0.0,20.0,0.0017725438810884953,0.035450877621769905,20.0,6.393898365786299e-05,0.0012787796731572598,10.0,0.011698869056999683,0.11698869056999683,25.0,3.6856385122518986e-05,0.0009214096280629747,12.036018009004502,0.0013215430080890656,0.015906115445033977,0.0,0.2933926582336426,0.0,500.0,0.000514232087880373,0.2571160439401865,200.0,0.0005366014083847404,0.10732028167694807,0.8024012006003002,0.0729951485991478,0.05857139487395351,0.0,0.0,0.0
1606,0.5964902639389038,0.0,0.00023913269978947937,0.0,20.0,0.0017673568800091743,0.03534713760018349,20.0,6.287592987064272e-05,0.0012575185974128544,10.0,0.011687439866364002,0.11687439866364002,25.0,3.6979614378651604e-05,0.0009244903594662901,12.04352176088044,0.001530152978375554,0.018428430692542002,0.0,0.2932019531726837,0.0,500.0,0.0005150559591129422,0.2575279795564711,200.0,0.0005374829634092748,0.10749659268185496,0.8029014507253627,0.07302724570035934,0.05863368151529602,0.0,0.0,0.0
1607,0.5931739211082458,0.0,0.00023958056408446282,0.0,20.0,0.0017592085059732199,0.0351841701194644,20.0,6.166140519781038e-05,0.0012332281039562076,10.0,0.011667422950267792,0.11667422950267792,25.0,3.923173790099099e-05,0.0009807934475247748,12.051025512756379,0.0014575973618775606,0.017565542995312874,0.0,0.29311221837997437,0.0,500.0,0.0005101629067212343,0.25508145336061716,200.0,0.0005383628304116428,0.10767256608232856,0.8034017008504252,0.07316625863313675,0.05878189663072417,0.0,0.0,0.0
1608,0.5906016826629639,0.0,0.00024104074691422284,0.0,20.0,0.0017450961750000715,0.03490192350000143,20.0,6.115924043115228e-05,0.0012231848086230457,10.0,0.011646395549178123,0.11646395549178123,25.0,4.524199539446272e-05,0.001131049884861568,12.058529264632316,0.001451536314561963,0.01750339312782197,0.0,0.29322630167007446,0.0,500.0,0.0005053502973169088,0.2526751486584544,200.0,0.0005389712750911713,0.10779425501823425,0.8039019509754878,0.07327864319086075,0.0589088442259696,0.0,0.0,0.0
1609,0.5892552137374878,0.0,0.0002409420849289745,0.0,20.0,0.0017350902780890465,0.03470180556178093,20.0,6.223366654012352e-05,0.0012446733308024704,10.0,0.011634261347353458,0.11634261347353458,25.0,5.0360398745397106e-05,0.0012590099686349276,12.066033016508253,0.0013508477713912725,0.016299373809883687,0.0,0.2934178113937378,0.0,500.0,0.0005053034401498735,0.25265172007493675,200.0,0.0005387822166085243,0.10775644332170486,0.8044022011005503,0.0733458548784256,0.05899956710580708,0.0,0.0,0.0
1610,0.5913325548171997,0.0,0.0002398040669504553,0.0,20.0,0.0017317947931587696,0.03463589586317539,20.0,6.485559424618259e-05,0.0012971118849236518,10.0,0.01163332350552082,0.1163332350552082,25.0,5.383856114349328e-05,0.001345964028587332,12.073536768384193,0.0014263089979067445,0.017220594129304292,0.0,0.2935793697834015,0.0,500.0,0.0005074050859548151,0.2537025429774076,200.0,0.000538667431101203,0.10773348622024059,0.8049024512256128,0.0733799934387207,0.059063736589745675,0.0,0.0,0.0
1611,0.5926265716552734,0.0,0.00023761254851706326,0.0,20.0,0.0017321479972451925,0.03464295994490385,20.0,6.620330532314256e-05,0.0013240661064628512,10.0,0.011635016649961472,0.11635016649961472,25.0,5.312725261319429e-05,0.0013281813153298572,12.08104052026013,0.0013434974243864417,0.01623084682287772,0.0,0.29364117980003357,0.0,500.0,0.0005116503452882171,0.25582517264410853,200.0,0.0005390701699070632,0.10781403398141265,0.8054027013506754,0.07339330017566681,0.059111162222523043,0.0,0.0,0.0
1612,0.5952316522598267,0.0,0.00023698454606346786,0.0,20.0,0.0017307208618149161,0.03461441723629832,20.0,6.565645162481815e-05,0.001313129032496363,10.0,0.011632760986685753,0.11632760986685753,25.0,5.2765506552532315e-05,0.0013191376638133079,12.088544272136067,0.0015582165215164423,0.018836569405925374,0.0,0.29366394877433777,0.0,500.0,0.0005116202519275248,0.2558101259637624,200.0,0.0005392934544943273,0.10785869089886546,0.8059029514757379,0.0733983963727951,0.05915198427042167,0.0,0.0,0.0
1613,0.5869641304016113,0.0,0.00023781410709489137,0.0,20.0,0.0017283307388424873,0.03456661477684975,20.0,6.340644904412329e-05,0.0012681289808824658,10.0,0.011627279222011566,0.11627279222011566,25.0,5.263093044050038e-05,0.0013157732610125095,12.096048024012006,0.0010958979837596416,0.013256034640974555,0.0,0.2936209440231323,0.0,500.0,0.0005067773163318634,0.2533886581659317,200.0,0.0005386042757891119,0.10772085515782237,0.8064032016008004,0.07338177412748337,0.05917529759554937,0.0,0.0,0.0
1614,0.5876322388648987,0.0,0.0002395499323029071,0.0,20.0,0.0017321004997938871,0.03464200999587774,20.0,6.0973419749643654e-05,0.001219468394992873,10.0,0.011631832458078861,0.11631832458078861,25.0,5.0045960961142555e-05,0.0012511490240285639,12.103551775887944,0.0012542576296254992,0.015180972160474714,0.0,0.2935766577720642,0.0,500.0,0.0005047164158895612,0.2523582079447806,200.0,0.0005375233013182878,0.10750466026365757,0.806903451725863,0.0733141303062439,0.0591574248043879,0.0,0.0,0.0
1615,0.5894970297813416,0.0,0.00024018340627662838,0.0,20.0,0.0017436887137591839,0.03487377427518368,20.0,6.034488615114242e-05,0.0012068977230228484,10.0,0.011647157371044159,0.11647157371044159,25.0,4.538144639809616e-05,0.001134536159952404,12.111055527763883,0.0013525865506380796,0.0163812508208844,0.0,0.2937164306640625,0.0,500.0,0.0005058955866843462,0.2529477933421731,200.0,0.000536711304448545,0.107342260889709,0.8074037018509255,0.07324583828449249,0.059138960976073476,0.0,0.0,0.0
1616,0.5937734842300415,0.0,0.0002396465715719387,0.0,20.0,0.0017589384224265814,0.03517876844853163,20.0,6.163378566270694e-05,0.0012326757132541388,10.0,0.011670012958347797,0.11670012958347797,25.0,4.038736369693652e-05,0.001009684092423413,12.11855927963982,0.0015071384841576219,0.01826434706289064,0.0,0.29381805658340454,0.0,500.0,0.0005100148846395314,0.2550074423197657,200.0,0.0005362846422940493,0.10725692845880985,0.807903951975988,0.07318133115768433,0.05912348665315667,0.0,0.0,0.0
1617,0.5924411416053772,0.0,0.0002403221878921613,0.0,20.0,0.0017657808493822813,0.035315616987645626,20.0,6.242492236196995e-05,0.001248498447239399,10.0,0.01168848481029272,0.11688484810292721,25.0,3.869691499858163e-05,0.0009674228749645408,12.126063031515757,0.001314719906076789,0.015942376449875617,0.0,0.2939308285713196,0.0,500.0,0.0005114556988701224,0.2557278494350612,200.0,0.0005362501833587885,0.1072500366717577,0.8084042021010506,0.07311258465051651,0.059104520657946316,0.0,0.0,0.0
1618,0.5943235158920288,0.0,0.00024154964194167405,0.0,20.0,0.0017679015873000026,0.03535803174600005,20.0,6.282015237957239e-05,0.0012564030475914478,10.0,0.01169582735747099,0.11695827357470989,25.0,3.952233601012267e-05,0.0009880584002530668,12.133566783391696,0.001562343561090529,0.018956799937093937,0.0,0.2941279113292694,0.0,500.0,0.0005087860627099872,0.2543930313549936,200.0,0.0005366493132896721,0.10732986265793443,0.8089044522261131,0.07304082065820694,0.05908304502467265,0.0,0.0,0.0
1619,0.5925750732421875,0.0,0.00024110122467391193,0.0,20.0,0.0017701460747048259,0.03540292149409652,20.0,6.291546014836058e-05,0.0012583092029672116,10.0,0.011697004549205303,0.11697004549205303,25.0,3.888928040396422e-05,0.0009722320100991055,12.141070535267634,0.0013944758102297783,0.016930429171724222,0.0,0.2941417992115021,0.0,500.0,0.0005092626088298857,0.25463130441494286,200.0,0.0005367203848436475,0.1073440769687295,0.8094047023511756,0.07297433912754059,0.059065773240800735,0.0,0.0,0.0
1620,0.5934730172157288,0.0,0.00024017819669097662,0.0,20.0,0.001769340131431818,0.03538680262863636,20.0,6.222043157322332e-05,0.0012444086314644665,10.0,0.011692400090396404,0.11692400090396404,25.0,3.793725772993639e-05,0.0009484314432484098,12.148574287143571,0.0014290079707279801,0.017360409489309152,0.0,0.29402127861976624,0.0,500.0,0.0005103629664517939,0.25518148322589695,200.0,0.0005366646219044924,0.10733292438089848,0.8099049524762382,0.07296478003263474,0.059094536704770204,0.0,0.0,0.0
1621,0.5885259509086609,0.0,0.00024003730504773557,0.0,20.0,0.0017597265541553497,0.035194531083106995,20.0,6.17495970800519e-05,0.001234991941601038,10.0,0.0116872638463974,0.116872638463974,25.0,4.029699630336836e-05,0.001007424907584209,12.15607803901951,0.0011358940973877907,0.013808017291907611,0.0,0.2939627766609192,0.0,500.0,0.0005080271512269974,0.2540135756134987,200.0,0.000536465784534812,0.1072931569069624,0.8104052026013007,0.07292851060628891,0.059101644413300666,0.0,0.0,0.0
1622,0.5877335071563721,0.0,0.00023947950103320181,0.0,20.0,0.0017505681607872248,0.035011363215744495,20.0,6.160587508929893e-05,0.0012321175017859787,10.0,0.011682741343975067,0.11682741343975067,25.0,4.277016341802664e-05,0.001069254085450666,12.163581790895448,0.0011312151327729225,0.013759627790582096,0.0,0.2939465045928955,0.0,500.0,0.0005069046746939421,0.25345233734697104,200.0,0.0005363005911931396,0.10726011823862791,0.8109054527263632,0.07290778309106827,0.059121318854738196,0.0,0.0,0.0
1623,0.5886825323104858,0.0,0.00023843182134442031,0.0,20.0,0.001744437962770462,0.03488875925540924,20.0,6.221167132025585e-05,0.001244233426405117,10.0,0.011682149954140186,0.11682149954140186,25.0,4.430454282555729e-05,0.0011076135706389323,12.171085542771385,0.0011814339086413383,0.014379333165204483,0.0,0.2939367890357971,0.0,500.0,0.0005076592206023633,0.2538296103011817,200.0,0.0005364257376641035,0.1072851475328207,0.8114057028514257,0.0728689581155777,0.05912628817582142,0.0,0.0,0.0
1624,0.590276837348938,0.0,0.00023802884970791638,0.0,20.0,0.001740459119901061,0.03480918239802122,20.0,6.305183342192322e-05,0.0012610366684384644,10.0,0.011684557422995567,0.11684557422995567,25.0,4.5658176532015204e-05,0.0011414544133003801,12.178589294647324,0.0012845571618527174,0.015644094099702053,0.0,0.29386451840400696,0.0,500.0,0.0005081794806756079,0.25408974033780396,200.0,0.0005366578698158264,0.10733157396316528,0.8119059529764883,0.07285838574171066,0.05915415710795218,0.0,0.0,0.0
1625,0.5894328951835632,0.0,0.00023856428742874414,0.0,20.0,0.0017397459596395493,0.034794919192790985,20.0,6.449259672081098e-05,0.0012898519344162196,10.0,0.011691213585436344,0.11691213585436344,25.0,4.736363916890696e-05,0.001184090979222674,12.186093046523261,0.0012155998265370727,0.014813412593518304,0.0,0.29389646649360657,0.0,500.0,0.0005078939138911664,0.2539469569455832,200.0,0.0005366184050217271,0.10732368100434542,0.8124062031015508,0.07283040136098862,0.059167869840042776,0.0,0.0,0.0
1626,0.5901121497154236,0.0,0.00023946203873492777,0.0,20.0,0.0017412900924682617,0.034825801849365234,20.0,6.46437329123728e-05,0.001292874658247456,10.0,0.011694247834384441,0.11694247834384441,25.0,4.77203429909423e-05,0.0011930085747735575,12.1935967983992,0.0013066602405160666,0.015932888125352238,0.0,0.2939717471599579,0.0,500.0,0.0005068617756478488,0.2534308878239244,200.0,0.0005365746910683811,0.10731493821367621,0.8129064532266133,0.07279966026544571,0.05917931362248588,0.0,0.0,0.0
1627,0.5894829034805298,0.0,0.0002401558740530163,0.0,20.0,0.0017455847701057792,0.03491169540211558,20.0,6.480401498265564e-05,0.0012960802996531129,10.0,0.011697106063365936,0.11697106063365936,25.0,4.6997076424304396e-05,0.00117492691060761,12.201100550275138,0.0012597693130373955,0.015370572058520299,0.0,0.293953537940979,0.0,500.0,0.0005065764999017119,0.25328824995085597,200.0,0.0005364635144360363,0.10729270288720727,0.8134067033516759,0.07275281846523285,0.05917763022734798,0.0,0.0,0.0
1628,0.5892364382743835,0.0,0.00024047729675658047,0.0,20.0,0.0017508346354588866,0.03501669270917773,20.0,6.53389870421961e-05,0.001306779740843922,10.0,0.011700181290507317,0.11700181290507317,25.0,4.584663111018017e-05,0.0011461657777545042,12.208604302151075,0.0012059027794748545,0.014722389861472647,0.0,0.29384931921958923,0.0,500.0,0.0005071689374744892,0.2535844687372446,200.0,0.0005362961092032492,0.10725922184064984,0.8139069534767384,0.07273425161838531,0.05919891314813052,0.0,0.0,0.0
1629,0.5897071957588196,0.0,0.00024052623484749347,0.0,20.0,0.0017570758936926723,0.035141517873853445,20.0,6.59920769976452e-05,0.001319841539952904,10.0,0.011693271808326244,0.11693271808326244,25.0,4.408318636706099e-05,0.0011020796591765247,12.216108054027014,0.001166143105365336,0.014245730181601553,0.0,0.29382026195526123,0.0,500.0,0.0005088874604552984,0.2544437302276492,200.0,0.0005362664815038443,0.10725329630076885,0.8144072036018009,0.07277475297451019,0.05926828306278269,0.0,0.0,0.0
1630,0.5885040163993835,0.0,0.00024151142861228436,0.0,20.0,0.0017593374941498041,0.03518674988299608,20.0,6.46285989205353e-05,0.001292571978410706,10.0,0.011678067967295647,0.11678067967295647,25.0,4.298645581002347e-05,0.0010746613952505868,12.223611805902951,0.0011525412555783987,0.014088216898478325,0.0,0.2937149405479431,0.0,500.0,0.0005068577011115849,0.25342885055579245,200.0,0.0005364081007428467,0.10728162014856935,0.8149074537268635,0.07285572588443756,0.05937067406990935,0.0,0.0,0.0
1631,0.5883605480194092,0.0,0.0002419486118014902,0.0,20.0,0.0017620362341403961,0.03524072468280792,20.0,6.403400766430423e-05,0.0012806801532860845,10.0,0.011666074395179749,0.11666074395179749,25.0,4.1673967643873766e-05,0.0010418491910968442,12.231115557778889,0.0011390596628189087,0.01393197036314273,0.0,0.2936613857746124,0.0,500.0,0.0005067744059488177,0.25338720297440886,200.0,0.0005367479752749205,0.10734959505498409,0.815407703851926,0.07293017208576202,0.05946782416197704,0.0,0.0,0.0
1632,0.590191662311554,0.0,0.00024222387582994998,0.0,20.0,0.0017660086741670966,0.03532017348334193,20.0,6.382647552527487e-05,0.0012765295105054975,10.0,0.011662478558719158,0.11662478558719158,25.0,3.9701637433608994e-05,0.0009925409358402248,12.238619309654828,0.0012268449645489454,0.015014888473081515,0.0,0.2935909628868103,0.0,500.0,0.0005079930415377021,0.25399652076885104,200.0,0.0005369878490455449,0.10739756980910897,0.8159079539769885,0.07300905138254166,0.05956866573533038,0.0,0.0,0.0
1633,0.5890407562255859,0.0,0.00024342976394109428,0.0,20.0,0.00176201609428972,0.0352403218857944,20.0,6.449687498388812e-05,0.0012899374996777624,10.0,0.011663815937936306,0.11663815937936306,25.0,4.1540508391335607e-05,0.0010385127097833902,12.246123061530765,0.001203589141368866,0.014739300740725282,0.0,0.29362741112709045,0.0,500.0,0.0005061576375737786,0.2530788187868893,200.0,0.0005369154387153685,0.1073830877430737,0.8164082041020511,0.07304266095161438,0.05963262765034251,0.0,0.0,0.0
1634,0.5898006558418274,0.0,0.00024321459932252765,0.0,20.0,0.0017607146874070168,0.035214293748140335,20.0,6.550236139446497e-05,0.0013100472278892994,10.0,0.011670086532831192,0.11670086532831192,25.0,4.115367846679874e-05,0.0010288419616699684,12.253626813406703,0.0012046780902892351,0.014761675748691753,0.0,0.2935951054096222,0.0,500.0,0.0005076064262539148,0.2538032131269574,200.0,0.0005365809192880988,0.10731618385761976,0.8169084542271136,0.07303817570209503,0.05966550321236678,0.0,0.0,0.0
1635,0.5943000912666321,0.0,0.00024219826445914805,0.0,20.0,0.0017590339994058013,0.035180679988116026,20.0,6.641497020609677e-05,0.0013282994041219354,10.0,0.011673550121486187,0.11673550121486187,25.0,4.034945959574543e-05,0.0010087364898936357,12.261130565282642,0.0014295887667685747,0.01752837452401089,0.0,0.2935297191143036,0.0,500.0,0.000510944752022624,0.255472376011312,200.0,0.0005365688120946288,0.10731376241892576,0.817408704352176,0.07307527959346771,0.05973236961266945,0.0,0.0,0.0
1636,0.595011830329895,0.0,0.00024201050109695643,0.0,20.0,0.0017526119481772184,0.03505223896354437,20.0,6.584774382645264e-05,0.0013169548765290529,10.0,0.011675707064568996,0.11675707064568996,25.0,3.993827704107389e-05,0.0009984569260268472,12.268634317158579,0.0014433637261390686,0.017708101742651656,0.0,0.2934851348400116,0.0,500.0,0.0005120576824992895,0.25602884124964476,200.0,0.0005367639241740108,0.10735278483480215,0.8179089544772387,0.07311008125543594,0.05979739012137958,0.0,0.0,0.0
1637,0.5931882858276367,0.0,0.00024258741177618504,0.0,20.0,0.001749127171933651,0.03498254343867302,20.0,6.564884097315371e-05,0.0013129768194630742,10.0,0.011673064902424812,0.11673064902424812,25.0,4.085375621798448e-05,0.001021343905449612,12.276138069034518,0.0013621124671772122,0.016721480712620706,0.0,0.2934766113758087,0.0,500.0,0.0005104657611809671,0.25523288059048355,200.0,0.0005367777193896472,0.10735554387792945,0.8184092046023012,0.07310634851455688,0.05983090853917712,0.0,0.0,0.0
1638,0.5934673547744751,0.0,0.0002425621496513486,0.0,20.0,0.0017509420868009329,0.03501884173601866,20.0,6.618693441851065e-05,0.001323738688370213,10.0,0.01166730560362339,0.1166730560362339,25.0,4.132018511882052e-05,0.001033004627970513,12.283641820910455,0.0013964944519102573,0.01715403765215426,0.0,0.29351377487182617,0.0,500.0,0.0005101477727293968,0.2550738863646984,200.0,0.0005367140402086079,0.10734280804172158,0.8189094547273637,0.07308246195316315,0.059847919068198134,0.0,0.0,0.0
1639,0.5884184241294861,0.0,0.00024269797722809017,0.0,20.0,0.0017509132158011198,0.035018264316022396,20.0,6.712583126500249e-05,0.0013425166253000498,10.0,0.01165583822876215,0.1165583822876215,25.0,4.3901236495003104e-05,0.0010975309123750776,12.291145572786393,0.0010756056290119886,0.013220425365094827,0.0,0.2935689687728882,0.0,500.0,0.0005079841939732432,0.2539920969866216,200.0,0.0005365971010178328,0.10731942020356655,0.8194097048524263,0.07306452840566635,0.05986978365606878,0.0,0.0,0.0
1640,0.5911992192268372,0.0,0.00024279815261252224,0.0,20.0,0.0017536755185574293,0.035073510371148586,20.0,6.764366844436154e-05,0.0013528733688872308,10.0,0.011645417660474777,0.11645417660474777,25.0,4.5349377614911646e-05,0.0011337344403727911,12.298649324662332,0.0013498933985829353,0.01660186553484816,0.0,0.2936960756778717,0.0,500.0,0.0005068044411018491,0.25340222055092454,200.0,0.0005364473909139633,0.10728947818279266,0.8199099549774888,0.0730462446808815,0.059891343187576176,0.0,0.0,0.0
1641,0.5915652513504028,0.0,0.00024303085228893906,0.0,20.0,0.001756822457537055,0.0351364491507411,20.0,6.806975579820573e-05,0.0013613951159641147,10.0,0.011639425531029701,0.11639425531029701,25.0,4.622445339919068e-05,0.001155611334979767,12.30615307653827,0.0013987700222060084,0.017213478012139974,0.0,0.29370734095573425,0.0,500.0,0.0005062908167019486,0.2531454083509743,200.0,0.0005363018717616796,0.10726037435233593,0.8204102051025512,0.07301011681556702,0.05989824491122056,0.0,0.0,0.0
1642,0.5887231230735779,0.0,0.00024416876840405166,0.0,20.0,0.0017505937721580267,0.035011875443160534,20.0,6.774294161004946e-05,0.0013548588322009891,10.0,0.011635788716375828,0.11635788716375828,25.0,4.9351321649737656e-05,0.0012337830412434414,12.313656828414207,0.00124411063734442,0.015319551444838868,0.0,0.293796569108963,0.0,500.0,0.0005044685094617307,0.25223425473086536,200.0,0.0005364971584640443,0.10729943169280887,0.8209104552276139,0.07298174500465393,0.05991147751507609,0.0,0.0,0.0
1643,0.5882987976074219,0.0,0.00024389775353483856,0.0,20.0,0.0017498963279649615,0.03499792655929923,20.0,6.784177094232291e-05,0.0013568354188464582,10.0,0.011637113057076931,0.11637113057076931,25.0,4.9103342462331057e-05,0.0012275835615582764,12.321160580290146,0.001195881050080061,0.014734642452962432,0.0,0.2937769889831543,0.0,500.0,0.0005048346356488764,0.2524173178244382,200.0,0.0005363477393984795,0.10726954787969589,0.8214107053526764,0.07295232266187668,0.059923818814808155,0.0,0.0,0.0
1644,0.5939834713935852,0.0,0.00024238723563030362,0.0,20.0,0.0017535187071189284,0.03507037414237857,20.0,6.885636685183272e-05,0.0013771273370366544,10.0,0.011646763421595097,0.11646763421595097,25.0,4.615014768205583e-05,0.0011537536920513958,12.328664332166083,0.0014915536157786846,0.018388863862364022,0.0,0.2935815155506134,0.0,500.0,0.000508632161654532,0.254316080827266,200.0,0.0005364233511500061,0.10728467023000121,0.8219109554777388,0.07290934026241302,0.05992498551833146,0.0,0.0,0.0
1645,0.5944291949272156,0.0,0.00024230335839092731,0.0,20.0,0.001751897856593132,0.03503795713186264,20.0,6.875144026707858e-05,0.0013750288053415716,10.0,0.011656113900244236,0.11656113900244236,25.0,4.525675467448309e-05,0.0011314188668620773,12.33616808404202,0.0014822313096374273,0.018285054575117036,0.0,0.2935004234313965,0.0,500.0,0.0005096198292449117,0.25480991462245584,200.0,0.0005365062970668077,0.10730125941336155,0.8224112056028015,0.07286802679300308,0.0599274817647309,0.0,0.0,0.0
1646,0.5893222689628601,0.0,0.00024348597798962146,0.0,20.0,0.0017472261097282171,0.03494452219456434,20.0,6.687753193546087e-05,0.0013375506387092173,10.0,0.011662828736007214,0.11662828736007214,25.0,4.520070433500223e-05,0.0011300176083750557,12.34367183591796,0.001160713261924684,0.014327463600796187,0.0,0.2935161888599396,0.0,500.0,0.0005074249347671866,0.2537124673835933,200.0,0.0005364507669582963,0.10729015339165926,0.822911455727864,0.07285323739051819,0.05995176363551897,0.0,0.0,0.0
1647,0.5888397693634033,0.0,0.0002439355303067714,0.0,20.0,0.0017499647801741958,0.034999295603483915,20.0,6.701089296257123e-05,0.0013402178592514247,10.0,0.011671729385852814,0.11671729385852814,25.0,4.442542922333814e-05,0.0011106357305834536,12.351175587793897,0.0010822148760780692,0.013366625958162846,0.0,0.2935781180858612,0.0,500.0,0.0005081872805021703,0.25409364025108516,200.0,0.0005363431992009282,0.10726863984018564,0.8234117058529264,0.07279885560274124,0.05994342987599404,0.0,0.0,0.0
1648,0.5930471420288086,0.0,0.0002435993228573352,0.0,20.0,0.0017589542549103498,0.035179085098207,20.0,6.864508759463206e-05,0.0013729017518926412,10.0,0.011684189550578594,0.11684189550578594,25.0,4.241571150487289e-05,0.0010603927876218222,12.358679339669836,0.001259436598047614,0.015564973063915112,0.0,0.29350852966308594,0.0,500.0,0.0005116995889693499,0.25584979448467493,200.0,0.0005361955263651907,0.10723910527303815,0.8239119559779889,0.07274927198886871,0.05993899498032354,0.0,0.0,0.0
1649,0.5939043164253235,0.0,0.00024396870867349207,0.0,20.0,0.0017620641738176346,0.03524128347635269,20.0,6.804156873840839e-05,0.0013608313747681677,10.0,0.011684433557093143,0.11684433557093143,25.0,4.1556722862878814e-05,0.0010389180715719704,12.366183091545773,0.0012913523241877556,0.01596909927659896,0.0,0.2934506833553314,0.0,500.0,0.0005124419694766402,0.2562209847383201,200.0,0.0005363201489672065,0.1072640297934413,0.8244122061030515,0.072736456990242,0.059964822971445134,0.0,0.0,0.0
1650,0.5940874218940735,0.0,0.0002447595470584929,0.0,20.0,0.0017603965243324637,0.035207930486649275,20.0,6.762289558537304e-05,0.0013524579117074609,10.0,0.011678955517709255,0.11678955517709255,25.0,4.326140697230585e-05,0.0010815351743076462,12.37368684342171,0.0014156766701489687,0.01751713978796135,0.0,0.2934945225715637,0.0,500.0,0.0005096967215649784,0.2548483607824892,200.0,0.0005366390105336905,0.10732780210673809,0.824912456228114,0.07268970459699631,0.059962642761604255,0.0,0.0,0.0
1651,0.5908170342445374,0.0,0.0002445823047310114,0.0,20.0,0.0017579426057636738,0.035158852115273476,20.0,6.746937287971377e-05,0.0013493874575942755,10.0,0.011671069078147411,0.11671069078147411,25.0,4.466085010790266e-05,0.0011165212526975665,12.38119059529765,0.001209680107422173,0.014977279969334059,0.0,0.2935527265071869,0.0,500.0,0.0005084338481537998,0.2542169240768999,200.0,0.0005367017583921552,0.10734035167843103,0.8254127063531765,0.07262681424617767,0.05994709530074695,0.0,0.0,0.0
1652,0.5903140902519226,0.0,0.00024371666950173676,0.0,20.0,0.0017590377246960998,0.035180754493921995,20.0,6.835565727669746e-05,0.0013671131455339491,10.0,0.01166501734405756,0.1166501734405756,25.0,4.550008088699542e-05,0.0011375020221748855,12.388694347173587,0.0011646936181932688,0.0144290332439001,0.0,0.29357513785362244,0.0,500.0,0.0005085746524855494,0.2542873262427747,200.0,0.0005363765521906316,0.10727531043812633,0.8259129564782391,0.07263102382421494,0.05998690361869878,0.0,0.0,0.0
1653,0.5899969339370728,0.0,0.0002441805845592171,0.0,20.0,0.0017544630682095885,0.03508926136419177,20.0,6.854742969153449e-05,0.0013709485938306898,10.0,0.011662892997264862,0.11662892997264862,25.0,4.834487845073454e-05,0.0012086219612683635,12.396198099049524,0.0012317780638113618,0.015269364893069307,0.0,0.29366591572761536,0.0,500.0,0.0005062981508672237,0.25314907543361187,200.0,0.0005363694508560002,0.10727389017120004,0.8264132066033016,0.07261116802692413,0.06000682820434151,0.0,0.0,0.0
1654,0.5909000635147095,0.0,0.00024377048248425126,0.0,20.0,0.0017517049564048648,0.035034099128097296,20.0,6.906435010023415e-05,0.001381287002004683,10.0,0.011664035730063915,0.11664035730063915,25.0,4.964177423971705e-05,0.0012410443559929263,12.403701850925463,0.0012895597610622644,0.01599531479516701,0.0,0.293573796749115,0.0,500.0,0.0005066698067821562,0.2533349033910781,200.0,0.0005362996598705649,0.10725993197411299,0.8269134567283641,0.07257486134767532,0.060013129468587945,0.0,0.0,0.0
1655,0.590736985206604,0.0,0.00024316663620993495,0.0,20.0,0.001747724018059671,0.03495448036119342,20.0,6.87143110553734e-05,0.001374286221107468,10.0,0.011664400808513165,0.11664400808513165,25.0,4.9960523028858006e-05,0.0012490130757214502,12.4112056028014,0.001249650726094842,0.015509672093253142,0.0,0.29346027970314026,0.0,500.0,0.000507331220433116,0.253665610216558,200.0,0.0005365270189940929,0.10730540379881859,0.8274137068534267,0.07255686074495316,0.06003454110662958,0.0,0.0,0.0
1656,0.5901501178741455,0.0,0.0002435094356769696,0.0,20.0,0.0017397485207766294,0.03479497041553259,20.0,6.692738679703325e-05,0.001338547735940665,10.0,0.01165599562227726,0.1165599562227726,25.0,5.110714482725598e-05,0.0012776786206813995,12.418709354677338,0.0012692342279478908,0.01576225097989314,0.0,0.29349857568740845,0.0,500.0,0.0005059402901679277,0.25297014508396387,200.0,0.000536813517101109,0.1073627034202218,0.8279139569784892,0.07257262617349625,0.060083890103619954,0.0,0.0,0.0
1657,0.589606523513794,0.0,0.0002431869215797633,0.0,20.0,0.0017381988000124693,0.034763976000249386,20.0,6.54791874694638e-05,0.001309583749389276,10.0,0.011650165542960167,0.11650165542960167,25.0,4.9722064431989565e-05,0.0012430516107997391,12.426213106553277,0.0012126185465604067,0.01506825647651851,0.0,0.2934771776199341,0.0,500.0,0.0005063695134595037,0.2531847567297518,200.0,0.000537107465788722,0.10742149315774441,0.8284142071035517,0.07256485521793365,0.06011375699894854,0.0,0.0,0.0
1658,0.5929632186889648,0.0,0.00024208208196796477,0.0,20.0,0.0017438121140003204,0.03487624228000641,20.0,6.549235695274547e-05,0.0013098471390549093,10.0,0.011651876382529736,0.11651876382529736,25.0,4.62596035504248e-05,0.00115649008876062,12.433716858429214,0.0013563022948801517,0.016863878708977573,0.0,0.29342442750930786,0.0,500.0,0.0005093301879242063,0.25466509396210313,200.0,0.0005371426814235747,0.10742853628471494,0.8289144572286143,0.0725579708814621,0.06014435105081676,0.0,0.0,0.0
1659,0.5920661091804504,0.0,0.00024273601593449712,0.0,20.0,0.0017485584830865264,0.03497116966173053,20.0,6.5926207753364e-05,0.00131852415506728,10.0,0.01165933720767498,0.1165933720767498,25.0,4.505160541157238e-05,0.0011262901352893095,12.441220610305152,0.0012679256033152342,0.015774542148299084,0.0,0.2935931384563446,0.0,500.0,0.0005095236701890826,0.2547618350945413,200.0,0.0005366929690353572,0.10733859380707145,0.8294147073536768,0.07255925983190536,0.060181717259279184,0.0,0.0,0.0
1660,0.5907323956489563,0.0,0.00024418631801381707,0.0,20.0,0.0017492666374891996,0.03498533274978399,20.0,6.683773244731128e-05,0.0013367546489462256,10.0,0.011669851839542389,0.11669851839542389,25.0,4.5830049202777445e-05,0.0011457512300694361,12.44872436218109,0.0011786064133048058,0.01467214637073041,0.0,0.2937368154525757,0.0,500.0,0.0005087660974822938,0.2543830487411469,200.0,0.0005366067634895444,0.10732135269790888,0.8299149574787393,0.07252489775419235,0.060189497435820465,0.0,0.0,0.0
1661,0.5921635627746582,0.0,0.00024433949147351086,0.0,20.0,0.0017558629624545574,0.03511725924909115,20.0,6.76820200169459e-05,0.001353640400338918,10.0,0.011677006259560585,0.11677006259560585,25.0,4.398730743560009e-05,0.0010996826858900022,12.456228114057028,0.001197451027110219,0.014915723149096774,0.0,0.2938241958618164,0.0,500.0,0.0005107191391289234,0.2553595695644617,200.0,0.0005366773111745715,0.1073354622349143,0.8304152076038019,0.07250851392745972,0.06021217264611463,0.0,0.0,0.0
1662,0.5942271947860718,0.0,0.00024399065296165645,0.0,20.0,0.001759958453476429,0.03519916906952858,20.0,6.59299548715353e-05,0.001318599097430706,10.0,0.011669961735606194,0.11669961735606194,25.0,4.1249801142839715e-05,0.0010312450285709929,12.463731865932967,0.0013220475520938635,0.01647764620331096,0.0,0.2936374545097351,0.0,500.0,0.00051180983427912,0.25590491713956,200.0,0.0005367255071178079,0.10734510142356157,0.8309154577288644,0.07251141965389252,0.06025085945228388,0.0,0.0,0.0
1663,0.5917310118675232,0.0,0.00024418102111667395,0.0,20.0,0.0017559416592121124,0.03511883318424225,20.0,6.456988921854645e-05,0.001291397784370929,10.0,0.011658849194645882,0.11658849194645882,25.0,4.248237382853404e-05,0.001062059345713351,12.471235617808905,0.0011824718676507473,0.014746885272903017,0.0,0.293587327003479,0.0,500.0,0.0005104920710437,0.25524603552185,200.0,0.000536848499905318,0.1073696999810636,0.8314157078539269,0.07253596931695938,0.06030754427453051,0.0,0.0,0.0
1664,0.5959904193878174,0.0,0.00024369076709263027,0.0,20.0,0.0017609208589419723,0.035218417178839445,20.0,6.49115172564052e-05,0.001298230345128104,10.0,0.011651822365820408,0.11651822365820408,25.0,4.236737731844187e-05,0.0010591844329610467,12.478739369684842,0.0014736641896888614,0.018389471341565104,0.0,0.29355841875076294,0.0,500.0,0.0005116173415444791,0.25580867077223957,200.0,0.000536707928404212,0.1073415856808424,0.8319159579789895,0.07255133986473083,0.060356617406226803,0.0,0.0,0.0
1665,0.590875506401062,0.0,0.0002445193531457335,0.0,20.0,0.0017609908245503902,0.035219816491007805,20.0,6.56818738207221e-05,0.001313637476414442,10.0,0.011645520105957985,0.11645520105957985,25.0,4.5408560254145414e-05,0.0011352140063536353,12.486243121560781,0.0011826080735772848,0.014766331924206618,0.0,0.2936231195926666,0.0,500.0,0.000508576980791986,0.254288490395993,200.0,0.0005365550750866532,0.10731101501733065,0.832416208104052,0.07254273444414139,0.06038574793149138,0.0,0.0,0.0
1666,0.5917232036590576,0.0,0.000244630326051265,0.0,20.0,0.001762479543685913,0.03524959087371826,20.0,6.792721251258627e-05,0.0013585442502517253,10.0,0.011642444878816605,0.11642444878816605,25.0,4.877382525592111e-05,0.0012193456313980278,12.493746873436718,0.0013027917593717575,0.016276750470390018,0.0,0.29376763105392456,0.0,500.0,0.0005070413462817669,0.25352067314088345,200.0,0.0005363012896850705,0.1072602579370141,0.8329164582291145,0.07253257185220718,0.06041357285338917,0.0,0.0,0.0
1667,0.5905295014381409,0.0,0.0002442814293317497,0.0,20.0,0.0017627289053052664,0.03525457810610533,20.0,6.981658225413412e-05,0.0013963316450826824,10.0,0.011644872836768627,0.11644872836768627,25.0,5.0436730816727504e-05,0.0012609182704181876,12.501250625312656,0.0011482806876301765,0.014354944664271192,0.0,0.2938057482242584,0.0,500.0,0.0005083077121526003,0.25415385607630014,200.0,0.0005361663643270731,0.10723327286541462,0.8334167083541771,0.07250501215457916,0.06042688856904897,0.0,0.0,0.0
1668,0.5916131734848022,0.0,0.00024384210701100528,0.0,20.0,0.0017609162023290992,0.035218324046581984,20.0,6.961001781746745e-05,0.001392200356349349,10.0,0.011642339639365673,0.11642339639365673,25.0,5.037959635956213e-05,0.0012594899089890532,12.508754377188595,0.0012007824843749404,0.015020293157476432,0.0,0.2936890125274658,0.0,500.0,0.0005092404899187386,0.2546202449593693,200.0,0.0005361669464036822,0.10723338928073645,0.8339169584792396,0.07248416543006897,0.06044577477334916,0.0,0.0,0.0
1669,0.5914872288703918,0.0,0.0002439839590806514,0.0,20.0,0.0017575741512700915,0.03515148302540183,20.0,6.76340059726499e-05,0.001352680119452998,10.0,0.011636057868599892,0.11636057868599892,25.0,4.987785723642446e-05,0.0012469464309106115,12.516258129064532,0.001260340097360313,0.015774741988972,0.0,0.29356199502944946,0.0,500.0,0.0005075718509033322,0.2537859254516661,200.0,0.000536591571290046,0.1073183142580092,0.8344172086043021,0.07250150293111801,0.06049650169540012,0.0,0.0,0.0
1670,0.5904049873352051,0.0,0.00024419795954599977,0.0,20.0,0.001754014752805233,0.03508029505610466,20.0,6.508308433694765e-05,0.001301661686738953,10.0,0.011630179360508919,0.11630179360508919,25.0,4.848709431826137e-05,0.0012121773579565343,12.52376188094047,0.001210946822538972,0.01516560965595956,0.0,0.29343611001968384,0.0,500.0,0.0005065525765530765,0.25327628827653825,200.0,0.000537639600224793,0.10752792004495859,0.8349174587293647,0.0725092738866806,0.06053925868777885,0.0,0.0,0.0
1671,0.5911471843719482,0.0,0.00024383461277466267,0.0,20.0,0.0017528552561998367,0.035057105123996735,20.0,6.47435081191361e-05,0.001294870162382722,10.0,0.011634205467998981,0.11634205467998981,25.0,4.727022678707726e-05,0.0011817556696769316,12.531265632816408,0.0012427393812686205,0.01557309729903899,0.0,0.29340893030166626,0.0,500.0,0.0005072056083008647,0.25360280415043235,200.0,0.0005376359331421554,0.10752718662843108,0.8354177088544272,0.07250066846609116,0.060568342340356296,0.0,0.0,0.0
1672,0.5925058126449585,0.0,0.0002428026928100735,0.0,20.0,0.00175477284938097,0.0350954569876194,20.0,6.573027349077165e-05,0.001314605469815433,10.0,0.011646309867501259,0.11646309867501259,25.0,4.519113645073958e-05,0.0011297784112684894,12.538769384692346,0.0012136592995375395,0.015217794068488458,0.0,0.29329755902290344,0.0,500.0,0.0005105939344502985,0.2552969672251493,200.0,0.0005370547296479344,0.10741094592958689,0.8359179589794897,0.07246778905391693,0.060577126317706446,0.0,0.0,0.0
1673,0.5909401774406433,0.0,0.0002431425964459777,0.0,20.0,0.001751893199980259,0.03503786399960518,20.0,6.576988380402327e-05,0.0013153976760804653,10.0,0.01165525708347559,0.1165525708347559,25.0,4.535659172688611e-05,0.0011339147931721527,12.546273136568285,0.0011131915962323546,0.01396640581966356,0.0,0.2933686673641205,0.0,500.0,0.000509965349920094,0.254982674960047,200.0,0.0005369127029553056,0.10738254059106112,0.8364182091045522,0.07241447269916534,0.06056878356828637,0.0,0.0,0.0
1674,0.5925098657608032,0.0,0.00024364885757677257,0.0,20.0,0.001748321345075965,0.0349664269015193,20.0,6.488524377346039e-05,0.0012977048754692078,10.0,0.01165531575679779,0.1165531575679779,25.0,4.6130979171721265e-05,0.0011532744792930316,12.553776888444222,0.0013184321578592062,0.016551303152314546,0.0,0.2934442162513733,0.0,500.0,0.000508060329593718,0.254030164796859,200.0,0.0005369778955355287,0.10739557910710573,0.8369184592296148,0.07236336171627045,0.06056223319225636,0.0,0.0,0.0
1675,0.5911093950271606,0.0,0.00024308403953909874,0.0,20.0,0.0017508872551843524,0.03501774510368705,20.0,6.428527558455244e-05,0.0012857055116910487,10.0,0.011654621921479702,0.11654621921479702,25.0,4.4482992962002754e-05,0.0011120748240500689,12.56128064032016,0.0011814506724476814,0.014840533459310294,0.0,0.2934519946575165,0.0,500.0,0.0005086880410090089,0.25434402050450444,200.0,0.000537005253136158,0.1074010506272316,0.8374187093546773,0.07231983542442322,0.06056198324186316,0.0,0.0,0.0
1676,0.5940960645675659,0.0,0.0002424947451800108,0.0,20.0,0.001756885088980198,0.03513770177960396,20.0,6.452595698647201e-05,0.0012905191397294402,10.0,0.01165763195604086,0.11657631956040859,25.0,4.2589992517605424e-05,0.0010647498129401356,12.568784392196099,0.0013356836279854178,0.01678791953633498,0.0,0.29358723759651184,0.0,500.0,0.000510584912262857,0.2552924561314285,200.0,0.0005368940182961524,0.10737880365923047,0.8379189594797398,0.07228337228298187,0.060567608091042835,0.0,0.0,0.0
1677,0.5925489068031311,0.0,0.00024310615845024586,0.0,20.0,0.0017554372316226363,0.035108744632452726,20.0,6.433377711800858e-05,0.0012866755423601717,10.0,0.01166079007089138,0.1166079007089138,25.0,4.340664600022137e-05,0.0010851661500055343,12.576288144072036,0.001277033006772399,0.016060335062660386,0.0,0.29362785816192627,0.0,500.0,0.0005089634796604514,0.2544817398302257,200.0,0.0005367739358916879,0.10735478717833757,0.8384192096048024,0.07223545014858246,0.06056358901902161,0.0,0.0,0.0
1678,0.5926881432533264,0.0,0.0002441356482449919,0.0,20.0,0.0017474056221544743,0.034948112443089485,20.0,6.481637683464214e-05,0.0012963275366928428,10.0,0.011667190119624138,0.11667190119624138,25.0,4.6754026698181406e-05,0.0011688506674545351,12.583791895947973,0.0013489325065165758,0.016974685943684075,0.0,0.29379862546920776,0.0,500.0,0.0005074256332591176,0.2537128166295588,200.0,0.00053689832566306,0.10737966513261199,0.8389194597298649,0.07215922325849533,0.06053577659054361,0.0,0.0,0.0
1679,0.5950722694396973,0.0,0.00024385403958149254,0.0,20.0,0.0017393322195857763,0.03478664439171553,20.0,6.63037208141759e-05,0.001326074416283518,10.0,0.011676122434437275,0.11676122434437275,25.0,4.996229472453706e-05,0.0012490573681134265,12.591295647823912,0.0015089047374203801,0.018999065653262117,0.0,0.2938545048236847,0.0,500.0,0.0005081467097625136,0.2540733548812568,200.0,0.0005367128178477287,0.10734256356954575,0.8394197098549274,0.0721144750714302,0.06053431174080034,0.0,0.0,0.0
1680,0.594776451587677,0.0,0.00024225501692853868,0.0,20.0,0.001734497956931591,0.03468995913863182,20.0,6.71990419505164e-05,0.001343980839010328,10.0,0.011684524826705456,0.11684524826705456,25.0,4.974057083018124e-05,0.001243514270754531,12.59879939969985,0.0013725917087867856,0.017293007596695945,0.0,0.29362666606903076,0.0,500.0,0.0005110345664434135,0.25551728322170675,200.0,0.0005366294062696397,0.10732588125392795,0.83991995997999,0.07205165177583694,0.06051762047605314,0.0,0.0,0.0
1681,0.5979647636413574,0.0,0.00024071110237855464,0.0,20.0,0.0017364546656608582,0.03472909331321716,20.0,6.553938146680593e-05,0.0013107876293361187,10.0,0.011678840965032578,0.11678840965032578,25.0,4.6516717702616006e-05,0.0011629179425654002,12.606303151575787,0.0014725702349096537,0.018563666793258264,0.0,0.2934439480304718,0.0,500.0,0.0005148141062818468,0.2574070531409234,200.0,0.0005373047897592187,0.10746095795184374,0.8404202101050525,0.07203761488199234,0.06054186743459086,0.0,0.0,0.0
1682,0.5962406992912292,0.0,0.0002406808634987101,0.0,20.0,0.001735231839120388,0.03470463678240776,20.0,6.322438275674358e-05,0.0012644876551348716,10.0,0.01167179923504591,0.1167179923504591,25.0,4.541444650385529e-05,0.0011353611625963822,12.613806903451726,0.0013098516501486301,0.016522215787142427,0.0,0.29340216517448425,0.0,500.0,0.0005154662649147213,0.2577331324573606,200.0,0.0005378364003263414,0.10756728006526828,0.840920460230115,0.07205864042043686,0.06059558506591013,0.0,0.0,0.0
1683,0.5912119746208191,0.0,0.00024248060071840882,0.0,20.0,0.0017366026295349002,0.034732052590698004,20.0,6.184585799928755e-05,0.001236917159985751,10.0,0.011663839221000671,0.11663839221000671,25.0,4.64066251879558e-05,0.001160165629698895,12.621310655327663,0.0010488618863746524,0.013238011702467474,0.0,0.2934432625770569,0.0,500.0,0.0005120747955515981,0.25603739777579904,200.0,0.0005377926863729954,0.10755853727459908,0.8414207103551776,0.07203355431556702,0.06061052444161267,0.0,0.0,0.0
1684,0.5920566916465759,0.0,0.00024397757078986615,0.0,20.0,0.0017484398558735847,0.034968797117471695,20.0,6.354502693284303e-05,0.0012709005386568606,10.0,0.011668495833873749,0.11668495833873749,25.0,4.670809721574187e-05,0.0011677024303935468,12.628814407203603,0.0012104831403121352,0.015286966922050954,0.0,0.2936847507953644,0.0,500.0,0.000509238860104233,0.2546194300521165,200.0,0.0005371596198529005,0.1074319239705801,0.8419209604802401,0.07200919091701508,0.06062604718025832,0.0,0.0,0.0
1685,0.5955196022987366,0.0,0.0002441811084281653,0.0,20.0,0.0017643128521740437,0.03528625704348087,20.0,6.689803558401763e-05,0.0013379607116803527,10.0,0.011680063791573048,0.11680063791573048,25.0,4.5546144974650815e-05,0.0011386536243662704,12.63631815907954,0.0014385576359927654,0.018178071978577917,0.0,0.29400214552879333,0.0,500.0,0.0005096815875731409,0.25484079378657043,200.0,0.0005364406388252974,0.10728812776505947,0.8424212106053026,0.07199380546808243,0.060649108758504655,0.0,0.0,0.0
1686,0.594489574432373,0.0,0.0002438777155475691,0.0,20.0,0.0017702355980873108,0.035404711961746216,20.0,6.918643339304253e-05,0.0013837286678608507,10.0,0.011681926436722279,0.11681926436722279,25.0,4.5748216507490724e-05,0.001143705412687268,12.643821910955477,0.0012756346259266138,0.016128897033664415,0.0,0.29413527250289917,0.0,500.0,0.0005112740327604115,0.25563701638020575,200.0,0.0005365174729377031,0.10730349458754063,0.8429214607303652,0.07197438180446625,0.06066875104578571,0.0,0.0,0.0
1687,0.5926746726036072,0.0,0.00024388456949964166,0.0,20.0,0.0017669345252215862,0.035338690504431725,20.0,6.805835437262431e-05,0.0013611670874524862,10.0,0.01167009025812149,0.1167009025812149,25.0,4.624586654244922e-05,0.0011561466635612305,12.651325662831416,0.0012292914325371385,0.015552166247555895,0.0,0.2940884232521057,0.0,500.0,0.0005090316408313811,0.25451582041569054,200.0,0.0005366099649108946,0.10732199298217893,0.8434217108554277,0.07200166583061218,0.06072776817929572,0.0,0.0,0.0
1688,0.5928165316581726,0.0,0.00024331206805072725,0.0,20.0,0.001750568626448512,0.03501137252897024,20.0,6.530284736072645e-05,0.001306056947214529,10.0,0.011651895008981228,0.11651895008981228,25.0,4.8085297748912126e-05,0.0012021324437228031,12.658829414707354,0.0013620451791211963,0.017241897577619746,0.0,0.29389870166778564,0.0,500.0,0.0005066776648163795,0.2533388324081898,200.0,0.0005370004219003022,0.10740008438006043,0.8439219609804902,0.07204126566648483,0.06079720619277634,0.0,0.0,0.0
1689,0.5907900333404541,0.0,0.00024151358229573816,0.0,20.0,0.0017377398908138275,0.03475479781627655,20.0,6.392623618012294e-05,0.0012785247236024588,10.0,0.011641607619822025,0.11641607619822025,25.0,4.8380738007836044e-05,0.001209518450195901,12.666333166583291,0.0011740763438865542,0.01487124213467111,0.0,0.2936815619468689,0.0,500.0,0.0005078654503449798,0.2539327251724899,200.0,0.0005373184103518724,0.10746368207037449,0.8444222111055528,0.07207707315683365,0.06086348148511016,0.0,0.0,0.0
1690,0.5960714817047119,0.0,0.00023948439047671854,0.0,20.0,0.001730212476104498,0.03460424952208996,20.0,6.36668482911773e-05,0.001273336965823546,10.0,0.011641331017017365,0.11641331017017365,25.0,4.756421913043596e-05,0.001189105478260899,12.67383691845923,0.0014396593905985355,0.018246008334574237,0.0,0.29349279403686523,0.0,500.0,0.0005116837564855814,0.2558418782427907,200.0,0.0005379326175898314,0.10758652351796627,0.8449224612306153,0.07209784537553787,0.060917088964123796,0.0,0.0,0.0
1691,0.5938255786895752,0.0,0.00023914346820674837,0.0,20.0,0.0017210205551236868,0.034420411102473736,20.0,6.292569742072374e-05,0.0012585139484144747,10.0,0.011644056998193264,0.11644056998193264,25.0,4.8390917072538286e-05,0.0012097729268134572,12.681340670335167,0.0012665858957916498,0.01606200723277555,0.0,0.29339081048965454,0.0,500.0,0.0005115143721923232,0.2557571860961616,200.0,0.0005385501426644623,0.10771002853289247,0.8454227113556778,0.07211433351039886,0.06096709536396902,0.0,0.0,0.0
1692,0.5928885340690613,0.0,0.00024053329252637923,0.0,20.0,0.001712727709673345,0.0342545541934669,20.0,6.196365575306118e-05,0.0012392731150612235,10.0,0.011648048646748066,0.11648048646748066,25.0,5.08788252773229e-05,0.0012719706319330726,12.688844422211105,0.0013059889897704124,0.016571491108317415,0.0,0.2934255003929138,0.0,500.0,0.0005087274475954473,0.25436372379772365,200.0,0.0005385758122429252,0.10771516244858503,0.8459229614807404,0.072100929915905,0.060991832159977666,0.0,0.0,0.0
1693,0.5956135392189026,0.0,0.00024120205489452928,0.0,20.0,0.0017150866333395243,0.034301732666790485,20.0,6.267556454986334e-05,0.0012535112909972668,10.0,0.011659611947834492,0.11659611947834492,25.0,5.115922976983711e-05,0.0012789807442459278,12.696348174087044,0.0015067621134221554,0.019130376407530916,0.0,0.29355406761169434,0.0,500.0,0.0005089330952614546,0.2544665476307273,200.0,0.0005379467038437724,0.10758934076875448,0.8464232116058029,0.07206439226865768,0.06099697434645763,0.0,0.0,0.0
1694,0.5950767993927002,0.0,0.00024126417702063918,0.0,20.0,0.001722945598885417,0.03445891197770834,20.0,6.24132007942535e-05,0.00124826401588507,10.0,0.011667502112686634,0.11667502112686634,25.0,4.837874439544976e-05,0.001209468609886244,12.703851925962981,0.0014319387264549732,0.01819113754793599,0.0,0.29354411363601685,0.0,500.0,0.0005095890373922884,0.2547945186961442,200.0,0.0005374479223974049,0.10748958447948098,0.8469234617308654,0.07203708589076996,0.06100989815561458,0.0,0.0,0.0
1695,0.5956389904022217,0.0,0.0002406034618616104,0.0,20.0,0.0017351098358631134,0.03470219671726227,20.0,6.297302024904639e-05,0.0012594604049809277,10.0,0.011674154549837112,0.11674154549837112,25.0,4.458416151464917e-05,0.0011146040378662292,12.71135567783892,0.0013272690121084452,0.01687138849308434,0.0,0.29360151290893555,0.0,500.0,0.0005129420896992087,0.25647104484960437,200.0,0.000537324056494981,0.10746481129899621,0.847423711855928,0.07199933379888535,0.0610139426990054,0.0,0.0,0.0
1696,0.5946551561355591,0.0,0.00024137573200277984,0.0,20.0,0.0017424746183678508,0.034849492367357016,20.0,6.300664244918153e-05,0.0012601328489836305,10.0,0.011677566915750504,0.11677566915750504,25.0,4.340314262663014e-05,0.0010850785656657536,12.718859429714858,0.0012584750074893236,0.016006366716066058,0.0,0.29376232624053955,0.0,500.0,0.0005125469178892672,0.2562734589446336,200.0,0.0005369248683564365,0.1073849736712873,0.8479239619809905,0.07196400314569473,0.06102000266730994,0.0,0.0,0.0
1697,0.5924729108810425,0.0,0.00024276712792925537,0.0,20.0,0.0017440704395994544,0.03488140879198909,20.0,6.179861520649865e-05,0.001235972304129973,10.0,0.011671863496303558,0.11671863496303558,25.0,4.391047332319431e-05,0.0010977618330798578,12.726363181590795,0.0012184316292405128,0.015506203425652149,0.0,0.29378029704093933,0.0,500.0,0.0005093376967124641,0.25466884835623205,200.0,0.0005367791745811701,0.10735583491623402,0.848424212106053,0.0719076544046402,0.06100819503265121,0.0,0.0,0.0
1698,0.5934135913848877,0.0,0.0002430933091090992,0.0,20.0,0.001752610201947391,0.03505220403894782,20.0,6.210801075212657e-05,0.0012421602150425315,10.0,0.011673948727548122,0.11673948727548122,25.0,4.23568781116046e-05,0.001058921952790115,12.733866933466734,0.001248059095814824,0.01589261845120878,0.0,0.29387760162353516,0.0,500.0,0.0005100917769595981,0.25504588847979903,200.0,0.0005369134014472365,0.10738268028944731,0.8489244622311155,0.07185521721839905,0.060999651635629405,0.0,0.0,0.0
1699,0.59637451171875,0.0,0.00024290670990012586,0.0,20.0,0.0017604033928364515,0.03520806785672903,20.0,6.304271664703265e-05,0.001260854332940653,10.0,0.011680347844958305,0.11680347844958305,25.0,4.0643302781973034e-05,0.0010160825695493259,12.741370685342671,0.00136954290792346,0.01744985385933493,0.0,0.2938862144947052,0.0,500.0,0.0005125028546899557,0.25625142734497786,200.0,0.0005369766149669886,0.10739532299339771,0.8494247123561781,0.07180078327655792,0.060989359681638496,0.0,0.0,0.0
1700,0.597635805606842,0.0,0.00024299792130477726,0.0,20.0,0.0017587750917300582,0.035175501834601164,20.0,6.331198528641835e-05,0.001266239705728367,10.0,0.011684083379805088,0.11684083379805088,25.0,4.107059066882357e-05,0.0010267647667205893,12.748874437218609,0.001471322262659669,0.018757702783332497,0.0,0.29389333724975586,0.0,500.0,0.000512322352733463,0.2561611763667315,200.0,0.0005370361031964421,0.10740722063928843,0.8499249624812406,0.07177143543958664,0.06100033457321546,0.0,0.0,0.0
1701,0.5950850248336792,0.0,0.00024334683257620782,0.0,20.0,0.0017531083431094885,0.03506216686218977,20.0,6.337111699394882e-05,0.0012674223398789763,10.0,0.011683681048452854,0.11683681048452854,25.0,4.310028816689737e-05,0.0010775072041724343,12.756378189094548,0.0013677157694473863,0.017447099610259306,0.0,0.2939609885215759,0.0,500.0,0.0005099299596622586,0.2549649798311293,200.0,0.0005371127044782043,0.10742254089564085,0.8504252126063031,0.07173644006252289,0.061006477291790345,0.0,0.0,0.0
1702,0.591651201248169,0.0,0.0002432113979011774,0.0,20.0,0.0017477627843618393,0.034955255687236786,20.0,6.39610952930525e-05,0.0012792219058610499,10.0,0.011681576259434223,0.11681576259434223,25.0,4.555851046461612e-05,0.001138962761615403,12.763881940970485,0.0011521144770085812,0.014705453167020485,0.0,0.29385805130004883,0.0,500.0,0.0005086642922833562,0.2543321461416781,200.0,0.0005368391866795719,0.10736783733591437,0.8509254627313657,0.0717531219124794,0.06105655846579663,0.0,0.0,0.0
1703,0.5933510661125183,0.0,0.000242382608121261,0.0,20.0,0.0017461752286180854,0.03492350457236171,20.0,6.541264883708209e-05,0.0013082529767416418,10.0,0.011679527349770069,0.11679527349770069,25.0,4.670375710702501e-05,0.0011675939276756253,12.771385692846422,0.0012181908823549747,0.015557985606064284,0.0,0.2937922179698944,0.0,500.0,0.0005103617440909147,0.25518087204545736,200.0,0.0005364626995287836,0.10729253990575671,0.8514257128564282,0.07179136574268341,0.06112501475440078,0.0,0.0,0.0
1704,0.5937874913215637,0.0,0.00024235175806097686,0.0,20.0,0.0017384493257850409,0.03476898651570082,20.0,6.526757351821288e-05,0.0013053514703642577,10.0,0.011673239059746265,0.11673239059746265,25.0,4.8888614401221275e-05,0.0012222153600305319,12.778889444722362,0.0012972637778148055,0.016577590397338273,0.0,0.2937963306903839,0.0,500.0,0.0005093390354886651,0.25466951774433255,200.0,0.0005365248071029782,0.10730496142059565,0.8519259629814907,0.07184489816427231,0.06120653405390482,0.0,0.0,0.0
1705,0.5928994417190552,0.0,0.00024248080444522202,0.0,20.0,0.0017320327460765839,0.03464065492153168,20.0,6.395747186616063e-05,0.0012791494373232126,10.0,0.011668235063552856,0.11668235063552856,25.0,4.907197580905631e-05,0.0012267993952264078,12.786393196598299,0.0012584887444972992,0.016091531920635803,0.0,0.29355543851852417,0.0,500.0,0.0005086336168460548,0.2543168084230274,200.0,0.0005368842976167798,0.10737685952335596,0.8524262131065533,0.07189515233039856,0.06128531244172043,0.0,0.0,0.0
1706,0.5923666954040527,0.0,0.00024248877889476717,0.0,20.0,0.001730320043861866,0.03460640087723732,20.0,6.347420276142657e-05,0.0012694840552285314,10.0,0.011666062287986279,0.11666062287986279,25.0,4.840204201173037e-05,0.0012100510502932593,12.793896948474238,0.0011932257330045104,0.015266007064327342,0.0,0.29347744584083557,0.0,500.0,0.0005091035272926092,0.2545517636463046,200.0,0.0005372065352275968,0.10744130704551935,0.8529264632316158,0.0719417855143547,0.06136105267732605,0.0,0.0,0.0
1707,0.5929545164108276,0.0,0.00024223540094681084,0.0,20.0,0.0017333481227979064,0.03466696245595813,20.0,6.368941103573889e-05,0.0012737882207147777,10.0,0.01166368555277586,0.1166368555277586,25.0,4.693356459029019e-05,0.0011733391147572547,12.801400700350175,0.001173152239061892,0.015017991894744282,0.0,0.29343146085739136,0.0,500.0,0.000510610465425998,0.255305232712999,200.0,0.0005373122403398156,0.10746244806796312,0.8534267133566783,0.07196623831987381,0.06141791024197334,0.0,0.0,0.0
1708,0.5932064056396484,0.0,0.00024293470778502524,0.0,20.0,0.001739938510581851,0.03479877021163702,20.0,6.411330832634121e-05,0.0012822661665268242,10.0,0.011664454825222492,0.11664454825222492,25.0,4.573057231027633e-05,0.0011432643077569082,12.808904452226113,0.0011786145623773336,0.01509676131549356,0.0,0.293477326631546,0.0,500.0,0.0005107836332172155,0.25539181660860777,200.0,0.0005369754508137703,0.10739509016275406,0.8539269634817409,0.07196622341871262,0.061453898637189815,0.0,0.0,0.0
1709,0.5910921096801758,0.0,0.00024415645748376846,0.0,20.0,0.0017446143319830298,0.0348922866396606,20.0,6.396108074113727e-05,0.0012792216148227453,10.0,0.011663838289678097,0.11663838289678097,25.0,4.53405809821561e-05,0.0011335145245539024,12.816408204102052,0.0010676721576601267,0.013683722200726587,0.0,0.2935884892940521,0.0,500.0,0.0005092280334793031,0.25461401673965156,200.0,0.000536881503649056,0.10737630072981119,0.8544272136068034,0.07194839417934418,0.061474665962141,0.0,0.0,0.0
1710,0.591585099697113,0.0,0.0002449222665745765,0.0,20.0,0.0017509262543171644,0.03501852508634329,20.0,6.397385732270777e-05,0.0012794771464541554,10.0,0.011663905344903469,0.11663905344903469,25.0,4.412514317664318e-05,0.0011031285794160794,12.823911955977989,0.0011069892207160592,0.014195932302679428,0.0,0.29363808035850525,0.0,500.0,0.0005089290207251906,0.2544645103625953,200.0,0.0005369613645598292,0.10739227291196585,0.8549274637318659,0.0719267874956131,0.06149218600800539,0.0,0.0,0.0
1711,0.5942205190658569,0.0,0.0002450029132887721,0.0,20.0,0.0017594501841813326,0.03518900368362665,20.0,6.518551526824012e-05,0.0013037103053648025,10.0,0.011668561957776546,0.11668561957776546,25.0,4.250872734701261e-05,0.0010627181836753152,12.831415707853926,0.0012395118828862906,0.015904692244138745,0.0,0.2936483323574066,0.0,500.0,0.000510422745719552,0.255211372859776,200.0,0.0005367920966818929,0.10735841933637857,0.8554277138569285,0.0718996524810791,0.06150495534899714,0.0,0.0,0.0
1712,0.5928740501403809,0.0,0.0002458218950778246,0.0,20.0,0.0017578661208972335,0.03515732241794467,20.0,6.644656969001517e-05,0.0013289313938003033,10.0,0.011671776883304119,0.11671776883304119,25.0,4.4515640183817595e-05,0.0011128910045954399,12.838919459729865,0.0011680833995342255,0.014996928688867383,0.0,0.29375511407852173,0.0,500.0,0.000509290024638176,0.254645012319088,200.0,0.0005368537385948002,0.10737074771896005,0.855927963981991,0.07190371304750443,0.061544398711495786,0.0,0.0,0.0
1713,0.5930603742599487,0.0,0.00024559401208534837,0.0,20.0,0.0017528020543977618,0.035056041087955236,20.0,6.718194345012307e-05,0.0013436388690024614,10.0,0.011672571301460266,0.11672571301460266,25.0,4.5893681090092286e-05,0.0011473420272523072,12.846423211605803,0.001162853790447116,0.01493851192530362,0.0,0.293667733669281,0.0,500.0,0.0005098389810882509,0.25491949054412544,200.0,0.0005367186386138201,0.10734372772276402,0.8564282141070535,0.07191015779972076,0.06158588802057126,0.0,0.0,0.0
1714,0.59278404712677,0.0,0.00024509007926099,0.0,20.0,0.0017446139827370644,0.03489227965474129,20.0,6.614445737795904e-05,0.0013228891475591809,10.0,0.011661737225949764,0.11661737225949764,25.0,4.729626016342081e-05,0.0011824065040855203,12.85392696348174,0.0011872932082042098,0.015261380182494831,0.0,0.2936229705810547,0.0,500.0,0.0005090537597425282,0.2545268798712641,200.0,0.0005366639234125614,0.10733278468251228,0.8569284642321161,0.07194077223539352,0.06164809546734823,0.0,0.0,0.0
1715,0.5935539603233337,0.0,0.00024415223742835224,0.0,20.0,0.0017405664548277855,0.03481132909655571,20.0,6.494877743534744e-05,0.0012989755487069488,10.0,0.011653355322778225,0.11653355322778225,25.0,4.670755151892081e-05,0.0011676887879730202,12.86143071535768,0.0012081790482625365,0.015538911120975395,0.0,0.2933301031589508,0.0,500.0,0.0005102379363961518,0.2551189681980759,200.0,0.0005369721329770982,0.10739442659541965,0.8574287143571786,0.07194787263870239,0.06169017193733662,0.0,0.0,0.0
1716,0.592638373374939,0.0,0.0002444362035021186,0.0,20.0,0.0017317268066108227,0.034634536132216454,20.0,6.42423692625016e-05,0.001284847385250032,10.0,0.01165064238011837,0.1165064238011837,25.0,4.8941790737444535e-05,0.0012235447684361134,12.868934467233617,0.0011921956902369857,0.015342288209778118,0.0,0.293340265750885,0.0,500.0,0.0005089194164611399,0.25445970823056996,200.0,0.0005373293533921242,0.10746587067842484,0.8579289644822411,0.0719420313835144,0.0617211524876074,0.0,0.0,0.0
1717,0.5927528142929077,0.0,0.00024431233759969473,0.0,20.0,0.001728310133330524,0.03456620266661048,20.0,6.52949238428846e-05,0.001305898476857692,10.0,0.01165628619492054,0.1165628619492054,25.0,5.0548849685583264e-05,0.0012637212421395816,12.876438219109556,0.0011946079321205616,0.015382295234008633,0.0,0.2934100329875946,0.0,500.0,0.000508983270265162,0.254491635132581,200.0,0.0005372939631342888,0.10745879262685776,0.8584292146073037,0.07190044224262238,0.06172144016425213,0.0,0.0,0.0
1718,0.5957056283950806,0.0,0.00024379549722652882,0.0,20.0,0.0017311414703726768,0.03462282940745354,20.0,6.669633876299486e-05,0.0013339267752598971,10.0,0.011666832491755486,0.11666832491755486,25.0,4.978679135092534e-05,0.0012446697837731335,12.883941970985493,0.0013256651582196355,0.017079792971459087,0.0,0.2934207618236542,0.0,500.0,0.0005112356739118695,0.25561783695593476,200.0,0.0005370986764319241,0.10741973528638482,0.8589294647323662,0.07185516506433487,0.06171851846696497,0.0,0.0,0.0
1719,0.5925834774971008,0.0,0.00024478964041918516,0.0,20.0,0.001733801094815135,0.0346760218963027,20.0,6.645880057476461e-05,0.0013291760114952922,10.0,0.011670793406665325,0.11670793406665325,25.0,5.0132774049416184e-05,0.0012533193512354046,12.89144572286143,0.001145630143582821,0.014768828814471884,0.0,0.29346171021461487,0.0,500.0,0.000509543577209115,0.2547717886045575,200.0,0.0005368184065446258,0.10736368130892515,0.8594297148574287,0.07180657982826233,0.06171270842669069,0.0,0.0,0.0
1720,0.5917403697967529,0.0,0.00024538274738006294,0.0,20.0,0.0017415510956197977,0.034831021912395954,20.0,6.571540143340826e-05,0.0013143080286681652,10.0,0.011673723347485065,0.11673723347485065,25.0,4.7927758714649826e-05,0.0011981939678662457,12.89894947473737,0.0010770754888653755,0.013893142311352531,0.0,0.2936515212059021,0.0,500.0,0.0005094344378449023,0.25471721892245114,200.0,0.0005367042031139135,0.10734084062278271,0.8599299649824912,0.07175984978675842,0.061708445114276,0.0,0.0,0.0
1721,0.5972523093223572,0.0,0.0002453624038025737,0.0,20.0,0.0017525808652862906,0.03505161730572581,20.0,6.515807763207704e-05,0.0013031615526415408,10.0,0.011676326394081116,0.11676326394081116,25.0,4.419343895278871e-05,0.0011048359738197178,12.906453226613307,0.0014073591446503997,0.018164014973476895,0.0,0.29353436827659607,0.0,500.0,0.0005116278189234436,0.2558139094617218,200.0,0.0005367543781176209,0.10735087562352419,0.8604302151075538,0.07170907407999039,0.06170065403580964,0.0,0.0,0.0
1722,0.5926187634468079,0.0,0.00024601840414106846,0.0,20.0,0.00175347866024822,0.0350695732049644,20.0,6.524234777316451e-05,0.0013048469554632902,10.0,0.011675392277538776,0.11675392277538776,25.0,4.5121927541913465e-05,0.0011280481885478366,12.913956978489244,0.0011098613031208515,0.014332701120592687,0.0,0.2935633361339569,0.0,500.0,0.000509964709635824,0.254982354817912,200.0,0.0005367984995245934,0.10735969990491867,0.8609304652326163,0.07165228575468063,0.06168763570975756,0.0,0.0,0.0
1723,0.593757152557373,0.0,0.00024669841513969004,0.0,20.0,0.001753290998749435,0.0350658199749887,20.0,6.709607987431809e-05,0.0013419215974863619,10.0,0.011680266819894314,0.11680266819894314,25.0,4.7901590733090416e-05,0.0011975397683272604,12.921460730365183,0.001242336118593812,0.016052797370324244,0.0,0.2938167452812195,0.0,500.0,0.0005084925796836615,0.25424628984183073,200.0,0.0005368336569517851,0.10736673139035702,0.8614307153576788,0.07160571962594986,0.06168336628108337,0.0,0.0,0.0
1724,0.5941335558891296,0.0,0.00024597207084298134,0.0,20.0,0.0017556275706738234,0.03511255141347647,20.0,6.888140342198312e-05,0.0013776280684396625,10.0,0.01168685033917427,0.1168685033917427,25.0,4.7746769268997014e-05,0.0011936692317249253,12.92896448224112,0.0011688717640936375,0.015112301522261161,0.0,0.29386600852012634,0.0,500.0,0.0005108866025693715,0.25544330128468573,200.0,0.0005366901168599725,0.1073380233719945,0.8619309654827414,0.0715690329670906,0.06168756568399055,0.0,0.0,0.0
1725,0.5949345827102661,0.0,0.00024532360839657485,0.0,20.0,0.0017519795801490545,0.03503959160298109,20.0,6.74624607199803e-05,0.001349249214399606,10.0,0.011679746210575104,0.11679746210575104,25.0,4.7521403757855296e-05,0.0011880350939463824,12.936468234117058,0.001235694158822298,0.015985518232688657,0.0,0.2935866415500641,0.0,500.0,0.0005110159399919212,0.2555079699959606,200.0,0.0005367147969081998,0.10734295938163996,0.8624312156078039,0.07156952470541,0.0617237921921595,0.0,0.0,0.0
1726,0.5931254029273987,0.0,0.0002457508526276797,0.0,20.0,0.001741756103001535,0.0348351220600307,20.0,6.536531145684421e-05,0.0013073062291368842,10.0,0.011671815998852253,0.11671815998852253,25.0,4.980733501724899e-05,0.0012451833754312247,12.943971985992997,0.00118923035915941,0.015393364453851793,0.0,0.2936045825481415,0.0,500.0,0.0005089402548037469,0.25447012740187347,200.0,0.0005368955316953361,0.10737910633906722,0.8629314657328664,0.07158975303173065,0.06177705051512525,0.0,0.0,0.0
1727,0.5932343602180481,0.0,0.00024534622207283974,0.0,20.0,0.0017378900665789843,0.034757801331579685,20.0,6.473035318776965e-05,0.001294607063755393,10.0,0.011672332882881165,0.11672332882881165,25.0,4.9906186177395284e-05,0.001247654654434882,12.951475737868934,0.0011648871004581451,0.015087007018940158,0.0,0.29333993792533875,0.0,500.0,0.0005097570247016847,0.25487851235084236,200.0,0.0005370515282265842,0.10741030564531684,0.863431715857929,0.07161549478769302,0.061835089546552355,0.0,0.0,0.0
1728,0.5974070429801941,0.0,0.00024435328668914735,0.0,20.0,0.001741443295031786,0.03482886590063572,20.0,6.531157850986347e-05,0.0013062315701972693,10.0,0.01167431939393282,0.1167431939393282,25.0,4.794347842107527e-05,0.0011985869605268817,12.958979489744872,0.0013630965258926153,0.017664339921584893,0.0,0.2932630777359009,0.0,500.0,0.0005127224721945822,0.2563612360972911,200.0,0.0005371862789615989,0.10743725579231977,0.8639319659829915,0.07161130011081696,0.061867291291336106,0.0,0.0,0.0
1729,0.5948653221130371,0.0,0.00024474653764627874,0.0,20.0,0.0017414577305316925,0.03482915461063385,20.0,6.590349948965013e-05,0.0013180699897930026,10.0,0.011677642352879047,0.11677642352879047,25.0,4.869406984653324e-05,0.001217351746163331,12.96648324162081,0.0011939501855522394,0.01548133507229317,0.0,0.29333385825157166,0.0,500.0,0.0005118565168231726,0.2559282584115863,200.0,0.0005370243452489376,0.10740486904978752,0.864432216108054,0.07161912322044373,0.06190987740116396,0.0,0.0,0.0
1730,0.5960655808448792,0.0,0.0002451698237564415,0.0,20.0,0.0017464937409386039,0.03492987481877208,20.0,6.710031448164955e-05,0.001342006289632991,10.0,0.011684279888868332,0.11684279888868332,25.0,4.838380846194923e-05,0.0012095952115487307,12.973986993496748,0.001266020117327571,0.016425328535713133,0.0,0.29353851079940796,0.0,500.0,0.0005120761343277991,0.25603806716389954,200.0,0.0005367515841498971,0.10735031682997942,0.8649324662331166,0.07159822434186935,0.06192762875792502,0.0,0.0,0.0
1731,0.5936571359634399,0.0,0.0002457652008160949,0.0,20.0,0.0017469859449192882,0.03493971889838576,20.0,6.6784952650778e-05,0.00133569905301556,10.0,0.011678815819323063,0.11678815819323063,25.0,4.923929009237327e-05,0.0012309822523093317,12.981490745372687,0.0011628877837210894,0.015096017002282277,0.0,0.29366534948349,0.0,500.0,0.0005098831607028842,0.2549415803514421,200.0,0.0005368092097342014,0.10736184194684029,0.8654327163581791,0.07159789651632309,0.0619631620676533,0.0,0.0,0.0
1732,0.592957615852356,0.0,0.00024601886980235577,0.0,20.0,0.001750677591189742,0.03501355182379484,20.0,6.688812572974712e-05,0.0013377625145949423,10.0,0.011671231128275394,0.11671231128275394,25.0,4.949772119289264e-05,0.001237443029822316,12.988994497248624,0.0011457687942311168,0.014882384563387167,0.0,0.2936951518058777,0.0,500.0,0.0005087945028208196,0.2543972514104098,200.0,0.0005368923302739859,0.10737846605479717,0.8659329664832416,0.07159722596406937,0.06199839827103755,0.0,0.0,0.0
1733,0.5951654314994812,0.0,0.0002455440699122846,0.0,20.0,0.0017574600642547011,0.03514920128509402,20.0,6.72786554787308e-05,0.001345573109574616,10.0,0.01166614331305027,0.1166614331305027,25.0,4.790983075508848e-05,0.001197745768877212,12.996498249124562,0.0012504529440775514,0.01625150949831655,0.0,0.29365789890289307,0.0,500.0,0.0005102869472466409,0.25514347362332046,200.0,0.000536769803147763,0.1073539606295526,0.8664332166083042,0.07162991166114807,0.0620625347659372,0.0,0.0,0.0
1734,0.5938094854354858,0.0,0.00024606575607322156,0.0,20.0,0.001756139099597931,0.03512278199195862,20.0,6.671799201285467e-05,0.0013343598402570933,10.0,0.011659563519060612,0.11659563519060612,25.0,4.891646676696837e-05,0.0012229116691742092,13.0040020010005,0.0012198809999972582,0.015863334964946837,0.0,0.2936907410621643,0.0,500.0,0.0005083690048195422,0.2541845024097711,200.0,0.0005368590354919434,0.10737180709838867,0.8669334667333667,0.07164811342954636,0.06211414736038211,0.0,0.0,0.0
1735,0.5944021940231323,0.0,0.0002460670948494226,0.0,20.0,0.0017503795679658651,0.0350075913593173,20.0,6.554499850608408e-05,0.0013108999701216817,10.0,0.01165610458701849,0.1165610458701849,25.0,4.9150228733196855e-05,0.0012287557183299214,13.011505752876438,0.0012898797867819667,0.016783278266232594,0.0,0.293609619140625,0.0,500.0,0.0005078890826553106,0.2539445413276553,200.0,0.0005370335420593619,0.10740670841187239,0.8674337168584292,0.07165899127721786,0.06215942514992285,0.0,0.0,0.0
1736,0.5931546688079834,0.0,0.0002453959023114294,0.0,20.0,0.001745657529681921,0.03491315059363842,20.0,6.497582944575697e-05,0.0012995165889151394,10.0,0.011658618226647377,0.11658618226647377,25.0,4.8318841436412185e-05,0.0012079710359103046,13.019009504752376,0.0011378152994439006,0.014813228198112812,0.0,0.2934443950653076,0.0,500.0,0.0005093935178592801,0.25469675892964005,200.0,0.000537135754711926,0.1074271509423852,0.8679339669834918,0.07167675346136093,0.06221068897221672,0.0,0.0,0.0
1737,0.5954726338386536,0.0,0.00024487084010615945,0.0,20.0,0.0017443329561501741,0.03488665912300348,20.0,6.480945739895105e-05,0.001296189147979021,10.0,0.01166410930454731,0.1166410930454731,25.0,4.7029450797708705e-05,0.0011757362699427176,13.026513256628315,0.0012278214562684298,0.015994232476853384,0.0,0.29328086972236633,0.0,500.0,0.0005115881212987006,0.2557940606493503,200.0,0.0005372675368562341,0.10745350737124681,0.8684342171085543,0.07165903598070145,0.062231158810654184,0.0,0.0,0.0
1738,0.593464732170105,0.0,0.0002455952053423971,0.0,20.0,0.0017384120728820562,0.034768241457641125,20.0,6.436550029320642e-05,0.0012873100058641285,10.0,0.011671374551951885,0.11671374551951885,25.0,4.807852383237332e-05,0.001201963095809333,13.034017008504252,0.0011131472419947386,0.01450878008512902,0.0,0.29328736662864685,0.0,500.0,0.000510603073053062,0.255301536526531,200.0,0.0005372455343604088,0.10744910687208176,0.8689344672336168,0.0716211274266243,0.062234066203124765,0.0,0.0,0.0
1739,0.5937728881835938,0.0,0.0002459804527461529,0.0,20.0,0.0017406854312866926,0.03481370862573385,20.0,6.518758891616017e-05,0.0013037517783232033,10.0,0.0116804838180542,0.11680483818054199,25.0,4.804142008651979e-05,0.0012010355021629948,13.04152076038019,0.0011154785752296448,0.014547536996616726,0.0,0.29337987303733826,0.0,500.0,0.0005109274643473327,0.25546373217366636,200.0,0.000537011306732893,0.1074022613465786,0.8694347173586794,0.07158213108778,0.06223598991023594,0.0,0.0,0.0
1740,0.5968610644340515,0.0,0.00024594253045506775,0.0,20.0,0.0017481010872870684,0.03496202174574137,20.0,6.570935511263087e-05,0.0013141871022526175,10.0,0.011688112281262875,0.11688112281262875,25.0,4.599547901307233e-05,0.0011498869753268082,13.049024512256128,0.001270353328436613,0.016576871721995526,0.0,0.2934763729572296,0.0,500.0,0.0005127323674969375,0.25636618374846876,200.0,0.000536880805157125,0.107376161031425,0.8699349674837419,0.07153943926095963,0.062234659767288036,0.0,0.0,0.0
1741,0.5964159965515137,0.0,0.0002463758864905685,0.0,20.0,0.0017514722421765327,0.035029444843530655,20.0,6.496433343272656e-05,0.0012992866686545312,10.0,0.011683269403874874,0.11683269403874874,25.0,4.5808872528141364e-05,0.0011452218132035341,13.056528264132066,0.0012957780854776502,0.016918363197081874,0.0,0.2935327887535095,0.0,500.0,0.0005111945210956037,0.25559726054780185,200.0,0.000536896928679198,0.1073793857358396,0.8704352176088044,0.07147492468357086,0.06221429162051691,0.0,0.0,0.0
1742,0.5942317247390747,0.0,0.0002472475462127477,0.0,20.0,0.001746932975947857,0.03493865951895714,20.0,6.449843931477517e-05,0.0012899687862955034,10.0,0.011676670052111149,0.11676670052111149,25.0,4.894636367680505e-05,0.0012236590919201262,13.064032016008005,0.0012441121507436037,0.016253120968819017,0.0,0.29365235567092896,0.0,500.0,0.0005082169082015753,0.25410845410078764,200.0,0.0005372372688725591,0.10744745377451181,0.870935467733867,0.07142173498868942,0.06220372216873851,0.0,0.0,0.0
1743,0.5943810343742371,0.0,0.00024691649014130235,0.0,20.0,0.0017462981631979346,0.03492596326395869,20.0,6.598923209821805e-05,0.001319784641964361,10.0,0.01167639996856451,0.1167639996856451,25.0,5.1193001127103344e-05,0.0012798250281775836,13.071535767883942,0.0012706121196970344,0.016608851769726617,0.0,0.29373255372047424,0.0,500.0,0.0005077927489764988,0.2538963744882494,200.0,0.0005369357531890273,0.10738715063780546,0.8714357178589295,0.07137542217969894,0.062199092264650105,0.0,0.0,0.0
1744,0.5985205769538879,0.0,0.0002453972410876304,0.0,20.0,0.0017470961902290583,0.034941923804581165,20.0,6.795037916162983e-05,0.0013590075832325965,10.0,0.011679861694574356,0.11679861694574356,25.0,5.119145498611033e-05,0.0012797863746527582,13.07903951975988,0.0014503819402307272,0.01896960271502369,0.0,0.29371848702430725,0.0,500.0,0.0005112598882988095,0.25562994414940476,200.0,0.0005366475088521838,0.10732950177043676,0.871935967983992,0.07134944200515747,0.062212144779884675,0.0,0.0,0.0
1745,0.5992310643196106,0.0,0.00024510506773367524,0.0,20.0,0.0017428681021556258,0.034857362043112516,20.0,6.823052535764873e-05,0.0013646105071529746,10.0,0.011678940616548061,0.11678940616548061,25.0,5.267962842481211e-05,0.0013169907106203027,13.086543271635819,0.0015049970243126154,0.019695208682350186,0.0,0.293666273355484,0.0,500.0,0.0005112601793371141,0.25563008966855705,200.0,0.0005367315607145429,0.10734631214290857,0.8724362181090545,0.07133027911186218,0.06223111894501633,0.0,0.0,0.0
1746,0.5946065187454224,0.0,0.00024587410734966397,0.0,20.0,0.001733647077344358,0.03467294154688716,20.0,6.697740172967315e-05,0.001339548034593463,10.0,0.011675321497023106,0.11675321497023106,25.0,5.560181671171449e-05,0.0013900454177928623,13.094047023511756,0.0012806466547772288,0.01676884751815606,0.0,0.29363536834716797,0.0,500.0,0.0005080938572064042,0.2540469286032021,200.0,0.0005368560086935759,0.10737120173871517,0.8729364682341171,0.07132682204246521,0.06226378412411295,0.0,0.0,0.0
1747,0.5957580804824829,0.0,0.00024617373128421605,0.0,20.0,0.0017285313224419951,0.0345706264488399,20.0,6.510290404548869e-05,0.0013020580809097737,10.0,0.011674990877509117,0.11674990877509117,25.0,5.5332078773062676e-05,0.001383301969326567,13.101550775387693,0.0013849892420694232,0.018145506878338265,0.0,0.2935350239276886,0.0,500.0,0.0005077617825008929,0.25388089125044644,200.0,0.0005371515871956944,0.10743031743913889,0.8734367183591796,0.0713222399353981,0.06229546319520014,0.0,0.0,0.0
1748,0.5944908857345581,0.0,0.0002454801579006016,0.0,20.0,0.0017308508977293968,0.034617017954587936,20.0,6.464072794187814e-05,0.0012928145588375628,10.0,0.011681145057082176,0.11681145057082176,25.0,5.2609946578741074e-05,0.0013152486644685268,13.109054527263632,0.0012320259120315313,0.01615069485982305,0.0,0.2934334874153137,0.0,500.0,0.0005091351340524852,0.2545675670262426,200.0,0.0005371766164898872,0.10743532329797745,0.8739369684842421,0.07128744572401047,0.062300734207026656,0.0,0.0,0.0
1749,0.5982853174209595,0.0,0.00024451964418403804,0.0,20.0,0.0017387988045811653,0.034775976091623306,20.0,6.58602366456762e-05,0.001317204732913524,10.0,0.011694522574543953,0.11694522574543953,25.0,4.915721729048528e-05,0.001228930432262132,13.11655827913957,0.0013342221500352025,0.017500402588255633,0.0,0.2933693826198578,0.0,500.0,0.0005135944811627269,0.25679724058136344,200.0,0.0005371227161958814,0.10742454323917627,0.8744372186093047,0.07124105095863342,0.06229582645107115,0.0,0.0,0.0
1750,0.5980742573738098,0.0,0.0002447829465381801,0.0,20.0,0.001741093466989696,0.03482186933979392,20.0,6.625639798585325e-05,0.001325127959717065,10.0,0.011702327989041805,0.11702327989041805,25.0,4.857569365412928e-05,0.001214392341353232,13.124062031015507,0.001290553598664701,0.016937305483225827,0.0,0.29342666268348694,0.0,500.0,0.0005140682915225625,0.25703414576128125,200.0,0.0005369050777517259,0.10738101555034518,0.8749374687343672,0.07124748826026917,0.062337097032121445,0.0,0.0,0.0
1751,0.5965056419372559,0.0,0.00024586095241829753,0.0,20.0,0.0017360033234581351,0.0347200664691627,20.0,6.511939864140004e-05,0.0013023879728280008,10.0,0.01169734075665474,0.1169734075665474,25.0,5.0291826482862234e-05,0.0012572956620715559,13.131565782891446,0.001316895242780447,0.017292896509748242,0.0,0.29367348551750183,0.0,500.0,0.0005104871816001832,0.2552435908000916,200.0,0.0005368135753087699,0.10736271506175399,0.8754377188594297,0.07122524827718735,0.06235326887697742,0.0,0.0,0.0
1752,0.5954563021659851,0.0,0.0002459451206959784,0.0,20.0,0.0017377568874508142,0.034755137749016285,20.0,6.504026532638818e-05,0.0013008053065277636,10.0,0.011692195199429989,0.11692195199429989,25.0,5.0159604143118486e-05,0.0012539901035779621,13.139069534767383,0.0012539101298898458,0.016475212386971885,0.0,0.29372143745422363,0.0,500.0,0.0005099349073134363,0.25496745365671813,200.0,0.0005368991987779737,0.10737983975559473,0.8759379689844923,0.07124007493257523,0.06240188654674298,0.0,0.0,0.0
1753,0.5951691269874573,0.0,0.000244961294811219,0.0,20.0,0.0017434197943657637,0.03486839588731527,20.0,6.603503425139934e-05,0.0013207006850279868,10.0,0.011686170473694801,0.11686170473694801,25.0,4.8906640586210415e-05,0.0012226660146552604,13.146573286643322,0.0011588586494326591,0.015235020163626956,0.0,0.293719083070755,0.0,500.0,0.0005117310211062431,0.25586551055312157,200.0,0.0005367994890548289,0.10735989781096578,0.8764382191095548,0.0712374672293663,0.06243523891238107,0.0,0.0,0.0
1754,0.5964282155036926,0.0,0.0002446683938615024,0.0,20.0,0.0017450405284762383,0.034900810569524765,20.0,6.511957326438278e-05,0.0013023914652876556,10.0,0.011677354574203491,0.11677354574203491,25.0,4.754744077217765e-05,0.0011886860193044413,13.15407703851926,0.0012448322959244251,0.016374619920626693,0.0,0.2936301827430725,0.0,500.0,0.0005120596033520997,0.25602980167604983,200.0,0.0005369866266846657,0.10739732533693314,0.8769384692346173,0.07122622430324554,0.062461016109849644,0.0,0.0,0.0
1755,0.5936921238899231,0.0,0.0002454714849591255,0.0,20.0,0.0017407567938789725,0.03481513587757945,20.0,6.416082032956183e-05,0.0012832164065912366,10.0,0.011670658364892006,0.11670658364892006,25.0,4.894747326034121e-05,0.0012236868315085303,13.161580790395197,0.001148780807852745,0.015119771413009365,0.0,0.2936742305755615,0.0,500.0,0.0005092098144814372,0.2546049072407186,200.0,0.0005372939631342888,0.10745879262685776,0.8774387193596799,0.07120729982852936,0.062480041970605554,0.0,0.0,0.0
1756,0.59407639503479,0.0,0.00024558563018217683,0.0,20.0,0.0017422059318050742,0.034844118636101484,20.0,6.483869219664484e-05,0.0012967738439328969,10.0,0.01167214009910822,0.11672140099108219,25.0,4.903957596980035e-05,0.0012259893992450088,13.169084542271136,0.0011754973093047738,0.01548022344544681,0.0,0.2937045097351074,0.0,500.0,0.0005091241910122335,0.25456209550611675,200.0,0.0005371453007683158,0.10742906015366316,0.8779389694847424,0.07120848447084427,0.0625167034749033,0.0,0.0,0.0
1757,0.5997716784477234,0.0,0.000244919559918344,0.0,20.0,0.0017482643015682697,0.034965286031365395,20.0,6.614564335905015e-05,0.001322912867181003,10.0,0.011679140850901604,0.11679140850901604,25.0,4.695498864748515e-05,0.0011738747161871288,13.176588294147074,0.0014657331630587578,0.019313362438703192,0.0,0.2936311960220337,0.0,500.0,0.0005125408060848713,0.25627040304243565,200.0,0.0005369358113966882,0.10738716227933764,0.8784392196098049,0.07120274007320404,0.06254727942398514,0.0,0.0,0.0
1758,0.5968747735023499,0.0,0.00024525990011170506,0.0,20.0,0.001746306661516428,0.03492613323032856,20.0,6.628222035942599e-05,0.0013256444071885198,10.0,0.011683903634548187,0.11683903634548187,25.0,4.721272489405237e-05,0.0011803181223513093,13.18409204602301,0.0012498053256422281,0.016477548452876897,0.0,0.2936544120311737,0.0,500.0,0.000512302853167057,0.2561514265835285,200.0,0.000536910374648869,0.10738207492977381,0.8789394697348675,0.0712137296795845,0.0625925578024162,0.0,0.0,0.0
1759,0.596300482749939,0.0,0.0002461803378537297,0.0,20.0,0.001737080398015678,0.03474160796031356,20.0,6.426348409149796e-05,0.0012852696818299592,10.0,0.011679069139063358,0.11679069139063358,25.0,4.877489118371159e-05,0.0012193722795927897,13.19159579789895,0.0013205123832449317,0.01741966560588737,0.0,0.2936476171016693,0.0,500.0,0.0005095615051686764,0.2547807525843382,200.0,0.0005371298757381737,0.10742597514763474,0.87943971985993,0.0712238997220993,0.06263712641893475,0.0,0.0,0.0
1760,0.5967636108398438,0.0,0.0002458775124978274,0.0,20.0,0.0017306229565292597,0.034612459130585194,20.0,6.348625174723566e-05,0.0012697250349447131,10.0,0.011678638868033886,0.11678638868033886,25.0,4.912209988106042e-05,0.0012280524970265105,13.199099549774887,0.0013511471915990114,0.017833926288314116,0.0,0.2935764491558075,0.0,500.0,0.0005098368274047971,0.25491841370239854,200.0,0.0005372941959649324,0.10745883919298649,0.8799399699849925,0.07120461761951447,0.06265578909090842,0.0,0.0,0.0
1761,0.5955362319946289,0.0,0.0002446679282002151,0.0,20.0,0.0017310264520347118,0.03462052904069424,20.0,6.407704495359212e-05,0.0012815408990718424,10.0,0.011687497608363628,0.11687497608363628,25.0,4.718863783637062e-05,0.0011797159459092654,13.206603301650825,0.0011370013235136867,0.015015925433097212,0.0,0.2934102714061737,0.0,500.0,0.0005128856864757836,0.2564428432378918,200.0,0.0005373435560613871,0.10746871121227741,0.8804402201100551,0.07115986943244934,0.06265201110610848,0.0,0.0,0.0
1762,0.6023058295249939,0.0,0.00024383260461036116,0.0,20.0,0.0017349094850942492,0.034698189701884985,20.0,6.3763749494683e-05,0.00127527498989366,10.0,0.011689235456287861,0.11689235456287861,25.0,4.464003359316848e-05,0.001116000839829212,13.214107053526764,0.0015099518932402134,0.019952665962951595,0.0,0.29330503940582275,0.0,500.0,0.000516321393661201,0.2581606968306005,200.0,0.0005376539775170386,0.10753079550340772,0.8809404702351176,0.07115105539560318,0.06267984419792756,0.0,0.0,0.0
1763,0.6023619174957275,0.0,0.00024436719832010567,0.0,20.0,0.0017352725844830275,0.03470545168966055,20.0,6.259200745262206e-05,0.0012518401490524411,10.0,0.011688308790326118,0.11688308790326118,25.0,4.414082286530174e-05,0.0011035205716325436,13.221610805402701,0.0015708788996562362,0.020769549433673998,0.0,0.29331499338150024,0.0,500.0,0.0005148103227838874,0.2574051613919437,200.0,0.0005376211483962834,0.10752422967925668,0.8814407203601801,0.07115519791841507,0.06271908891057897,0.0,0.0,0.0
1764,0.597122311592102,0.0,0.00024605507496744394,0.0,20.0,0.001731236232444644,0.03462472464889288,20.0,6.151256093289703e-05,0.0012302512186579406,10.0,0.011687562800943851,0.11687562800943851,25.0,4.609562165569514e-05,0.0011523905413923785,13.22911455727864,0.0013039704645052552,0.017250374654247863,0.0,0.29341596364974976,0.0,500.0,0.0005114360828883946,0.2557180414441973,200.0,0.0005377096822485328,0.10754193644970655,0.8819409704852427,0.0711260437965393,0.06272897209269575,0.0,0.0,0.0
1765,0.5982652306556702,0.0,0.00024660813505761325,0.0,20.0,0.0017332963179796934,0.03466592635959387,20.0,6.225032848306e-05,0.0012450065696612,10.0,0.011692442931234837,0.11692442931234837,25.0,4.693194932769984e-05,0.001173298733192496,13.236618309154577,0.001403443282470107,0.018576843048603818,0.0,0.29354870319366455,0.0,500.0,0.0005108980694785714,0.2554490347392857,200.0,0.0005375533364713192,0.10751066729426384,0.8824412206103052,0.07107552886009216,0.0627199764428227,0.0,0.0,0.0
1766,0.5975657105445862,0.0,0.0002462870324961841,0.0,20.0,0.0017410212894901633,0.034820425789803267,20.0,6.488156213890761e-05,0.0012976312427781522,10.0,0.011703334748744965,0.11703334748744965,25.0,4.713212183560245e-05,0.0011783030458900612,13.244122061030515,0.0012972428230568767,0.017180842291361086,0.0,0.29357144236564636,0.0,500.0,0.0005118239787407219,0.25591198937036097,200.0,0.000537074520252645,0.107414904050529,0.8829414707353677,0.0710446909070015,0.0627283038773675,0.0,0.0,0.0
1767,0.6001218557357788,0.0,0.0002451153995934874,0.0,20.0,0.0017473626649007201,0.0349472532980144,20.0,6.656679761363193e-05,0.0013313359522726387,10.0,0.011702269315719604,0.11702269315719604,25.0,4.6161163481883705e-05,0.0011540290870470926,13.251625812906454,0.001317980932071805,0.017465390140361237,0.0,0.29351407289505005,0.0,500.0,0.0005160589353181422,0.2580294676590711,200.0,0.000537099433131516,0.1074198866263032,0.8834417208604303,0.07103103399276733,0.0627517789050661,0.0,0.0,0.0
1768,0.6012457609176636,0.0,0.0002450502070132643,0.0,20.0,0.0017471788451075554,0.03494357690215111,20.0,6.664893589913845e-05,0.001332978717982769,10.0,0.011697337962687016,0.11697337962687016,25.0,4.7045701649039984e-05,0.0011761425412259996,13.259129564782391,0.0014080433174967766,0.01866942877951579,0.0,0.29352307319641113,0.0,500.0,0.0005158474668860435,0.2579237334430218,200.0,0.0005371465813368559,0.10742931626737118,0.8839419709854928,0.07104223221540451,0.06279721076769373,0.0,0.0,0.0
1769,0.5980089902877808,0.0,0.0002459947136230767,0.0,20.0,0.001741063199006021,0.03482126398012042,20.0,6.542904156958684e-05,0.0013085808313917369,10.0,0.011690246872603893,0.11690246872603893,25.0,4.9565238441573456e-05,0.0012391309610393364,13.266633316658329,0.0013272918295115232,0.01760869400632596,0.0,0.2936289310455322,0.0,500.0,0.000511749240104109,0.2558746200520545,200.0,0.0005370196886360645,0.1074039377272129,0.8844422211105553,0.0710621029138565,0.0628503241379181,0.0,0.0,0.0
1770,0.5990830063819885,0.0,0.0002470689651090652,0.0,20.0,0.001734105870127678,0.03468211740255356,20.0,6.40112193650566e-05,0.001280224387301132,10.0,0.011678547598421574,0.11678547598421574,25.0,5.2539144235197455e-05,0.0013134786058799364,13.274137068534268,0.001507176668383181,0.020006469682615165,0.0,0.29364657402038574,0.0,500.0,0.0005093346699140966,0.2546673349570483,200.0,0.0005372216692194343,0.10744433384388685,0.8849424712356178,0.07108211517333984,0.06290358266215017,0.0,0.0,0.0
1771,0.5989677309989929,0.0,0.0002469545288477093,0.0,20.0,0.00173291121609509,0.0346582243219018,20.0,6.340021354844794e-05,0.0012680042709689587,10.0,0.011675050482153893,0.11675050482153893,25.0,5.2381819841684774e-05,0.0013095454960421193,13.281640820410205,0.0014945972943678498,0.01985070443495068,0.0,0.29362985491752625,0.0,500.0,0.0005094343214295805,0.2547171607147902,200.0,0.0005372604355216026,0.10745208710432053,0.8854427213606804,0.07110737264156342,0.06296150554055391,0.0,0.0,0.0
1772,0.5956969857215881,0.0,0.0002457205264363438,0.0,20.0,0.0017363851657137275,0.03472770331427455,20.0,6.364297587424517e-05,0.0012728595174849033,10.0,0.011678798124194145,0.11678798124194145,25.0,4.9615398893365636e-05,0.001240384972334141,13.289144572286142,0.001161120948381722,0.015430304148954698,0.0,0.29342031478881836,0.0,500.0,0.0005116092506796122,0.2558046253398061,200.0,0.0005371393635869026,0.10742787271738052,0.8859429714857429,0.07111655175685883,0.06300520918529114,0.0,0.0,0.0
1773,0.6018813252449036,0.0,0.0002441610558889806,0.0,20.0,0.0017437709029763937,0.034875418059527874,20.0,6.530059181386605e-05,0.001306011836277321,10.0,0.011683248914778233,0.11683248914778233,25.0,4.696759060607292e-05,0.001174189765151823,13.296648324162081,0.0013663563877344131,0.01816796037317694,0.0,0.29339873790740967,0.0,500.0,0.0005180418957024813,0.25902094785124063,200.0,0.0005373524036258459,0.10747048072516918,0.8864432216108054,0.07110871374607086,0.06303383729766761,0.0,0.0,0.0
1774,0.6035146713256836,0.0,0.00024391940678469837,0.0,20.0,0.0017466157441958785,0.03493231488391757,20.0,6.55839903629385e-05,0.0013116798072587699,10.0,0.011683797463774681,0.11683797463774681,25.0,4.6068333176663145e-05,0.0011517083294165786,13.304152076038019,0.0014081622939556837,0.018734405306528968,0.0,0.29341989755630493,0.0,500.0,0.000519977998919785,0.2599889994598925,200.0,0.0005374093307182193,0.10748186614364386,0.886943471735868,0.07111585140228271,0.06307574013819273,0.0,0.0,0.0
1775,0.6007667779922485,0.0,0.0002448097802698612,0.0,20.0,0.001746207824908197,0.03492415649816394,20.0,6.400124402716756e-05,0.0012800248805433512,10.0,0.011677825823426247,0.11677825823426247,25.0,4.597720908350311e-05,0.0011494302270875778,13.311655827913958,0.001376063795760274,0.018317687646413654,0.0,0.2934650182723999,0.0,500.0,0.0005154749378561974,0.2577374689280987,200.0,0.0005373075255192816,0.10746150510385633,0.8874437218609305,0.07112370431423187,0.06311828486915826,0.0,0.0,0.0
1776,0.5978670120239258,0.0,0.00024655176093801856,0.0,20.0,0.0017391263972967863,0.034782527945935726,20.0,6.179892079671845e-05,0.001235978415934369,10.0,0.011669483035802841,0.11669483035802841,25.0,4.801988688996062e-05,0.0012004971722490154,13.319159579789895,0.0013461158378049731,0.01792913165660701,0.0,0.2935158908367157,0.0,500.0,0.0005105106974951923,0.25525534874759614,200.0,0.0005380656220950186,0.10761312441900373,0.887943971985993,0.07112561911344528,0.06315556474555546,0.0,0.0,0.0
1777,0.5995746850967407,0.0,0.0002472880878485739,0.0,20.0,0.0017377710901200771,0.03475542180240154,20.0,6.206978287082165e-05,0.001241395657416433,10.0,0.011667878367006779,0.11667878367006779,25.0,4.9974009016295895e-05,0.0012493502254073974,13.326663331665833,0.0014988468028604984,0.019974626727465573,0.0,0.29359281063079834,0.0,500.0,0.0005098073743283749,0.25490368716418743,200.0,0.0005380074726417661,0.10760149452835321,0.8884442221110556,0.07110174000263214,0.06316993008738103,0.0,0.0,0.0
1778,0.5994918346405029,0.0,0.0002468867169227451,0.0,20.0,0.0017389919376000762,0.034779838752001524,20.0,6.414651579689234e-05,0.001282930315937847,10.0,0.011672633700072765,0.11672633700072765,25.0,5.1400322263361886e-05,0.0012850080565840472,13.334167083541772,0.0014949955511838198,0.01993452046863668,0.0,0.29370349645614624,0.0,500.0,0.0005097062094137073,0.25485310470685363,200.0,0.0005373099120333791,0.10746198240667582,0.888944472236118,0.07105966657400131,0.06316809779990011,0.0,0.0,0.0
1779,0.5983126163482666,0.0,0.0002451949694659561,0.0,20.0,0.0017418231582269073,0.034836463164538145,20.0,6.648681301157922e-05,0.0013297362602315843,10.0,0.011680114082992077,0.11680114082992077,25.0,5.0260063289897516e-05,0.001256501582247438,13.341670835417709,0.0012486728373914957,0.016659381977604398,0.0,0.293628454208374,0.0,500.0,0.0005136718391440809,0.25683591957204044,200.0,0.0005370844155550003,0.10741688311100006,0.8894447223611806,0.07102926820516586,0.06317660773826159,0.0,0.0,0.0
1780,0.6017707586288452,0.0,0.00024390174075961113,0.0,20.0,0.0017403624951839447,0.034807249903678894,20.0,6.556425068993121e-05,0.0013112850137986243,10.0,0.011673273518681526,0.11673273518681526,25.0,4.844597424380481e-05,0.0012111493560951203,13.349174587293646,0.0014111415948718786,0.018837575517336707,0.0,0.2934183180332184,0.0,500.0,0.0005163068417459726,0.2581534208729863,200.0,0.0005375196924433112,0.10750393848866224,0.8899449724862432,0.07103066146373749,0.06321338006202551,0.0,0.0,0.0
1781,0.599361002445221,0.0,0.00024374086933676153,0.0,20.0,0.0017334272852167487,0.034668545704334974,20.0,6.347818998619914e-05,0.0012695637997239828,10.0,0.011662944220006466,0.11662944220006466,25.0,4.878451727563515e-05,0.0012196129318908788,13.356678339169585,0.0013092721346765757,0.017487526761312943,0.0,0.2933129370212555,0.0,500.0,0.0005144955357536674,0.2572477678768337,200.0,0.0005378180649131536,0.10756361298263073,0.8904452226113057,0.07105984538793564,0.0632748998451853,0.0,0.0,0.0
1782,0.5981743335723877,0.0,0.00024486545589752495,0.0,20.0,0.0017240943852812052,0.034481887705624104,20.0,6.148023385321721e-05,0.0012296046770643443,10.0,0.011656256392598152,0.11656256392598152,25.0,5.101054557599127e-05,0.0012752636393997818,13.364182091045523,0.0013423431664705276,0.017939318505382763,0.0,0.2932721972465515,0.0,500.0,0.0005115913809277117,0.25579569046385586,200.0,0.0005378765054047108,0.10757530108094215,0.8909454727363681,0.07106468081474304,0.06331475564335035,0.0,0.0,0.0
1783,0.5967236161231995,0.0,0.00024486976326443255,0.0,20.0,0.0017214393010362983,0.034428786020725965,20.0,6.091811155783944e-05,0.0012183622311567888,10.0,0.011657572351396084,0.11657572351396084,25.0,5.110969505039975e-05,0.0012777423762599938,13.37168584292146,0.001222343766130507,0.0163447968327506,0.0,0.2932795584201813,0.0,500.0,0.000511945050675422,0.255972525337711,200.0,0.0005379162612371147,0.10758325224742293,0.8914457228614308,0.07103334367275238,0.06332237039762119,0.0,0.0,0.0
1784,0.596771240234375,0.0,0.00024409992329310626,0.0,20.0,0.0017233811086043715,0.03446762217208743,20.0,6.272354949032888e-05,0.0012544709898065776,10.0,0.011668040417134762,0.11668040417134762,25.0,5.1401635573711246e-05,0.0012850408893427812,13.379189594797399,0.0012018483830615878,0.016079757381181673,0.0,0.2934170365333557,0.0,500.0,0.0005123637383803725,0.25618186919018626,200.0,0.0005376590415835381,0.10753180831670761,0.8919459729864933,0.07095752656459808,0.06329028007237537,0.0,0.0,0.0
1785,0.59814453125,0.0,0.00024313735775649548,0.0,20.0,0.0017298174789175391,0.03459634957835078,20.0,6.574239523615688e-05,0.0013148479047231376,10.0,0.01167913619428873,0.1167913619428873,25.0,5.1604394684545696e-05,0.0012901098671136424,13.386693346673336,0.0011627459898591042,0.015565324006317972,0.0,0.29362136125564575,0.0,500.0,0.0005156822153367102,0.2578411076683551,200.0,0.0005373797030188143,0.10747594060376287,0.8924462231115557,0.07089444249868393,0.06326947744754984,0.0,0.0,0.0
1786,0.5984097123146057,0.0,0.0002434735361021012,0.0,20.0,0.001736538833938539,0.03473077667877078,20.0,6.63871323922649e-05,0.001327742647845298,10.0,0.011682743206620216,0.11682743206620216,25.0,5.1476054068189114e-05,0.0012869013517047279,13.394197098549274,0.0011820546351373196,0.015832672764283007,0.0,0.29373809695243835,0.0,500.0,0.000515420688316226,0.257710344158113,200.0,0.0005370716680772603,0.10741433361545205,0.8929464732366184,0.07086601853370667,0.0632795613219942,0.0,0.0,0.0
1787,0.5950618982315063,0.0,0.0002447880688123405,0.0,20.0,0.0017411960288882256,0.03482392057776451,20.0,6.472165114246309e-05,0.0012944330228492618,10.0,0.011677930131554604,0.11677930131554604,25.0,5.125008465256542e-05,0.0012812521163141355,13.401700850425213,0.0010979583021253347,0.014714508711324521,0.0,0.2938574552536011,0.0,500.0,0.0005108803743496537,0.25544018717482686,200.0,0.0005371692823246121,0.10743385646492243,0.8934467233616809,0.07084302604198456,0.06329446949023733,0.0,0.0,0.0
1788,0.5982576608657837,0.0,0.0002459765528328717,0.0,20.0,0.0017425008118152618,0.03485001623630524,20.0,6.287409632932395e-05,0.001257481926586479,10.0,0.011673525907099247,0.11673525907099247,25.0,5.086674354970455e-05,0.0012716685887426138,13.40920460230115,0.0014066622825339437,0.018862222352837597,0.0,0.2938228249549866,0.0,500.0,0.0005087623139843345,0.25438115699216723,200.0,0.000538020278327167,0.1076040556654334,0.8939469734867433,0.07080493122339249,0.06329585397508873,0.0,0.0,0.0
1789,0.5968273878097534,0.0,0.0002457658411003649,0.0,20.0,0.0017452239990234375,0.03490447998046875,20.0,6.20129649178125e-05,0.00124025929835625,10.0,0.011676909402012825,0.11676909402012825,25.0,4.835704021388665e-05,0.0012089260053471662,13.41670835417709,0.0012624579248949885,0.016938029787735665,0.0,0.29376158118247986,0.0,500.0,0.0005097247776575387,0.2548623888287693,200.0,0.0005380280199460685,0.1076056039892137,0.894447223611806,0.07076836377382278,0.0632985664970461,0.0,0.0,0.0
1790,0.603323757648468,0.0,0.00024440151173621416,0.0,20.0,0.0017512647900730371,0.03502529580146074,20.0,6.212183507159352e-05,0.0012424367014318705,10.0,0.011685916222631931,0.11685916222631931,25.0,4.416409501573071e-05,0.0011041023753932677,13.424212106053027,0.0015661284560337663,0.02102404057912262,0.0,0.29354944825172424,0.0,500.0,0.0005143907037563622,0.2571953518781811,200.0,0.0005378132336772978,0.10756264673545957,0.8949474737368684,0.07074242830276489,0.06331075749557098,0.0,0.0,0.0
1791,0.6039248108863831,0.0,0.00024394324282184243,0.0,20.0,0.001748300506733358,0.03496601013466716,20.0,6.224322714842856e-05,0.0012448645429685712,10.0,0.01169487927109003,0.1169487927109003,25.0,4.3511165131349117e-05,0.001087779128283728,13.431715857928964,0.0015432878863066435,0.020729004375854614,0.0,0.29350727796554565,0.0,500.0,0.0005161353619769216,0.2580676809884608,200.0,0.0005377220804803073,0.10754441609606147,0.8954477238619309,0.07073136419057846,0.06333623907010277,0.0,0.0,0.0
1792,0.5999947786331177,0.0,0.0002445915306452662,0.0,20.0,0.0017403527162969112,0.034807054325938225,20.0,6.250317528611049e-05,0.0012500635057222098,10.0,0.011699902825057507,0.11699902825057507,25.0,4.5980807044543326e-05,0.0011495201761135831,13.439219609804903,0.001363102113828063,0.018319028658324618,0.0,0.29358595609664917,0.0,500.0,0.0005131647340022027,0.2565823670011014,200.0,0.000537584419362247,0.1075168838724494,0.8959479739869936,0.07073048502206802,0.06337083475463924,0.0,0.0,0.0
1793,0.6000744700431824,0.0,0.00024467980256304145,0.0,20.0,0.0017298441380262375,0.03459688276052475,20.0,6.281927926465869e-05,0.0012563855852931738,10.0,0.011696886271238327,0.11696886271238327,25.0,4.867124152951874e-05,0.0012167810382379685,13.44672336168084,0.001408852869644761,0.0189444547954233,0.0,0.2936469614505768,0.0,500.0,0.0005122174043208361,0.25610870216041803,200.0,0.0005377033958211541,0.10754067916423082,0.896448224112056,0.07077004015445709,0.06344167681680196,0.0,0.0,0.0
1794,0.598749577999115,0.0,0.0002442621625959873,0.0,20.0,0.001725556212477386,0.03451112424954772,20.0,6.312209006864578e-05,0.0012624418013729155,10.0,0.011691737920045853,0.11691737920045853,25.0,4.9442212912254035e-05,0.0012360553228063509,13.454227113556778,0.0012899013236165047,0.017354625362013952,0.0,0.29361844062805176,0.0,500.0,0.0005128178745508194,0.2564089372754097,200.0,0.0005378533387556672,0.10757066775113344,0.8969484742371185,0.07078259438276291,0.06348834003416402,0.0,0.0,0.0
1795,0.5962889194488525,0.0,0.00024342846882063895,0.0,20.0,0.0017234657425433397,0.034469314850866795,20.0,6.241927621886134e-05,0.0012483855243772268,10.0,0.011677363887429237,0.11677363887429237,25.0,4.911296127829701e-05,0.0012278240319574252,13.461730865432717,0.00110602006316185,0.01488894442205372,0.0,0.2934485673904419,0.0,500.0,0.0005130119388923049,0.25650596944615245,200.0,0.0005380219081416726,0.10760438162833452,0.897448724362181,0.07083471119403839,0.06357052120165325,0.0,0.0,0.0
1796,0.5966778993606567,0.0,0.00024331978056579828,0.0,20.0,0.0017250817036256194,0.03450163407251239,20.0,6.166245293570682e-05,0.0012332490587141365,10.0,0.01166022103279829,0.1166022103279829,25.0,4.9384871090296656e-05,0.0012346217772574164,13.469234617308654,0.0011834288015961647,0.015939880181579158,0.0,0.29348012804985046,0.0,500.0,0.000511902675498277,0.2559513377491385,200.0,0.0005379042122513056,0.10758084245026112,0.8979489744872436,0.07086603343486786,0.06363408204881832,0.0,0.0,0.0
1797,0.5972482562065125,0.0,0.00024380208924412727,0.0,20.0,0.0017298348248004913,0.03459669649600983,20.0,6.112040864536539e-05,0.0012224081729073077,10.0,0.011648140847682953,0.11648140847682953,25.0,4.923227243125439e-05,0.0012308068107813597,13.476738369184591,0.0012639842461794615,0.01703438498853161,0.0,0.293580025434494,0.0,500.0,0.0005108285695314407,0.25541428476572037,200.0,0.0005379041540436447,0.10758083080872893,0.8984492246123061,0.07088597863912582,0.06368745254420709,0.0,0.0,0.0
1798,0.5967576503753662,0.0,0.0002451759937684983,0.0,20.0,0.0017300487961620092,0.034600975923240185,20.0,6.168035906739533e-05,0.0012336071813479066,10.0,0.011647062376141548,0.11647062376141548,25.0,5.1672108384082094e-05,0.0012918027096020523,13.48424212106053,0.0012893956154584885,0.017386522668676116,0.0,0.2937859892845154,0.0,500.0,0.0005089645273983479,0.2544822636991739,200.0,0.00053782993927598,0.107565987855196,0.8989494747373686,0.07088931649923325,0.06372591383147681,0.0,0.0,0.0
1799,0.5973575711250305,0.0,0.0002450918545946479,0.0,20.0,0.0017320336773991585,0.03464067354798317,20.0,6.327305163722485e-05,0.001265461032744497,10.0,0.011653492227196693,0.11653492227196693,25.0,5.2073708502575755e-05,0.0013018427125643939,13.491745872936468,0.0012973403790965676,0.01750338670546995,0.0,0.2938867509365082,0.0,500.0,0.0005097455577924848,0.2548727788962424,200.0,0.0005374122993089259,0.10748245986178517,0.8994497248624312,0.07088340818881989,0.06375606199274546,0.0,0.0,0.0
1800,0.598242461681366,0.0,0.0002439700037939474,0.0,20.0,0.001733305281959474,0.03466610563918948,20.0,6.417523400159553e-05,0.0012835046800319105,10.0,0.01165939774364233,0.1165939774364233,25.0,4.994849950890057e-05,0.0012487124877225142,13.499249624812407,0.0012448986526578665,0.016805197669821175,0.0,0.2938178479671478,0.0,500.0,0.0005127901677042246,0.2563950838521123,200.0,0.0005373097956180573,0.10746195912361145,0.8999499749874937,0.07087935507297516,0.06378787382505369,0.0,0.0,0.0
1801,0.5972329378128052,0.0,0.00024380469403695315,0.0,20.0,0.0017297358717769384,0.03459471743553877,20.0,6.304655835265294e-05,0.0012609311670530587,10.0,0.011661422438919544,0.11661422438919544,25.0,4.8053199861897156e-05,0.0012013299965474289,13.506753376688344,0.0011594191892072558,0.015659989048822365,0.0,0.29358962178230286,0.0,500.0,0.000513186794705689,0.2565933973528445,200.0,0.0005373464664444327,0.10746929328888655,0.9004502251125562,0.07089682668447495,0.06383906354780135,0.0,0.0,0.0
1802,0.5977402329444885,0.0,0.00024458853295072913,0.0,20.0,0.0017251537647098303,0.034503075294196606,20.0,6.178733747219667e-05,0.0012357467494439334,10.0,0.011661832220852375,0.11661832220852375,25.0,4.76966415590141e-05,0.0011924160389753524,13.514257128564282,0.0012387732276692986,0.0167410999227044,0.0,0.29351139068603516,0.0,500.0,0.0005120860296301544,0.2560430148150772,200.0,0.0005375146283768117,0.10750292567536235,0.9009504752376188,0.0709291473031044,0.06390364897093098,0.0,0.0,0.0
1803,0.5988126993179321,0.0,0.0002443200792185962,0.0,20.0,0.0017269679810851812,0.034539359621703625,20.0,6.17667828919366e-05,0.001235335657838732,10.0,0.011668832041323185,0.11668832041323185,25.0,4.550466837827116e-05,0.001137616709456779,13.52176088044022,0.0012244459940120578,0.016556665942043983,0.0,0.29344287514686584,0.0,500.0,0.000514381390530616,0.257190695265308,200.0,0.0005376611952669919,0.10753223905339837,0.9014507253626813,0.07092169672250748,0.06393241495445647,0.0,0.0,0.0
1804,0.6020780801773071,0.0,0.00024389842292293906,0.0,20.0,0.001733819954097271,0.03467639908194542,20.0,6.271753227338195e-05,0.001254350645467639,10.0,0.011677534319460392,0.11677534319460392,25.0,4.3175838072784245e-05,0.0010793959518196061,13.529264632316158,0.0013325107283890247,0.018027890269775474,0.0,0.2933982014656067,0.0,500.0,0.0005176482954993844,0.2588241477496922,200.0,0.0005375526379793882,0.10751052759587765,0.9019509754877438,0.07087969034910202,0.06393000585264179,0.0,0.0,0.0
1805,0.601073145866394,0.0,0.00024452016805298626,0.0,20.0,0.001736077363602817,0.03472154727205634,20.0,6.312859477475286e-05,0.001262571895495057,10.0,0.011682302691042423,0.11682302691042423,25.0,4.3561252823565155e-05,0.0010890313205891289,13.536768384192095,0.0013131703017279506,0.017776082223490915,0.0,0.29352661967277527,0.0,500.0,0.0005160114960744977,0.25800574803724885,200.0,0.0005373993772082031,0.10747987544164062,0.9024512256128064,0.07082407921552658,0.06391527709095045,0.0,0.0,0.0
1806,0.5996097922325134,0.0,0.0002452640328556299,0.0,20.0,0.0017377454787492752,0.034754909574985504,20.0,6.387428584275767e-05,0.0012774857168551534,10.0,0.011680804193019867,0.11680804193019867,25.0,4.5712076826021075e-05,0.0011428019206505269,13.544272136068034,0.0013275595847517252,0.017980828292722843,0.0,0.2936316132545471,0.0,500.0,0.0005125071038492024,0.2562535519246012,200.0,0.0005373588064685464,0.10747176129370928,0.9029514757378689,0.07079055905342102,0.06392043976559526,0.0,0.0,0.0
1807,0.5978058576583862,0.0,0.0002454304485581815,0.0,20.0,0.001736433943733573,0.03472867887467146,20.0,6.419535202439874e-05,0.0012839070404879749,10.0,0.01167393010109663,0.1167393010109663,25.0,4.8264515498885885e-05,0.0012066128874721471,13.551775887943972,0.0012770756147801876,0.01730664252345937,0.0,0.2937781512737274,0.0,500.0,0.0005102503346279263,0.2551251673139632,200.0,0.0005373150343075395,0.10746300686150789,0.9034517258629314,0.07078694552183151,0.06395258810026398,0.0,0.0,0.0
1808,0.598513662815094,0.0,0.0002447678125463426,0.0,20.0,0.0017368340631946921,0.03473668126389384,20.0,6.476660928456113e-05,0.0012953321856912225,10.0,0.011671282351016998,0.11671282351016998,25.0,4.8794798203743994e-05,0.0012198699550935999,13.55927963981991,0.0012969363015145063,0.01758552198726898,0.0,0.2937817871570587,0.0,500.0,0.0005111005739308894,0.2555502869654447,200.0,0.000537090701982379,0.10741814039647579,0.903951975987994,0.0707947164773941,0.0639950238492502,0.0,0.0,0.0
1809,0.598272442817688,0.0,0.0002445987774990499,0.0,20.0,0.0017304712673649192,0.034609425347298384,20.0,6.405426393030211e-05,0.0012810852786060423,10.0,0.01167004182934761,0.1167004182934761,25.0,4.9570942792342976e-05,0.0012392735698085744,13.566783391695848,0.001290019485168159,0.017501414926343408,0.0,0.2937774062156677,0.0,500.0,0.0005109495250508189,0.25547476252540946,200.0,0.0005371618317440152,0.10743236634880304,0.9044522261130565,0.07079833000898361,0.06403370718171204,0.0,0.0,0.0
1810,0.5985255837440491,0.0,0.0002453792840242386,0.0,20.0,0.0017175960820168257,0.034351921640336514,20.0,6.297639629337937e-05,0.0012595279258675873,10.0,0.011671475134789944,0.11671475134789944,25.0,5.214296470512636e-05,0.001303574117628159,13.574287143571786,0.0013519339263439178,0.01835153931532877,0.0,0.2936098575592041,0.0,500.0,0.0005099232075735927,0.25496160378679633,200.0,0.0005375565961003304,0.10751131922006607,0.904952476238119,0.07080082595348358,0.06407138276630905,0.0,0.0,0.0
1811,0.5988914370536804,0.0,0.0002451233158353716,0.0,20.0,0.0017121051205322146,0.03424210241064429,20.0,6.306746217887849e-05,0.0012613492435775697,10.0,0.011676391586661339,0.11676391586661339,25.0,5.260234684101306e-05,0.0013150586710253265,13.581790895447725,0.0013583410764113069,0.01844870446451575,0.0,0.2934918701648712,0.0,500.0,0.0005104535957798362,0.2552267978899181,200.0,0.00053768529323861,0.107537058647722,0.9054527263631816,0.07078941911458969,0.06409647253497117,0.0,0.0,0.0
1812,0.5994412899017334,0.0,0.0002438783267280087,0.0,20.0,0.0017126558814197779,0.03425311762839556,20.0,6.435649265768006e-05,0.0012871298531536013,10.0,0.011684304103255272,0.11684304103255272,25.0,5.133914964972064e-05,0.001283478741243016,13.589294647323662,0.0012955935671925545,0.01760620272775675,0.0,0.2933235168457031,0.0,500.0,0.0005129666533321142,0.2564833266660571,200.0,0.0005379669601097703,0.10759339202195406,0.9059529764882441,0.07074489444494247,0.06409154769374228,0.0,0.0,0.0
1813,0.5998450517654419,0.0,0.00024393683997914195,0.0,20.0,0.0017196288099512458,0.034392576199024916,20.0,6.420642603188753e-05,0.0012841285206377506,10.0,0.011689730919897556,0.11689730919897556,25.0,4.877656829194166e-05,0.0012194142072985414,13.5967983991996,0.0012575974687933922,0.01709929925052746,0.0,0.29324886202812195,0.0,500.0,0.0005145848263055086,0.2572924131527543,200.0,0.000537988031283021,0.1075976062566042,0.9064532266133066,0.07067357003688812,0.06406228559621875,0.0,0.0,0.0
1814,0.5962894558906555,0.0,0.0002452656044624746,0.0,20.0,0.0017234454862773418,0.03446890972554684,20.0,6.360348197631538e-05,0.0012720696395263076,10.0,0.011693489737808704,0.11693489737808704,25.0,4.86103308503516e-05,0.00121525827125879,13.604302151075538,0.0010683212894946337,0.014533765616711637,0.0,0.29327577352523804,0.0,500.0,0.0005126162432134151,0.2563081216067076,200.0,0.0005375247565098107,0.10750495130196214,0.9069534767383692,0.07062269002199173,0.06405149425206154,0.0,0.0,0.0
1815,0.5977482199668884,0.0,0.00024653057334944606,0.0,20.0,0.0017335244920104742,0.034670489840209484,20.0,6.348057650029659e-05,0.0012696115300059319,10.0,0.011702417396008968,0.11702417396008968,25.0,4.6916695282561705e-05,0.0011729173820640426,13.611805902951476,0.0011537282261997461,0.01570432467978744,0.0,0.29338809847831726,0.0,500.0,0.0005128170596435666,0.2564085298217833,200.0,0.000537268933840096,0.1074537867680192,0.9074537268634317,0.07057595998048782,0.06404441791125809,0.0,0.0,0.0
1816,0.6004706025123596,0.0,0.00024727455456741154,0.0,20.0,0.001747970818541944,0.03495941637083888,20.0,6.445057806558907e-05,0.0012890115613117814,10.0,0.011712963692843914,0.11712963692843914,25.0,4.419059041538276e-05,0.001104764760384569,13.619309654827413,0.00125373515766114,0.017075007337330934,0.0,0.2933486998081207,0.0,500.0,0.000514889252372086,0.257444626186043,200.0,0.0005372246960178018,0.10744493920356035,0.9079539769884942,0.07051371037960052,0.06402320377137316,0.0,0.0,0.0
1817,0.6003634929656982,0.0,0.000248029304202646,0.0,20.0,0.0017582237487658858,0.03516447497531772,20.0,6.581996422028169e-05,0.0013163992844056338,10.0,0.01171362865716219,0.1171362865716219,25.0,4.4227708713151515e-05,0.0011056927178287879,13.626813406703352,0.0012735214550048113,0.017354039236783924,0.0,0.2935732305049896,0.0,500.0,0.0005135165993124247,0.25675829965621233,200.0,0.0005374226020649076,0.10748452041298151,0.9084542271135568,0.07049750536680222,0.06404375675143213,0.0,0.0,0.0
1818,0.599125862121582,0.0,0.000248491094680503,0.0,20.0,0.0017615016549825668,0.03523003309965134,20.0,6.730504537699744e-05,0.0013461009075399488,10.0,0.011709284968674183,0.11709284968674183,25.0,4.659051774069667e-05,0.0011647629435174167,13.63431715857929,0.001274437177926302,0.017376080682531946,0.0,0.29371166229248047,0.0,500.0,0.0005106783355586231,0.25533916777931154,200.0,0.0005375903565436602,0.10751807130873203,0.9089544772386193,0.07047523558139801,0.06405878091615817,0.0,0.0,0.0
1819,0.5982507467269897,0.0,0.0002481778501532972,0.0,20.0,0.001754747238010168,0.03509494476020336,20.0,6.879332795506343e-05,0.0013758665591012686,10.0,0.0117030069231987,0.117030069231987,25.0,5.085873999632895e-05,0.0012714684999082237,13.641820910455227,0.0012699037324637175,0.01732379929178868,0.0,0.29380524158477783,0.0,500.0,0.0005091276252642274,0.2545638126321137,200.0,0.0005374199245125055,0.1074839849025011,0.9094547273636818,0.0704892948269844,0.06410682240893328,0.0,0.0,0.0
1820,0.5984482169151306,0.0,0.00024707516422495246,0.0,20.0,0.0017447540303692222,0.03489508060738444,20.0,6.873116217320785e-05,0.001374623243464157,10.0,0.011696829460561275,0.11696829460561275,25.0,5.262168269837275e-05,0.0013155420674593188,13.649324662331166,0.0012723200488835573,0.017366309421604734,0.0,0.293694406747818,0.0,500.0,0.0005098637193441391,0.25493185967206955,200.0,0.000537054380401969,0.10741087608039379,0.9099549774887443,0.07053714245557785,0.06418562387528569,0.0,0.0,0.0
1821,0.5995698571205139,0.0,0.00024602666962891817,0.0,20.0,0.0017311059636995196,0.03462211927399039,20.0,6.65553889120929e-05,0.0013311077782418579,10.0,0.011691478081047535,0.11691478081047535,25.0,5.256141594145447e-05,0.0013140353985363618,13.656828414207103,0.0013603826519101858,0.018578512454801438,0.0,0.2933848202228546,0.0,500.0,0.0005101244896650314,0.2550622448325157,200.0,0.0005374861066229641,0.10749722132459283,0.9104552276138069,0.07056889683008194,0.06424982102588751,0.0,0.0,0.0
1822,0.5967702269554138,0.0,0.00024607195518910885,0.0,20.0,0.001713282777927816,0.03426565555855632,20.0,6.44471074338071e-05,0.001288942148676142,10.0,0.011690469458699226,0.11690469458699226,25.0,5.4850272135809064e-05,0.0013712568033952266,13.664332166083042,0.00118997972458601,0.016260278227647255,0.0,0.29323577880859375,0.0,500.0,0.0005092407227493823,0.25462036137469113,200.0,0.0005387462442740798,0.10774924885481596,0.9109554777388694,0.07059597969055176,0.0643097944054501,0.0,0.0,0.0
1823,0.5969374179840088,0.0,0.00024544779444113374,0.0,20.0,0.0017068408196792006,0.03413681639358401,20.0,6.430652138078585e-05,0.001286130427615717,10.0,0.01169673539698124,0.1169673539698124,25.0,5.484764915308915e-05,0.0013711912288272288,13.67183591795898,0.0011636053677648306,0.01590862166133708,0.0,0.29311999678611755,0.0,500.0,0.0005101366550661623,0.2550683275330812,200.0,0.0005392052698880434,0.10784105397760868,0.9114557278639319,0.07061002403497696,0.06435791085128965,0.0,0.0,0.0
1824,0.6007762551307678,0.0,0.0002446693542879075,0.0,20.0,0.0017122335266321898,0.034244670532643795,20.0,6.576701707672328e-05,0.0013153403415344656,10.0,0.011708148755133152,0.11708148755133152,25.0,5.304730075295083e-05,0.0013261825188237708,13.679339669834917,0.0013471950078383088,0.01842873811372614,0.0,0.293152779340744,0.0,500.0,0.0005124285235069692,0.2562142617534846,200.0,0.0005389514844864607,0.10779029689729214,0.9119559779889945,0.07059033960103989,0.06437528218744158,0.0,0.0,0.0
1825,0.598797619342804,0.0,0.00024562576436437666,0.0,20.0,0.001719086430966854,0.03438172861933708,20.0,6.666583067271858e-05,0.0013333166134543717,10.0,0.011717732064425945,0.11717732064425945,25.0,5.287417661747895e-05,0.0013218544154369738,13.686843421710856,0.0012182656209915876,0.016674210800565203,0.0,0.29319143295288086,0.0,500.0,0.0005118295084685087,0.25591475423425436,200.0,0.0005381631199270487,0.10763262398540974,0.912456228114057,0.07053686678409576,0.06436180340879974,0.0,0.0,0.0
1826,0.5979827046394348,0.0,0.0002468668681103736,0.0,20.0,0.0017302966443821788,0.034605932887643576,20.0,6.621200009249151e-05,0.0013242400018498302,10.0,0.011721236631274223,0.11721236631274223,25.0,5.08671801071614e-05,0.001271679502679035,13.694347173586793,0.001202557934448123,0.016468245850684026,0.0,0.2932884991168976,0.0,500.0,0.0005105056334286928,0.2552528167143464,200.0,0.0005374621832743287,0.10749243665486574,0.9129564782391195,0.07049079984426498,0.06435503237407883,0.0,0.0,0.0
1827,0.6005998253822327,0.0,0.0002473050553817302,0.0,20.0,0.0017456816276535392,0.034913632553070784,20.0,6.623989611398429e-05,0.0013247979222796857,10.0,0.011725645512342453,0.11725645512342453,25.0,4.676142634707503e-05,0.0011690356586768758,13.70185092546273,0.0013216439401730895,0.018108968244792856,0.0,0.2933836877346039,0.0,500.0,0.0005120396963320673,0.2560198481660336,200.0,0.0005372948362492025,0.1074589672498405,0.9134567283641821,0.07044459879398346,0.06434809274527954,0.0,0.0,0.0
1828,0.5966909527778625,0.0,0.0002483217103872448,0.0,20.0,0.0017509631579741836,0.03501926315948367,20.0,6.682102684862912e-05,0.0013364205369725823,10.0,0.01172697450965643,0.11726974509656429,25.0,4.7138903028098866e-05,0.0011784725757024717,13.70935467733867,0.0010814910056069493,0.014826543776217333,0.0,0.29355451464653015,0.0,500.0,0.0005105118034407496,0.2552559017203748,200.0,0.0005373345920816064,0.10746691841632128,0.9139569784892446,0.07039463520050049,0.06433766808970205,0.0,0.0,0.0
1829,0.6010547876358032,0.0,0.00024842924904078245,0.0,20.0,0.0017561361892148852,0.035122723784297705,20.0,6.701968959532678e-05,0.0013403937919065356,10.0,0.011729956604540348,0.11729956604540348,25.0,4.570861710817553e-05,0.0011427154277043883,13.716858429214607,0.0013554070610553026,0.018591926770453425,0.0,0.2935750484466553,0.0,500.0,0.000511391379404813,0.2556956897024065,200.0,0.0005376330809667706,0.10752661619335413,0.9144572286143071,0.07035335898399353,0.0643351376802102,0.0,0.0,0.0
1830,0.5967589616775513,0.0,0.0002486477023921907,0.0,20.0,0.0017512012273073196,0.03502402454614639,20.0,6.811786442995071e-05,0.0013623572885990143,10.0,0.011729692108929157,0.11729692108929157,25.0,4.8795311158755794e-05,0.0012198827789688949,13.724362181090545,0.0011020933743566275,0.015125528627050562,0.0,0.293643593788147,0.0,500.0,0.0005096972454339266,0.2548486227169633,200.0,0.0005377958877943456,0.10755917755886912,0.9149574787393697,0.07030103355646133,0.06432245641559169,0.0,0.0,0.0
1831,0.5975705981254578,0.0,0.00024800721439532936,0.0,20.0,0.001746782916598022,0.03493565833196044,20.0,6.932931137271225e-05,0.001386586227454245,10.0,0.011726286262273788,0.11726286262273788,25.0,5.04082563566044e-05,0.00126020640891511,13.731865932966484,0.0011336139868944883,0.015566635287770738,0.0,0.29359525442123413,0.0,500.0,0.0005105126183480024,0.2552563091740012,200.0,0.000537640880793333,0.10752817615866661,0.9154577288644322,0.07031906396150589,0.06437413059007292,0.0,0.0,0.0
1832,0.5994656682014465,0.0,0.00024737301282584667,0.0,20.0,0.0017406537663191557,0.034813075326383114,20.0,6.912071694387123e-05,0.0013824143388774246,10.0,0.011720240116119385,0.11720240116119385,25.0,5.138607957633212e-05,0.001284651989408303,13.739369684842421,0.0012681970838457346,0.017424228568195647,0.0,0.29349905252456665,0.0,500.0,0.0005108064506202936,0.2554032253101468,200.0,0.0005375844775699079,0.10751689551398158,0.9159579789894947,0.07035122811794281,0.06443876872633982,0.0,0.0,0.0
1833,0.5973596572875977,0.0,0.00024769932497292757,0.0,20.0,0.0017312688287347555,0.03462537657469511,20.0,6.680929800495505e-05,0.001336185960099101,10.0,0.011713441461324692,0.11713441461324692,25.0,5.242313272901811e-05,0.0013105783182254527,13.74687343671836,0.0011946273734793067,0.016422391307259306,0.0,0.29332125186920166,0.0,500.0,0.0005088094621896744,0.2544047310948372,200.0,0.0005381176015362144,0.10762352030724287,0.9164582291145573,0.07038231194019318,0.0645024489616978,0.0,0.0,0.0
1834,0.5984665751457214,0.0,0.00024724900140427053,0.0,20.0,0.0017271310789510608,0.034542621579021215,20.0,6.567910895682871e-05,0.0013135821791365743,10.0,0.011714943684637547,0.11714943684637547,25.0,5.126996256876737e-05,0.0012817490642191842,13.754377188594297,0.0012374264188110828,0.01702002970745909,0.0,0.29317039251327515,0.0,500.0,0.0005098378169350326,0.2549189084675163,200.0,0.0005384453106671572,0.10768906213343143,0.9169584792396198,0.0703970268368721,0.06455115067132894,0.0,0.0,0.0
1835,0.6022516489028931,0.0,0.0002465386060066521,0.0,20.0,0.0017300872132182121,0.03460174426436424,20.0,6.586928066099063e-05,0.0013173856132198125,10.0,0.011727036908268929,0.11727036908268929,25.0,4.838085442315787e-05,0.0012095213605789468,13.761880940470235,0.0013751460937783122,0.01892459681832985,0.0,0.29308733344078064,0.0,500.0,0.0005132922669872642,0.2566461334936321,200.0,0.0005384762189351022,0.10769524378702044,0.9174587293646823,0.07039741426706314,0.0645867222440189,0.0,0.0,0.0
1836,0.5999855399131775,0.0,0.00024723634123802185,0.0,20.0,0.0017320647602900863,0.034641295205801725,20.0,6.670085713267326e-05,0.0013340171426534653,10.0,0.011740659363567829,0.11740659363567829,25.0,4.86009412270505e-05,0.0012150235306762625,13.769384692346174,0.0012130436953157187,0.016702865289427292,0.0,0.29314860701560974,0.0,500.0,0.0005129745113663375,0.25648725568316877,200.0,0.0005378659698180854,0.10757319396361709,0.9179589794897449,0.07040101289749146,0.06462524195442562,0.0,0.0,0.0
1837,0.6010020971298218,0.0,0.00024895163369365036,0.0,20.0,0.001732191420160234,0.03464382840320468,20.0,6.731988833053038e-05,0.0013463977666106075,10.0,0.011747794225811958,0.11747794225811958,25.0,5.1578215789049864e-05,0.0012894553947262466,13.776888444222111,0.0013770589139312506,0.018971587038352496,0.0,0.29340431094169617,0.0,500.0,0.0005103399744257331,0.25516998721286654,200.0,0.0005373262683860958,0.10746525367721915,0.9184592296148074,0.0703761875629425,0.06463765901228737,0.0,0.0,0.0
1838,0.6004976034164429,0.0,0.00024934165412560105,0.0,20.0,0.0017359418561682105,0.03471883712336421,20.0,6.837408000137657e-05,0.0013674816000275314,10.0,0.011755294166505337,0.11755294166505337,25.0,5.1779821660602465e-05,0.0012944955415150616,13.784392196098048,0.0013151993043720722,0.018129223027499974,0.0,0.29352110624313354,0.0,500.0,0.0005106910248287022,0.2553455124143511,200.0,0.0005372487939894199,0.10744975879788399,0.9189594797398699,0.07033970952033997,0.06463934286586519,0.0,0.0,0.0
1839,0.5994865298271179,0.0,0.0002487589081283659,0.0,20.0,0.001742237014696002,0.03484474029392004,20.0,6.888930511195213e-05,0.0013777861022390425,10.0,0.01175680197775364,0.11756801977753639,25.0,4.954490941599943e-05,0.0012386227353999857,13.791895947973988,0.0011881387326866388,0.016386685772971803,0.0,0.29345518350601196,0.0,500.0,0.0005119236302562058,0.2559618151281029,200.0,0.0005374131724238396,0.10748263448476791,0.9194597298649325,0.07028716057538986,0.0646262136756211,0.0,0.0,0.0
1840,0.6043348908424377,0.0,0.0002476745576132089,0.0,20.0,0.001747138681821525,0.0349427736364305,20.0,6.788835162296891e-05,0.0013577670324593782,10.0,0.011744676157832146,0.11744676157832146,25.0,4.6469609515042976e-05,0.0011617402378760744,13.799399699849925,0.0014503451529890299,0.02001389246883561,0.0,0.2932935059070587,0.0,500.0,0.0005143346497789025,0.25716732488945127,200.0,0.0005378476344048977,0.10756952688097954,0.919959979989995,0.07030204683542252,0.06467506959997099,0.0,0.0,0.0
1841,0.6056461334228516,0.0,0.0002474572684150189,0.0,20.0,0.001743378466926515,0.0348675693385303,20.0,6.590822886209935e-05,0.001318164577241987,10.0,0.0117304353043437,0.117304353043437,25.0,4.5962733565829694e-05,0.0011490683391457424,13.806903451725862,0.0015744739212095737,0.021738609417400818,0.0,0.29318565130233765,0.0,500.0,0.0005138305714353919,0.25691528571769595,200.0,0.0005380915245041251,0.10761830490082502,0.9204602301150575,0.07032877206802368,0.0647348377214425,0.0,0.0,0.0
1842,0.5966786742210388,0.0,0.00024812089395709336,0.0,20.0,0.001733031589537859,0.03466063179075718,20.0,6.356442463584244e-05,0.0012712884927168489,10.0,0.011717407964169979,0.11717407964169979,25.0,4.765461926581338e-05,0.0011913654816453345,13.814407203601801,0.001010332489386201,0.013957144419409675,0.0,0.2931015193462372,0.0,500.0,0.0005117907421663404,0.2558953710831702,200.0,0.0005387397250160575,0.1077479450032115,0.92096048024012,0.07034055143594742,0.064780868030805,0.0,0.0,0.0
1843,0.5960214138031006,0.0,0.0002479426038917154,0.0,20.0,0.0017293046694248915,0.03458609338849783,20.0,6.371420022333041e-05,0.0012742840044666082,10.0,0.011716239154338837,0.11716239154338837,25.0,4.846515003009699e-05,0.0012116287507524248,13.821910955477739,0.000974937342107296,0.013475497129777183,0.0,0.29303160309791565,0.0,500.0,0.0005114104133099318,0.2557052066549659,200.0,0.0005389804719015956,0.10779609438031912,0.9214607303651826,0.07033421099185944,0.06481021343021764,0.0,0.0,0.0
1844,0.6002262830734253,0.0,0.00024690001737326384,0.0,20.0,0.0017307683592662215,0.03461536718532443,20.0,6.590974953724071e-05,0.0013181949907448143,10.0,0.011725373566150665,0.11725373566150665,25.0,4.833992352359928e-05,0.001208498088089982,13.829414707353676,0.001252512913197279,0.017321520502920847,0.0,0.29309365153312683,0.0,500.0,0.0005119331181049347,0.25596655905246735,200.0,0.0005386360571719706,0.10772721143439412,0.9219609804902451,0.07030146569013596,0.06481520823757907,0.0,0.0,0.0
1845,0.6051667928695679,0.0,0.0002460810646880418,0.0,20.0,0.001736812642775476,0.03473625285550952,20.0,6.852021033409983e-05,0.0013704042066819966,10.0,0.01174045167863369,0.1174045167863369,25.0,4.7201625420711935e-05,0.0011800406355177984,13.836918459229615,0.0014582367148250341,0.020177502517288868,0.0,0.29320016503334045,0.0,500.0,0.0005156757542863488,0.2578378771431744,200.0,0.0005383005482144654,0.10766010964289308,0.9224612306153076,0.07024696469306946,0.06480010149775892,0.0,0.0,0.0
1846,0.6025309562683105,0.0,0.00024640161427669227,0.0,20.0,0.0017374407034367323,0.034748814068734646,20.0,6.985117215663195e-05,0.001397023443132639,10.0,0.011752515099942684,0.11752515099942684,25.0,4.8166395572479814e-05,0.0012041598893119954,13.844422211105552,0.0012630830751731992,0.017486655380399344,0.0,0.29331859946250916,0.0,500.0,0.0005155075341463089,0.25775376707315445,200.0,0.0005381093360483646,0.10762186720967293,0.9229614807403702,0.07020176947116852,0.06479352910170381,0.0,0.0,0.0
1847,0.6012675762176514,0.0,0.00024753165780566633,0.0,20.0,0.0017314746510237455,0.03462949302047491,20.0,6.941475294297561e-05,0.0013882950588595122,10.0,0.01175822876393795,0.1175822876393795,25.0,5.100340786157176e-05,0.001275085196539294,13.851925962981491,0.0013082344084978104,0.018121566168736555,0.0,0.29345759749412537,0.0,500.0,0.00051167793571949,0.255838967859745,200.0,0.0005382224335335195,0.1076444867067039,0.9234617308654327,0.07015708833932877,0.0647873862303156,0.0,0.0,0.0
1848,0.5992415547370911,0.0,0.0002479242975823581,0.0,20.0,0.0017316879238933325,0.03463375847786665,20.0,6.768372259102762e-05,0.0013536744518205523,10.0,0.011755584739148617,0.11755584739148617,25.0,5.075388617115095e-05,0.0012688471542787738,13.859429714857429,0.0012284471886232495,0.017025577469138135,0.0,0.293430894613266,0.0,500.0,0.000509869190864265,0.2549345954321325,200.0,0.0005383110838010907,0.10766221676021814,0.9239619809904952,0.07014036923646927,0.06480703450713293,0.0,0.0,0.0
1849,0.598408579826355,0.0,0.0002472941705491394,0.0,20.0,0.0017370886635035276,0.03474177327007055,20.0,6.646522524533793e-05,0.0013293045049067587,10.0,0.011751099489629269,0.11751099489629269,25.0,4.812835686607286e-05,0.0012032089216518216,13.866933466733366,0.0011353424051776528,0.015743717594559548,0.0,0.29328465461730957,0.0,500.0,0.0005108387558721006,0.2554193779360503,200.0,0.000538214691914618,0.1076429383829236,0.9244622311155578,0.07011348009109497,0.0648172642362899,0.0,0.0,0.0
1850,0.6074690818786621,0.0,0.000246414594585076,0.0,20.0,0.0017455953639000654,0.03491190727800131,20.0,6.664695683866739e-05,0.0013329391367733479,10.0,0.011750440113246441,0.11750440113246441,25.0,4.577027721097693e-05,0.0011442569302744232,13.874437218609305,0.0016600971575826406,0.023032913789672108,0.0,0.29320868849754333,0.0,500.0,0.0005141762085258961,0.25708810426294804,200.0,0.0005382047384046018,0.10764094768092036,0.9249624812406203,0.07007160782814026,0.06481360824123629,0.0,0.0,0.0
1851,0.606390655040741,0.0,0.0002465624129399657,0.0,20.0,0.0017470621969550848,0.034941243939101696,20.0,6.599897460546345e-05,0.001319979492109269,10.0,0.01174914464354515,0.11749144643545151,25.0,4.5613618567585945e-05,0.0011403404641896486,13.881940970485243,0.0016072096768766642,0.022311189861594513,0.0,0.29330676794052124,0.0,500.0,0.0005134583334438503,0.25672916672192514,200.0,0.0005380703951232135,0.1076140790246427,0.9254627313656828,0.07006567716598511,0.06484317296501874,0.0,0.0,0.0
1852,0.5973731279373169,0.0,0.0002475444052834064,0.0,20.0,0.0017411684384569526,0.03482336876913905,20.0,6.466067134169862e-05,0.0012932134268339723,10.0,0.011748352088034153,0.11748352088034153,25.0,4.736290793516673e-05,0.0011840726983791683,13.88944472236118,0.001092989114113152,0.01518101188261714,0.0,0.2933257520198822,0.0,500.0,0.0005098835099488497,0.25494175497442484,200.0,0.0005379156209528446,0.10758312419056892,0.9259629814907454,0.07007091492414474,0.06488307329894544,0.0,0.0,0.0
1853,0.5989468097686768,0.0,0.0002481302653905004,0.0,20.0,0.0017375489696860313,0.03475097939372063,20.0,6.486161146312952e-05,0.0012972322292625904,10.0,0.011755951680243015,0.11755951680243015,25.0,4.8753743612905964e-05,0.001218843590322649,13.896948474237119,0.001239336677826941,0.017222997953993208,0.0,0.2934335470199585,0.0,500.0,0.000508914003148675,0.2544570015743375,200.0,0.0005377267953008413,0.10754535906016827,0.9264632316158079,0.0700458288192749,0.06489488492911312,0.0,0.0,0.0
1854,0.5982826352119446,0.0,0.0002477059606462717,0.0,20.0,0.0017390584107488394,0.03478116821497679,20.0,6.661914812866598e-05,0.0013323829625733197,10.0,0.011766773648560047,0.11766773648560047,25.0,4.873568468610756e-05,0.001218392117152689,13.904452226113056,0.0011410696897655725,0.01586594898801105,0.0,0.2934821844100952,0.0,500.0,0.0005099257687106729,0.2549628843553364,200.0,0.0005376485642045736,0.10752971284091473,0.9269634817408704,0.07003990560770035,0.06492443476291583,0.0,0.0,0.0
1855,0.6026028394699097,0.0,0.0002467491722200066,0.0,20.0,0.0017422270029783249,0.0348445400595665,20.0,6.871914956718683e-05,0.0013743829913437366,10.0,0.011779237538576126,0.11779237538576126,25.0,4.7273537347791716e-05,0.001181838433694793,13.911955977988994,0.001264949794858694,0.01759792586044036,0.0,0.2935146987438202,0.0,500.0,0.0005145531613379717,0.25727658066898584,200.0,0.0005378820351324975,0.10757640702649951,0.927463731865933,0.07003911584615707,0.06495873975926725,0.0,0.0,0.0
1856,0.6018036603927612,0.0,0.0002467195736244321,0.0,20.0,0.001737914513796568,0.03475829027593136,20.0,6.944396591279656e-05,0.0013888793182559311,10.0,0.01178500521928072,0.1178500521928072,25.0,4.828717646887526e-05,0.0012071794117218815,13.919459729864933,0.001178394304588437,0.016402612068620943,0.0,0.2934729754924774,0.0,500.0,0.000515169813297689,0.2575849066488445,200.0,0.0005380514776334167,0.10761029552668333,0.9279639819909955,0.07004742324352264,0.06500148580126788,0.0,0.0,0.0
1857,0.6016978025436401,0.0,0.00024736986961215734,0.0,20.0,0.0017273093108087778,0.034546186216175556,20.0,6.776878581149504e-05,0.0013553757162299007,10.0,0.011780145578086376,0.11780145578086376,25.0,5.048892489867285e-05,0.0012622231224668212,13.92696348174087,0.001310695894062519,0.0182540138522764,0.0,0.2934059202671051,0.0,500.0,0.0005115841631777585,0.2557920815888792,200.0,0.0005381496157497168,0.10762992314994335,0.928464232116058,0.07006900757551193,0.06505656731373194,0.0,0.0,0.0
1858,0.6016547679901123,0.0,0.00024741486413404346,0.0,20.0,0.0017209466313943267,0.034418932627886534,20.0,6.557120650541037e-05,0.0013114241301082075,10.0,0.011768593452870846,0.11768593452870846,25.0,5.096171298646368e-05,0.001274042824661592,13.93446723361681,0.0013723267475143075,0.019122642097054044,0.0,0.293190062046051,0.0,500.0,0.0005100395064800978,0.2550197532400489,200.0,0.0005385538097470999,0.10771076194941998,0.9289644822411206,0.070090152323246,0.0651112620631655,0.0,0.0,0.0
1859,0.5985792875289917,0.0,0.00024666814715601504,0.0,20.0,0.0017189753707498312,0.034379507414996624,20.0,6.422188016586006e-05,0.0012844376033172011,10.0,0.01176424603909254,0.11764246039092541,25.0,4.943833118886687e-05,0.0012359582797216717,13.941970985492746,0.0011215886333957314,0.015637156184461747,0.0,0.293067067861557,0.0,500.0,0.0005110596539452672,0.2555298269726336,200.0,0.0005386336706578732,0.10772673413157463,0.9294647323661831,0.07008674740791321,0.06514315992191233,0.0,0.0,0.0
1860,0.6080144643783569,0.0,0.0002453527704346925,0.0,20.0,0.0017233234830200672,0.034466469660401344,20.0,6.441619916586205e-05,0.001288323983317241,10.0,0.011767685413360596,0.11767685413360596,25.0,4.68392317998223e-05,0.0011709807949955575,13.949474737368684,0.0016447727102786303,0.022943715370745174,0.0,0.29304376244544983,0.0,500.0,0.0005151476361788809,0.25757381808944046,200.0,0.0005387156270444393,0.10774312540888786,0.9299649824912456,0.07005765289068222,0.06515116394386106,0.0,0.0,0.0
1861,0.6078143119812012,0.0,0.00024551228852942586,0.0,20.0,0.0017264842754229903,0.034529685508459806,20.0,6.445006874855608e-05,0.0012890013749711215,10.0,0.011768548749387264,0.11768548749387264,25.0,4.645435546990484e-05,0.001161358886747621,13.956978489244623,0.001630338840186596,0.022754604122664345,0.0,0.29308217763900757,0.0,500.0,0.0005149615462869406,0.2574807731434703,200.0,0.0005387132987380028,0.10774265974760056,0.9304652326163082,0.07004107534885406,0.06517078546716787,0.0,0.0,0.0
1862,0.5998510122299194,0.0,0.00024709978606551886,0.0,20.0,0.0017299903556704521,0.03459980711340904,20.0,6.421736179618165e-05,0.001284347235923633,10.0,0.011768849566578865,0.11768849566578865,25.0,4.7675952373538166e-05,0.0011918988093384542,13.96448224112056,0.0012115559075027704,0.016918750954447143,0.0,0.2932188808917999,0.0,500.0,0.0005105955060571432,0.2552977530285716,200.0,0.0005383264506235719,0.10766529012471437,0.9309654827413707,0.07003982365131378,0.06520465823666581,0.0,0.0,0.0
1863,0.6021333336830139,0.0,0.0002490119368303567,0.0,20.0,0.0017306156223639846,0.03461231244727969,20.0,6.545004725921899e-05,0.0013090009451843798,10.0,0.011778092943131924,0.11778092943131924,25.0,5.1038226956734434e-05,0.0012759556739183608,13.971985992996498,0.001440346473827958,0.020124500757386126,0.0,0.2935182750225067,0.0,500.0,0.0005084433942101896,0.2542216971050948,200.0,0.0005378838395699859,0.10757676791399717,0.9314657328664332,0.07003172487020493,0.06523215193012585,0.0,0.0,0.0
1864,0.6033283472061157,0.0,0.00024928009952418506,0.0,20.0,0.001730574294924736,0.03461148589849472,20.0,6.734473572578281e-05,0.0013468947145156562,10.0,0.011789990589022636,0.11789990589022636,25.0,5.268944369163364e-05,0.001317236092290841,13.979489744872437,0.001473523210734129,0.02059910261328926,0.0,0.29364338517189026,0.0,500.0,0.0005096175009384751,0.25480875046923757,200.0,0.0005374804022721946,0.10749608045443892,0.9319659829914958,0.07001207768917084,0.06524887480486508,0.0,0.0,0.0
1865,0.6045469641685486,0.0,0.0002481877454556525,0.0,20.0,0.0017282196786254644,0.03456439357250929,20.0,6.804268923588097e-05,0.0013608537847176194,10.0,0.011797675862908363,0.11797675862908363,25.0,5.157431951374747e-05,0.0012893579878436867,13.986993496748374,0.0014913154300302267,0.020859019221433284,0.0,0.29357674717903137,0.0,500.0,0.0005115143721923232,0.2557571860961616,200.0,0.0005373346502892673,0.10746693005785346,0.9324662331165583,0.06999984383583069,0.06527249070034437,0.0,0.0,0.0
1866,0.6030991077423096,0.0,0.00024660868803039193,0.0,20.0,0.001728739938698709,0.03457479877397418,20.0,6.663409294560552e-05,0.0013326818589121103,10.0,0.011794541031122208,0.11794541031122208,25.0,4.7466739488299936e-05,0.0011866684872074984,13.994497248624311,0.0012810805346816778,0.0179280780178689,0.0,0.2933361828327179,0.0,500.0,0.0005144915194250643,0.25724575971253216,200.0,0.0005379286594688892,0.10758573189377785,0.9329664832416208,0.0699918195605278,0.06530002175106771,0.0,0.0,0.0
1867,0.6060484647750854,0.0,0.00024602562189102173,0.0,20.0,0.0017246439820155501,0.034492879640311,20.0,6.431741348933429e-05,0.0012863482697866857,10.0,0.011781356297433376,0.11781356297433376,25.0,4.635106597561389e-05,0.0011587766493903473,14.00200100050025,0.0014978680992498994,0.0209731506243145,0.0,0.29314225912094116,0.0,500.0,0.0005146792973391712,0.2573396486695856,200.0,0.0005381693481467664,0.10763386962935328,0.9334667333666833,0.07000809162855148,0.06535022460173939,0.0,0.0,0.0
1868,0.5988840460777283,0.0,0.0002468342718202621,0.0,20.0,0.0017201658338308334,0.03440331667661667,20.0,6.24156673438847e-05,0.0012483133468776941,10.0,0.011769079603254795,0.11769079603254795,25.0,4.752113454742357e-05,0.0011880283636855893,14.009504752376188,0.0010910567361861467,0.015285164530711876,0.0,0.29316163063049316,0.0,500.0,0.0005120617570355535,0.2560308785177767,200.0,0.0005382653325796127,0.10765306651592255,0.9339669834917459,0.07000721246004105,0.06538442504397031,0.0,0.0,0.0
1869,0.5983821153640747,0.0,0.00024728768039494753,0.0,20.0,0.0017266599461436272,0.03453319892287254,20.0,6.323470006464049e-05,0.0012646940012928098,10.0,0.01176556758582592,0.1176556758582592,25.0,4.811697363038547e-05,0.0012029243407596368,14.017008504252127,0.0010980808874592185,0.015391809137872588,0.0,0.2933342158794403,0.0,500.0,0.0005106847384013236,0.2553423692006618,200.0,0.0005380978109315038,0.10761956218630075,0.9344672336168084,0.06995630264282227,0.06537187260469834,0.0,0.0,0.0
1870,0.6004722118377686,0.0,0.00024693331215530634,0.0,20.0,0.0017352582653984427,0.034705165307968855,20.0,6.575063162017614e-05,0.0013150126324035227,10.0,0.011770186945796013,0.11770186945796013,25.0,4.852942583966069e-05,0.0012132356459915172,14.024512256128064,0.0012266028206795454,0.017202506292021538,0.0,0.2934424877166748,0.0,500.0,0.0005108373006805778,0.2554186503402889,200.0,0.0005377593915909529,0.10755187831819057,0.9349674837418709,0.06991034001111984,0.06536389468773536,0.0,0.0,0.0
1871,0.5996364951133728,0.0,0.00024750400916673243,0.0,20.0,0.0017370691057294607,0.034741382114589214,20.0,6.791340274503455e-05,0.001358268054900691,10.0,0.011777765117585659,0.11777765117585659,25.0,5.096958557260223e-05,0.0012742396393150557,14.032016008004002,0.0011813393794000149,0.01657657308262652,0.0,0.2935817837715149,0.0,500.0,0.0005099473637528718,0.2549736818764359,200.0,0.0005377972265705466,0.10755944531410933,0.9354677338669335,0.06988513469696045,0.065375288585951,0.0,0.0,0.0
1872,0.6013810038566589,0.0,0.0002476491208653897,0.0,20.0,0.0017394486349076033,0.034788972698152065,20.0,6.939444574527442e-05,0.0013878889149054885,10.0,0.011786692775785923,0.11786692775785923,25.0,5.1311973948031664e-05,0.0012827993487007916,14.03951975987994,0.0012353404890745878,0.017343587206542426,0.0,0.29368048906326294,0.0,500.0,0.0005115595413371921,0.25577977066859603,200.0,0.0005376441404223442,0.10752882808446884,0.935967983991996,0.06987663358449936,0.06540229186423127,0.0,0.0,0.0
1873,0.5998876690864563,0.0,0.0002478004607837647,0.0,20.0,0.001734733465127647,0.03469466930255294,20.0,6.739619129803032e-05,0.0013479238259606063,10.0,0.011782282032072544,0.11782282032072544,25.0,5.088352918392047e-05,0.0012720882295980118,14.047023511755878,0.0011962263379245996,0.016803419494208483,0.0,0.29352647066116333,0.0,500.0,0.0005099711706861854,0.2549855853430927,200.0,0.0005375623004510999,0.10751246009021997,0.9364682341170585,0.0698888748884201,0.06544871125118681,0.0,0.0,0.0
1874,0.598783552646637,0.0,0.0002471851767040789,0.0,20.0,0.0017320996848866343,0.03464199369773269,20.0,6.622776709264144e-05,0.0013245553418528289,10.0,0.011780284345149994,0.11780284345149994,25.0,4.9420796131016687e-05,0.0012355199032754172,14.054527263631815,0.0010803905315697193,0.01518437818131629,0.0,0.29339900612831116,0.0,500.0,0.00051114585949108,0.25557292974554,200.0,0.0005376571789383888,0.10753143578767776,0.9369684842421211,0.06989558041095734,0.06548995603287798,0.0,0.0,0.0
1875,0.6075636148452759,0.0,0.0002463641867507249,0.0,20.0,0.001733881188556552,0.03467762377113104,20.0,6.504717748612165e-05,0.001300943549722433,10.0,0.011775628663599491,0.11775628663599491,25.0,4.6910514356568456e-05,0.0011727628589142114,14.062031015507754,0.0015954254195094109,0.022434921732070807,0.0,0.2931753993034363,0.0,500.0,0.0005141021683812141,0.25705108419060707,200.0,0.0005381960654631257,0.10763921309262514,0.9374687343671836,0.06990180909633636,0.06553076050351893,0.0,0.0,0.0
1876,0.6033370494842529,0.0,0.0002465137804392725,0.0,20.0,0.001729773823171854,0.03459547646343708,20.0,6.386090535670519e-05,0.0012772181071341038,10.0,0.011770793236792088,0.11770793236792088,25.0,4.7362704208353534e-05,0.0011840676052088384,14.069534767383692,0.0013333784881979227,0.018760014997782178,0.0,0.29306915402412415,0.0,500.0,0.0005130631034262478,0.2565315517131239,200.0,0.0005385308759287,0.10770617518574,0.9379689844922461,0.06991125643253326,0.06557459020060023,0.0,0.0,0.0
1877,0.6012715101242065,0.0,0.0002477915841154754,0.0,20.0,0.001727500930428505,0.0345500186085701,20.0,6.403877341654152e-05,0.0012807754683308303,10.0,0.01177228894084692,0.1177228894084692,25.0,4.990697561879642e-05,0.0012476743904699106,14.077038519259629,0.0013021558988839388,0.01833049874667035,0.0,0.2932322025299072,0.0,500.0,0.0005098609253764153,0.2549304626882076,200.0,0.0005381629453040659,0.10763258906081319,0.9384692346173087,0.06987612694501877,0.06557659537211366,0.0,0.0,0.0
1878,0.6015309691429138,0.0,0.00024798879167065024,0.0,20.0,0.00173083390109241,0.0346166780218482,20.0,6.528282392537221e-05,0.0013056564785074443,10.0,0.011779745109379292,0.11779745109379292,25.0,5.001054159947671e-05,0.0012502635399869177,14.084542271135568,0.0013090695720165968,0.018437645722925104,0.0,0.2933315336704254,0.0,500.0,0.0005099735572002828,0.2549867786001414,200.0,0.0005377102643251419,0.10754205286502838,0.9389694847423712,0.06985791027545929,0.06559444601652681,0.0,0.0,0.0
1879,0.6029583811759949,0.0,0.00024717487394809723,0.0,20.0,0.0017381313955411315,0.03476262791082263,20.0,6.775852671125904e-05,0.0013551705342251807,10.0,0.011790568940341473,0.11790568940341473,25.0,4.867819370701909e-05,0.0012169548426754773,14.092046023011505,0.0012640806380659342,0.017813482528422894,0.0,0.2933185398578644,0.0,500.0,0.0005135411047376692,0.2567705523688346,200.0,0.0005376264452934265,0.1075252890586853,0.9394697348674337,0.06983581185340881,0.06560863164617396,0.0,0.0,0.0
1880,0.6042068004608154,0.0,0.0002468744933139533,0.0,20.0,0.001736462814733386,0.03472925629466772,20.0,6.783845310565084e-05,0.0013567690621130168,10.0,0.011787458322942257,0.11787458322942257,25.0,4.907481343252584e-05,0.001226870335813146,14.099549774887445,0.001354685053229332,0.019100449337303014,0.0,0.29335281252861023,0.0,500.0,0.0005134891252964735,0.25674456264823675,200.0,0.000537738436833024,0.1075476873666048,0.9399699849924963,0.06981776654720306,0.06562660497358408,0.0,0.0,0.0
1881,0.5999510288238525,0.0,0.00024723433307372034,0.0,20.0,0.0017279306193813682,0.03455861238762736,20.0,6.596044113393873e-05,0.0013192088226787746,10.0,0.011774328537285328,0.11774328537285328,25.0,5.1086721214232966e-05,0.0012771680303558242,14.107053526763382,0.0011954655637964606,0.016864496697879035,0.0,0.2933270037174225,0.0,500.0,0.0005097641842439771,0.25488209212198853,200.0,0.0005381780210882425,0.1076356042176485,0.9404702351175588,0.06982733309268951,0.0656705283713138,0.0,0.0,0.0
1882,0.6014578342437744,0.0,0.00024695583852007985,0.0,20.0,0.0017236940329894423,0.03447388065978885,20.0,6.499975279439241e-05,0.0012999950558878481,10.0,0.011764979921281338,0.11764979921281338,25.0,5.126496762386523e-05,0.0012816241905966308,14.11455727863932,0.0013195995707064867,0.018625563725604564,0.0,0.29323771595954895,0.0,500.0,0.0005094668013043702,0.2547334006521851,200.0,0.0005385220283642411,0.10770440567284822,0.9409704852426213,0.06980996578931808,0.06568911738354542,0.0,0.0,0.0
1883,0.5999704003334045,0.0,0.0002460584510117769,0.0,20.0,0.0017245179042220116,0.03449035808444023,20.0,6.574104918399826e-05,0.0013148209836799651,10.0,0.011766134761273861,0.11766134761273861,25.0,5.018258161726408e-05,0.001254564540431602,14.122061030515258,0.001126185292378068,0.015904057430631745,0.0,0.2931915819644928,0.0,500.0,0.0005119501147419214,0.2559750573709607,200.0,0.0005382587551139295,0.1076517510227859,0.9414707353676839,0.06980401277542114,0.06571843523929094,0.0,0.0,0.0
1884,0.5999900102615356,0.0,0.0002459597890265286,0.0,20.0,0.0017242131289094687,0.03448426257818937,20.0,6.557237793458626e-05,0.0013114475586917251,10.0,0.011767832562327385,0.11767832562327385,25.0,4.960110527463257e-05,0.0012400276318658143,14.129564782391196,0.001107497955672443,0.015648464111039595,0.0,0.29323938488960266,0.0,500.0,0.000512525497470051,0.2562627487350255,200.0,0.0005381518276408315,0.1076303655281663,0.9419709854927464,0.06978388875722885,0.06573439846416304,0.0,0.0,0.0
1885,0.6015983819961548,0.0,0.00024685909738764167,0.0,20.0,0.0017189946956932545,0.03437989391386509,20.0,6.467405910370871e-05,0.0012934811820741743,10.0,0.011770075187087059,0.11770075187087059,25.0,5.092593710287474e-05,0.0012731484275718685,14.137068534267133,0.001304921810515225,0.018447769067113685,0.0,0.2933054566383362,0.0,500.0,0.0005102472496218979,0.25512362481094897,200.0,0.0005380961229093373,0.10761922458186746,0.9424712356178089,0.0697745680809021,0.06576052339390673,0.0,0.0,0.0
1886,0.5997799634933472,0.0,0.00024698994820937514,0.0,20.0,0.0017219418659806252,0.0344388373196125,20.0,6.503459007944912e-05,0.0013006918015889823,10.0,0.011777810752391815,0.11777810752391815,25.0,4.982397877029143e-05,0.0012455994692572858,14.144572286143072,0.0011365956161171198,0.016076658852281923,0.0,0.29335513710975647,0.0,500.0,0.0005111416685394943,0.25557083426974714,200.0,0.0005379001959227026,0.10758003918454051,0.9429714857428715,0.06976796686649323,0.06578920337335654,0.0,0.0,0.0
1887,0.6031590700149536,0.0,0.0002468072634655982,0.0,20.0,0.0017294930294156075,0.03458986058831215,20.0,6.59919242025353e-05,0.001319838484050706,10.0,0.011785538867115974,0.11785538867115974,25.0,4.7764344344614074e-05,0.0011941086086153518,14.15207603801901,0.0012720914091914892,0.01800273435018871,0.0,0.2934032380580902,0.0,500.0,0.0005136906402185559,0.25684532010927796,200.0,0.0005376980407163501,0.10753960814327002,0.943471735867934,0.06975539773702621,0.06581224618911027,0.0,0.0,0.0
1888,0.601050078868866,0.0,0.0002472729538567364,0.0,20.0,0.0017287340015172958,0.03457468003034592,20.0,6.533093983307481e-05,0.0013066187966614962,10.0,0.01178186945617199,0.1178186945617199,25.0,4.822119080927223e-05,0.0012055297702318057,14.159579789894947,0.0011790874414145947,0.016695382705973035,0.0,0.29339632391929626,0.0,500.0,0.0005120973219163716,0.2560486609581858,200.0,0.0005377326742745936,0.10754653485491872,0.9439719859929965,0.0697626918554306,0.06585402677898827,0.0,0.0,0.0
1889,0.5990902185440063,0.0,0.000247420568484813,0.0,20.0,0.0017296327278017998,0.034592654556035995,20.0,6.545931682921946e-05,0.0013091863365843892,10.0,0.011775827035307884,0.11775827035307884,25.0,4.904438173980452e-05,0.001226109543495113,14.167083541770886,0.0010763963218778372,0.015249396616098225,0.0,0.2934989929199219,0.0,500.0,0.0005110630299896002,0.2555315149948001,200.0,0.0005376888439059258,0.10753776878118515,0.9444722361180591,0.06975886970758438,0.06588531566179055,0.0,0.0,0.0
1890,0.6002307534217834,0.0,0.00024724064860492945,0.0,20.0,0.0017355417367070913,0.03471083473414183,20.0,6.607246905332431e-05,0.0013214493810664862,10.0,0.011772981844842434,0.11772981844842434,25.0,4.83121802972164e-05,0.00120780450743041,14.174587293646823,0.001119506312534213,0.015868539952804867,0.0,0.2934684753417969,0.0,500.0,0.0005119287525303662,0.2559643762651831,200.0,0.0005375868640840054,0.10751737281680107,0.9449724862431216,0.0697486475110054,0.06591055285056989,0.0,0.0,0.0
1891,0.5987868309020996,0.0,0.0002478390815667808,0.0,20.0,0.0017332223942503333,0.034664447885006666,20.0,6.592784484382719e-05,0.0013185568968765438,10.0,0.011770403943955898,0.11770403943955898,25.0,4.981616802979261e-05,0.0012454042007448152,14.182091045522762,0.0010843488853424788,0.015378334617038157,0.0,0.2935115694999695,0.0,500.0,0.0005100371199660003,0.25501855998300016,200.0,0.0005375960608944297,0.10751921217888594,0.9454727363681841,0.06974100321531296,0.06593821714704426,0.0,0.0,0.0
1892,0.5988668203353882,0.0,0.00024794292403385043,0.0,20.0,0.0017324959626421332,0.034649919252842665,20.0,6.584246875718236e-05,0.0013168493751436472,10.0,0.011769939213991165,0.11769939213991165,25.0,4.986233761883341e-05,0.0012465584404708352,14.1895947973987,0.0010899570770561695,0.015466049269984116,0.0,0.29347464442253113,0.0,500.0,0.0005100179114378989,0.25500895571894944,200.0,0.0005376280169002712,0.10752560338005424,0.9459729864932466,0.06972024589776993,0.06595346923095693,0.0,0.0,0.0
1893,0.5998254418373108,0.0,0.00024759722873568535,0.0,20.0,0.001733066514134407,0.03466133028268814,20.0,6.584386574104428e-05,0.0013168773148208857,10.0,0.011771480552852154,0.11771480552852154,25.0,4.8694713768782094e-05,0.0012173678442195524,14.197098549274637,0.0011019628727808595,0.01564467550251165,0.0,0.29342108964920044,0.0,500.0,0.0005115302046760917,0.25576510233804584,200.0,0.0005376396584324539,0.10752793168649077,0.9464732366183092,0.06970863789319992,0.06597736012703065,0.0,0.0,0.0
1894,0.6002992391586304,0.0,0.000247730640694499,0.0,20.0,0.0017310625407844782,0.034621250815689564,20.0,6.54185059829615e-05,0.0013083701196592301,10.0,0.011773664504289627,0.11773664504289627,25.0,4.8273661377606913e-05,0.0012068415344401728,14.204602301150576,0.001128745498135686,0.016033380900231518,0.0,0.29337993264198303,0.0,500.0,0.0005116962711326778,0.2558481355663389,200.0,0.0005376936169341207,0.10753872338682413,0.9469734867433717,0.06970192492008209,0.06600587487429485,0.0,0.0,0.0
1895,0.5998286008834839,0.0,0.000248152733547613,0.0,20.0,0.0017309607937932014,0.03461921587586403,20.0,6.549564568558708e-05,0.0013099129137117416,10.0,0.01177815068513155,0.1177815068513155,25.0,4.813656414626166e-05,0.0012034141036565416,14.212106053026513,0.0010972988093271852,0.015594927050017674,0.0,0.2933637797832489,0.0,500.0,0.0005115164094604552,0.2557582047302276,200.0,0.0005376609624363482,0.10753219248726964,0.9474737368684342,0.06968975812196732,0.06602921554927768,0.0,0.0,0.0
1896,0.6033169031143188,0.0,0.0002484288706909865,0.0,20.0,0.0017346710665151477,0.034693421330302954,20.0,6.56003612675704e-05,0.0013120072253514081,10.0,0.011782976798713207,0.11782976798713207,25.0,4.670436101150699e-05,0.0011676090252876747,14.21960980490245,0.0013026099186390638,0.018522604771043217,0.0,0.2933073043823242,0.0,500.0,0.0005123506998643279,0.25617534993216395,200.0,0.0005376492626965046,0.10752985253930092,0.9479739869934968,0.06971320509910583,0.06608630498389473,0.0,0.0,0.0
1897,0.6009511351585388,0.0,0.00024864106671884656,0.0,20.0,0.0017327292589470744,0.03465458517894149,20.0,6.506702629849315e-05,0.001301340525969863,10.0,0.011778599582612514,0.11778599582612514,25.0,4.671639180742204e-05,0.001167909795185551,14.22711355677839,0.001153486082330346,0.01641077747947726,0.0,0.29325082898139954,0.0,500.0,0.0005118767148815095,0.25593835744075477,200.0,0.0005378138739615679,0.10756277479231358,0.9484742371185593,0.06972184777259827,0.06612937637661147,0.0,0.0,0.0
1898,0.5997299551963806,0.0,0.0002490022743586451,0.0,20.0,0.0017300741747021675,0.03460148349404335,20.0,6.470301013905555e-05,0.001294060202781111,10.0,0.011775891296565533,0.11775891296565533,25.0,4.742442615679465e-05,0.0011856106539198663,14.234617308654327,0.0010938512859866023,0.015570554448598683,0.0,0.29325658082962036,0.0,500.0,0.0005110601778142154,0.2555300889071077,200.0,0.0005379462381824851,0.10758924763649702,0.9489744872436218,0.06975951790809631,0.06620000273719795,0.0,0.0,0.0
1899,0.6044308543205261,0.0,0.00024865823797881603,0.0,20.0,0.0017352234572172165,0.03470446914434433,20.0,6.60218793200329e-05,0.001320437586400658,10.0,0.01177895162254572,0.11778951622545719,25.0,4.684304440161213e-05,0.0011710761100403033,14.242121060530264,0.0013574949698522687,0.019333607699696893,0.0,0.29323142766952515,0.0,500.0,0.0005126695614308119,0.25633478071540594,200.0,0.0005376912886276841,0.10753825772553682,0.9494747373686844,0.06976353377103806,0.0662387129051677,0.0,0.0,0.0
1900,0.6018989086151123,0.0,0.0002491667401045561,0.0,20.0,0.0017327284440398216,0.03465456888079643,20.0,6.675792974419892e-05,0.0013351585948839784,10.0,0.01178068295121193,0.1178068295121193,25.0,4.895576785202138e-05,0.0012238941963005345,14.249624812406203,0.0012205149978399277,0.017391880797133736,0.0,0.2932020127773285,0.0,500.0,0.0005113981897011399,0.25569909485056996,200.0,0.0005376320914365351,0.10752641828730702,0.9499749874937469,0.0697503387928009,0.06626107722237565,0.0,0.0,0.0
1901,0.600897490978241,0.0,0.0002495689841452986,0.0,20.0,0.001731483032926917,0.03462966065853834,20.0,6.71496381983161e-05,0.001342992763966322,10.0,0.011778781190514565,0.11778781190514565,25.0,5.066168523626402e-05,0.0012665421309066005,14.25712856428214,0.0011854813201352954,0.01690155959172382,0.0,0.2932204008102417,0.0,500.0,0.0005103045841678977,0.25515229208394885,200.0,0.0005376376211643219,0.10752752423286438,0.9504752376188094,0.06974314898252487,0.06628913610144935,0.0,0.0,0.0
1902,0.6012393236160278,0.0,0.00024936202680692077,0.0,20.0,0.001731972093693912,0.03463944187387824,20.0,6.758479139534757e-05,0.0013516958279069513,10.0,0.01177691575139761,0.1177691575139761,25.0,5.0944156100740656e-05,0.0012736039025185164,14.26463231615808,0.0011966685997322202,0.017070037579471866,0.0,0.29317429661750793,0.0,500.0,0.0005106313619762659,0.25531568098813295,200.0,0.0005376390181481838,0.10752780362963676,0.950975487743872,0.06970930099487305,0.06629183651388378,0.0,0.0,0.0
1903,0.6027396321296692,0.0,0.0002489891485311091,0.0,20.0,0.0017339771147817373,0.03467954229563475,20.0,6.761607073713094e-05,0.0013523214147426188,10.0,0.011776101775467396,0.11776101775467396,25.0,5.002307443646714e-05,0.0012505768609116785,14.272136068034017,0.0012521842727437615,0.017871344322851184,0.0,0.2930963635444641,0.0,500.0,0.0005119607667438686,0.2559803833719343,200.0,0.0005377341294661164,0.10754682589322329,0.9514757378689345,0.06967873871326447,0.06629762933097999,0.0,0.0,0.0
1904,0.6026477217674255,0.0,0.00024959477013908327,0.0,20.0,0.0017303507775068283,0.034607015550136566,20.0,6.684263644274324e-05,0.0013368527288548648,10.0,0.011776837520301342,0.11776837520301342,25.0,5.109365520183928e-05,0.001277341380045982,14.279639819909955,0.0013071857392787933,0.01866614153462389,0.0,0.2930663824081421,0.0,500.0,0.0005101948045194149,0.25509740225970745,200.0,0.0005378557252697647,0.10757114505395293,0.951975987993997,0.06966926157474518,0.06632346412043025,0.0,0.0,0.0
1905,0.6031686663627625,0.0,0.00025085301604121923,0.0,20.0,0.001722067012451589,0.03444134024903178,20.0,6.659490463789552e-05,0.0013318980927579105,10.0,0.011785433627665043,0.11785433627665043,25.0,5.393078026827425e-05,0.0013482695067068562,14.287143571785894,0.0013727147597819567,0.0196121728561144,0.0,0.29321691393852234,0.0,500.0,0.0005092241917736828,0.2546120958868414,200.0,0.0005380999646149576,0.10761999292299151,0.9524762381190596,0.06965898722410202,0.06634853010239633,0.0,0.0,0.0
1906,0.6052110195159912,0.0,0.00025074597215279937,0.0,20.0,0.0017169121420010924,0.03433824284002185,20.0,6.706936983391643e-05,0.0013413873966783285,10.0,0.011798781342804432,0.11798781342804432,25.0,5.429680095403455e-05,0.0013574200238508638,14.294647323661831,0.0014605979667976499,0.020878732817029937,0.0,0.2931348383426666,0.0,500.0,0.0005106768221594393,0.25533841107971966,200.0,0.0005379817448556423,0.10759634897112846,0.9529764882441221,0.06964775174856186,0.0663726698754429,0.0,0.0,0.0
1907,0.6043241024017334,0.0,0.00024960702285170555,0.0,20.0,0.001714609912596643,0.03429219825193286,20.0,6.71512825647369e-05,0.001343025651294738,10.0,0.011812725104391575,0.11812725104391575,25.0,5.1801100198645145e-05,0.0012950275049661286,14.302151075537768,0.0012843632139265537,0.018369156721440804,0.0,0.2929789125919342,0.0,500.0,0.000513852050062269,0.2569260250311345,200.0,0.000537945656105876,0.1075891312211752,0.9534767383691846,0.06962128728628159,0.06638227792278774,0.0,0.0,0.0
1908,0.6065285205841064,0.0,0.00024806373403407633,0.0,20.0,0.0017190193757414818,0.034380387514829636,20.0,6.587467214558274e-05,0.0013174934429116547,10.0,0.011815582402050495,0.11815582402050495,25.0,4.686931424657814e-05,0.0011717328561644536,14.309654827413707,0.0012083896435797215,0.01729163869664729,0.0,0.2928413152694702,0.0,500.0,0.0005200939485803246,0.2600469742901623,200.0,0.0005387564888224006,0.10775129776448011,0.9539769884942472,0.06961716711521149,0.06641317543207019,0.0,0.0,0.0
1909,0.6091123223304749,0.0,0.000247931107878685,0.0,20.0,0.0017220553709194064,0.03444110741838813,20.0,6.433296948671341e-05,0.0012866593897342682,10.0,0.01181375328451395,0.1181375328451395,25.0,4.468945917324163e-05,0.0011172364793310408,14.317158579289645,0.001295222551561892,0.018543906666183767,0.0,0.2928008735179901,0.0,500.0,0.0005226654466241598,0.2613327233120799,200.0,0.0005389984580688179,0.10779969161376357,0.9544772386193097,0.06962288171052933,0.06645345587978486,0.0,0.0,0.0
1910,0.6057122349739075,0.0,0.0002491265768185258,0.0,20.0,0.0017246212810277939,0.03449242562055588,20.0,6.306584691628814e-05,0.0012613169383257627,10.0,0.011808233335614204,0.11808233335614204,25.0,4.5133587263990194e-05,0.0011283396815997548,14.324662331165582,0.0011612665839493275,0.016634751691540266,0.0,0.2928755581378937,0.0,500.0,0.0005198694416321814,0.2599347208160907,200.0,0.0005384278483688831,0.10768556967377663,0.9549774887443722,0.06962760537862778,0.0664927957317661,0.0,0.0,0.0
1911,0.6083859205245972,0.0,0.00025108366389758885,0.0,20.0,0.0017312312265858054,0.03462462453171611,20.0,6.425809988286346e-05,0.0012851619976572692,10.0,0.011807512491941452,0.11807512491941452,25.0,4.8577214329270646e-05,0.0012144303582317661,14.332166083041521,0.0014949446776881814,0.021425795405585993,0.0,0.2930797040462494,0.0,500.0,0.0005153364036232233,0.25766820181161165,200.0,0.0005381152150221169,0.10762304300442338,0.9554777388694348,0.06956680864095688,0.06646953702062414,0.0,0.0,0.0
1912,0.6064963936805725,0.0,0.0002519362897146493,0.0,20.0,0.001735788770020008,0.03471577540040016,20.0,6.720879900967702e-05,0.0013441759801935405,10.0,0.011802087537944317,0.11802087537944317,25.0,5.436098581412807e-05,0.0013590246453532018,14.339669834917459,0.0014991419157013297,0.02149720010684273,0.0,0.2935703992843628,0.0,500.0,0.0005108731565997005,0.2554365782998502,200.0,0.0005383528769016266,0.10767057538032532,0.9559779889944973,0.06951229274272919,0.06645222182659104,0.0,0.0,0.0
1913,0.6070079803466797,0.0,0.0002516107924748212,0.0,20.0,0.0017430628649890423,0.034861257299780846,20.0,7.047274266369641e-05,0.0014094548532739282,10.0,0.01180185191333294,0.11801851913332939,25.0,5.748411058448255e-05,0.0014371027646120638,14.347173586793396,0.0015330638270825148,0.021995132846786655,0.0,0.2937495708465576,0.0,500.0,0.0005103357834741473,0.25516789173707366,200.0,0.0005382767994888127,0.10765535989776254,0.9564782391195598,0.06948742270469666,0.06646320770954477,0.0,0.0,0.0
1914,0.6073334813117981,0.0,0.00025016680592671037,0.0,20.0,0.001749686780385673,0.03499373560771346,20.0,7.301043660845608e-05,0.0014602087321691215,10.0,0.011797687038779259,0.11797687038779259,25.0,5.802579835290089e-05,0.0014506449588225223,14.354677338669335,0.0014434149488806725,0.020719755856993944,0.0,0.2937992811203003,0.0,500.0,0.0005133639788255095,0.2566819894127548,200.0,0.000537796295247972,0.1075592590495944,0.9569784892446224,0.06948017328977585,0.06649103126730425,0.0,0.0,0.0
1915,0.608133852481842,0.0,0.00024846341693773866,0.0,20.0,0.001742953434586525,0.0348590686917305,20.0,7.171135803218931e-05,0.0014342271606437862,10.0,0.011780868284404278,0.11780868284404278,25.0,5.837102798977867e-05,0.0014592756997444667,14.362181090545272,0.0014798229094594717,0.021253484607594512,0.0,0.29354745149612427,0.0,500.0,0.000514443963766098,0.257221981883049,200.0,0.0005377946072258055,0.1075589214451611,0.9574787393696849,0.06949315965175629,0.06653822289817986,0.0,0.0,0.0
1916,0.6053334474563599,0.0,0.00024771905736997724,0.0,20.0,0.0017317046876996756,0.03463409375399351,20.0,6.829906487837434e-05,0.0013659812975674868,10.0,0.011759405955672264,0.11759405955672264,25.0,5.934895307291299e-05,0.0014837238268228248,14.369684842421211,0.0014114147052168846,0.02028158449592547,0.0,0.2932981550693512,0.0,500.0,0.0005115668755024672,0.2557834377512336,200.0,0.0005379333742894232,0.10758667485788465,0.9579789894947474,0.06952544301748276,0.06660391364606277,0.0,0.0,0.0
1917,0.6000423431396484,0.0,0.00024825072614476085,0.0,20.0,0.001719578867778182,0.03439157735556364,20.0,6.526704237330705e-05,0.001305340847466141,10.0,0.011745810508728027,0.11745810508728027,25.0,6.158767064334825e-05,0.0015396917660837062,14.377188594297149,0.001159686828032136,0.016673036236940265,0.0,0.29328882694244385,0.0,500.0,0.0005086022429168224,0.2543011214584112,200.0,0.0005386112607084215,0.1077222521416843,0.9584792396198099,0.06953850388526917,0.06665121232825198,0.0,0.0,0.0
1918,0.5995943546295166,0.0,0.0002483131247572601,0.0,20.0,0.001716703176498413,0.03433406352996826,20.0,6.434095848817378e-05,0.0012868191697634757,10.0,0.011751660145819187,0.11751660145819187,25.0,6.013661914039403e-05,0.0015034154785098508,14.384692346173086,0.0011212097015231848,0.016128256611955567,0.0,0.2931692600250244,0.0,500.0,0.000508634839206934,0.254317419603467,200.0,0.0005391666782088578,0.10783333564177155,0.9589794897448725,0.06952638924121857,0.06667438127834717,0.0,0.0,0.0
1919,0.602442741394043,0.0,0.0002476206864230335,0.0,20.0,0.0017201234586536884,0.03440246917307377,20.0,6.507604120997712e-05,0.0013015208241995424,10.0,0.011772805824875832,0.11772805824875832,25.0,5.5881326261442155e-05,0.0013970331565360539,14.392196098049025,0.001230540918186307,0.01771018620121063,0.0,0.2931380271911621,0.0,500.0,0.0005109116318635643,0.2554558159317821,200.0,0.0005388024728745222,0.10776049457490444,0.959479739869935,0.06950345635414124,0.06668715822273281,0.0,0.0,0.0
1920,0.6080886125564575,0.0,0.0002469123573973775,0.0,20.0,0.0017290969844907522,0.034581939689815044,20.0,6.651670264545828e-05,0.0013303340529091656,10.0,0.011800684966146946,0.11800684966146946,25.0,5.0210892368340865e-05,0.0012552723092085216,14.399699849924962,0.0013550625881180167,0.019512494546761936,0.0,0.2932143211364746,0.0,500.0,0.0005181122105568647,0.25905610527843237,200.0,0.0005383621319197118,0.10767242638394237,0.9599799899949975,0.0694526806473732,0.06667318367299108,0.0,0.0,0.0
1921,0.6078650951385498,0.0,0.00024719233624637127,0.0,20.0,0.0017318185418844223,0.034636370837688446,20.0,6.661585939582437e-05,0.0013323171879164875,10.0,0.011821924708783627,0.11821924708783627,25.0,4.7233512304956093e-05,0.0011808378076239023,14.4072036018009,0.0012210537679493427,0.017591970243592332,0.0,0.2932312786579132,0.0,500.0,0.0005212054238654673,0.26060271193273365,200.0,0.0005382022936828434,0.10764045873656869,0.9604802401200601,0.0694039911031723,0.06666116204006545,0.0,0.0,0.0
1922,0.6064119935035706,0.0,0.000248325610300526,0.0,20.0,0.0017283335328102112,0.034566670656204224,20.0,6.549819954670966e-05,0.0013099639909341931,10.0,0.011836721561849117,0.11836721561849117,25.0,4.6573397412430495e-05,0.0011643349353107624,14.414707353676839,0.0011759870685636997,0.016951509445054032,0.0,0.29330548644065857,0.0,500.0,0.0005195321282371879,0.25976606411859393,200.0,0.0005382226081565022,0.10764452163130045,0.9609804902451226,0.06934761255979538,0.06664170271504098,0.0,0.0,0.0
1923,0.610709011554718,0.0,0.0002491342893335968,0.0,20.0,0.001727519789710641,0.03455039579421282,20.0,6.284753180807456e-05,0.0012569506361614913,10.0,0.011836445890367031,0.11836445890367031,25.0,4.498768612393178e-05,0.0011246921530982945,14.422211105552776,0.001528873573988676,0.022049737437765646,0.0,0.29326730966567993,0.0,500.0,0.0005179389845579863,0.25896949227899313,200.0,0.0005388116696849465,0.10776233393698931,0.961480740370185,0.06930037587881088,0.0666309767078912,0.0,0.0,0.0
1924,0.6088756322860718,0.0,0.00024893140653148293,0.0,20.0,0.00172955053858459,0.0345910107716918,20.0,6.158767064334825e-05,0.001231753412866965,10.0,0.011831063777208328,0.11831063777208328,25.0,4.3830295908264816e-05,0.0010957573977066204,14.429714857428714,0.0014268005033954978,0.02058832442243278,0.0,0.2932325601577759,0.0,500.0,0.0005173359531909227,0.25866797659546137,200.0,0.0005388267454691231,0.10776534909382463,0.9619809904952477,0.0692579373717308,0.06662481919251542,0.0,0.0,0.0
1925,0.6082103252410889,0.0,0.00024768966250121593,0.0,20.0,0.0017338504549115896,0.03467700909823179,20.0,6.190553540363908e-05,0.0012381107080727816,10.0,0.01182353775948286,0.1182353775948286,25.0,4.3346459278836846e-05,0.0010836614819709212,14.437218609304653,0.0013902379432693124,0.020071169105929144,0.0,0.29318755865097046,0.0,500.0,0.0005171273951418698,0.2585636975709349,200.0,0.0005386898992583156,0.10773797985166311,0.9624812406203102,0.06919964402914047,0.06660335923565096,0.0,0.0,0.0
1926,0.6065153479576111,0.0,0.0002470890467520803,0.0,20.0,0.0017329094698652625,0.03465818939730525,20.0,6.33451491012238e-05,0.001266902982024476,10.0,0.011812383309006691,0.11812383309006691,25.0,4.707167681772262e-05,0.0011767919204430655,14.44472236118059,0.0013775608967989683,0.019898484689880043,0.0,0.2933151125907898,0.0,500.0,0.0005141162546351552,0.2570581273175776,200.0,0.0005386524135246873,0.10773048270493746,0.9629814907453726,0.06916286051273346,0.06660255452076634,0.0,0.0,0.0
1927,0.6022772789001465,0.0,0.00024729734286665916,0.0,20.0,0.001724148984067142,0.03448297968134284,20.0,6.392379873432219e-05,0.0012784759746864438,10.0,0.011799152009189129,0.11799152009189129,25.0,5.31574223714415e-05,0.0013289355592860375,14.452226113056529,0.0012287739664316177,0.01775851920470707,0.0,0.29341793060302734,0.0,500.0,0.0005102145369164646,0.2551072684582323,200.0,0.0005385827971622348,0.10771655943244696,0.9634817408704353,0.06913784146308899,0.06661304785288114,0.0,0.0,0.0
1928,0.6010501980781555,0.0,0.0002470609615556896,0.0,20.0,0.0017116395756602287,0.034232791513204575,20.0,6.374623626470566e-05,0.0012749247252941132,10.0,0.01178730372339487,0.11787303723394871,25.0,5.843981489306316e-05,0.001460995372326579,14.459729864932466,0.0011972603388130665,0.017312061077234462,0.0,0.2934189736843109,0.0,500.0,0.0005089406622573733,0.25447033112868667,200.0,0.0005388820427469909,0.10777640854939818,0.9639819909954978,0.06913995742797852,0.06664967381876669,0.0,0.0,0.0
1929,0.6019952297210693,0.0,0.0002461409312672913,0.0,20.0,0.0017075289506465197,0.03415057901293039,20.0,6.444899918278679e-05,0.0012889799836557359,10.0,0.011783524416387081,0.11783524416387081,25.0,6.010841752868146e-05,0.0015027104382170364,14.467233616808404,0.001247122185304761,0.018042408003508596,0.0,0.29344773292541504,0.0,500.0,0.0005094342050142586,0.2547171025071293,200.0,0.0005389619618654251,0.10779239237308502,0.9644822411205602,0.0691208764910698,0.06666585786632444,0.0,0.0,0.0
1930,0.605991005897522,0.0,0.0002451295731589198,0.0,20.0,0.001708189956843853,0.03416379913687706,20.0,6.513721018563956e-05,0.0013027442037127912,10.0,0.011785398237407207,0.11785398237407207,25.0,5.8704346884042025e-05,0.0014676086721010506,14.474737368684343,0.001438214792869985,0.020817781406549784,0.0,0.2934234142303467,0.0,500.0,0.0005117597174830735,0.25587985874153674,200.0,0.0005390206933952868,0.10780413867905736,0.9649824912456229,0.0691215917468071,0.0667011258026968,0.0,0.0,0.0
1931,0.6030644178390503,0.0,0.000245388742769137,0.0,20.0,0.0017063379054889083,0.034126758109778166,20.0,6.5196945797652e-05,0.0013039389159530401,10.0,0.011788150295615196,0.11788150295615196,25.0,5.8966634242096916e-05,0.001474165856052423,14.48224112056028,0.0012502509634941816,0.01810643591453555,0.0,0.29340988397598267,0.0,500.0,0.0005113070365041494,0.2556535182520747,200.0,0.0005387644050642848,0.10775288101285696,0.9654827413706853,0.06915212422609329,0.06676518246941474,0.0,0.0,0.0
1932,0.6032905578613281,0.0,0.0002467507729306817,0.0,20.0,0.0017071627080440521,0.03414325416088104,20.0,6.460360600613058e-05,0.0012920721201226115,10.0,0.011792190372943878,0.11792190372943878,25.0,5.8827474276768044e-05,0.001470686856919201,14.489744872436217,0.0013301174622029066,0.01927306267769244,0.0,0.2935718595981598,0.0,500.0,0.0005093785584904253,0.2546892792452127,200.0,0.0005383759271353483,0.10767518542706966,0.9659829914957478,0.06917834281921387,0.0668251025432226,0.0,0.0,0.0
1933,0.6028870344161987,0.0,0.00024709419813007116,0.0,20.0,0.0017137210816144943,0.034274421632289886,20.0,6.477852002717555e-05,0.001295570400543511,10.0,0.011798982508480549,0.11798982508480549,25.0,5.5990039982134476e-05,0.001399750999553362,14.497248624312157,0.001274674548767507,0.018479273848565462,0.0,0.29355588555336,0.0,500.0,0.000509905512444675,0.2549527562223375,200.0,0.0005381384398788214,0.10762768797576427,0.9664832416208105,0.06918659061193466,0.06686768037131455,0.0,0.0,0.0
1934,0.6033457517623901,0.0,0.00024667245452292264,0.0,20.0,0.0017244033515453339,0.03448806703090668,20.0,6.605264934478328e-05,0.0013210529868956655,10.0,0.011810168623924255,0.11810168623924255,25.0,5.1688330131582916e-05,0.001292208253289573,14.504752376188094,0.0011482893023639917,0.016655651987015477,0.0,0.29353001713752747,0.0,500.0,0.0005140059511177242,0.2570029755588621,200.0,0.0005379686481319368,0.10759372962638736,0.966983491745873,0.06917422264814377,0.06689033135510851,0.0,0.0,0.0
1935,0.6079798340797424,0.0,0.0002471485349815339,0.0,20.0,0.0017311921110376716,0.03462384222075343,20.0,6.557386950589716e-05,0.0013114773901179433,10.0,0.01181462500244379,0.1181462500244379,25.0,4.8523688747081906e-05,0.0012130922186770476,14.512256128064031,0.001402848633006215,0.020358498671090693,0.0,0.29340845346450806,0.0,500.0,0.0005155552644282579,0.25777763221412897,200.0,0.0005381433293223381,0.10762866586446762,0.9674837418709354,0.0691695287823677,0.06692039452981448,0.0,0.0,0.0
1936,0.6068899035453796,0.0,0.00024834819487296045,0.0,20.0,0.001732393866404891,0.03464787732809782,20.0,6.469368963735178e-05,0.0012938737927470356,10.0,0.011814738623797894,0.11814738623797894,25.0,4.804222044185735e-05,0.0012010555110464338,14.51975987993997,0.0013922029174864292,0.020214452066054833,0.0,0.2933797538280487,0.0,500.0,0.0005133923841640353,0.25669619208201766,200.0,0.0005386357079260051,0.10772714158520103,0.967983991995998,0.06917668879032135,0.06696192736832007,0.0,0.0,0.0
1937,0.6090534925460815,0.0,0.00024866912281140685,0.0,20.0,0.001730212359689176,0.03460424719378352,20.0,6.454803224187344e-05,0.0012909606448374689,10.0,0.011813236400485039,0.11813236400485039,25.0,4.83734838780947e-05,0.0012093370969523676,14.527263631815908,0.0015583798522129655,0.022638994951608062,0.0,0.29334157705307007,0.0,500.0,0.0005129210185259581,0.25646050926297903,200.0,0.0005386283155530691,0.10772566311061382,0.9684842421210605,0.06917136907577515,0.06699138095582825,0.0,0.0,0.0
1938,0.6082454919815063,0.0,0.00024763611145317554,0.0,20.0,0.0017271157121285796,0.03454231424257159,20.0,6.54456380289048e-05,0.001308912760578096,10.0,0.01180912647396326,0.1180912647396326,25.0,4.865066148340702e-05,0.0012162665370851755,14.534767383691847,0.0014648290816694498,0.0212909499589324,0.0,0.29337286949157715,0.0,500.0,0.0005141946603544056,0.2570973301772028,200.0,0.0005383689422160387,0.10767378844320774,0.968984492246123,0.06916999816894531,0.06702465555440074,0.0,0.0,0.0
1939,0.6067951917648315,0.0,0.0002470511244609952,0.0,20.0,0.0017240451416000724,0.03448090283200145,20.0,6.610740092583e-05,0.0013221480185166001,10.0,0.01180140022188425,0.1180140022188425,25.0,4.963720130035654e-05,0.0012409300325089134,14.542271135567784,0.0013767867349088192,0.020021605994897135,0.0,0.29338958859443665,0.0,500.0,0.0005138948326930404,0.2569474163465202,200.0,0.0005384425749070942,0.10768851498141885,0.9694847423711856,0.06919101625680923,0.06707963457013322,0.0,0.0,0.0
1940,0.601987898349762,0.0,0.0002467599988449365,0.0,20.0,0.0017151841893792152,0.034303683787584305,20.0,6.555422442033887e-05,0.0013110844884067774,10.0,0.01179185975342989,0.1179185975342989,25.0,5.1471448387019336e-05,0.0012867862096754834,14.549774887443721,0.001116941450163722,0.016251246662337095,0.0,0.29334911704063416,0.0,500.0,0.0005121287540532649,0.25606437702663243,200.0,0.0005386379198171198,0.10772758396342397,0.9699849924962481,0.06920162588357925,0.0671245385634118,0.0,0.0,0.0
1941,0.6018961668014526,0.0,0.00024658330949023366,0.0,20.0,0.0017116767121478915,0.03423353424295783,20.0,6.560913607245311e-05,0.0013121827214490622,10.0,0.011789440177381039,0.11789440177381039,25.0,5.2178609621478245e-05,0.0013044652405369561,14.55727863931966,0.001126324525102973,0.01639621995022337,0.0,0.29331958293914795,0.0,500.0,0.0005116962129250169,0.25584810646250844,200.0,0.0005387357668951154,0.10774715337902308,0.9704852426213106,0.06920260936021805,0.067160111134979,0.0,0.0,0.0
1942,0.6031447052955627,0.0,0.00024643895449116826,0.0,20.0,0.001714673824608326,0.03429347649216652,20.0,6.567139644175768e-05,0.0013134279288351536,10.0,0.011791364289820194,0.11791364289820194,25.0,5.075490116723813e-05,0.0012688725291809533,14.564782391195598,0.00116602866910398,0.016982953827394887,0.0,0.29329484701156616,0.0,500.0,0.0005129458149895072,0.2564729074947536,200.0,0.0005386500852182508,0.10773001704365015,0.9709854927463731,0.06917651742696762,0.06716939486030223,0.0,0.0,0.0
1943,0.6030523180961609,0.0,0.00024727475829422474,0.0,20.0,0.001712300698272884,0.03424601396545768,20.0,6.534426211146638e-05,0.0013068852422293276,10.0,0.011795442551374435,0.11795442551374435,25.0,5.160452565178275e-05,0.0012901131412945688,14.572286143071535,0.0012132554547861218,0.017679905651785757,0.0,0.2933274209499359,0.0,500.0,0.0005113119841553271,0.25565599207766354,200.0,0.0005386789562180638,0.10773579124361277,0.9714857428714357,0.06915512681007385,0.06718321974245293,0.0,0.0,0.0
1944,0.602736234664917,0.0,0.00024759434745647013,0.0,20.0,0.001714305835776031,0.03428611671552062,20.0,6.597046740353107e-05,0.0013194093480706215,10.0,0.011802956461906433,0.11802956461906433,25.0,5.127460462972522e-05,0.0012818651157431304,14.579789894947474,0.0011598875280469656,0.016910916460694755,0.0,0.2933412194252014,0.0,500.0,0.0005120655405335128,0.2560327702667564,200.0,0.0005384309915825725,0.10768619831651449,0.9719859929964982,0.06912592053413391,0.06718942651216718,0.0,0.0,0.0
1945,0.6040469408035278,0.0,0.00024751131422817707,0.0,20.0,0.0017198915593326092,0.034397831186652184,20.0,6.639710045419633e-05,0.0013279420090839267,10.0,0.011810710653662682,0.11810710653662682,25.0,4.906268077320419e-05,0.0012265670193301048,14.587293646823412,0.001161264139227569,0.016939701000438175,0.0,0.29326558113098145,0.0,500.0,0.000514405604917556,0.257202802458778,200.0,0.0005383205134421587,0.10766410268843174,0.9724862431215607,0.06908155977725983,0.06718086653676493,0.0,0.0,0.0
1946,0.6030715703964233,0.0,0.00024824714637361467,0.0,20.0,0.0017189434729516506,0.03437886945903301,20.0,6.540989124914631e-05,0.0013081978249829262,10.0,0.011812932789325714,0.11812932789325714,25.0,4.8804002290125936e-05,0.0012201000572531484,14.594797398699349,0.0011460579698905349,0.016726483877717035,0.0,0.2932426631450653,0.0,500.0,0.0005129164201207459,0.25645821006037295,200.0,0.0005383579409681261,0.10767158819362521,0.9729864932466233,0.0690438449382782,0.06717872856675892,0.0,0.0,0.0
1947,0.6019350290298462,0.0,0.0002488602767698467,0.0,20.0,0.0017200298607349396,0.03440059721469879,20.0,6.466093327617273e-05,0.0012932186655234545,10.0,0.011812486685812473,0.11812486685812473,25.0,4.831376645597629e-05,0.0012078441613994073,14.602301150575288,0.0010945399990305305,0.015982802687194188,0.0,0.2931844890117645,0.0,500.0,0.0005121687427163124,0.2560843713581562,200.0,0.0005384155083447695,0.1076831016689539,0.9734867433716858,0.06898733228445053,0.06715825343949011,0.0,0.0,0.0
1948,0.6063997149467468,0.0,0.00024867092724889517,0.0,20.0,0.001725357724353671,0.03450715448707342,20.0,6.474155088653788e-05,0.0012948310177307576,10.0,0.011812521144747734,0.11812521144747734,25.0,4.63206488348078e-05,0.001158016220870195,14.609804902451225,0.001334749162197113,0.019500424853410046,0.0,0.29313573241233826,0.0,500.0,0.0005139068234711885,0.2569534117355943,200.0,0.0005384497344493866,0.10768994688987732,0.9739869934967483,0.0689646378159523,0.06717066024395153,0.0,0.0,0.0
1949,0.6024896502494812,0.0,0.000248745025601238,0.0,20.0,0.0017206144984811544,0.03441228996962309,20.0,6.578770990017802e-05,0.0013157541980035603,10.0,0.01181207038462162,0.1181207038462162,25.0,4.8727059038355947e-05,0.0012181764759588987,14.617308654327164,0.001106003299355507,0.01616679159938365,0.0,0.2932150363922119,0.0,500.0,0.0005128034390509129,0.25640171952545643,200.0,0.000538355263415724,0.10767105268314481,0.9744872436218109,0.06894207745790482,0.06718317503151505,0.0,0.0,0.0
1950,0.6032173037528992,0.0,0.000248716096393764,0.0,20.0,0.0017181535949930549,0.0343630718998611,20.0,6.672859308309853e-05,0.0013345718616619706,10.0,0.011810303665697575,0.11810303665697575,25.0,5.0758273573592305e-05,0.0012689568393398076,14.624812406203102,0.001173833617940545,0.017167096458475157,0.0,0.29328086972236633,0.0,500.0,0.0005122055299580097,0.25610276497900486,200.0,0.0005384282558225095,0.1076856511645019,0.9749874937468734,0.0689159408211708,0.06719218042044117,0.0,0.0,0.0
1951,0.6030694246292114,0.0,0.0002485406002961099,0.0,20.0,0.0017195719992741942,0.034391439985483885,20.0,6.733275222359225e-05,0.001346655044471845,10.0,0.011809708550572395,0.11809708550572395,25.0,5.0899023335659876e-05,0.001272475583391497,14.632316158079039,0.0011413252213969827,0.016700231478670207,0.0,0.2932880222797394,0.0,500.0,0.000512735394295305,0.2563676971476525,200.0,0.0005383699317462742,0.10767398634925485,0.9754877438719359,0.06890897452831268,0.06721986009515243,0.0,0.0,0.0
1952,0.6064875721931458,0.0,0.00024824743741191924,0.0,20.0,0.0017252065008506179,0.03450413001701236,20.0,6.754296191502362e-05,0.0013508592383004725,10.0,0.011806533671915531,0.11806533671915531,25.0,4.9591497372603044e-05,0.001239787434315076,14.639819909954978,0.0013228729367256165,0.01936662155741629,0.0,0.29323989152908325,0.0,500.0,0.0005141099100001156,0.2570549550000578,200.0,0.0005382841336540878,0.10765682673081756,0.9759879939969985,0.06890358775854111,0.06724907439565468,0.0,0.0,0.0
1953,0.6039408445358276,0.0,0.00024883897276595235,0.0,20.0,0.0017242045141756535,0.03448409028351307,20.0,6.678982026642188e-05,0.0013357964053284377,10.0,0.01180123072117567,0.1180123072117567,25.0,5.052894994150847e-05,0.0012632237485377118,14.647323661830915,0.0012236693874001503,0.017923481572324363,0.0,0.2932540476322174,0.0,500.0,0.0005118957487866282,0.2559478743933141,200.0,0.000538306194357574,0.1076612388715148,0.976488244122061,0.06893358379602432,0.06731283420202075,0.0,0.0,0.0
1954,0.6050993800163269,0.0,0.00024999206652864814,0.0,20.0,0.0017189979553222656,0.03437995910644531,20.0,6.644360109930858e-05,0.0013288720219861716,10.0,0.011801295913755894,0.11801295913755894,25.0,5.3479681810131297e-05,0.0013369920452532824,14.654827413706853,0.0013770959340035915,0.020181103244940077,0.0,0.29333704710006714,0.0,500.0,0.0005096424138173461,0.25482120690867305,200.0,0.0005384682444855571,0.10769364889711142,0.9769884942471235,0.06893080472946167,0.06734460311987926,0.0,0.0,0.0
1955,0.6049028635025024,0.0,0.0002496243396308273,0.0,20.0,0.0017139980336651206,0.03427996067330241,20.0,6.655579636571929e-05,0.0013311159273143858,10.0,0.011806256137788296,0.11806256137788296,25.0,5.399885412771255e-05,0.0013499713531928137,14.662331165582792,0.001345244119875133,0.019724414784162158,0.0,0.2932349145412445,0.0,500.0,0.0005102130817249417,0.25510654086247087,200.0,0.0005383890820667148,0.10767781641334295,0.9774887443721861,0.0689220279455185,0.06737050655604959,0.0,0.0,0.0
1956,0.603687047958374,0.0,0.000248092896072194,0.0,20.0,0.0017119431868195534,0.03423886373639107,20.0,6.726208084728569e-05,0.0013452416169457138,10.0,0.011815470643341541,0.11815470643341541,25.0,5.2136441809125245e-05,0.0013034110452281311,14.66983491745873,0.001141118467785418,0.01674001954367553,0.0,0.2930670976638794,0.0,500.0,0.0005135667743161321,0.25678338715806603,200.0,0.0005385912954807281,0.10771825909614563,0.9779889944972486,0.06892019510269165,0.0674031923090356,0.0,0.0,0.0
1957,0.6096025705337524,0.0,0.00024731550365686417,0.0,20.0,0.0017152283107861876,0.03430456621572375,20.0,6.729162123519927e-05,0.0013458324247039855,10.0,0.01181903574615717,0.1181903574615717,25.0,4.957019700668752e-05,0.001239254925167188,14.677338669334667,0.0014019764494150877,0.020577283154496584,0.0,0.2930205166339874,0.0,500.0,0.0005174236139282584,0.2587118069641292,200.0,0.0005389627767726779,0.10779255535453558,0.9784892446223111,0.06892350316047668,0.0674409065442183,0.0,0.0,0.0
1958,0.6077861189842224,0.0,0.00024757120991125703,0.0,20.0,0.0017133773071691394,0.03426754614338279,20.0,6.642400694545358e-05,0.0013284801389090717,10.0,0.011820288375020027,0.11820288375020027,25.0,4.932504816679284e-05,0.001233126204169821,14.684842421210606,0.0013039690675213933,0.019148580278684595,0.0,0.2929980456829071,0.0,500.0,0.0005166715127415955,0.25833575637079775,200.0,0.0005389346042647958,0.10778692085295916,0.9789894947473737,0.06893105804920197,0.06748278169199012,0.0,0.0,0.0
1959,0.6059677600860596,0.0,0.0002488706959411502,0.0,20.0,0.0017086215084418654,0.03417243016883731,20.0,6.4856416429393e-05,0.0012971283285878599,10.0,0.01181784737855196,0.1181784737855196,25.0,5.116802276461385e-05,0.0012792005691153463,14.692346173086543,0.001306680729612708,0.019198205617171202,0.0,0.2930735647678375,0.0,500.0,0.0005130794597789645,0.25653972988948226,200.0,0.0005388230783864856,0.10776461567729712,0.9794897448724362,0.06895221024751663,0.06753798282373065,0.0,0.0,0.0
1960,0.605614185333252,0.0,0.00024937771377153695,0.0,20.0,0.0017090775072574615,0.03418155014514923,20.0,6.478707655332983e-05,0.0012957415310665965,10.0,0.011818356812000275,0.11818356812000275,25.0,5.1964918384328485e-05,0.0012991229596082121,14.699849924962482,0.0013091634027659893,0.019244505547913255,0.0,0.2931603789329529,0.0,500.0,0.0005122345173731446,0.2561172586865723,200.0,0.0005387674900703132,0.10775349801406264,0.9799899949974987,0.06891798228025436,0.06753893311006418,0.0,0.0,0.0
1961,0.6065798401832581,0.0,0.00024898978881537914,0.0,20.0,0.001715528080239892,0.03431056160479784,20.0,6.541531183756888e-05,0.0013083062367513776,10.0,0.011823566630482674,0.11823566630482674,25.0,4.9962636694544926e-05,0.0012490659173636232,14.70735367683842,0.0013337976997718215,0.019616634503897726,0.0,0.2931751012802124,0.0,500.0,0.0005131646757945418,0.2565823378972709,200.0,0.0005385741824284196,0.10771483648568392,0.9804902451225613,0.068906769156456,0.06756241498081729,0.0,0.0,0.0
1962,0.6089338064193726,0.0,0.0002478188544046134,0.0,20.0,0.0017260599415749311,0.03452119883149862,20.0,6.73512986395508e-05,0.001347025972791016,10.0,0.011827528476715088,0.11827528476715088,25.0,4.732824527309276e-05,0.001183206131827319,14.714857428714357,0.0013200966641306877,0.01942503420480449,0.0,0.29318806529045105,0.0,500.0,0.0005178041756153107,0.25890208780765533,200.0,0.0005384479882195592,0.10768959764391184,0.9809904952476238,0.06890010088682175,0.06759034409157451,0.0,0.0,0.0
1963,0.6120098829269409,0.0,0.0002476476947776973,0.0,20.0,0.0017299604369327426,0.03459920873865485,20.0,6.779040995752439e-05,0.0013558081991504878,10.0,0.011828137561678886,0.11828137561678886,25.0,4.659651676774956e-05,0.001164912919193739,14.722361180590296,0.001470565446652472,0.021650195645313782,0.0,0.29332396388053894,0.0,500.0,0.0005192854441702366,0.2596427220851183,200.0,0.0005384552059695125,0.10769104119390249,0.9814907453726863,0.06889990717172623,0.06762462124608647,0.0,0.0,0.0
1964,0.6064876317977905,0.0,0.0002484302967786789,0.0,20.0,0.0017289032693952322,0.034578065387904644,20.0,6.655976176261902e-05,0.0013311952352523804,10.0,0.011823548935353756,0.11823548935353756,25.0,4.7303510655183345e-05,0.0011825877663795836,14.729864932466233,0.001237349584698677,0.0182259922568547,0.0,0.2933138608932495,0.0,500.0,0.0005151526420377195,0.25757632101885974,200.0,0.000538544962182641,0.1077089924365282,0.9819909954977488,0.06888961046934128,0.06764897716424058,0.0,0.0,0.0
1965,0.6073299646377563,0.0,0.00024984031915664673,0.0,20.0,0.001720263040624559,0.03440526081249118,20.0,6.44788597128354e-05,0.001289577194256708,10.0,0.011814490891993046,0.11814490891993046,25.0,5.0281603762414306e-05,0.0012570400940603577,14.73736868434217,0.0014568949118256569,0.021470797449916885,0.0,0.2932942509651184,0.0,500.0,0.0005104932934045792,0.2552466467022896,200.0,0.000539214292075485,0.107842858415097,0.9824912456228114,0.0688788965344429,0.06767291285324956,0.0,0.0,0.0
1966,0.6069810390472412,0.0,0.000250160985160619,0.0,20.0,0.0017154838424175978,0.034309676848351955,20.0,6.419538840418682e-05,0.0012839077680837363,10.0,0.011812069453299046,0.11812069453299046,25.0,5.235220305621624e-05,0.001308805076405406,14.74487243621811,0.0014473040355369449,0.021340313380415935,0.0,0.2933717370033264,0.0,500.0,0.00051014160271734,0.25507080135867,200.0,0.0005393086466938257,0.10786172933876514,0.9829914957478739,0.06885624676942825,0.06768510500346499,0.0,0.0,0.0
1967,0.6074650287628174,0.0,0.00024937716079875827,0.0,20.0,0.0017141355201601982,0.034282710403203964,20.0,6.492176908068359e-05,0.0012984353816136718,10.0,0.01181560568511486,0.1181560568511486,25.0,5.26070361956954e-05,0.001315175904892385,14.752376188094047,0.001473000505939126,0.021730257588866847,0.0,0.29327666759490967,0.0,500.0,0.0005104732699692249,0.25523663498461246,200.0,0.0005387442652136087,0.10774885304272175,0.9834917458729364,0.06883326172828674,0.0676969447512815,0.0,0.0,0.0
1968,0.6044569611549377,0.0,0.0002474935899954289,0.0,20.0,0.0017130350461229682,0.034260700922459364,20.0,6.605838279938325e-05,0.001321167655987665,10.0,0.011823391541838646,0.11823391541838646,25.0,5.101432907395065e-05,0.0012753582268487662,14.759879939969984,0.001120512606576085,0.016538631544285837,0.0,0.2931515574455261,0.0,500.0,0.0005147428018972278,0.2573714009486139,200.0,0.000538801949005574,0.1077603898011148,0.983991995997999,0.06879669427871704,0.0676953965213789,0.0,0.0,0.0
1969,0.6104070544242859,0.0,0.0002467111044097692,0.0,20.0,0.001712138531729579,0.03424277063459158,20.0,6.481078162323684e-05,0.0012962156324647367,10.0,0.0118215661495924,0.118215661495924,25.0,4.9342790589435026e-05,0.0012335697647358757,14.767383691845923,0.0014453355688601732,0.021343824908830574,0.0,0.2929760813713074,0.0,500.0,0.0005170220392756164,0.2585110196378082,200.0,0.0005392581806518137,0.10785163613036275,0.9844922461230615,0.06877896934747696,0.06771236201892679,0.0,0.0,0.0
1970,0.6065398454666138,0.0,0.0002470991457812488,0.0,20.0,0.001708253170363605,0.0341650634072721,20.0,6.327957817120478e-05,0.0012655915634240955,10.0,0.011817676946520805,0.11817676946520805,25.0,5.0148548325523734e-05,0.0012537137081380934,14.77488744372186,0.001259199227206409,0.01860452685119624,0.0,0.2929649353027344,0.0,500.0,0.0005149574717506766,0.2574787358753383,200.0,0.0005392326856963336,0.10784653713926673,0.984992496248124,0.06878115236759186,0.06774891896537687,0.0,0.0,0.0
1971,0.6062281131744385,0.0,0.0002486199082341045,0.0,20.0,0.0017032213509082794,0.03406442701816559,20.0,6.237930210772902e-05,0.0012475860421545804,10.0,0.011816902086138725,0.11816902086138725,25.0,5.3326373745221645e-05,0.0013331593436305411,14.782391195597798,0.0013604620471596718,0.020110882187878088,0.0,0.2930073142051697,0.0,500.0,0.0005115329986438155,0.25576649932190776,200.0,0.0005388201680034399,0.10776403360068798,0.9854927463731866,0.0687701478600502,0.067772481883091,0.0,0.0,0.0
1972,0.6077742576599121,0.0,0.00024918094277381897,0.0,20.0,0.0017053137999027967,0.034106275998055935,20.0,6.269979348871857e-05,0.0012539958697743714,10.0,0.011824146844446659,0.11824146844446659,25.0,5.366628465708345e-05,0.0013416571164270863,14.789894947473737,0.0014610053040087223,0.021608114963990933,0.0,0.29314786195755005,0.0,500.0,0.000511485617607832,0.255742808803916,200.0,0.0005385049153119326,0.10770098306238651,0.9859929964982491,0.06874183565378189,0.06777896852106259,0.0,0.0,0.0
1973,0.6063998937606812,0.0,0.0002488048339728266,0.0,20.0,0.0017130875494331121,0.03426175098866224,20.0,6.35956967016682e-05,0.001271913934033364,10.0,0.011833679862320423,0.11833679862320423,25.0,5.118628541822545e-05,0.0012796571354556363,14.797398699349674,0.0013013858115300536,0.019257124714886935,0.0,0.2931903600692749,0.0,500.0,0.0005131279467605054,0.2565639733802527,200.0,0.000538285297807306,0.10765705956146121,0.9864932466233116,0.06869955360889435,0.06777164568121043,0.0,0.0,0.0
1974,0.611622154712677,0.0,0.000247672141995281,0.0,20.0,0.0017252580728381872,0.034505161456763744,20.0,6.579207547474653e-05,0.0013158415094949305,10.0,0.011840907856822014,0.11840907856822014,25.0,4.788176011061296e-05,0.001197044002765324,14.804902451225614,0.0014309037942439318,0.021184391090870017,0.0,0.29328101873397827,0.0,500.0,0.0005190442316234112,0.2595221158117056,200.0,0.0005384157411754131,0.10768314823508263,0.9869934967483742,0.06869886815547943,0.06780533610343217,0.0,0.0,0.0
1975,0.6134295463562012,0.0,0.00024764571571722627,0.0,20.0,0.001731794560328126,0.03463589120656252,20.0,6.742582627339289e-05,0.0013485165254678577,10.0,0.011845998466014862,0.11845998466014862,25.0,4.717790216091089e-05,0.0011794475540227722,14.81240620310155,0.001440275227651,0.02133394171623117,0.0,0.2934078276157379,0.0,500.0,0.0005219035083428025,0.26095175417140126,200.0,0.0005383134121075273,0.10766268242150545,0.9874937468734367,0.06871670484542847,0.0678573163406082,0.0,0.0,0.0
1976,0.6092718839645386,0.0,0.0002486480225343257,0.0,20.0,0.0017342136707156897,0.03468427341431379,20.0,6.74734401400201e-05,0.001349468802800402,10.0,0.011845610104501247,0.11845610104501247,25.0,4.78757283417508e-05,0.00119689320854377,14.819909954977488,0.0012700502993538976,0.018822031074716965,0.0,0.2935536205768585,0.0,500.0,0.000518391898367554,0.259195949183777,200.0,0.0005383153911679983,0.10766307823359966,0.9879939969984992,0.0687292069196701,0.06790404385510178,0.0,0.0,0.0
1977,0.6084533929824829,0.0,0.00025028325035236776,0.0,20.0,0.0017295852303504944,0.03459170460700989,20.0,6.594494334422052e-05,0.0013188988668844104,10.0,0.011840920895338058,0.11840920895338058,25.0,4.9976824811892584e-05,0.0012494206202973146,14.827413706853427,0.0014015418710187078,0.020781241149071785,0.0,0.293569952249527,0.0,500.0,0.0005127093172632158,0.2563546586316079,200.0,0.0005390080623328686,0.10780161246657372,0.9884942471235618,0.06873754411935806,0.06794666692338747,0.0,0.0,0.0
1978,0.6057460308074951,0.0,0.00025032772100530565,0.0,20.0,0.0017234517727047205,0.03446903545409441,20.0,6.462276360252872e-05,0.0012924552720505744,10.0,0.01183241605758667,0.1183241605758667,25.0,5.0825670768972486e-05,0.0012706417692243122,14.834917458729365,0.0012596636079251766,0.018687005649335224,0.0,0.2933918833732605,0.0,500.0,0.0005117541295476258,0.2558770647738129,200.0,0.0005390990991145372,0.10781981982290745,0.9889944972486243,0.06876266002655029,0.06800589238243618,0.0,0.0,0.0
1979,0.6088195443153381,0.0,0.00024912835215218365,0.0,20.0,0.001718631712719798,0.03437263425439596,20.0,6.340382969938219e-05,0.0012680765939876437,10.0,0.01182716153562069,0.1182716153562069,25.0,4.899062332697213e-05,0.0012247655831743032,14.842421210605302,0.001418710919097066,0.021057105037323633,0.0,0.2932303249835968,0.0,500.0,0.0005135590909048915,0.25677954545244575,200.0,0.0005389608559198678,0.10779217118397355,0.9894947473736868,0.06877617537975311,0.06805366428271718,0.0,0.0,0.0
1980,0.6134428977966309,0.0,0.0002469457685947418,0.0,20.0,0.0017166197067126632,0.034332394134253263,20.0,6.253564788494259e-05,0.0012507129576988518,10.0,0.01182155404239893,0.1182155404239893,25.0,4.5495860831579193e-05,0.0011373965207894798,14.849924962481241,0.0015090586384758353,0.02240940754535026,0.0,0.2928617596626282,0.0,500.0,0.0005202942993491888,0.2601471496745944,200.0,0.0005393890896812081,0.10787781793624163,0.9899949974987494,0.06876037269830704,0.06807242499747355,0.0,0.0,0.0
1981,0.6143362522125244,0.0,0.0002460292889736593,0.0,20.0,0.0017121018609032035,0.03424203721806407,20.0,6.206827674759552e-05,0.0012413655349519104,10.0,0.01181738916784525,0.11817389167845249,25.0,4.510240978561342e-05,0.0011275602446403354,14.857428714357178,0.0014987674076110125,0.022267829917982526,0.0,0.2927992343902588,0.0,500.0,0.0005223168409429491,0.26115842047147453,200.0,0.0005401315866038203,0.10802631732076406,0.9904952476238119,0.06875229626893997,0.06809882271760938,0.0,0.0,0.0
1982,0.6126661896705627,0.0,0.000246255163801834,0.0,20.0,0.0017057990189641714,0.03411598037928343,20.0,6.211745494510978e-05,0.0012423490989021957,10.0,0.011814149096608162,0.11814149096608162,25.0,4.763442848343402e-05,0.0011908607120858505,14.864932466233116,0.001532974885776639,0.022787568149501163,0.0,0.2928744852542877,0.0,500.0,0.0005180590669624507,0.25902953348122537,200.0,0.0005400045192800462,0.10800090385600924,0.9909954977488744,0.06877677887678146,0.06815747821656032,0.0,0.0,0.0
1983,0.6041173338890076,0.0,0.0002478678652551025,0.0,20.0,0.0017016620840877295,0.03403324168175459,20.0,6.227727863006294e-05,0.0012455455726012588,10.0,0.011814848519861698,0.11814848519861698,25.0,5.143971065990627e-05,0.0012859927664976567,14.872436218109055,0.0011564601445570588,0.017199379738710035,0.0,0.2930351495742798,0.0,500.0,0.000512276659719646,0.256138329859823,200.0,0.0005393850151449442,0.10787700302898884,0.991495747873937,0.06877419352531433,0.0681893204438084,0.0,0.0,0.0
1984,0.6071389317512512,0.0,0.0002487264573574066,0.0,20.0,0.001705741509795189,0.03411483019590378,20.0,6.378973193932325e-05,0.001275794638786465,10.0,0.011823044158518314,0.11823044158518314,25.0,5.3388732339954004e-05,0.00133471830849885,14.879939969984992,0.0013714571250602603,0.020407199692304874,0.0,0.29329612851142883,0.0,500.0,0.0005116804386489093,0.25584021932445467,200.0,0.0005386565462686121,0.10773130925372243,0.9919959979989995,0.06875479966402054,0.06820448610993134,0.0,0.0,0.0
1985,0.6063789129257202,0.0,0.00024834441137500107,0.0,20.0,0.0017112295608967543,0.034224591217935085,20.0,6.547776138177142e-05,0.0013095552276354283,10.0,0.01183052733540535,0.1183052733540535,25.0,5.3248866606736556e-05,0.001331221665168414,14.887443721860931,0.0012461261358112097,0.018551632717229417,0.0,0.2934825122356415,0.0,500.0,0.0005135471001267433,0.25677355006337166,200.0,0.0005383755196817219,0.10767510393634439,0.992496248124062,0.06872368603944778,0.06820800055140791,0.0,0.0,0.0
1986,0.6103610396385193,0.0,0.00024783037952147424,0.0,20.0,0.001718343934044242,0.03436687868088484,20.0,6.525151547975838e-05,0.0013050303095951676,10.0,0.011829204857349396,0.11829204857349396,25.0,5.078872709418647e-05,0.0012697181773546617,14.894947473736869,0.0014592921361327171,0.021736079716534094,0.0,0.2934873402118683,0.0,500.0,0.000514912127982825,0.2574560639914125,200.0,0.0005385365802794695,0.1077073160558939,0.9929964982491246,0.06870909035205841,0.06822788611747671,0.0,0.0,0.0
1987,0.6070170998573303,0.0,0.0002483308198861778,0.0,20.0,0.0017209993675351143,0.034419987350702286,20.0,6.366746674757451e-05,0.0012733493349514902,10.0,0.011822651140391827,0.11822651140391827,25.0,4.985698251402937e-05,0.0012464245628507342,14.902451225612806,0.0012970773968845606,0.019329632642916986,0.0,0.29345181584358215,0.0,500.0,0.0005129937781020999,0.25649688905104995,200.0,0.0005386652774177492,0.10773305548354983,0.9934967483741871,0.06873826682567596,0.06829124458018633,0.0,0.0,0.0
1988,0.6068180203437805,0.0,0.0002496837987564504,0.0,20.0,0.0017182324081659317,0.034364648163318634,20.0,6.244235555641353e-05,0.0012488471111282706,10.0,0.011818982660770416,0.11818982660770416,25.0,5.1311082643223926e-05,0.0012827770660805982,14.909954977488745,0.0013531339354813099,0.02017516605653849,0.0,0.2934032082557678,0.0,500.0,0.00051094003720209,0.255470018601045,200.0,0.0005387193523347378,0.10774387046694756,0.9939969984992496,0.06875558942556381,0.06834284951905717,0.0,0.0,0.0
1989,0.6065115332603455,0.0,0.0002498924150131643,0.0,20.0,0.0017186393961310387,0.03437278792262077,20.0,6.278057117015123e-05,0.0012556114234030247,10.0,0.011820750311017036,0.11820750311017036,25.0,5.163940295460634e-05,0.0012909850738651585,14.917458729364682,0.0013172843027859926,0.019650534221649973,0.0,0.2933715283870697,0.0,500.0,0.0005112593062222004,0.2556296531111002,200.0,0.0005385627737268806,0.10771255474537611,0.9944972486243121,0.06877037137746811,0.06839194512176418,0.0,0.0,0.0
1990,0.60526442527771,0.0,0.0002489750040695071,0.0,20.0,0.0017208097269758582,0.034416194539517164,20.0,6.446857150876895e-05,0.001289371430175379,10.0,0.011826432310044765,0.11826432310044765,25.0,5.117999535286799e-05,0.0012794998838216998,14.92496248124062,0.0011651646345853806,0.017390038455655243,0.0,0.29337430000305176,0.0,500.0,0.0005130739882588387,0.2565369941294193,200.0,0.0005383780808188021,0.10767561616376042,0.9949974987493747,0.0687563493847847,0.06841239566099888,0.0,0.0,0.0
1991,0.6110017895698547,0.0,0.0002478316891938448,0.0,20.0,0.0017234068363904953,0.034468136727809906,20.0,6.686162669211626e-05,0.0013372325338423252,10.0,0.011833961121737957,0.11833961121737957,25.0,5.078034519101493e-05,0.0012695086297753733,14.932466233116559,0.0013870878610759974,0.020712642647883202,0.0,0.29326727986335754,0.0,500.0,0.0005175644182600081,0.25878220913000405,200.0,0.000538440712261945,0.107688142452389,0.9954977488744372,0.06871369481086731,0.06840432850106351,0.0,0.0,0.0
1992,0.6080985069274902,0.0,0.0002477204252500087,0.0,20.0,0.0017205688636749983,0.034411377273499966,20.0,6.830072379671037e-05,0.0013660144759342074,10.0,0.01183922030031681,0.1183922030031681,25.0,5.2656527259387076e-05,0.001316413181484677,14.939969984992496,0.0011593643575906754,0.017320868704074798,0.0,0.29326727986335754,0.0,500.0,0.0005183687317185104,0.2591843658592552,200.0,0.0005385283147916198,0.10770566295832396,0.9959979989994997,0.06867647916078568,0.06840163582247337,0.0,0.0,0.0
1993,0.6083856821060181,0.0,0.0002484847791492939,0.0,20.0,0.0017148188780993223,0.034296377561986446,20.0,6.735209899488837e-05,0.0013470419798977673,10.0,0.01183914951980114,0.1183914951980114,25.0,5.4718064347980544e-05,0.0013679516086995136,14.947473736868433,0.0012953743571415544,0.019362574182786214,0.0,0.2931946814060211,0.0,500.0,0.0005149821517989039,0.25749107589945197,200.0,0.0005384911200962961,0.10769822401925921,0.9964982491245623,0.06867140531539917,0.06843093516171843,0.0,0.0,0.0
1994,0.6066792607307434,0.0,0.00024961354210972786,0.0,20.0,0.0017126421444118023,0.034252842888236046,20.0,6.47315609967336e-05,0.0012946312199346721,10.0,0.01182932686060667,0.1182932686060667,25.0,5.5296968639595434e-05,0.0013824242159898859,14.954977488744372,0.0012889618519693613,0.019276395480052055,0.0,0.2931462824344635,0.0,500.0,0.0005119838751852512,0.2559919375926256,200.0,0.0005387077108025551,0.10774154216051102,0.9969984992496248,0.06865227222442627,0.06844621237782969,0.0,0.0,0.0
1995,0.6066559553146362,0.0,0.00024984043557196856,0.0,20.0,0.00171688012778759,0.0343376025557518,20.0,6.370362098095939e-05,0.0012740724196191877,10.0,0.011825944297015667,0.11825944297015667,25.0,5.3989588195690885e-05,0.0013497397048922721,14.96248124062031,0.0012877893168479204,0.019268523495208252,0.0,0.2931425869464874,0.0,500.0,0.000511769438162446,0.255884719081223,200.0,0.0005390348378568888,0.10780696757137775,0.9974987493746873,0.06864658743143082,0.06847488511169236,0.0,0.0,0.0
1996,0.6062601804733276,0.0,0.0002491949126124382,0.0,20.0,0.0017251240788027644,0.03450248157605529,20.0,6.400368874892592e-05,0.0012800737749785185,10.0,0.011829808354377747,0.11829808354377747,25.0,5.131770740263164e-05,0.001282942685065791,14.969984992496249,0.001199247781187296,0.017952721286658244,0.0,0.29306337237358093,0.0,500.0,0.0005133561789989471,0.25667808949947357,200.0,0.0005388791905716062,0.10777583811432123,0.9979989994997499,0.0686272382736206,0.06848991513550431,0.0,0.0,0.0
1997,0.6147137880325317,0.0,0.00024876464158296585,0.0,20.0,0.0017347749089822173,0.034695498179644346,20.0,6.5128508140333e-05,0.00130257016280666,10.0,0.011839427053928375,0.11839427053928375,25.0,4.868282121606171e-05,0.0012170705304015428,14.977488744372186,0.0016311348881572485,0.024430304427927974,0.0,0.29305747151374817,0.0,500.0,0.0005169843789190054,0.2584921894595027,200.0,0.0005385802360251546,0.10771604720503092,0.9984992496248124,0.06856873631477356,0.06846583175802302,0.0,0.0,0.0
1998,0.6129266023635864,0.0,0.0002492904895916581,0.0,20.0,0.001738307997584343,0.03476615995168686,20.0,6.576516170753166e-05,0.0013153032341506332,10.0,0.01184435747563839,0.1184435747563839,25.0,4.878722393186763e-05,0.0012196805982966907,14.984992496248124,0.0015401165001094341,0.023078634197487794,0.0,0.29318946599960327,0.0,500.0,0.0005158649291843176,0.2579324645921588,200.0,0.0005384332616813481,0.10768665233626962,0.9989994997498749,0.06855274736881256,0.0684841603279233,0.0,0.0,0.0
1999,0.6060065031051636,0.0,0.00025053301942534745,0.0,20.0,0.0017342844512313604,0.03468568902462721,20.0,6.542386836372316e-05,0.0013084773672744632,10.0,0.011847233399748802,0.11847233399748802,25.0,5.081588824396022e-05,0.0012703972060990054,14.992496248124063,0.0012150837574154139,0.01821713867420708,0.0,0.2932111918926239,0.0,500.0,0.0005117447581142187,0.25587237905710936,200.0,0.0005383077077567577,0.10766154155135155,0.9994997498749375,0.06855280697345734,0.06851851342319548,0.0,0.0,0.0
2000,0.607475221157074,0.0,0.00025122505030594766,0.0,20.0,0.0017282087355852127,0.034564174711704254,20.0,6.446173938456923e-05,0.0012892347876913846,10.0,0.011845830827951431,0.11845830827951431,25.0,5.195323683437891e-05,0.0012988309208594728,15.0,0.0013602068647742271,0.020403102971613407,0.0,0.29325515031814575,0.0,500.0,0.000510369602125138,0.255184801062569,200.0,0.0005385574768297374,0.10771149536594748,1.0,0.06856531649827957,0.06856531649827957,0.0,0.0,0.0
